Model,Horizon,Evaluation_Step,Origin_Date,Target_Date,Current_Price,Actual_Return,Predicted_Return,Actual_Price,Predicted_Price,Persistence_Return,Persistence_Price,Absolute_Price_Error,Squared_Price_Error,Actual_Direction,Predicted_Direction,Eligible_Training_Rows
KNN,H1,1,2023-08-11,2023-08-14,58629.0,0.0005799177881253,0.0005813865511660141,58663.0,58663.08611210831,0.0,58629.0,0.0861121083071339,0.007415295197099559,1,1,2458
KNN,H2,1,2023-08-11,2023-08-16,58629.0,-0.0036841835951491,0.0007692227839460698,58413.0,58674.09876259997,0.0,58629.0,261.09876259996963,68172.5638312353,-1,1,2457
KNN,H3,1,2023-08-11,2023-08-17,58629.0,-0.010267956130925,0.001439452849330241,58027.0,58713.39368110338,0.0,58629.0,686.3936811033782,471136.285458646,-1,1,2456
KNN,H4,1,2023-08-11,2023-08-18,58629.0,-0.009056951338075,0.0026946373621079783,58098.0,58786.98389390303,0.0,58629.0,688.9838939030305,474698.80605778244,-1,1,2455
KNN,H5,1,2023-08-11,2023-08-21,58629.0,-0.0079312285728905,0.0012495109525188174,58164.0,58702.257577635224,0.0,58629.0,538.2575776352242,289721.21988173935,-1,1,2454
KNN,H6,1,2023-08-11,2023-08-22,58629.0,-0.0069590134575039,0.002711824604279585,58221.0,58787.99156472431,0.0,58629.0,566.9915647243106,321479.4344685221,-1,1,2453
KNN,H7,1,2023-08-11,2023-08-23,58629.0,-0.0033942247010865,0.003577738092034401,58430.0,58838.75920659788,0.0,58629.0,408.75920659788244,167084.08897853034,-1,1,2452
KNN,H1,2,2023-08-14,2023-08-16,58663.0,-0.0042616299882378,0.00044149802574764297,58413.0,58688.89959868444,0.0,58663.0,275.8995986844384,76120.58855423416,-1,1,2459
KNN,H2,2,2023-08-14,2023-08-17,58663.0,-0.0108415866900771,0.0008340334354936435,58027.0,58711.92690342637,0.0,58663.0,684.9269034263707,469124.8630372369,-1,1,2458
KNN,H3,2,2023-08-14,2023-08-18,58663.0,-0.0096312837734177,0.0009062791070214191,58098.0,58716.16505125519,0.0,58663.0,618.1650512551932,382128.0305933357,-1,1,2457
KNN,H4,2,2023-08-14,2023-08-21,58663.0,-0.0085062134565228,0.0016401051649225517,58164.0,58759.213489289854,0.0,58663.0,595.2134892898539,354279.09783260303,-1,1,2456
KNN,H5,2,2023-08-14,2023-08-22,58663.0,-0.0075345618192046,0.002386368967482611,58221.0,58802.99156273943,0.0,58663.0,581.9915627394294,338714.1790998831,-1,1,2455
KNN,H6,2,2023-08-14,2023-08-23,58663.0,-0.0039718391490377,0.0022077845697355235,58430.0,58792.515266214396,0.0,58663.0,362.5152662143955,131417.31823849404,-1,1,2454
KNN,H7,2,2023-08-14,2023-08-24,58663.0,-0.00386956002932,0.002656390309993683,58436.0,58818.83182475516,0.0,58663.0,382.83182475515787,146560.2060453639,-1,1,2453
KNN,H1,3,2023-08-16,2023-08-17,58413.0,-0.0066081180559122,0.000767214004052066,58027.0,58457.81527161869,0.0,58413.0,430.8152716186887,185601.79825988453,-1,1,2460
KNN,H2,3,2023-08-16,2023-08-18,58413.0,-0.0053926352010682,0.001609346748968522,58098.0,58507.0067716475,0.0,58413.0,409.0067716475023,167286.5392535121,-1,1,2459
KNN,H3,3,2023-08-16,2023-08-21,58413.0,-0.0042627497303682,0.0014210042269156042,58164.0,58496.00511990682,0.0,58413.0,332.00511990681844,110227.39964434088,-1,1,2458
KNN,H4,3,2023-08-16,2023-08-22,58413.0,-0.0032869395511273,0.0018482635584192294,58221.0,58520.96261923794,0.0,58413.0,299.96261923793645,89977.57294008325,-1,1,2457
KNN,H5,3,2023-08-16,2023-08-23,58413.0,0.0002910311060893,0.002255800962413015,58430.0,58544.768101617425,0.0,58413.0,114.76810161742469,13171.71714886752,1,1,2456
KNN,H6,3,2023-08-16,2023-08-24,58413.0,0.0003937479670621,0.0025959983612526046,58436.0,58564.640052275856,0.0,58413.0,128.64005227585585,16548.263049534926,1,1,2455
KNN,H7,3,2023-08-16,2023-08-25,58413.0,-0.0023967267560303,0.0028619808861848495,58273.0,58580.17688950472,0.0,58413.0,307.17688950472075,94357.64144579542,-1,1,2454
KNN,H1,4,2023-08-17,2023-08-18,58027.0,0.0012235683388768,0.0007252364952542122,58098.0,58069.08329811011,0.0,58027.0,28.916701889887918,836.1756481886475,1,1,2461
KNN,H2,4,2023-08-17,2023-08-21,58027.0,0.0023609698933255,0.001357183848299369,58164.0,58105.753307165265,0.0,58027.0,58.24669283473486,3392.6772261839533,1,1,2460
KNN,H3,4,2023-08-17,2023-08-22,58027.0,0.0033432712358039,0.0011355975719691228,58221.0,58092.89532030865,0.0,58027.0,128.1046796913506,16410.808958823538,1,1,2459
KNN,H4,4,2023-08-17,2023-08-23,58027.0,0.0069450428248918,0.0016754029902941213,58430.0,58124.218609317795,0.0,58027.0,305.7813906822048,93502.25888754317,1,1,2458
KNN,H5,4,2023-08-17,2023-08-24,58027.0,0.0070484429662054,0.0020276494967472448,58436.0,58144.65841734775,0.0,58027.0,291.34158265224687,84879.917782316,1,1,2457
KNN,H6,4,2023-08-17,2023-08-25,58027.0,0.0042394057938546,0.002337461606156992,58273.0,58162.63588462047,0.0,58027.0,110.36411537953245,12180.237963506752,1,1,2456
KNN,H7,4,2023-08-17,2023-08-28,58027.0,0.0080996777362263,0.002272645209525691,58497.0,58158.87478357314,0.0,58027.0,338.12521642685897,114328.66198371022,1,1,2455
KNN,H1,5,2023-08-18,2023-08-21,58098.0,0.0011360115666632,0.0005027587586236788,58164.0,58127.20927835852,0.0,58098.0,36.79072164148238,1353.5571989010398,1,1,2462
KNN,H2,5,2023-08-18,2023-08-22,58098.0,0.0021171124651451,0.0009813131438131774,58221.0,58155.01233102926,0.0,58098.0,65.98766897073801,4354.372456191701,1,1,2461
KNN,H3,5,2023-08-18,2023-08-23,58098.0,0.0057144824262453,0.0006500495041657464,58430.0,58135.76657609302,0.0,58098.0,294.23342390698235,86573.30774402598,1,1,2460
KNN,H4,5,2023-08-18,2023-08-24,58098.0,0.0058177562050327,0.0011615257884065912,58436.0,58165.482325254845,0.0,58098.0,270.5176747451551,73179.81234952553,1,1,2459
KNN,H5,5,2023-08-18,2023-08-25,58098.0,0.0030121518813039,0.0006949068021798223,58273.0,58138.37269539304,0.0,58098.0,134.62730460696184,18124.51114573569,1,1,2458
KNN,H6,5,2023-08-18,2023-08-28,58098.0,0.0068677062893731,0.0023117707487732165,58497.0,58232.309256962224,0.0,58098.0,264.690743037776,70061.18944988995,1,1,2457
KNN,H7,5,2023-08-18,2023-08-29,58098.0,0.0128231608661226,0.002229179098852456,58843.0,58227.51084728513,0.0,58098.0,615.489152714872,378826.8971096711,1,1,2456
KNN,H1,6,2023-08-21,2023-08-22,58164.0,0.000979987621209,0.0004249894701004498,58221.0,58188.71908753893,0.0,58164.0,32.28091246107215,1042.0573093194032,1,1,2463
KNN,H2,6,2023-08-21,2023-08-23,58164.0,0.004573275565642,0.0006125782734108786,58430.0,58199.63000269466,0.0,58164.0,230.36999730533717,53070.33565846105,1,1,2462
KNN,H3,6,2023-08-21,2023-08-24,58164.0,0.0046764321573482,0.0006221613715654389,58436.0,58200.187394015724,0.0,58164.0,235.81260598427616,55607.58514109548,1,1,2461
KNN,H4,6,2023-08-21,2023-08-25,58164.0,0.001874011415996,0.0007005629220353323,58273.0,58204.74754179727,0.0,58164.0,68.25245820273267,4658.39805071577,1,1,2460
KNN,H5,6,2023-08-21,2023-08-28,58164.0,0.0057251908396946,0.0014664897048488707,58497.0,58249.29690719283,0.0,58164.0,247.703092807169,61356.82218623698,1,1,2459
KNN,H6,6,2023-08-21,2023-08-29,58164.0,0.0116738876280861,0.0017300067610068457,58843.0,58264.624113247206,0.0,58164.0,578.375886752794,334518.66637708084,1,1,2458
KNN,H7,6,2023-08-21,2023-08-30,58164.0,0.0163847053160031,0.0017654382865952948,59117.0,58266.68495250153,0.0,58164.0,850.3150474984723,723035.6800023292,1,1,2457
KNN,H1,7,2023-08-22,2023-08-23,58221.0,0.0035897700142559,0.0006758207511286313,58430.0,58260.34695995146,0.0,58221.0,169.6530400485426,28782.1539977124,1,1,2464
KNN,H2,7,2023-08-22,2023-08-24,58221.0,0.0036928256127513,0.0015583066413151266,58436.0,58311.72617096401,0.0,58221.0,124.2738290359921,15443.98458326699,1,1,2463
KNN,H3,7,2023-08-22,2023-08-25,58221.0,0.0008931485202934,0.001549374710613545,58273.0,58311.20614502663,0.0,58221.0,38.20614502662647,1459.7095177956148,1,1,2462
KNN,H4,7,2023-08-22,2023-08-28,58221.0,0.0047405575307879,0.0021129066159029136,58497.0,58344.01553608448,0.0,58221.0,152.98446391551988,23404.246199519006,1,1,2461
KNN,H5,7,2023-08-22,2023-08-29,58221.0,0.0106834303773553,0.002301617796833735,58843.0,58355.00248974946,0.0,58221.0,487.9975102505414,238141.57001072724,1,1,2460
KNN,H6,7,2023-08-22,2023-08-30,58221.0,0.015389636041978,0.002859028691055691,59117.0,58387.455509421954,0.0,58221.0,729.544490578046,532235.1637327806,1,1,2459
KNN,H7,7,2023-08-22,2023-08-31,58221.0,0.0153209323096477,0.003405715023868446,59113.0,58419.28413440465,0.0,58221.0,693.7158655953535,481241.7021787106,1,1,2458
KNN,H1,8,2023-08-23,2023-08-24,58430.0,0.0001026869758684,0.00044199409855866597,58436.0,58455.825715178784,0.0,58430.0,19.825715178783867,393.058982350261,1,1,2465
KNN,H2,8,2023-08-23,2023-08-25,58430.0,-0.0026869758685607,0.0014919504662882135,58273.0,58517.174665745224,0.0,58430.0,244.17466574522405,59621.26739179189,-1,1,2464
KNN,H3,8,2023-08-23,2023-08-28,58430.0,0.0011466712305323,0.0012733225224120029,58497.0,58504.40023498453,0.0,58430.0,7.40023498453229,54.76347782629562,1,1,2463
KNN,H4,8,2023-08-23,2023-08-29,58430.0,0.0070682868389526,0.0009278354157575801,58843.0,58484.21342334271,0.0,58430.0,358.7865766572868,128727.80758945513,1,1,2462
KNN,H5,8,2023-08-23,2023-08-30,58430.0,0.0117576587369501,0.0018590754358723254,59117.0,58538.625777718014,0.0,58430.0,578.3742222819856,334516.74100029166,1,1,2461
KNN,H6,8,2023-08-23,2023-08-31,58430.0,0.0116892007530378,0.0014890430469092632,59113.0,58517.00478523091,0.0,58430.0,595.9952147690929,355210.2960276571,1,1,2460
KNN,H7,8,2023-08-23,2023-09-01,58430.0,0.0115693992811911,0.0012822692851048375,59106.0,58504.92299432868,0.0,58430.0,601.0770056713227,361293.5667468033,1,1,2459
KNN,H1,9,2023-08-24,2023-08-25,58436.0,-0.0027893764118009,0.00028192295806318064,58273.0,58452.47444997739,0.0,58436.0,179.47444997738785,32211.07819468589,-1,1,2466
KNN,H2,9,2023-08-24,2023-08-28,58436.0,0.001043877062085,0.0009960142213728048,58497.0,58494.203087040136,0.0,58436.0,2.7969129598641302,7.82272210505593,1,1,2465
KNN,H3,9,2023-08-24,2023-08-29,58436.0,0.0069648846601411,0.0012468255626207159,58843.0,58508.85949857731,0.0,58436.0,334.14050142269116,111649.87469100747,1,1,2464
KNN,H4,9,2023-08-24,2023-08-30,58436.0,0.0116537750701621,0.001555692303319411,59117.0,58526.908435436766,0.0,58436.0,590.091564563234,348208.05456868536,1,1,2463
KNN,H5,9,2023-08-24,2023-08-31,58436.0,0.0115853241152714,0.0007780654246450423,59113.0,58481.467031154556,0.0,58436.0,631.532968845444,398833.8907387405,1,1,2462
KNN,H6,9,2023-08-24,2023-09-01,58436.0,0.0114655349442125,0.0025531725054252327,59106.0,58585.19718852703,0.0,58436.0,520.8028114729677,271235.56843814754,1,1,2461
KNN,H7,9,2023-08-24,2023-09-04,58436.0,0.0162399890478472,0.002132821724435918,59385.0,58560.63357028913,0.0,58436.0,824.3664297108699,679580.0104342465,1,1,2460
KNN,H1,10,2023-08-25,2023-08-28,58273.0,0.0038439757692241,0.0008101582839382641,58497.0,58320.210353679926,0.0,58273.0,176.7896463200741,31254.57904597689,1,1,2467
KNN,H2,10,2023-08-25,2023-08-29,58273.0,0.0097815454841865,0.0012892487465078013,58843.0,58348.128392205246,0.0,58273.0,494.8716077947538,244897.90820136463,1,1,2466
KNN,H3,10,2023-08-25,2023-08-30,58273.0,0.0144835515590411,0.0012659857207036782,59117.0,58346.77278590256,0.0,58273.0,770.2272140974383,593249.961336301,1,1,2465
KNN,H4,10,2023-08-25,2023-08-31,58273.0,0.0144149091345906,0.002007260442135154,59113.0,58389.96908774454,0.0,58273.0,723.0309122554609,522773.7000769639,1,1,2464
KNN,H5,10,2023-08-25,2023-09-01,58273.0,0.0142947848918024,0.0024764187318135887,59106.0,58417.308348758976,0.0,58273.0,688.6916512410244,474296.19048908877,1,1,2463
KNN,H6,10,2023-08-25,2023-09-04,58273.0,0.0190825939972199,0.0021848030314410914,59385.0,58400.31502705117,0.0,58273.0,984.6849729488313,969604.4959512405,1,1,2462
KNN,H7,10,2023-08-25,2023-09-05,58273.0,0.0176411030837608,0.0025513115513064156,59301.0,58421.67257802928,0.0,58273.0,879.3274219707164,773216.7150296663,1,1,2461
KNN,H1,11,2023-08-28,2023-08-29,58497.0,0.0059148332393115,0.000619908666305387,58843.0,58533.26279725287,0.0,58497.0,309.7372027471283,95937.13476561567,1,1,2468
KNN,H2,11,2023-08-28,2023-08-30,58497.0,0.0105988341282459,0.001132423770608217,59117.0,58563.243393309276,0.0,58497.0,553.7566066907239,306646.379453625,1,1,2467
KNN,H3,11,2023-08-28,2023-08-31,58497.0,0.0105304545532249,0.0010747329126465095,59113.0,58559.868651191086,0.0,58497.0,553.1313488089145,305954.289035169,1,1,2466
KNN,H4,11,2023-08-28,2023-09-01,58497.0,0.0104107902969383,0.0014122680175692045,59106.0,58579.613442223745,0.0,58497.0,526.3865577762554,277082.808207535,1,1,2465
KNN,H5,11,2023-08-28,2023-09-04,58497.0,0.0151802656546489,0.0008767283516295095,59385.0,58548.28597838528,0.0,58497.0,836.7140216147236,700090.3539666842,1,1,2464
KNN,H6,11,2023-08-28,2023-09-05,58497.0,0.0137442945792092,0.0016687964395382155,59301.0,58594.61958532367,0.0,58497.0,706.3804146763287,498973.290238302,1,1,2463
KNN,H7,11,2023-08-28,2023-09-06,58497.0,0.0104962647657145,0.0017231009464542752,59111.0,58597.796236064736,0.0,58497.0,513.2037639352639,263378.10331732203,1,1,2462
KNN,H1,12,2023-08-29,2023-08-30,58843.0,0.0046564587121662,0.00010783660583975231,59117.0,58849.34542939743,0.0,58843.0,267.65457060257177,71638.96916444707,1,1,2469
KNN,H2,12,2023-08-29,2023-08-31,58843.0,0.0045884812127185,0.00021538014043322038,59113.0,58855.67361360351,0.0,58843.0,257.3263863964894,66216.86913587536,1,1,2468
KNN,H3,12,2023-08-29,2023-09-01,58843.0,0.0044695205886851,0.00035276181617726173,59106.0,58863.75756354931,0.0,58843.0,242.24243645068782,58681.39801756552,1,1,2467
KNN,H4,12,2023-08-29,2023-09-04,58843.0,0.009210951175161,0.0010042830015818895,59385.0,58902.095024662085,0.0,58843.0,482.90497533791495,233197.21520611225,1,1,2466
KNN,H5,12,2023-08-29,2023-09-05,58843.0,0.0077834236867597,0.0017814220554164446,59301.0,58947.82421800687,0.0,58843.0,353.17578199312993,124733.13298645883,1,1,2465
KNN,H6,12,2023-08-29,2023-09-06,58843.0,0.0045544924629947,0.0015288768042958374,59111.0,58932.96369779518,0.0,58843.0,178.03630220481864,31696.92490276551,1,1,2464
KNN,H7,12,2023-08-29,2023-09-07,58843.0,0.0029400268511123,0.0013411358486324467,59016.0,58921.91645674108,0.0,58843.0,94.08354325892287,8851.713112153611,1,1,2463
KNN,H1,13,2023-08-30,2023-08-31,59117.0,-6.766243212608103e-05,0.00021873239755794774,59113.0,59129.93080314644,0.0,59117.0,16.930803146438848,286.6520951834636,-1,1,2470
KNN,H2,13,2023-08-30,2023-09-01,59117.0,-0.0001860716883468,0.0008150222321846247,59106.0,59165.18166930005,0.0,59117.0,59.181669300051,3502.469981140599,-1,1,2469
KNN,H3,13,2023-08-30,2023-09-04,59117.0,0.0045333829524503,0.0013317309794042532,59385.0,59195.72794030944,0.0,59117.0,189.2720596905565,35823.91257950558,1,1,2468
KNN,H4,13,2023-08-30,2023-09-05,59117.0,0.0031124718778017,0.0006864337832294394,59301.0,59157.57990596318,0.0,59117.0,143.42009403681732,20569.32337352952,1,1,2467
KNN,H5,13,2023-08-30,2023-09-06,59117.0,-0.0001014936481892,0.0017169975438883953,59111.0,59218.50374380205,0.0,59117.0,107.50374380205176,11557.054931457182,-1,1,2466
KNN,H6,13,2023-08-30,2023-09-07,59117.0,-0.0017084764111845,0.0015451428291127982,59016.0,59208.34420862867,0.0,59117.0,192.34420862866682,36996.29459298811,-1,1,2465
KNN,H7,13,2023-08-30,2023-09-08,59117.0,-0.0035861089026845,0.0014498242631743536,58905.0,59202.70926096608,0.0,59117.0,297.7092609660831,88630.80406497137,-1,1,2464
KNN,H1,14,2023-08-31,2023-09-01,59113.0,-0.0001184172686211,0.00047477860465186756,59106.0,59141.06558765679,0.0,59113.0,35.06558765679074,1229.5954377160751,-1,1,2471
KNN,H2,14,2023-08-31,2023-09-04,59113.0,0.0046013567235634,0.0012000651302172792,59385.0,59183.93945004253,0.0,59113.0,201.06054995746672,40425.34474919897,1,1,2470
KNN,H3,14,2023-08-31,2023-09-05,59113.0,0.0031803495001099,0.0018068284728498148,59301.0,59219.80705151557,0.0,59113.0,81.19294848442951,6592.294883595224,1,1,2469
KNN,H4,14,2023-08-31,2023-09-06,59113.0,-3.383350532026874e-05,0.00208266162776567,59111.0,59236.112376802106,0.0,59113.0,125.11237680210616,15653.10682907219,-1,1,2468
KNN,H5,14,2023-08-31,2023-09-07,59113.0,-0.0016409250080354,0.0020974558963046067,59016.0,59236.98691039825,0.0,59113.0,220.98691039824917,48835.21456736381,-1,1,2467
KNN,H6,14,2023-08-31,2023-09-08,59113.0,-0.0035186845533131,0.0016287595754211207,58905.0,59209.280864781875,0.0,59113.0,304.2808647818747,92586.84467240551,-1,1,2466
KNN,H7,14,2023-08-31,2023-09-11,59113.0,-0.0029096814575474,0.0022229656511461343,58941.0,59244.4061685362,0.0,59113.0,303.40616853620304,92055.30310581885,-1,1,2465
KNN,H1,15,2023-09-01,2023-09-04,59106.0,0.0047203329611207,0.0006578990773087544,59385.0,59144.885782863406,0.0,59106.0,240.11421713659365,57654.83727111924,1,1,2472
KNN,H2,15,2023-09-01,2023-09-05,59106.0,0.0032991574459446,0.0015977892467730574,59301.0,59200.438931219775,0.0,59106.0,100.56106878022547,10112.528554221237,1,1,2471
KNN,H3,15,2023-09-01,2023-09-06,59106.0,8.459378066527634e-05,0.0014180236116752131,59111.0,59189.81370359167,0.0,59106.0,78.8137035916734,6211.599873836153,1,1,2470
KNN,H4,15,2023-09-01,2023-09-07,59106.0,-0.0015226880519744,0.0009263824214048995,59016.0,59160.75475939956,0.0,59106.0,144.75475939956232,20953.940368825177,-1,1,2469
KNN,H5,15,2023-09-01,2023-09-08,59106.0,-0.0034006699827429,0.0007131952162854621,58905.0,59148.15411645377,0.0,59106.0,243.15411645377026,59123.92434841367,-1,1,2468
KNN,H6,15,2023-09-01,2023-09-11,59106.0,-0.0027915947619531,0.0016161029241315266,58941.0,59201.52137943372,0.0,59106.0,260.5213794337178,67871.38914204716,-1,1,2467
KNN,H7,15,2023-09-01,2023-09-12,59106.0,-0.0078503028457347,0.0016644480109269764,58642.0,59204.37886413385,0.0,59106.0,562.378864133847,316269.98682447587,-1,1,2466
KNN,H1,16,2023-09-04,2023-09-05,59385.0,-0.0014144986107602,0.0006506600111089639,59301.0,59423.639444759705,0.0,59385.0,122.63944475970493,15040.433410968717,-1,1,2473
KNN,H2,16,2023-09-04,2023-09-06,59385.0,-0.0046139597541466,0.0008379513049555596,59111.0,59434.76173824478,0.0,59385.0,323.7617382447788,104821.66315128068,-1,1,2472
KNN,H3,16,2023-09-04,2023-09-07,59385.0,-0.0062136903258398,0.0011647818342775604,59016.0,59454.17056922857,0.0,59385.0,438.17056922856864,191993.44773808785,-1,1,2471
KNN,H4,16,2023-09-04,2023-09-08,59385.0,-0.0080828492043445,0.0015955006232055622,58905.0,59479.748804509065,0.0,59385.0,574.7488045090649,330336.18828459934,-1,1,2470
KNN,H5,16,2023-09-04,2023-09-11,59385.0,-0.0074766355140186,0.001977709126372015,58941.0,59502.4462564696,0.0,59385.0,561.4462564696005,315221.8989037284,-1,1,2469
KNN,H6,16,2023-09-04,2023-09-12,59385.0,-0.0125115769975583,0.0011969926703738662,58642.0,59456.083409730156,0.0,59385.0,814.0834097301558,662731.7979978768,-1,1,2468
KNN,H7,16,2023-09-04,2023-09-13,59385.0,-0.0130504336111813,0.001352995984410501,58610.0,59465.34766653422,0.0,59385.0,855.3476665342168,731619.6306455298,-1,1,2467
KNN,H1,17,2023-09-05,2023-09-06,59301.0,-0.0032039931872986,0.0006443048749071536,59111.0,59339.20792338687,0.0,59301.0,228.2079233868717,52078.8562965483,-1,1,2474
KNN,H2,17,2023-09-05,2023-09-07,59301.0,-0.004805989780948,0.000838360256198173,59016.0,59350.7156015528,0.0,59301.0,334.7156015528017,112034.5339228539,-1,1,2473
KNN,H3,17,2023-09-05,2023-09-08,59301.0,-0.0066777963272119,0.0014399814157370204,58905.0,59386.39233793462,0.0,59301.0,481.39233793462336,231738.5830221626,-1,1,2472
KNN,H4,17,2023-09-05,2023-09-11,59301.0,-0.0060707239338291,0.0014642796755828847,58941.0,59387.83324904174,0.0,59301.0,446.8332490417379,199659.95244919573,-1,1,2471
KNN,H5,17,2023-09-05,2023-09-12,59301.0,-0.0111127974233149,0.0018803726067021128,58642.0,59412.50797595004,0.0,59301.0,770.5079759500368,593682.5410026225,-1,1,2470
KNN,H6,17,2023-09-05,2023-09-13,59301.0,-0.0116524173285441,0.00153244058031522,58610.0,59391.87525885327,0.0,59301.0,781.8752588532734,611328.9204068733,-1,1,2469
KNN,H7,17,2023-09-05,2023-09-14,59301.0,-0.0116861435726209,0.002096605153092451,58608.0,59425.33078218353,0.0,59301.0,817.3307821835333,668029.6075047464,-1,1,2468
KNN,H1,18,2023-09-06,2023-09-07,59111.0,-0.0016071458780937,0.00046954158897796457,59016.0,59138.75507286607,0.0,59111.0,122.75507286607171,15068.807914354576,-1,1,2475
KNN,H2,18,2023-09-06,2023-09-08,59111.0,-0.0034849689567085,0.0010223911262765562,58905.0,59171.43456186533,0.0,59111.0,266.4345618653315,70987.37575637116,-1,1,2474
KNN,H3,18,2023-09-06,2023-09-11,59111.0,-0.0028759452555362,0.0010246051465400857,58941.0,59171.56543481713,0.0,59111.0,230.56543481713015,53160.419732412294,-1,1,2473
KNN,H4,18,2023-09-06,2023-09-12,59111.0,-0.0079342254402733,0.0011938093812117133,58642.0,59181.5672663328,0.0,59111.0,539.5672663328005,291132.8348978513,-1,1,2472
KNN,H5,18,2023-09-06,2023-09-13,59111.0,-0.0084755798413155,0.0018667624126160022,58610.0,59221.346192972145,0.0,59111.0,611.3461929721452,373744.16766153544,-1,1,2471
KNN,H6,18,2023-09-06,2023-09-14,59111.0,-0.0085094144913806,0.0008100213083169424,58608.0,59158.88116955592,0.0,59111.0,550.8811695559198,303470.062971298,-1,1,2470
KNN,H7,18,2023-09-06,2023-09-15,59111.0,-0.0020131616788753,0.0010649821158892115,58992.0,59173.95215785233,0.0,59111.0,181.95215785232722,33106.5877471182,-1,1,2469
KNN,H1,19,2023-09-07,2023-09-08,59016.0,-0.0018808458723058,0.0006649584918458504,58905.0,59055.24319035478,0.0,59016.0,150.24319035477674,22573.01624798168,-1,1,2476
KNN,H2,19,2023-09-07,2023-09-11,59016.0,-0.0012708418056119,0.0013078418006997935,58941.0,59093.1835917101,0.0,59016.0,152.18359171009797,23159.8455857858,-1,1,2475
KNN,H3,19,2023-09-07,2023-09-12,59016.0,-0.006337264470652,0.0012728086906792933,58642.0,59091.11607768913,0.0,59016.0,449.11607768912654,201705.25123886555,-1,1,2474
KNN,H4,19,2023-09-07,2023-09-13,59016.0,-0.0068794903077131,0.0014957597075303207,58610.0,59104.27375489961,0.0,59016.0,494.2737548996083,244306.54478255808,-1,1,2473
KNN,H5,19,2023-09-07,2023-09-14,59016.0,-0.0069133794225294,0.0018131612740933788,58608.0,59123.0055257519,0.0,59016.0,515.005525751898,265230.6915549888,-1,1,2472
KNN,H6,19,2023-09-07,2023-09-15,59016.0,-0.0004066693777958,0.001801762359850989,58992.0,59122.33280742897,0.0,59016.0,130.3328074289675,16986.640692316327,-1,1,2471
KNN,H7,19,2023-09-07,2023-09-18,59016.0,0.0033211332519995,0.0019027507056349608,59212.0,59128.29273564376,0.0,59016.0,83.70726435624238,7006.906106005846,1,1,2470
KNN,H1,20,2023-09-08,2023-09-11,58905.0,0.0006111535523301,0.0003086443412047,58941.0,58923.18069491866,0.0,58905.0,17.819305081342463,317.52763358195733,1,1,2477
KNN,H2,20,2023-09-08,2023-09-12,58905.0,-0.0044648162295221,0.0010794943412068163,58642.0,58968.58761416879,0.0,58905.0,326.58761416879133,106659.46972846331,-1,1,2476
KNN,H3,20,2023-09-08,2023-09-13,58905.0,-0.0050080638315932,0.000956681205118431,58610.0,58961.35330638751,0.0,58905.0,351.3533063875075,123449.1459094337,-1,1,2475
KNN,H4,20,2023-09-08,2023-09-14,58905.0,-0.0050420168067226,0.0007123000901316822,58608.0,58946.95803680921,0.0,58905.0,338.95803680920653,114892.5507175514,-1,1,2474
KNN,H5,20,2023-09-08,2023-09-15,58905.0,0.0014769544181307,0.001470703144326353,58992.0,58991.63176871655,0.0,58905.0,0.3682312834498589,0.1355942781111303,1,1,2473
KNN,H6,20,2023-09-08,2023-09-18,58905.0,0.00521178168237,0.002062252760605399,59212.0,59026.47699886346,0.0,58905.0,185.523001136542,34418.78395070937,1,1,2472
KNN,H7,20,2023-09-08,2023-09-19,58905.0,0.0061115355233001,0.001811355316437412,59265.0,59011.69788491474,0.0,58905.0,253.30211508525827,64161.96150666542,1,1,2471
KNN,H1,21,2023-09-11,2023-09-12,58941.0,-0.0050728694796491,0.0005820012518924769,58642.0,58975.30373578779,0.0,58941.0,333.3037357877911,111091.38029009764,-1,1,2478
KNN,H2,21,2023-09-11,2023-09-13,58941.0,-0.0056157852768021,0.0014263209358072947,58610.0,59025.06878227741,0.0,58941.0,415.06878227741254,172282.0940212541,-1,1,2477
KNN,H3,21,2023-09-11,2023-09-14,58941.0,-0.0056497175141242,0.00137776486431452,58608.0,59022.20683886756,0.0,58941.0,414.2068388675616,171567.30536465815,-1,1,2476
KNN,H4,21,2023-09-11,2023-09-15,58941.0,0.0008652720517128,0.0013273123910112251,58992.0,59019.233119638586,0.0,58941.0,27.233119638585777,741.6428052495263,1,1,2475
KNN,H5,21,2023-09-11,2023-09-18,58941.0,0.0045978181571402,0.0022462496472796757,59212.0,59073.396200460316,0.0,58941.0,138.60379953968368,19211.013246836817,1,1,2474
KNN,H6,21,2023-09-11,2023-09-19,58941.0,0.005497022446175,0.002408870517037555,59265.0,59082.98123714471,0.0,58941.0,182.01876285528851,33130.830031369755,1,1,2473
KNN,H7,21,2023-09-11,2023-09-20,58941.0,0.0071597020749563,0.0022478939865171,59363.0,59073.49311945931,0.0,58941.0,289.5068805406918,83814.23388040237,1,1,2472
KNN,H1,22,2023-09-12,2023-09-13,58642.0,-0.0005456839807645,0.00014692295266787486,58610.0,58650.61585579035,0.0,58642.0,40.61585579034727,1649.6477415822858,-1,1,2479
KNN,H2,22,2023-09-12,2023-09-14,58642.0,-0.0005797892295624,0.00043918715807323447,58608.0,58667.754813323736,0.0,58642.0,59.754813323736016,3570.6377153545395,-1,1,2478
KNN,H3,22,2023-09-12,2023-09-15,58642.0,0.0059684185396131,0.0008967952942417781,58992.0,58694.58986964493,0.0,58642.0,297.4101303550706,88452.78563782007,1,1,2477
KNN,H4,22,2023-09-12,2023-09-18,58642.0,0.0097199959073701,0.0015675019022503467,59212.0,58733.921446551765,0.0,58642.0,478.07855344823474,228559.10326715664,1,1,2476
KNN,H5,22,2023-09-12,2023-09-19,58642.0,0.0106237850005115,0.0009209829423074023,59265.0,58696.00828170279,0.0,58642.0,568.9917182972131,323751.5754908151,1,1,2475
KNN,H6,22,2023-09-12,2023-09-20,58642.0,0.0122949421916032,0.0022928823356978562,59363.0,58776.45920592999,0.0,58642.0,586.5407940700097,344030.10310827754,1,1,2474
KNN,H7,22,2023-09-12,2023-09-21,58642.0,0.0035981037481669,0.0025720557117747105,58853.0,58792.8304910499,0.0,58642.0,60.16950895010086,3620.369807296268,1,1,2473
KNN,H1,23,2023-09-13,2023-09-14,58610.0,-3.4123869646851546e-05,0.00051230720127314,58608.0,58640.02632506662,0.0,58610.0,32.026325066617574,1025.6854972726571,-1,1,2480
KNN,H2,23,2023-09-13,2023-09-15,58610.0,0.0065176591025422,0.0015551198936460862,58992.0,58701.1455769666,0.0,58610.0,290.85442303340096,84596.29539809257,1,1,2479
KNN,H3,23,2023-09-13,2023-09-18,58610.0,0.0102712847636921,0.0013157302619936629,59212.0,58687.11495065545,0.0,58610.0,524.8850493445498,275504.31502543046,1,1,2478
KNN,H4,23,2023-09-13,2023-09-19,58610.0,0.0111755673093327,0.001146484853083262,59265.0,58677.19547723921,0.0,58610.0,587.8045227607872,345514.1569780368,1,1,2477
KNN,H5,23,2023-09-13,2023-09-20,58610.0,0.0128476369220269,0.001193952426271032,59363.0,58679.97755170374,0.0,58610.0,683.0224482962585,466519.66487661516,1,1,2476
KNN,H6,23,2023-09-13,2023-09-21,58610.0,0.0041460501620884,0.0018167364581722705,58853.0,58716.478923813476,0.0,58610.0,136.52107618652371,18638.004243126612,1,1,2475
KNN,H7,23,2023-09-13,2023-09-22,58610.0,0.0048797133594948,0.0018150246779454963,58896.0,58716.378596374394,0.0,58610.0,179.62140362560604,32263.848640432876,1,1,2474
KNN,H1,24,2023-09-14,2023-09-15,58608.0,0.0065520065520066,0.00037050430414747827,58992.0,58629.71451625748,0.0,58608.0,362.2854837425184,131250.77173055056,1,1,2481
KNN,H2,24,2023-09-14,2023-09-18,58608.0,0.0103057603057603,0.0009256516696646482,59212.0,58662.25059305571,0.0,58608.0,549.749406944291,302224.4104355996,1,1,2480
KNN,H3,24,2023-09-14,2023-09-19,58608.0,0.0112100737100737,0.0007028488744463064,59265.0,58649.192566833546,0.0,58608.0,615.8074331664538,379218.7947430565,1,1,2479
KNN,H4,24,2023-09-14,2023-09-20,58608.0,0.0128822003822004,0.001376723790927276,59363.0,58688.687027938664,0.0,58608.0,674.312972061336,454697.98429019214,1,1,2478
KNN,H5,24,2023-09-14,2023-09-21,58608.0,0.0041803166803167,0.0014771160106379288,58853.0,58694.57081515147,0.0,58608.0,158.42918484852999,25099.806611769684,1,1,2477
KNN,H6,24,2023-09-14,2023-09-22,58608.0,0.0049140049140048,0.002412279823650342,58896.0,58749.3788959045,0.0,58608.0,146.62110409550223,21497.7481661841,1,1,2476
KNN,H7,24,2023-09-14,2023-09-25,58608.0,0.0016891891891892,0.002205888943644947,58707.0,58737.28273920914,0.0,58608.0,30.282739209142164,917.0442940089162,1,1,2475
KNN,H1,25,2023-09-15,2023-09-18,58992.0,0.003729319229726,0.0006492639866428531,59212.0,59030.301381100035,0.0,58992.0,181.69861889996537,33014.388110154854,1,1,2482
KNN,H2,25,2023-09-15,2023-09-19,58992.0,0.0046277461350692,0.0008066874411044538,59265.0,59039.588105525625,0.0,58992.0,225.411894474375,50810.52217052677,1,1,2481
KNN,H3,25,2023-09-15,2023-09-20,58992.0,0.0062889883374017,0.0010501818486514257,59363.0,59053.95232761565,0.0,58992.0,309.04767238435306,95510.46380618642,1,1,2480
KNN,H4,25,2023-09-15,2023-09-21,58992.0,-0.002356251695145,0.0019799910560619285,58853.0,59108.8036323792,0.0,58992.0,255.80363237919664,65435.49833839118,-1,1,2479
KNN,H5,25,2023-09-15,2023-09-22,58992.0,-0.001627339300244,0.0019493730567911925,58896.0,59106.997415366226,0.0,58992.0,210.99741536622605,44519.90929122773,-1,1,2478
KNN,H6,25,2023-09-15,2023-09-25,58992.0,-0.0048311635475997,0.002678544723009869,58707.0,59150.012710299794,0.0,58992.0,443.012710299794,196260.2614871692,-1,1,2477
KNN,H7,25,2023-09-15,2023-09-26,58992.0,-0.0087130458367236,0.0028011710805057387,58478.0,59157.2466843812,0.0,58992.0,679.2466843811999,461376.0582428534,-1,1,2476
KNN,H1,26,2023-09-18,2023-09-19,59212.0,0.0008950888333445,0.0005369986571553887,59265.0,59243.79676448748,0.0,59212.0,21.203235512519313,449.5771961993602,1,1,2483
KNN,H2,26,2023-09-18,2023-09-20,59212.0,0.0025501587516043,0.0011864760832631278,59363.0,59282.25362184218,0.0,59212.0,80.74637815781898,6519.977585605507,1,1,2482
KNN,H3,26,2023-09-18,2023-09-21,59212.0,-0.0060629602107681,0.0012010786468952964,58853.0,59283.11826883996,0.0,59212.0,430.1182688399567,185001.72518988128,-1,1,2481
KNN,H4,26,2023-09-18,2023-09-22,59212.0,-0.0053367560629602,0.0015991032230967457,58896.0,59306.686100046,0.0,59212.0,410.6861000459976,168663.07277099113,-1,1,2480
KNN,H5,26,2023-09-18,2023-09-25,59212.0,-0.0085286766196041,0.0016288535377998587,58707.0,59308.44767568021,0.0,59212.0,601.4476756802105,361739.3065811277,-1,1,2479
KNN,H6,26,2023-09-18,2023-09-26,59212.0,-0.0123961359183949,0.002241219373798773,58478.0,59344.70708156138,0.0,59212.0,866.707081561377,751181.1652286394,-1,1,2478
KNN,H7,26,2023-09-18,2023-09-27,59212.0,-0.0245389448084847,0.002216584784811906,57759.0,59343.24841827828,0.0,59212.0,1584.2484182782791,2509843.0508172293,-1,1,2477
KNN,H1,27,2023-09-19,2023-09-20,59265.0,0.0016535898084872,0.0005649528193674553,59363.0,59298.48192883981,0.0,59265.0,64.51807116019336,4162.581506231774,1,1,2484
KNN,H2,27,2023-09-19,2023-09-21,59265.0,-0.0069518265418037,0.0014099842425429295,58853.0,59348.562716134315,0.0,59265.0,495.56271613431454,245582.4056224192,-1,1,2483
KNN,H3,27,2023-09-19,2023-09-22,59265.0,-0.0062262718299165,0.0013781330753287813,58896.0,59346.67505670936,0.0,59265.0,450.67505670936225,203108.0067399869,-1,1,2482
KNN,H4,27,2023-09-19,2023-09-25,59265.0,-0.0094153378891419,0.0014922311399233707,58707.0,59353.437078507566,0.0,59265.0,646.4370785075662,417880.8964693973,-1,1,2481
KNN,H5,27,2023-09-19,2023-09-26,59265.0,-0.0132793385640765,0.0015362046013384734,58478.0,59356.04316569833,0.0,59265.0,878.0431656983274,770959.8008295404,-1,1,2480
KNN,H6,27,2023-09-19,2023-09-27,59265.0,-0.0254112882814477,0.0024040844334999307,57759.0,59407.47806395137,0.0,59265.0,1648.4780639513701,2717479.9273288576,-1,1,2479
KNN,H7,27,2023-09-19,2023-09-28,59265.0,-0.0357546612671897,0.002091463808719689,57146.0,59388.95060262377,0.0,59265.0,2242.9506026237723,5030827.405810343,-1,1,2478
KNN,H1,28,2023-09-20,2023-09-21,59363.0,-0.008591210012971,0.0007401713067963379,58853.0,59406.93878928535,0.0,59363.0,553.9387892853483,306848.18227491755,-1,1,2485
KNN,H2,28,2023-09-20,2023-09-22,59363.0,-0.0078668530903087,0.001287166213854099,58896.0,59439.41004795302,0.0,59363.0,543.410047953017,295294.4802163003,-1,1,2484
KNN,H3,28,2023-09-20,2023-09-25,59363.0,-0.0110506544480568,0.0014555298051309275,58707.0,59449.404615821986,0.0,59363.0,742.4046158219862,551164.6135937909,-1,1,2483
KNN,H4,28,2023-09-20,2023-09-26,59363.0,-0.0149082761989791,0.001953888283371079,58478.0,59478.98867016576,0.0,59363.0,1000.9886701657597,1001978.317800216,-1,1,2482
KNN,H5,28,2023-09-20,2023-09-27,59363.0,-0.0270201977662853,0.0019245234272826294,57759.0,59477.24548421378,0.0,59363.0,1718.2454842137813,2952367.544021052,-1,1,2481
KNN,H6,28,2023-09-20,2023-09-28,59363.0,-0.0373464952916799,0.002016508984563424,57146.0,59482.70602285064,0.0,59363.0,2336.706022850638,5460195.037226446,-1,1,2480
KNN,H7,28,2023-09-20,2023-09-29,59363.0,-0.0387783636271751,0.002394666147757401,57061.0,59505.15456652932,0.0,59363.0,2444.1545665293233,5973891.5450861445,-1,1,2479
KNN,H1,29,2023-09-21,2023-09-22,58853.0,0.0007306339523898,0.0005479971735447662,58896.0,58885.25127765463,0.0,58853.0,10.748722345371789,115.53503205789481,1,1,2486
KNN,H2,29,2023-09-21,2023-09-25,58853.0,-0.0024807571406725,0.0007814339502252095,58707.0,58898.9897322726,0.0,58853.0,191.98973227260285,36860.05729810572,-1,1,2485
KNN,H3,29,2023-09-21,2023-09-26,58853.0,-0.0063718077243301,0.0008632469242135192,58478.0,58903.80467123074,0.0,58853.0,425.8046712307405,181309.618041919,-1,1,2484
KNN,H4,29,2023-09-21,2023-09-27,58853.0,-0.018588687067779,0.0009932769148082274,57759.0,58911.457326267206,0.0,58853.0,1152.4573262672056,1328157.8888669566,-1,1,2483
KNN,H5,29,2023-09-21,2023-09-28,58853.0,-0.0290044687611507,0.0004748229936773708,57146.0,58880.94475764689,0.0,58853.0,1734.9447576468883,3010033.31208642,-1,1,2482
KNN,H6,29,2023-09-21,2023-09-29,58853.0,-0.0304487451786654,0.001896202504070179,57061.0,58964.59720597204,0.0,58853.0,1903.597205972037,3623682.322584546,-1,1,2481
KNN,H7,29,2023-09-21,2023-10-03,58853.0,-0.0419349905697246,0.002418267709708291,56385.0,58995.322309519455,0.0,58853.0,2610.3223095194553,6813782.559574983,-1,1,2480
KNN,H1,30,2023-09-22,2023-09-25,58896.0,-0.0032090464547677,0.0005718385763826738,58707.0,58929.679004794634,0.0,58896.0,222.67900479463424,49585.939176328735,-1,1,2487
KNN,H2,30,2023-09-22,2023-09-26,58896.0,-0.0070972561803858,0.0009773712436915243,58478.0,58953.56325676846,0.0,58896.0,475.5632567684588,226160.41118822308,-1,1,2486
KNN,H3,30,2023-09-22,2023-09-27,58896.0,-0.01930521597392,0.001084104697107095,57759.0,58959.849430240814,0.0,58896.0,1200.8494302408144,1442039.3541096887,-1,1,2485
KNN,H4,30,2023-09-22,2023-09-28,58896.0,-0.0297133930997011,0.00139094806017774,57146.0,58977.92127695223,0.0,58896.0,1831.9212769522273,3355935.5649502794,-1,1,2484
KNN,H5,30,2023-09-22,2023-09-29,58896.0,-0.0311566150502581,0.0015869451944383554,57061.0,58989.464724171645,0.0,58896.0,1928.4647241716448,3718976.192374418,-1,1,2483
KNN,H6,30,2023-09-22,2023-10-03,58896.0,-0.0426344743276283,0.001885597293367116,56385.0,59007.05413819015,0.0,58896.0,2622.0541381901494,6875167.903600087,-1,1,2482
KNN,H7,30,2023-09-22,2023-10-04,58896.0,-0.0452832110839446,0.0019902013306123414,56229.0,59013.21489756774,0.0,58896.0,2784.214897567741,7751852.595838146,-1,1,2481
KNN,H1,31,2023-09-25,2023-09-26,58707.0,-0.0039007273408622,0.00044098815798561267,58478.0,58732.889091790865,0.0,58707.0,254.88909179086477,64968.44911397189,-1,1,2488
KNN,H2,31,2023-09-25,2023-09-27,58707.0,-0.0161479891665389,0.0009307167924843567,57759.0,58761.63959073638,0.0,58707.0,1002.6395907363767,1005286.148912009,-1,1,2487
KNN,H3,31,2023-09-25,2023-09-28,58707.0,-0.0265896741444802,0.0009359207130521159,57146.0,58761.945097301155,0.0,58707.0,1615.9450973011553,2611278.5574916406,-1,1,2486
KNN,H4,31,2023-09-25,2023-09-29,58707.0,-0.0280375423714378,0.00016163130788494632,57061.0,58716.488889192,0.0,58707.0,1655.4888891919982,2740643.462238156,-1,1,2485
KNN,H5,31,2023-09-25,2023-10-03,58707.0,-0.0395523532117123,0.0011522868355059313,56385.0,58774.647303252044,0.0,58707.0,2389.6473032520444,5710414.233939768,-1,1,2484
KNN,H6,31,2023-09-25,2023-10-04,58707.0,-0.0422096172517757,0.0017099741188215053,56229.0,58807.387450593655,0.0,58707.0,2578.3874505936546,6648081.845378846,-1,1,2483
KNN,H7,31,2023-09-25,2023-10-05,58707.0,-0.0442025652818233,0.0017472202385686274,56112.0,58809.57405854565,0.0,58707.0,2697.5740585456515,7276905.801338458,-1,1,2482
KNN,H1,32,2023-09-26,2023-09-27,58478.0,-0.0122952221348199,0.00048105839034992055,57759.0,58506.131332550875,0.0,58478.0,747.1313325508745,558205.2280792454,-1,1,2489
KNN,H2,32,2023-09-26,2023-09-28,58478.0,-0.0227777967782756,0.0009178205127515125,57146.0,58531.67230794469,0.0,58478.0,1385.6723079446892,1920087.7450047617,-1,1,2488
KNN,H3,32,2023-09-26,2023-09-29,58478.0,-0.0242313348609733,0.0008031948470058917,57061.0,58524.96922826322,0.0,58478.0,1463.9692282632168,2143205.9013015986,-1,1,2487
KNN,H4,32,2023-09-26,2023-10-03,58478.0,-0.0357912377304285,0.0009748221923886785,56385.0,58535.0056521665,0.0,58478.0,2150.005652166503,4622524.304347909,-1,1,2486
KNN,H5,32,2023-09-26,2023-10-04,58478.0,-0.0384589076233797,0.0011499602445938018,56229.0,58545.24737518336,0.0,58478.0,2316.2473751833604,5365001.903043807,-1,1,2485
KNN,H6,32,2023-09-26,2023-10-05,58478.0,-0.040459660043093,0.0015790561170519121,56112.0,58570.34004361296,0.0,58478.0,2458.3400436129596,6043435.770030968,-1,1,2484
KNN,H7,32,2023-09-26,2023-10-06,58478.0,-0.032422449468176,0.002143051412149107,56582.0,58603.32136047966,0.0,58478.0,2021.321360479662,4085740.0423313514,-1,1,2483
KNN,H1,33,2023-09-27,2023-09-28,57759.0,-0.0106130646306202,0.00022610281411615497,57146.0,57772.05947244054,0.0,57759.0,626.0594724405382,391950.46303252503,-1,1,2490
KNN,H2,33,2023-09-27,2023-09-29,57759.0,-0.0120846967572153,0.0008729105233212287,57061.0,57809.41843891651,0.0,57759.0,748.4184389165093,560130.1597102248,-1,1,2489
KNN,H3,33,2023-09-27,2023-10-03,57759.0,-0.0237885004934296,0.0004132180044093466,56385.0,57782.867058716685,0.0,57759.0,1397.8670587166853,1954032.3138452368,-1,1,2488
KNN,H4,33,2023-09-27,2023-10-04,57759.0,-0.0264893782787097,0.0007892278233445829,56229.0,57804.58500984856,0.0,57759.0,1575.5850098485607,2482468.1232594894,-1,1,2487
KNN,H5,33,2023-09-27,2023-10-05,57759.0,-0.0285150366176699,0.0007999147145557748,56112.0,57805.20227399803,0.0,57759.0,1693.2022739980312,2866933.940672104,-1,1,2486
KNN,H6,33,2023-09-27,2023-10-06,57759.0,-0.0203777766235565,0.001543522933876468,56582.0,57848.15234113777,0.0,57759.0,1266.1523411377711,1603141.7509686588,-1,1,2485
KNN,H7,33,2023-09-27,2023-10-09,57759.0,-0.0085008396959781,0.0021762429061564057,57268.0,57884.697614016695,0.0,57759.0,616.6976140166953,380315.9471338849,-1,1,2484
KNN,H1,34,2023-09-28,2023-09-29,57146.0,-0.0014874181919994,0.00016023481378210237,57061.0,57155.156778668395,0.0,57146.0,94.15677866839542,8865.498969209202,-1,1,2491
KNN,H2,34,2023-09-28,2023-10-03,57146.0,-0.0133167675777832,0.00042071122413744677,56385.0,57170.04196361456,0.0,57146.0,785.0419636145598,616290.8846358039,-1,1,2490
KNN,H3,34,2023-09-28,2023-10-04,57146.0,-0.0160466174360409,0.00020919719372812758,56229.0,57157.954782832785,0.0,57146.0,928.954782832785,862956.9885479067,-1,1,2489
KNN,H4,34,2023-09-28,2023-10-05,57146.0,-0.0180940048297343,0.0005879715525572506,56112.0,57179.60022234244,0.0,57146.0,1067.6002223424366,1139770.23474562,-1,1,2488
KNN,H5,34,2023-09-28,2023-10-06,57146.0,-0.0098694571798551,-0.00010326503411381118,56582.0,57140.09881636053,0.0,57146.0,558.0988163605289,311474.2888230233,-1,-1,2487
KNN,H6,34,2023-09-28,2023-10-09,57146.0,0.0021348825814579,0.00178212352826856,57268.0,57247.84123114643,0.0,57146.0,20.158768853572838,406.37596169177834,1,1,2486
KNN,H7,34,2023-09-28,2023-10-10,57146.0,0.0038147901865397,0.0014991257563620652,57364.0,57231.66904047307,0.0,57146.0,132.3309595269311,17511.48284931828,1,1,2485
KNN,H1,35,2023-09-29,2023-10-03,57061.0,-0.0118469707856504,-0.0003596768010713051,56385.0,57040.47648205407,0.0,57061.0,655.4764820540731,429649.41852598364,-1,-1,2492
KNN,H2,35,2023-09-29,2023-10-04,57061.0,-0.0145808871208005,-0.00021818596605921746,56229.0,57048.550090590696,0.0,57061.0,819.5500905906956,671662.3509872174,-1,-1,2491
KNN,H3,35,2023-09-29,2023-10-05,57061.0,-0.016631324372163,0.00026259378251996515,56112.0,57075.983863824375,0.0,57061.0,963.9838638243746,929264.8897137704,-1,1,2490
KNN,H4,35,2023-09-29,2023-10-06,57061.0,-0.0083945251572877,0.0011446510965678687,56582.0,57126.31493622126,0.0,57061.0,544.3149362212571,296278.74979355116,-1,1,2489
KNN,H5,35,2023-09-29,2023-10-09,57061.0,0.0036276966754875,0.0011276475694765643,57268.0,57125.344697961904,0.0,57061.0,142.65530203809612,20350.535199580434,1,1,2488
KNN,H6,35,2023-09-29,2023-10-10,57061.0,0.0053101067278877,0.002170675625021585,57364.0,57184.860921839354,0.0,57061.0,179.13907816064602,32090.809324246045,1,1,2487
KNN,H7,35,2023-09-29,2023-10-11,57061.0,0.0100769352096878,0.0018225986241272726,57636.0,57164.99930009133,0.0,57061.0,471.00069990866905,221841.6593144561,1,1,2486
KNN,H1,36,2023-10-03,2023-10-04,56385.0,-0.0027666932694865,0.00010564262203242461,56229.0,56390.956659243304,0.0,56385.0,161.95665924330387,26229.959473251645,-1,1,2493
KNN,H2,36,2023-10-03,2023-10-05,56385.0,-0.0048417132216015,0.00020941399909323372,56112.0,56396.80780833887,0.0,56385.0,284.8078083388682,81115.48769078948,-1,1,2492
KNN,H3,36,2023-10-03,2023-10-06,56385.0,0.0034938370133901,0.000362319486920915,56582.0,56405.429384270035,0.0,56385.0,176.57061572996463,31177.182339258834,1,1,2491
KNN,H4,36,2023-10-03,2023-10-09,56385.0,0.0156601933138245,0.0010105884184106158,57268.0,56441.98202797208,0.0,56385.0,826.0179720279193,682305.6901131165,1,1,2490
KNN,H5,36,2023-10-03,2023-10-10,56385.0,0.0173627737873547,0.000639110909996547,57364.0,56421.03626866016,0.0,56385.0,942.9637313398416,889180.598622357,1,1,2489
KNN,H6,36,2023-10-03,2023-10-11,56385.0,0.0221867517956904,0.0013633624091469005,57636.0,56461.87318943975,0.0,56385.0,1174.1268105602503,1378573.7672763858,1,1,2488
KNN,H7,36,2023-10-03,2023-10-12,56385.0,0.0217788418905737,0.001503031240789329,57613.0,56469.74841651191,0.0,56385.0,1143.2515834880905,1307024.1831480265,1,1,2487
KNN,H1,37,2023-10-04,2023-10-05,56229.0,-0.0020807768233473,0.0005445836732994965,56112.0,56259.62139536596,0.0,56229.0,147.62139536596078,21792.076369793307,-1,1,2494
KNN,H2,37,2023-10-04,2023-10-06,56229.0,0.0062778993046292,0.0007790988415781998,56582.0,56272.8079487631,0.0,56229.0,309.19205123690335,95599.72454808388,1,1,2493
KNN,H3,37,2023-10-04,2023-10-09,56229.0,0.0184780095680165,0.0007836527879497642,57268.0,56273.06401261362,0.0,56229.0,994.9359873863796,989897.61899651,1,1,2492
KNN,H4,37,2023-10-04,2023-10-10,56229.0,0.0201853136281988,0.0013457149794053286,57364.0,56304.668207576986,0.0,56229.0,1059.3317924230141,1122183.846438156,1,1,2491
KNN,H5,37,2023-10-04,2023-10-11,56229.0,0.0250226751320492,0.0018610468229260772,57636.0,56333.64480180631,0.0,56229.0,1302.3551981936907,1696129.0622621274,1,1,2490
KNN,H6,37,2023-10-04,2023-10-12,56229.0,0.0246136335342972,0.002401216880541008,57613.0,56364.018023975936,0.0,56229.0,1248.9819760240644,1559955.9764329765,1,1,2489
KNN,H7,37,2023-10-04,2023-10-13,56229.0,0.0491561293994202,0.0023732631185956173,58993.0,56362.446211895505,0.0,56229.0,2630.5537881044947,6919813.232110907,1,1,2488
KNN,H1,38,2023-10-05,2023-10-06,56112.0,0.0083761049329911,-2.0325540822914802e-05,56582.0,56110.859493253345,0.0,56112.0,471.14050674665486,221973.37709749473,1,-1,2495
KNN,H2,38,2023-10-05,2023-10-09,56112.0,0.0206016538351867,0.0007385107923986844,57268.0,56153.43931758308,0.0,56112.0,1114.5606824169226,1242245.5147896763,1,1,2494
KNN,H3,38,2023-10-05,2023-10-10,56112.0,0.0223125178214997,0.0006454345003851858,57364.0,56148.21662068561,0.0,56112.0,1215.7833793143873,1478129.2254171113,1,1,2493
KNN,H4,38,2023-10-05,2023-10-11,56112.0,0.0271599657827201,0.0009444478316342422,57636.0,56164.99485672866,0.0,56112.0,1471.0051432713371,2163856.1315307273,1,1,2492
KNN,H5,38,2023-10-05,2023-10-12,56112.0,0.0267500712859993,0.0015246936486330751,57613.0,56197.553610012095,0.0,56112.0,1415.4463899879047,2003488.4829297916,1,1,2491
KNN,H6,38,2023-10-05,2023-10-13,56112.0,0.0513437410892501,0.0019450772342292603,58993.0,56221.142173767075,0.0,56112.0,2771.8578262329247,7683195.808848714,1,1,2490
KNN,H7,38,2023-10-05,2023-10-16,56112.0,0.0513437410892501,0.0013205352324484577,58993.0,56186.09787296314,0.0,56112.0,2806.902127036861,7878699.550764056,1,1,2489
KNN,H1,39,2023-10-06,2023-10-09,56582.0,0.0121239970308579,0.00023321254242066964,57268.0,56595.19563207525,0.0,56582.0,672.8043679247494,452665.71749862155,1,1,2496
KNN,H2,39,2023-10-06,2023-10-10,56582.0,0.0138206496765755,-0.00037514697862281346,57364.0,56560.773433655566,0.0,56582.0,803.2265663444341,645172.9168814695,1,-1,2495
KNN,H3,39,2023-10-06,2023-10-11,56582.0,0.0186278321727757,7.713571497300242e-05,57636.0,56586.3644930246,0.0,56582.0,1049.635506975399,1101734.697503503,1,1,2494
KNN,H4,39,2023-10-06,2023-10-12,56582.0,0.0182213424764059,0.0009592531260543179,57613.0,56636.2764603784,0.0,56582.0,976.7235396215983,953988.8728509439,1,1,2493
KNN,H5,39,2023-10-06,2023-10-13,56582.0,0.0426107242585982,9.65722473358277e-05,58993.0,56587.46425089875,0.0,56582.0,2405.5357491012473,5786602.2402041,1,1,2492
KNN,H6,39,2023-10-06,2023-10-16,56582.0,0.0426107242585982,0.00031340225074443683,58993.0,56599.73292615163,0.0,56582.0,2393.267073848372,5727727.286766749,1,1,2491
KNN,H7,39,2023-10-06,2023-10-17,56582.0,0.0413559082393695,-7.120388995345833e-05,58922.0,56577.97114149866,0.0,56582.0,2344.0288585013404,5494471.289487097,1,-1,2490
KNN,H1,40,2023-10-09,2023-10-10,57268.0,0.0016763288398407,0.000289397466228782,57364.0,57284.57321409599,0.0,57268.0,79.42678590401192,6308.614319041747,1,1,2497
KNN,H2,40,2023-10-09,2023-10-11,57268.0,0.0064259272193896,0.0005937138277043597,57636.0,57302.000803484974,0.0,57268.0,333.9991965150257,111555.46327268274,1,1,2496
KNN,H3,40,2023-10-09,2023-10-12,57268.0,0.0060243067681777,0.0010593621472944556,57613.0,57328.66755145126,0.0,57268.0,284.3324485487392,80844.94129772142,1,1,2495
KNN,H4,40,2023-10-09,2023-10-13,57268.0,0.0301215338408884,0.0019132043553383483,58993.0,57377.56538702151,0.0,57268.0,1615.43461297849,2609628.9888089634,1,1,2494
KNN,H5,40,2023-10-09,2023-10-16,57268.0,0.0301215338408884,0.0018612795786343182,58993.0,57374.591758909235,0.0,57268.0,1618.408241090765,2619245.2348305034,1,1,2493
KNN,H6,40,2023-10-09,2023-10-17,57268.0,0.0288817489697561,0.002420127663274361,58922.0,57406.59587102039,0.0,57268.0,1515.4041289796078,2296449.674128444,1,1,2492
KNN,H7,40,2023-10-09,2023-10-18,57268.0,0.0421177621009987,0.002704127248639883,59680.0,57422.85995927511,0.0,57268.0,2257.1400407248875,5094681.163443547,1,1,2491
KNN,H1,41,2023-10-10,2023-10-11,57364.0,0.004741649815215,0.000746357354422191,57636.0,57406.814043279075,0.0,57364.0,229.18595672092488,52526.20275808565,1,1,2498
KNN,H2,41,2023-10-10,2023-10-12,57364.0,0.0043407014852521,0.0009995517317464018,57613.0,57421.3382855399,0.0,57364.0,191.66171446009685,36734.2127897837,1,1,2497
KNN,H3,41,2023-10-10,2023-10-13,57364.0,0.0283976012830347,0.0011686723625457928,58993.0,57431.03972140507,0.0,57364.0,1561.9602785949319,2439719.9119083574,1,1,2496
KNN,H4,41,2023-10-10,2023-10-16,57364.0,0.0283976012830347,0.0022494532563485732,58993.0,57493.03763659718,0.0,57364.0,1499.9623634028176,2249887.0916249664,1,1,2495
KNN,H5,41,2023-10-10,2023-10-17,57364.0,0.0271598912209747,0.0017945658104481022,58922.0,57466.943473150546,0.0,57364.0,1455.0565268494538,2117189.4963271953,1,1,2494
KNN,H6,41,2023-10-10,2023-10-18,57364.0,0.0403737535736699,0.001965384994143611,59680.0,57476.74234480406,0.0,57364.0,2203.257655195943,4854344.2951795235,1,1,2493
KNN,H7,41,2023-10-10,2023-10-19,57364.0,0.0448190502754339,0.002131955627350135,59935.0,57486.2975026073,0.0,57364.0,2448.7024973926964,5996143.920737228,1,1,2492
KNN,H1,42,2023-10-11,2023-10-12,57636.0,-0.0003990561454646,0.0001532733684969922,57613.0,57644.83406386669,0.0,57636.0,31.834063866692304,1013.4076222686446,-1,1,2499
KNN,H2,42,2023-10-11,2023-10-13,57636.0,0.0235443125824137,0.0007449900289029959,58993.0,57678.93824530585,0.0,57636.0,1314.0617546941503,1726758.2951498693,1,1,2498
KNN,H3,42,2023-10-11,2023-10-16,57636.0,0.0235443125824137,0.0012517103820356469,58993.0,57708.14357957901,0.0,57636.0,1284.8564204209906,1650856.0210970414,1,1,2497
KNN,H4,42,2023-10-11,2023-10-17,57636.0,0.0223124436116315,0.0009073891395205638,58922.0,57688.29828044541,0.0,57636.0,1233.7017195545923,1522019.932831958,1,1,2496
KNN,H5,42,2023-10-11,2023-10-18,57636.0,0.0354639461447705,0.0011504952759956509,59680.0,57702.30994572729,0.0,57636.0,1977.690054272709,3911257.9507691907,1,1,2495
KNN,H6,42,2023-10-11,2023-10-19,57636.0,0.0398882642792699,0.0014271011419871712,59935.0,57718.252401419566,0.0,57636.0,2216.747598580434,4913969.915812121,1,1,2494
KNN,H7,42,2023-10-11,2023-10-20,57636.0,0.0480428898605038,0.0008144766484477288,60405.0,57682.94317610993,0.0,57636.0,2722.056823890067,7409593.352486478,1,1,2493
KNN,H1,43,2023-10-12,2023-10-13,57613.0,0.0239529272907157,0.00030965947626543827,58993.0,57630.84041140608,0.0,57613.0,1362.1595885939169,1855478.7447983488,1,1,2500
KNN,H2,43,2023-10-12,2023-10-16,57613.0,0.0239529272907157,0.0006022197572258458,58993.0,57647.69568687305,0.0,57613.0,1345.3043131269515,1809843.6949179787,1,1,2499
KNN,H3,43,2023-10-12,2023-10-17,57613.0,0.0227205665388019,0.0005213373310728481,58922.0,57643.0358076551,0.0,57613.0,1278.9641923449017,1635749.4053004466,1,1,2498
KNN,H4,43,2023-10-12,2023-10-18,57613.0,0.0358773193550066,0.0004493381495378861,59680.0,57638.887718809325,0.0,57613.0,2041.1122811906753,4166139.344427402,1,1,2497
KNN,H5,43,2023-10-12,2023-10-19,57613.0,0.0403034037456824,7.457197459822688e-05,59935.0,57617.29631517253,0.0,57613.0,2317.703684827473,5371750.370662846,1,1,2496
KNN,H6,43,2023-10-12,2023-10-20,57613.0,0.0484612847794767,0.0012281507677601767,60405.0,57683.75745018297,0.0,57613.0,2721.242549817027,7405161.014934674,1,1,2495
KNN,H7,43,2023-10-12,2023-10-23,57613.0,0.0484092131984101,0.0009063373939520842,60402.0,57665.21681627777,0.0,57613.0,2736.783183722233,7489982.194704802,1,1,2494
KNN,H1,44,2023-10-13,2023-10-16,58993.0,0.0,-5.531981928445488e-06,58993.0,58992.67365179009,0.0,58993.0,0.32634820990642766,0.10650315410912976,0,-1,2501
KNN,H2,44,2023-10-13,2023-10-17,58993.0,-0.0012035326225144,8.637328222593928e-05,58922.0,58998.09541903836,0.0,58993.0,76.09541903836362,5790.512798624152,-1,1,2500
KNN,H3,44,2023-10-13,2023-10-18,58993.0,0.0116454494601054,-0.00010439174457484546,59680.0,58986.84161781229,0.0,58993.0,693.1583821877066,480468.5427970787,1,-1,2499
KNN,H4,44,2023-10-13,2023-10-19,58993.0,0.0159679962029393,0.0018579251544903318,59935.0,59102.60457863885,0.0,58993.0,832.3954213611505,692882.1375030073,1,1,2498
KNN,H5,44,2023-10-13,2023-10-20,58993.0,0.0239350431407117,0.0010200766905283888,60405.0,59053.17738420434,0.0,58993.0,1351.8226157956597,1827424.3845766196,1,1,2497
KNN,H6,44,2023-10-13,2023-10-23,58993.0,0.0238841896496193,0.0016562128204527468,60402.0,59090.70496291696,0.0,58993.0,1311.2950370830367,1719494.6742786027,1,1,2496
KNN,H7,44,2023-10-13,2023-10-24,58993.0,0.0230196803010527,0.0018692775848398512,60351.0,59103.27429256246,0.0,58993.0,1247.7257074375375,1556819.4410005035,1,1,2495
KNN,H1,45,2023-10-16,2023-10-17,58993.0,-0.0012035326225144,9.745631726384827e-05,58922.0,58998.74924052434,0.0,58993.0,76.74924052433926,5890.445921062879,-1,1,2502
KNN,H2,45,2023-10-16,2023-10-18,58993.0,0.0116454494601054,0.0002712087224216308,59680.0,59008.99941616182,0.0,58993.0,671.0005838381767,450241.78351117397,1,1,2501
KNN,H3,45,2023-10-16,2023-10-19,58993.0,0.0159679962029393,0.00012856121308563444,59935.0,59000.58421164357,0.0,58993.0,934.415788356433,873132.8655297742,1,1,2500
KNN,H4,45,2023-10-16,2023-10-20,58993.0,0.0239350431407117,-0.0008021406401547283,60405.0,58945.679317215356,0.0,58993.0,1459.3206827846443,2129616.8552030404,1,-1,2499
KNN,H5,45,2023-10-16,2023-10-23,58993.0,0.0238841896496193,-0.0006261532196919282,60402.0,58956.06134311071,0.0,58993.0,1445.9386568892878,2090738.5994867976,1,-1,2498
KNN,H6,45,2023-10-16,2023-10-24,58993.0,0.0230196803010527,-0.0010988677760863058,60351.0,58928.17449328535,0.0,58993.0,1422.8255067146529,2024432.4225578087,1,-1,2497
KNN,H7,45,2023-10-16,2023-10-25,58993.0,0.0281219805739663,-0.0011235521262361965,60652.0,58926.71828941695,0.0,58993.0,1725.2817105830472,2976596.9808723656,1,-1,2496
KNN,H1,46,2023-10-17,2023-10-18,58922.0,0.0128644648857811,0.00017530775677728806,59680.0,58932.329483644826,0.0,58922.0,747.6705163551742,559011.2010268128,1,1,2503
KNN,H2,46,2023-10-17,2023-10-19,58922.0,0.0171922202233461,3.8488143758908947e-05,59935.0,58924.26779840657,0.0,58922.0,1010.7322015934333,1021579.5833379086,1,1,2502
KNN,H3,46,2023-10-17,2023-10-20,58922.0,0.0251688673161127,0.0002967417419119933,60405.0,58939.48461691694,0.0,58922.0,1465.5153830830604,2147735.3380530896,1,1,2501
KNN,H4,46,2023-10-17,2023-10-23,58922.0,0.0251179525474356,0.0009046671970598254,60402.0,58975.30480058516,0.0,58922.0,1426.6951994148403,2035459.192033351,1,1,2500
KNN,H5,46,2023-10-17,2023-10-24,58922.0,0.0242524014799225,0.0002258836939576742,60351.0,58935.309519015376,0.0,58922.0,1415.6904809846237,2004179.5379504752,1,1,2499
KNN,H6,46,2023-10-17,2023-10-25,58922.0,0.0293608499372051,0.000532859419232386,60652.0,58953.397142700014,0.0,58922.0,1698.6028572999858,2885251.666827676,1,1,2498
KNN,H7,46,2023-10-17,2023-10-26,58922.0,0.0307694918706085,0.0006030505898107579,60735.0,58957.53294685283,0.0,58922.0,1777.467053147171,3159389.125023688,1,1,2497
KNN,H1,47,2023-10-18,2023-10-19,59680.0,0.0042727882037534,0.0001783807122864637,59935.0,59690.645760909254,0.0,59680.0,244.35423909074598,59708.99416161745,1,1,2504
KNN,H2,47,2023-10-18,2023-10-20,59680.0,0.0121481233243967,0.00015896357912739288,60405.0,59689.48694640233,0.0,59680.0,715.5130535976714,511958.9298686642,1,1,2503
KNN,H3,47,2023-10-18,2023-10-23,59680.0,0.012097855227882,0.0003207733193423752,60402.0,59699.14375169836,0.0,59680.0,702.8562483016431,494006.90577666095,1,1,2502
KNN,H4,47,2023-10-18,2023-10-24,59680.0,0.0112432975871312,0.0005378130320813528,60351.0,59712.09668175462,0.0,59680.0,638.9033182453786,408197.45006495557,1,1,2501
KNN,H5,47,2023-10-18,2023-10-25,59680.0,0.0162868632707775,0.0004410248695586192,60652.0,59706.32036421525,0.0,59680.0,945.6796357847488,894309.9735379752,1,1,2500
KNN,H6,47,2023-10-18,2023-10-26,59680.0,0.0176776139410188,0.0006278563813606704,60735.0,59717.4704688396,0.0,59680.0,1017.5295311603986,1035366.3467835006,1,1,2499
KNN,H7,47,2023-10-18,2023-10-27,59680.0,0.021313672922252,0.00042203362630971713,60952.0,59705.18696681816,0.0,59680.0,1246.8130331818393,1554542.7397120981,1,1,2498
KNN,H1,48,2023-10-19,2023-10-20,59935.0,0.0078418286477017,0.00025745596438532916,60405.0,59950.43062322543,0.0,59935.0,454.5693767745688,206633.3183012199,1,1,2505
KNN,H2,48,2023-10-19,2023-10-23,59935.0,0.0077917744222908,0.00045787372891054073,60402.0,59962.44266194225,0.0,59935.0,439.557338057748,193210.65344041336,1,1,2504
KNN,H3,48,2023-10-19,2023-10-24,59935.0,0.006940852590306,9.144409867664918e-05,60351.0,59940.48070205418,0.0,59935.0,410.5192979458225,168526.09398593096,1,1,2503
KNN,H4,48,2023-10-19,2023-10-25,59935.0,0.011962959873196,0.00032333029058982427,60652.0,59954.3788009665,0.0,59935.0,697.6211990334996,486675.33734093764,1,1,2502
KNN,H5,48,2023-10-19,2023-10-26,59935.0,0.0133477934428964,-0.000970964454040398,60735.0,59876.80524544709,0.0,59935.0,858.194754552911,736498.2367421312,1,-1,2501
KNN,H6,48,2023-10-19,2023-10-27,59935.0,0.0169683824142821,-0.00010166063267665743,60952.0,59928.906969980526,0.0,59935.0,1023.0930300194741,1046719.3480744285,1,-1,2500
KNN,H7,48,2023-10-19,2023-10-30,59935.0,0.0190539751397347,-0.0004567583481964616,61077.0,59907.62418840084,0.0,59935.0,1169.3758115991586,1367439.788753191,1,-1,2499
KNN,H1,49,2023-10-20,2023-10-23,60405.0,-4.966476285073185e-05,0.00027125247265280815,60402.0,60421.3850056106,0.0,60405.0,19.385005610602093,375.7784425230746,-1,1,2506
KNN,H2,49,2023-10-20,2023-10-24,60405.0,-0.0008939657313136,0.0007128639078512473,60351.0,60448.06054435376,0.0,60405.0,97.060544353757,9420.749270247628,-1,1,2505
KNN,H3,49,2023-10-20,2023-10-25,60405.0,0.0040890654747123,0.0009572185942036569,60652.0,60462.82078918288,0.0,60405.0,189.1792108171212,35788.77380538879,1,1,2504
KNN,H4,49,2023-10-20,2023-10-26,60405.0,0.0054631239135833,4.282333330046369e-05,60735.0,60407.58674344802,0.0,60405.0,327.41325655198307,107199.44056597468,1,1,2503
KNN,H5,49,2023-10-20,2023-10-27,60405.0,0.0090555417597881,0.0012169698907851091,60952.0,60478.511066252875,0.0,60405.0,473.488933747125,224191.7703809893,1,1,2502
KNN,H6,49,2023-10-20,2023-10-30,60405.0,0.0111249068785697,0.00011766129667348668,61077.0,60412.107330625564,0.0,60405.0,664.8926693744361,442082.26178786316,1,1,2501
KNN,H7,49,2023-10-20,2023-10-31,60405.0,0.0078470325304196,0.00025931319534663877,60879.0,60420.66381356491,0.0,60405.0,458.33618643508817,210072.0597958599,1,1,2500
KNN,H1,50,2023-10-23,2023-10-24,60402.0,-0.0008443429025528,0.00040473025759982803,60351.0,60426.44651701954,0.0,60402.0,75.4465170195399,5692.176930379724,-1,1,2507
KNN,H2,50,2023-10-23,2023-10-25,60402.0,0.004138935796828,0.001134288230803192,60652.0,60470.51327771697,0.0,60402.0,181.48672228302894,32937.430365037275,1,1,2506
KNN,H3,50,2023-10-23,2023-10-26,60402.0,0.0055130624813748,0.0012324035482406581,60735.0,60476.439639120836,0.0,60402.0,258.56036087916436,66853.46021796371,1,1,2505
KNN,H4,50,2023-10-23,2023-10-27,60402.0,0.0091056587530213,0.0004379416025546147,60952.0,60428.4525486775,0.0,60402.0,523.5474513224981,274101.9337862835,1,1,2504
KNN,H5,50,2023-10-23,2023-10-30,60402.0,0.0111751266514352,-0.00010935873976847797,61077.0,60395.394513400504,0.0,60402.0,681.6054865994956,464586.03936253523,1,-1,2503
KNN,H6,50,2023-10-23,2023-10-31,60402.0,0.0078970895003476,-0.00014975260816229308,60879.0,60392.954642961784,0.0,60402.0,486.045357038216,236240.0890984069,1,-1,2502
KNN,H7,50,2023-10-23,2023-11-01,60402.0,0.0058772888314957,-0.00020280206272404983,60757.0,60389.75034980734,0.0,60402.0,367.249650192658,134872.3055666297,1,-1,2501
KNN,H1,51,2023-10-24,2023-10-25,60351.0,0.004987489851038,0.00032008111508882616,60652.0,60370.31721537672,0.0,60351.0,281.68278462327726,79345.1911531236,1,1,2508
KNN,H2,51,2023-10-24,2023-10-26,60351.0,0.0063627777501615,0.0005174663377705668,60735.0,60382.22961095079,0.0,60351.0,352.7703890492121,124446.94738993247,1,1,2507
KNN,H3,51,2023-10-24,2023-10-27,60351.0,0.0099584099683518,0.0006592210358837645,60952.0,60390.78464873662,0.0,60351.0,561.2153512633813,314962.67049368046,1,1,2506
KNN,H4,51,2023-10-24,2023-10-30,60351.0,0.0120296266838992,0.0016033710168994642,61077.0,60447.7650442409,0.0,60351.0,629.2349557591006,395936.6295491572,1,1,2505
KNN,H5,51,2023-10-24,2023-10-31,60351.0,0.0087488194064722,0.0014028966217315827,60879.0,60435.66621401813,0.0,60351.0,443.3337859818712,196544.84579301957,1,1,2504
KNN,H6,51,2023-10-24,2023-11-01,60351.0,0.0067273118920978,0.0015371244277020174,60757.0,60443.76699633624,0.0,60351.0,313.2330036637577,98114.91458421964,1,1,2503
KNN,H7,51,2023-10-24,2023-11-02,60351.0,0.0075226591108681,0.0013617627692196095,60805.0,60433.183744885166,0.0,60351.0,371.81625511483435,138247.3275676196,1,1,2502
KNN,H1,52,2023-10-25,2023-10-26,60652.0,0.0013684627052694,0.00020508378723061322,60735.0,60664.438741863116,0.0,60652.0,70.56125813688413,4978.891149859997,1,1,2509
KNN,H2,52,2023-10-25,2023-10-27,60652.0,0.0049462507419375,0.00013741082969752287,60952.0,60660.334241642806,0.0,60652.0,291.66575835719414,85068.91459807716,1,1,2508
KNN,H3,52,2023-10-25,2023-10-30,60652.0,0.0070071885510782,-0.0005527173800537449,61077.0,60618.47658546498,0.0,60652.0,458.5234145350187,210243.72167685258,1,-1,2507
KNN,H4,52,2023-10-25,2023-10-31,60652.0,0.0037426630613994,-6.243025275326654e-05,60879.0,60648.213480310005,0.0,60652.0,230.78651968999475,53262.417670620336,1,-1,2506
KNN,H5,52,2023-10-25,2023-11-01,60652.0,0.0017311877596781,-0.0007401174740455968,60757.0,60607.11039496419,0.0,60652.0,149.88960503580893,22466.893697790798,1,-1,2505
KNN,H6,52,2023-10-25,2023-11-02,60652.0,0.0025225878783881,2.405822283514893e-05,60805.0,60653.4591793314,0.0,60652.0,151.540820668597,22964.62032891188,1,1,2504
KNN,H7,52,2023-10-25,2023-11-03,60652.0,0.0029182879377431,-3.399233846637568e-05,60829.0,60649.93829668734,0.0,60652.0,179.06170331266185,32063.093593231733,1,-1,2503
KNN,H1,53,2023-10-26,2023-10-27,60735.0,0.0035728986581049,0.00026509589739580217,60952.0,60751.10059932833,0.0,60735.0,200.89940067166754,40360.56919023521,1,1,2510
KNN,H2,53,2023-10-26,2023-10-30,60735.0,0.0056310200049394,0.0004536360048631772,61077.0,60762.55158275537,0.0,60735.0,314.44841724463186,98877.8071076541,1,1,2509
KNN,H3,53,2023-10-26,2023-10-31,60735.0,0.0023709557915534,0.0003026555015921668,60879.0,60753.3817818892,0.0,60735.0,125.61821811080154,15779.936721332908,1,1,2508
KNN,H4,53,2023-10-26,2023-11-01,60735.0,0.0003622293570428,0.0007298799491473462,60757.0,60779.32925871146,0.0,60735.0,22.3292587114629,498.59579460344173,1,1,2507
KNN,H5,53,2023-10-26,2023-11-02,60735.0,0.0011525479542273,-0.0005187072663600194,60805.0,60703.496314177624,0.0,60735.0,101.5036858223757,10302.998235527553,1,-1,2506
KNN,H6,53,2023-10-26,2023-11-03,60735.0,0.0015477072528196,-0.0006022809347693488,60829.0,60698.42046742678,0.0,60735.0,130.57953257321788,17051.01432704007,1,-1,2505
KNN,H7,53,2023-10-26,2023-11-06,60735.0,0.0013665925742982,-0.0003882824991886242,60818.0,60711.417662411775,0.0,60735.0,106.58233758822462,11359.79468577028,1,-1,2504
KNN,H1,54,2023-10-27,2023-10-30,60952.0,0.002050794067463,0.00016172492940698104,61077.0,60961.85745789722,0.0,60952.0,115.14254210278159,13257.80500189083,1,1,2511
KNN,H2,54,2023-10-27,2023-10-31,60952.0,-0.0011976637353983,0.000431832481707001,60879.0,60978.321053425,0.0,60952.0,99.3210534250029,9864.67165345228,-1,1,2510
KNN,H3,54,2023-10-27,2023-11-01,60952.0,-0.0031992387452421,0.0005561478294816867,60757.0,60985.89832250257,0.0,60952.0,228.89832250257314,52394.44204449198,-1,1,2509
KNN,H4,54,2023-10-27,2023-11-02,60952.0,-0.0024117338233363,0.0008491266690979455,60805.0,61003.75596873486,0.0,60952.0,198.7559687348621,39503.93510773349,-1,1,2508
KNN,H5,54,2023-10-27,2023-11-03,60952.0,-0.0020179813623835,0.000790679757769353,60829.0,61000.19351259555,0.0,60952.0,171.1935125955497,29307.21875480263,-1,1,2507
KNN,H6,54,2023-10-27,2023-11-06,60952.0,-0.0021984512403202,0.001639620801659925,60818.0,61051.93816710278,0.0,60952.0,233.93816710278043,54727.066027408415,-1,1,2506
KNN,H7,54,2023-10-27,2023-11-07,60952.0,-0.0096305289408058,0.0014355451042820007,60365.0,61039.4993451962,0.0,60952.0,674.4993451962,454949.3666701026,-1,1,2505
KNN,H1,55,2023-10-30,2023-10-31,61077.0,-0.0032418095191315,0.00018164553127353043,60879.0,61088.0943641136,0.0,61077.0,209.09436411359638,43720.45310406922,-1,1,2512
KNN,H2,55,2023-10-30,2023-11-01,61077.0,-0.0052392881117278,0.000646155585868493,60757.0,61116.46524471809,0.0,61077.0,359.46524471809244,129215.26216023808,-1,1,2511
KNN,H3,55,2023-10-30,2023-11-02,61077.0,-0.0044533948949686,0.0008795736168933515,60805.0,61130.721717798995,0.0,61077.0,325.7217177989951,106094.6374459282,-1,1,2510
KNN,H4,55,2023-10-30,2023-11-03,61077.0,-0.004060448286589,0.0008948992869765697,60829.0,61131.65776375067,0.0,61077.0,302.6577637506707,91601.72195855681,-1,1,2509
KNN,H5,55,2023-10-30,2023-11-06,61077.0,-0.0042405488154296,0.0008609863563302669,60818.0,61129.586463685584,0.0,61077.0,311.586463685584,97086.12435208778,-1,1,2508
KNN,H6,55,2023-10-30,2023-11-07,61077.0,-0.0116574160485943,0.0008337641954323751,60365.0,61127.92381576442,0.0,61077.0,762.9238157644213,582052.7486605446,-1,1,2507
KNN,H7,55,2023-10-30,2023-11-08,61077.0,-0.0169294497110205,0.000501449444997074,60043.0,61107.62702775209,0.0,61077.0,1064.627027752089,1133430.7082202472,-1,1,2506
KNN,H1,56,2023-10-31,2023-11-01,60879.0,-0.0020039750981455,0.0005793309152339812,60757.0,60914.26908678853,0.0,60879.0,157.26908678853215,24733.565659298856,-1,1,2513
KNN,H2,56,2023-10-31,2023-11-02,60879.0,-0.001215525879203,0.0005926564781123347,60805.0,60915.08033373099,0.0,60879.0,110.0803337309917,12117.679874326508,-1,1,2512
KNN,H3,56,2023-10-31,2023-11-03,60879.0,-0.0008213012697317,0.0009877336405837932,60829.0,60939.13223630509,0.0,60879.0,110.1322363050931,12129.109473560868,-1,1,2511
KNN,H4,56,2023-10-31,2023-11-06,60879.0,-0.0010019875490727,0.0018204789484848572,60818.0,60989.82893790481,0.0,60879.0,171.8289379048074,29525.183901494154,-1,1,2510
KNN,H5,56,2023-10-31,2023-11-07,60879.0,-0.0084429770528424,0.0017461560582713504,60365.0,60985.30423467151,0.0,60879.0,620.3042346715083,384777.34355140565,-1,1,2509
KNN,H6,56,2023-10-31,2023-11-08,60879.0,-0.013732157229915,0.0010973657064354575,60043.0,60945.80652684208,0.0,60879.0,902.8065268420833,815059.6249086652,-1,1,2508
KNN,H7,56,2023-10-31,2023-11-09,60879.0,-0.0099870234399382,0.0009482877639270398,60271.0,60936.730810780115,0.0,60879.0,665.7308107801146,443197.51242194866,-1,1,2507
KNN,H1,57,2023-11-01,2023-11-02,60757.0,0.0007900324242473,0.00041614232288612055,60805.0,60782.283559111595,0.0,60757.0,22.716440888405486,516.0366866364207,1,1,2514
KNN,H2,57,2023-11-01,2023-11-03,60757.0,0.0011850486363711,0.0007781787061050735,60829.0,60804.27980364682,0.0,60757.0,24.720196353177016,611.0881077396263,1,1,2513
KNN,H3,57,2023-11-01,2023-11-06,60757.0,0.0010039995391477,0.0002581513448939466,60818.0,60772.68450126173,0.0,60757.0,45.31549873827316,2053.4944258984365,1,1,2512
KNN,H4,57,2023-11-01,2023-11-07,60757.0,-0.0064519314646871,0.00026619010142930985,60365.0,60773.172911992544,0.0,60757.0,408.17291199254396,166605.12608447304,-1,1,2511
KNN,H5,57,2023-11-01,2023-11-08,60757.0,-0.0117517323106802,-0.00036930525601901074,60043.0,60734.562120560055,0.0,60757.0,691.5621205600546,478258.1665935195,-1,-1,2510
KNN,H6,57,2023-11-01,2023-11-09,60757.0,-0.007999078295505,0.000745049016598105,60271.0,60802.26694310145,0.0,60757.0,531.266943101451,282244.5648323604,-1,1,2509
KNN,H7,57,2023-11-01,2023-11-10,60757.0,-0.0174465493687969,0.0004599192596874562,59697.0,60784.943314460834,0.0,60757.0,1087.9433144608338,1183620.6554800246,-1,1,2508
KNN,H1,58,2023-11-02,2023-11-03,60805.0,0.0003947043828631,0.00024080802812018098,60829.0,60819.64233214985,0.0,60805.0,9.357667850148573,87.56594759370422,1,1,2515
KNN,H2,58,2023-11-02,2023-11-06,60805.0,0.0002137982073842,0.0003591771304034895,60818.0,60826.83976541418,0.0,60805.0,8.839765414180874,78.14145257774837,1,1,2514
KNN,H3,58,2023-11-02,2023-11-07,60805.0,-0.0072362470191595,9.745448718815147e-05,60365.0,60810.92572009347,0.0,60805.0,445.9257200934735,198849.7478408829,-1,1,2513
KNN,H4,58,2023-11-02,2023-11-08,60805.0,-0.0125318641559082,0.001066202089403275,60043.0,60869.830418046164,0.0,60805.0,826.8304180461637,683648.5402063938,-1,1,2512
KNN,H5,58,2023-11-02,2023-11-09,60805.0,-0.0087821725187073,0.0006410583639557584,60271.0,60843.97955382033,0.0,60805.0,572.9795538203325,328305.5690961473,-1,1,2511
KNN,H6,58,2023-11-02,2023-11-10,60805.0,-0.0182221856755201,0.0021126641436014044,59697.0,60933.46054325168,0.0,60805.0,1236.4605432516764,1528834.6750182307,-1,1,2510
KNN,H7,58,2023-11-02,2023-11-12,60805.0,-0.0167749362716881,0.0014336965581342527,59785.0,60892.175919217356,0.0,60805.0,1107.1759192173558,1225838.5160947968,-1,1,2509
KNN,H1,59,2023-11-03,2023-11-06,60829.0,-0.0001808347991911,-3.797876958745343e-05,60818.0,60826.68978942477,0.0,60829.0,8.689789424766786,75.51244024678867,-1,-1,2516
KNN,H2,59,2023-11-03,2023-11-07,60829.0,-0.0076279406204277,6.520337297166326e-05,60365.0,60832.96625597449,0.0,60829.0,467.9662559744902,218992.41673078208,-1,1,2515
KNN,H3,59,2023-11-03,2023-11-08,60829.0,-0.0129214683785694,0.00043919992925860695,60043.0,60855.71609249687,0.0,60829.0,812.7160924968703,660507.4470033813,-1,1,2514
KNN,H4,59,2023-11-03,2023-11-09,60829.0,-0.0091732561771523,0.001339280730247169,60271.0,60910.46710754021,0.0,60829.0,639.4671075402075,408918.1816258393,-1,1,2513
KNN,H5,59,2023-11-03,2023-11-10,60829.0,-0.0186095447894918,0.0017997107529130589,59697.0,60938.47460538895,0.0,60829.0,1241.4746053889467,1541259.1958256408,-1,1,2512
KNN,H6,59,2023-11-03,2023-11-12,60829.0,-0.0171628663959624,0.0011854526404218885,59785.0,60901.10989866422,0.0,60829.0,1116.1098986642173,1245701.3058962494,-1,1,2511
KNN,H7,59,2023-11-03,2023-11-13,60829.0,-0.0161929342912098,0.0009856033506470954,59844.0,60888.95326621651,0.0,60829.0,1044.9532662165075,1091927.328576547,-1,1,2510
KNN,H1,60,2023-11-06,2023-11-07,60818.0,-0.0074484527606958,-4.9985386555542634e-06,60365.0,60817.69599887605,0.0,60818.0,452.69599887605,204933.66739838466,-1,-1,2517
KNN,H2,60,2023-11-06,2023-11-08,60818.0,-0.0127429379460027,6.869253951542519e-05,60043.0,60822.177742868254,0.0,60818.0,779.1777428682544,607117.9549812676,-1,1,2516
KNN,H3,60,2023-11-06,2023-11-09,60818.0,-0.0089940478147916,0.0004186822042853019,60271.0,60843.463414300226,0.0,60818.0,572.4634143002258,327714.360712272,-1,1,2515
KNN,H4,60,2023-11-06,2023-11-10,60818.0,-0.0184320431451214,0.0014405927039123593,59697.0,60905.613967066536,0.0,60818.0,1208.6139670665361,1460747.7213883102,-1,1,2514
KNN,H5,60,2023-11-06,2023-11-12,60818.0,-0.0169851030944786,0.0017856787641247656,59785.0,60926.601411076546,0.0,60818.0,1141.6014110765464,1303253.7817719618,-1,1,2513
KNN,H6,60,2023-11-06,2023-11-13,60818.0,-0.0160149955605248,0.001523478870335076,59844.0,60910.654937936044,0.0,60818.0,1066.654937936044,1137752.756623346,-1,1,2512
KNN,H7,60,2023-11-06,2023-11-14,60818.0,-0.0120852379229833,0.0015435791128522887,60083.0,60911.87739448545,0.0,60818.0,828.8773944854474,687037.735088984,-1,1,2511
KNN,H1,61,2023-11-07,2023-11-08,60365.0,-0.005334216847511,0.00034902062521277116,60043.0,60386.06863004097,0.0,60365.0,343.0686300409725,117696.08491818965,-1,1,2518
KNN,H2,61,2023-11-07,2023-11-09,60365.0,-0.0015571937380932,0.0008895975656007641,60271.0,60418.70055704749,0.0,60365.0,147.70055704748665,21815.45455213786,-1,1,2517
KNN,H3,61,2023-11-07,2023-11-10,60365.0,-0.0110660150749606,0.0006069217437475343,59697.0,60401.63683106131,0.0,60365.0,704.6368310613107,496513.06368812604,-1,1,2516
KNN,H4,61,2023-11-07,2023-11-12,60365.0,-0.009608216681852,0.000804103009329562,59785.0,60413.53967815818,0.0,60365.0,628.5396781581803,395062.1270191889,-1,1,2515
KNN,H5,61,2023-11-07,2023-11-13,60365.0,-0.008630829122836,0.0005777579734850692,59844.0,60399.87636006943,0.0,60365.0,555.8763600694292,308998.5276840377,-1,1,2514
KNN,H6,61,2023-11-07,2023-11-14,60365.0,-0.0046715812142797,0.0008421076106076923,60083.0,60415.833825914335,0.0,60365.0,332.83382591433474,110778.35567277369,-1,1,2513
KNN,H7,61,2023-11-07,2023-11-15,60365.0,-0.0040586432535409,0.0007897844293070983,60120.0,60412.67533707512,0.0,60365.0,292.67533707511757,85658.85293203368,-1,1,2512
KNN,H1,62,2023-11-08,2023-11-09,60043.0,0.003797278616991,-0.0002992142122533731,60271.0,60025.034281053675,0.0,60043.0,245.96571894632507,60499.134896782576,1,-1,2519
KNN,H2,62,2023-11-08,2023-11-10,60043.0,-0.0057625368485918,-0.00038695086534101233,59697.0,60019.76630919233,0.0,60043.0,322.7663091923314,104178.09034963966,-1,-1,2518
KNN,H3,62,2023-11-08,2023-11-12,60043.0,-0.0042969205402794,-0.0007593455859623146,59785.0,59997.406612982064,0.0,60043.0,212.40661298206396,45116.569238512304,-1,-1,2517
KNN,H4,62,2023-11-08,2023-11-13,60043.0,-0.0033142914244791,-0.0001983905110869762,59844.0,60031.08803854281,0.0,60043.0,187.08803854280995,35001.934165795945,-1,-1,2516
KNN,H5,62,2023-11-08,2023-11-14,60043.0,0.0006661892310511,-0.00013763575285902118,60083.0,60034.73593649109,0.0,60043.0,48.26406350891193,2329.4198263922844,1,-1,2515
KNN,H6,62,2023-11-08,2023-11-15,60043.0,0.0012824142697733,0.0011991942423287476,60120.0,60115.00321989215,0.0,60043.0,4.996780107852828,24.96781144623372,1,1,2514
KNN,H7,62,2023-11-08,2023-11-16,60043.0,0.0101760405043052,0.0008811506730089665,60654.0,60095.90692985947,0.0,60043.0,558.0930701405305,311467.87493888306,1,1,2513
KNN,H1,63,2023-11-09,2023-11-10,60271.0,-0.0095236515073584,-7.95575276084486e-05,59697.0,60266.20498825351,0.0,60271.0,569.2049882535066,323994.3186526746,-1,-1,2520
KNN,H2,63,2023-11-09,2023-11-12,60271.0,-0.0080635794992616,-0.0002505826485194318,59785.0,60255.89713319109,0.0,60271.0,470.89713319108705,221744.11004758437,-1,-1,2519
KNN,H3,63,2023-11-09,2023-11-13,60271.0,-0.0070846675847422,-0.0005294774521722567,59844.0,60239.08786448013,0.0,60271.0,395.0878644801269,156094.4206594671,-1,-1,2518
KNN,H4,63,2023-11-09,2023-11-14,60271.0,-0.0031192447445703,0.0006268247183337322,60083.0,60308.779352598685,0.0,60271.0,225.77935259868536,50976.316059881494,-1,1,2517
KNN,H5,63,2023-11-09,2023-11-15,60271.0,-0.0025053508320751,-0.0004264846363944624,60120.0,60245.29534447987,0.0,60271.0,125.29534447986953,15698.923348329172,-1,-1,2516
KNN,H6,63,2023-11-09,2023-11-16,60271.0,0.0063546315806939,0.0022293365045623647,60654.0,60405.36434046648,0.0,60271.0,248.63565953351645,61819.69119166671,1,1,2515
KNN,H7,63,2023-11-09,2023-11-17,60271.0,0.0067528330374475,0.002126746961957408,60678.0,60399.18116614414,0.0,60271.0,278.81883385586116,77739.94211274231,1,1,2514
KNN,H1,64,2023-11-10,2023-11-12,59697.0,0.0014741109268472,0.0001748778450630972,59785.0,59707.43968271674,0.0,59697.0,77.56031728326343,6015.602817080492,1,1,2521
KNN,H2,64,2023-11-10,2023-11-13,59697.0,0.0024624352982562,0.0006039960951246821,59844.0,59733.05675489066,0.0,59697.0,110.94324510933802,12308.403635390656,1,1,2520
KNN,H3,64,2023-11-10,2023-11-14,59697.0,0.006465986565489,0.0002947262213977877,60083.0,59714.59427123878,0.0,59697.0,368.40572876122314,135722.7809840879,1,1,2519
KNN,H4,64,2023-11-10,2023-11-15,59697.0,0.0070857832051862,0.0008944714275217463,60120.0,59750.39726080876,0.0,59697.0,369.602739191243,136606.18481767,1,1,2518
KNN,H5,64,2023-11-10,2023-11-16,59697.0,0.0160309563294638,0.0010939405090516817,60654.0,59762.30496656886,0.0,59697.0,891.6950334311405,795120.0326457628,1,1,2517
KNN,H6,64,2023-11-10,2023-11-17,59697.0,0.0164329865822403,0.0006070534996463801,60678.0,59733.239272768384,0.0,59697.0,944.7607272316163,892572.8317192126,1,1,2516
KNN,H7,64,2023-11-10,2023-11-20,59697.0,0.0160812101110607,0.0014555938194430313,60657.0,59783.894584239286,0.0,59697.0,873.1054157607141,762313.0670306894,1,1,2515
KNN,H1,65,2023-11-12,2023-11-13,59785.0,0.0009868696161243,-7.401287683774204e-05,59844.0,59780.57514015826,0.0,59785.0,63.42485984173982,4022.71284594434,1,-1,2522
KNN,H2,65,2023-11-12,2023-11-14,59785.0,0.0049845278916116,-7.335666432091395e-05,60083.0,59780.61437182357,0.0,59785.0,302.38562817643106,91437.06812765481,1,-1,2521
KNN,H3,65,2023-11-12,2023-11-15,59785.0,0.0056034122271473,-0.00018624886677491846,60120.0,59773.865111499865,0.0,59785.0,346.1348885001353,119809.36103700109,1,-1,2520
KNN,H4,65,2023-11-12,2023-11-16,59785.0,0.0145354185832566,0.00024743964306165727,60654.0,59799.79317906044,0.0,59785.0,854.2068209395584,729669.2929396668,1,1,2519
KNN,H5,65,2023-11-12,2023-11-17,59785.0,0.0149368570711716,-0.000291314536810461,60678.0,59767.58376041679,0.0,59785.0,910.41623958321,828857.7292968328,1,-1,2518
KNN,H6,65,2023-11-12,2023-11-20,59785.0,0.014585598394246,0.0006536257097074705,60657.0,59824.077013054855,0.0,59785.0,832.9229869451447,693760.7021816216,1,1,2517
KNN,H7,65,2023-11-12,2023-11-21,59785.0,0.023868863427281,0.0004315794573012236,61212.0,59810.80197785476,0.0,59785.0,1401.1980221452395,1963355.897263731,1,1,2516
KNN,H1,66,2023-11-13,2023-11-14,59844.0,0.0039937169975268,0.0003029638491117139,60083.0,59862.13056858624,0.0,59844.0,220.86943141376105,48783.3057330381,1,1,2523
KNN,H2,66,2023-11-13,2023-11-15,59844.0,0.0046119911770603,0.00039598139853061395,60120.0,59867.697110813664,0.0,59844.0,252.30288918633596,63656.747891772524,1,1,2522
KNN,H3,66,2023-11-13,2023-11-16,59844.0,0.0135351914978945,-0.0002110485848235602,60654.0,59831.370008489816,0.0,59844.0,822.6299915101845,676720.1029320462,1,-1,2521
KNN,H4,66,2023-11-13,2023-11-17,59844.0,0.0139362342089432,0.0005085848097965407,60678.0,59874.435749357464,0.0,59844.0,803.5642506425356,645715.5049106998,1,1,2520
KNN,H5,66,2023-11-13,2023-11-20,59844.0,0.0135853218367756,-0.00012437546397502916,60657.0,59836.55687473388,0.0,59844.0,820.4431252661234,673126.9217964439,1,-1,2519
KNN,H6,66,2023-11-13,2023-11-21,59844.0,0.0228594345297774,0.0016306159693685836,61212.0,59941.5825820709,0.0,59844.0,1270.4174179291003,1613960.4157776423,1,1,2518
KNN,H7,66,2023-11-13,2023-11-22,59844.0,0.020403047924604,0.001432664152519757,61065.0,59929.73635354339,0.0,59844.0,1135.2636464566094,1288823.5469659574,1,1,2517
KNN,H1,67,2023-11-14,2023-11-15,60083.0,0.0006158147895412,0.00032170653318383557,60120.0,60102.32909363328,0.0,60083.0,17.670906366722193,312.2609318214629,1,1,2524
KNN,H2,67,2023-11-14,2023-11-16,60083.0,0.009503520130486,0.00019956338208715162,60654.0,60094.99036668594,0.0,60083.0,559.0096333140609,312491.77013792086,1,1,2523
KNN,H3,67,2023-11-14,2023-11-17,60083.0,0.0099029675615398,-3.476697087227345e-05,60678.0,60080.91109608908,0.0,60083.0,597.088903910917,356515.15917354025,1,-1,2522
KNN,H4,67,2023-11-14,2023-11-20,60083.0,0.0095534510593677,0.00010113090379682257,60657.0,60089.076248092824,0.0,60083.0,567.9237519071758,322537.38798032334,1,1,2521
KNN,H5,67,2023-11-14,2023-11-21,60083.0,0.0187906729024849,0.0008496689698288965,61212.0,60134.05066071423,0.0,60083.0,1077.9493392857694,1161974.7780666267,1,1,2520
KNN,H6,67,2023-11-14,2023-11-22,60083.0,0.0163440573872808,0.000939498735689574,61065.0,60139.44790253644,0.0,60083.0,925.5520974635583,856646.6851191921,1,1,2519
KNN,H7,67,2023-11-14,2023-11-23,60083.0,0.0168100793901768,0.0008268117112364724,61093.0,60132.67732804622,0.0,60083.0,960.3226719537779,922219.6342684433,1,1,2518
KNN,H1,68,2023-11-15,2023-11-16,60120.0,0.0088822355289421,-0.0002795254871061409,60654.0,60103.19492771517,0.0,60120.0,550.8050722848275,303386.227654694,1,-1,2525
KNN,H2,68,2023-11-15,2023-11-17,60120.0,0.0092814371257485,-3.226823006959321e-05,60678.0,60118.06003400822,0.0,60120.0,559.9399659917835,313532.7655148797,1,-1,2524
KNN,H3,68,2023-11-15,2023-11-20,60120.0,0.008932135728543,4.4171600363261615e-05,60657.0,60122.65559661383,0.0,60120.0,534.344403386167,285523.9414301187,1,1,2523
KNN,H4,68,2023-11-15,2023-11-21,60120.0,0.0181636726546905,0.0014874265569864609,61212.0,60209.42408460602,0.0,60120.0,1002.5759153939798,1005158.4661280765,1,1,2522
KNN,H5,68,2023-11-15,2023-11-22,60120.0,0.0157185628742515,0.0024537439215649333,61065.0,60267.519084564476,0.0,60120.0,797.4809154355244,635975.810483882,1,1,2521
KNN,H6,68,2023-11-15,2023-11-23,60120.0,0.0161842980705255,0.0016749173389223266,61093.0,60220.69603041601,0.0,60120.0,872.3039695839907,760914.2153519877,1,1,2520
KNN,H7,68,2023-11-15,2023-11-24,60120.0,0.0204923486360613,0.0011703650823959664,61352.0,60190.362348753646,0.0,60120.0,1161.637651246354,1349402.0327931459,1,1,2519
KNN,H1,69,2023-11-16,2023-11-17,60654.0,0.0003956870115737,0.0004029841848021793,60678.0,60678.44260274499,0.0,60654.0,0.4426027449881076,0.1958971898710078,1,1,2526
KNN,H2,69,2023-11-16,2023-11-20,60654.0,4.946087644674968e-05,0.0004632433262103295,60657.0,60682.09756070797,0.0,60654.0,25.097560707967205,629.8875534900993,1,1,2525
KNN,H3,69,2023-11-16,2023-11-21,60654.0,0.0091997230190918,0.0005807519446777504,61212.0,60689.22492845248,0.0,60654.0,522.7750715475195,273293.7754315141,1,1,2524
KNN,H4,69,2023-11-16,2023-11-22,60654.0,0.006776140073202,0.0015678069381178104,61065.0,60749.0937620246,0.0,60654.0,315.9062379754032,99796.75119177208,1,1,2523
KNN,H5,69,2023-11-16,2023-11-23,60654.0,0.0072377749200382,0.0009644237492737456,61093.0,60712.49615808844,0.0,60654.0,380.503841911559,144783.1737094567,1,1,2522
KNN,H6,69,2023-11-16,2023-11-24,60654.0,0.0115078972532727,0.0010356544533025789,61352.0,60716.81658521061,0.0,60654.0,635.1834147893896,403457.97042350983,1,1,2521
KNN,H7,69,2023-11-16,2023-11-27,60654.0,0.0148877238104658,0.0008586222127312206,61557.0,60706.078871690996,0.0,60654.0,850.9211283090044,724066.7666026691,1,1,2520
KNN,H1,70,2023-11-17,2023-11-20,60678.0,-0.0003460891921289,0.00021906075796114673,60657.0,60691.29216867156,0.0,60678.0,34.29216867156356,1175.952832198965,-1,1,2527
KNN,H2,70,2023-11-17,2023-11-21,60678.0,0.0088005537427073,0.0003792350480783329,61212.0,60701.01122424729,0.0,60678.0,510.98877575271035,261109.5289452537,1,1,2526
KNN,H3,70,2023-11-17,2023-11-22,60678.0,0.0063779293978047,0.00040685061177874447,61065.0,60702.686881421505,0.0,60678.0,362.31311857849505,131270.7958940746,1,1,2525
KNN,H4,70,2023-11-17,2023-11-23,60678.0,0.0068393816539766,0.0011211470443216213,61093.0,60746.02896035534,0.0,60678.0,346.9710396446608,120388.90235209676,1,1,2524
KNN,H5,70,2023-11-17,2023-11-24,60678.0,0.011107815023567,0.00063580210661294,61352.0,60716.57920022505,0.0,60678.0,635.4207997749472,403759.5927866336,1,1,2523
KNN,H6,70,2023-11-17,2023-11-27,60678.0,0.0144863047562542,0.0012860355999827582,61557.0,60756.03406813576,0.0,60678.0,800.9659318642371,641546.4240071457,1,1,2522
KNN,H7,70,2023-11-17,2023-11-28,60678.0,0.028527637694057,0.0008873836935110464,62409.0,60731.84466775486,0.0,60678.0,1677.1553322451364,2812850.0084782937,1,1,2521
KNN,H1,71,2023-11-20,2023-11-21,60657.0,0.0091498095850437,0.00019602687154290512,61212.0,60668.890401947174,0.0,60657.0,543.1095980528262,294968.0354971024,1,1,2528
KNN,H2,71,2023-11-20,2023-11-22,60657.0,0.0067263465057618,0.0006054473368341316,61065.0,60693.724619110355,0.0,60657.0,371.275380889645,137845.40845475098,1,1,2527
KNN,H3,71,2023-11-20,2023-11-23,60657.0,0.0071879585208631,0.0009195619582361321,61093.0,60712.77786970072,0.0,60657.0,380.2221302992766,144568.8683693201,1,1,2526
KNN,H4,71,2023-11-20,2023-11-24,60657.0,0.0114578696605502,0.0012888990721724501,61352.0,60735.180751020765,0.0,60657.0,616.8192489792345,380465.9859113069,1,1,2525
KNN,H5,71,2023-11-20,2023-11-27,60657.0,0.0148375290568276,0.0008767642973392492,61557.0,60710.18189198371,0.0,60657.0,846.8181080162904,717100.9080642896,1,1,2524
KNN,H6,71,2023-11-20,2023-11-28,60657.0,0.0288837232306247,0.0011706642871475242,62409.0,60728.00898366552,0.0,60657.0,1680.991016334483,2825730.796997238,1,1,2523
KNN,H7,71,2023-11-20,2023-11-29,60657.0,0.0298893779778095,0.0008962535967777827,62470.0,60711.36405441975,0.0,60657.0,1758.6359455802522,3092800.389086948,1,1,2522
KNN,H1,72,2023-11-21,2023-11-22,61212.0,-0.0024014899039404,8.649289724157226e-05,61065.0,61217.29440322595,0.0,61212.0,152.29440322594746,23193.585253947476,-1,1,2529
KNN,H2,72,2023-11-21,2023-11-23,61212.0,-0.0019440632555708,0.0001475711640275319,61093.0,61221.03312609245,0.0,61212.0,128.0331260924504,16392.481377005304,-1,1,2528
KNN,H3,72,2023-11-21,2023-11-24,61212.0,0.0022871332418479,0.0001757178394294163,61352.0,61222.75604038716,0.0,61212.0,129.2439596128388,16704.001096405107,1,1,2527
KNN,H4,72,2023-11-21,2023-11-27,61212.0,0.005636149774554,0.0012071386118911948,61557.0,61285.89136871109,0.0,61212.0,271.10863128890924,73499.88995934573,1,1,2526
KNN,H5,72,2023-11-21,2023-11-28,61212.0,0.0195549892178004,0.0009912223355898276,62409.0,61272.67470160613,0.0,61212.0,1136.3252983938728,1291235.183769924,1,1,2525
KNN,H6,72,2023-11-21,2023-11-29,61212.0,0.0205515258446056,0.0014045298963591068,62470.0,61297.974084015936,0.0,61212.0,1172.0259159840643,1373644.747738285,1,1,2524
KNN,H7,72,2023-11-21,2023-11-30,61212.0,0.0233124224008365,0.0009858575802696983,62639.0,61272.34631420347,0.0,61212.0,1366.653685796533,1867742.2969012486,1,1,2523
KNN,H1,73,2023-11-22,2023-11-23,61065.0,0.0004585277982478,0.00025634527142643466,61093.0,61080.653723999654,0.0,61065.0,12.346276000345824,152.43053107671528,1,1,2530
KNN,H2,73,2023-11-22,2023-11-24,61065.0,0.0046999099320397,0.0002859223352692977,61352.0,61082.459847403225,0.0,61065.0,269.54015259677544,72651.893861893,1,1,2529
KNN,H3,73,2023-11-22,2023-11-27,61065.0,0.008056988454925,0.00042797376676821235,61557.0,61091.1342180677,0.0,61065.0,465.865781932298,217030.92677539142,1,1,2528
KNN,H4,73,2023-11-22,2023-11-28,61065.0,0.0220093343158929,0.001131172867680487,62409.0,61134.0750711649,0.0,61065.0,1274.9249288350984,1625433.5741651808,1,1,2527
KNN,H5,73,2023-11-22,2023-11-29,61065.0,0.0230082698763611,0.0007062872266814353,62470.0,61108.1294294973,0.0,61065.0,1361.8705705027023,1854691.450801356,1,1,2526
KNN,H6,73,2023-11-22,2023-11-30,61065.0,0.0257758126586424,0.0006260288736149983,62639.0,61103.22845316731,0.0,61065.0,1535.7715468326933,2358594.2440608833,1,1,2525
KNN,H7,73,2023-11-22,2023-12-01,61065.0,0.029656922950954,0.0011491255381541794,62876.0,61135.17135098738,0.0,61065.0,1740.8286490126193,3030484.3852231014,1,1,2524
KNN,H1,74,2023-11-23,2023-11-24,61093.0,0.0042394382335129,-9.87366581910549e-05,61352.0,61086.96788134114,0.0,61093.0,265.0321186588626,70242.02392080543,1,-1,2531
KNN,H2,74,2023-11-23,2023-11-27,61093.0,0.0075949781480693,-0.00027118038225021064,61557.0,61076.43277690719,0.0,61093.0,480.5672230928103,230944.85591113492,1,-1,2530
KNN,H3,74,2023-11-23,2023-11-28,61093.0,0.0215409294027137,-0.0002545017206209697,62409.0,61077.4517263821,0.0,61093.0,1331.5482736178965,1773020.8049748004,1,-1,2529
KNN,H4,74,2023-11-23,2023-11-29,61093.0,0.0225394071333868,-0.0001940894270586869,62470.0,61081.1424946327,0.0,61093.0,1388.8575053672976,1928925.170215073,1,-1,2528
KNN,H5,74,2023-11-23,2023-11-30,61093.0,0.0253056815019723,-0.00039195623842429154,62639.0,61069.05421752595,0.0,61093.0,1569.945782474053,2464729.7599080666,1,-1,2527
KNN,H6,74,2023-11-23,2023-12-01,61093.0,0.0291850130129474,0.00025041755855252927,62876.0,61108.29875990465,0.0,61093.0,1767.7012400953536,3124767.674234651,1,1,2526
KNN,H7,74,2023-11-23,2023-12-04,61093.0,0.0197895012521893,0.0003284754179249996,62302.0,61113.06754870729,0.0,61093.0,1188.9324512927124,1413560.373736898,1,1,2525
KNN,H1,75,2023-11-24,2023-11-27,61352.0,0.0033413743643238,7.656013111933132e-05,61557.0,61356.697117164425,0.0,61352.0,200.30288283557456,40121.244872241914,1,1,2532
KNN,H2,75,2023-11-24,2023-11-28,61352.0,0.0172284522101968,0.00039405693752839324,62409.0,61376.17618123125,0.0,61352.0,1032.823818768753,1066725.04061607,1,1,2531
KNN,H3,75,2023-11-24,2023-11-29,61352.0,0.0182227148259226,2.4845058562329157e-05,62470.0,61353.52429403291,0.0,61352.0,1116.4757059670883,1246518.0020147082,1,1,2530
KNN,H4,75,2023-11-24,2023-11-30,61352.0,0.0209773112530968,0.0001216917309870688,62639.0,61359.466031079515,0.0,61352.0,1279.5339689204848,1637207.1776214081,1,1,2529
KNN,H5,75,2023-11-24,2023-12-01,61352.0,0.024840266005998,0.000703308778108647,62876.0,61395.14940015453,0.0,61352.0,1480.8505998454712,2192918.499062692,1,1,2528
KNN,H6,75,2023-11-24,2023-12-04,61352.0,0.0154844177858912,0.0001331018828260043,62302.0,61360.166066715145,0.0,61352.0,941.8339332848554,887051.1578868215,1,1,2527
KNN,H7,75,2023-11-24,2023-12-05,61352.0,0.0203416351545182,-0.00011587670177349819,62600.0,61344.890732592794,0.0,61352.0,1255.109267407206,1575299.2731314534,1,-1,2526
KNN,H1,76,2023-11-27,2023-11-28,61557.0,0.0138408304498269,0.00036366995670920486,62409.0,61579.38643152514,0.0,61557.0,829.6135684748588,688258.6729975892,1,1,2533
KNN,H2,76,2023-11-27,2023-11-29,61557.0,0.0148317819256948,0.0005038904195358012,62470.0,61588.017982555364,0.0,61557.0,881.9820174446359,777892.2790957099,1,1,2532
KNN,H3,76,2023-11-27,2023-11-30,61557.0,0.0175772048670337,0.0007251224918956049,62639.0,61601.636365233615,0.0,61557.0,1037.363634766385,1076123.310735726,1,1,2531
KNN,H4,76,2023-11-27,2023-12-01,61557.0,0.021427295027373,0.0012662372438815238,62876.0,61634.94576602161,0.0,61557.0,1241.0542339783933,1540215.6116756967,1,1,2530
KNN,H5,76,2023-11-27,2023-12-04,61557.0,0.0121026040905176,0.0008354181234557627,62302.0,61608.425833425565,0.0,61557.0,693.5741665744354,481045.1245394226,1,1,2529
KNN,H6,76,2023-11-27,2023-12-05,61557.0,0.0169436457267249,0.0010020216431768003,62600.0,61618.68144628903,0.0,61557.0,981.3185537109675,962986.1038573851,1,1,2528
KNN,H7,76,2023-11-27,2023-12-06,61557.0,0.0115665155871793,0.0011939952241030191,62269.0,61630.49876401012,0.0,61557.0,638.5012359898828,407683.8283606081,1,1,2527
KNN,H1,77,2023-11-28,2023-11-29,62409.0,0.0009774231280745,0.0003409787550825085,62470.0,62430.28014312594,0.0,62409.0,39.71985687405686,1577.6670300955618,1,1,2534
KNN,H2,77,2023-11-28,2023-11-30,62409.0,0.0036853658927398,0.0004719200146177211,62639.0,62438.452056192276,0.0,62409.0,200.54794380772364,40219.47776550588,1,1,2533
KNN,H3,77,2023-11-28,2023-12-01,62409.0,0.0074828950952587,0.0006536703155975795,62876.0,62449.79491072612,0.0,62409.0,426.2050892738771,181650.77812295355,1,1,2532
KNN,H4,77,2023-11-28,2023-12-04,62409.0,-0.0017144963066224,0.001181631433744139,62302.0,62482.74443614853,0.0,62409.0,180.74443614853226,32668.551198650854,-1,1,2531
KNN,H5,77,2023-11-28,2023-12-05,62409.0,0.0030604560239708,0.000435026240084716,62600.0,62436.14955261745,0.0,62409.0,163.85044738255237,26846.969107462563,1,1,2530
KNN,H6,77,2023-11-28,2023-12-06,62409.0,-0.0022432661955807,0.0021363471259787984,62269.0,62542.32728778521,0.0,62409.0,273.32728778520686,74707.8062480173,-1,1,2529
KNN,H7,77,2023-11-28,2023-12-07,62409.0,-0.0019067762662436,0.0017383912214350835,62290.0,62517.49125773854,0.0,62409.0,227.4912577385403,51752.272347462975,-1,1,2528
KNN,H1,78,2023-11-29,2023-11-30,62470.0,0.0027052985433007,0.000255426273684948,62639.0,62485.956479317094,0.0,62470.0,153.0435206829061,23422.319223019105,1,1,2535
KNN,H2,78,2023-11-29,2023-12-01,62470.0,0.0064991195773971,0.0006841003878248848,62876.0,62512.73575122742,0.0,62470.0,363.2642487725825,131960.9144363087,1,1,2534
KNN,H3,78,2023-11-29,2023-12-04,62470.0,-0.0026892908596125,0.0010115538688834668,62302.0,62533.19177018915,0.0,62470.0,231.1917701891507,53449.63460319307,-1,1,2533
KNN,H4,78,2023-11-29,2023-12-05,62470.0,0.0020809988794621,0.0015672807565579653,62600.0,62567.90802886217,0.0,62470.0,32.091971137830114,1029.894611511321,1,1,2532
KNN,H5,78,2023-11-29,2023-12-06,62470.0,-0.0032175444213222,0.0017512652795681736,62269.0,62579.401542014624,0.0,62470.0,310.4015420146243,96349.11728505656,-1,1,2531
KNN,H6,78,2023-11-29,2023-12-07,62470.0,-0.0028813830638706,0.001641336472712435,62290.0,62572.53428945034,0.0,62470.0,282.534289450341,79825.62471520908,-1,1,2530
KNN,H7,78,2023-11-29,2023-12-08,62470.0,-0.0139747078597727,0.001582283234986524,61597.0,62568.84523368961,0.0,62470.0,971.845233689608,944483.1582452088,-1,1,2529
KNN,H1,79,2023-11-30,2023-12-01,62639.0,0.0037835853062788,0.0004251751908418784,62876.0,62665.63254877915,0.0,62639.0,210.36745122085267,44254.46453315783,1,1,2536
KNN,H2,79,2023-11-30,2023-12-04,62639.0,-0.0053800348025989,0.0006800639620781738,62302.0,62681.59852652061,0.0,62639.0,379.5985265206109,144095.04133661895,-1,1,2535
KNN,H3,79,2023-11-30,2023-12-05,62639.0,-0.0006226153035648,0.0010202314031340135,62600.0,62702.906274860914,0.0,62639.0,102.90627486091398,10589.701405749976,-1,1,2534
KNN,H4,79,2023-11-30,2023-12-06,62639.0,-0.0059068631363846,0.0014388238983878965,62269.0,62729.12649017111,0.0,62639.0,460.1264901711111,211716.38695718558,-1,1,2533
KNN,H5,79,2023-11-30,2023-12-07,62639.0,-0.0055716087421574,0.0012450602444520605,62290.0,62716.98932865223,0.0,62639.0,426.9893286522274,182319.88678287988,-1,1,2532
KNN,H6,79,2023-11-30,2023-12-08,62639.0,-0.0166350037516562,0.002340371686093242,61597.0,62785.5985420452,0.0,62639.0,1188.598542045198,1412766.4941519701,-1,1,2531
KNN,H7,79,2023-11-30,2023-12-11,62639.0,-0.0263893101741726,0.0021170995185213273,60986.0,62771.61299674066,0.0,62639.0,1785.6129967406596,3188413.774129159,-1,1,2530
KNN,H1,80,2023-12-01,2023-12-04,62876.0,-0.0091290794579808,0.0004295140787688655,62302.0,62903.00612721667,0.0,62876.0,601.0061272166713,361208.3649519817,-1,1,2537
KNN,H2,80,2023-12-01,2023-12-05,62876.0,-0.004389592213245,0.0006004424175065373,62600.0,62913.75341744314,0.0,62876.0,313.7534174431421,98441.20695725059,-1,1,2536
KNN,H3,80,2023-12-01,2023-12-06,62876.0,-0.0096539220052166,0.000706234250207491,62269.0,62920.40518471605,0.0,62876.0,651.4051847160517,424328.7146749535,-1,1,2535
KNN,H4,80,2023-12-01,2023-12-07,62876.0,-0.0093199312933393,0.0017004246204258746,62290.0,62982.9158984339,0.0,62876.0,692.915898433901,480132.44230246026,-1,1,2534
KNN,H5,80,2023-12-01,2023-12-08,62876.0,-0.0203416247852916,0.0007050429974271748,61597.0,62920.33028350623,0.0,62876.0,1323.3302835062277,1751203.039244673,-1,1,2533
KNN,H6,80,2023-12-01,2023-12-11,62876.0,-0.0300591640689611,0.0015963450601527804,60986.0,62976.371792002166,0.0,62876.0,1990.3717920021663,3961579.8703979147,-1,1,2532
KNN,H7,80,2023-12-01,2023-12-12,62876.0,-0.0300909727081875,0.0013340237119738795,60984.0,62959.87807491407,0.0,62876.0,1975.8780749140715,3904094.166926137,-1,1,2531
KNN,H1,81,2023-12-04,2023-12-05,62302.0,0.0047831530287951,0.00045879135379560897,62600.0,62330.583618924175,0.0,62302.0,269.4163810758255,72585.18639199442,1,1,2538
KNN,H2,81,2023-12-04,2023-12-06,62302.0,-0.0005296780199672,0.0006659687612975878,62269.0,62343.49118576636,0.0,62302.0,74.49118576636101,5548.936756878506,-1,1,2537
KNN,H3,81,2023-12-04,2023-12-07,62302.0,-0.000192610189079,0.001126038242186993,62290.0,62372.15443456473,0.0,62302.0,82.15443456472713,6749.351118650031,-1,1,2536
KNN,H4,81,2023-12-04,2023-12-08,62302.0,-0.0113158486083914,0.0017918739613567607,61597.0,62413.63733154045,0.0,62302.0,816.6373315404489,666896.5312655051,-1,1,2535
KNN,H5,81,2023-12-04,2023-12-11,62302.0,-0.0211229174023306,0.0022701565420467167,60986.0,62443.43529288259,0.0,62302.0,1457.4352928825901,2124117.6329397615,-1,1,2534
KNN,H6,81,2023-12-04,2023-12-12,62302.0,-0.0211550191005104,0.0018238100771203085,60984.0,62415.627015424754,0.0,62302.0,1431.627015424754,2049555.911293989,-1,1,2533
KNN,H7,81,2023-12-04,2023-12-13,62302.0,-0.0210266123077911,0.002036473989757082,60992.0,62428.87640250985,0.0,62302.0,1436.8764025098499,2064613.796089648,-1,1,2532
KNN,H1,82,2023-12-05,2023-12-06,62600.0,-0.0052875399361022,0.0004513447072999738,62269.0,62628.25417867698,0.0,62600.0,359.2541786769798,129063.56489687132,-1,1,2539
KNN,H2,82,2023-12-05,2023-12-07,62600.0,-0.0049520766773163,0.0009262643760004185,62290.0,62657.98414993763,0.0,62600.0,367.9841499376271,135412.334605318,-1,1,2538
KNN,H3,82,2023-12-05,2023-12-08,62600.0,-0.0160223642172524,0.0009386690154192494,61597.0,62658.76068036524,0.0,62600.0,1061.760680365238,1127335.742369653,-1,1,2537
KNN,H4,82,2023-12-05,2023-12-11,62600.0,-0.0257827476038338,0.0008288628653500127,60986.0,62651.88681537092,0.0,62600.0,1665.886815370919,2775178.881626663,-1,1,2536
KNN,H5,82,2023-12-05,2023-12-12,62600.0,-0.0258146964856229,0.00047702218555028874,60984.0,62629.86158881545,0.0,62600.0,1645.8615888154527,2708860.3695381265,-1,1,2535
KNN,H6,82,2023-12-05,2023-12-13,62600.0,-0.0256869009584664,0.0009767268990562982,60992.0,62661.14310388093,0.0,62600.0,1669.1431038809314,2786038.70123327,-1,1,2534
KNN,H7,82,2023-12-05,2023-12-14,62600.0,-0.005926517571885,0.0008674973066727275,62229.0,62654.30533139771,0.0,62600.0,425.30533139770705,180884.6249153134,-1,1,2533
KNN,H1,83,2023-12-06,2023-12-07,62269.0,0.0003372464629269,0.00012981280155475094,62290.0,62277.083313340016,0.0,62269.0,12.916686659984407,166.84079427221914,1,1,2540
KNN,H2,83,2023-12-06,2023-12-08,62269.0,-0.0107918868136632,0.0001890085991629748,61597.0,62280.76937646128,0.0,62269.0,683.7693764612777,467540.56018624455,-1,1,2539
KNN,H3,83,2023-12-06,2023-12-11,62269.0,-0.0206041529493006,-2.5675689548162768e-05,60986.0,62267.401200487526,0.0,62269.0,1281.4012004875258,1641989.0366108723,-1,-1,2538
KNN,H4,83,2023-12-06,2023-12-12,62269.0,-0.0206362716600555,0.0003381256216178352,60984.0,62290.05474433251,0.0,62269.0,1306.0547443325122,1705778.9951934638,-1,1,2537
KNN,H5,83,2023-12-06,2023-12-13,62269.0,-0.0205077968170357,-0.00046530472571079196,60992.0,62240.02594003471,0.0,62269.0,1248.0259400347131,1557568.7469995294,-1,-1,2536
KNN,H6,83,2023-12-06,2023-12-14,62269.0,-0.000642374215099,0.001298379390893058,62229.0,62349.84878629153,0.0,62269.0,120.84878629152809,14604.429148135427,-1,1,2535
KNN,H7,83,2023-12-06,2023-12-15,62269.0,-0.004464500794938,0.0013429274866831593,61991.0,62352.62275166828,0.0,62269.0,361.6227516682775,130771.01452413668,-1,1,2534
KNN,H1,84,2023-12-07,2023-12-08,62290.0,-0.0111253812811045,-3.797424180462466e-06,61597.0,62289.7634584478,0.0,62290.0,692.7634584478001,479921.20936055685,-1,-1,2541
KNN,H2,84,2023-12-07,2023-12-11,62290.0,-0.0209343393803178,-0.00020643167578414398,60986.0,62277.14137091541,0.0,62290.0,1291.1413709154076,1667046.0396893183,-1,-1,2540
KNN,H3,84,2023-12-07,2023-12-12,62290.0,-0.020966447262803,0.00011905093600139756,60984.0,62297.41568280353,0.0,62290.0,1313.4156828035266,1725060.755834254,-1,1,2539
KNN,H4,84,2023-12-07,2023-12-13,62290.0,-0.0208380157328623,0.0005926956755304023,60992.0,62326.919013628794,0.0,62290.0,1334.9190136287943,1782008.7729476732,-1,1,2538
KNN,H5,84,2023-12-07,2023-12-14,62290.0,-0.000979290415797,0.0008215690761509768,62229.0,62341.17553775345,0.0,62290.0,112.17553775345004,12583.351270275696,-1,1,2537
KNN,H6,84,2023-12-07,2023-12-15,62290.0,-0.0048001284315299,0.0013037937336715655,61991.0,62371.2133116704,0.0,62290.0,380.213311670399,144562.16237137196,-1,1,2536
KNN,H7,84,2023-12-07,2023-12-18,62290.0,-0.0037405683095199,0.0013085661631227867,62057.0,62371.510586300916,0.0,62290.0,314.51058630091575,98916.90889534577,-1,1,2535
KNN,H1,85,2023-12-08,2023-12-11,61597.0,-0.0099193142523175,0.00021228467427796623,60986.0,61610.0760990815,0.0,61597.0,624.0760990815033,389470.9774447864,-1,1,2542
KNN,H2,85,2023-12-08,2023-12-12,61597.0,-0.009951783366073,0.0005269303722889376,60984.0,61629.457330141886,0.0,61597.0,645.4573301418859,416615.1650338915,-1,1,2541
KNN,H3,85,2023-12-08,2023-12-13,61597.0,-0.0098219069110508,0.00023969082109158988,60992.0,61611.76423550677,0.0,61597.0,619.7642355067728,384107.70761329454,-1,1,2540
KNN,H4,85,2023-12-08,2023-12-14,61597.0,0.0102602399467506,0.0006555195517298038,62229.0,61637.3780378279,0.0,61597.0,591.6219621721029,350016.5461243692,1,1,2539
KNN,H5,85,2023-12-08,2023-12-15,61597.0,0.0063964154098414,0.0004903089995203331,61991.0,61627.20156344345,0.0,61597.0,363.79843655654986,132349.30244099002,1,1,2538
KNN,H6,85,2023-12-08,2023-12-18,61597.0,0.0074678961637741,0.0020432523009647897,62057.0,61722.85821198253,0.0,61597.0,334.1417880174704,111650.73449951212,1,1,2537
KNN,H7,85,2023-12-08,2023-12-19,61597.0,0.0099680179229508,0.0020028525151907397,62211.0,61720.3697063782,0.0,61597.0,490.63029362179805,240718.08501941175,1,1,2536
KNN,H1,86,2023-12-11,2023-12-12,60986.0,-3.2794411832237635e-05,-9.359088153965752e-05,60984.0,60980.29226649842,0.0,60986.0,3.707733501578332,13.747287718726318,-1,-1,2543
KNN,H2,86,2023-12-11,2023-12-13,60986.0,9.838323549660188e-05,-2.1853828505694214e-06,60992.0,60985.86672224147,0.0,60986.0,6.133277758526674,37.61709606323798,1,-1,2542
KNN,H3,86,2023-12-11,2023-12-14,60986.0,0.0203817269537269,-0.00018167850235640247,62229.0,60974.920154855296,0.0,60986.0,1254.0798451447044,1572716.257998166,1,-1,2541
KNN,H4,86,2023-12-11,2023-12-15,60986.0,0.0164791919456923,0.00031365672271981335,61991.0,61005.12866889179,0.0,60986.0,985.8713311082101,971942.2815010741,1,1,2540
KNN,H5,86,2023-12-11,2023-12-18,60986.0,0.0175614075361558,0.0007874764251917313,62057.0,61034.02503726675,0.0,60986.0,1022.9749627332494,1046477.774379093,1,1,2539
KNN,H6,86,2023-12-11,2023-12-19,60986.0,0.0200865772472371,0.0016519362076782274,62211.0,61086.74498156146,0.0,60986.0,1124.25501843854,1263949.346484242,1,1,2538
KNN,H7,86,2023-12-11,2023-12-20,60986.0,0.0191027448922702,0.001993038114123326,62151.0,61107.547422427924,0.0,60986.0,1043.4525775720758,1088793.2816418088,1,1,2537
KNN,H1,87,2023-12-12,2023-12-13,60984.0,0.0001311819493636,-0.00030504250964106546,60992.0,60965.39728759205,0.0,60984.0,26.602712407948275,707.7043074600051,1,-1,2544
KNN,H2,87,2023-12-12,2023-12-14,60984.0,0.0204151908697363,-7.207820442736408e-05,62229.0,60979.6043827812,0.0,60984.0,1249.3956172187973,1560989.4083255394,1,-1,2543
KNN,H3,87,2023-12-12,2023-12-15,60984.0,0.0165125278761641,-0.0004512824761654579,61991.0,60956.47898947353,0.0,60984.0,1034.5210105264705,1070233.7212207096,1,-1,2542
KNN,H4,87,2023-12-12,2023-12-18,60984.0,0.0175947789584152,0.00029184536578957067,62057.0,61001.79789778731,0.0,60984.0,1055.2021022126864,1113451.4765140729,1,1,2541
KNN,H5,87,2023-12-12,2023-12-19,60984.0,0.0201200314836678,0.0011030003996570943,62211.0,61051.265376372685,0.0,60984.0,1159.7346236273152,1344984.3972399903,1,1,2540
KNN,H6,87,2023-12-12,2023-12-20,60984.0,0.0191361668634395,0.0005931448665222464,62151.0,61020.17234653999,0.0,60984.0,1130.8276534600082,1278771.1818298684,1,1,2539
KNN,H7,87,2023-12-12,2023-12-21,60984.0,0.0208743276925094,0.0006506953830983119,62257.0,61023.68200724287,0.0,60984.0,1233.3179927571327,1521073.271258483,1,1,2538
KNN,H1,88,2023-12-13,2023-12-14,60992.0,0.0202813483735571,0.0002454086512147035,62229.0,61006.96796445489,0.0,60992.0,1222.0320355451113,1493362.295898528,1,1,2545
KNN,H2,88,2023-12-13,2023-12-15,60992.0,0.0163791972717732,0.00031860040638370673,61991.0,61011.43207598616,0.0,60992.0,979.5679240138415,959553.3177567873,1,1,2544
KNN,H3,88,2023-12-13,2023-12-18,60992.0,0.0174613064008395,0.0003165687625872449,62057.0,61011.30816196772,0.0,60992.0,1045.6918380322822,1093471.420127333,1,1,2543
KNN,H4,88,2023-12-13,2023-12-19,60992.0,0.0199862277019937,0.0006385242173627323,62211.0,61030.94486906539,0.0,60992.0,1180.055130934612,1392530.1120451041,1,1,2542
KNN,H5,88,2023-12-13,2023-12-20,60992.0,0.0190024921301155,0.0006096485967851108,62151.0,61029.18368721511,0.0,60992.0,1121.8163127848893,1258471.8396302846,1,1,2541
KNN,H6,88,2023-12-13,2023-12-21,60992.0,0.020740424973767,0.0014502457267780828,62257.0,61080.45338736764,0.0,60992.0,1176.546612632359,1384261.9316966783,1,1,2540
KNN,H7,88,2023-12-13,2023-12-22,60992.0,0.0272986621196222,0.0011987849854234213,62657.0,61065.11629383094,0.0,60992.0,1591.8837061690574,2534093.733966534,1,1,2539
KNN,H1,89,2023-12-14,2023-12-15,62229.0,-0.0038245833935945,-0.0003206716680677232,61991.0,62209.04492276782,0.0,62229.0,218.0449227678182,47543.58834482381,-1,-1,2546
KNN,H2,89,2023-12-14,2023-12-18,62229.0,-0.0027639846373876,-0.0004269378362049484,62057.0,62202.4320853908,0.0,62229.0,145.43208539079933,21150.491461116748,-1,-1,2545
KNN,H3,89,2023-12-14,2023-12-19,62229.0,-0.0002892542062382,-0.000667812597092601,62211.0,62187.44268989553,0.0,62229.0,23.55731010447198,554.9468593582577,-1,-1,2544
KNN,H4,89,2023-12-14,2023-12-20,62229.0,-0.0012534348936991,-0.0005151923943899686,62151.0,62196.9400924895,0.0,62229.0,45.940092489501694,2110.49209794397,-1,-1,2543
KNN,H5,89,2023-12-14,2023-12-21,62229.0,0.0004499509874817,0.0017749809062718718,62257.0,62339.455286816396,0.0,62229.0,82.45528681639553,6798.874323974051,1,1,2542
KNN,H6,89,2023-12-14,2023-12-22,62229.0,0.0068778222372205,0.001276974276313921,62657.0,62308.46483224074,0.0,62229.0,348.53516775926255,121476.76316497728,1,1,2541
KNN,H7,89,2023-12-14,2023-12-26,62229.0,0.007922351315303,0.00166157604127833,62722.0,62332.39821547271,0.0,62229.0,389.60178452728724,151789.55050684675,1,1,2540
KNN,H1,90,2023-12-15,2023-12-18,61991.0,0.0010646706780017,0.0004263892732560679,62057.0,62017.43229743842,0.0,61991.0,39.56770256158052,1565.6030860017054,1,1,2547
KNN,H2,90,2023-12-15,2023-12-19,61991.0,0.0035489022600054,0.0006149448479975581,62211.0,62029.121046072214,0.0,61991.0,181.87895392778591,33079.95388186567,1,1,2546
KNN,H3,90,2023-12-15,2023-12-20,61991.0,0.0025810198254585,0.0009335954327317765,62151.0,62048.87451447048,0.0,61991.0,102.12548552951921,10429.614794640038,1,1,2545
KNN,H4,90,2023-12-15,2023-12-21,61991.0,0.0042909454598247,0.0021279031937430897,62257.0,62122.91084688333,0.0,61991.0,134.0891531166708,17979.900983545984,1,1,2544
KNN,H5,90,2023-12-15,2023-12-22,61991.0,0.010743495023471,0.0031267802982447093,62657.0,62184.83223746849,0.0,61991.0,472.1677625315133,222942.39597401553,1,1,2543
KNN,H6,90,2023-12-15,2023-12-26,61991.0,0.0117920343275637,0.003013916792862621,62722.0,62177.83571590635,0.0,61991.0,544.1642840936474,296114.76808315184,1,1,2542
KNN,H7,90,2023-12-15,2023-12-27,61991.0,0.0209869174557597,0.002819729806004487,63292.0,62165.79787040402,0.0,61991.0,1126.2021295959785,1268331.2367065172,1,1,2541
KNN,H1,91,2023-12-18,2023-12-19,62057.0,0.0024815895064214,-3.998928173285625e-05,62211.0,62054.5183851435,0.0,62057.0,156.48161485650053,24486.495788098167,1,-1,2548
KNN,H2,91,2023-12-18,2023-12-20,62057.0,0.0015147364519716,0.0004393119333521818,62151.0,62084.26238064803,0.0,62057.0,66.73761935196671,4453.909836768002,1,1,2547
KNN,H3,91,2023-12-18,2023-12-21,62057.0,0.0032228435148331,0.0006300433870385177,62257.0,62096.09860246945,0.0,62057.0,160.90139753054973,25889.259727283996,1,1,2546
KNN,H4,91,2023-12-18,2023-12-22,62057.0,0.0096685305444994,0.0009130569463223955,62657.0,62113.66157491793,0.0,62057.0,543.3384250820673,295216.6441706612,1,1,2545
KNN,H5,91,2023-12-18,2023-12-26,62057.0,0.01071595468682,0.0017705782842249757,62722.0,62166.87677658415,0.0,62057.0,555.1232234158524,308161.7931756064,1,1,2544
KNN,H6,91,2023-12-18,2023-12-27,62057.0,0.0199010587040946,0.0015008453709189878,63292.0,62150.137961183114,0.0,62057.0,1141.8620388168856,1303848.915691055,1,1,2543
KNN,H7,91,2023-12-18,2023-12-28,62057.0,0.0171132990637639,0.0014751647881734989,63119.0,62148.54430125968,0.0,62057.0,970.4556987403193,941784.2632175614,1,1,2542
KNN,H1,92,2023-12-19,2023-12-20,62211.0,-0.0009644596614746,0.00045440497799028874,62151.0,62239.26898808575,0.0,62211.0,88.2689880857506,7791.414257682382,-1,1,2549
KNN,H2,92,2023-12-19,2023-12-21,62211.0,0.0007394190737972,0.0011030865505495119,62257.0,62279.62411739623,0.0,62211.0,22.624117396233487,511.8506879585547,1,1,2548
KNN,H3,92,2023-12-19,2023-12-22,62211.0,0.007169150150295,0.0008973040365477316,62657.0,62266.822181417665,0.0,62211.0,390.177818582335,152238.73011366953,1,1,2547
KNN,H4,92,2023-12-19,2023-12-26,62211.0,0.0082139814502257,0.00097671294307852,62722.0,62271.76228890185,0.0,62211.0,450.237711098147,202713.99649489846,1,1,2546
KNN,H5,92,2023-12-19,2023-12-27,62211.0,0.017376348234235,0.00032290072161677983,63292.0,62231.0879767925,0.0,62211.0,1060.9120232075002,1125534.3209862313,1,1,2545
KNN,H6,92,2023-12-19,2023-12-28,62211.0,0.0145954895436497,0.000682221081728052,63119.0,62253.44165571539,0.0,62211.0,865.5583442846109,749191.247360717,1,1,2544
KNN,H7,92,2023-12-19,2023-12-29,62211.0,0.0119432254745945,0.0003973661875999461,62954.0,62235.72054789678,0.0,62211.0,718.2794521032192,515925.3713137008,1,1,2543
KNN,H1,93,2023-12-20,2023-12-21,62151.0,0.0017055236440282,0.000729718980463907,62257.0,62196.35276435481,0.0,62151.0,60.64723564519227,3678.0871914034797,1,1,2550
KNN,H2,93,2023-12-20,2023-12-22,62151.0,0.0081414619233801,0.0006305952244379938,62657.0,62190.192123794055,0.0,62151.0,466.8078762059449,217909.5932879048,1,1,2549
KNN,H3,93,2023-12-20,2023-12-26,62151.0,0.0091873018937749,0.0010139321784484244,62722.0,62214.016898822745,0.0,62151.0,507.98310117725487,258046.83108166116,1,1,2548
KNN,H4,93,2023-12-20,2023-12-27,62151.0,0.0183585139418513,0.001660588618141651,63292.0,62254.20724320612,0.0,62151.0,1037.7927567938823,1077013.8060538461,1,1,2547
KNN,H5,93,2023-12-20,2023-12-28,62151.0,0.0155749706360315,0.001240344717051588,63119.0,62228.088664509465,0.0,62151.0,890.9113354905348,793723.0077055283,1,1,2546
KNN,H6,93,2023-12-20,2023-12-29,62151.0,0.0129201460957988,0.0016832453209237124,62954.0,62255.615379940726,0.0,62151.0,698.3846200592743,487741.07753533695,1,1,2545
KNN,H7,93,2023-12-20,2024-01-01,62151.0,0.0136763688436227,0.0016864378038251096,63001.0,62255.81379594553,0.0,62151.0,745.1862040544729,555302.4787131145,1,1,2544
KNN,H1,94,2023-12-21,2023-12-22,62257.0,0.0064249803234976,0.00028136577360009924,62657.0,62274.51698896702,0.0,62257.0,382.48301103297854,146293.2537288536,1,1,2551
KNN,H2,94,2023-12-21,2023-12-26,62257.0,0.0074690396260661,0.0007544891279652296,62722.0,62303.97222963973,0.0,62257.0,418.02777036026964,174747.21679237834,1,1,2550
KNN,H3,94,2023-12-21,2023-12-27,62257.0,0.0166246365870503,0.0007714731288479336,63292.0,62305.02960258269,0.0,62257.0,986.9703974173099,974110.5653780826,1,1,2549
KNN,H4,94,2023-12-21,2023-12-28,62257.0,0.0138458325971375,5.438811934731144e-05,63119.0,62260.38604114621,0.0,62257.0,858.6139588537917,737217.9303385807,1,1,2548
KNN,H5,94,2023-12-21,2023-12-29,62257.0,0.0111955282136948,0.00023266250914356085,62954.0,62271.48486983175,0.0,62257.0,682.515130168249,465826.9029085819,1,1,2547
KNN,H6,94,2023-12-21,2024-01-01,62257.0,0.0119504634017058,0.0014586037004300947,63001.0,62347.808290577676,0.0,62257.0,653.1917094223245,426659.4092580584,1,1,2546
KNN,H7,94,2023-12-21,2024-01-02,62257.0,0.0125608365324381,0.0013502403721222407,63039.0,62341.06191484721,0.0,62257.0,697.9380851527894,487117.57070674235,1,1,2545
KNN,H1,95,2023-12-22,2023-12-26,62657.0,0.0010373940661059,0.0004027058607444443,62722.0,62682.23234111667,0.0,62657.0,39.767658883327385,1581.4666930606875,1,1,2552
KNN,H2,95,2023-12-22,2023-12-27,62657.0,0.0101345420304195,0.0007859374138129739,63292.0,62706.24448053729,0.0,62657.0,585.755519462713,343109.5285810327,1,1,2551
KNN,H3,95,2023-12-22,2023-12-28,62657.0,0.0073734778237068,0.0009201168428314147,63119.0,62714.65176102129,0.0,62657.0,404.34823897870956,163497.49836518362,1,1,2550
KNN,H4,95,2023-12-22,2023-12-29,62657.0,0.0047400928866687,0.0013687686623818846,62954.0,62742.76293807886,0.0,62657.0,211.23706192114332,44621.096329076936,1,1,2549
KNN,H5,95,2023-12-22,2024-01-01,62657.0,0.0054902085960069,0.0008733697834551072,63001.0,62711.72273052194,0.0,62657.0,289.27726947805786,83681.3386366809,1,1,2548
KNN,H6,95,2023-12-22,2024-01-02,62657.0,0.006096685126961,0.0016857829149805725,63039.0,62762.62610010394,0.0,62657.0,276.37389989606163,76382.5325437583,1,1,2547
KNN,H7,95,2023-12-22,2024-01-03,62657.0,-0.0057934468614839,0.0015226384381467274,62294.0,62752.40395661897,0.0,62657.0,458.40395661896764,210134.18744392437,-1,1,2546
KNN,H1,96,2023-12-26,2023-12-27,62722.0,0.0090877204170785,0.0003783417456079337,63292.0,62745.73035096803,0.0,62722.0,546.2696490319722,298410.5294535141,1,1,2553
KNN,H2,96,2023-12-26,2023-12-28,62722.0,0.0063295175536495,0.0004372398039792808,63119.0,62749.42455498519,0.0,62722.0,369.5754450148088,136586.00955789397,1,1,2552
KNN,H3,96,2023-12-26,2023-12-29,62722.0,0.0036988616434425,0.0008132205106165316,62954.0,62773.006816866895,0.0,62722.0,180.99318313310505,32758.532340653703,1,1,2551
KNN,H4,96,2023-12-26,2024-01-01,62722.0,0.0044481999936225,0.0017322308697042667,63001.0,62830.648984609594,0.0,62722.0,170.35101539040625,29019.468444542425,1,1,2550
KNN,H5,96,2023-12-26,2024-01-02,62722.0,0.0050540480214278,0.0007037594428533691,63039.0,62766.14119977465,0.0,62722.0,272.85880022535275,74451.92486041896,1,1,2549
KNN,H6,96,2023-12-26,2024-01-03,62722.0,-0.0068237619973853,0.0019098274894890877,62294.0,62841.78819979574,0.0,62722.0,547.7881997957375,300071.91183545475,-1,1,2548
KNN,H7,96,2023-12-26,2024-01-04,62722.0,-0.0044322566244698,0.0017291297480730812,62444.0,62830.454476058636,0.0,62722.0,386.4544760586359,149347.0620657548,-1,1,2547
KNN,H1,97,2023-12-27,2023-12-28,63292.0,-0.0027333628262655,0.0004775870566014556,63119.0,63322.22743998642,0.0,63292.0,203.22743998641818,41301.3923634332,-1,1,2554
KNN,H2,97,2023-12-27,2023-12-29,63292.0,-0.0053403273715477,0.0006746677989371241,62954.0,63334.701074330325,0.0,63292.0,380.70107433032535,144933.3079962639,-1,1,2553
KNN,H3,97,2023-12-27,2024-01-01,63292.0,-0.0045977374707704,0.0008978467754133523,63001.0,63348.826518109454,0.0,63292.0,347.8265181094539,120983.28670014626,-1,1,2552
KNN,H4,97,2023-12-27,2024-01-02,63292.0,-0.0039973456360993,0.0009384103559292127,63039.0,63351.39386824747,0.0,63292.0,312.3938682474691,97589.92891861706,-1,1,2551
KNN,H5,97,2023-12-27,2024-01-03,63292.0,-0.0157681855526764,-3.42816712108798e-05,62294.0,63289.830244465724,0.0,63292.0,995.8302444657238,991677.8757926632,-1,-1,2550
KNN,H6,97,2023-12-27,2024-01-04,63292.0,-0.0133982177842381,0.0010822062133586286,62444.0,63360.49499565589,0.0,63292.0,916.4949956558921,839963.0770622938,-1,1,2549
KNN,H7,97,2023-12-27,2024-01-05,63292.0,-0.0105068571067433,0.0008582028452943943,62627.0,63346.31737448437,0.0,63292.0,719.3173744843734,517417.48523509235,-1,1,2548
KNN,H1,98,2023-12-28,2023-12-29,63119.0,-0.0026141098559863,0.0003752942166622309,62954.0,63142.688195661496,0.0,63119.0,188.68819566149614,35603.23518199105,-1,1,2555
KNN,H2,98,2023-12-28,2024-01-01,63119.0,-0.0018694846242811,0.000495388736895541,63001.0,63150.26844168411,0.0,63119.0,149.26844168410753,22281.06768280181,-1,1,2554
KNN,H3,98,2023-12-28,2024-01-02,63119.0,-0.0012674472029025,0.0006988648353774263,63039.0,63163.11164954419,0.0,63119.0,124.11164954418928,15403.701552579658,-1,1,2553
KNN,H4,98,2023-12-28,2024-01-03,63119.0,-0.0130705492799315,0.002014873336221778,62294.0,63246.17679010898,0.0,63119.0,952.176790108977,906640.6396222349,-1,1,2552
KNN,H5,98,2023-12-28,2024-01-04,63119.0,-0.0106940857744894,0.001856308068009578,62444.0,63236.168308944696,0.0,63119.0,792.168308944696,627530.6296962994,-1,1,2551
KNN,H6,98,2023-12-28,2024-01-05,63119.0,-0.00779480029785,0.002579811784567028,62627.0,63281.83514003008,0.0,63119.0,654.8351400300817,428809.0606182167,-1,1,2550
KNN,H7,98,2023-12-28,2024-01-08,63119.0,-0.0155103851455188,0.002183067697547187,62140.0,63256.79305000148,0.0,63119.0,1116.7930500014772,1247226.716531602,-1,1,2549
KNN,H1,99,2023-12-29,2024-01-01,62954.0,0.0007465768656478,0.0004092131764231089,63001.0,62979.76160630854,0.0,62954.0,21.23839369146299,451.06936659357484,1,1,2556
KNN,H2,99,2023-12-29,2024-01-02,62954.0,0.0013501922038314,0.0003005908046642036,63039.0,62972.92339351684,0.0,62954.0,66.07660648316232,4366.117924330689,1,1,2555
KNN,H3,99,2023-12-29,2024-01-03,62954.0,-0.0104838453473965,0.0006788969054564804,62294.0,62996.73927578611,0.0,62954.0,702.7392757861089,493842.48973238486,-1,1,2554
KNN,H4,99,2023-12-29,2024-01-04,62954.0,-0.0081011532229882,0.0013319170328214113,62444.0,63037.84950488424,0.0,62954.0,593.8495048842378,352657.2344512544,-1,1,2553
KNN,H5,99,2023-12-29,2024-01-05,62954.0,-0.0051942688312101,0.0010860959602991625,62627.0,63022.37408508467,0.0,62954.0,395.3740850846734,156320.6671565426,-1,1,2552
KNN,H6,99,2023-12-29,2024-01-08,62954.0,-0.0129300759284557,0.0012208425083376617,62140.0,63030.85691926989,0.0,62954.0,890.8569192698924,793626.0506110436,-1,1,2551
KNN,H7,99,2023-12-29,2024-01-09,62954.0,-0.0118022683229024,0.0012365626884879171,62211.0,63031.84656749106,0.0,62954.0,820.8465674910622,673789.0873618588,-1,1,2550
KNN,H1,100,2024-01-01,2024-01-02,63001.0,0.0006031650291264,0.00035318544913782204,63039.0,63023.25103648113,0.0,63001.0,15.74896351886855,248.02985191865244,1,1,2557
KNN,H2,100,2024-01-01,2024-01-03,63001.0,-0.0112220440945381,0.0007511583286255151,62294.0,63048.32372586174,0.0,63001.0,754.3237258617373,569004.2833979335,-1,1,2556
KNN,H3,100,2024-01-01,2024-01-04,63001.0,-0.0088411295058808,0.0005885297460563708,62444.0,63038.0779625313,0.0,63001.0,594.0779625313007,352928.62556534156,-1,1,2555
KNN,H4,100,2024-01-01,2024-01-05,63001.0,-0.0059364137077189,0.0013169317322096787,62627.0,63083.96801606094,0.0,63001.0,456.9680160609423,208819.76770267365,-1,1,2554
KNN,H5,100,2024-01-01,2024-01-08,63001.0,-0.013666449738893,0.0005725090716196887,62140.0,63037.068644021114,0.0,63001.0,897.0686440211139,804732.1520858799,-1,1,2553
KNN,H6,100,2024-01-01,2024-01-09,63001.0,-0.0125394835002619,0.0015573607089488385,62211.0,63099.11528202448,0.0,63001.0,888.1152820244824,788748.754165426,-1,1,2552
KNN,H7,100,2024-01-01,2024-01-10,63001.0,-0.0151426167838605,0.001322490835642315,62047.0,63084.31824513631,0.0,63001.0,1037.31824513631,1076029.1416926738,-1,1,2551
KNN,H1,101,2024-01-02,2024-01-03,63039.0,-0.0118180808705722,0.0006129206244413879,62294.0,63077.63790324416,0.0,63039.0,783.6379032441619,614088.3634009064,-1,1,2558
KNN,H2,101,2024-01-02,2024-01-04,63039.0,-0.0094386015006583,0.000734349270660238,62444.0,63085.29264367315,0.0,63039.0,641.2926436731505,411256.2548292983,-1,1,2557
KNN,H3,101,2024-01-02,2024-01-05,63039.0,-0.0065356366693634,0.0008414970987893356,62627.0,63092.04713561058,0.0,63039.0,465.04713561057724,216268.83833960263,-1,1,2556
KNN,H4,101,2024-01-02,2024-01-08,63039.0,-0.0142610130236837,0.0008926564589721081,62140.0,63095.27217051715,0.0,63039.0,955.2721705171498,912544.9197645464,-1,1,2555
KNN,H5,101,2024-01-02,2024-01-09,63039.0,-0.0131347261219245,0.0010116578182194716,62211.0,63102.773897202744,0.0,63039.0,891.7738972027437,795260.6837321697,-1,1,2554
KNN,H6,101,2024-01-02,2024-01-10,63039.0,-0.0157362902330303,0.00067467232948004,62047.0,63081.530668978085,0.0,63039.0,1034.5306689780846,1070253.705056243,-1,1,2553
KNN,H7,101,2024-01-02,2024-01-11,63039.0,-0.0191786037215057,0.0008802149260452509,61830.0,63094.487868722965,0.0,63039.0,1264.4878687229648,1598929.5701475458,-1,1,2552
KNN,H1,102,2024-01-03,2024-01-04,62294.0,0.002407936558898,-5.175832691952674e-05,62444.0,62290.77576678288,0.0,62294.0,153.22423321712267,23477.6656449752,1,-1,2559
KNN,H2,102,2024-01-03,2024-01-05,62294.0,0.0053456191607539,0.00023474558216870573,62627.0,62308.623241295616,0.0,62294.0,318.376758704384,101363.76048310954,1,1,2558
KNN,H3,102,2024-01-03,2024-01-08,62294.0,-0.0024721482004687,0.00028775007995582134,62140.0,62311.92510348077,0.0,62294.0,171.92510348076758,29558.24120687264,-1,1,2557
KNN,H4,102,2024-01-03,2024-01-09,62294.0,-0.0013323915625903,-0.00011266065457017086,62211.0,62286.9819171842,0.0,62294.0,75.98191718420276,5773.251738987046,-1,-1,2556
KNN,H5,102,2024-01-03,2024-01-10,62294.0,-0.0039650688669855,-0.000334052637543455,62047.0,62273.19052499686,0.0,62294.0,226.19052499686222,51162.153598356155,-1,-1,2555
KNN,H6,102,2024-01-03,2024-01-11,62294.0,-0.0074485504221915,0.000604397420657925,61830.0,62331.650332922465,0.0,62294.0,501.65033292246517,251653.05652122013,-1,1,2554
KNN,H7,102,2024-01-03,2024-01-12,62294.0,0.0012521270106269,0.0008556447321295526,62372.0,62347.301532943275,0.0,62294.0,24.69846705672535,610.0142749521473,1,1,2553
KNN,H1,103,2024-01-04,2024-01-05,62444.0,0.0029306258407533,-7.648842099990915e-05,62627.0,62439.22375703908,0.0,62444.0,187.77624296092108,35259.91742051886,1,-1,2560
KNN,H2,103,2024-01-04,2024-01-08,62444.0,-0.0048683620523989,0.00021714292962205897,62140.0,62457.55927309732,0.0,62444.0,317.55927309732215,100843.89193009963,-1,1,2559
KNN,H3,103,2024-01-04,2024-01-09,62444.0,-0.003731343283582,3.2289925264033227e-05,62211.0,62446.01631209319,0.0,62444.0,235.0163120931902,55232.66694988378,-1,1,2558
KNN,H4,103,2024-01-04,2024-01-10,62444.0,-0.0063576964960604,-0.0004179339975047239,62047.0,62417.90252945982,0.0,62444.0,370.90252945981774,137568.68635969097,-1,-1,2557
KNN,H5,103,2024-01-04,2024-01-11,62444.0,-0.0098328101979373,-0.0002619916445701532,61830.0,62427.64019374646,0.0,62444.0,597.6401937464616,357173.80118130817,-1,-1,2556
KNN,H6,103,2024-01-04,2024-01-12,62444.0,-0.0011530331176734,0.00046797428986030326,62372.0,62473.22218655604,0.0,62444.0,101.22218655604229,10245.931051186228,-1,1,2555
KNN,H7,103,2024-01-04,2024-01-15,62444.0,0.0019697649093588,0.0008551501863630016,62567.0,62497.39899823725,0.0,62444.0,69.60100176274864,4844.299446378139,1,1,2554
KNN,H1,104,2024-01-05,2024-01-08,62627.0,-0.0077761987641112,0.0003155565643818148,62140.0,62646.76236095754,0.0,62627.0,506.7623609575385,256808.0904832585,-1,1,2561
KNN,H2,104,2024-01-05,2024-01-09,62627.0,-0.0066425024350519,0.0002886839880867875,62211.0,62645.07941212191,0.0,62627.0,434.0794121219078,188424.93602810107,-1,1,2560
KNN,H3,104,2024-01-05,2024-01-10,62627.0,-0.0092611812796398,0.00014780826063197247,62047.0,62636.25678793859,0.0,62627.0,589.2567879385897,347223.56213170406,-1,1,2559
KNN,H4,104,2024-01-05,2024-01-11,62627.0,-0.0127261404825395,0.0011728758961067841,61830.0,62700.45369874548,0.0,62627.0,870.4536987454776,757689.6416596826,-1,1,2558
KNN,H5,104,2024-01-05,2024-01-12,62627.0,-0.0040717262522553,0.0008624172253383918,62372.0,62681.01060357127,0.0,62627.0,309.010603571267,95487.55311947872,-1,1,2557
KNN,H6,104,2024-01-05,2024-01-15,62627.0,-0.0009580532358247,0.0017296108679673854,62567.0,62735.3203398282,0.0,62627.0,168.32033982819848,28331.736799880222,-1,1,2556
KNN,H7,104,2024-01-05,2024-01-16,62627.0,-0.0089737653088923,0.0018383774723924255,62065.0,62742.132065963524,0.0,62627.0,677.1320659635239,458507.8347560301,-1,1,2555
KNN,H1,105,2024-01-08,2024-01-09,62140.0,0.0011425812681042,-0.0001360098534071174,62211.0,62131.54834770928,0.0,62140.0,79.45165229072154,6312.565051725717,1,-1,2562
KNN,H2,105,2024-01-08,2024-01-10,62140.0,-0.0014966205342774,-0.00014487435049529722,62047.0,62130.99750786022,0.0,62140.0,83.99750786022196,7055.58132672805,-1,-1,2561
KNN,H3,105,2024-01-08,2024-01-11,62140.0,-0.0049887351142581,8.22622202342029e-05,61830.0,62145.111774365345,0.0,62140.0,315.1117743653449,99295.43034367604,-1,1,2560
KNN,H4,105,2024-01-08,2024-01-12,62140.0,0.003733504988735,0.001129671558483304,62372.0,62210.197790644146,0.0,62140.0,161.80220935585385,26179.954952435557,1,1,2559
KNN,H5,105,2024-01-08,2024-01-15,62140.0,0.0068715803025425,0.0004911281161840937,62567.0,62170.518701139685,0.0,62140.0,396.4812988603153,157197.42034596266,1,1,2558
KNN,H6,105,2024-01-08,2024-01-16,62140.0,-0.001206952043772,0.0020932549561376436,62065.0,62270.0748629744,0.0,62140.0,205.07486297439755,42055.69942396793,-1,1,2557
KNN,H7,105,2024-01-08,2024-01-17,62140.0,-0.0093176697779208,0.0026523356688539063,61561.0,62304.816138462586,0.0,62140.0,743.8161384625855,553262.4478373922,-1,1,2556
KNN,H1,106,2024-01-09,2024-01-10,62211.0,-0.002636189741364,3.093052223888635e-05,62047.0,62212.924218718996,0.0,62211.0,165.9242187189957,27530.84635750912,-1,1,2563
KNN,H2,106,2024-01-09,2024-01-11,62211.0,-0.0061243188503641,0.0003124656202653311,61830.0,62230.43879870233,0.0,62211.0,400.4387987023292,160351.23150616453,-1,1,2562
KNN,H3,106,2024-01-09,2024-01-12,62211.0,0.0025879667582904,0.0001420334514139316,62372.0,62219.836043045914,0.0,62211.0,152.16395695408573,23153.869795924857,1,1,2561
KNN,H4,106,2024-01-09,2024-01-15,62211.0,0.005722460658083,0.0011259448674882445,62567.0,62281.046156151315,0.0,62211.0,285.9538438486852,81769.60081183825,1,1,2560
KNN,H5,106,2024-01-09,2024-01-16,62211.0,-0.0023468518429217,-0.00020456098426200006,62065.0,62198.274056608076,0.0,62211.0,133.27405660807563,17761.974164772546,-1,-1,2559
KNN,H6,106,2024-01-09,2024-01-17,62211.0,-0.0104483129993088,0.0026694863300407395,61561.0,62377.071414078164,0.0,62211.0,816.0714140781638,665972.5528755339,-1,1,2558
KNN,H7,106,2024-01-09,2024-01-18,62211.0,-0.0067512176303226,0.0027292805702037503,61791.0,62380.791273552946,0.0,62211.0,589.7912735529462,347853.74635920627,-1,1,2557
KNN,H1,107,2024-01-10,2024-01-11,62047.0,-0.0034973487839863,0.0003835732725759318,61830.0,62070.79957084351,0.0,62047.0,240.7995708435119,57984.433318419506,-1,1,2564
KNN,H2,107,2024-01-10,2024-01-12,62047.0,0.0052379647686431,0.0007041670154288818,62372.0,62090.69145080631,0.0,62047.0,281.3085491936872,79134.49984945713,1,1,2563
KNN,H3,107,2024-01-10,2024-01-15,62047.0,0.0083807436298291,0.0003070174792665792,62567.0,62066.049513536054,0.0,62047.0,500.9504864639457,250951.38988846386,1,1,2562
KNN,H4,107,2024-01-10,2024-01-16,62047.0,0.0002901026641095,0.0003785147552708934,62065.0,62070.48570502029,0.0,62047.0,5.485705020291789,30.092959569654536,1,1,2561
KNN,H5,107,2024-01-10,2024-01-17,62047.0,-0.0078327719309555,-0.00036158317902734304,61561.0,62024.56484849089,0.0,62047.0,463.56484849088883,214892.36875638072,-1,-1,2560
KNN,H6,107,2024-01-10,2024-01-18,62047.0,-0.0041259045562235,0.0018218046922513277,61791.0,62160.03751574012,0.0,62047.0,369.0375157401213,136188.68802364028,-1,1,2559
KNN,H7,107,2024-01-10,2024-01-19,62047.0,-0.0004190371814914,0.001836324683524084,62021.0,62160.938437638615,0.0,62047.0,139.93843763861514,19582.76632873658,-1,1,2558
KNN,H1,108,2024-01-11,2024-01-12,61830.0,0.0087659712113861,-0.0001021867545735893,62372.0,61823.681792964715,0.0,61830.0,548.318207035285,300652.85616638965,1,-1,2565
KNN,H2,108,2024-01-11,2024-01-15,61830.0,0.0119197800420507,-6.433451134738192e-05,62567.0,61826.022197163395,0.0,61830.0,740.9778028366054,549048.1042965633,1,-1,2564
KNN,H3,108,2024-01-11,2024-01-16,61830.0,0.0038007439754164,-0.0003558149356530348,62065.0,61807.99996252857,0.0,61830.0,257.0000374714291,66049.01926031595,1,-1,2563
KNN,H4,108,2024-01-11,2024-01-17,61830.0,-0.0043506388484554,0.0005627083882385096,61561.0,61864.79225964478,0.0,61830.0,303.79225964478246,92289.73702008292,-1,1,2562
KNN,H5,108,2024-01-11,2024-01-18,61830.0,-0.0006307617661329,-0.0002542451866916065,61791.0,61814.28002010686,0.0,61830.0,23.28002010686032,541.9593361758208,-1,-1,2561
KNN,H6,108,2024-01-11,2024-01-19,61830.0,0.0030891153161896,0.0008781071388203558,62021.0,61884.29336439326,0.0,61830.0,136.7066356067371,18688.7042189132,1,1,2560
KNN,H7,108,2024-01-11,2024-01-22,61830.0,0.0009380559598899,0.0011215044014273889,61888.0,61899.34261714026,0.0,61830.0,11.3426171402607,128.6549635905358,1,1,2559
KNN,H1,109,2024-01-12,2024-01-15,62372.0,0.0031264028730839,6.46181033414276e-05,62567.0,62376.03036034161,0.0,62372.0,190.9696396583895,36469.40327125513,1,1,2566
KNN,H2,109,2024-01-12,2024-01-16,62372.0,-0.0049220804207016,0.00027278974437058926,62065.0,62389.014441935884,0.0,62372.0,324.01444193588395,104985.35858302232,-1,1,2565
KNN,H3,109,2024-01-12,2024-01-17,62372.0,-0.0130026293849804,-0.00016216225729343478,61561.0,62361.885615688094,0.0,62372.0,800.8856156880938,641417.7694160971,-1,-1,2564
KNN,H4,109,2024-01-12,2024-01-18,62372.0,-0.0093150772782658,0.00019118335974928658,61791.0,62383.924488514276,0.0,62372.0,592.9244885142762,351559.449079916,-1,1,2563
KNN,H5,109,2024-01-12,2024-01-19,62372.0,-0.0056275251715512,9.380001491796181e-05,62021.0,62377.85049453047,0.0,62372.0,356.8504945304667,127342.27544663862,-1,1,2562
KNN,H6,109,2024-01-12,2024-01-22,62372.0,-0.0077598922593471,0.0019035780413837204,61888.0,62490.72996959718,0.0,62372.0,602.7299695971815,363283.41625061934,-1,1,2561
KNN,H7,109,2024-01-12,2024-01-23,62372.0,-0.0059161162059898,0.001603399159473878,62003.0,62472.00721237471,0.0,62372.0,469.0072123747086,219967.76525949503,-1,1,2560
KNN,H1,110,2024-01-15,2024-01-16,62567.0,-0.0080233989163616,0.00037506808213563547,62065.0,62590.466884694986,0.0,62567.0,525.4668846949862,276115.44691105396,-1,1,2567
KNN,H2,110,2024-01-15,2024-01-17,62567.0,-0.0160787635654577,0.0004055990816996949,61561.0,62592.37711774471,0.0,62567.0,1031.3771177447125,1063738.7590073904,-1,1,2566
KNN,H3,110,2024-01-15,2024-01-18,62567.0,-0.0124027043009893,0.00042722356238366526,61791.0,62593.73009662766,0.0,62567.0,802.7300966276598,644375.608031852,-1,1,2565
KNN,H4,110,2024-01-15,2024-01-19,62567.0,-0.0087266450365208,0.001128291792145415,62021.0,62637.593832559156,0.0,62567.0,616.593832559156,380187.9543499885,-1,1,2564
KNN,H5,110,2024-01-15,2024-01-22,62567.0,-0.0108523662633657,0.001248299159021285,61888.0,62645.102333482486,0.0,62567.0,757.1023334824858,573203.9433646252,-1,1,2563
KNN,H6,110,2024-01-15,2024-01-23,62567.0,-0.0090143366311313,0.001594288475268915,62003.0,62666.74984703215,0.0,62567.0,663.7498470321516,440563.85943520465,-1,1,2562
KNN,H7,110,2024-01-15,2024-01-24,62567.0,-0.0079115188517908,0.0011528023186907323,62072.0,62639.12738267352,0.0,62567.0,567.1273826735196,321633.4681781167,-1,1,2561
KNN,H1,111,2024-01-16,2024-01-17,62065.0,-0.008120518810924,6.122323230192522e-05,61561.0,62068.79981991281,0.0,62065.0,507.7998199128124,257860.6571034847,-1,1,2568
KNN,H2,111,2024-01-16,2024-01-18,62065.0,-0.004414726496415,-9.937115532121099e-05,61791.0,62058.83252924499,0.0,62065.0,267.8325292449881,71734.2637217674,-1,-1,2567
KNN,H3,111,2024-01-16,2024-01-19,62065.0,-0.000708934181906,0.00024848760046118775,62021.0,62080.42238292262,0.0,62065.0,59.422382922617544,3531.019592202189,-1,1,2566
KNN,H4,111,2024-01-16,2024-01-22,62065.0,-0.0028518488681221,0.0016496490729095783,61888.0,62167.385469710134,0.0,62065.0,279.3854697101342,78056.24068515231,-1,1,2565
KNN,H5,111,2024-01-16,2024-01-23,62065.0,-0.0009989527108675,0.000859097370195235,62003.0,62118.31987828117,0.0,62065.0,115.3198782811669,13298.674326783148,-1,1,2564
KNN,H6,111,2024-01-16,2024-01-24,62065.0,0.0001127849834849,0.002550957796495533,62072.0,62223.325195639496,0.0,62065.0,151.3251956394961,22899.314835331767,1,1,2563
KNN,H7,111,2024-01-16,2024-01-25,62065.0,-0.000467252074438,0.002286095191430847,62036.0,62206.88649805615,0.0,62065.0,170.8864980561484,29202.195217894016,-1,1,2562
KNN,H1,112,2024-01-17,2024-01-18,61561.0,0.0037361316417861,-2.731662905532527e-05,61791.0,61559.318360998725,0.0,61561.0,231.68163900127547,53676.381850317324,1,-1,2569
KNN,H2,112,2024-01-17,2024-01-19,61561.0,0.0074722632835724,0.00029017789653376294,62021.0,61578.86364148852,0.0,61561.0,442.1363585114814,195484.55951779318,1,1,2568
KNN,H3,112,2024-01-17,2024-01-22,61561.0,0.0053118045515829,0.00025495755226223897,61888.0,61576.69544187482,0.0,61561.0,311.304558125179,96910.52790951297,1,1,2567
KNN,H4,112,2024-01-17,2024-01-23,61561.0,0.0071798703724761,0.00022652490250592227,62003.0,61574.94509952317,0.0,61561.0,428.0549004768327,183230.99782223115,1,1,2566
KNN,H5,112,2024-01-17,2024-01-24,61561.0,0.0083007098650118,-9.810300586146386e-06,62072.0,61560.39606808562,0.0,61561.0,511.603931914382,261738.58315025558,1,-1,2565
KNN,H6,112,2024-01-17,2024-01-25,61561.0,0.0077159240428192,0.0008887246205531956,62036.0,61615.71077636587,0.0,61561.0,420.2892236341286,176643.03150297856,1,1,2564
KNN,H7,112,2024-01-17,2024-01-29,61561.0,0.0109322460648786,0.0009873890858034036,62234.0,61621.78465951115,0.0,61561.0,612.2153404888522,374807.6231298813,1,1,2563
KNN,H1,113,2024-01-18,2024-01-19,61791.0,0.0037222249194865,0.00021608299000689098,62021.0,61804.351984035515,0.0,61791.0,216.64801596448524,46936.36282134785,1,1,2570
KNN,H2,113,2024-01-18,2024-01-22,61791.0,0.001569807900827,0.00036984734715718735,61888.0,61813.853237428186,0.0,61791.0,74.14676257181418,5497.742399880984,1,1,2569
KNN,H3,113,2024-01-18,2024-01-23,61791.0,0.0034309203605702,4.550062033603404e-05,62003.0,61793.811528831175,0.0,61791.0,209.18847116882534,43759.81646995047,1,1,2568
KNN,H4,113,2024-01-18,2024-01-24,61791.0,0.0045475878364162,-0.000160782146159389,62072.0,61781.065110406664,0.0,61791.0,290.93488959333627,84643.10998268676,1,-1,2567
KNN,H5,113,2024-01-18,2024-01-25,61791.0,0.0039649787185835,-0.00015275043522887356,62036.0,61781.56139785677,0.0,61791.0,254.43860214322922,64739.002260600486,1,-1,2566
KNN,H6,113,2024-01-18,2024-01-29,61791.0,0.0071693288666634,0.0004660844136255595,62234.0,61819.79982200234,0.0,61791.0,414.20017799766356,171561.7874532962,1,1,2565
KNN,H7,113,2024-01-18,2024-01-30,61791.0,0.0093864802317489,0.0007013575202610421,62371.0,61834.33758253445,0.0,61791.0,536.6624174655517,288006.55031997006,1,1,2564
KNN,H1,114,2024-01-19,2024-01-22,62021.0,-0.0021444349494526,0.0002068287201814577,61888.0,62033.827724054376,0.0,62021.0,145.82772405437572,21265.72510287915,-1,1,2571
KNN,H2,114,2024-01-19,2024-01-23,62021.0,-0.0002902242788732,0.00011454254772414606,62003.0,62028.1040433524,0.0,62021.0,25.104043352403096,630.2129926393341,-1,1,2570
KNN,H3,114,2024-01-19,2024-01-24,62021.0,0.0008223021234743,-9.865353433208318e-05,62072.0,62014.88140914719,0.0,62021.0,57.11859085281321,3262.5334210110773,1,-1,2569
KNN,H4,114,2024-01-19,2024-01-25,62021.0,0.0002418535657278,0.0011408673074249026,62036.0,62091.7577312738,0.0,62021.0,55.757731273799436,3108.9245968012315,1,1,2568
KNN,H5,114,2024-01-19,2024-01-29,62021.0,0.0034343206333338,0.0004141907153846354,62234.0,62046.688522358876,0.0,62021.0,187.31147764112393,35085.58965610127,1,1,2567
KNN,H6,114,2024-01-19,2024-01-30,62021.0,0.0056432498669805,0.0012204273290745524,62371.0,62096.69212337653,0.0,62021.0,274.3078766234685,75244.811177676,1,1,2566
KNN,H7,114,2024-01-19,2024-01-31,62021.0,0.0136082939649473,0.0012177632701700215,62865.0,62096.526895779214,0.0,62021.0,768.4731042207859,590550.9119107309,1,1,2565
KNN,H1,115,2024-01-22,2024-01-23,61888.0,0.0018581954498448,-0.000319883177458991,62003.0,61868.20306991342,0.0,61888.0,134.7969300865807,18170.212360766523,1,-1,2572
KNN,H2,115,2024-01-22,2024-01-24,61888.0,0.0029731127197518,-9.427982990754459e-05,62072.0,61882.16520988668,0.0,61888.0,189.83479011331656,36037.24753736695,1,-1,2571
KNN,H3,115,2024-01-22,2024-01-25,61888.0,0.0023914167528438,-3.475670389982628e-05,62036.0,61885.848977109046,0.0,61888.0,150.15102289095375,22545.32967519972,1,-1,2570
KNN,H4,115,2024-01-22,2024-01-29,61888.0,0.0055907445708376,0.0006810557914808456,62234.0,61930.14918082317,0.0,61888.0,303.8508191768269,92325.32031442877,1,1,2569
KNN,H5,115,2024-01-22,2024-01-30,61888.0,0.0078044208893484,-0.0005118887282098999,62371.0,61856.32023038854,0.0,61888.0,514.679769611459,264895.2652473046,1,-1,2568
KNN,H6,115,2024-01-22,2024-01-31,61888.0,0.01578658221303,0.0009100517266627493,62865.0,61944.3212812597,0.0,61888.0,920.6787187403024,847649.3031412849,1,1,2567
KNN,H7,115,2024-01-22,2024-02-01,61888.0,0.0192444415718717,0.000879524108939761,63079.0,61942.43198805406,0.0,61888.0,1136.568011945943,1291786.8457787533,1,1,2566
KNN,H1,116,2024-01-23,2024-01-24,62003.0,0.0011128493782559,0.00018849850848775762,62072.0,62014.68747302176,0.0,62003.0,57.312526978239475,3284.725748631428,1,1,2573
KNN,H2,116,2024-01-23,2024-01-25,62003.0,0.0005322323113396,0.0005276194706723175,62036.0,62035.713990040094,0.0,62003.0,0.28600995990564115,0.08180169716522646,1,1,2572
KNN,H3,116,2024-01-23,2024-01-29,62003.0,0.0037256261793783,0.00034034942107823667,62234.0,62024.10268515512,0.0,62003.0,209.89731484487857,44056.88277909008,1,1,2571
KNN,H4,116,2024-01-23,2024-01-30,62003.0,0.0059351966840313,0.0005626432190614707,62371.0,62037.88556751147,0.0,62003.0,333.11443248853175,110965.22513215657,1,1,2570
KNN,H5,116,2024-01-23,2024-01-31,62003.0,0.0139025531022691,-0.00032859153106385374,62865.0,61982.626339299444,0.0,62003.0,882.3736607005558,778583.2770980995,1,-1,2569
KNN,H6,116,2024-01-23,2024-02-01,62003.0,0.0173539990000484,0.001711489972306792,63079.0,62109.117512752935,0.0,62003.0,969.882487247065,940672.0390685532,1,1,2568
KNN,H7,116,2024-01-23,2024-02-02,62003.0,0.0102575681821848,0.001558422950421941,62639.0,62099.62689819501,0.0,62003.0,539.3731018049875,290923.34295073344,1,1,2567
KNN,H1,117,2024-01-24,2024-01-25,62072.0,-0.0005799716458306,9.968993844884904e-05,62036.0,62078.1879538594,0.0,62072.0,42.187953859400295,1779.8234508428882,-1,1,2574
KNN,H2,117,2024-01-24,2024-01-29,62072.0,0.002609872406238,0.0003339010659431098,62234.0,62092.72590696522,0.0,62072.0,141.27409303477907,19958.36936279941,1,1,2573
KNN,H3,117,2024-01-24,2024-01-30,62072.0,0.0048169867250933,-4.6929081323766024e-05,62371.0,62069.08701806407,0.0,62072.0,301.91298193592957,91151.44866144493,1,-1,2572
KNN,H4,117,2024-01-24,2024-01-31,62072.0,0.0127754865317695,0.00038375238452276905,62865.0,62095.82027801209,0.0,62072.0,769.1797219879081,591637.4447173956,1,1,2571
KNN,H5,117,2024-01-24,2024-02-01,62072.0,0.0162230957597628,0.000577319755202471,63079.0,62107.83539184492,0.0,62072.0,971.1646081550789,943160.6961330079,1,1,2570
KNN,H6,117,2024-01-24,2024-02-02,62072.0,0.0091345534218327,0.0007970953232933338,62639.0,62121.47730090747,0.0,62072.0,517.5226990925294,267829.7440760167,1,1,2569
KNN,H7,117,2024-01-24,2024-02-05,62072.0,0.0075718520427889,0.0009234568425020859,62542.0,62129.320813127786,0.0,62072.0,412.6791868722139,170304.11127751163,1,1,2568
KNN,H1,118,2024-01-25,2024-01-29,62036.0,0.0031916951447545,-0.00011479242358440504,62234.0,62028.87873721052,0.0,62036.0,205.12126278947835,42074.73244835024,1,-1,2575
KNN,H2,118,2024-01-25,2024-01-30,62036.0,0.0054000902701656,-0.0001584269371111132,62371.0,62026.171826529375,0.0,62036.0,344.8281734706252,118906.46921908758,1,-1,2574
KNN,H3,118,2024-01-25,2024-01-31,62036.0,0.013363208459604,-5.18573234233181e-05,62865.0,62032.78297908411,0.0,62036.0,832.2170209158867,692585.1699021134,1,-1,2573
KNN,H4,118,2024-01-25,2024-02-01,62036.0,0.0168128183635307,0.001105064540618771,63079.0,62104.553783841824,0.0,62036.0,974.446216158176,949545.4281849866,1,1,2572
KNN,H5,118,2024-01-25,2024-02-02,62036.0,0.0097201624862983,0.0010632635830946941,62639.0,62101.960619640864,0.0,62036.0,537.039380359136,288411.29605652473,1,1,2571
KNN,H6,118,2024-01-25,2024-02-05,62036.0,0.0081565542588175,0.0011555480279208104,62542.0,62107.6855774601,0.0,62036.0,434.314422539901,188629.01762616765,1,1,2570
KNN,H7,118,2024-01-25,2024-02-06,62036.0,0.0046102263202012,0.0013003476945982622,62322.0,62116.6683695821,0.0,62036.0,205.3316304179025,42161.0784500741,1,1,2569
KNN,H1,119,2024-01-29,2024-01-30,62234.0,0.0022013690265771,-2.66755385358617e-05,62371.0,62232.33987453476,0.0,62234.0,138.66012546524144,19226.630394036496,1,-1,2576
KNN,H2,119,2024-01-29,2024-01-31,62234.0,0.0101391522318989,-0.00022686429839263722,62865.0,62219.88132725383,0.0,62234.0,645.1186727461682,416178.1019257776,1,-1,2575
KNN,H3,119,2024-01-29,2024-02-01,62234.0,0.0135777870617348,-0.0002589180361233773,63079.0,62217.8864949399,0.0,62234.0,861.1135050601006,741516.4685968918,1,-1,2574
KNN,H4,119,2024-01-29,2024-02-02,62234.0,0.0065076967573995,0.0005011167928172999,62639.0,62265.18650248419,0.0,62234.0,373.81349751581,139736.5309250025,1,1,2573
KNN,H5,119,2024-01-29,2024-02-05,62234.0,0.0049490632130346,-0.00021192234379472974,62542.0,62220.811224856276,0.0,62234.0,321.18877514372434,103162.22927832592,1,-1,2572
KNN,H6,119,2024-01-29,2024-02-06,62234.0,0.001414018060867,0.001053937302809229,62322.0,62299.59073410304,0.0,62234.0,22.409265896960278,502.17519804066694,1,1,2571
KNN,H7,119,2024-01-29,2024-02-07,62234.0,0.0011408554809269,0.0009919521244391178,62305.0,62295.733148512336,0.0,62234.0,9.266851487664098,85.87453649442232,1,1,2570
KNN,H1,120,2024-01-30,2024-01-31,62371.0,0.0079203475974412,0.00010647991545838046,62865.0,62377.64125880706,0.0,62371.0,487.3587411929402,237518.5426171673,1,1,2577
KNN,H2,120,2024-01-30,2024-02-01,62371.0,0.0113514293501788,-5.091874148297603e-07,63079.0,62370.96824147175,0.0,62371.0,708.0317585282464,501308.9710846011,1,-1,2576
KNN,H3,120,2024-01-30,2024-02-02,62371.0,0.0042968687370732,-0.00033705656204835883,62639.0,62349.97744516848,0.0,62371.0,289.0225548315211,83534.03720133963,1,-1,2575
KNN,H4,120,2024-01-30,2024-02-05,62371.0,0.0027416587837296,0.0003789765183291847,62542.0,62394.637144424705,0.0,62371.0,147.36285557529482,21715.8112033052,1,1,2574
KNN,H5,120,2024-01-30,2024-02-06,62371.0,-0.0007856215228231,-0.00047953361170758035,62322.0,62341.09100910419,0.0,62371.0,19.091009104187833,364.46662861618273,-1,-1,2573
KNN,H6,120,2024-01-30,2024-02-07,62371.0,-0.0010581840919657,0.001123194105246616,62305.0,62441.05473953833,0.0,62371.0,136.0547395383328,18510.892150843578,-1,1,2572
KNN,H7,120,2024-01-30,2024-02-08,62371.0,-0.0024370300299818,0.0007578685076808248,62219.0,62418.26901669256,0.0,62371.0,199.2690166925604,39708.14101361991,-1,1,2571
KNN,H1,121,2024-01-31,2024-02-01,62865.0,0.0034041199395529,0.00019882368894837853,63079.0,62877.499051205734,0.0,62865.0,201.50094879426615,40602.63236498947,1,1,2578
KNN,H2,121,2024-01-31,2024-02-02,62865.0,-0.0035950051698083,-3.212651087966099e-05,62639.0,62862.98036689355,0.0,62865.0,223.98036689354922,50167.20475376892,-1,-1,2577
KNN,H3,121,2024-01-31,2024-02-05,62865.0,-0.0051379941143721,-0.000199023808673582,62542.0,62852.48836826774,0.0,62865.0,310.48836826773913,96403.0268295632,-1,-1,2576
KNN,H4,121,2024-01-31,2024-02-06,62865.0,-0.0086375566690527,0.0011109880199116858,62322.0,62934.842261871745,0.0,62865.0,612.842261871745,375575.63793607644,-1,1,2575
KNN,H5,121,2024-01-31,2024-02-07,62865.0,-0.0089079774119144,9.860129458886731e-06,62305.0,62865.61985703844,0.0,62865.0,560.6198570384367,314294.62410579727,-1,1,2574
KNN,H6,121,2024-01-31,2024-02-08,62865.0,-0.010275988228744,0.0014181126205509717,62219.0,62954.14964989094,0.0,62865.0,735.14964989094,540445.0077347717,-1,1,2573
KNN,H7,121,2024-01-31,2024-02-09,62865.0,-0.0120893979161695,0.0011031521916438942,62105.0,62934.34966252769,0.0,62865.0,829.3496625276894,687820.8627347923,-1,1,2572
KNN,H1,122,2024-02-01,2024-02-02,63079.0,-0.0069753800789486,0.0003978052391055861,62639.0,63104.09315667754,0.0,63079.0,465.0931566775398,216311.6443882786,-1,1,2579
KNN,H2,122,2024-02-01,2024-02-05,63079.0,-0.0085131343236258,0.0006990789097958575,62542.0,63123.09719855101,0.0,63079.0,581.0971985510114,337673.9541638336,-1,1,2578
KNN,H3,122,2024-02-01,2024-02-06,63079.0,-0.0120008243631002,0.0005174485024775082,62322.0,63111.64013408778,0.0,63079.0,789.6401340877783,623531.5413621644,-1,1,2577
KNN,H4,122,2024-02-01,2024-02-07,63079.0,-0.0122703276843323,0.0010047442069189155,62305.0,63142.37825982824,0.0,63079.0,837.3782598282414,701202.3500329738,-1,1,2576
KNN,H5,122,2024-02-01,2024-02-08,63079.0,-0.0136336974270359,0.0007761036339696297,62219.0,63127.95584112718,0.0,63079.0,908.9558411271792,826200.7211192178,-1,1,2575
KNN,H6,122,2024-02-01,2024-02-09,63079.0,-0.0154409549929454,0.0018449038643447825,62105.0,63195.37469085901,0.0,63079.0,1090.374690859011,1188916.966465884,-1,1,2574
KNN,H7,122,2024-02-01,2024-02-12,63079.0,-0.0193883859921685,0.0012219410160131308,61856.0,63156.07881734909,0.0,63079.0,1300.0788173490873,1690204.9313198016,-1,1,2573
KNN,H1,123,2024-02-02,2024-02-05,62639.0,-0.0015485560114305,0.0001926254836799105,62542.0,62651.06586767223,0.0,62639.0,109.06586767223052,11895.3634910965,-1,1,2580
KNN,H2,123,2024-02-02,2024-02-06,62639.0,-0.0050607449033349,0.00024869931071010024,62322.0,62654.57827612357,0.0,62639.0,332.5782761235678,110608.3097493241,-1,1,2579
KNN,H3,123,2024-02-02,2024-02-07,62639.0,-0.0053321413177094,0.00011291985515603359,62305.0,62646.073186807116,0.0,62639.0,341.07318680711614,116330.91875876195,-1,1,2578
KNN,H4,123,2024-02-02,2024-02-08,62639.0,-0.0067050878845448,0.0011297256657206026,62219.0,62709.76488597507,0.0,62639.0,490.7648859750698,240850.17330612324,-1,1,2577
KNN,H5,123,2024-02-02,2024-02-09,62639.0,-0.0085250403103497,0.0011504413880501706,62105.0,62711.06249810607,0.0,62639.0,606.0624981060682,367311.75161056797,-1,1,2576
KNN,H6,123,2024-02-02,2024-02-12,62639.0,-0.012500199556187,0.0016947466748227374,61856.0,62745.15723696422,0.0,62639.0,889.1572369642236,790600.5920458524,-1,1,2575
KNN,H7,123,2024-02-02,2024-02-13,62639.0,-0.0219032870895129,0.0013620577172117675,61267.0,62724.31793334843,0.0,62639.0,1457.3179333484295,2123775.5588589376,-1,1,2574
KNN,H1,124,2024-02-05,2024-02-06,62542.0,-0.0035176361485081,0.00014169023635799262,62322.0,62550.8615907623,0.0,62542.0,228.8615907623025,52377.62772625163,-1,1,2581
KNN,H2,124,2024-02-05,2024-02-07,62542.0,-0.0037894534872565,0.0007218586570373923,62305.0,62587.14648412843,0.0,62542.0,282.14648412843235,79606.63850603573,-1,1,2580
KNN,H3,124,2024-02-05,2024-02-08,62542.0,-0.0051645294362188,0.0002576146313437217,62219.0,62558.1117342735,0.0,62542.0,339.1117342735015,114996.76832198189,-1,1,2579
KNN,H4,124,2024-02-05,2024-02-09,62542.0,-0.0069873045313548,0.0014024919342748845,62105.0,62629.71465055341,0.0,62542.0,524.714650553411,275325.4645053883,-1,1,2578
KNN,H5,124,2024-02-05,2024-02-12,62542.0,-0.0109686290812573,0.0008101342630396391,61856.0,62592.66741707902,0.0,62542.0,736.6674170790211,542678.8833858764,-1,1,2577
KNN,H6,124,2024-02-05,2024-02-13,62542.0,-0.0203863004061271,0.0016027190428961387,61267.0,62642.237254380816,0.0,62542.0,1375.237254380816,1891277.5058368852,-1,1,2576
KNN,H7,124,2024-02-05,2024-02-14,62542.0,-0.0219372581625147,0.0012840739664461232,61170.0,62622.308554009476,0.0,62542.0,1452.3085540094762,2109200.1360490955,-1,1,2575
KNN,H1,125,2024-02-06,2024-02-07,62322.0,-0.0002727768685215,5.1517212006023964e-05,62305.0,62325.210655686635,0.0,62322.0,20.21065568663471,408.4706032836999,-1,1,2582
KNN,H2,125,2024-02-06,2024-02-08,62322.0,-0.0016527069092776,0.00028030885991861635,62219.0,62339.46940876784,0.0,62322.0,120.46940876784356,14512.878448873784,-1,1,2581
KNN,H3,125,2024-02-06,2024-02-09,62322.0,-0.0034819164981868,9.914134445538744e-05,62105.0,62328.17868686914,0.0,62322.0,223.17868686914153,49808.726272634325,-1,1,2580
KNN,H4,125,2024-02-06,2024-02-12,62322.0,-0.0074772953371201,0.00020893631618134012,61856.0,62335.02132909705,0.0,62322.0,479.0213290970496,229461.4337299039,-1,1,2579
KNN,H5,125,2024-02-06,2024-02-13,62322.0,-0.0169282115464843,0.00048510352043243556,61267.0,62352.23262160039,0.0,62322.0,1085.232621600393,1177729.842985662,-1,1,2578
KNN,H6,125,2024-02-06,2024-02-14,62322.0,-0.018484644266872,0.0006110644707683347,61170.0,62360.08275994723,0.0,62322.0,1190.0827599472323,1416296.9755236215,-1,1,2577
KNN,H7,125,2024-02-06,2024-02-15,62322.0,-0.0163024293186996,0.0010180286490188441,61306.0,62385.445581464155,0.0,62322.0,1079.445581464155,1165202.7633424879,-1,1,2576
KNN,H1,126,2024-02-07,2024-02-08,62305.0,-0.0013803065564561,-0.00019552886528011851,62219.0,62292.81757404873,0.0,62305.0,73.81757404872769,5449.034238439396,-1,-1,2583
KNN,H2,126,2024-02-07,2024-02-09,62305.0,-0.0032100152475724,-0.0005109360858238507,62105.0,62273.16612717274,0.0,62305.0,168.16612717274256,28279.846328279025,-1,-1,2582
KNN,H3,126,2024-02-07,2024-02-12,62305.0,-0.0072064842308,-0.0005645047219504064,61856.0,62269.82853329888,0.0,62305.0,413.82853329888167,171254.05497230362,-1,-1,2581
KNN,H4,126,2024-02-07,2024-02-13,62305.0,-0.0166599791349009,0.0004483257656198531,61267.0,62332.93293682694,0.0,62305.0,1065.932936826939,1136213.0258125034,-1,1,2580
KNN,H5,126,2024-02-07,2024-02-14,62305.0,-0.0182168365299735,0.0007267080821892217,61170.0,62350.2775470608,0.0,62305.0,1180.277547060803,1393055.0880958661,-1,1,2579
KNN,H6,126,2024-02-07,2024-02-15,62305.0,-0.0160340261616243,0.0012628620762801886,61306.0,62383.68262166264,0.0,62305.0,1077.6826216626432,1161399.8330336679,-1,1,2578
KNN,H7,126,2024-02-07,2024-02-16,62305.0,-0.0129524115239547,0.0005572720205922125,61498.0,62339.720833242995,0.0,62305.0,841.7208332429946,708493.9611152811,-1,1,2577
KNN,H1,127,2024-02-08,2024-02-09,62219.0,-0.001832237740883,-0.00012852832529987294,62105.0,62211.00309612817,0.0,62219.0,106.00309612816636,11236.65638875728,-1,-1,2584
KNN,H2,127,2024-02-08,2024-02-12,62219.0,-0.0058342307012327,-2.1878705316582777e-05,61856.0,62217.63872883391,0.0,62219.0,361.63872883391014,130782.57019260639,-1,-1,2583
KNN,H3,127,2024-02-08,2024-02-13,62219.0,-0.0153007923624616,-0.00027506542265764435,61267.0,62201.88570446766,0.0,62219.0,934.8857044676624,874011.2804179975,-1,-1,2582
KNN,H4,127,2024-02-08,2024-02-14,62219.0,-0.0168598016683007,-0.0001162189694647457,61170.0,62211.76897193887,0.0,62219.0,1041.7689719388727,1085282.5908945757,-1,-1,2581
KNN,H5,127,2024-02-08,2024-02-15,62219.0,-0.014673974187949,-0.0007158327749389325,61306.0,62174.461600576076,0.0,62219.0,868.4616005760763,754225.5516751603,-1,-1,2580
KNN,H6,127,2024-02-08,2024-02-16,62219.0,-0.0115881000980407,0.0005324733086122511,61498.0,62252.12995678855,0.0,62219.0,754.1299567885508,568711.9917259015,-1,1,2579
KNN,H7,127,2024-02-08,2024-02-19,62219.0,-0.0092897667914945,0.0004169200262714655,61641.0,62244.94034711458,0.0,62219.0,603.9403471145779,364743.9428728768,-1,1,2578
KNN,H1,128,2024-02-09,2024-02-12,62105.0,-0.004009339022623,5.496351456128151e-05,61856.0,62108.41350907183,0.0,62105.0,252.4135090718264,63712.579561952996,-1,1,2585
KNN,H2,128,2024-02-09,2024-02-13,62105.0,-0.0134932775138877,0.00015067284838423943,61267.0,62114.3575372489,0.0,62105.0,847.3575372488995,718014.7959325201,-1,1,2584
KNN,H3,128,2024-02-09,2024-02-14,62105.0,-0.0150551485387649,0.00014227389135351975,61170.0,62113.83592002251,0.0,62105.0,943.8359200225095,890826.243924737,-1,1,2583
KNN,H4,128,2024-02-09,2024-02-15,62105.0,-0.0128653087513083,0.0005686822269113487,61306.0,62140.31800970233,0.0,62105.0,834.3180097023287,696086.5413136551,-1,1,2582
KNN,H5,128,2024-02-09,2024-02-16,62105.0,-0.0097737702278399,-0.00018340949480516106,61498.0,62093.609353325126,0.0,62105.0,595.609353325126,354750.50176837476,-1,-1,2581
KNN,H6,128,2024-02-09,2024-02-19,62105.0,-0.0074712180983818,0.0009262797882051327,61641.0,62162.52660624647,0.0,62105.0,521.5266062464725,271990.0010229632,-1,1,2580
KNN,H7,128,2024-02-09,2024-02-20,62105.0,-0.0047500201272039,0.0014457051840496536,61810.0,62194.78552045541,0.0,62105.0,384.7855204554071,148059.8967521385,-1,1,2579
KNN,H1,129,2024-02-12,2024-02-13,61856.0,-0.0095221158820486,-0.00013815675919122436,61267.0,61847.454175503466,0.0,61856.0,580.4541755034661,336927.04985940864,-1,-1,2586
KNN,H2,129,2024-02-12,2024-02-14,61856.0,-0.0110902741852043,-0.0001201129372269164,61170.0,61848.570294154895,0.0,61856.0,678.5702941548952,460457.64410946105,-1,-1,2585
KNN,H3,129,2024-02-12,2024-02-15,61856.0,-0.0088916192446973,-7.302357878117984e-05,61306.0,61851.483053510914,0.0,61856.0,545.483053510914,297551.7616675907,-1,-1,2584
KNN,H4,129,2024-02-12,2024-02-16,61856.0,-0.0057876357992757,9.065624424356227e-05,61498.0,61861.60763264393,0.0,61856.0,363.6076326439288,132210.51051692228,-1,1,2583
KNN,H5,129,2024-02-12,2024-02-19,61856.0,-0.0034758147956543,0.00046751537360604183,61641.0,61884.918630949775,0.0,61856.0,243.91863094977452,59496.298524412305,-1,1,2582
KNN,H6,129,2024-02-12,2024-02-20,61856.0,-0.0007436627004655,0.0005961756003678924,61810.0,61892.877037936356,0.0,61856.0,82.87703793635592,6868.603417104178,-1,1,2581
KNN,H7,129,2024-02-12,2024-02-21,61856.0,-0.0018106570098292,0.000780524289884376,61744.0,61904.28011047509,0.0,61856.0,160.28011047509062,25689.713813907256,-1,1,2580
KNN,H1,130,2024-02-13,2024-02-14,61267.0,-0.0015832340411641,-0.00016037147029718442,61170.0,61257.1745211293,0.0,61267.0,87.17452112930187,7599.397134123097,-1,-1,2587
KNN,H2,130,2024-02-13,2024-02-15,61267.0,0.0006365580165506,8.481831158850131e-05,61306.0,61272.19656349609,0.0,61267.0,33.80343650391296,1142.6723194740755,1,1,2586
KNN,H3,130,2024-02-13,2024-02-16,61267.0,0.0037703820980299,-3.2418446065624264e-05,61498.0,61265.0138190649,0.0,61267.0,232.98618093509867,54282.56050672253,1,-1,2585
KNN,H4,130,2024-02-13,2024-02-19,61267.0,0.006104428158715,-8.779401480617329e-05,61641.0,61261.62112409487,0.0,61267.0,379.3788759051313,143928.331483041,1,-1,2584
KNN,H5,130,2024-02-13,2024-02-20,61267.0,0.008862846230434,-0.000420535741318129,61810.0,61241.23503673666,0.0,61267.0,568.7649632633402,323493.5834359487,1,-1,2583
KNN,H6,130,2024-02-13,2024-02-21,61267.0,0.0077855942024254,0.0005122643046366861,61744.0,61298.38489715217,0.0,61267.0,445.6151028478271,198572.8198860795,1,1,2582
KNN,H7,130,2024-02-13,2024-02-22,61267.0,0.0064308681672025,0.0004285764728848109,61661.0,61293.25759476424,0.0,61267.0,367.7424052357601,135234.476608582,1,1,2581
KNN,H1,131,2024-02-14,2024-02-15,61170.0,0.0022233120810855,-0.00018502744316199014,61306.0,61158.681871301786,0.0,61170.0,147.31812869821442,21702.63104314367,1,-1,2588
KNN,H2,131,2024-02-14,2024-02-16,61170.0,0.0053621056073238,-0.00018097139721372238,61498.0,61158.929979632434,0.0,61170.0,339.07002036756603,114968.47871206164,1,-1,2587
KNN,H3,131,2024-02-14,2024-02-19,61170.0,0.0076998528690535,-0.000391620584046419,61641.0,61146.044568873884,0.0,61170.0,494.9554311261163,244980.87880123965,1,-1,2586
KNN,H4,131,2024-02-14,2024-02-20,61170.0,0.0104626450874611,0.00032724477762236117,61810.0,61190.01756304716,0.0,61170.0,619.9824369528433,384378.2221299863,1,1,2585
KNN,H5,131,2024-02-14,2024-02-21,61170.0,0.0093836848128168,0.0005531075777458762,61744.0,61203.83359053071,0.0,61170.0,540.1664094692896,291779.74991894426,1,1,2584
KNN,H6,131,2024-02-14,2024-02-22,61170.0,0.0080268105280365,7.978664205228407e-05,61661.0,61174.88054889434,0.0,61170.0,486.1194511056601,236312.1207432683,1,1,2583
KNN,H7,131,2024-02-14,2024-02-23,61170.0,0.0120974333823768,0.0006509639793317452,61910.0,61209.81946661572,0.0,61170.0,700.1805333842785,490252.7793302928,1,1,2582
KNN,H1,132,2024-02-15,2024-02-16,61306.0,0.0031318304896748,5.533827087614243e-05,61498.0,61309.39256803433,0.0,61306.0,188.6074319656691,35572.763392684494,1,1,2589
KNN,H2,132,2024-02-15,2024-02-19,61306.0,0.0054643917397971,-0.00011973449151941545,61641.0,61298.659557262916,0.0,61306.0,342.34044273708423,117196.97873342285,1,-1,2588
KNN,H3,132,2024-02-15,2024-02-20,61306.0,0.0082210550353962,-0.0003332632780146901,61810.0,61285.568961478035,0.0,61306.0,524.4310385219651,275027.91416522686,1,-1,2587
KNN,H4,132,2024-02-15,2024-02-21,61306.0,0.0071444883045705,-7.153354423988796e-05,61744.0,61301.61456453682,0.0,61306.0,442.3854354631767,195704.87350994447,1,-1,2586
KNN,H5,132,2024-02-15,2024-02-22,61306.0,0.0057906240824714,0.00011031921929477816,61661.0,61312.76323005809,0.0,61306.0,348.2367699419119,121268.84793957608,1,1,2585
KNN,H6,132,2024-02-15,2024-02-23,61306.0,0.0098522167487684,0.0011484386616749979,61910.0,61376.40618059264,0.0,61306.0,533.5938194073606,284722.36410973495,1,1,2584
KNN,H7,132,2024-02-15,2024-02-26,61306.0,0.0075033438815124,0.0007470500923954832,61766.0,61351.79865296439,0.0,61306.0,414.2013470356105,171562.75588611426,1,1,2583
KNN,H1,133,2024-02-16,2024-02-19,61498.0,0.0023252788708576,4.759582511745827e-05,61641.0,61500.92704805307,0.0,61498.0,140.07295194693143,19620.43186712736,1,1,2590
KNN,H2,133,2024-02-16,2024-02-20,61498.0,0.0050733357182346,-4.875188055522906e-05,61810.0,61495.001856849616,0.0,61498.0,314.99814315038384,99223.8301881897,1,-1,2589
KNN,H3,133,2024-02-16,2024-02-21,61498.0,0.0040001300855312,-0.00011659559469462952,61744.0,61490.82960411747,0.0,61498.0,253.170395882531,64095.24935131748,1,-1,2588
KNN,H4,133,2024-02-16,2024-02-22,61498.0,0.0026504926989494,0.0003024196412748445,61661.0,61516.59820309912,0.0,61498.0,144.40179690087825,20851.87894820249,1,1,2587
KNN,H5,133,2024-02-16,2024-02-23,61498.0,0.0066994048586945,0.0005914237100564291,61910.0,61534.37137532105,0.0,61498.0,375.6286246789532,141096.8636782019,1,1,2586
KNN,H6,133,2024-02-16,2024-02-26,61498.0,0.0043578652964324,0.0011679021830262226,61766.0,61569.82364845175,0.0,61498.0,196.17635154825257,38485.16090678358,1,1,2585
KNN,H7,133,2024-02-16,2024-02-27,61498.0,0.0055448957689681,0.0008356669143372819,61839.0,61549.39184389791,0.0,61498.0,289.608156102091,83872.88408085312,1,1,2584
KNN,H1,134,2024-02-19,2024-02-20,61641.0,0.0027416816729124,-0.00015199810723145744,61810.0,61631.63068467215,0.0,61641.0,178.36931532785093,31815.612650526316,1,-1,2591
KNN,H2,134,2024-02-19,2024-02-21,61641.0,0.0016709657533136,3.183121102147138e-07,61744.0,61641.01962107679,0.0,61641.0,102.98037892321008,10604.958443167932,1,1,2590
KNN,H3,134,2024-02-19,2024-02-22,61641.0,0.0003244593695754,-0.00014511928191068293,61661.0,61632.05470234375,0.0,61641.0,28.945297656253388,837.8302564091078,1,-1,2589
KNN,H4,134,2024-02-19,2024-02-23,61641.0,0.0043639785207896,0.0008912670655744977,61910.0,61695.93859318908,0.0,61641.0,214.06140681092074,45822.28588587051,1,1,2588
KNN,H5,134,2024-02-19,2024-02-26,61641.0,0.0020278710598464,-0.0004795673607763434,61766.0,61611.43898831438,0.0,61641.0,154.56101168561872,23889.10633328197,1,-1,2587
KNN,H6,134,2024-02-19,2024-02-27,61641.0,0.0032121477587969,0.0016065617200855611,61839.0,61740.03007098779,0.0,61641.0,98.96992901220801,9795.046848681493,1,1,2586
KNN,H7,134,2024-02-19,2024-02-28,61641.0,0.0024496682402945,0.0017480727328020862,61792.0,61748.752951322655,0.0,61641.0,43.24704867734545,1870.3072193006865,1,1,2585
KNN,H1,135,2024-02-20,2024-02-21,61810.0,-0.0010677883837566,-8.069051906947553e-05,61744.0,61805.012519016316,0.0,61810.0,61.01251901631622,3722.5274767163482,-1,-1,2592
KNN,H2,135,2024-02-20,2024-02-22,61810.0,-0.00241061316939,-0.00017310748077892,61661.0,61799.30022661306,0.0,61810.0,138.30022661305702,19126.952681222927,-1,-1,2591
KNN,H3,135,2024-02-20,2024-02-23,61810.0,0.0016178611875101,-0.00021933425337384167,61910.0,61796.44294979896,0.0,61810.0,113.55705020103778,12895.203650361014,1,-1,2590
KNN,H4,135,2024-02-20,2024-02-26,61810.0,-0.0007118589225044,0.0005868267164576296,61766.0,61846.27175934425,0.0,61810.0,80.27175934425031,6443.555348221237,-1,1,2589
KNN,H5,135,2024-02-20,2024-02-27,61810.0,0.0004691797443778,-0.0006387732494983668,61839.0,61770.51742544851,0.0,61810.0,68.48257455148996,4689.86301720038,1,-1,2588
KNN,H6,135,2024-02-20,2024-02-28,61810.0,-0.0002912150137518,0.0009252530706252481,61792.0,61867.18989229534,0.0,61810.0,75.18989229534054,5653.519903384911,-1,1,2587
KNN,H7,135,2024-02-20,2024-02-29,61810.0,0.0078142695356737,0.0009561566663548017,62293.0,61869.10004354738,0.0,61810.0,423.8999564526166,179691.17308053025,1,1,2586
KNN,H1,136,2024-02-21,2024-02-22,61744.0,-0.0013442601710287,-5.739879523637285e-06,61661.0,61743.64559687869,0.0,61744.0,82.64559687869041,6830.294683435002,-1,-1,2593
KNN,H2,136,2024-02-21,2024-02-23,61744.0,0.0026885203420574,-8.398464334098232e-05,61910.0,61738.81445218155,0.0,61744.0,171.1855478184516,29304.491781903376,1,-1,2592
KNN,H3,136,2024-02-21,2024-02-26,61744.0,0.0003563099248509,-9.137458435462943e-05,61766.0,61738.35816766361,0.0,61744.0,27.641832336390507,764.0708949131239,1,-1,2591
KNN,H4,136,2024-02-21,2024-02-27,61744.0,0.0015386110391293,0.0005475339138660881,61839.0,61777.80693397775,0.0,61744.0,61.193066022249695,3744.59132920341,1,1,2590
KNN,H5,136,2024-02-21,2024-02-28,61744.0,0.0007774034724021,0.0003202903289737846,61792.0,61763.77600607216,0.0,61744.0,28.223993927837,796.5938332385798,1,1,2589
KNN,H6,136,2024-02-21,2024-02-29,61744.0,0.0088915522155998,0.0008823160834269628,62293.0,61798.47772425512,0.0,61744.0,494.52227574487915,244552.2812078943,1,1,2588
KNN,H7,136,2024-02-21,2024-03-01,61744.0,0.022528504793988,0.0007766641234088742,63135.0,61791.95434963575,0.0,61744.0,1343.045650364249,1803771.6189623286,1,1,2587
KNN,H1,137,2024-02-22,2024-02-23,61661.0,0.0040382089164949,-5.341858702653985e-05,61910.0,61657.70615650535,0.0,61661.0,252.29384349464817,63652.18346530203,1,-1,2594
KNN,H2,137,2024-02-22,2024-02-26,61661.0,0.0017028591816545,-3.381581825508536e-05,61766.0,61658.91488283057,0.0,61661.0,107.0851171694303,11467.222319190618,1,-1,2593
KNN,H3,137,2024-02-22,2024-02-27,61661.0,0.0028867517555666,-0.00014122083930087726,61839.0,61652.29218182787,0.0,61661.0,186.70781817212992,34859.809366597125,1,-1,2592
KNN,H4,137,2024-02-22,2024-02-28,61661.0,0.0021245195504451,-7.090003149298986e-05,61792.0,61656.62823315811,0.0,61661.0,135.37176684189035,18325.515257895124,1,-1,2591
KNN,H5,137,2024-02-22,2024-02-29,61661.0,0.0102495905029111,-0.0006617172574634283,62293.0,61620.19785218755,0.0,61661.0,672.8021478124501,452662.730101046,1,-1,2590
KNN,H6,137,2024-02-22,2024-03-01,61661.0,0.0239048993691313,-0.0004550225143161489,63135.0,61632.942856744754,0.0,61661.0,1502.057143255246,2256175.6616041106,1,-1,2589
KNN,H7,137,2024-02-22,2024-03-04,61661.0,0.0315272214203468,-0.00038153020201144754,63605.0,61637.47446621377,0.0,61661.0,1967.5255337862327,3871156.7261008,1,-1,2588
KNN,H1,138,2024-02-23,2024-02-26,61910.0,-0.0023259570344047,6.20450770900307e-05,61766.0,61913.84121072265,0.0,61910.0,147.8412107226468,21857.023587938053,-1,1,2595
KNN,H2,138,2024-02-23,2024-02-27,61910.0,-0.0011468260377968,0.00011039102743342036,61839.0,61916.8343085084,0.0,61910.0,77.83430850839795,6058.17958098047,-1,1,2594
KNN,H3,138,2024-02-23,2024-02-28,61910.0,-0.0019059925698594,-7.17981814121248e-05,61792.0,61905.55497458878,0.0,61910.0,113.55497458877653,12894.732253857685,-1,-1,2593
KNN,H4,138,2024-02-23,2024-02-29,61910.0,0.0061863996123405,0.0002498808003034392,62293.0,61925.47012034679,0.0,61910.0,367.5298796532079,135078.21243790147,1,1,2592
KNN,H5,138,2024-02-23,2024-03-01,61910.0,0.0197867872718462,-0.0007377499569817449,63135.0,61864.32590016326,0.0,61910.0,1270.6740998367386,1614612.667995906,1,-1,2591
KNN,H6,138,2024-02-23,2024-03-04,61910.0,0.0273784525924729,-0.00011734028367899909,63605.0,61902.73546303743,0.0,61910.0,1702.264536962568,2897704.553800386,1,-1,2590
KNN,H7,138,2024-02-23,2024-03-05,61910.0,0.0368761104829591,-0.00027018717672855325,64193.0,61893.272711888734,0.0,61910.0,2299.727288111266,5288745.599683597,1,-1,2589
KNN,H1,139,2024-02-26,2024-02-27,61766.0,0.0011818799987048,-2.9917206331860335e-05,61839.0,61764.15213383371,0.0,61766.0,74.84786616628844,5602.203069646626,1,-1,2596
KNN,H2,139,2024-02-26,2024-02-28,61766.0,0.0004209435611826,-0.00042437005297864743,61792.0,61739.78835930772,0.0,61766.0,52.211640692279616,2726.0554237797087,1,-1,2595
KNN,H3,139,2024-02-26,2024-02-29,61766.0,0.0085322021824305,-0.0004885554435312904,62293.0,61735.82388447484,0.0,61766.0,557.1761155251588,310445.2237117051,1,-1,2594
KNN,H4,139,2024-02-26,2024-03-01,61766.0,0.0221642975099569,-2.011362340151711e-05,63135.0,61764.75766193699,0.0,61766.0,1370.2423380630134,1877564.0650203936,1,-1,2593
KNN,H5,139,2024-02-26,2024-03-04,61766.0,0.0297736618851796,-0.0008492116672640389,63605.0,61713.54759215977,0.0,61766.0,1891.452407840232,3577592.211124611,1,-1,2592
KNN,H6,139,2024-02-26,2024-03-05,61766.0,0.0392934624226921,0.0006452642093952444,64193.0,61805.85538915751,0.0,61766.0,2387.1446108424934,5698459.39307436,1,1,2591
KNN,H7,139,2024-02-26,2024-03-06,61766.0,0.0530388887089985,0.0001782286709356263,65042.0,61777.008472089,0.0,61766.0,3264.991527910999,10660169.6773306,1,1,2590
KNN,H1,140,2024-02-27,2024-02-28,61839.0,-0.0007600381636184,-0.00011641948248958934,61792.0,61831.800735622324,0.0,61839.0,39.80073562232428,1584.098556078153,-1,-1,2597
KNN,H2,140,2024-02-27,2024-02-29,61839.0,0.0073416452400587,-0.0002184030631716087,62293.0,61825.494172976534,0.0,61839.0,467.5058270234658,218561.69830089476,1,-1,2596
KNN,H3,140,2024-02-27,2024-03-01,61839.0,0.0209576480861592,-0.00028011692899177995,63135.0,61821.67784922808,0.0,61839.0,1313.3221507719209,1724815.071708184,1,-1,2595
KNN,H4,140,2024-02-27,2024-03-04,61839.0,0.0285580297223435,-0.0003531065153907416,63605.0,61817.16424619475,0.0,61839.0,1787.8357538052514,3196356.6825843914,1,-1,2594
KNN,H5,140,2024-02-27,2024-03-05,61839.0,0.0380665922799527,-0.00030988513279633575,64193.0,61819.83701327301,0.0,61839.0,2373.1629867269876,5631902.561570956,1,-1,2593
KNN,H6,140,2024-02-27,2024-03-06,61839.0,0.0517957922993579,-0.000630527493604686,65042.0,61800.00881032298,0.0,61839.0,3241.991189677021,10510506.873943426,1,-1,2592
KNN,H7,140,2024-02-27,2024-03-07,61839.0,0.0550946813499571,-0.0005440121265960969,65246.0,61805.35883410343,0.0,61839.0,3440.6411658965735,11838011.632462133,1,-1,2591
KNN,H1,141,2024-02-28,2024-02-29,61792.0,0.0081078456758156,-0.00018272736410777547,62293.0,61780.708910717054,0.0,61792.0,512.2910892829459,262442.16015870724,1,-1,2598
KNN,H2,141,2024-02-28,2024-03-01,61792.0,0.0217342050750906,-0.00029418031701043505,63135.0,61773.82200985129,0.0,61792.0,1361.1779901487098,1852805.520865281,1,-1,2597
KNN,H3,141,2024-02-28,2024-03-04,61792.0,0.0293403676851371,-0.0004531072112786194,63605.0,61764.00159920067,0.0,61792.0,1840.9984007993335,3389275.1117457035,1,-1,2596
KNN,H4,141,2024-02-28,2024-03-05,61792.0,0.0388561626100465,4.828704141136529e-05,64193.0,61794.98375286289,0.0,61792.0,2398.0162471371077,5750481.921533538,1,1,2595
KNN,H5,141,2024-02-28,2024-03-06,61792.0,0.0525958052822372,-0.00013728664051090267,65042.0,61783.516783909545,0.0,61792.0,3258.4832160904552,10617712.869543197,1,-1,2594
KNN,H6,141,2024-02-28,2024-03-07,61792.0,0.0558972035214915,0.00014423246209992226,65246.0,61800.91241229808,0.0,61792.0,3445.0875877019207,11868628.48693784,1,1,2593
KNN,H7,141,2024-02-28,2024-03-08,61792.0,0.0656233816675297,-3.9470431446868e-05,65847.0,61789.56104310003,0.0,61792.0,4057.4389568999686,16462810.888969505,1,-1,2592
KNN,H1,142,2024-02-29,2024-03-01,62293.0,0.0135167675340728,0.00012541659145933986,63135.0,62300.81257573177,0.0,62293.0,834.1874242682316,695868.6588072665,1,1,2599
KNN,H2,142,2024-02-29,2024-03-04,62293.0,0.0210617565376527,-0.00010466662704365188,63605.0,62286.48000180157,0.0,62293.0,1318.5199981984333,1738494.9856491967,1,-1,2598
KNN,H3,142,2024-02-29,2024-03-05,62293.0,0.0305010193761738,-0.00030515884803541943,64193.0,62273.99073987933,0.0,62293.0,1919.0092601206707,3682596.540428884,1,-1,2597
KNN,H4,142,2024-02-29,2024-03-06,62293.0,0.0441301590868958,0.0001774256679481805,65042.0,62304.05237713349,0.0,62293.0,2737.947622866508,7496357.185560362,1,1,2596
KNN,H5,142,2024-02-29,2024-03-07,62293.0,0.0474050053778112,0.0004820900490314166,65246.0,62323.03083542432,0.0,62293.0,2922.969164575683,8543748.737060266,1,1,2595
KNN,H6,142,2024-02-29,2024-03-08,62293.0,0.0570529594015378,0.0008497946444665088,65847.0,62345.936257787755,0.0,62293.0,3501.0637422122454,12257447.327033212,1,1,2594
KNN,H7,142,2024-02-29,2024-03-11,62293.0,0.057454288603856,0.0005482022090691733,65872.0,62327.14916020955,0.0,62293.0,3544.8508397904516,12565967.47636307,1,1,2593
KNN,H1,143,2024-03-01,2024-03-04,63135.0,0.0074443652490694,0.00037931685819276846,63605.0,63158.948169842,0.0,63135.0,446.0518301580014,198962.23518730252,1,1,2600
KNN,H2,143,2024-03-01,2024-03-05,63135.0,0.0167577413479051,0.0003748114901276893,64193.0,63158.66372342921,0.0,63135.0,1034.3362765707934,1069851.5330303328,1,1,2599
KNN,H3,143,2024-03-01,2024-03-06,63135.0,0.0302051160212244,6.701698805962951e-05,65042.0,63139.231117541145,0.0,63135.0,1902.768882458855,3620529.4200537195,1,1,2598
KNN,H4,143,2024-03-01,2024-03-07,63135.0,0.0334362873208204,0.000651056084652644,65246.0,63176.104425904545,0.0,63135.0,2069.8955740954552,4284467.687659955,1,1,2597
KNN,H5,143,2024-03-01,2024-03-08,63135.0,0.0429555713946305,0.0004790351104583735,65847.0,63165.24388169879,0.0,63135.0,2681.7561183012076,7191815.87804596,1,1,2596
KNN,H6,143,2024-03-01,2024-03-11,63135.0,0.0433515482695809,0.0011333562464120159,65872.0,63206.55444661722,0.0,63135.0,2665.4455533827786,7104599.998048027,1,1,2595
KNN,H7,143,2024-03-01,2024-03-12,63135.0,0.0348301259206462,0.0007430585554360386,65334.0,63181.913001897454,0.0,63135.0,2152.086998102546,4631478.447402028,1,1,2594
KNN,H1,144,2024-03-04,2024-03-05,63605.0,0.009244556245578,0.00043054474608310094,64193.0,63632.38479857461,0.0,63605.0,560.6152014253894,314289.4040692299,1,1,2601
KNN,H2,144,2024-03-04,2024-03-06,63605.0,0.0225925634777139,0.0007856462367465891,65042.0,63654.97102888827,0.0,63605.0,1387.0289711117293,1923849.3667032626,1,1,2600
KNN,H3,144,2024-03-04,2024-03-07,63605.0,0.02579985850169,0.0006567215559439344,65246.0,63646.77077456581,0.0,63605.0,1599.2292254341883,2557534.1154828337,1,1,2599
KNN,H4,144,2024-03-04,2024-03-08,63605.0,0.0352488011948746,0.001199809977644936,65847.0,63681.3139136281,0.0,63605.0,2165.6860863718975,4690196.224704826,1,1,2598
KNN,H5,144,2024-03-04,2024-03-11,63605.0,0.035641852055656,0.001384698900842255,65872.0,63693.073773588076,0.0,63605.0,2178.9262264119243,4747719.500145708,1,1,2597
KNN,H6,144,2024-03-04,2024-03-12,63605.0,0.0271833975316406,0.0016833849476758829,65334.0,63712.07169959692,0.0,63605.0,1621.9283004030804,2630651.411648425,1,1,2596
KNN,H7,144,2024-03-04,2024-03-13,63605.0,0.0332049367188114,0.0012788426022067464,65717.0,63686.34078371336,0.0,63605.0,2030.6592162866364,4123576.852689856,1,1,2595
KNN,H1,145,2024-03-05,2024-03-06,64193.0,0.0132257411244216,0.0005783701787847773,65042.0,64230.12731688673,0.0,64193.0,811.8726831132735,659137.2535855458,1,1,2602
KNN,H2,145,2024-03-05,2024-03-07,64193.0,0.0164036577196891,0.0009112093817523814,65246.0,64251.493263842836,0.0,64193.0,994.5067361571637,989043.6482619743,1,1,2601
KNN,H3,145,2024-03-05,2024-03-08,64193.0,0.0257660492577072,0.0010391872386510635,65847.0,64259.70854641073,0.0,64193.0,1587.2914535892705,2519494.1586375395,1,1,2600
KNN,H4,145,2024-03-05,2024-03-11,64193.0,0.0261554998208526,0.0013099683598416813,65872.0,64277.09079892332,0.0,64193.0,1594.9092010766835,2543735.3596790647,1,1,2599
KNN,H5,145,2024-03-05,2024-03-12,64193.0,0.0177745237019613,0.0025289110366410066,65334.0,64355.3383861751,0.0,64193.0,978.661613824901,957778.5543743597,1,1,2598
KNN,H6,145,2024-03-05,2024-03-13,64193.0,0.0237409063293505,0.001653664541185028,65717.0,64299.15368789229,0.0,64193.0,1417.8463121077075,2010288.1647574266,1,1,2597
KNN,H7,145,2024-03-05,2024-03-14,64193.0,0.0193479039770692,0.0016202632016988987,65435.0,64297.00955570665,0.0,64193.0,1137.9904442933475,1295022.2513029706,1,1,2596
KNN,H1,146,2024-03-06,2024-03-07,65042.0,0.0031364349189755,0.0005258229173322747,65246.0,65076.20057418912,0.0,65042.0,169.79942581088108,28831.845005704905,1,1,2603
KNN,H2,146,2024-03-06,2024-03-08,65042.0,0.0123766181851725,0.0009146298850466795,65847.0,65101.489356983206,0.0,65042.0,745.5106430167943,555786.1188513142,1,1,2602
KNN,H3,146,2024-03-06,2024-03-11,65042.0,0.0127609852095569,0.001194027135883628,65872.0,65119.661912972144,0.0,65042.0,752.3380870278561,566012.597192734,1,1,2601
KNN,H4,146,2024-03-06,2024-03-12,65042.0,0.004489406844808,0.0020517046639728673,65334.0,65175.44697475413,0.0,65042.0,158.55302524587023,25139.061814617562,1,1,2600
KNN,H5,146,2024-03-06,2024-03-13,65042.0,0.0103779096583744,0.0025819039116062015,65717.0,65209.93219421869,0.0,65042.0,507.0678057813129,257117.7596598753,1,1,2599
KNN,H6,146,2024-03-06,2024-03-14,65042.0,0.0060422496233203,0.0019397982193567246,65435.0,65168.168355783404,0.0,65042.0,266.83164421659603,71199.12635533209,1,1,2598
KNN,H7,146,2024-03-06,2024-03-15,65042.0,0.0049967713169951,0.0012871429128267834,65367.0,65125.71834933608,0.0,65042.0,241.28165066392103,58216.83494710642,1,1,2597
KNN,H1,147,2024-03-07,2024-03-08,65246.0,0.0092112926462923,0.0006779557597881256,65847.0,65290.23390150313,0.0,65246.0,556.7660984968679,309988.48843542405,1,1,2604
KNN,H2,147,2024-03-07,2024-03-11,65246.0,0.0095944578978022,0.00115779785669784,65872.0,65321.541678958114,0.0,65246.0,550.4583210418859,303004.363204252,1,1,2603
KNN,H3,147,2024-03-07,2024-03-12,65246.0,0.0013487416853139,0.0015805837625037194,65334.0,65349.126768168324,0.0,65246.0,15.126768168323906,228.81911521821738,1,1,2602
KNN,H4,147,2024-03-07,2024-03-13,65246.0,0.0072188333384421,0.0024513350611841365,65717.0,65405.93980740202,0.0,65246.0,311.06019259797904,96758.44341909181,1,1,2601
KNN,H5,147,2024-03-07,2024-03-14,65246.0,0.002896729301413,0.0020727606165127275,65435.0,65381.23933918499,0.0,65246.0,53.76066081500903,2890.2086512664478,1,1,2600
KNN,H6,147,2024-03-07,2024-03-15,65246.0,0.0018545198173067,0.001564717905126793,65367.0,65348.091584437905,0.0,65246.0,18.908415562094888,357.52817906887213,1,1,2599
KNN,H7,147,2024-03-07,2024-03-18,65246.0,0.0028047696410506,0.0010678671786419308,65429.0,65315.67406193767,0.0,65246.0,113.32593806232762,12842.768237706518,1,1,2598
KNN,H1,148,2024-03-08,2024-03-11,65847.0,0.0003796680182848,0.0008003464518862988,65872.0,65899.70041281736,0.0,65847.0,27.700412817357574,767.3128702520278,1,1,2605
KNN,H2,148,2024-03-08,2024-03-12,65847.0,-0.0077907877352043,0.0012872970445225377,65334.0,65931.76464849067,0.0,65847.0,597.7646484906727,357322.5749851775,-1,1,2604
KNN,H3,148,2024-03-08,2024-03-13,65847.0,-0.001974273695081,0.0021984610889093942,65717.0,65991.76206732141,0.0,65847.0,274.76206732141145,75494.19363873584,-1,1,2603
KNN,H4,148,2024-03-08,2024-03-14,65847.0,-0.0062569289413336,0.0022360822225781624,65435.0,65994.2393061101,0.0,65847.0,559.2393061101029,312748.6014985094,-1,1,2602
KNN,H5,148,2024-03-08,2024-03-15,65847.0,-0.0072896259510684,0.0024780341155954608,65367.0,66010.17111240962,0.0,65847.0,643.1711124096182,413669.07983822573,-1,1,2601
KNN,H6,148,2024-03-08,2024-03-18,65847.0,-0.006348049265722,0.0015928904149129395,65429.0,65951.88705515077,0.0,65847.0,522.8870551507716,273410.8724442461,-1,1,2600
KNN,H7,148,2024-03-08,2024-03-19,65847.0,-0.0063176758242592,0.0010463531130504554,65431.0,65915.89921343503,0.0,65847.0,484.89921343502647,235127.24718990736,-1,1,2599
KNN,H1,149,2024-03-11,2024-03-12,65872.0,-0.008167354870051,0.0006851374259287634,65334.0,65917.13137252077,0.0,65872.0,583.1313725207729,340042.19761796034,-1,1,2606
KNN,H2,149,2024-03-11,2024-03-13,65872.0,-0.0023530483361671,0.0011278057471329997,65717.0,65946.29082017514,0.0,65872.0,229.29082017514156,52574.280216589104,-1,1,2605
KNN,H3,149,2024-03-11,2024-03-14,65872.0,-0.0066340782122904,0.0019071413996662593,65435.0,65997.62721827882,0.0,65872.0,562.6272182788234,316549.3867481668,-1,1,2604
KNN,H4,149,2024-03-11,2024-03-15,65872.0,-0.0076663832888025,0.0018303918106329388,65367.0,65992.57156935002,0.0,65872.0,625.5715693500242,391339.7883790522,-1,1,2603
KNN,H5,149,2024-03-11,2024-03-18,65872.0,-0.0067251639543356,0.0015245740606228675,65429.0,65972.42674252135,0.0,65872.0,543.4267425213475,295312.62448736286,-1,1,2602
KNN,H6,149,2024-03-11,2024-03-19,65872.0,-0.0066948020403205,0.0007202992085853494,65431.0,65919.44754946794,0.0,65872.0,488.44754946793546,238581.00858123126,-1,1,2601
KNN,H7,149,2024-03-11,2024-03-20,65872.0,-0.0047971824143794,-2.939235639212847e-06,65556.0,65871.80638666997,0.0,65872.0,315.80638666996674,99733.67386154055,-1,-1,2600
KNN,H1,150,2024-03-12,2024-03-13,65334.0,0.005862185079744,0.0007832114792655916,65717.0,65385.17033878634,0.0,65334.0,331.8296612136619,110110.92406117363,1,1,2607
KNN,H2,150,2024-03-12,2024-03-14,65334.0,0.0015459025928306,0.0015078696930111526,65435.0,65432.51515852319,0.0,65334.0,2.484841476813017,6.174437164890295,1,1,2606
KNN,H3,150,2024-03-12,2024-03-15,65334.0,0.0005050968867663,0.0020855281820273868,65367.0,65470.25589824458,0.0,65334.0,103.25589824457711,10661.780522294463,1,1,2605
KNN,H4,150,2024-03-12,2024-03-18,65334.0,0.0014540667952367,0.001388789158204452,65429.0,65424.735150862136,0.0,65334.0,4.264849137864076,18.18893816873995,1,1,2604
KNN,H5,150,2024-03-12,2024-03-19,65334.0,0.001484678727768,0.001393749607334684,65431.0,65425.0592368456,0.0,65334.0,5.940763154401793,35.29266685669794,1,1,2603
KNN,H6,150,2024-03-12,2024-03-20,65334.0,0.0033979245109743,0.001207208103773859,65556.0,65412.87173425197,0.0,65334.0,143.1282657480333,20485.70045603964,1,1,2602
KNN,H7,150,2024-03-12,2024-03-21,65334.0,0.0092601095907185,0.0008501407330141147,65939.0,65389.54309465075,0.0,65334.0,549.4569053492523,301902.8908359772,1,1,2601
KNN,H1,151,2024-03-13,2024-03-14,65717.0,-0.0042911271056195,0.0005102728967799048,65435.0,65750.53360395768,0.0,65717.0,315.5336039576796,99561.4552265218,-1,1,2608
KNN,H2,151,2024-03-13,2024-03-15,65717.0,-0.0053258669750597,0.0009352043495966659,65367.0,65778.45882424245,0.0,65717.0,411.45882424245065,169298.3640469799,-1,1,2607
KNN,H3,151,2024-03-13,2024-03-18,65717.0,-0.0043824276823348,0.0011635106852084687,65429.0,65793.46243169984,0.0,65717.0,364.4624316998379,132832.864120559,-1,1,2606
KNN,H4,151,2024-03-13,2024-03-19,65717.0,-0.0043519941567631,0.0011680580068649728,65431.0,65793.76126803714,0.0,65717.0,362.7612680371385,131595.73758791265,-1,1,2605
KNN,H5,151,2024-03-13,2024-03-20,65717.0,-0.0024498988085275,0.0010011010381721663,65556.0,65782.78935692555,0.0,65717.0,226.78935692555388,51433.41241470627,-1,1,2604
KNN,H6,151,2024-03-13,2024-03-21,65717.0,0.0033781213384664,0.0010929931060403104,65939.0,65788.82822794965,0.0,65717.0,150.17177205035114,22551.561120742623,1,1,2603
KNN,H7,151,2024-03-13,2024-03-22,65717.0,-0.0004717196463623,0.0008975862114371906,65686.0,65775.986673057,0.0,65717.0,89.98667305700656,8097.60132786859,-1,1,2602
KNN,H1,152,2024-03-14,2024-03-15,65435.0,-0.0010391992053182,0.000538840498531684,65367.0,65470.25902802141,0.0,65435.0,103.25902802141354,10662.426867927066,-1,1,2609
KNN,H2,152,2024-03-14,2024-03-18,65435.0,-9.169404752806808e-05,0.0009216091862644972,65429.0,65495.30549710322,0.0,65435.0,66.30549710321793,4396.418946104842,-1,1,2608
KNN,H3,152,2024-03-14,2024-03-19,65435.0,-6.112936501867505e-05,0.0009466800748309586,65431.0,65496.94601069656,0.0,65435.0,65.94601069656346,4348.876326791263,-1,1,2607
KNN,H4,152,2024-03-14,2024-03-20,65435.0,0.0018491632918162,0.001757146782188049,65556.0,65549.97889969248,0.0,65435.0,6.021100307523739,36.25364891326246,1,1,2606
KNN,H5,152,2024-03-14,2024-03-21,65435.0,0.0077022999923588,0.0015093321229906794,65939.0,65533.76314746789,0.0,65435.0,405.23685253210715,164216.90665012875,1,1,2605
KNN,H6,152,2024-03-14,2024-03-22,65435.0,0.0038358676549248,0.0022164302953379773,65686.0,65580.03211637544,0.0,65435.0,105.96788362455845,11229.192359867964,1,1,2604
KNN,H7,152,2024-03-14,2024-03-25,65435.0,0.0065255597157485,0.0022723687796578954,65862.0,65583.69245109693,0.0,65435.0,278.30754890307435,77455.09177643713,1,1,2603
KNN,H1,153,2024-03-15,2024-03-18,65367.0,0.0009484908287056,8.516036550729353e-05,65429.0,65372.56667761211,0.0,65367.0,56.433322387892986,3184.7198757358638,1,1,2610
KNN,H2,153,2024-03-15,2024-03-19,65367.0,0.0009790873070509,0.0005515112069456455,65431.0,65403.05063306441,0.0,65367.0,27.949366935587022,781.1671121000851,1,1,2609
KNN,H3,153,2024-03-15,2024-03-20,65367.0,0.0028913672036348,0.000706212503610306,65556.0,65413.1629927235,0.0,65367.0,142.83700727650285,20402.410647707726,1,1,2608
KNN,H4,153,2024-03-15,2024-03-21,65367.0,0.0087505928067679,0.0009887954520396986,65939.0,65431.63459231349,0.0,65367.0,507.3654076865132,257419.65691690176,1,1,2607
KNN,H5,153,2024-03-15,2024-03-22,65367.0,0.0048801382960821,0.0007430986604748317,65686.0,65415.574130139255,0.0,65367.0,270.42586986074457,73130.15108994035,1,1,2606
KNN,H6,153,2024-03-15,2024-03-25,65367.0,0.0075726283904722,0.00119417362850856,65862.0,65445.059547574725,0.0,65367.0,416.940452425275,173839.340868593,1,1,2605
KNN,H7,153,2024-03-15,2024-03-26,65367.0,0.0100968378539629,0.0014774806601006725,66027.0,65463.57847830881,0.0,65367.0,563.4215216911907,317443.8111048169,1,1,2604
KNN,H1,154,2024-03-18,2024-03-19,65429.0,3.0567485365784464e-05,0.00028327223443439285,65431.0,65447.534219026806,0.0,65429.0,16.53421902680566,273.38039882638225,1,1,2611
KNN,H2,154,2024-03-18,2024-03-20,65429.0,0.0019410353207294,0.0007619696577701432,65556.0,65478.854912738236,0.0,65429.0,77.14508726176427,5951.364488625224,1,1,2610
KNN,H3,154,2024-03-18,2024-03-21,65429.0,0.0077947087682832,0.0006406626965914594,65939.0,65470.91791957527,0.0,65429.0,468.0820804247269,219100.83401474048,1,1,2609
KNN,H4,154,2024-03-18,2024-03-22,65429.0,0.0039279218695074,0.0010177396592756201,65686.0,65495.58968816674,0.0,65429.0,190.41031183325686,36256.086852438115,1,1,2608
KNN,H5,154,2024-03-18,2024-03-25,65429.0,0.0066178605816993,0.0010735361151495463,65862.0,65499.24039447812,0.0,65429.0,362.7596055218819,131594.53139839135,1,1,2607
KNN,H6,154,2024-03-18,2024-03-26,65429.0,0.0091396781243791,0.0014480066848217114,66027.0,65523.7416293812,0.0,65429.0,503.25837061880156,253268.98759789104,1,1,2606
KNN,H7,154,2024-03-18,2024-03-27,65429.0,0.0132357211633984,0.0015738281287068898,66295.0,65531.97400063317,0.0,65429.0,763.0259993668296,582208.6757097491,1,1,2605
KNN,H1,155,2024-03-19,2024-03-20,65431.0,0.001910409438951,0.0004724105805628064,65556.0,65461.91029669681,0.0,65431.0,94.08970330318698,8852.872267681754,1,1,2612
KNN,H2,155,2024-03-19,2024-03-21,65431.0,0.0077639039598966,0.0005269954845520347,65939.0,65465.481841549714,0.0,65431.0,473.51815845028614,224219.4463821503,1,1,2611
KNN,H3,155,2024-03-19,2024-03-22,65431.0,0.00389723525546,0.0005984636625721032,65686.0,65470.15807590576,0.0,65431.0,215.8419240942385,46587.73619670301,1,1,2610
KNN,H4,155,2024-03-19,2024-03-25,65431.0,0.0065870917455028,0.0006809861702238254,65862.0,65475.55760610391,0.0,65431.0,386.4423938960899,149337.72380014072,1,1,2609
KNN,H5,155,2024-03-19,2024-03-26,65431.0,0.0091088322049182,0.001307749134645628,66027.0,65516.567333629,0.0,65431.0,510.4326663710017,260541.50689861033,1,1,2608
KNN,H6,155,2024-03-19,2024-03-27,65431.0,0.0132047500420289,0.0012173528256054658,66295.0,65510.652612732185,0.0,65431.0,784.3473872678151,615200.8239138479,1,1,2607
KNN,H7,155,2024-03-19,2024-03-28,65431.0,0.0330271583805841,0.0012761693906063194,67592.0,65514.50103939676,0.0,65431.0,2077.4989606032395,4316001.93130754,1,1,2606
KNN,H1,156,2024-03-20,2024-03-21,65556.0,0.0058423332723167,3.610209266736495e-06,65939.0,65556.23667087869,0.0,65556.0,382.7633291213133,146507.7661200308,1,1,2613
KNN,H2,156,2024-03-20,2024-03-22,65556.0,0.0019830374031362,0.00029273649071451713,65686.0,65575.19063338528,0.0,65556.0,110.80936661471787,12278.715729554951,1,1,2612
KNN,H3,156,2024-03-20,2024-03-25,65556.0,0.0046677649643054,0.00037269682453174783,65862.0,65580.432513029,0.0,65556.0,281.56748697100556,79280.24971916739,1,1,2611
KNN,H4,156,2024-03-20,2024-03-26,65556.0,0.0071846970529012,0.0006381635265441018,66027.0,65597.83544814611,0.0,65556.0,429.1645518538862,184182.212567947,1,1,2610
KNN,H5,156,2024-03-20,2024-03-27,65556.0,0.011272804930136,0.0007241740707556973,66295.0,65603.47395538246,0.0,65556.0,691.526044617538,478208.27038437716,1,1,2609
KNN,H6,156,2024-03-20,2024-03-28,65556.0,0.0310574165598878,0.0010808764699804442,67592.0,65626.85793786604,0.0,65556.0,1965.142062133964,3861783.324368128,1,1,2608
KNN,H7,156,2024-03-20,2024-04-01,65556.0,0.0412929403868449,0.0012558179650394722,68263.0,65638.32640251613,0.0,65556.0,2624.6735974838666,6888911.493328902,1,1,2607
KNN,H1,157,2024-03-21,2024-03-22,65939.0,-0.003836879540181,0.0003829321120421807,65686.0,65964.25016053594,0.0,65939.0,278.250160535943,77423.15183827805,-1,1,2614
KNN,H2,157,2024-03-21,2024-03-25,65939.0,-0.0011677459470116,0.000474482438988342,65862.0,65970.28689754446,0.0,65939.0,108.28689754445804,11726.052179803954,-1,1,2613
KNN,H3,157,2024-03-21,2024-03-26,65939.0,0.0013345667965847,0.0009152246378406648,66027.0,65999.34899739458,0.0,65939.0,27.65100260541658,764.5779450847544,1,1,2612
KNN,H4,157,2024-03-21,2024-03-27,65939.0,0.0053989293134564,0.0011646309887019663,66295.0,66015.79460276401,0.0,65939.0,279.2053972359863,77955.65384570492,1,1,2611
KNN,H5,157,2024-03-21,2024-03-28,65939.0,0.0250686240313016,0.001791584857478068,67592.0,66057.13531391724,0.0,65939.0,1534.8646860827575,2355809.604583922,1,1,2610
KNN,H6,157,2024-03-21,2024-04-01,65939.0,0.0352446958552601,0.0015440760036124705,68263.0,66040.81482760221,0.0,65939.0,2222.185172397789,4938106.94042459,1,1,2609
KNN,H7,157,2024-03-21,2024-04-02,65939.0,0.0434189174843415,0.001769215133558355,68802.0,66055.6602766917,0.0,65939.0,2746.339723308294,7542381.875821078,1,1,2608
KNN,H1,158,2024-03-22,2024-03-25,65686.0,0.0026794141826265,0.0004729432625280348,65862.0,65717.06575114242,0.0,65686.0,144.9342488575785,21005.936491910492,1,1,2615
KNN,H2,158,2024-03-22,2024-03-26,65686.0,0.0051913649788386,0.0010084392873986978,66027.0,65752.24034303208,0.0,65686.0,274.75965696791536,75492.86909712652,1,1,2614
KNN,H3,158,2024-03-22,2024-03-27,65686.0,0.0092713820296561,0.0014687202135770746,66295.0,65782.47435594902,0.0,65686.0,512.5256440509838,262682.53580987576,1,1,2613
KNN,H4,158,2024-03-22,2024-03-28,65686.0,0.0290168376823067,0.0017563551391457238,67592.0,65801.36794366993,0.0,65686.0,1790.6320563300687,3206363.1611568504,1,1,2612
KNN,H5,158,2024-03-22,2024-04-01,65686.0,0.0392321042535699,0.0019274428924883086,68263.0,65812.60601383599,0.0,65686.0,2450.39398616401,6004430.687428747,1,1,2611
KNN,H6,158,2024-03-22,2024-04-02,65686.0,0.0474378101878634,0.002211470932911787,68802.0,65831.26267969924,0.0,65686.0,2970.737320300759,8825280.226227736,1,1,2610
KNN,H7,158,2024-03-22,2024-04-03,65686.0,0.0614895107024326,0.002210913595717498,69725.0,65831.2260704483,0.0,65686.0,3893.773929551695,15161475.414456448,1,1,2609
KNN,H1,159,2024-03-25,2024-03-26,65862.0,0.0025052382253802,0.00016172780846767832,66027.0,65872.65171692129,0.0,65862.0,154.34828307871066,23823.392489345802,1,1,2616
KNN,H2,159,2024-03-25,2024-03-27,65862.0,0.0065743524338768,0.0003889193032389109,66295.0,65887.61500314993,0.0,65862.0,407.38499685007264,165962.53565853368,1,1,2615
KNN,H3,159,2024-03-25,2024-03-28,65862.0,0.0262670432115634,0.0008387550319313309,67592.0,65917.24208391306,0.0,65862.0,1674.7579160869354,2804814.077495855,1,1,2614
KNN,H4,159,2024-03-25,2024-04-01,65862.0,0.0364550119947768,0.0011698543287076441,68263.0,65939.04894579735,0.0,65862.0,2323.9510542026546,5400748.50232963,1,1,2613
KNN,H5,159,2024-03-25,2024-04-02,65862.0,0.0446387901976861,0.0012095341422110261,68802.0,65941.6623376743,0.0,65862.0,2860.3376623257063,8181531.542518887,1,1,2612
KNN,H6,159,2024-03-25,2024-04-03,65862.0,0.058652940997844,0.001702151050240334,69725.0,65974.10707247093,0.0,65862.0,3750.892927529072,14069197.753787613,1,1,2611
KNN,H7,159,2024-03-25,2024-04-04,65862.0,0.0569372323950077,0.0018298954229179893,69612.0,65982.52057234422,0.0,65862.0,3629.4794276557805,13173120.915776532,1,1,2610
KNN,H1,160,2024-03-26,2024-03-27,66027.0,0.0040589455828676,0.0006781689659819359,66295.0,66071.77746231688,0.0,66027.0,223.2225376831193,49828.30132969162,1,1,2617
KNN,H2,160,2024-03-26,2024-03-28,66027.0,0.0237024247656261,0.00107508194205299,67592.0,66097.98443538795,0.0,66027.0,1494.0155646120547,2232082.507303077,1,1,2616
KNN,H3,160,2024-03-26,2024-04-01,66027.0,0.0338649340421342,0.0011448732032963815,68263.0,66102.59254299405,0.0,66027.0,2160.4074570059456,4667360.380286897,1,1,2615
KNN,H4,160,2024-03-26,2024-04-02,66027.0,0.0420282611658866,0.0015804959378974898,68802.0,66131.35540529156,0.0,66027.0,2670.644594708443,7132342.551245424,1,1,2614
KNN,H5,160,2024-03-26,2024-04-03,66027.0,0.0560073909158373,0.0023325185599542076,69725.0,66181.0092029581,0.0,66027.0,3543.990797041901,12559870.769517688,1,1,2613
KNN,H6,160,2024-03-26,2024-04-04,66027.0,0.0542959698305238,0.0016930590631380822,69612.0,66138.78761076182,0.0,66027.0,3473.2123892381787,12063204.300757578,1,1,2612
KNN,H7,160,2024-03-26,2024-04-05,66027.0,0.0707892225907582,0.0015180613694472415,70701.0,66127.23303804049,0.0,66027.0,4573.766961959511,20919344.222312335,1,1,2611
KNN,H1,161,2024-03-27,2024-03-28,66295.0,0.0195640696885135,0.0005442184536919773,67592.0,66331.0789623875,0.0,66295.0,1260.9210376124975,1589921.8630937773,1,1,2618
KNN,H2,161,2024-03-27,2024-04-01,66295.0,0.0296854966437891,0.0005795681061641681,68263.0,66333.42246759815,0.0,66295.0,1929.5775324018468,3723269.45355,1,1,2617
KNN,H3,161,2024-03-27,2024-04-02,66295.0,0.0378158232144203,0.001270510843950069,68802.0,66379.22851639967,0.0,66295.0,2422.771483600329,5869821.661746939,1,1,2616
KNN,H4,161,2024-03-27,2024-04-03,66295.0,0.0517384418131081,0.0017878996263877896,69725.0,66413.52880573137,0.0,66295.0,3311.4711942686263,10965841.470470881,1,1,2615
KNN,H5,161,2024-03-27,2024-04-04,66295.0,0.0500339392111019,0.002266247341199185,69612.0,66445.2408674848,0.0,66295.0,3166.7591325152025,10028363.403368438,1,1,2614
KNN,H6,161,2024-03-27,2024-04-05,66295.0,0.0664605173844181,0.002040210777755282,70701.0,66430.2557735113,0.0,66295.0,4270.744226488707,18239256.248086624,1,1,2613
KNN,H7,161,2024-03-27,2024-04-08,66295.0,0.06504261256505,0.0019733452882092486,70607.0,66425.82292588183,0.0,66295.0,4181.177074118168,17482241.725131366,1,1,2612
KNN,H1,162,2024-03-28,2024-04-01,67592.0,0.0099272103207479,0.00062181780357292,68263.0,67634.0299089791,0.0,67592.0,628.9700910209067,395603.3753988476,1,1,2619
KNN,H2,162,2024-03-28,2024-04-02,67592.0,0.0179015268079063,0.0008420606358421031,68802.0,67648.91656249785,0.0,67592.0,1153.0834375021514,1329601.4138417777,1,1,2618
KNN,H3,162,2024-03-28,2024-04-03,67592.0,0.0315569889927802,0.0017730517218641484,69725.0,67711.84411198425,0.0,67592.0,2013.1558880157536,4052796.629452497,1,1,2617
KNN,H4,162,2024-03-28,2024-04-04,67592.0,0.0298851935140254,0.001409677790418812,69612.0,67687.28294121,0.0,67592.0,1924.7170587900036,3704535.756397242,1,1,2616
KNN,H5,162,2024-03-28,2024-04-05,67592.0,0.0459965676411409,0.0028758275663050385,70701.0,67786.38293686169,0.0,67592.0,2914.617063138314,8494992.62473701,1,1,2615
KNN,H6,162,2024-03-28,2024-04-08,67592.0,0.0446058705172209,0.0026416747899990116,70607.0,67770.55608240562,0.0,67592.0,2836.4439175943844,8045414.097658179,1,1,2614
KNN,H7,162,2024-03-28,2024-04-09,67592.0,0.0523434726003078,0.0026142362617634835,71130.0,67768.70145740511,0.0,67592.0,3361.2985425948864,11298327.892450508,1,1,2613
KNN,H1,163,2024-04-01,2024-04-02,68263.0,0.0078959319104052,0.0009056306958666146,68802.0,68324.82106819194,0.0,68263.0,477.1789318080555,227699.73296147687,1,1,2620
KNN,H2,163,2024-04-01,2024-04-03,68263.0,0.0214171659610624,0.0015665812016342985,69725.0,68369.93953256716,0.0,68263.0,1355.0604674328351,1836188.8703992937,1,1,2619
KNN,H3,163,2024-04-01,2024-04-04,68263.0,0.0197618036124986,0.0020472582157969464,69612.0,68402.75198758494,0.0,68263.0,1209.2480124150607,1462280.7555297746,1,1,2618
KNN,H4,163,2024-04-01,2024-04-05,68263.0,0.0357148089008687,0.0024519859856420414,70701.0,68430.37991933788,0.0,68263.0,2270.62008066212,5155715.550706052,1,1,2617
KNN,H5,163,2024-04-01,2024-04-08,68263.0,0.034337781814453,0.0025871380052823367,70607.0,68439.6058016546,0.0,68263.0,2167.3941983453988,4697597.611021293,1,1,2616
KNN,H6,163,2024-04-01,2024-04-09,68263.0,0.041999326135681,0.0023928896933535088,71130.0,68426.3458291374,0.0,68263.0,2703.6541708626028,7309745.875622748,1,1,2615
KNN,H7,163,2024-04-01,2024-04-10,68263.0,0.0419553784627104,0.002451531313003288,71127.0,68430.34888201955,0.0,68263.0,2696.651117980451,7271927.2521052165,1,1,2614
KNN,H1,164,2024-04-02,2024-04-03,68802.0,0.0134153076945437,0.0009800694773205228,69725.0,68869.4307401786,0.0,68802.0,855.5692598213936,731998.7583513274,1,1,2621
KNN,H2,164,2024-04-02,2024-04-04,68802.0,0.0117729135780937,0.001537400020993064,69612.0,68907.77619624436,0.0,68802.0,704.2238037556381,495931.16577605944,1,1,2620
KNN,H3,164,2024-04-02,2024-04-05,68802.0,0.0276009418330862,0.0024727527684237183,70701.0,68972.13033597308,0.0,68802.0,1728.869664026919,2988990.315192552,1,1,2619
KNN,H4,164,2024-04-02,2024-04-08,68802.0,0.026234702479579,0.0022553339180144557,70607.0,68957.17148422723,0.0,68802.0,1649.828515772766,2721934.131456968,1,1,2618
KNN,H5,164,2024-04-02,2024-04-09,68802.0,0.0338362256911135,0.003439404556508332,71130.0,69038.63791229688,0.0,68802.0,2091.362087703121,4373795.381881956,1,1,2617
KNN,H6,164,2024-04-02,2024-04-10,68802.0,0.0337926223074911,0.0022878444084776057,71127.0,68959.40827099208,0.0,68802.0,2167.5917290079233,4698453.903663558,1,1,2616
KNN,H7,164,2024-04-02,2024-04-11,68802.0,0.0394174587948024,0.0018962377239757388,71514.0,68932.46494788498,0.0,68802.0,2581.535052115025,6664323.225298524,1,1,2615
KNN,H1,165,2024-04-03,2024-04-04,69725.0,-0.0016206525636428,0.0013137392041729034,69612.0,69816.60046601096,0.0,69725.0,204.6004660109611,41861.35069190245,-1,1,2622
KNN,H2,165,2024-04-03,2024-04-05,69725.0,0.0139978486912872,0.0022836255446462644,70701.0,69884.22579110047,0.0,69725.0,816.7742088995292,667120.1083234517,1,1,2621
KNN,H3,165,2024-04-03,2024-04-08,69725.0,0.0126496952312655,0.0033356572584593265,70607.0,69957.57870234607,0.0,69725.0,649.4212976539275,421748.02184651105,1,1,2620
KNN,H4,165,2024-04-03,2024-04-09,69725.0,0.020150591609896,0.003969236102656254,71130.0,70001.75498725771,0.0,69725.0,1128.2450127422926,1272936.808777856,1,1,2619
KNN,H5,165,2024-04-03,2024-04-10,69725.0,0.0201075654356399,0.005254534636385365,71127.0,70091.37242752196,0.0,69725.0,1035.6275724780426,1072524.4688767632,1,1,2618
KNN,H6,165,2024-04-03,2024-04-11,69725.0,0.0256579419146647,0.0036996245134181924,71514.0,69982.95631919809,0.0,69725.0,1531.043680801915,2344094.752523476,1,1,2617
KNN,H7,165,2024-04-03,2024-04-12,69725.0,0.0305772678379347,0.003145238828560784,71857.0,69944.30177732141,0.0,69725.0,1912.6982226785913,3658414.491037842,1,1,2616
KNN,H1,166,2024-04-04,2024-04-05,69612.0,0.0156438545078434,0.0012812696717760452,70701.0,69701.19174439168,0.0,69612.0,999.8082556083245,999616.5479825608,1,1,2623
KNN,H2,166,2024-04-04,2024-04-08,69612.0,0.0142935126127679,0.0022592539214586487,70607.0,69769.27118398059,0.0,69612.0,837.7288160194148,701789.5691892905,1,1,2622
KNN,H3,166,2024-04-04,2024-04-09,69612.0,0.0218065850715394,0.003334014316706656,71130.0,69844.08740461459,0.0,69612.0,1285.912595385409,1653571.2029708389,1,1,2621
KNN,H4,166,2024-04-04,2024-04-10,69612.0,0.0217634890536113,0.0036850457411140756,71127.0,69868.52340413044,0.0,69612.0,1258.4765958695643,1583763.3423514469,1,1,2620
KNN,H5,166,2024-04-04,2024-04-11,69612.0,0.0273228753663161,0.0043644636501467314,71514.0,69915.81904361401,0.0,69612.0,1598.180956385986,2554182.369354825,1,1,2619
KNN,H6,166,2024-04-04,2024-04-12,69612.0,0.0322501867494109,0.0027395264972967606,71857.0,69802.70391852982,0.0,69612.0,2054.29608147018,4220132.390343737,1,1,2618
KNN,H7,166,2024-04-04,2024-04-15,69612.0,0.0390306269034075,0.0023100949686199607,72329.0,69772.81033095557,0.0,69612.0,2556.1896690444264,6534105.624129455,1,1,2617
KNN,H1,167,2024-04-05,2024-04-08,70701.0,-0.001329542722168,0.0012526362962560003,70607.0,70789.56263878159,0.0,70701.0,182.56263878158643,33329.11707889601,-1,1,2624
KNN,H2,167,2024-04-05,2024-04-09,70701.0,0.0060678066788306,0.0019437475876216386,71130.0,70838.42489819243,0.0,70701.0,291.575101807568,85016.03999409363,1,1,2623
KNN,H3,167,2024-04-05,2024-04-10,70701.0,0.0060253744642932,0.0035159916243086378,71127.0,70949.58412383024,0.0,70701.0,177.41587616976176,31476.393117084237,1,1,2622
KNN,H4,167,2024-04-05,2024-04-11,70701.0,0.0114991301396019,0.003972164453327908,71514.0,70981.83599901474,0.0,70701.0,532.1640009852563,283198.5239446359,1,1,2621
KNN,H5,167,2024-04-05,2024-04-12,70701.0,0.0163505466683639,0.005189354384957731,71857.0,71067.8925443709,0.0,70701.0,789.1074556290987,622690.57652943,1,1,2620
KNN,H6,167,2024-04-05,2024-04-15,70701.0,0.0230265484222287,0.0040431802972691385,72329.0,70986.85689019723,0.0,70701.0,1342.1431098027679,1801348.1271910446,1,1,2619
KNN,H7,167,2024-04-05,2024-04-16,70701.0,0.0340589242019206,0.0036342973379013036,73109.0,70957.94845608696,0.0,70701.0,2151.0515439130395,4627022.744570671,1,1,2618
KNN,H1,168,2024-04-08,2024-04-09,70607.0,0.0074071975866416,0.0008728274378072883,71130.0,70668.62772690126,0.0,70607.0,461.3722730987356,212864.37438429426,1,1,2625
KNN,H2,168,2024-04-08,2024-04-10,70607.0,0.0073647088815556,0.002084486646995236,71127.0,70754.1793486844,0.0,70607.0,372.82065131560375,138995.238047391,1,1,2624
KNN,H3,168,2024-04-08,2024-04-11,70607.0,0.0128457518376365,0.002706105641796654,71514.0,70798.07000105035,0.0,70607.0,715.9299989496503,512555.7633960463,1,1,2623
KNN,H4,168,2024-04-08,2024-04-12,70607.0,0.0177036271191242,0.0026255502473620435,71857.0,70792.38222631549,0.0,70607.0,1064.617773684513,1133411.0040449689,1,1,2622
KNN,H5,168,2024-04-08,2024-04-15,70607.0,0.0243885167193054,0.003973942682309979,72329.0,70887.58817096986,0.0,70607.0,1441.4118290301412,2077668.0608680171,1,1,2621
KNN,H6,168,2024-04-08,2024-04-16,70607.0,0.0354355800416388,0.0019568598513419852,73109.0,70745.16800352371,0.0,70607.0,2363.8319964762923,5587701.707565093,1,1,2620
KNN,H7,168,2024-04-08,2024-04-17,70607.0,0.0295721387397849,0.0020474071370569723,72695.0,70751.56127572617,0.0,70607.0,1943.4387242738303,3776954.075007093,1,1,2619
KNN,H1,169,2024-04-09,2024-04-10,71130.0,-4.2176296921159206e-05,0.001214664947801659,71127.0,71216.39911773714,0.0,71130.0,89.39911773713538,7992.202252178195,-1,1,2626
KNN,H2,169,2024-04-09,2024-04-11,71130.0,0.0053985660059046,0.002171810868707958,71514.0,71284.48090709119,0.0,71130.0,229.51909290881304,52679.01400968435,1,1,2625
KNN,H3,169,2024-04-09,2024-04-12,71130.0,0.0102207226205539,0.0034841166385545857,71857.0,71377.8252165004,0.0,71130.0,479.17478349960584,229608.47314189412,1,1,2624
KNN,H4,169,2024-04-09,2024-04-15,71130.0,0.0168564600028118,0.004099621500004659,72329.0,71421.60607729534,0.0,71130.0,907.3939227046649,823363.7309613593,1,1,2623
KNN,H5,169,2024-04-09,2024-04-16,71130.0,0.0278222972023056,0.004983573958859557,73109.0,71484.48161569367,0.0,71130.0,1624.5183843063278,2639059.9809492417,1,1,2622
KNN,H6,169,2024-04-09,2024-04-17,71130.0,0.0220019682271896,0.004405845244328497,72695.0,71443.38777222909,0.0,71130.0,1251.6122277709073,1566533.1687056536,1,1,2621
KNN,H7,169,2024-04-09,2024-04-18,71130.0,0.0265148319977506,0.0044258221551666845,73016.0,71444.808729897,0.0,71130.0,1571.1912701029942,2468642.00724786,1,1,2620
KNN,H1,170,2024-04-10,2024-04-11,71127.0,0.0054409717828671,0.0008110305955811392,71514.0,71184.6861731719,0.0,71127.0,329.31382682810363,108447.59654017023,1,1,2627
KNN,H2,170,2024-04-10,2024-04-12,71127.0,0.0102633317868039,0.0015480274491993368,71857.0,71237.10654837919,0.0,71127.0,619.8934516208101,384267.8913623616,1,1,2626
KNN,H3,170,2024-04-10,2024-04-15,71127.0,0.0168993490516962,0.0029531197620853,72329.0,71337.04654931785,0.0,71127.0,991.953450682151,983971.6483202266,1,1,2625
KNN,H4,170,2024-04-10,2024-04-16,71127.0,0.0278656487691031,0.0037630584792869787,73109.0,71394.65506045624,0.0,71127.0,1714.3449395437638,2938978.571739311,1,1,2624
KNN,H5,170,2024-04-10,2024-04-17,71127.0,0.0220450743037101,0.004532023728711304,72695.0,71449.34925175204,0.0,71127.0,1245.6507482479647,1551645.7866107142,1,1,2623
KNN,H6,170,2024-04-10,2024-04-18,71127.0,0.0265581284181815,0.0039834727614707615,73016.0,71410.33246710512,0.0,71127.0,1605.6675328948768,2578168.2261927202,1,1,2622
KNN,H7,170,2024-04-10,2024-04-19,71127.0,0.0297917808989554,0.004286261645901596,73246.0,71431.86893208805,0.0,71127.0,1814.1310679119488,3291071.5315633477,1,1,2621
KNN,H1,171,2024-04-11,2024-04-12,71514.0,0.0047962636686522,0.0010071390868783851,71857.0,71586.02454465903,0.0,71514.0,270.975455340973,73427.69739724764,1,1,2628
KNN,H2,171,2024-04-11,2024-04-15,71514.0,0.0113963699415498,0.0017881256687476128,72329.0,71641.87601907481,0.0,71514.0,687.1239809251856,472139.36516247486,1,1,2627
KNN,H3,171,2024-04-11,2024-04-16,71514.0,0.0223033252230333,0.0029298648306904634,73109.0,71723.52635350199,0.0,71514.0,1385.4736464980087,1919537.2251404894,1,1,2626
KNN,H4,171,2024-04-11,2024-04-17,71514.0,0.0165142489582459,0.0034666123366207855,72695.0,71761.9113146411,0.0,71514.0,933.0886853589036,870654.494744807,1,1,2625
KNN,H5,171,2024-04-11,2024-04-18,71514.0,0.0210028805548563,0.0037097272669032112,73016.0,71779.29743576531,0.0,71514.0,1236.7025642346853,1529433.2323846458,1,1,2624
KNN,H6,171,2024-04-11,2024-04-19,71514.0,0.0242190340352936,0.0039782104456983595,73246.0,71798.49774181368,0.0,71514.0,1447.5022581863159,2095262.7874544838,1,1,2623
KNN,H7,171,2024-04-11,2024-04-22,71514.0,0.0059009424728024,0.004035096908415053,71936.0,71802.56592030839,0.0,71514.0,133.43407969160762,17804.653623146292,1,1,2622
KNN,H1,172,2024-04-12,2024-04-15,71857.0,0.0065686015280348,0.0009585690384589696,72329.0,71925.87989539655,0.0,71857.0,403.1201046034548,162505.81873550036,1,1,2629
KNN,H2,172,2024-04-12,2024-04-16,71857.0,0.0174234938836856,0.0013945464580055278,73109.0,71957.20792483291,0.0,71857.0,1151.79207516709,1326624.9844177114,1,1,2628
KNN,H3,172,2024-04-12,2024-04-17,71857.0,0.0116620510179941,0.002834250577638687,72695.0,72060.66074375738,0.0,71857.0,634.3392562426161,402386.29201043537,1,1,2627
KNN,H4,172,2024-04-12,2024-04-18,71857.0,0.0161292567182043,0.004269647517556789,73016.0,72163.80406166907,0.0,71857.0,852.1959383309295,726237.9173077334,1,1,2626
KNN,H5,172,2024-04-12,2024-04-19,71857.0,0.0193300583102551,0.0048626175884894955,73246.0,72206.41311205609,0.0,71857.0,1039.5868879439076,1080740.8975848989,1,1,2625
KNN,H6,172,2024-04-12,2024-04-22,71857.0,0.0010994057642261,0.006043571108885085,71936.0,72291.27288917116,0.0,71857.0,355.2728891711595,126218.82578002296,1,1,2624
KNN,H7,172,2024-04-12,2024-04-23,71857.0,-0.0037157131525112,0.006752002700189989,71590.0,72342.17865802755,0.0,71857.0,752.1786580275511,565772.7335921277,-1,1,2623
KNN,H1,173,2024-04-15,2024-04-16,72329.0,0.0107840561876979,0.0011373651000122019,73109.0,72411.26448031879,0.0,72329.0,697.7355196812132,486834.85542481265,1,1,2630
KNN,H2,173,2024-04-15,2024-04-17,72329.0,0.0050602109803812,0.0017573560393111317,72695.0,72456.10780496734,0.0,72329.0,238.89219503266213,57069.48084752348,1,1,2629
KNN,H3,173,2024-04-15,2024-04-18,72329.0,0.0094982648730108,0.0028836452485416844,73016.0,72537.57117718177,0.0,72329.0,478.42882281822676,228894.13850323422,1,1,2628
KNN,H4,173,2024-04-15,2024-04-19,72329.0,0.0126781788770755,0.0032995662480195588,73246.0,72567.65432715301,0.0,72329.0,678.34567284699,460152.85187023564,1,1,2627
KNN,H5,173,2024-04-15,2024-04-22,72329.0,-0.0054335052330324,0.0044346386470647614,71936.0,72649.75297870355,0.0,72329.0,713.7529787035455,509443.3146081839,-1,1,2626
KNN,H6,173,2024-04-15,2024-04-23,72329.0,-0.0102172019521906,0.003955010809886474,71590.0,72615.06197686828,0.0,72329.0,1025.061976868281,1050752.056421108,-1,1,2625
KNN,H7,173,2024-04-15,2024-04-24,72329.0,-0.0088069792199532,0.004129172371353902,71692.0,72627.65890844766,0.0,72329.0,935.6589084476582,875457.5929574632,-1,1,2624
KNN,H1,174,2024-04-16,2024-04-17,73109.0,-0.0056627774966145,0.0012512148637644042,72695.0,73200.47506747495,0.0,73109.0,505.4750674749521,255505.04383880735,-1,1,2631
KNN,H2,174,2024-04-16,2024-04-18,73109.0,-0.0012720732057612,0.001933075741167535,73016.0,73250.32523436102,0.0,73109.0,234.325234361022,54908.31545834789,-1,1,2630
KNN,H3,174,2024-04-16,2024-04-19,73109.0,0.001873914292358,0.003473050448398145,73246.0,73362.91124523194,0.0,73109.0,116.91124523193866,13668.239261682502,1,1,2629
KNN,H4,174,2024-04-16,2024-04-22,73109.0,-0.0160445362404081,0.00359522304924275,71936.0,73371.84316190708,0.0,73109.0,1435.8431619070761,2061645.58559531,-1,1,2628
KNN,H5,174,2024-04-16,2024-04-23,73109.0,-0.0207771956941006,0.005833369111798312,71590.0,73535.47178239445,0.0,73109.0,1945.471782394452,3784860.456093046,-1,1,2627
KNN,H6,174,2024-04-16,2024-04-24,73109.0,-0.0193820186297172,0.003937713204844266,71692.0,73396.88227469297,0.0,73109.0,1704.8822746929654,2906623.57056226,-1,1,2626
KNN,H7,174,2024-04-16,2024-04-25,73109.0,-0.0189306378147697,0.0042004942870957785,71725.0,73416.09393683528,0.0,73109.0,1691.0939368352847,2859798.703201062,-1,1,2625
KNN,H1,175,2024-04-17,2024-04-18,72695.0,0.0044157094710777,0.0008899062732331527,73016.0,72759.69173653268,0.0,72695.0,256.3082634673192,65693.9259216327,1,1,2632
KNN,H2,175,2024-04-17,2024-04-19,72695.0,0.00757961345347,0.0016536683789996455,73246.0,72815.21342281137,0.0,72695.0,430.78657718862814,185577.07508589388,1,1,2631
KNN,H3,175,2024-04-17,2024-04-22,72695.0,-0.0104408831418941,0.0030542277517138913,71936.0,72917.02708641083,0.0,72695.0,981.0270864108315,962414.1442717251,-1,1,2630
KNN,H4,175,2024-04-17,2024-04-23,72695.0,-0.0152004952197537,0.0037979430330219053,71590.0,72971.09146878553,0.0,72695.0,1381.0914687855256,1907413.6451521607,-1,1,2629
KNN,H5,175,2024-04-17,2024-04-24,72695.0,-0.0137973725840842,0.005042414544201987,71692.0,73061.55832529077,0.0,72695.0,1369.5583252907672,1875690.006373251,-1,1,2628
KNN,H6,175,2024-04-17,2024-04-25,72695.0,-0.0133434211431322,0.004546709305471965,71725.0,73025.5230329613,0.0,72695.0,1300.5230329612968,1691360.1592628504,-1,1,2627
KNN,H7,175,2024-04-17,2024-04-26,72695.0,-0.008088589311507,0.004889507963561482,72107.0,73050.44278141111,0.0,72695.0,943.4427814111114,890084.2817967341,-1,1,2626
KNN,H1,176,2024-04-18,2024-04-19,73016.0,0.0031499945217485,0.0012166312029692969,73246.0,73104.83354391601,0.0,73016.0,141.1664560839854,19927.968323311776,1,1,2633
KNN,H2,176,2024-04-18,2024-04-22,73016.0,-0.0147912786238633,0.0017277039653105675,71936.0,73142.15003273111,0.0,73016.0,1206.1500327311078,1454797.9014572524,-1,1,2632
KNN,H3,176,2024-04-18,2024-04-23,73016.0,-0.0195299660348416,0.003418698339601906,71590.0,73265.61967796437,0.0,73016.0,1675.619677964365,2807701.3051814027,-1,1,2631
KNN,H4,176,2024-04-18,2024-04-24,73016.0,-0.0181330119425878,0.004147954039110096,71692.0,73318.86701211966,0.0,73016.0,1626.8670121196628,2646696.2751231594,-1,1,2630
KNN,H5,176,2024-04-18,2024-04-25,73016.0,-0.0176810562068587,0.005725394423695172,71725.0,73434.04539924054,0.0,73016.0,1709.0453992405382,2920836.1766652507,-1,1,2629
KNN,H6,176,2024-04-18,2024-04-26,73016.0,-0.0124493261750848,0.004924340205252323,72107.0,73375.5556244267,0.0,73016.0,1268.5556244267063,1609233.3722646309,-1,1,2628
KNN,H7,176,2024-04-18,2024-04-29,73016.0,-0.0104908513202586,0.005174401081906423,72250.0,73393.81406939648,0.0,73016.0,1143.8140693964815,1308310.625349339,-1,1,2627
KNN,H1,177,2024-04-19,2024-04-22,73246.0,-0.0178849356961472,0.0013305486015805885,71936.0,73343.45736287138,0.0,73246.0,1407.4573628713842,1980936.2283008713,-1,1,2634
KNN,H2,177,2024-04-19,2024-04-23,73246.0,-0.022608743139557,0.0020882602979679513,71590.0,73398.95671378497,0.0,73246.0,1808.9567137849663,3272324.392347704,-1,1,2633
KNN,H3,177,2024-04-19,2024-04-24,73246.0,-0.021216175627338,0.0032673404329070558,71692.0,73485.31961734871,0.0,73246.0,1793.3196173487086,3215995.2499677185,-1,1,2632
KNN,H4,177,2024-04-19,2024-04-25,73246.0,-0.020765639079267,0.003977857200140358,71725.0,73537.36212848147,0.0,73246.0,1812.3621284814726,3284656.4847538937,-1,1,2631
KNN,H5,177,2024-04-19,2024-04-26,73246.0,-0.0155503372197799,0.005205486229465601,72107.0,73627.28104436345,0.0,73246.0,1520.2810443634517,2311254.453850827,-1,1,2630
KNN,H6,177,2024-04-19,2024-04-29,73246.0,-0.0135980121781393,0.004435781894364031,72250.0,73570.9032806346,0.0,73246.0,1320.903280634593,1744785.4767912307,-1,1,2629
KNN,H7,177,2024-04-19,2024-04-30,73246.0,-0.031087021816891,0.004791405606054471,70969.0,73596.95129502106,0.0,73246.0,2627.951295021063,6906128.009002881,-1,1,2628
KNN,H1,178,2024-04-22,2024-04-23,71936.0,-0.004809830960854,0.0008553417676253638,71590.0,71997.5298653959,0.0,71936.0,407.52986539590347,166080.5911896032,-1,1,2635
KNN,H2,178,2024-04-22,2024-04-24,71936.0,-0.0033919039145907,0.0015419773473391084,71692.0,72046.92368245819,0.0,71936.0,354.92368245818943,125970.82036968168,-1,1,2634
KNN,H3,178,2024-04-22,2024-04-25,71936.0,-0.0029331628113878,0.00297176773030415,71725.0,72149.77708344716,0.0,71936.0,424.7770834471594,180435.570621875,-1,1,2633
KNN,H4,178,2024-04-22,2024-04-26,71936.0,0.0023771129893237,0.0030867445585440354,72107.0,72158.04805656342,0.0,71936.0,51.04805656342069,2605.904078902198,1,1,2632
KNN,H5,178,2024-04-22,2024-04-29,71936.0,0.0043649911032028,0.004479732123344295,72250.0,72258.25401002489,0.0,71936.0,8.254010024887975,68.1286814909512,1,1,2631
KNN,H6,178,2024-04-22,2024-04-30,71936.0,-0.0134425044483985,0.00418831618559397,70969.0,72237.29071312689,0.0,71936.0,1268.2907131268876,1608561.333003909,-1,1,2630
KNN,H7,178,2024-04-22,2024-05-01,71936.0,-0.0092026245551601,0.00489839302652933,71274.0,72288.37080075641,0.0,71936.0,1014.3708007564128,1028948.1214272061,-1,1,2629
KNN,H1,179,2024-04-23,2024-04-24,71590.0,0.0014247799972062,0.0006550370397308254,71692.0,71636.89410167433,0.0,71590.0,55.1058983256662,3036.6600302786615,1,1,2636
KNN,H2,179,2024-04-23,2024-04-25,71590.0,0.0018857382315966,0.0016932070665010297,71725.0,71711.2166938908,0.0,71590.0,13.78330610919511,189.9795272997752,1,1,2635
KNN,H3,179,2024-04-23,2024-04-26,71590.0,0.0072216790054477,0.002426700508711175,72107.0,71763.72748941863,0.0,71590.0,343.27251058137335,117836.01652083908,1,1,2634
KNN,H4,179,2024-04-23,2024-04-29,71590.0,0.0092191646878054,0.0021899878806387343,72250.0,71746.78123237494,0.0,71590.0,503.21876762506145,253229.12809008558,1,1,2633
KNN,H5,179,2024-04-23,2024-04-30,71590.0,-0.0086743958653443,0.0032120080957427103,70969.0,71819.94765957422,0.0,71590.0,850.9476595742162,724111.9193348362,-1,1,2632
KNN,H6,179,2024-04-23,2024-05-01,71590.0,-0.0044140243050705,0.0034775317795845647,71274.0,71838.95650010045,0.0,71590.0,564.9565001004521,319175.84700575215,-1,1,2631
KNN,H7,179,2024-04-23,2024-05-02,71590.0,-0.0065791311635703,0.0042374732905797125,71119.0,71893.3607128726,0.0,71590.0,774.3607128725998,599634.513640561,-1,1,2630
KNN,H1,180,2024-04-24,2024-04-25,71692.0,0.0004603024047313,0.0009909745129612181,71725.0,71763.04494478322,0.0,71692.0,38.04494478322158,1447.417823558379,1,1,2637
KNN,H2,180,2024-04-24,2024-04-26,71692.0,0.0057886514534397,0.0018288811593508006,72107.0,71823.11614807618,0.0,71692.0,283.88385192381975,80590.04138310521,1,1,2636
KNN,H3,180,2024-04-24,2024-04-29,71692.0,0.0077832952072756,0.0025113607119578462,72250.0,71872.04447216168,0.0,71692.0,377.95552783831954,142850.38102354272,1,1,2635
KNN,H4,180,2024-04-24,2024-04-30,71692.0,-0.0100848072309323,0.002719016802589177,70969.0,71886.93175261123,0.0,71692.0,917.9317526112281,842598.702451921,-1,1,2634
KNN,H5,180,2024-04-24,2024-05-01,71692.0,-0.0058304971265971,0.0038849966636682696,71274.0,71970.52318081171,0.0,71692.0,696.5231808117096,485144.5414080615,-1,1,2633
KNN,H6,180,2024-04-24,2024-05-02,71692.0,-0.0079925235730625,0.004005184302390552,71119.0,71979.13967300698,0.0,71692.0,860.1396730069828,739840.2570805593,-1,1,2632
KNN,H7,180,2024-04-24,2024-05-03,71692.0,-0.0096802990570774,0.004245808305575949,70998.0,71996.39048904335,0.0,71692.0,998.3904890433478,996783.5686122151,-1,1,2631
KNN,H1,181,2024-04-25,2024-04-26,71725.0,0.0053258975252701,0.0004881812238607583,72107.0,71760.01479828142,0.0,71725.0,346.9852017185767,120398.73021168138,1,1,2638
KNN,H2,181,2024-04-25,2024-04-29,71725.0,0.0073196235622168,0.0010071271887968326,72250.0,71797.23619761645,0.0,71725.0,452.76380238354614,204995.0607488068,1,1,2637
KNN,H3,181,2024-04-25,2024-04-30,71725.0,-0.0105402579295922,0.0017676874213755453,70969.0,71851.78738029815,0.0,71725.0,882.7873802981485,779313.5588136679,-1,1,2636
KNN,H4,181,2024-04-25,2024-05-01,71725.0,-0.0062879051934472,0.0017061062046899507,71274.0,71847.37046753138,0.0,71725.0,573.3704675313784,328753.6930371514,-1,1,2635
KNN,H5,181,2024-04-25,2024-05-02,71725.0,-0.0084489369118159,0.0035543128481888087,71119.0,71979.93308903633,0.0,71725.0,860.9330890363344,741205.7837976449,-1,1,2634
KNN,H6,181,2024-04-25,2024-05-03,71725.0,-0.0101359358661554,0.0028534239328206084,70998.0,71929.66183158156,0.0,71725.0,931.6618315815576,867993.7684259027,-1,1,2633
KNN,H7,181,2024-04-25,2024-05-06,71725.0,-0.0056326246078772,0.0035747062444259994,71321.0,71981.39580538146,0.0,71725.0,660.3958053814567,436122.6197654229,-1,1,2632
KNN,H1,182,2024-04-26,2024-04-29,72107.0,0.0019831639091905,0.0005941044340124493,72250.0,72149.83908842334,0.0,72107.0,100.16091157666233,10032.20820786797,1,1,2639
KNN,H2,182,2024-04-26,2024-04-30,72107.0,-0.0157821015990126,0.0016042372312471598,70969.0,72222.67673403355,0.0,72107.0,1253.67673403355,1571705.3534570285,-1,1,2638
KNN,H3,182,2024-04-26,2024-05-01,72107.0,-0.0115522764780118,0.0024765932065514413,71274.0,72285.5797063448,0.0,72107.0,1011.5797063447972,1023293.502288626,-1,1,2637
KNN,H4,182,2024-04-26,2024-05-02,72107.0,-0.0137018597362252,0.0024604951537240075,71119.0,72284.41892404958,0.0,72107.0,1165.4189240495762,1358201.2685328717,-1,1,2636
KNN,H5,182,2024-04-26,2024-05-03,72107.0,-0.0153799215055403,0.004169896873004372,70998.0,72407.67875382173,0.0,72107.0,1409.6787538217322,1987194.188976392,-1,1,2635
KNN,H6,182,2024-04-26,2024-05-06,72107.0,-0.0109004673610051,0.003665846842098761,71321.0,72371.3332182432,0.0,72107.0,1050.333218243206,1103199.86934513,-1,1,2634
KNN,H7,182,2024-04-26,2024-05-07,72107.0,-0.013466098991776,0.004515698218618963,71136.0,72432.61345144996,0.0,72107.0,1296.6134514499572,1681206.4424809706,-1,1,2633
KNN,H1,183,2024-04-29,2024-04-30,72250.0,-0.0177301038062284,0.0007575735546311546,70969.0,72304.73468932211,0.0,72250.0,1335.734689322111,1784187.1602584366,-1,1,2640
KNN,H2,183,2024-04-29,2024-05-01,72250.0,-0.0135086505190311,0.0012190412435270988,71274.0,72338.07572984483,0.0,72250.0,1064.0757298448298,1132257.1588448072,-1,1,2639
KNN,H3,183,2024-04-29,2024-05-02,72250.0,-0.0156539792387543,0.002288247458469028,71119.0,72415.3258788744,0.0,72250.0,1296.3258788743988,1680460.7842394824,-1,1,2638
KNN,H4,183,2024-04-29,2024-05-03,72250.0,-0.0173287197231833,0.00233817239888649,70998.0,72418.93295581955,0.0,72250.0,1420.932955819546,2019050.4649340715,-1,1,2637
KNN,H5,183,2024-04-29,2024-05-06,72250.0,-0.0128581314878892,0.004450429637057898,71321.0,72571.54354127744,0.0,72250.0,1250.5435412774386,1563859.1486307168,-1,1,2636
KNN,H6,183,2024-04-29,2024-05-07,72250.0,-0.0154186851211072,0.003131618221080881,71136.0,72476.2594164731,0.0,72250.0,1340.259416473098,1796295.3034448095,-1,1,2635
KNN,H7,183,2024-04-29,2024-05-08,72250.0,-0.015515570934256,0.0035623126317887673,71129.0,72507.37708764673,0.0,72250.0,1378.3770876467315,1899923.3957494854,-1,1,2634
KNN,H1,184,2024-04-30,2024-05-01,70969.0,0.0042976510870944,0.0007796277395027548,71274.0,71024.32940104477,0.0,70969.0,249.67059895522834,62335.407982662466,1,1,2641
KNN,H2,184,2024-04-30,2024-05-02,70969.0,0.0021135988952922,0.001709519468932845,71119.0,71090.3228871907,0.0,70969.0,28.677112809295068,822.3767990770352,1,1,2640
KNN,H3,184,2024-04-30,2024-05-03,70969.0,0.0004086291197564,0.0029521522251576933,70998.0,71178.51129126722,0.0,70969.0,180.51129126721935,32584.3262749589,1,1,2639
KNN,H4,184,2024-04-30,2024-05-06,70969.0,0.004959912074286,0.0026731845821992522,71321.0,71158.7132366141,0.0,70969.0,162.28676338589867,26336.99357027066,1,1,2638
KNN,H5,184,2024-04-30,2024-05-07,70969.0,0.0023531401034253,0.0028781123412493868,71136.0,71173.25675474612,0.0,70969.0,37.25675474612217,1388.0657742126969,1,1,2637
KNN,H6,184,2024-04-30,2024-05-08,70969.0,0.0022545054883118,0.003839022764874255,71129.0,71241.45160660037,0.0,70969.0,112.45160660037072,12645.363827004541,1,1,2636
KNN,H7,184,2024-04-30,2024-05-09,70969.0,0.0086939367893024,0.004461589622665414,71586.0,71285.63455393094,0.0,70969.0,300.36544606905954,90219.40119226511,1,1,2635
KNN,H1,185,2024-05-01,2024-05-02,71274.0,-0.0021747060639223,0.0007117836428534896,71119.0,71324.73166736073,0.0,71274.0,205.73166736072744,42325.51895502501,-1,1,2642
KNN,H2,185,2024-05-01,2024-05-03,71274.0,-0.003872379829952,0.0016611640669895289,70998.0,71392.3978077106,0.0,71274.0,394.3978077106003,155549.63072692766,-1,1,2641
KNN,H3,185,2024-05-01,2024-05-06,71274.0,0.0006594270000279,0.002208431677767793,71321.0,71431.40375940122,0.0,71274.0,110.40375940121885,12188.99008992222,1,1,2640
KNN,H4,185,2024-05-01,2024-05-07,71274.0,-0.001936189914976,0.0017109580569345574,71136.0,71395.94682454996,0.0,71274.0,259.9468245499593,67572.35159360731,-1,1,2639
KNN,H5,185,2024-05-01,2024-05-08,71274.0,-0.0020344024468951,0.003397868414157178,71129.0,71516.17967335063,0.0,71274.0,387.1796733506344,149908.09945590395,-1,1,2638
KNN,H6,185,2024-05-01,2024-05-09,71274.0,0.00437747285125,0.0031543588461911648,71586.0,71498.82377240343,0.0,71274.0,87.17622759657388,7599.69465796965,1,1,2637
KNN,H7,185,2024-05-01,2024-05-10,71274.0,0.0185341078092993,0.003610817726522624,72595.0,71531.35742264017,0.0,71274.0,1063.6425773598312,1131335.5323726644,1,1,2636
KNN,H1,186,2024-05-02,2024-05-03,71119.0,-0.0017013737538491,0.0009447838589147538,70998.0,71186.19208326215,0.0,71119.0,188.19208326215448,35416.26020254969,-1,1,2643
KNN,H2,186,2024-05-02,2024-05-06,71119.0,0.0028403099031202,0.001701911049747228,71321.0,71240.03821194697,0.0,71119.0,80.9617880530277,6554.811124743379,1,1,2642
KNN,H3,186,2024-05-02,2024-05-07,71119.0,0.0002390359819457,0.002074550781460195,71136.0,71266.53997702667,0.0,71119.0,130.53997702666675,17040.68560212268,1,1,2641
KNN,H4,186,2024-05-02,2024-05-08,71119.0,0.0001406094011444,0.0024140051623945187,71129.0,71290.68163314433,0.0,71119.0,161.68163314432604,26140.95049621643,1,1,2640
KNN,H5,186,2024-05-02,2024-05-09,71119.0,0.0065664590334508,0.003623697233438934,71586.0,71376.71372354495,0.0,71119.0,209.28627645505185,43800.74551242039,1,1,2639
KNN,H6,186,2024-05-02,2024-05-10,71119.0,0.0207539476089371,0.0034417364712279242,72595.0,71363.77285609726,0.0,71119.0,1231.227143902739,1515920.279882896,1,1,2638
KNN,H7,186,2024-05-02,2024-05-13,71119.0,0.0098426580801191,0.0037508538847318435,71819.0,71385.75697742825,0.0,71119.0,433.2430225717544,187699.5166071097,1,1,2637
KNN,H1,187,2024-05-03,2024-05-06,70998.0,0.0045494239274346,0.0006503522418404367,71321.0,71044.17370846619,0.0,70998.0,276.82629153381276,76632.79568436349,1,1,2644
KNN,H2,187,2024-05-03,2024-05-07,70998.0,0.0019437167244147,0.0012554871352236296,71136.0,71087.13707562661,0.0,70998.0,48.86292437338852,2387.585378319486,1,1,2643
KNN,H3,187,2024-05-03,2024-05-08,70998.0,0.0018451223978139,0.0017342840407398084,71129.0,71121.13069832444,0.0,70998.0,7.869301675556926,61.925908860923045,1,1,2642
KNN,H4,187,2024-05-03,2024-05-09,70998.0,0.0082819234344628,0.0023848357323856735,71586.0,71167.31856732792,0.0,70998.0,418.6814326720778,175294.1420643436,1,1,2641
KNN,H5,187,2024-05-03,2024-05-10,70998.0,0.0224935913687709,0.0030528511650661587,72595.0,71214.74632701738,0.0,70998.0,1380.2536729826243,1905100.2017820252,1,1,2640
KNN,H6,187,2024-05-03,2024-05-13,70998.0,0.0115637060198878,0.003708876353329496,71819.0,71261.32280333369,0.0,70998.0,557.6771966663073,311003.85568159114,1,1,2639
KNN,H7,187,2024-05-03,2024-05-14,70998.0,0.0171131581171299,0.004113104036807429,72213.0,71290.02216040525,0.0,70998.0,922.9778395947505,851888.0923829931,1,1,2638
KNN,H1,188,2024-05-06,2024-05-07,71321.0,-0.0025939064230731,0.0006433640710064527,71136.0,71366.88536890825,0.0,71321.0,230.88536890824616,53308.05357589693,-1,1,2645
KNN,H2,188,2024-05-06,2024-05-08,71321.0,-0.0026920542336759,0.0015195914585552715,71129.0,71429.37878241562,0.0,71321.0,300.378782415617,90227.41292548859,-1,1,2644
KNN,H3,188,2024-05-06,2024-05-09,71321.0,0.0037155956871048,0.0019424530637433873,71586.0,71459.53769495923,0.0,71321.0,126.46230504076811,15992.714596224285,1,1,2643
KNN,H4,188,2024-05-06,2024-05-10,71321.0,0.0178629015297038,0.0020745576322337847,72595.0,71468.95952488855,0.0,71321.0,1126.0404751114547,1267967.1515892306,1,1,2642
KNN,H5,188,2024-05-06,2024-05-13,71321.0,0.0069825156685969,0.003148017196994007,71819.0,71545.5197345068,0.0,71321.0,273.4802654931991,74791.45561423067,1,1,2641
KNN,H6,188,2024-05-06,2024-05-14,71321.0,0.0125068352939528,0.003194842530238364,72213.0,71548.85936409913,0.0,71321.0,664.1406359008688,441082.78425481037,1,1,2640
KNN,H7,188,2024-05-06,2024-05-15,71321.0,0.0235554745446642,0.0034078351212810006,73001.0,71564.05020868487,0.0,71321.0,1436.949791315128,2064824.7027605902,1,1,2639
KNN,H1,189,2024-05-07,2024-05-08,71136.0,-9.840305892938606e-05,0.0005082579217790588,71129.0,71172.15543552367,0.0,71136.0,43.15543552367308,1862.3916152379043,-1,1,2646
KNN,H2,189,2024-05-07,2024-05-09,71136.0,0.0063259109311741,0.0009276142958739874,71586.0,71201.9867705513,0.0,71136.0,384.01322944869753,147466.160391618,1,1,2645
KNN,H3,189,2024-05-07,2024-05-10,71136.0,0.020510008996851,0.0015117647859589018,72595.0,71243.54089981396,0.0,71136.0,1351.459100186039,1826441.6994756581,1,1,2644
KNN,H4,189,2024-05-07,2024-05-13,71136.0,0.0096013270355375,0.002248044287380666,71819.0,71295.91687842712,0.0,71136.0,523.0831215728831,273615.9520744316,1,1,2643
KNN,H5,189,2024-05-07,2024-05-14,71136.0,0.0151400134952766,0.0031407900080051994,72213.0,71359.42323800946,0.0,71136.0,853.5767619905382,728593.288610252,1,1,2642
KNN,H6,189,2024-05-07,2024-05-15,71136.0,0.0262173864147547,0.003153467315993179,73001.0,71360.32505099049,0.0,71136.0,1640.6749490095099,2691814.288307358,1,1,2641
KNN,H7,189,2024-05-07,2024-05-16,71136.0,0.0247413405308141,0.0035240492307902042,72896.0,71386.68676608149,0.0,71136.0,1509.3132339185104,2278026.438081552,1,1,2640
KNN,H1,190,2024-05-08,2024-05-09,71129.0,0.0064249462244654,0.0005342309362228113,71586.0,71166.99931226259,0.0,71129.0,419.0006877374108,175561.57632442322,1,1,2647
KNN,H2,190,2024-05-08,2024-05-10,71129.0,0.0206104401861406,0.001335049230161455,72595.0,71223.96071669215,0.0,71129.0,1371.0392833078513,1879748.7163733065,1,1,2646
KNN,H3,190,2024-05-08,2024-05-13,71129.0,0.0097006846715124,0.00220023107786057,71819.0,71285.50023633715,0.0,71129.0,533.4997636628541,284621.9978283212,1,1,2645
KNN,H4,190,2024-05-08,2024-05-14,71129.0,0.0152399162085787,0.002273947728836433,72213.0,71290.7436280044,0.0,71129.0,922.2563719955942,850556.815686476,1,1,2644
KNN,H5,190,2024-05-08,2024-05-15,71129.0,0.0263183792827117,0.002856048227261774,73001.0,71332.1478543569,0.0,71129.0,1668.8521456431044,2785067.4840175933,1,1,2643
KNN,H6,190,2024-05-08,2024-05-16,71129.0,0.0248421881370468,0.0032468590227647245,72896.0,71359.94583543023,0.0,71129.0,1536.0541645697667,2359462.396492124,1,1,2642
KNN,H7,190,2024-05-08,2024-05-17,71129.0,0.0346412855516033,0.003367583982052313,73593.0,71368.53288105941,0.0,71129.0,2224.4671189405926,4948253.963247861,1,1,2641
KNN,H1,191,2024-05-09,2024-05-10,71586.0,0.0140949347637806,0.0007937251018631906,72595.0,71642.81960514198,0.0,71586.0,952.18039485802,906647.5043519749,1,1,2648
KNN,H2,191,2024-05-09,2024-05-13,71586.0,0.0032548263626965,0.001503056290552114,71819.0,71693.59778761546,0.0,71586.0,125.40221238453523,15725.71487093608,1,1,2647
KNN,H3,191,2024-05-09,2024-05-14,71586.0,0.008758695834381,0.002150429381004549,72213.0,71739.9406376686,0.0,71586.0,473.0593623314053,223785.16028939578,1,1,2646
KNN,H4,191,2024-05-09,2024-05-15,71586.0,0.0197664347777497,0.002526322176741464,73001.0,71766.84929934422,0.0,71586.0,1234.1507006557804,1523127.9519291536,1,1,2645
KNN,H5,191,2024-05-09,2024-05-16,71586.0,0.0182996675327578,0.0035593463361308503,72896.0,71840.79936681826,0.0,71586.0,1055.2006331817392,1113448.3762671435,1,1,2644
KNN,H6,191,2024-05-09,2024-05-17,71586.0,0.0280362081971334,0.0034879631868362784,73593.0,71835.68933269287,0.0,71586.0,1757.3106673071306,3088140.781431433,1,1,2643
KNN,H7,191,2024-05-09,2024-05-20,71586.0,0.0376749643785097,0.003624397374379441,74283.0,71845.45611044233,0.0,71586.0,2437.5438895576663,5941620.213519916,1,1,2642
KNN,H1,192,2024-05-10,2024-05-13,72595.0,-0.0106894414215854,0.00121479232120025,71819.0,72683.18784855753,0.0,72595.0,864.1878485575289,746820.6375944905,-1,1,2649
KNN,H2,192,2024-05-10,2024-05-14,72595.0,-0.0052620703905227,0.0015954415692330025,72213.0,72710.82108071847,0.0,72595.0,497.82108071846596,247825.8284077014,-1,1,2648
KNN,H3,192,2024-05-10,2024-05-15,72595.0,0.0055926716716028,0.002862913970807803,73001.0,72802.8332397108,0.0,72595.0,198.16676028919755,39270.06488351629,1,1,2647
KNN,H4,192,2024-05-10,2024-05-16,72595.0,0.0041462910668779,0.0029925613961074267,72896.0,72812.24499455042,0.0,72595.0,83.7550054495805,7014.900937859258,1,1,2646
KNN,H5,192,2024-05-10,2024-05-17,72595.0,0.0137475032715752,0.005376308803243732,73593.0,72985.29313757147,0.0,72595.0,607.7068624285312,369307.6306427297,1,1,2645
KNN,H6,192,2024-05-10,2024-05-20,72595.0,0.0232522901026241,0.003883351563922562,74283.0,72876.91190678296,0.0,72595.0,1406.0880932170403,1977083.725886732,1,1,2644
KNN,H7,192,2024-05-10,2024-05-21,72595.0,0.0189406983952062,0.004083362560157182,73970.0,72891.43170505462,0.0,72595.0,1078.5682949453767,1163309.566861377,1,1,2643
KNN,H1,193,2024-05-13,2024-05-14,71819.0,0.0054860134504797,0.000609491062751658,72213.0,71862.77303863576,0.0,71819.0,350.226961364242,122658.92446643027,1,1,2650
KNN,H2,193,2024-05-13,2024-05-15,71819.0,0.0164580403514389,0.001601190889387318,73001.0,71933.99592848492,0.0,71819.0,1067.0040715150826,1138497.6886297634,1,1,2649
KNN,H3,193,2024-05-13,2024-05-16,71819.0,0.0149960316907782,0.002708688277093556,72896.0,72013.53528337258,0.0,71819.0,882.4647166274226,778743.9760923173,1,1,2648
KNN,H4,193,2024-05-13,2024-05-17,71819.0,0.0247009844191647,0.0032041436127829455,73593.0,72049.11839012646,0.0,71819.0,1543.8816098735406,2383570.4253057153,1,1,2647
KNN,H5,193,2024-05-13,2024-05-20,71819.0,0.0343084699035074,0.0033730886524292593,74283.0,72061.25185392881,0.0,71819.0,2221.748146071186,4936164.824570753,1,1,2646
KNN,H6,193,2024-05-13,2024-05-21,71819.0,0.0299502917055374,0.004217174292399656,73970.0,72121.87324050585,0.0,71819.0,1848.1267594941455,3415572.519158331,1,1,2645
KNN,H7,193,2024-05-13,2024-05-22,71819.0,0.0168200615436027,0.0043806340008134435,73027.0,72133.61275330442,0.0,71819.0,893.38724669558,798140.772558309,1,1,2644
KNN,H1,194,2024-05-14,2024-05-15,72213.0,0.0109121626299972,0.0010464704064867454,73001.0,72288.56876746363,0.0,72213.0,712.4312325363717,507558.2610932937,1,1,2651
KNN,H2,194,2024-05-14,2024-05-16,72213.0,0.0094581308074723,0.001964064594437765,72896.0,72354.83099655814,0.0,72213.0,541.1690034418571,292863.8902862527,1,1,2650
KNN,H3,194,2024-05-14,2024-05-17,72213.0,0.0191101325246145,0.0030198072656473524,73593.0,72431.06934207419,0.0,72213.0,1161.9306579258118,1350082.85382791,1,1,2649
KNN,H4,194,2024-05-14,2024-05-20,72213.0,0.0286651987869219,0.003542030620840327,74283.0,72468.78065722274,0.0,72213.0,1814.2193427772581,3291391.8237071466,1,1,2648
KNN,H5,194,2024-05-14,2024-05-21,72213.0,0.0243307991635854,0.004999678995812279,73970.0,72574.04181932459,0.0,72213.0,1395.958180675414,1948699.2421946118,1,1,2647
KNN,H6,194,2024-05-14,2024-05-22,72213.0,0.0112722086050987,0.0045827643503341155,73027.0,72543.93516203068,0.0,72213.0,483.0648379693157,233351.63768232125,1,1,2646
KNN,H7,194,2024-05-14,2024-05-23,72213.0,-0.0080456427513051,0.004893341582046539,71632.0,72566.36287566432,0.0,72213.0,934.3628756643157,873033.9834196893,-1,1,2645
KNN,H1,195,2024-05-15,2024-05-16,73001.0,-0.0014383364611443,0.0012650472998594307,72896.0,73093.34971793703,0.0,73001.0,197.34971793703153,38946.9111698259,-1,1,2652
KNN,H2,195,2024-05-15,2024-05-17,73001.0,0.0081094779523567,0.0020116924263200303,73593.0,73147.85555881378,0.0,73001.0,445.1444411862176,198153.57351898993,1,1,2651
KNN,H3,195,2024-05-15,2024-05-20,73001.0,0.0175614032684483,0.002869241648069213,74283.0,73210.45750955069,0.0,73001.0,1072.542490449312,1150347.3938192127,1,1,2650
KNN,H4,195,2024-05-15,2024-05-21,73001.0,0.0132737907699893,0.003542576913392094,73970.0,73259.61165725454,0.0,73001.0,710.3883427454566,504651.59750863636,1,1,2649
KNN,H5,195,2024-05-15,2024-05-22,73001.0,0.0003561595046643,0.004717099101855116,73027.0,73345.35295153451,0.0,73001.0,318.35295153451443,101348.6017507369,1,1,2648
KNN,H6,195,2024-05-15,2024-05-23,73001.0,-0.0187531677648251,0.004273826025068624,71632.0,73312.99357365603,0.0,73001.0,1680.9935736560292,2825739.394672868,-1,1,2647
KNN,H7,195,2024-05-15,2024-05-24,73001.0,-0.0222051752715716,0.004436268315948319,71380.0,73324.85202333254,0.0,73001.0,1944.8520233325398,3782449.392660674,-1,1,2646
KNN,H1,196,2024-05-16,2024-05-17,72896.0,0.0095615671641791,0.0012166207682090136,73593.0,72984.68678751936,0.0,72896.0,608.3132124806434,370044.96447852044,1,1,2653
KNN,H2,196,2024-05-16,2024-05-20,72896.0,0.0190271071115013,0.0020342517969351433,74283.0,73044.28881898939,0.0,72896.0,1238.7111810106144,1534405.3899607111,1,1,2652
KNN,H3,196,2024-05-16,2024-05-21,72896.0,0.0147333187006146,0.003148039617852821,73970.0,73125.479495983,0.0,72896.0,844.5205040169967,713214.8817051222,1,1,2651
KNN,H4,196,2024-05-16,2024-05-22,72896.0,0.0017970807726075,0.00367570350504339,73027.0,73163.94408270365,0.0,72896.0,136.9440827036451,18753.68178754279,1,1,2650
KNN,H5,196,2024-05-16,2024-05-23,72896.0,-0.0173397717295873,0.004420151057600208,71632.0,73218.21133149484,0.0,72896.0,1586.2113314948365,2516066.388162622,-1,1,2649
KNN,H6,196,2024-05-16,2024-05-24,72896.0,-0.0207967515364354,0.004623884124164914,71380.0,73233.06265711512,0.0,72896.0,1853.0626571151224,3433841.2111945576,-1,1,2648
KNN,H7,196,2024-05-16,2024-05-27,72896.0,-0.0122777655838455,0.004924222165592706,72001.0,73254.95609898305,0.0,72896.0,1253.9560989830497,1572405.8981767881,-1,1,2647
KNN,H1,197,2024-05-17,2024-05-20,73593.0,0.0093758917288329,0.0008107423550320416,74283.0,73652.66496213387,0.0,73593.0,630.3350378661271,397322.25996169186,1,1,2654
KNN,H2,197,2024-05-17,2024-05-21,73593.0,0.0051227698286522,0.0017123045985623724,73970.0,73719.01363232199,0.0,73593.0,250.9863676780078,62994.15676020012,1,1,2653
KNN,H3,197,2024-05-17,2024-05-22,73593.0,-0.0076909488674195,0.002942719314259466,73027.0,73809.5635424943,0.0,73593.0,782.563542494303,612405.6980412328,-1,1,2652
KNN,H4,197,2024-05-17,2024-05-23,73593.0,-0.0266465560583207,0.0036744087583323918,71632.0,73863.41076375196,0.0,73593.0,2231.410763751963,4979193.996588118,-1,1,2651
KNN,H5,197,2024-05-17,2024-05-24,73593.0,-0.0300707947766771,0.0054753766678990795,71380.0,73995.9493951207,0.0,73593.0,2615.949395120697,6843191.2378323395,-1,1,2650
KNN,H6,197,2024-05-17,2024-05-27,73593.0,-0.0216324922207274,0.004461738490767716,72001.0,73921.35272075106,0.0,73593.0,1920.3527207510633,3687754.572096011,-1,1,2649
KNN,H7,197,2024-05-17,2024-05-28,73593.0,-0.0196757843816667,0.00504834971188239,72145.0,73964.52320034655,0.0,73593.0,1819.5232003465499,3310664.676599351,-1,1,2648
KNN,H1,198,2024-05-20,2024-05-21,74283.0,-0.0042136154974893,0.0010659412400839219,73970.0,74362.18131313716,0.0,74283.0,392.18131313716003,153806.18237398716,-1,1,2655
KNN,H2,198,2024-05-20,2024-05-22,74283.0,-0.0169083101113309,0.0021804137207629276,73027.0,74444.96767241943,0.0,74283.0,1417.9676724194287,2010632.3200265723,-1,1,2654
KNN,H3,198,2024-05-20,2024-05-23,74283.0,-0.0356878424403969,0.0032101864924235744,71632.0,74521.46228321671,0.0,74283.0,2889.462283216708,8348992.286131911,-1,1,2653
KNN,H4,198,2024-05-20,2024-05-24,74283.0,-0.0390802740869378,0.0037922542268074054,71380.0,74564.70002072993,0.0,74283.0,3184.700020729928,10142314.222037204,-1,1,2652
KNN,H5,198,2024-05-20,2024-05-27,74283.0,-0.0307203532436761,0.005304479137846702,72001.0,74677.03262379667,0.0,74283.0,2676.0326237966656,7161150.603624066,-1,1,2651
KNN,H6,198,2024-05-20,2024-05-28,74283.0,-0.0287818208742242,0.005104629255724297,72145.0,74662.18717500295,0.0,74283.0,2517.187175002953,6336231.273999348,-1,1,2650
KNN,H7,198,2024-05-20,2024-05-29,74283.0,-0.0308280494864235,0.005399760460414236,71993.0,74684.11040628095,0.0,74283.0,2691.1104062809463,7242075.2187936,-1,1,2649
KNN,H1,199,2024-05-21,2024-05-22,73970.0,-0.012748411518183,0.0010731048359846648,73027.0,74049.37756471778,0.0,73970.0,1022.3775647177827,1045255.8848382639,-1,1,2656
KNN,H2,199,2024-05-21,2024-05-23,73970.0,-0.0316074084088143,0.0018822378338969852,71632.0,74109.22913257335,0.0,73970.0,2477.229132573353,6136664.175270127,-1,1,2655
KNN,H3,199,2024-05-21,2024-05-24,73970.0,-0.0350141949438961,0.003136407283176482,71380.0,74202.00004673658,0.0,73970.0,2822.0000467365753,7963684.263781234,-1,1,2654
KNN,H4,199,2024-05-21,2024-05-27,73970.0,-0.0266188995538732,0.003978738595731302,72001.0,74264.30729392625,0.0,73970.0,2263.3072939262493,5122559.906739761,-1,1,2653
KNN,H5,199,2024-05-21,2024-05-28,73970.0,-0.0246721643909693,0.005353277557208172,72145.0,74365.9819409067,0.0,73970.0,2220.9819409066986,4932760.781833686,-1,1,2652
KNN,H6,199,2024-05-21,2024-05-29,73970.0,-0.0267270515073678,0.004442332696278896,71993.0,74298.59934954374,0.0,73970.0,2305.5993495437433,5315788.360616532,-1,1,2651
KNN,H7,199,2024-05-21,2024-05-30,73970.0,-0.0286332296877112,0.004857829805876547,71852.0,74329.33367074069,0.0,73970.0,2477.333670740685,6137182.116185518,-1,1,2650
KNN,H1,200,2024-05-22,2024-05-23,73027.0,-0.019102523724102,0.0009306557204114739,71632.0,73094.96299529448,0.0,73027.0,1462.9629952944815,2140260.725601001,-1,1,2657
KNN,H2,200,2024-05-22,2024-05-24,73027.0,-0.0225533022032946,0.002032614815126102,71380.0,73175.43576210421,0.0,73027.0,1795.4357621042145,3223589.5758427414,-1,1,2656
KNN,H3,200,2024-05-22,2024-05-27,73027.0,-0.0140495980938556,0.002917445220369699,72001.0,73240.05227210795,0.0,73027.0,1239.052272107947,1535250.5330158658,-1,1,2655
KNN,H4,200,2024-05-22,2024-05-28,73027.0,-0.0120777246771741,0.0031313821692642665,72145.0,73255.67544567486,0.0,73027.0,1110.6754456748604,1233599.9456250498,-1,1,2654
KNN,H5,200,2024-05-22,2024-05-29,73027.0,-0.0141591466170046,0.0033367615768093643,71993.0,73270.67368766967,0.0,73027.0,1277.6736876696668,1632450.0521634053,-1,1,2653
KNN,H6,200,2024-05-22,2024-05-30,73027.0,-0.0160899393375053,0.0039576994294340745,71852.0,73316.01891623328,0.0,73027.0,1464.0189162332827,2143351.3870888753,-1,1,2652
KNN,H7,200,2024-05-22,2024-05-31,73027.0,-0.0181302805811549,0.00439498691140186,71703.0,73347.95270917895,0.0,73027.0,1644.9527091789496,2705869.415435166,-1,1,2651
KNN,H1,201,2024-05-23,2024-05-24,71632.0,-0.003517980790708,0.00047781111495350973,71380.0,71666.22656578635,0.0,71632.0,286.2265657863463,81925.64696184565,-1,1,2658
KNN,H2,201,2024-05-23,2024-05-27,71632.0,0.0051513290149654,0.001256044998287947,72001.0,71721.97301531736,0.0,71632.0,279.02698468264134,77856.05818108696,1,1,2657
KNN,H3,201,2024-05-23,2024-05-28,71632.0,0.0071616037525128,0.0014519877575748159,72145.0,71736.0087870506,0.0,71632.0,408.99121294940414,167273.81226982485,1,1,2656
KNN,H4,201,2024-05-23,2024-05-29,71632.0,0.0050396470851017,0.0013186135718499432,71993.0,71726.45492737876,0.0,71632.0,266.5450726212439,71046.27573866418,1,1,2655
KNN,H5,201,2024-05-23,2024-05-30,71632.0,0.0030712530712531,0.002662043096811919,71852.0,71822.68747111082,0.0,71632.0,29.312528889175155,859.224349878728,1,1,2654
KNN,H6,201,2024-05-23,2024-05-31,71632.0,0.0009911771275408,0.002559572714198718,71703.0,71815.34731266348,0.0,71632.0,112.34731266347808,12621.918662705302,1,1,2653
KNN,H7,201,2024-05-23,2024-06-03,71632.0,0.0025966048693322,0.0031771387510247597,71818.0,71859.5848030134,0.0,71632.0,41.58480301339296,1729.295841662696,1,1,2652
KNN,H1,202,2024-05-24,2024-05-27,71380.0,0.0086999159428411,0.00023258385362989335,72001.0,71396.6018354721,0.0,71380.0,604.3981645278982,365297.1412846923,1,1,2659
KNN,H2,202,2024-05-24,2024-05-28,71380.0,0.0107172877556738,0.0004992930100691326,72145.0,71415.63953505874,0.0,71380.0,729.3604649412591,531966.6878193297,1,1,2658
KNN,H3,202,2024-05-24,2024-05-29,71380.0,0.008587839731017,0.0009155743030588914,71993.0,71445.35369375235,0.0,71380.0,547.6463062476541,299916.47674669937,1,1,2657
KNN,H4,202,2024-05-24,2024-05-30,71380.0,0.0066124964976184,0.0016809959623375963,71852.0,71499.98949179165,0.0,71380.0,352.01050820834644,123911.39788909833,1,1,2656
KNN,H5,202,2024-05-24,2024-05-31,71380.0,0.0045250770523956,0.0025450774346092177,71703.0,71561.6676272824,0.0,71380.0,141.332372717603,19974.83957798745,1,1,2655
KNN,H6,202,2024-05-24,2024-06-03,71380.0,0.0061361725973663,0.00303894328926039,71818.0,71596.9197719874,0.0,71380.0,221.08022801259358,48876.46721810037,1,1,2654
KNN,H7,202,2024-05-24,2024-06-04,71380.0,0.0056318296441579,0.00390275082065914,71782.0,71658.57835357865,0.0,71380.0,123.42164642135322,15232.902805357531,1,1,2653
KNN,H1,203,2024-05-27,2024-05-28,72001.0,0.001999972222608,0.00036781318878842373,72145.0,72027.48291740594,0.0,72001.0,117.51708259405859,13810.26470141879,1,1,2660
KNN,H2,203,2024-05-27,2024-05-29,72001.0,-0.0001111095679227,0.0008449863485009506,71993.0,72061.83986207841,0.0,72001.0,68.83986207841372,4738.926610975022,-1,1,2659
KNN,H3,203,2024-05-27,2024-05-30,72001.0,-0.0020694157025596,0.0014671893595202441,71852.0,72106.6391010748,0.0,72001.0,254.63910107480478,64841.071796184646,-1,1,2658
KNN,H4,203,2024-05-27,2024-05-31,72001.0,-0.0041388314051193,0.0012791921249753065,71703.0,72093.10311219035,0.0,72001.0,390.10311219035066,152180.4381405973,-1,1,2657
KNN,H5,203,2024-05-27,2024-06-03,72001.0,-0.0025416313662309,0.003366308088348298,71818.0,72243.37754866917,0.0,72001.0,425.37754866917385,180946.05891179538,-1,1,2656
KNN,H6,203,2024-05-27,2024-06-04,72001.0,-0.003041624421883,0.003007223370095915,71782.0,72217.52308987027,0.0,72001.0,435.5230898702721,189680.3618101491,-1,1,2655
KNN,H7,203,2024-05-27,2024-06-05,72001.0,0.0067221288593213,0.0036347614149663597,72485.0,72262.70645663899,0.0,72001.0,222.29354336101096,49414.41941999366,1,1,2654
KNN,H1,204,2024-05-28,2024-05-29,72145.0,-0.0021068681128283,0.00033393904598763146,71993.0,72169.09203247278,0.0,72145.0,176.09203247277765,31008.403900393776,-1,1,2661
KNN,H2,204,2024-05-28,2024-05-30,72145.0,-0.0040612655069651,0.0006898350219579837,71852.0,72194.76814765915,0.0,72145.0,342.7681476591533,117490.00304968713,-1,1,2660
KNN,H3,204,2024-05-28,2024-05-31,72145.0,-0.0061265506965139,0.0011902948499346734,71703.0,72230.87382194854,0.0,72145.0,527.8738219485385,278650.7718985574,-1,1,2659
KNN,H4,204,2024-05-28,2024-06-03,72145.0,-0.0045325386374661,0.0022877614489678244,71818.0,72310.05054973578,0.0,72145.0,492.0505497357808,242113.7434952841,-1,1,2658
KNN,H5,204,2024-05-28,2024-06-04,72145.0,-0.0050315337168203,0.00272244041714433,71782.0,72341.41046389488,0.0,72145.0,559.4104638948775,312940.067115082,-1,1,2657
KNN,H6,204,2024-05-28,2024-06-05,72145.0,0.0047127313050108,0.004589969085712555,72485.0,72476.14331968872,0.0,72145.0,8.85668031127716,78.44078613616448,1,1,2656
KNN,H7,204,2024-05-28,2024-06-06,72145.0,0.0113382770808787,0.005560635147200625,72963.0,72546.1720226948,0.0,72145.0,416.8279773052054,173745.56266434884,1,1,2655
KNN,H1,205,2024-05-29,2024-05-30,71993.0,-0.001958523745364,0.00048049034750883706,71852.0,72027.59194158821,0.0,71993.0,175.591941588209,30832.529950717006,-1,1,2662
KNN,H2,205,2024-05-29,2024-05-31,71993.0,-0.0040281694053588,0.0010155125667307427,71703.0,72066.10979621665,0.0,71993.0,363.1097962166532,131848.72410849942,-1,1,2661
KNN,H3,205,2024-05-29,2024-06-03,71993.0,-0.0024307918825441,0.0014562157720515677,71818.0,72097.8373420773,0.0,71993.0,279.8373420772987,78308.93802088707,-1,1,2660
KNN,H4,205,2024-05-29,2024-06-04,71993.0,-0.0029308404983817,0.002092962358725734,71782.0,72143.67863909174,0.0,71993.0,361.6786390917405,130811.43797525346,-1,1,2659
KNN,H5,205,2024-05-29,2024-06-05,71993.0,0.0068339977497813,0.0020356029830284985,72485.0,72139.54916555717,0.0,71993.0,345.4508344428323,119336.27901724911,1,1,2658
KNN,H6,205,2024-05-29,2024-06-06,71993.0,0.0134735321489589,0.004154523400044749,72963.0,72292.09660313943,0.0,71993.0,670.9033968605654,450111.3679190453,1,1,2657
KNN,H7,205,2024-05-29,2024-06-07,71993.0,-0.0095148139402442,0.005417614494424046,71308.0,72383.03032029707,0.0,71993.0,1075.030320297068,1155690.1895580168,-1,1,2656
KNN,H1,206,2024-05-30,2024-05-31,71852.0,-0.0020737070645214,0.00048489771895458014,71703.0,71886.84087090234,0.0,71852.0,183.84087090233515,33797.465814129064,-1,1,2663
KNN,H2,206,2024-05-30,2024-06-03,71852.0,-0.000473194900629,0.0010420324032637425,71818.0,71926.87211223932,0.0,71852.0,108.87211223931808,11853.136823450675,-1,1,2662
KNN,H3,206,2024-05-30,2024-06-04,71852.0,-0.0009742247954127,0.001321373144516794,71782.0,71946.94330317981,0.0,71852.0,164.94330317981075,27206.29326386697,-1,1,2661
KNN,H4,206,2024-05-30,2024-06-05,71852.0,0.008809775649947,0.0017082907955064362,72485.0,71974.74411023872,0.0,71852.0,510.2558897612762,260361.07303607164,1,1,2660
KNN,H5,206,2024-05-30,2024-06-06,71852.0,0.0154623392529087,0.0033862150787706624,72963.0,72095.30632583983,0.0,71852.0,867.6936741601676,752892.312177571,1,1,2659
KNN,H6,206,2024-05-30,2024-06-07,71852.0,-0.007571118410065,0.003488565335938475,71308.0,72102.66039651785,0.0,71852.0,794.660396517851,631485.1457939083,-1,1,2658
KNN,H7,206,2024-05-30,2024-06-10,71852.0,-0.0076407058954517,0.004074702754146414,71303.0,72144.77554229092,0.0,71852.0,841.7755422909249,708586.0635991808,-1,1,2657
KNN,H1,207,2024-05-31,2024-06-03,71703.0,0.0016038380541958,0.0006538040075549116,71818.0,71749.87970875371,0.0,71703.0,68.12029124629044,4640.374079479433,1,1,2664
KNN,H2,207,2024-05-31,2024-06-04,71703.0,0.0011017670111432,0.0010205519372456808,71782.0,71776.17663555633,0.0,71703.0,5.823364443669561,33.9115734437949,1,1,2663
KNN,H3,207,2024-05-31,2024-06-05,71703.0,0.0109060987685312,0.0015773125139413383,72485.0,71816.09803918714,0.0,71703.0,668.9019608128583,447429.8331792866,1,1,2662
KNN,H4,207,2024-05-31,2024-06-06,71703.0,0.0175724865068407,0.0026084783281961465,72963.0,71890.03572156664,0.0,71703.0,1072.9642784333555,1151252.3427940113,1,1,2661
KNN,H5,207,2024-05-31,2024-06-07,71703.0,-0.0055088350557159,0.003947742447121466,71308.0,71986.06497668596,0.0,71703.0,678.0649766859569,459772.1126081273,-1,1,2660
KNN,H6,207,2024-05-31,2024-06-10,71703.0,-0.0055785671450288,0.004244782815128532,71303.0,72007.36366219317,0.0,71703.0,704.3636621931655,496128.16861816775,-1,1,2659
KNN,H7,207,2024-05-31,2024-06-11,71703.0,-0.0049788711769381,0.004528547436781366,71346.0,72027.71043685953,0.0,71703.0,681.7104368595319,464729.11972321384,-1,1,2658
KNN,H1,208,2024-06-03,2024-06-04,71818.0,-0.0005012670918154,0.00038169381042865464,71782.0,71845.41248607736,0.0,71818.0,63.41248607735906,4021.143390511257,-1,1,2665
KNN,H2,208,2024-06-03,2024-06-05,71818.0,0.0092873652844691,0.0007995252572748136,72485.0,71875.42030492696,0.0,71818.0,609.5796950730437,371587.40464534494,1,1,2664
KNN,H3,208,2024-06-03,2024-06-06,71818.0,0.0159430783369072,0.0015285912516364753,72963.0,71927.78036651004,0.0,71818.0,1035.2196334899636,1071679.6895630946,1,1,2663
KNN,H4,208,2024-06-03,2024-06-07,71818.0,-0.0071012838007185,0.0023363730515409444,71308.0,71985.79363981556,0.0,71818.0,677.793639815558,459404.21817442233,-1,1,2662
KNN,H5,208,2024-06-03,2024-06-10,71818.0,-0.0071709042301373,0.0029785743803620495,71303.0,72031.91525484885,0.0,71818.0,728.9152548488491,531317.4487513627,-1,1,2661
KNN,H6,208,2024-06-03,2024-06-11,71818.0,-0.0065721685371354,0.0030277122473329693,71346.0,72035.44423817896,0.0,71818.0,689.4442381789559,475333.3575581608,-1,1,2660
KNN,H7,208,2024-06-03,2024-06-12,71818.0,-0.0003063298894427,0.0034805339898599055,71796.0,72067.96499008375,0.0,71818.0,271.96499008375395,73964.95583125639,-1,1,2659
KNN,H1,209,2024-06-04,2024-06-05,71782.0,0.009793541556379,0.0001813529133666362,72485.0,71795.01787482729,0.0,71782.0,689.9821251727117,476075.3330578516,1,1,2666
KNN,H2,209,2024-06-04,2024-06-06,71782.0,0.0164525925719538,0.00039215602112127037,72963.0,71810.14974350813,0.0,71782.0,1152.8502564918745,1329063.7138933807,1,1,2665
KNN,H3,209,2024-06-04,2024-06-07,71782.0,-0.0066033267392939,0.0007593577632276869,71308.0,71836.50821896,0.0,71782.0,528.5082189600071,279320.93750827876,-1,1,2664
KNN,H4,209,2024-06-04,2024-06-10,71782.0,-0.0066729820846451,0.0015566358626930197,71303.0,71893.73843549583,0.0,71782.0,590.738435495834,348971.8991720656,-1,1,2663
KNN,H5,209,2024-06-04,2024-06-11,71782.0,-0.0060739461146248,0.0028401665047703855,71346.0,71985.87283204542,0.0,71782.0,639.8728320454247,409437.24118983233,-1,1,2662
KNN,H6,209,2024-06-04,2024-06-12,71782.0,0.0001950349669834,0.00267708846088248,71796.0,71974.16676389906,0.0,71782.0,178.16676389906206,31743.395758264123,1,1,2661
KNN,H7,209,2024-06-04,2024-06-13,71782.0,-0.0104761639408208,0.003144433125336245,71030.0,72007.71369860289,0.0,71782.0,977.7136986028927,955924.0764357481,-1,1,2660
KNN,H1,210,2024-06-05,2024-06-06,72485.0,0.0065944678209284,0.0005997985991729776,72963.0,72528.47640146106,0.0,72485.0,434.5235985389445,188810.7576872338,1,1,2667
KNN,H2,210,2024-06-05,2024-06-07,72485.0,-0.0162378423122024,0.0009517305723575613,71308.0,72553.98619053734,0.0,72485.0,1245.98619053734,1552481.5870097526,-1,1,2666
KNN,H3,210,2024-06-05,2024-06-10,72485.0,-0.0163068221011243,0.0014829300255330378,71303.0,72592.49018290076,0.0,72485.0,1289.4901829007576,1662784.9317974295,-1,1,2665
KNN,H4,210,2024-06-05,2024-06-11,72485.0,-0.0157135959163965,0.0024156733411071184,71346.0,72660.10008213016,0.0,72485.0,1314.1000821301568,1726859.0258544849,-1,1,2664
KNN,H5,210,2024-06-05,2024-06-12,72485.0,-0.0095054149134303,0.003022941273542581,71796.0,72704.11789821273,0.0,72485.0,908.1178982127312,824678.1170543085,-1,1,2663
KNN,H6,210,2024-06-05,2024-06-13,72485.0,-0.0200731185762571,0.0036383854220472054,71030.0,72748.72836731709,0.0,72485.0,1718.7283673170896,2954027.2006204682,-1,1,2662
KNN,H7,210,2024-06-05,2024-06-14,72485.0,-0.0109539904807891,0.004185896793438787,71691.0,72788.4147290724,0.0,72485.0,1097.4147290724068,1204319.087585064,-1,1,2661
KNN,H1,211,2024-06-06,2024-06-07,72963.0,-0.0226827296026753,0.0008869089213337161,71308.0,73027.71153562727,0.0,72963.0,1719.7115356272698,2957407.765769502,-1,1,2668
KNN,H2,211,2024-06-06,2024-06-10,72963.0,-0.0227512574866712,0.0016382676253906025,71303.0,73082.53292075137,0.0,72963.0,1779.5329207513714,3166737.416037907,-1,1,2667
KNN,H3,211,2024-06-06,2024-06-11,72963.0,-0.0221619176843057,0.002474912562553149,71346.0,73143.57704530157,0.0,72963.0,1797.577045301572,3231283.23379513,-1,1,2666
KNN,H4,211,2024-06-06,2024-06-12,72963.0,-0.0159944081246659,0.0027155693661709873,71796.0,73161.13608766392,0.0,72963.0,1365.1360876639228,1863596.5378423615,-1,1,2665
KNN,H5,211,2024-06-06,2024-06-13,72963.0,-0.0264928799528527,0.004242831517270917,71030.0,73272.56971599464,0.0,72963.0,2242.569715994643,5029118.931096294,-1,1,2664
KNN,H6,211,2024-06-06,2024-06-14,72963.0,-0.0174334936885819,0.0039136148305334495,71691.0,73248.54907888021,0.0,72963.0,1557.5490788802126,2425959.1331205987,-1,1,2663
KNN,H7,211,2024-06-06,2024-06-17,72963.0,-0.0229979578690568,0.003845455809378188,71285.0,73243.57599221966,0.0,72963.0,1958.5759922196594,3836019.917299223,-1,1,2662
KNN,H1,212,2024-06-07,2024-06-10,71308.0,-7.011835979131575e-05,0.00045735918995024635,71303.0,71340.61336911697,0.0,71308.0,37.61336911696708,1414.7655363292129,-1,1,2669
KNN,H2,212,2024-06-07,2024-06-11,71308.0,0.000532899534414,0.001024865678389074,71346.0,71381.08112179457,0.0,71308.0,35.081121794573846,1230.685106365724,1,1,2668
KNN,H3,212,2024-06-07,2024-06-12,71308.0,0.0068435519156335,0.0019246785386509283,71796.0,71445.24497723412,0.0,71308.0,350.7550227658794,123029.08599549258,1,1,2667
KNN,H4,212,2024-06-07,2024-06-13,71308.0,-0.0038985808043978,0.0017142352711556213,71030.0,71430.23868871557,0.0,71308.0,400.2386887155735,160191.00794476175,-1,1,2666
KNN,H5,212,2024-06-07,2024-06-14,71308.0,0.0053710663600157,0.0026426415392270227,71691.0,71496.4414828792,0.0,71308.0,194.5585171207931,37853.016584241945,1,1,2665
KNN,H6,212,2024-06-07,2024-06-17,71308.0,-0.00032254445504,0.0030255684126907897,71285.0,71523.74723237214,0.0,71308.0,238.74723237214494,57000.24096535897,-1,1,2664
KNN,H7,212,2024-06-07,2024-06-18,71308.0,0.0027346160318617,0.0033623606217558035,71503.0,71547.76321121617,0.0,71308.0,44.76321121616638,2003.7450783831239,1,1,2663
KNN,H1,213,2024-06-10,2024-06-11,71303.0,0.0006030601797961,9.746309361940532e-05,71346.0,71309.94941096434,0.0,71303.0,36.05058903565805,1299.6449698179083,1,1,2670
KNN,H2,213,2024-06-10,2024-06-12,71303.0,0.0069141550846387,0.0005979308447346393,71796.0,71345.6342630221,0.0,71303.0,450.3657369778957,202829.29704364316,1,1,2669
KNN,H3,213,2024-06-10,2024-06-13,71303.0,-0.0038287309089378,0.0009635126279046438,71030.0,71371.70134090749,0.0,71303.0,341.70134090748616,116759.80637797408,-1,1,2668
KNN,H4,213,2024-06-10,2024-06-14,71303.0,0.0054415662735087,0.0018879398663436031,71691.0,71437.6157762899,0.0,71303.0,253.3842237101053,64203.56482517268,1,1,2667
KNN,H5,213,2024-06-10,2024-06-17,71303.0,-0.0002524437961937,0.0016467261412505176,71285.0,71420.41651404959,0.0,71303.0,135.41651404958975,18337.63227734274,-1,1,2666
KNN,H6,213,2024-06-10,2024-06-18,71303.0,0.0028049310688189,0.0029129114696101123,71503.0,71510.6993265176,0.0,71303.0,7.69932651759882,59.27962882460037,1,1,2665
KNN,H7,213,2024-06-10,2024-06-19,71303.0,0.0030293255543245,0.003284298956776354,71519.0,71537.18036851502,0.0,71303.0,18.180368515022565,330.5257993420238,1,1,2664
KNN,H1,214,2024-06-11,2024-06-12,71346.0,0.0063072912286603,0.0004582574400481126,71796.0,71378.69483531767,0.0,71346.0,417.30516468232963,174143.60047054625,1,1,2671
KNN,H2,214,2024-06-11,2024-06-13,71346.0,-0.0044291200627926,0.0007985055111062974,71030.0,71402.97017419539,0.0,71346.0,372.9701741953904,139106.7508393399,-1,1,2670
KNN,H3,214,2024-06-11,2024-06-14,71346.0,0.0048355899419729,0.0013507352942631805,71691.0,71442.3695603045,0.0,71346.0,248.63043969549472,61817.09554317503,1,1,2669
KNN,H4,214,2024-06-11,2024-06-17,71346.0,-0.0008549883665517,0.0012563410281843162,71285.0,71435.63490699684,0.0,71346.0,150.6349069968419,22690.875205947206,-1,1,2668
KNN,H5,214,2024-06-11,2024-06-18,71346.0,0.0022005438286658,0.002455920023424091,71503.0,71521.2200699912,0.0,71346.0,18.2200699912064,331.97095048446005,1,1,2667
KNN,H6,214,2024-06-11,2024-06-19,71346.0,0.0024248030723517,0.0021452590412256423,71519.0,71499.05565155529,0.0,71346.0,19.944348444711068,397.77703488404876,1,1,2666
KNN,H7,214,2024-06-11,2024-06-20,71346.0,0.012782776890085,0.002617276494014241,72258.0,71532.73220874195,0.0,71346.0,725.2677912580548,526013.3690363374,1,1,2665
KNN,H1,215,2024-06-12,2024-06-13,71796.0,-0.0106691180567162,0.0004797654715994704,71030.0,71830.44524179897,0.0,71796.0,800.4452417989669,640712.5851186066,-1,1,2672
KNN,H2,215,2024-06-12,2024-06-14,71796.0,-0.0014624770182183,0.0006389223243716274,71691.0,71841.87206720059,0.0,71796.0,150.87206720058748,22762.380661378586,-1,1,2671
KNN,H3,215,2024-06-12,2024-06-17,71796.0,-0.007117388155329,0.0012895602713666114,71285.0,71888.58526924303,0.0,71796.0,603.5852692430344,364315.17724718637,-1,1,2670
KNN,H4,215,2024-06-12,2024-06-18,71796.0,-0.0040810072984567,0.0014044590939850552,71503.0,71896.83454511175,0.0,71796.0,393.8345451117493,155105.64892337853,-1,1,2669
KNN,H5,215,2024-06-12,2024-06-19,71796.0,-0.0038581536575853,0.0030996077047569038,71519.0,72018.53943477073,0.0,71796.0,499.53943477073335,249539.64689106375,-1,1,2668
KNN,H6,215,2024-06-12,2024-06-20,71796.0,0.0064348988801603,0.002915967171347052,72258.0,72005.35477903402,0.0,71796.0,252.64522096597648,63829.60767694708,1,1,2667
KNN,H7,215,2024-06-12,2024-06-21,71796.0,-0.0051117053874867,0.003817283676837877,71429.0,72070.06569886226,0.0,71796.0,641.065698862265,410965.2302577642,-1,1,2666
KNN,H1,216,2024-06-13,2024-06-14,71030.0,0.0093059270730677,5.9464110843044946e-05,71691.0,71034.22373579319,0.0,71030.0,656.7762642068119,431355.061225456,1,1,2673
KNN,H2,216,2024-06-13,2024-06-17,71030.0,0.0035900323806841,0.0006578017246818805,71285.0,71076.72365650415,0.0,71030.0,208.27634349584696,43379.03526000003,1,1,2672
KNN,H3,216,2024-06-13,2024-06-18,71030.0,0.0066591581022104,0.0008134252904548638,71503.0,71087.777598381,0.0,71030.0,415.2224016190012,172409.6428062511,1,1,2671
KNN,H4,216,2024-06-13,2024-06-19,71030.0,0.0068844150359004,0.0007416221749963576,71519.0,71082.67742308999,0.0,71030.0,436.32257691000996,190377.39112139156,1,1,2670
KNN,H5,216,2024-06-13,2024-06-20,71030.0,0.0172884696607067,0.001007478965954551,72258.0,71101.56123095176,0.0,71030.0,1156.43876904824,1337350.6265578084,1,1,2669
KNN,H6,216,2024-06-13,2024-06-21,71030.0,0.005617344783894,0.002782378341841843,71429.0,71227.63233362103,0.0,71030.0,201.36766637896653,40548.937062910765,1,1,2668
KNN,H7,216,2024-06-13,2024-06-24,71030.0,0.0067858651274108,0.003112799755628152,71512.0,71251.10216664227,0.0,71030.0,260.8978333577252,68067.67945075534,1,1,2667
KNN,H1,217,2024-06-14,2024-06-17,71691.0,-0.0056631934273478,0.0004638158225590214,71285.0,71724.25142013507,0.0,71691.0,439.2514201350714,192941.810090677,-1,1,2674
KNN,H2,217,2024-06-14,2024-06-18,71691.0,-0.0026223654294122,0.0010506856322570939,71503.0,71766.32470366215,0.0,71691.0,263.32470366214693,69339.89955875749,-1,1,2673
KNN,H3,217,2024-06-14,2024-06-19,71691.0,-0.0023991853928666,0.0016041504864898054,71519.0,71806.00315252694,0.0,71691.0,287.0031525269442,82370.80956040438,-1,1,2672
KNN,H4,217,2024-06-14,2024-06-20,71691.0,0.0079089425450893,0.0017478977630854132,72258.0,71816.30853853335,0.0,71691.0,441.6914614666457,195091.34713254136,1,1,2671
KNN,H5,217,2024-06-14,2024-06-21,71691.0,-0.0036545730984363,0.003519150694890786,71429.0,71943.29143246742,0.0,71691.0,514.2914324674202,264495.6775093911,-1,1,2670
KNN,H6,217,2024-06-14,2024-06-24,71691.0,-0.0024968266588553,0.0039977720453703135,71512.0,71977.60427570464,0.0,71691.0,465.604275704638,216787.34155444053,-1,1,2669
KNN,H7,217,2024-06-14,2024-06-25,71691.0,-0.0068348886192129,0.004749513872712036,71201.0,72031.4973990486,0.0,71691.0,830.4973990486033,689725.929826495,-1,1,2668
KNN,H1,218,2024-06-17,2024-06-18,71285.0,0.0030581468752191,0.00024248574978659188,71503.0,71302.28559667355,0.0,71285.0,200.71440332644852,40286.27170269225,1,1,2675
KNN,H2,218,2024-06-17,2024-06-19,71285.0,0.0032825980220243,0.0007063143660821993,71519.0,71335.34961958617,0.0,71285.0,183.65038041383377,33727.46222614586,1,1,2674
KNN,H3,218,2024-06-17,2024-06-20,71285.0,0.0136494353650837,0.0010074105931859108,72258.0,71356.81326413526,0.0,71285.0,901.1867358647432,812137.5328985505,1,1,2673
KNN,H4,218,2024-06-17,2024-06-21,71285.0,0.0020200603212456,0.002051101386466819,71429.0,71431.21276233428,0.0,71285.0,2.2127623342821607,4.896317148017837,1,1,2672
KNN,H5,218,2024-06-17,2024-06-24,71285.0,0.003184400645297,0.0024568749291182758,71512.0,71460.1383293222,0.0,71285.0,51.86167067779752,2689.632885492323,1,1,2671
KNN,H6,218,2024-06-17,2024-06-25,71285.0,-0.0011783685207266,0.0038043866999172915,71201.0,71556.1957059036,0.0,71285.0,355.1957059036067,126163.98949236148,-1,1,2670
KNN,H7,218,2024-06-17,2024-06-26,71285.0,-0.0051343199831661,0.0043964562034350535,70919.0,71598.40138046187,0.0,71285.0,679.4013804618735,461586.23577349936,-1,1,2669
KNN,H1,219,2024-06-18,2024-06-19,71503.0,0.000223766834958,0.000618311626418921,71519.0,71547.21113622384,0.0,71503.0,28.211136223835638,795.8682070398113,1,1,2676
KNN,H2,219,2024-06-18,2024-06-20,71503.0,0.0105589975245794,0.0011608483109086475,72258.0,71586.0041367749,0.0,71503.0,671.9958632250928,451578.44019163755,1,1,2675
KNN,H3,219,2024-06-18,2024-06-21,71503.0,-0.0010349216116806,0.001592540817572166,71429.0,71616.87144607886,0.0,71503.0,187.87144607886148,35295.680251762555,-1,1,2674
KNN,H4,219,2024-06-18,2024-06-24,71503.0,0.0001258688446639,0.0016655969233549711,71512.0,71622.09517681065,0.0,71503.0,110.09517681064608,12120.947956967422,1,1,2673
KNN,H5,219,2024-06-18,2024-06-25,71503.0,-0.0042235990098317,0.003499611588594305,71201.0,71753.23272741926,0.0,71503.0,552.2327274192648,304960.9852329201,-1,1,2672
KNN,H6,219,2024-06-18,2024-06-26,71503.0,-0.008167489475966,0.002297526477867942,70919.0,71667.280035747,0.0,71503.0,748.2800357469969,559923.0118975269,-1,1,2671
KNN,H7,219,2024-06-18,2024-06-27,71503.0,-0.0027970854369746,0.0030116676687476775,71303.0,71718.34327331847,0.0,71503.0,415.34327331847453,172510.03469090504,-1,1,2670
KNN,H1,220,2024-06-19,2024-06-20,71519.0,0.010332918525147,0.0003940946531642647,72258.0,71547.18525549964,0.0,71519.0,710.814744500356,505257.6009991064,1,1,2677
KNN,H2,220,2024-06-19,2024-06-21,71519.0,-0.0012584068569191,0.0011105075710845477,71429.0,71598.42239097638,0.0,71519.0,169.4223909763823,28703.946564154146,-1,1,2676
KNN,H3,220,2024-06-19,2024-06-24,71519.0,-9.787608887146249e-05,0.0013622534427560609,71512.0,71616.42700397247,0.0,71519.0,104.42700397246517,10904.999158665258,-1,1,2675
KNN,H4,220,2024-06-19,2024-06-25,71519.0,-0.0044463708944476,0.0016108200344240957,71201.0,71634.20423804197,0.0,71519.0,433.20423804197344,187665.91185752678,-1,1,2674
KNN,H5,220,2024-06-19,2024-06-26,71519.0,-0.0083893790461275,0.0028624817072716337,70919.0,71723.72182922236,0.0,71519.0,804.7218292223552,647577.2224269733,-1,1,2673
KNN,H6,220,2024-06-19,2024-06-27,71519.0,-0.0030201764566059,0.0030862451615596234,71303.0,71739.72516770958,0.0,71519.0,436.72516770957736,190728.87211095847,-1,1,2672
KNN,H7,220,2024-06-19,2024-06-28,71519.0,-0.0034116808120918,0.0031253299453690687,71275.0,71742.52047236286,0.0,71519.0,467.5204723628558,218575.3920783878,-1,1,2671
KNN,H1,221,2024-06-20,2024-06-21,72258.0,-0.0114727781006946,0.0008467459227792502,71429.0,72319.18416688818,0.0,72258.0,890.1841668881825,792427.8509784075,-1,1,2678
KNN,H2,221,2024-06-20,2024-06-24,72258.0,-0.0103241163608182,0.001587602309057724,71512.0,72372.7169676479,0.0,72258.0,860.7169676478952,740833.6983969879,-1,1,2677
KNN,H3,221,2024-06-20,2024-06-25,72258.0,-0.0146281380608375,0.002087868205405791,71201.0,72408.8651807862,0.0,72258.0,1207.8651807862043,1458938.29495569,-1,1,2676
KNN,H4,221,2024-06-20,2024-06-26,72258.0,-0.0185308201168036,0.002258801366080933,70919.0,72421.21646911028,0.0,72258.0,1502.2164691102807,2256654.320066159,-1,1,2675
KNN,H5,221,2024-06-20,2024-06-27,72258.0,-0.0132165296576157,0.0040365140005628524,71303.0,72549.67042865268,0.0,72258.0,1246.6704286526801,1554187.1576770572,-1,1,2674
KNN,H6,221,2024-06-20,2024-06-28,72258.0,-0.0136040300035982,0.0037315731645908767,71275.0,72527.63601372701,0.0,72258.0,1252.6360137270094,1569096.9828858925,-1,1,2673
KNN,H7,221,2024-06-20,2024-07-01,72258.0,-0.0128567079077749,0.004281018063761674,71329.0,72567.33780325128,0.0,72258.0,1238.3378032512846,1533480.5149612173,-1,1,2672
KNN,H1,222,2024-06-21,2024-06-24,71429.0,0.0011619930280417,2.2870502943212364e-06,71512.0,71429.16336171547,0.0,71429.0,82.836638284527,6861.908642281564,1,1,2679
KNN,H2,222,2024-06-21,2024-06-25,71429.0,-0.0031919808481148,0.0004748534066391037,71201.0,71462.91830398282,0.0,71429.0,261.91830398282036,68601.19796123709,-1,1,2678
KNN,H3,222,2024-06-21,2024-06-26,71429.0,-0.007139957160257,0.0007551588827214564,70919.0,71482.94024383392,0.0,71429.0,563.9402438339166,318028.5986154573,-1,1,2677
KNN,H4,222,2024-06-21,2024-06-27,71429.0,-0.0017639894160634,0.001547766430969535,71303.0,71539.55540839772,0.0,71429.0,236.55540839771857,55958.46124221142,-1,1,2676
KNN,H5,222,2024-06-21,2024-06-28,71429.0,-0.0021559870640776,0.0017671973241471903,71275.0,71555.22913766651,0.0,71429.0,280.2291376665089,78528.3695973152,-1,1,2675
KNN,H6,222,2024-06-21,2024-07-01,71429.0,-0.0013999916000504,0.002611330719113779,71329.0,71615.52474193557,0.0,71429.0,286.5247419355728,82096.4277412466,-1,1,2674
KNN,H7,222,2024-06-21,2024-07-02,71429.0,-0.0010079939520363,0.002708375099010642,71357.0,71622.45652494724,0.0,71429.0,265.4565249472362,70467.16663706262,-1,1,2673
KNN,H1,223,2024-06-24,2024-06-25,71512.0,-0.0043489204609016,0.00074544949140492,71201.0,71565.30858402935,0.0,71512.0,364.30858402934973,132720.74439746977,-1,1,2680
KNN,H2,223,2024-06-24,2024-06-26,71512.0,-0.0082923145765745,0.0012349149653435518,70919.0,71600.31123900165,0.0,71512.0,681.3112390016468,464185.00438995904,-1,1,2679
KNN,H3,223,2024-06-24,2024-06-27,71512.0,-0.0029225864190625,0.001894900598708031,71303.0,71647.50813161481,0.0,71512.0,344.50813161481346,118685.85274872964,-1,1,2678
KNN,H4,223,2024-06-24,2024-06-28,71512.0,-0.0033141290972144,0.0018103740070633382,71275.0,71641.46346599312,0.0,71512.0,366.463465993118,134295.47190768915,-1,1,2677
KNN,H5,223,2024-06-24,2024-07-01,71512.0,-0.0025590110750642,0.0024971435254940023,71329.0,71690.57572779512,0.0,71512.0,361.57572779511975,130737.00693057053,-1,1,2676
KNN,H6,223,2024-06-24,2024-07-02,71512.0,-0.0021674683969123,0.002823418526777632,71357.0,71713.90830568693,0.0,71512.0,356.90830568692763,127383.53866831338,-1,1,2675
KNN,H7,223,2024-06-24,2024-07-03,71512.0,0.0090614162658015,0.0032043993428613423,72160.0,71741.1530058067,0.0,71512.0,418.8469941932999,175432.8045447622,1,1,2674
KNN,H1,224,2024-06-25,2024-06-26,71201.0,-0.0039606185306385,0.0002248667677690675,70919.0,71217.01073873193,0.0,71201.0,298.01073873192945,88810.40039955032,-1,1,2681
KNN,H2,224,2024-06-25,2024-06-27,71201.0,0.0014325641493799,0.0007415551064655074,71303.0,71253.79946513545,0.0,71201.0,49.20053486454708,2420.692630957513,1,1,2680
KNN,H3,224,2024-06-25,2024-06-28,71201.0,0.0010393112456286,0.0012309325568036903,71275.0,71288.64362897698,0.0,71201.0,13.643628976977197,186.14861166141185,1,1,2679
KNN,H4,224,2024-06-25,2024-07-01,71201.0,0.0017977275600062,0.002232608007878932,71329.0,71359.96392276899,0.0,71201.0,30.963922768991324,958.7645132440593,1,1,2678
KNN,H5,224,2024-06-25,2024-07-02,71201.0,0.0021909804637574,0.002279720351203856,71357.0,71363.31836872608,0.0,71201.0,6.318368726075278,39.921783358646124,1,1,2677
KNN,H6,224,2024-06-25,2024-07-03,71201.0,0.0134689119534838,0.0033559080780666234,72160.0,71439.94401106641,0.0,71201.0,720.0559889335855,518480.62719912373,1,1,2676
KNN,H7,224,2024-06-25,2024-07-04,71201.0,0.0133425092344208,0.0034588993380178217,72151.0,71447.2770917662,0.0,71201.0,703.7229082338017,495225.93157303974,1,1,2675
KNN,H1,225,2024-06-26,2024-06-27,70919.0,0.0054146279558369,0.0001914652080156659,71303.0,70932.57852108727,0.0,70919.0,370.42147891272907,137212.0720398934,1,1,2682
KNN,H2,225,2024-06-26,2024-06-28,70919.0,0.0050198113340571,0.0002885795314493316,71275.0,70939.46577179086,0.0,70919.0,335.5342282091442,112583.21829990606,1,1,2681
KNN,H3,225,2024-06-26,2024-07-01,70919.0,0.0057812433903468,0.0004888206970526856,71329.0,70953.66667501428,0.0,70919.0,375.3333249857242,140875.10484483925,1,1,2680
KNN,H4,225,2024-06-26,2024-07-02,70919.0,0.0061760600121265,0.0013110395587305596,71357.0,71011.97761446562,0.0,70919.0,345.0223855343793,119040.44651983386,1,1,2679
KNN,H5,225,2024-06-26,2024-07-03,70919.0,0.0174988367010251,0.0018912403356399665,72160.0,71053.12487336325,0.0,70919.0,1106.8751266367472,1225172.545967115,1,1,2678
KNN,H6,225,2024-06-26,2024-07-04,70919.0,0.0173719313583102,0.0027217935406159684,72151.0,71112.02687610693,0.0,70919.0,1038.973123893069,1079465.1521721224,1,1,2677
KNN,H7,225,2024-06-26,2024-07-05,70919.0,0.0329389867313414,0.0033556214187787673,73255.0,71156.97731539838,0.0,70919.0,2098.0226846016158,4401699.185102971,1,1,2676
KNN,H1,226,2024-06-27,2024-06-28,71303.0,-0.0003926903496346,4.4037557952861836e-05,71275.0,71306.14000999472,0.0,71303.0,31.140009994720458,969.70022247129,-1,1,2683
KNN,H2,226,2024-06-27,2024-07-01,71303.0,0.0003646410389464,0.0004626863775884704,71329.0,71335.99092678119,0.0,71303.0,6.990926781189046,48.873057259946236,1,1,2682
KNN,H3,226,2024-06-27,2024-07-02,71303.0,0.0007573313885811,0.0004747697057798368,71357.0,71336.85250433123,0.0,71303.0,20.147495668774354,405.92158172328135,1,1,2681
KNN,H4,226,2024-06-27,2024-07-03,71303.0,0.0120191296298892,0.0010894507848669126,72160.0,71380.68110931336,0.0,71303.0,779.3188906866417,607337.9333810578,1,1,2680
KNN,H5,226,2024-06-27,2024-07-04,71303.0,0.0118929077317924,0.0017442702976779318,72151.0,71427.37170503533,0.0,71303.0,723.6282949646702,523637.90927347576,1,1,2679
KNN,H6,226,2024-06-27,2024-07-05,71303.0,0.0273761272316732,0.0020765160564839434,73255.0,71451.06182437547,0.0,71303.0,1803.9381756245275,3254192.941475549,1,1,2678
KNN,H7,226,2024-06-27,2024-07-08,71303.0,0.0144313703490737,0.002966339070528531,72332.0,71514.5088747459,0.0,71303.0,817.491125254106,668291.7398692245,1,1,2677
KNN,H1,227,2024-06-28,2024-07-01,71275.0,0.0007576289021395,0.00018219894778077902,71329.0,71287.98623000308,0.0,71275.0,41.01376999692002,1682.1293293602566,1,1,2684
KNN,H2,227,2024-06-28,2024-07-02,71275.0,0.0011504735180638,0.0004864981767911803,71357.0,71309.6751575508,0.0,71275.0,47.32484244920488,2239.640712842064,1,1,2683
KNN,H3,227,2024-06-28,2024-07-03,71275.0,0.0124166958961768,0.0006087250336065891,72160.0,71318.38687677031,0.0,71275.0,841.6131232296902,708312.6491924338,1,1,2682
KNN,H4,227,2024-06-28,2024-07-04,71275.0,0.0122904244124868,0.0011457765286334751,72151.0,71356.66522207836,0.0,71275.0,794.334777921642,630967.7394158242,1,1,2681
KNN,H5,227,2024-06-28,2024-07-05,71275.0,0.0277797264117853,0.0022938928907681867,73255.0,71438.4972157895,0.0,71275.0,1816.5027842105046,3299682.365044515,1,1,2680
KNN,H6,227,2024-06-28,2024-07-08,71275.0,0.0148298842511398,0.0026620425513220326,72332.0,71464.73708284547,0.0,71275.0,867.2629171545268,752144.9674713797,1,1,2679
KNN,H7,227,2024-06-28,2024-07-09,71275.0,0.015573482988425,0.0031591440801176634,72385.0,71500.1679943104,0.0,71275.0,884.8320056896046,782927.6782926884,1,1,2678
KNN,H1,228,2024-07-01,2024-07-02,71329.0,0.0003925472108119,0.00023287229091247539,71357.0,71345.61054763848,0.0,71329.0,11.389452361516305,129.71962509524934,1,1,2685
KNN,H2,228,2024-07-01,2024-07-03,71329.0,0.0116502404351666,0.0005238568684145057,72160.0,71366.36618656713,0.0,71329.0,793.6338134328689,629854.6298239977,1,1,2684
KNN,H3,228,2024-07-01,2024-07-04,71329.0,0.011524064545977,0.0009449661797270218,72151.0,71396.40349263375,0.0,71329.0,754.5965073662519,569415.8889293459,1,1,2683
KNN,H4,228,2024-07-01,2024-07-05,71329.0,0.0270016402865593,0.0021031341862878085,73255.0,71479.01445837373,0.0,71329.0,1775.9855416262726,3154124.644065565,1,1,2682
KNN,H5,228,2024-07-01,2024-07-08,71329.0,0.014061601873011,0.003579330806829285,72332.0,71584.31008712032,0.0,71329.0,747.6899128796795,559040.2058220226,1,1,2681
KNN,H6,228,2024-07-01,2024-07-09,71329.0,0.0148046376649049,0.0039663873102153465,72385.0,71611.91844045035,0.0,71329.0,773.0815595496533,597655.0977157241,1,1,2680
KNN,H7,228,2024-07-01,2024-07-10,71329.0,0.0182254062162654,0.0045285867904444384,72629.0,71652.01956717562,0.0,71329.0,976.9804328243772,954490.7661217074,1,1,2679
KNN,H1,229,2024-07-02,2024-07-03,71357.0,0.0112532757823338,0.00022803060257083044,72160.0,71373.27157970765,0.0,71357.0,786.7284202923474,618941.6072956924,1,1,2686
KNN,H2,229,2024-07-02,2024-07-04,71357.0,0.0111271494037024,0.00040691649394125243,72151.0,71386.03634025817,0.0,71357.0,764.9636597418285,585169.400725612,1,1,2685
KNN,H3,229,2024-07-02,2024-07-05,71357.0,0.0265986518491527,0.000702139710378631,73255.0,71407.10258331348,0.0,71357.0,1847.8974166865228,3414724.862596724,1,1,2684
KNN,H4,229,2024-07-02,2024-07-08,71357.0,0.0136636910184004,0.0015710963062506458,72332.0,71469.10871912513,0.0,71357.0,862.8912808748719,744581.362609877,1,1,2683
KNN,H5,229,2024-07-02,2024-07-09,71357.0,0.0144064352481185,0.0021957505820461836,72385.0,71513.68217428308,0.0,71357.0,871.3178257169202,759194.7534120614,1,1,2682
KNN,H6,229,2024-07-02,2024-07-10,71357.0,0.0178258615132362,0.002816846017076127,72629.0,71558.0016812405,0.0,71357.0,1070.9983187595062,1147037.398785689,1,1,2681
KNN,H7,229,2024-07-02,2024-07-11,71357.0,0.025897949745645,0.0032322571033947334,73205.0,71587.64417012694,0.0,71357.0,1617.355829873064,2615839.8804243878,1,1,2680
KNN,H1,230,2024-07-03,2024-07-04,72160.0,-0.0001247228381374,0.0007517585823189017,72151.0,72214.24689930014,0.0,72160.0,63.246899300138466,4000.1702710818554,-1,1,2687
KNN,H2,230,2024-07-03,2024-07-05,72160.0,0.0151746119733924,0.0014252443214136281,73255.0,72262.8456302332,0.0,72160.0,992.1543697667948,984370.2934473458,1,1,2686
KNN,H3,230,2024-07-03,2024-07-08,72160.0,0.0023835920177384,0.0017638450426942503,72332.0,72287.27905828081,0.0,72160.0,44.720941719191615,1999.962628251333,1,1,2685
KNN,H4,230,2024-07-03,2024-07-09,72160.0,0.0031180709534368,0.0021094450128504773,72385.0,72312.21755212729,0.0,72160.0,72.78244787271251,5297.284718344114,1,1,2684
KNN,H5,230,2024-07-03,2024-07-10,72160.0,0.006499445676275,0.0045056924203831445,72629.0,72485.13076505486,0.0,72160.0,143.86923494514485,20698.35676370129,1,1,2683
KNN,H6,230,2024-07-03,2024-07-11,72160.0,0.0144817073170731,0.003295743362184714,73205.0,72397.82084101526,0.0,72160.0,807.1791589847417,651538.1946993149,1,1,2682
KNN,H7,230,2024-07-03,2024-07-12,72160.0,0.0138442350332594,0.003879966506396561,73159.0,72439.97838310158,0.0,72160.0,719.0216168984189,516992.0855672166,1,1,2681
KNN,H1,231,2024-07-04,2024-07-05,72151.0,0.015301243226012,0.0005819952608366564,73255.0,72192.99154006461,0.0,72151.0,1062.0084599353868,1127861.968974332,1,1,2688
KNN,H2,231,2024-07-04,2024-07-08,72151.0,0.0025086277390473,0.0007809365449044097,72332.0,72207.3453526514,0.0,72151.0,124.65464734859415,15538.781105602371,1,1,2687
KNN,H3,231,2024-07-04,2024-07-09,72151.0,0.0032431982924698,0.0014282911052352545,72385.0,72254.05263153382,0.0,72151.0,130.9473684661789,17147.213308217222,1,1,2686
KNN,H4,231,2024-07-04,2024-07-10,72151.0,0.0066249948025667,0.0020200526329511655,72629.0,72296.74881752007,0.0,72151.0,332.2511824799294,110390.84825931136,1,1,2685
KNN,H5,231,2024-07-04,2024-07-11,72151.0,0.0146082521378774,0.0032659673547845536,73205.0,72386.64281061506,0.0,72151.0,818.3571893849439,669708.489418025,1,1,2684
KNN,H6,231,2024-07-04,2024-07-12,72151.0,0.0139707003367937,0.0034382710088302205,73159.0,72399.07469155811,0.0,72151.0,759.9253084418888,577486.4744104998,1,1,2683
KNN,H7,231,2024-07-04,2024-07-15,72151.0,0.0160773932447229,0.003162440665695312,73311.0,72379.17325647059,0.0,72151.0,931.826743529411,868301.0799566268,1,1,2682
KNN,H1,232,2024-07-05,2024-07-08,73255.0,-0.0125998225377107,0.0009011534716913792,72332.0,73321.01399756875,0.0,73255.0,989.0139975687489,978148.6873869172,-1,1,2689
KNN,H2,232,2024-07-05,2024-07-09,73255.0,-0.0118763224353286,0.0015636785605171466,72385.0,73369.54727295067,0.0,73255.0,984.5472729506728,969333.3326746066,-1,1,2688
KNN,H3,232,2024-07-05,2024-07-10,73255.0,-0.0085454917753053,0.0023039285681481073,72629.0,73423.77428725969,0.0,73255.0,794.7742872596864,631666.1676891425,-1,1,2687
KNN,H4,232,2024-07-05,2024-07-11,73255.0,-0.0006825472663981,0.0030844172020418072,73205.0,73480.94898213558,0.0,73255.0,275.9489821355819,76147.8407416637,-1,1,2686
KNN,H5,232,2024-07-05,2024-07-12,73255.0,-0.0013104907514845,0.005329962076261707,73159.0,73645.44637189656,0.0,73255.0,486.44637189655623,236630.0727313227,-1,1,2685
KNN,H6,232,2024-07-05,2024-07-15,73255.0,0.0007644529383659,0.004614267655445349,73311.0,73593.01817709964,0.0,73255.0,282.01817709964234,79534.25221460524,1,1,2684
KNN,H7,232,2024-07-05,2024-07-16,73255.0,0.0105112279025323,0.0050962706289713056,74025.0,73628.32730492529,0.0,73255.0,396.67269507471065,157349.22701783438,1,1,2683
KNN,H1,233,2024-07-08,2024-07-09,72332.0,0.0007327324005972,0.00065985553989044,72385.0,72379.72867091135,0.0,72332.0,5.271329088645871,27.786910360804107,1,1,2690
KNN,H2,233,2024-07-08,2024-07-10,72332.0,0.0041060664712713,0.0016520902908944502,72629.0,72451.49899492098,0.0,72332.0,177.50100507901516,31506.606804060564,1,1,2689
KNN,H3,233,2024-07-08,2024-07-11,72332.0,0.0120693469004036,0.002154627598571961,73205.0,72487.8485234599,0.0,72332.0,717.1514765400934,514306.2403036362,1,1,2688
KNN,H4,233,2024-07-08,2024-07-12,72332.0,0.0114333904772438,0.002762027945968209,73159.0,72531.78300538777,0.0,72332.0,627.2169946122303,393401.15833039855,1,1,2687
KNN,H5,233,2024-07-08,2024-07-15,72332.0,0.013534811701598,0.0032300069609247704,73311.0,72565.63286349761,0.0,72332.0,745.3671365023911,555572.1681777741,1,1,2686
KNN,H6,233,2024-07-08,2024-07-16,72332.0,0.0234059614002102,0.004161377510975781,74025.0,72633.00075812389,0.0,72332.0,1391.9992418761103,1937661.889383666,1,1,2685
KNN,H7,233,2024-07-08,2024-07-17,72332.0,0.0220096222971852,0.004630488195981392,73924.0,72666.93247219172,0.0,72332.0,1257.067527808278,1580218.769470016,1,1,2684
KNN,H1,234,2024-07-09,2024-07-10,72385.0,0.0033708641293086,0.0008422212254586034,72629.0,72445.96418340482,0.0,72385.0,183.03581659517658,33502.11015666312,1,1,2691
KNN,H2,234,2024-07-09,2024-07-11,72385.0,0.0113283138771844,0.0016744063629054431,73205.0,72506.20190457892,0.0,72385.0,698.7980954210798,488318.77816412854,1,1,2690
KNN,H3,234,2024-07-09,2024-07-12,72385.0,0.0106928230987082,0.0023413483401251585,73159.0,72554.47849959995,0.0,72385.0,604.5215004000493,365446.24444592674,1,1,2689
KNN,H4,234,2024-07-09,2024-07-15,72385.0,0.0127927056710643,0.002457227672104227,73311.0,72562.86642504526,0.0,72385.0,748.1335749547434,559703.8459745647,1,1,2688
KNN,H5,234,2024-07-09,2024-07-16,72385.0,0.0226566277543689,0.0031143790033126817,74025.0,72610.43432415478,0.0,72385.0,1414.5656758452242,2000996.051279456,1,1,2687
KNN,H6,234,2024-07-09,2024-07-17,72385.0,0.021261311045106,0.002924923528895498,73924.0,72596.7205896391,0.0,72385.0,1327.2794103609049,1761670.6331679914,1,1,2686
KNN,H7,234,2024-07-09,2024-07-18,72385.0,0.0218277267389652,0.003245540246016485,73965.0,72619.9284307079,0.0,72385.0,1345.071569292093,1809217.526517894,1,1,2685
KNN,H1,235,2024-07-10,2024-07-11,72629.0,0.0079307163805091,0.0005554217954721089,73205.0,72669.33972958336,0.0,72629.0,535.6602704166435,286931.92530283163,1,1,2692
KNN,H2,235,2024-07-10,2024-07-12,72629.0,0.0072973605584545,0.0016115814326550704,73159.0,72746.04754787231,0.0,72629.0,412.9524521276908,170529.72771827274,1,1,2691
KNN,H3,235,2024-07-10,2024-07-15,72629.0,0.0093901884922,0.0018412265387639916,73311.0,72762.72644228389,0.0,72629.0,548.2735577161075,300603.89409067784,1,1,2690
KNN,H4,235,2024-07-10,2024-07-16,72629.0,0.0192209723388729,0.0019945168689808005,74025.0,72773.8597656772,0.0,72629.0,1251.1402343227965,1565351.885941302,1,1,2689
KNN,H5,235,2024-07-10,2024-07-17,72629.0,0.0178303432513182,0.0028070899860619834,73924.0,72832.8761385977,0.0,72629.0,1091.1238614023023,1190551.2809214706,1,1,2688
KNN,H6,235,2024-07-10,2024-07-18,72629.0,0.0183948560492366,0.0030735932854640646,73965.0,72852.23200672996,0.0,72629.0,1112.7679932700412,1238252.6068462345,1,1,2687
KNN,H7,235,2024-07-10,2024-07-19,72629.0,0.0033457709730273,0.003264467705669037,72872.0,72866.09502499504,0.0,72629.0,5.9049750049598515,34.8687298092006,1,1,2686
KNN,H1,236,2024-07-11,2024-07-12,73205.0,-0.0006283723789358,0.0009864001886290014,73159.0,73277.20942580859,0.0,73205.0,118.20942580858537,13973.468349995448,-1,1,2693
KNN,H2,236,2024-07-11,2024-07-15,73205.0,0.0014479885253739,0.0017918470313792218,73311.0,73336.1721619321,0.0,73205.0,25.172161932103336,633.6377363360324,1,1,2692
KNN,H3,236,2024-07-11,2024-07-16,73205.0,0.0112014206679871,0.0022640214326378207,74025.0,73370.73768897625,0.0,73205.0,654.2623110237473,428059.17162613466,1,1,2691
KNN,H4,236,2024-07-11,2024-07-17,73205.0,0.0098217334881496,0.002275936261665183,73924.0,73371.6099140352,0.0,73205.0,552.3900859647983,305134.8070721973,1,1,2690
KNN,H5,236,2024-07-11,2024-07-18,73205.0,0.0103818045215491,0.004467799951005736,73965.0,73532.06529541337,0.0,73205.0,432.9347045866307,187432.4584355132,1,1,2689
KNN,H6,236,2024-07-11,2024-07-19,73205.0,-0.0045488696127313,0.003612952292727897,72872.0,73469.48617258915,0.0,73205.0,597.4861725891533,356989.72643523547,-1,1,2688
KNN,H7,236,2024-07-11,2024-07-22,73205.0,-0.007704391776518,0.004143183494077057,72641.0,73508.30174768392,0.0,73205.0,867.3017476839159,752212.3215355749,-1,1,2687
KNN,H1,237,2024-07-12,2024-07-15,73159.0,0.0020776664525212,0.0006360064681589946,73311.0,73205.52959720405,0.0,73159.0,105.4704027959524,11124.005865940442,1,1,2694
KNN,H2,237,2024-07-12,2024-07-16,73159.0,0.0118372312360748,0.0011688425093414753,74025.0,73244.51134914091,0.0,73159.0,780.4886508590862,609162.5341198365,1,1,2693
KNN,H3,237,2024-07-12,2024-07-17,73159.0,0.0104566765538074,0.0019119690682728163,73924.0,73298.87774506577,0.0,73159.0,625.1222549342347,390777.8336140623,1,1,2692
KNN,H4,237,2024-07-12,2024-07-18,73159.0,0.0110170997416585,0.002333494530800969,73965.0,73329.71612637886,0.0,73159.0,635.2838736211415,403585.6000830825,1,1,2691
KNN,H5,237,2024-07-12,2024-07-19,73159.0,-0.0039229623149578,0.003274830164471444,72872.0,73398.58330000256,0.0,73159.0,526.5833000025596,277289.97184158565,-1,1,2690
KNN,H6,237,2024-07-12,2024-07-22,73159.0,-0.0070804685684604,0.0037735613543770897,72641.0,73435.06997512486,0.0,73159.0,794.0699751248612,630547.1253947978,-1,1,2689
KNN,H7,237,2024-07-12,2024-07-23,73159.0,-0.0616602195218632,0.00375608038432298,68648.0,73433.79108483669,0.0,73159.0,4785.791084836688,22903796.307702325,-1,1,2688
KNN,H1,238,2024-07-15,2024-07-16,73311.0,0.0097393297049555,0.0007745864862801002,74025.0,73367.78570989567,0.0,73311.0,657.2142901043262,431930.62311733345,1,1,2695
KNN,H2,238,2024-07-15,2024-07-17,73311.0,0.0083616374077559,0.002028135789615005,73924.0,73459.68466287247,0.0,73311.0,464.3153371275257,215588.73229184785,1,1,2694
KNN,H3,238,2024-07-15,2024-07-18,73311.0,0.0089208986373123,0.0025955666011499667,73965.0,73501.2835830969,0.0,73311.0,463.7164169031021,215032.91530545158,1,1,2693
KNN,H4,238,2024-07-15,2024-07-19,73311.0,-0.0059881873115903,0.002789198509977011,72872.0,73515.47893196493,0.0,73311.0,643.478931964928,414065.1358827245,-1,1,2692
KNN,H5,238,2024-07-15,2024-07-22,73311.0,-0.0091391469220171,0.004157722957330165,72641.0,73615.80682772484,0.0,73311.0,974.8068277248385,950248.351378963,-1,1,2691
KNN,H6,238,2024-07-15,2024-07-23,73311.0,-0.0636057344736806,0.004495391446503773,68648.0,73640.56164233464,0.0,73311.0,4992.561642334636,24925671.75251112,-1,1,2690
KNN,H7,238,2024-07-15,2024-07-24,73311.0,-0.0584223377119395,0.004710699389306958,69028.0,73656.34608292948,0.0,73311.0,4628.346082929478,21421587.463368643,-1,1,2689
KNN,H1,239,2024-07-16,2024-07-17,74025.0,-0.0013644039175954,0.0006544453765330618,73924.0,74073.44531899787,0.0,74025.0,149.4453189978667,22333.90337037414,-1,1,2696
KNN,H2,239,2024-07-16,2024-07-18,74025.0,-0.0008105369807497,0.0017313160864823817,73965.0,74153.16067330187,0.0,74025.0,188.1606733018707,35404.438977413316,-1,1,2695
KNN,H3,239,2024-07-16,2024-07-19,74025.0,-0.0155758189800743,0.0022301586551560716,72872.0,74190.08749444793,0.0,74025.0,1318.0874944479292,1737354.6430200199,-1,1,2694
KNN,H4,239,2024-07-16,2024-07-22,74025.0,-0.0186963863559608,0.0032093645784769657,72641.0,74262.57321292176,0.0,74025.0,1621.573212921765,2629499.6848654156,-1,1,2693
KNN,H5,239,2024-07-16,2024-07-23,74025.0,-0.0726376224248565,0.0044137028427219385,68648.0,74351.72435293249,0.0,74025.0,5703.7243529324915,32532471.49423517,-1,1,2692
KNN,H6,239,2024-07-16,2024-07-24,74025.0,-0.0675042215467747,0.004021830696315792,69028.0,74322.71601729478,0.0,74025.0,5294.716017294777,28034017.703797866,-1,1,2691
KNN,H7,239,2024-07-16,2024-07-25,74025.0,-0.0882674772036474,0.004463696459875757,67491.0,74355.4251304423,0.0,74025.0,6864.425130442294,47120332.371447705,-1,1,2690
KNN,H1,240,2024-07-17,2024-07-18,73924.0,0.0005546236675504,0.000699133303627195,73965.0,73975.68273033734,0.0,73924.0,10.682730337342946,114.12072746038733,1,1,2697
KNN,H2,240,2024-07-17,2024-07-19,73924.0,-0.0142308316649532,0.0014090380030973933,72872.0,74028.16172534096,0.0,73924.0,1156.161725340964,1336709.9351433949,-1,1,2696
KNN,H3,240,2024-07-17,2024-07-22,73924.0,-0.0173556625723716,0.0019599329752675535,72641.0,74068.88608526367,0.0,73924.0,1427.8860852636717,2038858.6724896135,-1,1,2695
KNN,H4,240,2024-07-17,2024-07-23,73924.0,-0.0713705968291759,0.0027334471974656198,68648.0,74126.06735062545,0.0,73924.0,5478.067350625453,30009221.897988573,-1,1,2694
KNN,H5,240,2024-07-17,2024-07-24,73924.0,-0.06623018234944,0.004306127272500468,69028.0,74242.32615249233,0.0,73924.0,5214.326152492329,27189197.224565458,-1,1,2693
KNN,H6,240,2024-07-17,2024-07-25,73924.0,-0.0870218061793193,0.003946693804718041,67491.0,74215.75539281998,0.0,73924.0,6724.755392819978,45222335.093261376,-1,1,2692
KNN,H7,240,2024-07-17,2024-07-26,73924.0,-0.0777961149288458,0.004190674641969765,68173.0,74233.79143223297,0.0,73924.0,6060.791432232974,36733192.78502863,-1,1,2691
KNN,H1,241,2024-07-18,2024-07-19,73965.0,-0.0147772595146352,0.0006946112202187927,72872.0,74016.3769189035,0.0,73965.0,1144.3769189034938,1309598.5325190537,-1,1,2698
KNN,H2,241,2024-07-18,2024-07-22,73965.0,-0.0179003582775637,0.0016393473595017346,72641.0,74086.25432744555,0.0,73965.0,1445.254327445553,2088760.0710000976,-1,1,2697
KNN,H3,241,2024-07-18,2024-07-23,73965.0,-0.071885351179612,0.0021958976425439994,68648.0,74127.41956913077,0.0,73965.0,5479.419569130769,30024038.814573217,-1,1,2696
KNN,H4,241,2024-07-18,2024-07-24,73965.0,-0.0667477861150543,0.0029527709346008867,69028.0,74183.40170217775,0.0,73965.0,5155.4017021777545,26578166.71081729,-1,1,2695
KNN,H5,241,2024-07-18,2024-07-25,73965.0,-0.0875278848103833,0.004272235414896898,67491.0,74280.99589246286,0.0,73965.0,6789.995892462859,46104044.219662495,-1,1,2694
KNN,H6,241,2024-07-18,2024-07-26,73965.0,-0.0783073075103089,0.004118220614148275,68173.0,74269.60418772548,0.0,73965.0,6096.604187725476,37168582.62179181,-1,1,2693
KNN,H7,241,2024-07-18,2024-07-29,73965.0,-0.0778611505441763,0.004336841234153781,68206.0,74285.77446188418,0.0,73965.0,6079.7744618841825,36963657.5073791,-1,1,2692
KNN,H1,242,2024-07-19,2024-07-22,72872.0,-0.0031699418157865,0.0003598914910579264,72641.0,72898.22601273637,0.0,72872.0,257.22601273636974,66165.22162825105,-1,1,2699
KNN,H2,242,2024-07-19,2024-07-23,72872.0,-0.0579646503458118,0.0013253059564196945,68648.0,72968.57769565622,0.0,72872.0,4320.577695656219,18667391.624201998,-1,1,2698
KNN,H3,242,2024-07-19,2024-07-24,72872.0,-0.0527500274453837,0.0017157880367052575,69028.0,72997.03290581079,0.0,72872.0,3969.032905810789,15753222.207408836,-1,1,2697
KNN,H4,242,2024-07-19,2024-07-25,72872.0,-0.0738418048084312,0.0013090139999763454,67491.0,72967.39046820627,0.0,72872.0,5476.390468206271,29990852.5602605,-1,1,2696
KNN,H5,242,2024-07-19,2024-07-26,72872.0,-0.064482928971347,0.0025551593923272315,68173.0,73058.19957523767,0.0,72872.0,4885.199575237668,23865174.88990229,-1,1,2695
KNN,H6,242,2024-07-19,2024-07-29,72872.0,-0.0640300801405203,0.002274704478991519,68206.0,73037.76226479307,0.0,72872.0,4831.762264793069,23345926.58347825,-1,1,2694
KNN,H7,242,2024-07-19,2024-07-30,72872.0,-0.058390053792952,0.0029481396736626073,68617.0,73086.83683429915,0.0,72872.0,4469.836834299145,19979441.325257406,-1,1,2693
KNN,H1,243,2024-07-22,2024-07-23,72641.0,-0.0549689569251524,9.931442210710264e-05,68648.0,72648.21429893628,0.0,72641.0,4000.2142989362765,16001714.437414246,-1,1,2700
KNN,H2,243,2024-07-22,2024-07-24,72641.0,-0.0497377514076072,0.0002240090305330709,69028.0,72657.27223998695,0.0,72641.0,3629.2722399869526,13171616.991939913,-1,1,2699
KNN,H3,243,2024-07-22,2024-07-25,72641.0,-0.0708966010930466,0.0007285609984796008,67491.0,72693.92339949055,0.0,72641.0,5202.923399490552,27070411.90096632,-1,1,2698
KNN,H4,243,2024-07-22,2024-07-26,72641.0,-0.0615079638220839,0.0016970100001409288,68173.0,72764.27250342024,0.0,72641.0,4591.272503420245,21079783.200662803,-1,1,2697
KNN,H5,243,2024-07-22,2024-07-29,72641.0,-0.061053674921876,0.0026693199912276398,68206.0,72834.90207348276,0.0,72641.0,4628.9020734827645,21426734.405893035,-1,1,2696
KNN,H6,243,2024-07-22,2024-07-30,72641.0,-0.0553957131647416,0.002603982846353345,68617.0,72830.15591794196,0.0,72641.0,4213.155917941956,17750682.78888933,-1,1,2695
KNN,H7,243,2024-07-22,2024-07-31,72641.0,-0.0489806032405941,0.0033175236121149904,69083.0,72881.98823270765,0.0,72641.0,3798.9882327076484,14432311.592251182,-1,1,2694
KNN,H1,244,2024-07-23,2024-07-24,68648.0,0.0055354853746649,-0.00040881439242566864,69028.0,68619.93570958877,0.0,68648.0,408.0642904112319,166516.46510882222,1,-1,2701
KNN,H2,244,2024-07-23,2024-07-25,68648.0,-0.0168540962591772,-0.00020810818312260788,67491.0,68633.713789445,0.0,68648.0,1142.7137894449988,1305794.804587749,-1,-1,2700
KNN,H3,244,2024-07-23,2024-07-26,68648.0,-0.0069193567183312,-5.3565734774427174e-05,68173.0,68644.3228194392,0.0,68648.0,471.3228194391995,222145.20012411627,-1,-1,2699
KNN,H4,244,2024-07-23,2024-07-29,68648.0,-0.0064386435147418,0.0003156892487313916,68206.0,68669.67143554692,0.0,68648.0,463.67143554691575,214991.20014213765,-1,1,2698
KNN,H5,244,2024-07-23,2024-07-30,68648.0,-0.0004515790700384,0.00021527469416169956,68617.0,68662.77817720482,0.0,68648.0,45.77817720481835,2095.6415081957502,-1,1,2697
KNN,H6,244,2024-07-23,2024-07-31,68648.0,0.0063366740473138,0.001541633605401964,69083.0,68753.83006374363,0.0,68648.0,329.1699362563668,108352.84693502057,1,1,2696
KNN,H7,244,2024-07-23,2024-08-01,68648.0,0.0111292390164317,0.0015623397580510404,69412.0,68755.25149971069,0.0,68648.0,656.7485002893081,431318.5926322554,1,1,2695
KNN,H1,245,2024-07-24,2024-07-25,69028.0,-0.0222663267080025,8.6571868809182e-05,67491.0,69033.97588296016,0.0,69028.0,1542.9758829601633,2380774.5753966956,-1,1,2702
KNN,H2,245,2024-07-24,2024-07-26,69028.0,-0.0123862780321029,0.00035589407105894165,68173.0,69052.56665593704,0.0,69028.0,879.5666559370438,773637.5022362741,-1,1,2701
KNN,H3,245,2024-07-24,2024-07-29,69028.0,-0.0119082111606884,0.0012119329152529693,68206.0,69111.65730527407,0.0,69028.0,905.6573052740714,820215.1545962925,-1,1,2700
KNN,H4,245,2024-07-24,2024-07-30,69028.0,-0.0059541055803442,0.0013470848024165025,68617.0,69120.9865697412,0.0,69028.0,503.9865697412024,254002.46247950388,-1,1,2699
KNN,H5,245,2024-07-24,2024-07-31,69028.0,0.0007967781190241,0.0032018699030362213,69083.0,69249.01867566678,0.0,69028.0,166.01867566678266,27562.20067015237,1,1,2698
KNN,H6,245,2024-07-24,2024-08-01,69028.0,0.0055629599582778,0.0028528952022976195,69412.0,69224.9296500242,0.0,69028.0,187.07034997579467,34995.3158400663,1,1,2697
KNN,H7,245,2024-07-24,2024-08-02,69028.0,0.0051138668366459,0.003332159626065036,69381.0,69258.01231466803,0.0,69028.0,122.9876853319729,15125.970743316382,1,1,2696
KNN,H1,246,2024-07-25,2024-07-26,67491.0,0.0101050510438429,-0.0003405372841723712,68173.0,67468.01679815393,0.0,67491.0,704.9832018460729,497001.3148851408,1,-1,2703
KNN,H2,246,2024-07-25,2024-07-29,67491.0,0.0105940051266095,0.00021224807980090132,68206.0,67505.32483515384,0.0,67491.0,700.675164846165,490945.6866322005,1,1,2702
KNN,H3,246,2024-07-25,2024-07-30,67491.0,0.0166837059756115,0.00029296793969357717,68617.0,67510.77269921785,0.0,67491.0,1106.2273007821495,1223738.8409957604,1,1,2701
KNN,H4,246,2024-07-25,2024-07-31,67491.0,0.0235883302958912,0.002321997684416866,69083.0,67647.71394571898,0.0,67491.0,1435.286054281023,2060046.057613588,1,1,2700
KNN,H5,246,2024-07-25,2024-08-01,67491.0,0.0284630543331703,0.003471524263713356,69412.0,67725.29664408228,0.0,67491.0,1686.7033559177216,2844968.2108641043,1,1,2699
KNN,H6,246,2024-07-25,2024-08-02,67491.0,0.0280037338311773,0.0033422807250737367,69381.0,67716.57386841596,0.0,67491.0,1664.4261315840413,2770314.347499816,1,1,2698
KNN,H7,246,2024-07-25,2024-08-05,67491.0,0.0170393089448963,0.003813134856362802,68641.0,67748.35228459079,0.0,67491.0,892.6477154092136,796819.9438252883,1,1,2697
KNN,H1,247,2024-07-26,2024-07-29,68173.0,0.0004840626054303,0.0006379047958185347,68206.0,68216.48788364533,0.0,68173.0,10.487883645328111,109.99570335794087,1,1,2704
KNN,H2,247,2024-07-26,2024-07-30,68173.0,0.0065128423276077,0.0006417898264724978,68617.0,68216.75273784011,0.0,68173.0,400.2472621598863,160197.87086648477,1,1,2703
KNN,H3,247,2024-07-26,2024-07-31,68173.0,0.0133483930588356,0.0012359876877072649,69083.0,68257.26098863407,0.0,68173.0,825.7390113659349,681844.9148915915,1,1,2702
KNN,H4,247,2024-07-26,2024-08-01,68173.0,0.0181743505493376,0.001561410678378375,69412.0,68279.44605017708,0.0,68173.0,1132.553949822919,1282678.4492594951,1,1,2701
KNN,H5,247,2024-07-26,2024-08-02,68173.0,0.0177196250715092,0.0031564429976296523,69381.0,68388.1841884774,0.0,68173.0,992.815811522596,985683.235609271,1,1,2700
KNN,H6,247,2024-07-26,2024-08-05,68173.0,0.0068648878588297,0.002794756084901661,68641.0,68363.52690657601,0.0,68173.0,277.4730934239924,76991.31757427962,1,1,2699
KNN,H7,247,2024-07-26,2024-08-06,68173.0,0.0083464128027224,0.0037305842251821437,68742.0,68427.32511838335,0.0,68173.0,314.67488161665096,99020.28112045329,1,1,2698
KNN,H1,248,2024-07-29,2024-07-30,68206.0,0.0060258628273173,0.00016674137699070334,68617.0,68217.37276235904,0.0,68206.0,399.62723764096154,159701.92906454555,1,1,2705
KNN,H2,248,2024-07-29,2024-07-31,68206.0,0.0128581063249566,0.0005519439821078972,69083.0,68243.64589124366,0.0,68206.0,839.3541087563353,704515.319886142,1,1,2704
KNN,H3,248,2024-07-29,2024-08-01,68206.0,0.0176817288801571,0.0007126310472129016,69412.0,68254.60571320621,0.0,68206.0,1157.3942867937876,1339561.5351029004,1,1,2703
KNN,H4,248,2024-07-29,2024-08-02,68206.0,0.0172272234114301,0.0017619241029746425,69381.0,68326.17379536749,0.0,68206.0,1054.8262046325108,1112658.3219794275,1,1,2702
KNN,H5,248,2024-07-29,2024-08-05,68206.0,0.0063777380289125,0.0023251205852005265,68641.0,68364.58717463419,0.0,68206.0,276.41282536581275,76404.0500267113,1,1,2701
KNN,H6,248,2024-07-29,2024-08-06,68206.0,0.0078585461689586,0.0028572996920576098,68742.0,68400.88498279647,0.0,68206.0,341.1150172035268,116359.45496176239,1,1,2700
KNN,H7,248,2024-07-29,2024-08-07,68206.0,0.0080051608362901,0.003258272026484277,68752.0,68428.23370183838,0.0,68206.0,323.76629816161585,104824.61582527634,1,1,2699
KNN,H1,249,2024-07-30,2024-07-31,68617.0,0.0067913199352929,0.0001872820617992436,69083.0,68629.85073323447,0.0,68617.0,453.1492667655257,205344.25797013356,1,1,2706
KNN,H2,249,2024-07-30,2024-08-01,68617.0,0.0115860501042015,-8.435001600237559e-05,69412.0,68611.21215495197,0.0,68617.0,800.7878450480348,641261.1727766754,1,-1,2705
KNN,H3,249,2024-07-30,2024-08-02,68617.0,0.0111342670183773,0.0008293744600279119,69381.0,68673.90918732373,0.0,68617.0,707.0908126762661,499977.4173711824,1,1,2704
KNN,H4,249,2024-07-30,2024-08-05,68617.0,0.0003497675503154,0.00046990840222263167,68641.0,68649.2437048353,0.0,68617.0,8.243704835302196,67.95866941158481,1,1,2703
KNN,H5,249,2024-07-30,2024-08-06,68617.0,0.0018217059912266,0.002256553267471335,68742.0,68771.83791555409,0.0,68617.0,29.837915554089705,890.3012046129883,1,1,2702
KNN,H6,249,2024-07-30,2024-08-07,68617.0,0.0019674424705247,0.001539549647235036,68752.0,68722.63927814433,0.0,68617.0,29.360721855671727,862.0519878861194,1,1,2701
KNN,H7,249,2024-07-30,2024-08-08,68617.0,0.0113528717373245,0.0024162342983815063,69396.0,68782.79474885204,0.0,68617.0,613.205251147956,376020.6800354278,1,1,2700
KNN,H1,250,2024-07-31,2024-08-01,69083.0,0.00476238727328,4.923260369938863e-05,69412.0,69086.40113596137,0.0,69083.0,325.59886403863493,106014.62026324947,1,1,2707
KNN,H2,250,2024-07-31,2024-08-02,69083.0,0.0043136516943387,0.0006521404394354345,69381.0,69128.05181797752,0.0,69083.0,252.94818202247552,63982.78278847541,1,1,2706
KNN,H3,250,2024-07-31,2024-08-05,69083.0,-0.0063981008352271,0.001158410749938704,68641.0,69163.02648983801,0.0,69083.0,522.0264898380119,272511.65609259595,-1,1,2705
KNN,H4,250,2024-07-31,2024-08-06,69083.0,-0.004936091368354,0.0015657357923954747,68742.0,69191.16572574606,0.0,69083.0,449.16572574606107,201749.84918498574,-1,1,2704
KNN,H5,250,2024-07-31,2024-08-07,69083.0,-0.0047913379557923,0.0012544658150000674,68752.0,69169.66226189764,0.0,69083.0,417.66226189763984,174441.76501345268,-1,1,2703
KNN,H6,250,2024-07-31,2024-08-08,69083.0,0.0045307818131812,0.0026375210513242893,69396.0,69265.20786678864,0.0,69083.0,130.79213321136194,17106.582109978648,1,1,2702
KNN,H7,250,2024-07-31,2024-08-09,69083.0,0.0075416527944647,0.0021814281373759865,69604.0,69233.69960001434,0.0,69083.0,370.30039998565917,137122.38622953917,1,1,2701
KNN,H1,251,2024-08-01,2024-08-02,69412.0,-0.0004466086555638,0.0009131716879645032,69381.0,69475.38507320499,0.0,69412.0,94.38507320499048,8908.542043911411,-1,1,2708
KNN,H2,251,2024-08-01,2024-08-05,69412.0,-0.0111075894657983,0.0011182638292947886,68641.0,69489.62092891902,0.0,69412.0,848.6209289190156,720157.4809993729,-1,1,2707
KNN,H3,251,2024-08-01,2024-08-06,69412.0,-0.0096525096525096,0.0018604114182315488,68742.0,69541.13487736229,0.0,69412.0,799.1348773622885,638616.55221684,-1,1,2706
KNN,H4,251,2024-08-01,2024-08-07,69412.0,-0.0095084423442632,0.0010583032589848386,68752.0,69485.45894581266,0.0,69412.0,733.4589458126575,537962.0251926148,-1,1,2705
KNN,H5,251,2024-08-01,2024-08-08,69412.0,-0.0002305076931942,0.0011975011738884548,69396.0,69495.12095148195,0.0,69412.0,99.1209514819493,9824.963022686949,-1,1,2704
KNN,H6,251,2024-08-01,2024-08-09,69412.0,0.002766092318331,0.0015259316360914828,69604.0,69517.91796672437,0.0,69412.0,86.0820332756266,7410.116452866086,1,1,2703
KNN,H7,251,2024-08-01,2024-08-12,69412.0,0.0135711404368121,0.0018958423444029526,70354.0,69543.59420880969,0.0,69412.0,810.4057911903074,656757.5463947881,1,1,2702
KNN,H1,252,2024-08-02,2024-08-05,69381.0,-0.0106657442239229,0.0005138891456587516,68641.0,69416.65414281494,0.0,69381.0,775.6541428149358,601639.3492659727,-1,1,2709
KNN,H2,252,2024-08-02,2024-08-06,69381.0,-0.0092100142690362,0.000940938139411576,68742.0,69446.28322905052,0.0,69381.0,704.2832290505175,496014.86672182375,-1,1,2708
KNN,H3,252,2024-08-02,2024-08-07,69381.0,-0.0090658825903345,0.0013990276593356017,68752.0,69478.06593803236,0.0,69381.0,726.0659380323632,527171.7463708154,-1,1,2707
KNN,H4,252,2024-08-02,2024-08-08,69381.0,0.0002161975180525,0.0014791675208578447,69396.0,69483.62612176464,0.0,69381.0,87.62612176463881,7678.3372155113075,1,1,2706
KNN,H5,252,2024-08-02,2024-08-09,69381.0,0.003214136435047,0.0007405941071188789,69604.0,69432.38315974601,0.0,69381.0,171.61684025399154,29452.33985876405,1,1,2705
KNN,H6,252,2024-08-02,2024-08-12,69381.0,0.0140240123376715,0.002558956817580191,70354.0,69558.54298296053,0.0,69381.0,795.4570170394727,632751.8659573359,1,1,2704
KNN,H7,252,2024-08-02,2024-08-13,69381.0,0.014052838673412,0.0021161738835340617,70356.0,69527.82226021348,0.0,69381.0,828.1777397865226,685878.3686779131,1,1,2703
KNN,H1,253,2024-08-05,2024-08-06,68641.0,0.0014714237846185,0.0005694377035924396,68742.0,68680.08677341229,0.0,68641.0,61.913226587712415,3833.2476265014197,1,1,2710
KNN,H2,253,2024-08-05,2024-08-07,68641.0,0.001617109307848,0.0010754328545867825,68752.0,68714.81878657169,0.0,68641.0,37.18121342831,1382.44263200154,1,1,2709
KNN,H3,253,2024-08-05,2024-08-08,68641.0,0.0109992570038315,0.0012761611871286644,69396.0,68728.5969800457,0.0,68641.0,667.4030199543049,445426.7910441263,1,1,2708
KNN,H4,253,2024-08-05,2024-08-09,68641.0,0.0140295158870062,-0.0003930701732307182,69604.0,68614.01927023927,0.0,68641.0,989.9807297607331,980061.8452975936,1,-1,2707
KNN,H5,253,2024-08-05,2024-08-12,68641.0,0.024955930129223,4.7599253334980926e-05,70354.0,68644.26726034818,0.0,68641.0,1709.732739651823,2923186.0410373285,1,1,2706
KNN,H6,253,2024-08-05,2024-08-13,68641.0,0.0249850672338689,0.00023097233006432092,70356.0,68656.85417170795,0.0,68641.0,1699.1458282920503,2887096.5458022775,1,1,2705
KNN,H7,253,2024-08-05,2024-08-14,68641.0,0.0179630250142044,9.419929755151317e-05,69874.0,68647.46593398324,0.0,68641.0,1226.5340660167567,1504385.8150995977,1,1,2704
KNN,H1,254,2024-08-06,2024-08-07,68742.0,0.0001454714730442,3.150308628398608e-05,68752.0,68744.16558515735,0.0,68742.0,7.834414842654951,61.3780559268122,1,1,2711
KNN,H2,254,2024-08-06,2024-08-08,68742.0,0.0095138343370864,0.00012543443128960755,69396.0,68750.6226136757,0.0,68742.0,645.3773863242968,416511.97077878064,1,1,2710
KNN,H3,254,2024-08-06,2024-08-09,68742.0,0.0125396409764044,0.0002754994713900392,69604.0,68760.9383846623,0.0,68742.0,843.061615337705,710752.8872558204,1,1,2709
KNN,H4,254,2024-08-06,2024-08-12,68742.0,0.0234500014547147,-0.0006548982415945526,70354.0,68696.9809850763,0.0,68742.0,1657.0190149237023,2745712.015818717,1,-1,2708
KNN,H5,254,2024-08-06,2024-08-13,68742.0,0.0234790957493236,0.00017171014799261582,70356.0,68753.8036989933,0.0,68742.0,1602.1963010066975,2567032.986959544,1,1,2707
KNN,H6,254,2024-08-06,2024-08-14,68742.0,0.0164673707485962,0.0002978293377856326,69874.0,68762.47338433805,0.0,68742.0,1111.5266156619473,1235491.4173249023,1,1,2706
KNN,H7,254,2024-08-06,2024-08-16,68742.0,0.0319455354804922,0.0006663018398094804,70938.0,68787.80292107217,0.0,68742.0,2150.1970789278275,4623347.478229762,1,1,2705
KNN,H1,255,2024-08-07,2024-08-08,68752.0,0.0093670002327204,0.00024375574391310832,69396.0,68768.75869490551,0.0,68752.0,627.2413050944888,393431.6548166376,1,1,2712
KNN,H2,255,2024-08-07,2024-08-09,68752.0,0.0123923667675123,0.0003957920933946492,69604.0,68779.21149800507,0.0,68752.0,824.7885019949317,680276.0730230435,1,1,2711
KNN,H3,255,2024-08-07,2024-08-12,68752.0,0.023301140330463,0.00019220394806221722,70354.0,68765.21440583718,0.0,68752.0,1588.7855941628222,2524239.664219312,1,1,2710
KNN,H4,255,2024-08-07,2024-08-13,68752.0,0.0233302303932976,-4.859975904635273e-05,70356.0,68748.65866936605,0.0,68752.0,1607.3413306339498,2583546.1531641167,1,-1,2709
KNN,H5,255,2024-08-07,2024-08-14,68752.0,0.0163195252501744,-0.0010396453790512212,69874.0,68680.52230089947,0.0,68752.0,1193.4776991005347,1424389.0182503064,1,-1,2708
KNN,H6,255,2024-08-07,2024-08-16,68752.0,0.0317954386781476,0.0003520879246322641,70938.0,68776.20674899433,0.0,68752.0,2161.7932510056708,4673350.060093667,1,1,2707
KNN,H7,255,2024-08-07,2024-08-19,68752.0,0.0347044449616011,0.0009817252488411444,71138.0,68819.49557430833,0.0,68752.0,2318.5044256916735,5375462.771951877,1,1,2706
KNN,H1,256,2024-08-08,2024-08-09,69396.0,0.002997290910139,0.000450443424750209,69604.0,69427.25897190397,0.0,69396.0,176.7410280960321,31237.391012442407,1,1,2713
KNN,H2,256,2024-08-08,2024-08-12,69396.0,0.0138048302495821,0.00043287375266346087,70354.0,69426.03970693985,0.0,69396.0,927.9602930601541,861110.3054962871,1,1,2712
KNN,H3,256,2024-08-08,2024-08-13,69396.0,0.0138336503544873,0.0007656638023649978,70356.0,69449.13400522892,0.0,69396.0,906.8659947710839,822405.9324721476,1,1,2711
KNN,H4,256,2024-08-08,2024-08-14,69396.0,0.0068880050723385,0.0006068940010079497,69874.0,69438.11601609395,0.0,69396.0,435.8839839060529,189994.8474258122,1,1,2710
KNN,H5,256,2024-08-08,2024-08-16,69396.0,0.0222203008818953,0.0014078499455774573,70938.0,69493.69915482329,0.0,69396.0,1444.3008451767091,2086004.9313781562,1,1,2709
KNN,H6,256,2024-08-08,2024-08-19,69396.0,0.0251023113724133,0.0013649751144167888,71138.0,69490.72381304007,0.0,69396.0,1647.2761869599344,2713518.8361252607,1,1,2708
KNN,H7,256,2024-08-08,2024-08-20,69396.0,0.0280131419678366,0.001510346698039025,71340.0,69500.81201945712,0.0,69396.0,1839.1879805428762,3382612.427773383,1,1,2707
KNN,H1,257,2024-08-09,2024-08-12,69604.0,0.0107752428021377,0.00025783176536785696,70354.0,69621.94612219666,0.0,69604.0,732.053877803337,535902.880006903,1,1,2714
KNN,H2,257,2024-08-09,2024-08-13,69604.0,0.0108039767829435,0.0007237224069092737,70356.0,69654.37397441051,0.0,69604.0,701.6260255894886,492279.07978450164,1,1,2713
KNN,H3,257,2024-08-09,2024-08-14,69604.0,0.0038790874087695,0.0007638674940594082,69874.0,69657.16823305651,0.0,69604.0,216.83176694349095,47016.01515583637,1,1,2712
KNN,H4,257,2024-08-09,2024-08-16,69604.0,0.0191655651974025,0.0011047810911988824,70938.0,69680.89718307181,0.0,69604.0,1257.1028169281926,1580307.492328797,1,1,2711
KNN,H5,257,2024-08-09,2024-08-19,69604.0,0.0220389632779725,0.001304320595803441,71138.0,69694.7859307503,0.0,69604.0,1443.214069249705,2082866.8496802924,1,1,2710
KNN,H6,257,2024-08-09,2024-08-20,69604.0,0.0249410953393482,0.0024267206217895828,71340.0,69772.90946215905,0.0,69604.0,1567.0905378409516,2455772.753790643,1,1,2709
KNN,H7,257,2024-08-09,2024-08-21,69604.0,0.0259036836963393,0.0024330682822606164,71407.0,69773.35128471848,0.0,69604.0,1633.6487152815243,2668808.124940975,1,1,2708
KNN,H1,258,2024-08-12,2024-08-13,70354.0,2.842766580446465e-05,0.00040114310730543317,70356.0,70382.22202217137,0.0,70354.0,26.222022171365097,687.5944467555627,1,1,2715
KNN,H2,258,2024-08-12,2024-08-14,70354.0,-0.0068226397930466,0.0008859933782574944,69874.0,70416.33317813392,0.0,70354.0,542.333178133922,294125.27610484045,-1,1,2714
KNN,H3,258,2024-08-12,2024-08-16,70354.0,0.0083008784148732,0.0015197518449910842,70938.0,70460.92062130249,0.0,70354.0,477.07937869751186,227604.73357840392,1,1,2713
KNN,H4,258,2024-08-12,2024-08-19,70354.0,0.0111436449953095,0.0018565722530544354,71138.0,70484.61728429138,0.0,70354.0,653.3827157086198,426908.9731867711,1,1,2712
KNN,H5,258,2024-08-12,2024-08-20,70354.0,0.0140148392415497,0.0034195555198215082,71340.0,70594.57940904153,0.0,70354.0,745.4205909584707,555651.8574248757,1,1,2711
KNN,H6,258,2024-08-12,2024-08-21,70354.0,0.014967166045996,0.00342657001037046,71407.0,70595.0729065096,0.0,70354.0,811.9270934904052,659225.6051437772,1,1,2710
KNN,H7,258,2024-08-12,2024-08-22,70354.0,0.0062825141427638,0.003521162661899861,70796.0,70601.7278779153,0.0,70354.0,194.27212208470155,37741.65741929318,1,1,2709
KNN,H1,259,2024-08-13,2024-08-14,70356.0,-0.0068508727045312,0.0005243735303589498,69874.0,70392.89282410195,0.0,70356.0,518.8928241019457,269249.7629044928,-1,1,2716
KNN,H2,259,2024-08-13,2024-08-16,70356.0,0.0082722155892887,0.0009994648875467798,70938.0,70426.31835162824,0.0,70356.0,511.6816483717557,261818.10928043706,1,1,2715
KNN,H3,259,2024-08-13,2024-08-19,70356.0,0.0111149013588038,0.0013102746424877014,71138.0,70448.18568274687,0.0,70356.0,689.8143172531272,475843.7922873981,1,1,2714
KNN,H4,259,2024-08-13,2024-08-20,70356.0,0.0139860139860139,0.001602699800764757,71340.0,70468.7595471826,0.0,70356.0,871.2404528173938,759059.9266254575,1,1,2713
KNN,H5,259,2024-08-13,2024-08-21,70356.0,0.0149383137188015,0.0019507721891961916,71407.0,70493.24852814309,0.0,70356.0,913.7514718569146,834941.7523206777,1,1,2712
KNN,H6,259,2024-08-13,2024-08-22,70356.0,0.0062539086929331,0.0028240508450613055,70796.0,70554.68892125513,0.0,70356.0,241.3110787448677,58231.03672501174,1,1,2711
KNN,H7,259,2024-08-13,2024-08-23,70356.0,0.013346409687873,0.0027355567375636418,71295.0,70548.46282982801,0.0,70356.0,746.537170171985,557317.7464483954,1,1,2710
KNN,H1,260,2024-08-14,2024-08-16,69874.0,0.0152274093368063,0.0006107464196303748,70938.0,69916.67529532524,0.0,69874.0,1021.3247046747565,1043104.1523789786,1,1,2717
KNN,H2,260,2024-08-14,2024-08-19,69874.0,0.0180897043249277,0.001156724629787207,71138.0,69954.82497678175,0.0,69874.0,1183.175023218253,1399903.1355675135,1,1,2716
KNN,H3,260,2024-08-14,2024-08-20,69874.0,0.0209806222629305,0.0012110117759333075,71340.0,69958.61823683158,0.0,69874.0,1381.3817631684215,1908215.5756142968,1,1,2715
KNN,H4,260,2024-08-14,2024-08-21,69874.0,0.0219394910839512,0.0001054301280726111,71407.0,69881.36682476893,0.0,69874.0,1525.6331752310653,2327556.5853656223,1,1,2714
KNN,H5,260,2024-08-14,2024-08-22,69874.0,0.0131951798952401,0.0002856716680127048,70796.0,69893.96102213071,0.0,69874.0,902.0389778692916,813674.3175954763,1,1,2713
KNN,H6,260,2024-08-14,2024-08-23,69874.0,0.0203366058906031,0.0005287119188507378,71295.0,69910.94321661779,0.0,69874.0,1384.0567833822133,1915613.179626319,1,1,2712
KNN,H7,260,2024-08-14,2024-08-26,69874.0,0.0232704582534275,0.0005587330744523181,71500.0,69913.04091484428,0.0,69874.0,1586.959085155715,2518439.137958264,1,1,2711
KNN,H1,261,2024-08-16,2024-08-19,70938.0,0.0028193633877471,0.00045365957226347297,71138.0,70970.18170273723,0.0,70938.0,167.8182972627692,28162.980896175166,1,1,2718
KNN,H2,261,2024-08-16,2024-08-20,70938.0,0.0056669204093715,0.0012516633373844497,71340.0,71026.79049382739,0.0,70938.0,313.20950617261406,98100.19475689276,1,1,2717
KNN,H3,261,2024-08-16,2024-08-21,70938.0,0.0066114071442668,0.0015296814761283318,71407.0,71046.5125445536,0.0,70938.0,360.48745544640406,129951.20553422315,1,1,2716
KNN,H4,261,2024-08-16,2024-08-22,70938.0,-0.0020017480053003,0.0006493743555511115,70796.0,70984.06531803409,0.0,70938.0,188.0653180340887,35368.56384726293,-1,1,2715
KNN,H5,261,2024-08-16,2024-08-23,70938.0,0.0050325636471284,0.0004548459904473124,71295.0,70970.26586487035,0.0,70938.0,324.7341351296491,105452.25851840118,1,1,2714
KNN,H6,261,2024-08-16,2024-08-26,70938.0,0.0079224111195692,0.0007605647219684729,71500.0,70991.95294024699,0.0,70938.0,508.0470597530075,258111.81492367596,1,1,2713
KNN,H7,261,2024-08-16,2024-08-27,70938.0,0.0086413487834446,0.0005797667358049105,71551.0,70979.12749270453,0.0,70938.0,571.8725072954694,327038.1646004067,1,1,2712
KNN,H1,262,2024-08-19,2024-08-20,71138.0,0.0028395512946666,0.0008561901351870847,71340.0,71198.90765383694,0.0,71138.0,141.09234616305912,19907.050145796504,1,1,2719
KNN,H2,262,2024-08-19,2024-08-21,71138.0,0.0037813826646799,0.0012076699604421349,71407.0,71223.91122564593,0.0,71138.0,183.08877435406612,33521.49929447414,1,1,2718
KNN,H3,262,2024-08-19,2024-08-22,71138.0,-0.0048075571424555,0.0014400852023553215,70796.0,71240.44478112514,0.0,71138.0,444.4447811251448,197531.16346937788,-1,1,2717
KNN,H4,262,2024-08-19,2024-08-23,71138.0,0.0022069779864488,0.0006566115493057577,71295.0,71184.71003239452,0.0,71138.0,110.28996760548034,12163.876954417903,1,1,2716
KNN,H5,262,2024-08-19,2024-08-26,71138.0,0.0050887008349966,0.0017778338040510544,71500.0,71264.47154115258,0.0,71138.0,235.5284588474169,55473.654927039366,1,1,2715
KNN,H6,262,2024-08-19,2024-08-27,71138.0,0.005805617250977,0.0009234611698514004,71551.0,71203.6931807009,0.0,71138.0,347.306819299105,120622.02673166116,1,1,2714
KNN,H7,262,2024-08-19,2024-08-28,71138.0,0.002670865079142,0.0008802357467234023,71328.0,71200.61821055041,0.0,71138.0,127.38178944958781,16226.120283379121,1,1,2713
KNN,H1,263,2024-08-20,2024-08-21,71340.0,0.0009391645640595,0.0006247197951194714,71407.0,71384.56751018383,0.0,71340.0,22.432489816172165,503.2165993526679,1,1,2720
KNN,H2,263,2024-08-20,2024-08-22,71340.0,-0.0076254555649004,0.0009082967000554308,70796.0,71404.79788658195,0.0,71340.0,608.7978865819459,370634.8667066439,-1,1,2719
KNN,H3,263,2024-08-20,2024-08-23,71340.0,-0.0006307821698906,0.001629701734497334,71295.0,71456.26292173903,0.0,71340.0,161.26292173903494,26005.729927810105,-1,1,2718
KNN,H4,263,2024-08-20,2024-08-26,71340.0,0.0022427810485001,0.0012846482292550078,71500.0,71431.64680467505,0.0,71340.0,68.35319532494759,4672.159311130437,1,1,2717
KNN,H5,263,2024-08-20,2024-08-27,71340.0,0.0029576675077096,0.0015526352369385297,71551.0,71450.7649978032,0.0,71340.0,100.23500219680136,10047.055665392774,1,1,2716
KNN,H6,263,2024-08-20,2024-08-28,71340.0,-0.0001682085786375,0.002093247160283187,71328.0,71489.3322524146,0.0,71340.0,161.33225241460605,26028.095669170158,-1,1,2715
KNN,H7,263,2024-08-20,2024-08-29,71340.0,0.004569666386319,0.0019919114482577845,71666.0,71482.10296271871,0.0,71340.0,183.89703728129098,33818.120320836526,1,1,2714
KNN,H1,264,2024-08-21,2024-08-22,71407.0,-0.0085565840883946,0.0005534996771436118,70796.0,71446.5237514458,0.0,71407.0,650.5237514457986,423181.1511951151,-1,1,2721
KNN,H2,264,2024-08-21,2024-08-23,71407.0,-0.0015684736790511,0.0011090802508239262,71295.0,71486.19609347059,0.0,71407.0,191.19609347058577,36555.94615841297,-1,1,2720
KNN,H3,264,2024-08-21,2024-08-26,71407.0,0.0013023933227835,0.0015038153150705646,71500.0,71514.38294020324,0.0,71407.0,14.38294020324247,206.86896889004854,1,1,2719
KNN,H4,264,2024-08-21,2024-08-27,71407.0,0.0020166090159228,0.001417568782334523,71551.0,71508.22433404016,0.0,71407.0,42.77566595983808,1829.7575983076501,1,1,2718
KNN,H5,264,2024-08-21,2024-08-28,71407.0,-0.001106334112902,0.002622191100307397,71328.0,71594.24279989966,0.0,71407.0,266.24279989965726,70885.22849840893,-1,1,2717
KNN,H6,264,2024-08-21,2024-08-29,71407.0,0.0036270953828057,0.002843350152167374,71666.0,71610.03510431582,0.0,71407.0,55.96489568418474,3132.06954894168,1,1,2716
KNN,H7,264,2024-08-21,2024-08-30,71407.0,-0.0029688966067752,0.00271135064815648,71195.0,71600.6094157329,0.0,71407.0,405.6094157329062,164518.99813118952,-1,1,2715
KNN,H1,265,2024-08-22,2024-08-23,70796.0,0.0070484208147352,0.0005246306665212438,71295.0,70833.14175266704,0.0,70796.0,461.85824733295885,213313.04062947258,1,1,2722
KNN,H2,265,2024-08-22,2024-08-26,70796.0,0.0099440646364201,0.0006197602211070267,71500.0,70839.8765446135,0.0,70796.0,660.123455386507,435762.9763514217,1,1,2721
KNN,H3,265,2024-08-22,2024-08-27,70796.0,0.0106644443188881,0.0010890034356638165,71551.0,70873.09708723126,0.0,70796.0,677.902912768739,459552.3591403406,1,1,2720
KNN,H4,265,2024-08-22,2024-08-28,70796.0,0.0075145488445675,0.00098023192982144,71328.0,70865.39649970362,0.0,70796.0,462.6035002963763,214001.99848645943,1,1,2719
KNN,H5,265,2024-08-22,2024-08-29,70796.0,0.0122888298773942,0.0014307698530705616,71666.0,70897.292782518,0.0,70796.0,768.707217482006,590910.786208928,1,1,2718
KNN,H6,265,2024-08-22,2024-08-30,70796.0,0.0056359116334256,0.0020468281187580187,71195.0,70940.90724349559,0.0,70796.0,254.09275650441123,64563.12890801001,1,1,2717
KNN,H7,265,2024-08-22,2024-09-02,70796.0,0.0061726651223232,0.0026648322813923996,71233.0,70984.65946619347,0.0,70796.0,248.34053380653495,61673.020731314726,1,1,2716
KNN,H1,266,2024-08-23,2024-08-26,71295.0,0.0028753769549056,0.00024173137073944036,71500.0,71312.23423807687,0.0,71295.0,187.76576192313223,35255.98135057437,1,1,2723
KNN,H2,266,2024-08-23,2024-08-27,71295.0,0.00359071463637,0.0007041332272612808,71551.0,71345.2011784376,0.0,71295.0,205.79882156240637,42353.15495647518,1,1,2722
KNN,H3,266,2024-08-23,2024-08-28,71295.0,0.0004628655585945,0.0009846910661631596,71328.0,71365.2035495621,0.0,71295.0,37.20354956209485,1384.1041000192479,1,1,2721
KNN,H4,266,2024-08-23,2024-08-29,71295.0,0.0052037309769268,0.001166634323944583,71666.0,71378.17519412562,0.0,71295.0,287.8248058743775,82843.11887662309,1,1,2720
KNN,H5,266,2024-08-23,2024-08-30,71295.0,-0.001402622904832,0.00014940634603739116,71195.0,71305.65192544073,0.0,71295.0,110.65192544073216,12243.848603741348,-1,1,2719
KNN,H6,266,2024-08-23,2024-09-02,71295.0,-0.0008696262009958,0.0019663086487532104,71233.0,71435.18797511286,0.0,71295.0,202.1879751128581,40879.977280237734,-1,1,2718
KNN,H7,266,2024-08-23,2024-09-03,71295.0,-0.0068447997755803,0.0022989339076916835,70807.0,71458.90249294888,0.0,71295.0,651.9024929488805,424976.86031296523,-1,1,2717
KNN,H1,267,2024-08-26,2024-08-27,71500.0,0.0007132867132866,0.00048169469574893423,71551.0,71534.44117074604,0.0,71500.0,16.55882925396145,274.19482626184947,1,1,2724
KNN,H2,267,2024-08-26,2024-08-28,71500.0,-0.0024055944055944,0.0005649958398220087,71328.0,71540.39720254728,0.0,71500.0,212.3972025472758,45112.5716499085,-1,1,2723
KNN,H3,267,2024-08-26,2024-08-29,71500.0,0.0023216783216784,0.0010352606398727868,71666.0,71574.0211357509,0.0,71500.0,91.97886424910394,8460.11146855509,1,1,2722
KNN,H4,267,2024-08-26,2024-08-30,71500.0,-0.0042657342657342,0.0009122435362416843,71195.0,71565.22541284128,0.0,71500.0,370.2254128412751,137066.85631349258,-1,1,2721
KNN,H5,267,2024-08-26,2024-09-02,71500.0,-0.0037342657342657,0.0002980766700704048,71233.0,71521.31248191003,0.0,71500.0,288.31248191003397,83124.08722512366,-1,1,2720
KNN,H6,267,2024-08-26,2024-09-03,71500.0,-0.0096923076923076,0.001624204272258544,70807.0,71616.13060546649,0.0,71500.0,809.1306054664892,654692.3367025674,-1,1,2719
KNN,H7,267,2024-08-26,2024-09-04,71500.0,-0.0062517482517482,0.001429327251080049,71053.0,71602.19689845222,0.0,71500.0,549.1968984522246,301617.23326954304,-1,1,2718
KNN,H1,268,2024-08-27,2024-08-28,71551.0,-0.0031166580481055,0.00041782657961099916,71328.0,71580.89590959775,0.0,71551.0,252.89590959774796,63956.341091272305,-1,1,2725
KNN,H2,268,2024-08-27,2024-08-29,71551.0,0.0016072451817583,0.0006584935696812215,71666.0,71598.11587340425,0.0,71551.0,67.88412659574533,4608.254643667178,1,1,2724
KNN,H3,268,2024-08-27,2024-08-30,71551.0,-0.0049754720409218,0.001363197264618892,71195.0,71648.53812748074,0.0,71551.0,453.53812748074415,205696.83307873973,-1,1,2723
KNN,H4,268,2024-08-27,2024-09-02,71551.0,-0.0044443823286886,0.0011323619313414557,71233.0,71632.02162854941,0.0,71551.0,399.0216285494098,159218.26005022318,-1,1,2722
KNN,H5,268,2024-08-27,2024-09-03,71551.0,-0.0103981775237242,0.0021631411082773367,70807.0,71705.77490943836,0.0,71551.0,898.7749094383616,807796.3378359352,-1,1,2721
KNN,H6,268,2024-08-27,2024-09-04,71551.0,-0.006960070439267,0.0024014680428987704,71053.0,71722.82743993745,0.0,71551.0,669.8274399374495,448668.7992931575,-1,1,2720
KNN,H7,268,2024-08-27,2024-09-05,71551.0,0.0047378792749228,0.0028698463093767305,71890.0,71756.34037328222,0.0,71551.0,133.65962671778107,17864.895814336574,1,1,2719
KNN,H1,269,2024-08-28,2024-08-29,71328.0,0.0047386720502466,5.943663480007615e-05,71666.0,71332.23949628702,0.0,71328.0,333.76050371298334,111396.07383874436,1,1,2726
KNN,H2,269,2024-08-28,2024-08-30,71328.0,-0.0018646253925527,0.000623664485298928,71195.0,71372.4847404074,0.0,71328.0,177.4847404073953,31500.833077480496,-1,1,2725
KNN,H3,269,2024-08-28,2024-09-02,71328.0,-0.0013318752803948,0.0008198152390934335,71233.0,71386.47578137406,0.0,71328.0,153.475781374058,23554.815468377645,-1,1,2724
KNN,H4,269,2024-08-28,2024-09-03,71328.0,-0.0073042844324808,0.0009585300150753811,70807.0,71396.37002891529,0.0,71328.0,589.3700289152912,347357.0309836112,-1,1,2723
KNN,H5,269,2024-08-28,2024-09-04,71328.0,-0.003855428443248,0.0010271740395886302,71053.0,71401.26626989577,0.0,71328.0,348.266269895772,121289.3947471147,-1,1,2722
KNN,H6,269,2024-08-28,2024-09-05,71328.0,0.0078790937640196,0.002242281794462934,71890.0,71487.93747583545,0.0,71328.0,402.06252416454663,161654.27333756664,1,1,2721
KNN,H7,269,2024-08-28,2024-09-06,71328.0,0.0011355989232839,0.002629863079198454,71409.0,71515.58287371308,0.0,71328.0,106.58287371307961,11359.908968938276,1,1,2720
KNN,H1,270,2024-08-29,2024-08-30,71666.0,-0.0065721541595735,0.0005006090579536737,71195.0,71701.8766487473,0.0,71666.0,506.876648747304,256923.9370452978,-1,1,2727
KNN,H2,270,2024-08-29,2024-09-02,71666.0,-0.0060419166689922,0.0007570417329629629,71233.0,71720.25415283453,0.0,71666.0,487.25415283453185,237416.60945449732,-1,1,2726
KNN,H3,270,2024-08-29,2024-09-03,71666.0,-0.0119861580107721,0.0011628792037334573,70807.0,71749.33890101477,0.0,71666.0,942.3389010147657,888002.6043657165,-1,1,2725
KNN,H4,270,2024-08-29,2024-09-04,71666.0,-0.0085535679401669,0.0014766350040628087,71053.0,71771.82452420116,0.0,71666.0,718.8245242011617,516708.6965930265,-1,1,2724
KNN,H5,270,2024-08-29,2024-09-05,71666.0,0.003125610470795,0.0021589170687468266,71890.0,71820.72095064881,0.0,71666.0,69.27904935118568,4799.586679004021,1,1,2723
KNN,H6,270,2024-08-29,2024-09-06,71666.0,-0.0035860798705104,0.0031689390495678715,71409.0,71893.10518592634,0.0,71666.0,484.1051859263389,234357.83104077514,-1,1,2722
KNN,H7,270,2024-08-29,2024-09-09,71666.0,-0.0012976864901068,0.0036841140210876868,71573.0,71930.02571543527,0.0,71666.0,357.025715435273,127467.36148206855,-1,1,2721
KNN,H1,271,2024-08-30,2024-09-02,71195.0,0.0005337453472855,-5.889348314776183e-05,71233.0,71190.80707846729,0.0,71195.0,42.1929215327109,1780.242627465499,1,-1,2728
KNN,H2,271,2024-08-30,2024-09-03,71195.0,-0.00544982091439,0.0001740212265413626,70807.0,71207.38944122361,0.0,71195.0,400.38944122361136,160311.70464335574,-1,1,2727
KNN,H3,271,2024-08-30,2024-09-04,71195.0,-0.0019945220872252,0.0005054023985721063,71053.0,71230.98212376633,0.0,71195.0,177.98212376632728,31677.63638037224,-1,1,2726
KNN,H4,271,2024-08-30,2024-09-05,71195.0,0.0097619214832502,0.0012979814880253228,71890.0,71287.40979203997,0.0,71195.0,602.5902079600346,363114.95872931776,1,1,2725
KNN,H5,271,2024-08-30,2024-09-06,71195.0,0.0030058290610295,0.0015776159316342783,71409.0,71307.3183662527,0.0,71195.0,101.6816337472992,10339.154641519895,1,1,2724
KNN,H6,271,2024-08-30,2024-09-09,71195.0,0.0053093616124728,0.0024875384454816694,71573.0,71372.10029962606,0.0,71195.0,200.89970037393505,40360.68961033688,1,1,2723
KNN,H7,271,2024-08-30,2024-09-10,71195.0,0.008792752300021,0.002938864008363128,71821.0,71404.23242307542,0.0,71195.0,416.7675769245834,173695.21317558855,1,1,2722
KNN,H1,272,2024-09-02,2024-09-03,71233.0,-0.0059803742647368,0.00010996634729214785,70807.0,71240.83323281666,0.0,71233.0,433.833232816658,188211.27389615256,-1,1,2729
KNN,H2,272,2024-09-02,2024-09-04,71233.0,-0.0025269187034099,8.741175889809258e-05,71053.0,71239.22660182159,0.0,71233.0,186.2266018215887,34680.34722601654,-1,1,2728
KNN,H3,272,2024-09-02,2024-09-05,71233.0,0.0092232532674463,0.0003922216605036671,71890.0,71260.93912554266,0.0,71233.0,629.0608744573401,395717.5837730334,1,1,2727
KNN,H4,272,2024-09-02,2024-09-06,71233.0,0.0024707649544453,0.0012893486177970289,71409.0,71324.84417009153,0.0,71233.0,84.15582990847179,7082.203707583634,1,1,2726
KNN,H5,272,2024-09-02,2024-09-09,71233.0,0.0047730686619964,0.0018699540825302203,71573.0,71366.20243916087,0.0,71233.0,206.79756083912798,42765.23116901284,1,1,2725
KNN,H6,272,2024-09-02,2024-09-10,71233.0,0.0082546010978057,0.002330143744165623,71821.0,71398.98312932815,0.0,71233.0,422.0168706718541,178098.23913166445,1,1,2724
KNN,H7,272,2024-09-02,2024-09-11,71233.0,0.0090547920205523,0.0033214961531719094,71878.0,71469.6001354789,0.0,71233.0,408.3998645210959,166790.44934084947,1,1,2723
KNN,H1,273,2024-09-03,2024-09-04,70807.0,0.0034742327735959,9.469097164357951e-05,71053.0,70813.70478362916,0.0,70807.0,239.29521637083963,57262.200577966956,1,1,2730
KNN,H2,273,2024-09-03,2024-09-05,70807.0,0.0152950979422938,0.0002455359469409226,71890.0,70824.38566379504,0.0,70807.0,1065.6143362049625,1135533.9135255427,1,1,2729
KNN,H3,273,2024-09-03,2024-09-06,70807.0,0.0085019842670921,0.000578698496076802,71409.0,70847.97590441171,0.0,70807.0,561.024095588291,314748.0358306598,1,1,2728
KNN,H4,273,2024-09-03,2024-09-09,70807.0,0.0108181394494895,0.0009292727348137777,71573.0,70872.79901453396,0.0,70807.0,700.2009854660428,490281.42004761746,1,1,2727
KNN,H5,273,2024-09-03,2024-09-10,70807.0,0.0143206180179926,0.0019727150033112986,71821.0,70946.68203123947,0.0,70807.0,874.3179687605298,764431.9104975387,1,1,2726
KNN,H6,273,2024-09-03,2024-09-11,70807.0,0.01512562317285,0.0016150557314526383,71878.0,70921.35725117697,0.0,70807.0,956.6427488230256,915165.3488756744,1,1,2725
KNN,H7,273,2024-09-03,2024-09-12,70807.0,0.0264663098281243,0.0023022064419782333,72681.0,70970.01233153715,0.0,70807.0,1710.9876684628543,2927478.8016319545,1,1,2724
KNN,H1,274,2024-09-04,2024-09-05,71053.0,0.0117799389188353,0.0002305465364686642,71890.0,71069.38102305571,0.0,71053.0,820.6189769442863,673415.505321087,1,1,2731
KNN,H2,274,2024-09-04,2024-09-06,71053.0,0.0050103443908069,0.0005557778028631268,71409.0,71092.48968022683,0.0,71053.0,316.510319773166,100178.78252291177,1,1,2730
KNN,H3,274,2024-09-04,2024-09-09,71053.0,0.0073184805708415,0.0006264025581092267,71573.0,71097.50778096134,0.0,71053.0,475.4922190386569,226092.85036630608,1,1,2729
KNN,H4,274,2024-09-04,2024-09-10,71053.0,0.0108088328430888,0.00047017156806741713,71821.0,71086.4071004259,0.0,71053.0,734.5928995740978,539626.7281046805,1,1,2728
KNN,H5,274,2024-09-04,2024-09-11,71053.0,0.0116110509056619,0.0016530099493221018,71878.0,71170.45131592918,0.0,71053.0,707.5486840708181,500625.1403303464,1,1,2727
KNN,H6,274,2024-09-04,2024-09-12,71053.0,0.0229124737871728,0.0018967688534155796,72681.0,71187.77111734173,0.0,71053.0,1493.2288826582662,2229732.4960048543,1,1,2726
KNN,H7,274,2024-09-04,2024-09-13,71053.0,0.0325672385402446,0.002888061592332507,73367.0,71258.20544032,0.0,71053.0,2108.794559679998,4447014.494935958,1,1,2725
KNN,H1,275,2024-09-05,2024-09-06,71890.0,-0.0066907775768535,0.0005239601164061956,71409.0,71927.66749276844,0.0,71890.0,518.6674927684362,269015.9680546958,-1,1,2732
KNN,H2,275,2024-09-05,2024-09-09,71890.0,-0.0044095145360968,0.0007343509074176029,71573.0,71942.79248673425,0.0,71890.0,369.7924867342517,136746.48324510173,-1,1,2731
KNN,H3,275,2024-09-05,2024-09-10,71890.0,-0.0009597996939768,0.001211464890449007,71821.0,71977.09221097438,0.0,71890.0,156.09221097438422,24364.778326871674,-1,1,2730
KNN,H4,275,2024-09-05,2024-09-11,71890.0,-0.000166921685909,0.0021876732748881845,71878.0,72047.27183173172,0.0,71890.0,169.27183173171943,28652.95301781154,-1,1,2729
KNN,H5,275,2024-09-05,2024-09-12,71890.0,0.0110029211295035,0.0026808496570996285,72681.0,72082.7262818489,0.0,71890.0,598.2737181511038,357931.4418303464,1,1,2728
KNN,H6,275,2024-09-05,2024-09-13,71890.0,0.0205452775073027,0.0032246806434604786,73367.0,72121.82229145836,0.0,71890.0,1245.1777085416397,1550467.5258490087,1,1,2727
KNN,H7,275,2024-09-05,2024-09-16,71890.0,0.0213103352343859,0.0034507609788704974,73422.0,72138.075206771,0.0,71890.0,1283.9247932290018,1648462.874668135,1,1,2726
KNN,H1,276,2024-09-06,2024-09-09,71409.0,0.0022966292764217,0.0004741498715726874,71573.0,71442.85856817914,0.0,71409.0,130.14143182085536,16936.792276382344,1,1,2733
KNN,H2,276,2024-09-06,2024-09-10,71409.0,0.0057695808651569,0.0008850014444003547,71821.0,71472.19706814318,0.0,71409.0,348.8029318568151,121663.48527191002,1,1,2732
KNN,H3,276,2024-09-06,2024-09-11,71409.0,0.006567799577084,0.0011973617156271648,71878.0,71494.50240275121,0.0,71409.0,383.4975972487882,147070.40709559378,1,1,2731
KNN,H4,276,2024-09-06,2024-09-12,71409.0,0.0178128807293198,0.0007475968357305824,72681.0,71462.3851424427,0.0,71409.0,1218.6148575573025,1485022.1710594045,1,1,2730
KNN,H5,276,2024-09-06,2024-09-13,71409.0,0.0274195129465473,0.0010336226324930643,73367.0,71482.8099585637,0.0,71409.0,1884.1900414363045,3550172.1122477427,1,1,2729
KNN,H6,276,2024-09-06,2024-09-16,71409.0,0.0281897239843718,0.0019496699557349406,73422.0,71548.22398186907,0.0,71409.0,1873.7760181309277,3511036.5661225948,1,1,2728
KNN,H7,276,2024-09-06,2024-09-17,71409.0,0.0225881891638308,0.0024435409533224563,73022.0,71583.49081593582,0.0,71409.0,1438.5091840641835,2069308.672637003,1,1,2727
KNN,H1,277,2024-09-09,2024-09-10,71573.0,0.0034649937825717,0.00020946053201012304,71821.0,71587.99171865756,0.0,71573.0,233.00828134243784,54292.85917415666,1,1,2734
KNN,H2,277,2024-09-09,2024-09-11,71573.0,0.0042613834825981,0.0008600083415057608,71878.0,71634.55337702659,0.0,71573.0,243.44662297340983,59266.258237157555,1,1,2733
KNN,H3,277,2024-09-09,2024-09-12,71573.0,0.0154806980285862,0.001408608861761844,72681.0,71673.81836206287,0.0,71573.0,1007.1816379371303,1014414.8517977207,1,1,2732
KNN,H4,277,2024-09-09,2024-09-13,71573.0,0.0250653179271513,0.001520362374537987,73367.0,71681.8168962328,0.0,71573.0,1685.1831037671946,2839842.093222435,1,1,2731
KNN,H5,277,2024-09-09,2024-09-16,71573.0,0.0258337641289312,0.0014738688147678107,73422.0,71678.48921267937,0.0,71573.0,1743.5107873206289,3039829.865503399,1,1,2730
KNN,H6,277,2024-09-09,2024-09-17,71573.0,0.0202450644796221,0.0026694974030432926,73022.0,71764.06393762802,0.0,71573.0,1257.936062371984,1582403.137015932,1,1,2729
KNN,H7,277,2024-09-09,2024-09-18,71573.0,0.020342866723485,0.0029660708482399877,73029.0,71785.29058882108,0.0,71573.0,1243.7094111789193,1546813.099455014,1,1,2728
KNN,H1,278,2024-09-10,2024-09-11,71821.0,0.0007936397432506,0.0005175403871701845,71878.0,71858.17026814695,0.0,71821.0,19.82973185305309,393.21826536398834,1,1,2735
KNN,H2,278,2024-09-10,2024-09-12,71821.0,0.0119742136700964,0.0012309939392751018,72681.0,71909.41121571268,0.0,71821.0,771.5887842873199,595349.2520379842,1,1,2734
KNN,H3,278,2024-09-10,2024-09-13,71821.0,0.0215257375976385,0.0016909141133936655,73367.0,71942.44314253805,0.0,71821.0,1424.5568574619538,2029362.2401418772,1,1,2733
KNN,H4,278,2024-09-10,2024-09-16,71821.0,0.022291530332354,0.001362726673284637,73422.0,71918.87239240199,0.0,71821.0,1503.1276075980131,2259392.6047233264,1,1,2732
KNN,H5,278,2024-09-10,2024-09-17,71821.0,0.0167221286253325,0.0016477635525479132,73022.0,71939.34402610753,0.0,71821.0,1082.6559738924698,1172143.9578050522,1,1,2731
KNN,H6,278,2024-09-10,2024-09-18,71821.0,0.0168195931552053,0.0025709902152392023,73029.0,72005.65108824869,0.0,71821.0,1023.3489117513091,1047242.9951825886,1,1,2730
KNN,H7,278,2024-09-10,2024-09-19,71821.0,0.0213865025549631,0.0027769421690096597,73357.0,72020.44276352043,0.0,71821.0,1336.5572364795662,1786385.246385895,1,1,2729
KNN,H1,279,2024-09-11,2024-09-12,71878.0,0.011171707615682,0.0003666977902637185,72681.0,71904.35750376857,0.0,71878.0,776.642496231434,603173.566952593,1,1,2736
KNN,H2,279,2024-09-11,2024-09-13,71878.0,0.0207156570856172,0.0010172706052698698,73367.0,71951.11937656558,0.0,71878.0,1415.880623434423,2004717.93981705,1,1,2735
KNN,H3,279,2024-09-11,2024-09-16,71878.0,0.0214808425387462,0.0012658066025896897,73422.0,71968.98364698094,0.0,71878.0,1453.016353019062,2111256.522140816,1,1,2734
KNN,H4,279,2024-09-11,2024-09-17,71878.0,0.0159158574250812,0.001098002562541571,73022.0,71956.92222819036,0.0,71878.0,1065.077771809636,1134390.6600029792,1,1,2733
KNN,H5,279,2024-09-11,2024-09-18,71878.0,0.0160132446645704,0.0024078453947819047,73029.0,72051.07111128615,0.0,71878.0,977.9288887138537,956344.9113811128,1,1,2732
KNN,H6,279,2024-09-11,2024-09-19,71878.0,0.0205765324577755,0.0018902269060080711,73357.0,72013.86572955006,0.0,71878.0,1343.1342704499402,1804009.6684570932,1,1,2731
KNN,H7,279,2024-09-11,2024-09-20,71878.0,0.029202259383956,0.0023194479877133257,73977.0,72044.71728246086,0.0,71878.0,1932.282717539143,3733716.5005004555,1,1,2730
KNN,H1,280,2024-09-12,2024-09-13,72681.0,0.0094385052489647,0.0005889946083063565,73367.0,72723.80871712632,0.0,72681.0,643.1912828736822,413695.02636469307,1,1,2737
KNN,H2,280,2024-09-12,2024-09-16,72681.0,0.0101952367193627,0.001228014843263188,73422.0,72770.25334682321,0.0,72681.0,651.7466531767859,424773.69992714166,1,1,2736
KNN,H3,280,2024-09-12,2024-09-17,72681.0,0.0046917351164679,0.0016515030600539546,73022.0,72801.03289390777,0.0,72681.0,220.96710609222646,48826.461974773265,1,1,2735
KNN,H4,280,2024-09-12,2024-09-18,72681.0,0.0047880463945184,0.0013531908638859586,73029.0,72779.35126517809,0.0,72681.0,249.64873482190887,62324.49079817977,1,1,2734
KNN,H5,280,2024-09-12,2024-09-19,72681.0,0.0093009177088922,0.00321010038259876,73357.0,72914.31330590766,0.0,72681.0,442.68669409233553,195971.50912640107,1,1,2733
KNN,H6,280,2024-09-12,2024-09-20,72681.0,0.0178313451933793,0.001955234308658014,73977.0,72823.10838478757,0.0,72681.0,1153.8916152124293,1331465.859657549,1,1,2732
KNN,H7,280,2024-09-12,2024-09-23,72681.0,0.02066564851887,0.0022265042676508917,74183.0,72842.82455667712,0.0,72681.0,1340.175443322878,1796070.2188856725,1,1,2731
KNN,H1,281,2024-09-13,2024-09-16,73367.0,0.000749655839819,0.0006811834592671387,73422.0,73416.97638685604,0.0,73367.0,5.023613143959665,25.236689020164306,1,1,2738
KNN,H2,281,2024-09-13,2024-09-17,73367.0,-0.0047023866315918,0.0014173514364138697,73022.0,73470.98682283539,0.0,73367.0,448.986822835388,201589.1670798161,-1,1,2737
KNN,H3,281,2024-09-13,2024-09-18,73367.0,-0.0046069758883421,0.0015668744294101704,73029.0,73481.95687626254,0.0,73367.0,452.9568762625422,205169.93175351998,-1,1,2736
KNN,H4,281,2024-09-13,2024-09-19,73367.0,-0.0001363010617853,0.002130764552123269,73357.0,73523.32780289564,0.0,73367.0,166.32780289564107,27664.938016091226,-1,1,2735
KNN,H5,281,2024-09-13,2024-09-20,73367.0,0.0083143647689014,0.003114634402988174,73977.0,73595.51138224403,0.0,73367.0,381.4886177559674,145533.5654773586,1,1,2734
KNN,H6,281,2024-09-13,2024-09-23,73367.0,0.011122166641678,0.0034767903368454795,74183.0,73622.08167664334,0.0,73367.0,560.9183233566582,314629.3654772446,1,1,2733
KNN,H7,281,2024-09-13,2024-09-24,73367.0,0.0207041312851827,0.0036967502326928185,74886.0,73638.21947432197,0.0,73367.0,1247.7805256780266,1556956.2402613324,1,1,2732
KNN,H1,282,2024-09-16,2024-09-17,73422.0,-0.005447958377598,0.0006042880328556849,73022.0,73466.36803594833,0.0,73422.0,444.368035948326,197462.95137257274,-1,1,2739
KNN,H2,282,2024-09-16,2024-09-18,73422.0,-0.00535261910599,0.0009368155122362835,73029.0,73490.7828685394,0.0,73422.0,461.7828685394052,213243.41767648156,-1,1,2738
KNN,H3,282,2024-09-16,2024-09-19,73422.0,-0.0008852932363596,0.0016854388989387989,73357.0,73545.74829483789,0.0,73422.0,188.74829483788926,35625.91880421077,-1,1,2737
KNN,H4,282,2024-09-16,2024-09-20,73422.0,0.0075590422489171,0.002904848681264667,73977.0,73635.27979987582,0.0,73422.0,341.72020012418216,116772.6951729111,1,1,2736
KNN,H5,282,2024-09-16,2024-09-23,73422.0,0.0103647408133802,0.0038940782833421636,74183.0,73707.91101571954,0.0,73422.0,475.08898428046086,225709.54298464,1,1,2735
KNN,H6,282,2024-09-16,2024-09-24,73422.0,0.0199395276620086,0.003555851284612153,74886.0,73683.07771301879,0.0,73422.0,1202.9222869812074,1447022.0285160984,1,1,2734
KNN,H7,282,2024-09-16,2024-09-25,73422.0,0.0237667184222711,0.0037020645165906406,75167.0,73693.81298093712,0.0,73422.0,1473.1870190628833,2170279.9931353843,1,1,2733
KNN,H1,283,2024-09-17,2024-09-18,73022.0,9.586152118545854e-05,0.0004178517032698333,73029.0,73052.51236707617,0.0,73022.0,23.51236707616772,552.8314055244558,1,1,2740
KNN,H2,283,2024-09-17,2024-09-19,73022.0,0.0045876585138724,0.0014358770259033768,73357.0,73126.85061218552,0.0,73022.0,230.1493878144829,52968.74071138125,1,1,2739
KNN,H3,283,2024-09-17,2024-09-20,73022.0,0.0130782503902933,0.0015956492760730195,73977.0,73138.5175014374,0.0,73022.0,838.4824985626037,703052.9003957867,1,1,2738
KNN,H4,283,2024-09-17,2024-09-23,73022.0,0.0158993180137492,0.0019101712801407832,74183.0,73161.48452721845,0.0,73022.0,1021.5154727815534,1043493.8611321206,1,1,2737
KNN,H5,283,2024-09-17,2024-09-24,73022.0,0.0255265536413684,0.0028687908656755,74886.0,73231.48484659336,0.0,73022.0,1654.515153406639,2737420.392852194,1,1,2736
KNN,H6,283,2024-09-17,2024-09-25,73022.0,0.0293747089918106,0.00276004602767336,75167.0,73223.54408103276,0.0,73022.0,1943.4559189672436,3777020.9089688133,1,1,2735
KNN,H7,283,2024-09-17,2024-09-26,73022.0,0.0317301635123661,0.0028765237457485386,75339.0,73232.04951696206,0.0,73022.0,2106.9504830379447,4439240.337973828,1,1,2734
KNN,H1,284,2024-09-18,2024-09-19,73029.0,0.0044913664434675,0.0006655753005126602,73357.0,73077.60629862115,0.0,73029.0,279.3937013788527,78060.84037017553,1,1,2741
KNN,H2,284,2024-09-18,2024-09-20,73029.0,0.0129811444768517,0.0018445338648675875,73977.0,73163.70446361741,0.0,73029.0,813.2955363825895,661449.6294998439,1,1,2740
KNN,H3,284,2024-09-18,2024-09-23,73029.0,0.0158019416943953,0.001858933622580578,74183.0,73164.75606352343,0.0,73029.0,1018.2439364765742,1036820.7141713096,1,1,2739
KNN,H4,284,2024-09-18,2024-09-24,73029.0,0.0254282545290227,0.0015798354421682412,74886.0,73144.37380250612,0.0,73029.0,1741.6261974938825,3033261.811797,1,1,2738
KNN,H5,284,2024-09-18,2024-09-25,73029.0,0.0292760410247983,0.002609496915040659,75167.0,73219.56895020852,0.0,73029.0,1947.4310497914848,3792487.6936919647,1,1,2737
KNN,H6,284,2024-09-18,2024-09-26,73029.0,0.0316312697695435,0.0027887257695040214,75339.0,73232.6578542211,0.0,73029.0,2106.3421457788936,4436677.235084434,1,1,2736
KNN,H7,284,2024-09-18,2024-09-27,73029.0,0.0253187090060114,0.00363167148717027,74878.0,73294.21733703656,0.0,73029.0,1583.7826629634365,2508367.523503554,1,1,2735
KNN,H1,285,2024-09-19,2024-09-20,73357.0,0.0084518178224299,0.0005891011909771262,73977.0,73400.21469606651,0.0,73357.0,576.7853039334877,332681.28683364583,1,1,2742
KNN,H2,285,2024-09-19,2024-09-23,73357.0,0.0112600024537534,0.0016593480823968024,74183.0,73478.72479728037,0.0,73357.0,704.2752027196257,496003.5611657698,1,1,2741
KNN,H3,285,2024-09-19,2024-09-24,73357.0,0.0208432733072507,0.0016939184974847626,74886.0,73481.26077921999,0.0,73357.0,1404.7392207800149,1973292.2783976435,1,1,2740
KNN,H4,285,2024-09-19,2024-09-25,73357.0,0.0246738552558039,0.002057246729501787,75167.0,73507.91344833605,0.0,73357.0,1659.086551663946,2752568.1859121635,1,1,2739
KNN,H5,285,2024-09-19,2024-09-26,73357.0,0.0270185531033166,0.002222163687545296,75339.0,73520.01126162725,0.0,73357.0,1818.9887383727473,3308720.030326879,1,1,2738
KNN,H6,285,2024-09-19,2024-09-27,73357.0,0.020734217593413,0.002901972637628729,74878.0,73569.88000677853,0.0,73357.0,1308.1199932214658,1711177.9166657277,1,1,2737
KNN,H7,285,2024-09-19,2024-09-30,73357.0,0.0202707308096024,0.003267117759954159,74844.0,73596.66595751696,0.0,73357.0,1247.3340424830385,1555842.2135370786,1,1,2736
KNN,H1,286,2024-09-20,2024-09-23,73977.0,0.0027846492828851,0.0008329136110688043,74183.0,74038.61645020603,0.0,73977.0,144.38354979397263,20846.609451108576,1,1,2743
KNN,H2,286,2024-09-20,2024-09-24,73977.0,0.0122876029036052,0.0014305431444439447,74886.0,74082.82729019652,0.0,73977.0,803.1727098034753,645086.4017730575,1,1,2742
KNN,H3,286,2024-09-20,2024-09-25,73977.0,0.0160860808089,0.0018788038740272742,75167.0,74115.9882741889,0.0,73977.0,1051.0117258110986,1104625.6477924238,1,1,2741
KNN,H4,286,2024-09-20,2024-09-26,73977.0,0.0184111277829595,0.0021609295561826293,75339.0,74136.85908577772,0.0,73977.0,1202.1409142222838,1445142.7776471882,1,1,2740
KNN,H5,286,2024-09-20,2024-09-27,73977.0,0.0121794611838814,0.003152754444281729,74878.0,74210.23131552464,0.0,73977.0,667.7686844753625,445915.01596595626,1,1,2739
KNN,H6,286,2024-09-20,2024-09-30,73977.0,0.0117198588750557,0.003634393627335611,74844.0,74245.8615373694,0.0,73977.0,598.1384626305953,357769.62047809205,1,1,2738
KNN,H7,286,2024-09-20,2024-10-01,73977.0,0.022750314286873,0.004141244504030089,75660.0,74283.35684467464,0.0,73977.0,1376.6431553253642,1895146.3771041748,1,1,2737
KNN,H1,287,2024-09-23,2024-09-24,74183.0,0.0094765647115915,0.0006904370585004058,74886.0,74234.21869231074,0.0,74183.0,651.7813076892635,424818.8730531264,1,1,2744
KNN,H2,287,2024-09-23,2024-09-25,74183.0,0.0132644945607485,0.0013520242370463828,75167.0,74283.29721397681,0.0,74183.0,883.7027860231901,780930.6140251482,1,1,2743
KNN,H3,287,2024-09-23,2024-09-26,74183.0,0.0155830850733995,0.0016282796736886774,75339.0,74303.79067103325,0.0,74183.0,1035.2093289667537,1071658.3547797964,1,1,2742
KNN,H4,287,2024-09-23,2024-09-27,74183.0,0.0093687232923984,0.0020369484458829137,74878.0,74334.10694656093,0.0,74183.0,543.8930534390674,295819.6535792723,1,1,2741
KNN,H5,287,2024-09-23,2024-09-30,74183.0,0.0089103972608279,0.002354497066452816,74844.0,74357.66365588068,0.0,74183.0,486.33634411932144,236523.03961134705,1,1,2740
KNN,H6,287,2024-09-23,2024-10-01,74183.0,0.0199102220185216,0.0032195291916385497,75660.0,74421.83433402333,0.0,74183.0,1238.165665976674,1533054.2164034608,1,1,2739
KNN,H7,287,2024-09-23,2024-10-03,74183.0,0.0221614116441772,0.0037650868996925934,75827.0,74462.3054414799,0.0,74183.0,1364.6945585201029,1862391.2380543784,1,1,2738
KNN,H1,288,2024-09-24,2024-09-25,74886.0,0.0037523702694761,0.0006554477660881827,75167.0,74935.08386141129,0.0,74886.0,231.91613858871278,53785.09533789904,1,1,2745
KNN,H2,288,2024-09-24,2024-09-26,74886.0,0.0060491947760596,0.0016762098074347908,75339.0,75011.52464763956,0.0,74886.0,327.47535236044496,107240.10640359759,1,1,2744
KNN,H3,288,2024-09-24,2024-09-27,74886.0,-0.0001068290468178,0.002355364811265948,74878.0,75062.38384925647,0.0,74886.0,184.38384925646824,33997.403866632005,-1,1,2743
KNN,H4,288,2024-09-24,2024-09-30,74886.0,-0.0005608524957936,0.0029981965351181194,74844.0,75110.52294572885,0.0,74886.0,266.5229457288515,71034.48059998431,-1,1,2742
KNN,H5,288,2024-09-24,2024-10-01,74886.0,0.010335710279625,0.003596198450246326,75660.0,75155.30491714516,0.0,74886.0,504.69508285484335,254717.12665785718,1,1,2741
KNN,H6,288,2024-09-24,2024-10-03,74886.0,0.0125657666319471,0.003997566494906383,75827.0,75185.36176453756,0.0,74886.0,641.6382354624366,411699.6252073492,1,1,2740
KNN,H7,288,2024-09-24,2024-10-04,74886.0,0.0116577197339957,0.004230674810024152,75759.0,75202.81831382347,0.0,74886.0,556.1816861765255,309338.0680381631,1,1,2739
KNN,H1,289,2024-09-25,2024-09-26,75167.0,0.0022882381896311,0.0007571317002731402,75339.0,75223.91131851444,0.0,75167.0,115.08868148556212,13245.404606085169,1,1,2746
KNN,H2,289,2024-09-25,2024-09-27,75167.0,-0.0038447723069964,0.0016828243643109623,74878.0,75293.49285899216,0.0,75167.0,415.4928589921619,172634.31587348055,-1,1,2745
KNN,H3,289,2024-09-25,2024-09-30,75167.0,-0.0042970984607606,0.002506839714139453,74844.0,75355.43162079272,0.0,75167.0,511.4316207927186,261562.30274666712,-1,1,2744
KNN,H4,289,2024-09-25,2024-10-01,75167.0,0.0065587292295821,0.003194243297269731,75660.0,75407.10168592588,0.0,75167.0,252.8983140741184,63957.55726153143,1,1,2743
KNN,H5,289,2024-09-25,2024-10-03,75167.0,0.0087804488671889,0.00429091244114812,75827.0,75489.53501546379,0.0,75167.0,337.4649845362146,113882.61578802757,1,1,2742
KNN,H6,289,2024-09-25,2024-10-04,75167.0,0.0078757965596605,0.00393064572524332,75759.0,75462.45484722935,0.0,75167.0,296.5451527706464,87939.027631766,1,1,2741
KNN,H7,289,2024-09-25,2024-10-07,75167.0,0.0065188180983677,0.0038476859833604556,75657.0,75456.21901231125,0.0,75167.0,200.7809876887477,40313.00501726905,1,1,2740
KNN,H1,290,2024-09-26,2024-09-27,75339.0,-0.0061190087471296,0.0009522411156675223,74878.0,75410.74089341327,0.0,75339.0,532.7408934132691,283812.8595147681,-1,1,2747
KNN,H2,290,2024-09-26,2024-09-30,75339.0,-0.0065703022339027,0.0022439570479705776,74844.0,75508.05748003707,0.0,75339.0,664.0574800370669,440972.33679317945,-1,1,2746
KNN,H3,290,2024-09-26,2024-10-01,75339.0,0.0042607414486521,0.002413918243778937,75660.0,75520.86218656806,0.0,75339.0,139.1378134319384,19359.331126620902,1,1,2745
KNN,H4,290,2024-09-26,2024-10-03,75339.0,0.0064773888689788,0.00261236318990631,75827.0,75535.81283036435,0.0,75339.0,291.18716963565385,84789.96776042305,1,1,2744
KNN,H5,290,2024-09-26,2024-10-04,75339.0,0.0055748018954326,0.004176150561893582,75759.0,75653.6270071825,0.0,75339.0,105.37299281750165,11103.467615317255,1,1,2743
KNN,H6,290,2024-09-26,2024-10-07,75339.0,0.0042209214351132,0.0033191738800743545,75657.0,75589.06324095093,0.0,75339.0,67.93675904907286,4615.403230091783,1,1,2742
KNN,H7,290,2024-09-26,2024-10-08,75339.0,-0.0071676024369847,0.003777677850246913,74799.0,75623.60647155976,0.0,75339.0,824.6064715597604,679975.8329382379,-1,1,2741
KNN,H1,291,2024-09-27,2024-09-30,74878.0,-0.0004540719570501,0.0008534287423189082,74844.0,74941.90303736736,0.0,74878.0,97.9030373673595,9585.00472575459,-1,1,2748
KNN,H2,291,2024-09-27,2024-10-01,74878.0,0.0104436550121531,0.0020413488298000907,75660.0,75030.85211767777,0.0,74878.0,629.1478823222278,395827.05783054384,1,1,2747
KNN,H3,291,2024-09-27,2024-10-03,74878.0,0.0126739496247227,0.0023196487934709024,75827.0,75051.69066235752,0.0,74878.0,775.3093376424804,601104.5690356217,1,1,2746
KNN,H4,291,2024-09-27,2024-10-04,74878.0,0.0117658057106226,0.0027196262494131413,75759.0,75081.64017430355,0.0,74878.0,677.3598256964469,458816.33346752095,1,1,2745
KNN,H5,291,2024-09-27,2024-10-07,74878.0,0.0104035898394723,0.003971443915213046,75657.0,75175.37377748331,0.0,74878.0,481.62622251668654,231963.81821569285,1,1,2744
KNN,H6,291,2024-09-27,2024-10-08,74878.0,-0.0010550495472635,0.0040736756513230984,74799.0,75183.02868541978,0.0,74878.0,384.0286854197766,147478.03122524172,-1,1,2743
KNN,H7,291,2024-09-27,2024-10-09,74878.0,-0.004887951067069,0.004230720579195713,74512.0,75194.78789552902,0.0,74878.0,682.7878955290216,466199.31028095016,-1,1,2742
KNN,H1,292,2024-09-30,2024-10-01,74844.0,0.0109026775693441,0.0008579966885437438,75660.0,74908.21590415738,0.0,74844.0,751.7840958426241,565179.3267619117,1,1,2749
KNN,H2,292,2024-09-30,2024-10-03,74844.0,0.0131339853562075,0.0018706703879764264,75827.0,74984.00845451771,0.0,74844.0,842.9915454822913,710634.7457546219,1,1,2748
KNN,H3,292,2024-09-30,2024-10-04,74844.0,0.0122254288920955,0.002075873671713307,75759.0,74999.36668908571,0.0,74844.0,759.633310914287,577042.7670506018,1,1,2747
KNN,H4,292,2024-09-30,2024-10-07,74844.0,0.0108625941959275,0.002042393311223367,75657.0,74996.8608849852,0.0,74844.0,660.1391150147974,435783.65117251995,1,1,2746
KNN,H5,292,2024-09-30,2024-10-08,74844.0,-0.0006012506012506,0.002412728575057866,74799.0,75024.57825747163,0.0,74844.0,225.5782574716286,50885.55024393636,-1,1,2745
KNN,H6,292,2024-09-30,2024-10-09,74844.0,-0.0044358933247822,0.0031934882196929977,74512.0,75083.01343231469,0.0,74844.0,571.0134323146922,326056.33988380554,-1,1,2744
KNN,H7,292,2024-09-30,2024-10-10,74844.0,-0.0001336112447223,0.0038965512055163217,74834.0,75135.63347842566,0.0,74844.0,301.63347842566145,90982.75530716397,-1,1,2743
KNN,H1,293,2024-10-01,2024-10-03,75660.0,0.0022072429288924,0.0011875123625988413,75827.0,75749.84718535423,0.0,75660.0,77.15281464577129,5952.55680776474,1,1,2750
KNN,H2,293,2024-10-01,2024-10-04,75660.0,0.0013084853291038,0.0021507221312925305,75759.0,75822.72363645361,0.0,75660.0,63.72363645360747,4060.7018428715305,1,1,2749
KNN,H3,293,2024-10-01,2024-10-07,75660.0,-3.965107057890549e-05,0.0023753250538021643,75657.0,75839.71709357067,0.0,75660.0,182.7170935706672,33385.536282911955,-1,1,2748
KNN,H4,293,2024-10-01,2024-10-08,75660.0,-0.0113798572561458,0.002192616698968637,74799.0,75825.89337944397,0.0,75660.0,1026.8933794439654,1054510.012745848,-1,1,2747
KNN,H5,293,2024-10-01,2024-10-09,75660.0,-0.0151731430081945,0.0028452766904851308,74512.0,75875.27363440211,0.0,75660.0,1363.2736344021105,1858515.0022559392,-1,1,2746
KNN,H6,293,2024-10-01,2024-10-10,75660.0,-0.0109172614327253,0.003730430950726348,74834.0,75942.24440573197,0.0,75660.0,1108.2444057319663,1228205.662836199,-1,1,2745
KNN,H7,293,2024-10-01,2024-10-11,75660.0,0.0010309278350515,0.004566875875226885,75738.0,76005.52982871966,0.0,75660.0,267.5298287196638,71572.20925477264,1,1,2744
KNN,H1,294,2024-10-03,2024-10-04,75827.0,-0.0008967781924644,0.0011380270269853248,75759.0,75913.29317537522,0.0,75827.0,154.29317537522002,23806.3839673684,-1,1,2751
KNN,H2,294,2024-10-03,2024-10-07,75827.0,-0.002241945481161,0.0018513951916555064,75657.0,75967.38574319766,0.0,75827.0,310.38574319766485,96339.30958036675,-1,1,2750
KNN,H3,294,2024-10-03,2024-10-08,75827.0,-0.0135571762037268,0.002384398302998283,74799.0,76007.80177012146,0.0,75827.0,1208.8017701214558,1461201.7194487648,-1,1,2749
KNN,H4,294,2024-10-03,2024-10-09,75827.0,-0.0173421076925105,0.0027367564537472116,74512.0,76034.52003161829,0.0,75827.0,1522.520031618289,2318067.246678956,-1,1,2748
KNN,H5,294,2024-10-03,2024-10-10,75827.0,-0.0130955991928995,0.003346186125712866,74834.0,76080.73125535443,0.0,75827.0,1246.7312553544325,1554338.823077639,-1,1,2747
KNN,H6,294,2024-10-03,2024-10-11,75827.0,-0.0011737243989607,0.004382268694943129,75738.0,76159.29428833145,0.0,75827.0,421.2942883314536,177488.87738070593,-1,1,2746
KNN,H7,294,2024-10-03,2024-10-14,75827.0,-0.0036134885990478,0.004957340651524817,75553.0,76202.90026958317,0.0,75827.0,649.9002695831732,422370.36040428124,-1,1,2745
KNN,H1,295,2024-10-04,2024-10-07,75759.0,-0.0013463746881559,0.0007432299326869371,75657.0,75815.30635647042,0.0,75759.0,158.30635647042072,25060.90249893992,-1,1,2752
KNN,H2,295,2024-10-04,2024-10-08,75759.0,-0.0126717617708786,0.0019175231704240037,74799.0,75904.26963786816,0.0,75759.0,1105.2696378681576,1221620.9723932082,-1,1,2751
KNN,H3,295,2024-10-04,2024-10-09,75759.0,-0.0164600905502976,0.0021986871547325947,74512.0,75925.57034015539,0.0,75759.0,1413.570340155391,1998181.106567028,-1,1,2750
KNN,H4,295,2024-10-04,2024-10-10,75759.0,-0.0122097704563154,0.0020301182171490978,74834.0,75912.799726013,0.0,75759.0,1078.7997260130069,1163808.8488457387,-1,1,2749
KNN,H5,295,2024-10-04,2024-10-11,75759.0,-0.0002771947887379,0.002638974408982021,75738.0,75958.92606225007,0.0,75759.0,220.9260622500733,48808.32498132326,-1,1,2748
KNN,H6,295,2024-10-04,2024-10-14,75759.0,-0.002719148880001,0.002930924131711609,75553.0,75981.04388129435,0.0,75759.0,428.04388129434665,183221.5643135287,-1,1,2747
KNN,H7,295,2024-10-04,2024-10-15,75759.0,0.0010427803957284,0.003326852158917409,75838.0,76011.03899270741,0.0,75759.0,173.03899270741385,29942.492997196427,1,1,2746
KNN,H1,296,2024-10-07,2024-10-08,75657.0,-0.0113406558547126,0.0006418263791714664,74799.0,75705.55865836897,0.0,75657.0,906.5586583689728,821848.601063752,-1,1,2753
KNN,H2,296,2024-10-07,2024-10-09,75657.0,-0.0151340920205664,0.00200862407390075,74512.0,75808.9664715591,0.0,75657.0,1296.9664715591061,1682122.0283484778,-1,1,2752
KNN,H3,296,2024-10-07,2024-10-10,75657.0,-0.0108780416881452,0.002324535002166016,74834.0,75832.86734465888,0.0,75657.0,998.86734465888,997735.9722258819,-1,1,2751
KNN,H4,296,2024-10-07,2024-10-11,75657.0,0.0010706213569133,0.0016470044432608214,75738.0,75781.60741516379,0.0,75657.0,43.607415163787664,1901.6066572669383,1,1,2750
KNN,H5,296,2024-10-07,2024-10-14,75657.0,-0.0013746249520864,0.002276176213730782,75553.0,75829.20866380224,0.0,75657.0,276.2086638022447,76291.22595942144,-1,1,2749
KNN,H6,296,2024-10-07,2024-10-15,75657.0,0.0023923761185349,0.0029789007593641766,75838.0,75882.37469475121,0.0,75657.0,44.37469475121179,1969.1135342632233,1,1,2748
KNN,H7,296,2024-10-07,2024-10-16,75657.0,0.0066880790938048,0.0033896049510754264,76163.0,75913.44734178351,0.0,75657.0,249.55265821648936,62276.52922291595,1,1,2747
KNN,H1,297,2024-10-08,2024-10-09,74799.0,-0.0038369496918407,0.000275541971547739,74512.0,74819.61026392979,0.0,74799.0,307.61026392978965,94624.07447495485,-1,1,2754
KNN,H2,297,2024-10-08,2024-10-10,74799.0,0.0004679206941269,0.0009984701866538276,74834.0,74873.68457149153,0.0,74799.0,39.684571491525276,1574.8652144659807,1,1,2753
KNN,H3,297,2024-10-08,2024-10-11,74799.0,0.0125536437652908,0.001318052722392596,75738.0,74897.58902558225,0.0,74799.0,840.4109744177549,706290.6059218002,1,1,2752
KNN,H4,297,2024-10-08,2024-10-14,74799.0,0.0100803486677629,0.0020937201745352134,75553.0,74955.60817533506,0.0,74799.0,597.3918246649409,356876.99217650754,1,1,2751
KNN,H5,297,2024-10-08,2024-10-15,74799.0,0.0138905600342249,0.003378340353092217,75838.0,75051.69648007095,0.0,74799.0,786.3035199290462,618273.2254528078,1,1,2750
KNN,H6,297,2024-10-08,2024-10-16,74799.0,0.0182355379082608,0.003984020054342008,76163.0,75097.00071604473,0.0,74799.0,1065.9992839552724,1136354.4733931534,1,1,2749
KNN,H7,297,2024-10-08,2024-10-17,74799.0,0.0232757122421423,0.004898573597891866,76540.0,75165.40840654871,0.0,74799.0,1374.5915934512886,1889502.0487869529,1,1,2748
KNN,H1,298,2024-10-09,2024-10-10,74512.0,0.0043214515782692,-8.360149694758245e-05,74834.0,74505.77068525944,0.0,74512.0,328.22931474055804,107734.4830550563,1,-1,2755
KNN,H2,298,2024-10-09,2024-10-11,74512.0,0.0164537255744041,0.0008454413436453972,75738.0,74574.99552539771,0.0,74512.0,1163.0044746022904,1352579.4079449496,1,1,2754
KNN,H3,298,2024-10-09,2024-10-14,74512.0,0.0139709040154605,0.0008444151513163435,75553.0,74574.91906175487,0.0,74512.0,978.0809382451262,956642.3217584663,1,1,2753
KNN,H4,298,2024-10-09,2024-10-15,74512.0,0.017795791281941,0.0012394144180866214,75838.0,74604.35124712047,0.0,74512.0,1233.648752879526,1521889.2454812098,1,1,2752
KNN,H5,298,2024-10-09,2024-10-16,74512.0,0.0221575048314366,0.002601510661488732,76163.0,74705.84376240885,0.0,74512.0,1457.1562375911453,2123304.3007507822,1,1,2751
KNN,H6,298,2024-10-09,2024-10-17,74512.0,0.0272170925488512,0.0027644620585125066,76540.0,74717.98559690389,0.0,74512.0,1822.0144030961092,3319736.485089671,1,1,2750
KNN,H7,298,2024-10-09,2024-10-18,74512.0,0.0355244792785054,0.0035525427716365586,77159.0,74776.70706700018,0.0,74512.0,2382.292932999815,5675319.618620861,1,1,2749
KNN,H1,299,2024-10-10,2024-10-11,74834.0,0.0120800705561643,0.0005827741918399315,75738.0,74877.61132387214,0.0,74834.0,860.3886761278554,740268.6740090437,1,1,2756
KNN,H2,299,2024-10-10,2024-10-14,74834.0,0.0096079322233209,0.0015053269090801727,75553.0,74946.6496339141,0.0,74834.0,606.3503660858987,367660.7664525034,1,1,2755
KNN,H3,299,2024-10-10,2024-10-15,74834.0,0.0134163615468905,0.0015904345887372614,75838.0,74953.01858201357,0.0,74834.0,884.9814179864334,783192.1101812783,1,1,2754
KNN,H4,299,2024-10-10,2024-10-16,74834.0,0.0177593072667503,0.0011868624041101556,76163.0,74922.81766114918,0.0,74834.0,1240.18233885082,1538052.2335974902,1,1,2753
KNN,H5,299,2024-10-10,2024-10-17,74834.0,0.0227971243017879,0.0027693015621872165,76540.0,75041.23791310472,0.0,74834.0,1498.76208689528,2246287.7931146948,1,1,2752
KNN,H6,299,2024-10-10,2024-10-18,74834.0,0.0310687655343828,0.0031546695334298564,77159.0,75070.07653986469,0.0,74834.0,2088.923460135309,4363601.222303673,1,1,2751
KNN,H7,299,2024-10-10,2024-10-21,74834.0,0.0357324210920169,0.004214118582391146,77508.0,75149.35934999466,0.0,74834.0,2358.6406500053417,5563185.715857621,1,1,2750
KNN,H1,300,2024-10-11,2024-10-14,75738.0,-0.0024426311758958,0.0008733764033956433,75553.0,75804.14778204038,0.0,75738.0,251.14778204038157,63075.20842380301,-1,1,2757
KNN,H2,300,2024-10-11,2024-10-15,75738.0,0.0013203411761599,0.001606646489153366,75838.0,75859.68419179549,0.0,75738.0,21.684191795488005,470.2041738235093,1,1,2756
KNN,H3,300,2024-10-11,2024-10-16,75738.0,0.0056114499986796,0.0021103313372454855,76163.0,75897.83227482029,0.0,75738.0,265.1677251797082,70313.92247698126,1,1,2755
KNN,H4,300,2024-10-11,2024-10-17,75738.0,0.0105891362328025,0.0020210020553408903,76540.0,75891.06665366741,0.0,75738.0,648.9333463325893,421114.4879824123,1,1,2754
KNN,H5,300,2024-10-11,2024-10-18,75738.0,0.0187620481132324,0.003430723828610503,77159.0,75997.8361613313,0.0,75738.0,1161.1638386686973,1348301.4602318245,1,1,2753
KNN,H6,300,2024-10-11,2024-10-21,75738.0,0.0233700388180306,0.004293472948744744,77508.0,76063.17905419202,0.0,75738.0,1444.82094580798,2087507.565445466,1,1,2752
KNN,H7,300,2024-10-11,2024-10-22,75738.0,0.0330481396392827,0.0050332459662681,78241.0,76119.20798299322,0.0,75738.0,2121.792017006781,4502001.363433704,1,1,2751
KNN,H1,301,2024-10-14,2024-10-15,75553.0,0.0037721864121875,0.0005639774339845905,75838.0,75595.61018706983,0.0,75553.0,242.38981293016695,58752.82141232133,1,1,2758
KNN,H2,301,2024-10-14,2024-10-16,75553.0,0.0080738024962609,0.0014189817101004612,76163.0,75660.20832514322,0.0,75553.0,502.79167485678045,252799.46830528643,1,1,2757
KNN,H3,301,2024-10-14,2024-10-17,75553.0,0.0130636771537859,0.0017547301821309934,76540.0,75685.57512945055,0.0,75553.0,854.4248705494538,730041.8594134508,1,1,2756
KNN,H4,301,2024-10-14,2024-10-18,75553.0,0.0212566013262214,0.002264148748439988,77159.0,75724.0632303909,0.0,75553.0,1434.9367696091067,2059043.5327762186,1,1,2755
KNN,H5,301,2024-10-14,2024-10-21,75553.0,0.0258758752134262,0.003384885057345035,77508.0,75808.73822073759,0.0,75553.0,1699.2617792624078,2887490.594462044,1,1,2754
KNN,H6,301,2024-10-14,2024-10-22,75553.0,0.0355776739507365,0.00394432796691752,78241.0,75851.00581088453,0.0,75553.0,2389.994189115474,5712072.224005732,1,1,2753
KNN,H7,301,2024-10-14,2024-10-23,75553.0,0.0255317459267003,0.004283071675817996,77482.0,75876.59891432307,0.0,75553.0,1605.401085676931,2577312.6458926685,1,1,2752
KNN,H1,302,2024-10-15,2024-10-16,75838.0,0.0042854505656795,0.0005228676745723574,76163.0,75877.65323870421,0.0,75838.0,285.3467612957902,81422.77418199668,1,1,2759
KNN,H2,302,2024-10-15,2024-10-17,75838.0,0.0092565732218676,0.0012910278920467107,76540.0,75935.90897327704,0.0,75838.0,604.0910267229629,364925.96856720344,1,1,2758
KNN,H3,302,2024-10-15,2024-10-18,75838.0,0.0174187082992693,0.001978875645943084,77159.0,75988.07397123704,0.0,75838.0,1170.9260287629586,1371067.764834593,1,1,2757
KNN,H4,302,2024-10-15,2024-10-21,75838.0,0.0220206229067221,0.002624866138492553,77508.0,76037.06459821099,0.0,75838.0,1470.9354017890146,2163650.9562362097,1,1,2756
KNN,H5,302,2024-10-15,2024-10-22,75838.0,0.0316859621825469,0.0036033632171416506,78241.0,76111.27185966159,0.0,75838.0,2129.7281403384113,4535741.951749308,1,1,2755
KNN,H6,302,2024-10-15,2024-10-23,75838.0,0.0216777868614679,0.003821497080511531,77482.0,76127.81469559183,0.0,75838.0,1354.1853044081654,1833817.8386750356,1,1,2754
KNN,H7,302,2024-10-15,2024-10-24,75838.0,0.0268203275402831,0.004317873662226268,77872.0,76165.45890279592,0.0,75838.0,1706.5410972040845,2912282.5164465206,1,1,2753
KNN,H1,303,2024-10-16,2024-10-17,76163.0,0.0049499100613159,0.0007354624012293769,76540.0,76219.01502286484,0.0,76163.0,320.98497713515826,103031.35554645807,1,1,2760
KNN,H2,303,2024-10-16,2024-10-18,76163.0,0.0130772159710095,0.0019865692182033843,77159.0,76314.30307136601,0.0,76163.0,844.6969286339881,713512.9012436928,1,1,2759
KNN,H3,303,2024-10-16,2024-10-21,76163.0,0.017659493454827,0.0023894273384785416,77508.0,76344.98595438055,0.0,76163.0,1163.0140456194495,1352601.670308119,1,1,2758
KNN,H4,303,2024-10-16,2024-10-22,76163.0,0.0272835891443352,0.002948812986554903,78241.0,76387.59044349498,0.0,76163.0,1853.409556505023,3435126.9841441456,1,1,2757
KNN,H5,303,2024-10-16,2024-10-23,76163.0,0.0173181203471501,0.0033660169799399698,77482.0,76419.36595124316,0.0,76163.0,1062.6340487568377,1129191.1215773495,1,1,2756
KNN,H6,303,2024-10-16,2024-10-24,76163.0,0.0224387169623045,0.0041756412701835915,77872.0,76481.029366061,0.0,76163.0,1390.970633938996,1934799.304480652,1,1,2755
KNN,H7,303,2024-10-16,2024-10-25,76163.0,0.0242374906450639,0.004728532434279967,78009.0,76523.13921579208,0.0,76163.0,1485.8607842079218,2207782.2700469806,1,1,2754
KNN,H1,304,2024-10-17,2024-10-18,76540.0,0.0080872746276456,0.0009735433362337307,77159.0,76614.51500695532,0.0,76540.0,544.4849930446799,296463.9076508651,1,1,2761
KNN,H2,304,2024-10-17,2024-10-21,76540.0,0.0126469819702117,0.0021229711842795304,77508.0,76702.49221444476,0.0,76540.0,805.5077855552372,648842.7925901021,1,1,2760
KNN,H3,304,2024-10-17,2024-10-22,76540.0,0.0222236738960019,0.0027659053941189314,78241.0,76751.70239886586,0.0,76540.0,1489.297601134138,2218007.3447438977,1,1,2759
KNN,H4,304,2024-10-17,2024-10-23,76540.0,0.0123072903057224,0.0031820180474373253,77482.0,76783.55166135085,0.0,76540.0,698.4483386491484,487830.0817617554,1,1,2758
KNN,H5,304,2024-10-17,2024-10-24,76540.0,0.0174026652730598,0.0038318252771312655,77872.0,76833.28790671163,0.0,76540.0,1038.71209328837,1078922.8127435073,1,1,2757
KNN,H6,304,2024-10-17,2024-10-25,76540.0,0.0191925790436373,0.004487068864295993,78009.0,76883.44025087322,0.0,76540.0,1125.5597491267836,1266884.748854348,1,1,2756
KNN,H7,304,2024-10-17,2024-10-28,76540.0,0.0211523386464593,0.0051184977609540884,78159.0,76931.76981862343,0.0,76540.0,1227.2301813765662,1506093.9180815595,1,1,2755
KNN,H1,305,2024-10-18,2024-10-21,77159.0,0.0045231275677497,0.0010982007352952493,77508.0,77243.73607053465,0.0,77159.0,264.26392946534907,69835.42441646698,1,1,2762
KNN,H2,305,2024-10-18,2024-10-22,77159.0,0.0140229914851151,0.002126710629473633,78241.0,77323.09486545956,0.0,77159.0,917.9051345404441,842549.8360157108,1,1,2761
KNN,H3,305,2024-10-18,2024-10-23,77159.0,0.0041861610440778,0.0027554063922654065,77482.0,77371.6044018208,0.0,77159.0,110.39559817919508,12187.1880973423,1,1,2760
KNN,H4,305,2024-10-18,2024-10-24,77159.0,0.0092406588991562,0.0031457259940889126,77872.0,77401.72107197791,0.0,77159.0,470.27892802208953,221162.27014160567,1,1,2759
KNN,H5,305,2024-10-18,2024-10-25,77159.0,0.0110162132738889,0.004312329097412313,78009.0,77491.73500082723,0.0,77159.0,517.2649991727667,267563.0793692023,1,1,2758
KNN,H6,305,2024-10-18,2024-10-28,77159.0,0.0129602509104576,0.004720656526232036,78159.0,77523.24113690754,0.0,77159.0,635.7588630924583,404189.3320006152,1,1,2757
KNN,H7,305,2024-10-18,2024-10-29,77159.0,0.0221101880532406,0.005214331245069811,78865.0,77561.33258453835,0.0,77159.0,1303.6674154616485,1699548.7301364543,1,1,2756
KNN,H1,306,2024-10-21,2024-10-22,77508.0,0.0094570883005624,0.0009898341819221433,78241.0,77584.72006777242,0.0,77508.0,656.2799322275823,430703.34944464004,1,1,2763
KNN,H2,306,2024-10-21,2024-10-23,77508.0,-0.000335449243949,0.0020484489806929865,77482.0,77666.77118359554,0.0,77508.0,184.77118359554152,34140.39028729731,-1,1,2762
KNN,H3,306,2024-10-21,2024-10-24,77508.0,0.0046962894152862,0.0028793078849108744,77872.0,77731.16939554368,0.0,77508.0,140.83060445632145,19833.259151532868,1,1,2761
KNN,H4,306,2024-10-21,2024-10-25,77508.0,0.0064638488930175,0.00332172730338193,78009.0,77765.46043983052,0.0,77508.0,243.53956016947632,59311.51736754197,1,1,2760
KNN,H5,306,2024-10-21,2024-10-28,77508.0,0.0083991329927233,0.005317890327361975,78159.0,77920.17904349318,0.0,77508.0,238.8209565068246,57035.4492668346,1,1,2759
KNN,H6,306,2024-10-21,2024-10-29,77508.0,0.0175078701553388,0.004710810940393672,78865.0,77873.12553436804,0.0,77508.0,991.8744656319614,983814.9555726888,1,1,2758
KNN,H7,306,2024-10-21,2024-10-30,77508.0,0.02256541260257,0.005276391002144559,79257.0,77916.96251379422,0.0,77508.0,1340.0374862057797,1795700.4644367052,1,1,2757
KNN,H1,307,2024-10-22,2024-10-23,78241.0,-0.0097007962577165,0.0010790478506089445,77482.0,78325.4257828795,0.0,78241.0,843.4257828794944,711367.051225888,-1,1,2764
KNN,H2,307,2024-10-22,2024-10-24,78241.0,-0.0047161973901151,0.002294956390038457,77872.0,78420.55968291301,0.0,78241.0,548.5596829130081,300917.72571762005,-1,1,2763
KNN,H3,307,2024-10-22,2024-10-25,78241.0,-0.0029651972750859,0.0029031911537747953,78009.0,78468.14857906249,0.0,78241.0,459.14857906248653,210817.41765510043,-1,1,2762
KNN,H4,307,2024-10-22,2024-10-28,78241.0,-0.0010480438644699,0.0033547375572113404,78159.0,78503.47802121377,0.0,78241.0,344.47802121377026,118665.10709935476,-1,1,2761
KNN,H5,307,2024-10-22,2024-10-29,78241.0,0.0079753581881623,0.0040604467231857054,78865.0,78558.69341206878,0.0,78241.0,306.30658793121984,93823.72581006611,1,1,2760
KNN,H6,307,2024-10-22,2024-10-30,78241.0,0.0129855191012384,0.00472444130031517,79257.0,78610.64501177796,0.0,78241.0,646.3549882220395,417774.77079951286,1,1,2759
KNN,H7,307,2024-10-22,2024-10-31,78241.0,0.0010863869326822,0.005532265218770832,78326.0,78673.84996298185,0.0,78241.0,347.84996298185433,120999.59674647743,1,1,2758
KNN,H1,308,2024-10-23,2024-10-24,77482.0,0.0050334271185565,0.0010306339808890913,77872.0,77561.85558210724,0.0,77482.0,310.14441789276316,96189.55995004092,1,1,2765
KNN,H2,308,2024-10-23,2024-10-25,77482.0,0.0068015797217417,0.002083467049819137,78009.0,77643.43119395408,0.0,77482.0,365.5688060459215,133640.5519538406,1,1,2764
KNN,H3,308,2024-10-23,2024-10-28,77482.0,0.0087375132288789,0.003078257632059867,78159.0,77720.50955784725,0.0,77482.0,438.49044215274625,192273.8678593109,1,1,2763
KNN,H4,308,2024-10-23,2024-10-29,77482.0,0.0178493069358045,0.0033593831014215596,78865.0,77742.29172146435,0.0,77482.0,1122.708278535647,1260473.8786924758,1,1,2762
KNN,H5,308,2024-10-23,2024-10-30,77482.0,0.0229085465011229,0.004749392148578891,79257.0,77849.99240245619,0.0,77482.0,1407.0075975438085,1979670.379546,1,1,2761
KNN,H6,308,2024-10-23,2024-10-31,77482.0,0.0108928525334917,0.004823384059764478,78326.0,77855.72544371866,0.0,77482.0,470.2745562813361,221158.15828560758,1,1,2760
KNN,H7,308,2024-10-23,2024-11-01,77482.0,0.0173846828940915,0.005642676132456716,78829.0,77919.205832095,0.0,77482.0,909.7941679049982,827725.427953948,1,1,2759
KNN,H1,309,2024-10-24,2024-10-25,77872.0,0.0017592973084035,0.0009154769870283869,78009.0,77943.29002393386,0.0,77872.0,65.70997606613673,4317.800954612262,1,1,2766
KNN,H2,309,2024-10-24,2024-10-28,77872.0,0.0036855352373124,0.002181367853450006,78159.0,78041.86747748386,0.0,77872.0,117.13252251614176,13720.027830994457,1,1,2765
KNN,H3,309,2024-10-24,2024-10-29,77872.0,0.0127516950893773,0.002697249932726469,78865.0,78082.04024676127,0.0,77872.0,782.959753238727,613025.9751916482,1,1,2764
KNN,H4,309,2024-10-24,2024-10-30,77872.0,0.0177855968769262,0.0036879444623535377,79257.0,78159.18761117238,0.0,77872.0,1097.8123888276168,1205192.0410633986,1,1,2763
KNN,H5,309,2024-10-24,2024-10-31,77872.0,0.0058300801314978,0.0037736596494148894,78326.0,78165.86242421923,0.0,77872.0,160.1375757807691,25644.04317694157,1,1,2762
KNN,H6,309,2024-10-24,2024-11-01,77872.0,0.0122893979864393,0.005075023733024447,78829.0,78267.20224813807,0.0,77872.0,561.79775186193,315616.7139971187,1,1,2761
KNN,H7,309,2024-10-24,2024-11-04,77872.0,0.0067931990959524,0.006025686047241326,78401.0,78341.23222387079,0.0,77872.0,59.767776129214326,3572.1870634318816,1,1,2760
KNN,H1,310,2024-10-25,2024-10-28,78009.0,0.0019228550551859,0.001010163867322433,78159.0,78087.80187312595,0.0,78009.0,71.1981268740492,5069.173270373206,1,1,2767
KNN,H2,310,2024-10-25,2024-10-29,78009.0,0.0109730928482612,0.0017604316478452757,78865.0,78146.32951241676,0.0,78009.0,718.6704875832365,516487.26972312696,1,1,2766
KNN,H3,310,2024-10-25,2024-10-30,78009.0,0.0159981540591469,0.0024658703497878356,79257.0,78201.36008011659,0.0,78009.0,1055.6399198834115,1114375.6404514555,1,1,2765
KNN,H4,310,2024-10-25,2024-10-31,78009.0,0.0040636336832928,0.003403014578720911,78326.0,78274.46576427144,0.0,78009.0,51.53423572855536,2655.777452126312,1,1,2764
KNN,H5,310,2024-10-25,2024-11-01,78009.0,0.0105116076350164,0.004556709543991131,78829.0,78364.4643548172,0.0,78009.0,464.53564518279745,215793.3656453979,1,1,2763
KNN,H6,310,2024-10-25,2024-11-04,78009.0,0.0050250612108859,0.005287331121236973,78401.0,78421.45941343658,0.0,78009.0,20.459413436576142,418.5875981687524,1,1,2762
KNN,H7,310,2024-10-25,2024-11-05,78009.0,0.0061659552102961,0.005779625509424037,78490.0,78459.86280636466,0.0,78009.0,30.137193635338917,908.2504402139125,1,1,2761
KNN,H1,311,2024-10-28,2024-10-29,78159.0,0.0090328688954566,0.0011288894835945233,78865.0,78247.23287314827,0.0,78159.0,617.7671268517297,381636.2230186411,1,1,2768
KNN,H2,311,2024-10-28,2024-10-30,78159.0,0.0140482861858519,0.0022487114154738945,79257.0,78334.75703552202,0.0,78159.0,922.2429644779768,850532.0855291267,1,1,2767
KNN,H3,311,2024-10-28,2024-10-31,78159.0,0.0021366701211633,0.0027606781671047735,78326.0,78374.77184486274,0.0,78159.0,48.771844862742,2378.6928513153734,1,1,2766
KNN,H4,311,2024-10-28,2024-11-01,78159.0,0.0085722693483796,0.00264792718947172,78829.0,78365.95934120192,0.0,78159.0,463.0406587980833,214406.651700163,1,1,2765
KNN,H5,311,2024-10-28,2024-11-04,78159.0,0.0030962525109072,0.004865481692229222,78401.0,78539.28118358293,0.0,78159.0,138.28118358293432,19121.685733097183,1,1,2764
KNN,H6,311,2024-10-28,2024-11-05,78159.0,0.0042349569467368,0.00411613757485093,78490.0,78480.71319671276,0.0,78159.0,9.28680328723567,86.24471529581126,1,1,2763
KNN,H7,311,2024-10-28,2024-11-06,78159.0,-0.018807814838982,0.00503369212282347,76689.0,78552.42834262777,0.0,78159.0,1863.4283426277689,3472365.1881084736,-1,1,2762
KNN,H1,312,2024-10-29,2024-10-30,78865.0,0.0049705192417421,0.0011904376391633357,79257.0,78958.88386441262,0.0,78865.0,298.11613558737736,88873.23029755156,1,1,2769
KNN,H2,312,2024-10-29,2024-10-31,78865.0,-0.0068344639573955,0.0021199979511873556,78326.0,79032.1936384204,0.0,78865.0,706.1936384204018,498709.45494544524,-1,1,2768
KNN,H3,312,2024-10-29,2024-11-01,78865.0,-0.0004564762568947,0.0029642766169398174,78829.0,79098.77767539496,0.0,78865.0,269.77767539495835,72779.99414150752,-1,1,2767
KNN,H4,312,2024-10-29,2024-11-04,78865.0,-0.0058834717555316,0.003293165024392151,78401.0,79124.71545964868,0.0,78865.0,723.7154596486798,523764.0665344999,-1,1,2766
KNN,H5,312,2024-10-29,2024-11-05,78865.0,-0.0047549610093197,0.0046318631600655484,78490.0,79230.29188811856,0.0,78865.0,740.2918881185615,548032.0796141447,-1,1,2765
KNN,H6,312,2024-10-29,2024-11-06,78865.0,-0.0275914537500792,0.005184085952690032,76689.0,79273.8429386589,0.0,78865.0,2584.8429386588978,6681413.017534766,-1,1,2764
KNN,H7,312,2024-10-29,2024-11-07,78865.0,-0.0187535662207569,0.005971992306318146,77386.0,79335.98117323779,0.0,78865.0,1949.9811732377857,3802426.575981811,-1,1,2763
KNN,H1,313,2024-10-30,2024-10-31,79257.0,-0.0117465965151343,0.0013090981504320588,78326.0,79360.75519210879,0.0,79257.0,1034.755192108787,1070718.3075960928,-1,1,2770
KNN,H2,313,2024-10-30,2024-11-01,79257.0,-0.0054001539296213,0.0022406421158935124,78829.0,79434.58657217938,0.0,79257.0,605.5865721793816,366735.0964039734,-1,1,2769
KNN,H3,313,2024-10-30,2024-11-04,79257.0,-0.0108003078592426,0.0031589372464643235,78401.0,79507.36788934303,0.0,79257.0,1106.3678893430333,1224049.9065693584,-1,1,2768
KNN,H4,313,2024-10-30,2024-11-05,79257.0,-0.0096773786542513,0.0033351203168278413,78490.0,79521.33163095084,0.0,79257.0,1031.3316309508373,1063644.932999714,-1,1,2767
KNN,H5,313,2024-10-30,2024-11-06,79257.0,-0.0324009235777281,0.0050407309833380804,76689.0,79656.51321554642,0.0,79257.0,2967.5132155464235,8806134.684442675,-1,1,2766
KNN,H6,313,2024-10-30,2024-11-07,79257.0,-0.0236067476689756,0.005516069549575223,77386.0,79694.1871242907,0.0,79257.0,2308.1871242906927,5327727.800741338,-1,1,2765
KNN,H7,313,2024-10-30,2024-11-08,79257.0,-0.0253479187958161,0.006452632092323824,77248.0,79768.4162617413,0.0,79257.0,2520.416261741295,6352498.132449963,-1,1,2764
KNN,H1,314,2024-10-31,2024-11-01,78326.0,0.0064218777928146,0.0008606116026129541,78829.0,78393.40826438625,0.0,78326.0,435.59173561375064,189740.16013499963,1,1,2771
KNN,H2,314,2024-10-31,2024-11-04,78326.0,0.0009575364502207,0.0018702500692403705,78401.0,78472.48920692333,0.0,78326.0,71.48920692333195,5110.706706526973,1,1,2770
KNN,H3,314,2024-10-31,2024-11-05,78326.0,0.0020938130378163,0.0029011838514803453,78490.0,78553.23812635105,0.0,78326.0,63.23812635104696,3999.0606243909797,1,1,2769
KNN,H4,314,2024-10-31,2024-11-06,78326.0,-0.0208998289201541,0.004010190204182692,76689.0,78640.10215793281,0.0,78326.0,1951.102157932808,3806799.63069006,-1,1,2768
KNN,H5,314,2024-10-31,2024-11-07,78326.0,-0.0120011235094349,0.003813265499797474,77386.0,78624.67783353715,0.0,78326.0,1238.6778335371491,1534322.7752962853,-1,1,2767
KNN,H6,314,2024-10-31,2024-11-08,78326.0,-0.0137629905778413,0.005651792819113042,77248.0,78768.68232434985,0.0,78326.0,1520.6823243498511,2312474.7315900656,-1,1,2766
KNN,H7,314,2024-10-31,2024-11-11,78326.0,-0.0375864974593366,0.006266502186636115,75382.0,78816.83005027047,0.0,78326.0,3434.830050270466,11798057.474241013,-1,1,2765
KNN,H1,315,2024-11-01,2024-11-04,78829.0,-0.0054294739245709,0.0011185674540214261,78401.0,78917.17555383306,0.0,78829.0,516.1755538330617,266437.202374868,-1,1,2772
KNN,H2,315,2024-11-01,2024-11-05,78829.0,-0.0043004478047419,0.0025528782974829716,78490.0,79030.24084331229,0.0,78829.0,540.240843312291,291860.1687827753,-1,1,2771
KNN,H3,315,2024-11-01,2024-11-06,78829.0,-0.0271473696228545,0.0034879013257137904,76689.0,79103.9477736047,0.0,78829.0,2414.9477736046974,5831972.749238285,-1,1,2770
KNN,H4,315,2024-11-01,2024-11-07,78829.0,-0.0183054459653173,0.0037326089758345066,77386.0,79123.23783295606,0.0,78829.0,1737.2378329560597,3017995.2882538666,-1,1,2769
KNN,H5,315,2024-11-01,2024-11-08,78829.0,-0.0200560707353892,0.004706502497864953,77248.0,79200.0088854042,0.0,78829.0,1952.008885404197,3810338.6886969353,-1,1,2768
KNN,H6,315,2024-11-01,2024-11-11,78829.0,-0.0437275621915792,0.005086131961214054,75382.0,79229.93469637055,0.0,78829.0,3847.9346963705466,14806601.427532291,-1,1,2767
KNN,H7,315,2024-11-01,2024-11-12,78829.0,-0.0496137208387775,0.005937147987160126,74918.0,79297.01943867985,0.0,78829.0,4379.019438679854,19175811.244336024,-1,1,2766
KNN,H1,316,2024-11-04,2024-11-05,78401.0,0.0011351896021734,0.0008765961014434677,78490.0,78469.72601094926,0.0,78401.0,20.273989050736418,411.0346320293802,1,1,2773
KNN,H2,316,2024-11-04,2024-11-06,78401.0,-0.0218364561676509,0.0019362385970792915,76689.0,78552.80304224962,0.0,78401.0,1863.803042249623,3473761.78029895,-1,1,2772
KNN,H3,316,2024-11-04,2024-11-07,78401.0,-0.0129462634405173,0.002593609466454879,77386.0,78604.34157577953,0.0,78401.0,1218.34157577953,1484356.1952729486,-1,1,2771
KNN,H4,316,2024-11-04,2024-11-08,78401.0,-0.0147064450708537,0.00231122168425147,77248.0,78582.20209126701,0.0,78401.0,1334.2020912670123,1780095.220341269,-1,1,2770
KNN,H5,316,2024-11-04,2024-11-11,78401.0,-0.0385071618984451,0.0042241195626164865,75382.0,78732.17519782869,0.0,78401.0,3350.175197828692,11223673.856146516,-1,1,2769
KNN,H6,316,2024-11-04,2024-11-12,78401.0,-0.0444254537569673,0.0035704286079575416,74918.0,78680.92517329249,0.0,78401.0,3762.9251732924895,14159605.859798312,-1,1,2768
KNN,H7,316,2024-11-04,2024-11-13,78401.0,-0.0495784492544737,0.004589044599167603,74514.0,78760.78568561934,0.0,78401.0,4246.785685619339,18035188.659581322,-1,1,2767
KNN,H1,317,2024-11-05,2024-11-06,78490.0,-0.0229455981653713,0.0009808476650917655,76689.0,78566.98673323305,0.0,78490.0,1877.9867332330468,3526834.170199331,-1,1,2774
KNN,H2,317,2024-11-05,2024-11-07,78490.0,-0.0140654860491782,0.0016988653072961383,77386.0,78623.34393796968,0.0,78490.0,1237.3439379696792,1531020.0208303134,-1,1,2773
KNN,H3,317,2024-11-05,2024-11-08,78490.0,-0.0158236718053255,0.002748810751055803,77248.0,78705.75415585037,0.0,78490.0,1457.7541558503726,2125047.1788990325,-1,1,2772
KNN,H4,317,2024-11-05,2024-11-11,78490.0,-0.0395974009427952,0.003330586762047227,75382.0,78751.41775495309,0.0,78490.0,3369.417754953087,11352976.0073931,-1,1,2771
KNN,H5,317,2024-11-05,2024-11-12,78490.0,-0.0455089820359281,0.004295687865728712,74918.0,78827.16854058106,0.0,78490.0,3909.1685405810567,15281598.67866863,-1,1,2770
KNN,H6,317,2024-11-05,2024-11-13,78490.0,-0.0506561345394317,0.005095437711508005,74514.0,78889.94090597627,0.0,78490.0,4375.940905976269,19148858.81259641,-1,1,2769
KNN,H7,317,2024-11-05,2024-11-14,78490.0,-0.0552809275066887,0.006314584541600354,74151.0,78985.63174067021,0.0,78490.0,4834.631740670215,23373664.067895908,-1,1,2768
KNN,H1,318,2024-11-06,2024-11-07,76689.0,0.0090886567825894,0.0005180059890491031,77386.0,76728.72536129419,0.0,76689.0,657.2746387058141,432009.9506858585,1,1,2775
KNN,H2,318,2024-11-06,2024-11-08,76689.0,0.0072891809777151,0.0011538112184741906,77248.0,76777.48462853357,0.0,76689.0,470.51537146643386,221384.71478619624,1,1,2774
KNN,H3,318,2024-11-06,2024-11-11,76689.0,-0.0170428614273233,0.0014949050367590953,75382.0,76803.64277236402,0.0,76689.0,1421.6427723640227,2021068.1722148643,-1,1,2773
KNN,H4,318,2024-11-06,2024-11-12,76689.0,-0.0230932728292193,0.001941271165368096,74918.0,76837.87414440092,0.0,76689.0,1919.874144400921,3685916.7303391686,-1,1,2772
KNN,H5,318,2024-11-06,2024-11-13,76689.0,-0.0283613034463873,0.003149011381259908,74514.0,76930.49453381744,0.0,76689.0,2416.494533817444,5839445.831969585,-1,1,2771
KNN,H6,318,2024-11-06,2024-11-14,76689.0,-0.0330947071939913,0.004148448765232101,74151.0,77007.14038735689,0.0,76689.0,2856.1403873568925,8157537.912291179,-1,1,2770
KNN,H7,318,2024-11-06,2024-11-15,76689.0,-0.0355200876266479,0.0051542668508662145,73965.0,77084.27557052608,0.0,76689.0,3119.275570526079,9729880.084880795,-1,1,2769
KNN,H1,319,2024-11-07,2024-11-08,77386.0,-0.0017832682914221,0.00012294107696919998,77248.0,77395.51391818233,0.0,77386.0,147.51391818233242,21760.35605750386,-1,1,2776
KNN,H2,319,2024-11-07,2024-11-11,77386.0,-0.0258961569276096,0.0008102870824431012,75382.0,77448.70487616194,0.0,77386.0,2066.704876161937,4271269.045151528,-1,1,2775
KNN,H3,319,2024-11-07,2024-11-12,77386.0,-0.031892073501667,0.0008787798174111607,74918.0,77454.00525495019,0.0,77386.0,2536.005254950185,6431322.653134954,-1,1,2774
KNN,H4,319,2024-11-07,2024-11-13,77386.0,-0.0371126560359754,0.0012892688312811135,74514.0,77485.77135777751,0.0,77386.0,2971.771357777514,8831425.002906809,-1,1,2773
KNN,H5,319,2024-11-07,2024-11-14,77386.0,-0.0418034269764556,0.0019513927060720525,74151.0,77537.0104759521,0.0,77386.0,3386.0104759521055,11465066.943257404,-1,1,2772
KNN,H6,319,2024-11-07,2024-11-15,77386.0,-0.0442069624996769,0.00290381863195835,73965.0,77610.71490865272,0.0,77386.0,3645.7149086527206,13291237.195172716,-1,1,2771
KNN,H7,319,2024-11-07,2024-11-18,77386.0,-0.0303284831881736,0.003934576621652632,75039.0,77690.4811464432,0.0,77386.0,2651.4811464431987,7030352.269943739,-1,1,2770
KNN,H1,320,2024-11-08,2024-11-11,77248.0,-0.0241559652029825,0.0003728699051708423,75382.0,77276.80345443463,0.0,77248.0,1894.80345443463,3590280.1309374073,-1,1,2777
KNN,H2,320,2024-11-08,2024-11-12,77248.0,-0.0301625932062965,0.0005830692765603141,74918.0,77293.04093547573,0.0,77248.0,2375.0409354757285,5640819.445185424,-1,1,2776
KNN,H3,320,2024-11-08,2024-11-13,77248.0,-0.035392502071251,0.0011703045044135702,74514.0,77338.40368235693,0.0,77248.0,2824.403682356933,7977256.160911404,-1,1,2775
KNN,H4,320,2024-11-08,2024-11-14,77248.0,-0.0400916528583263,0.002277655934105837,74151.0,77423.94436559781,0.0,77248.0,3272.9443655978102,10712164.820298452,-1,1,2774
KNN,H5,320,2024-11-08,2024-11-15,77248.0,-0.042499482187241,0.003193172336650895,73965.0,77494.66617666162,0.0,77248.0,3529.666176661616,12458543.318669032,-1,1,2773
KNN,H6,320,2024-11-08,2024-11-18,77248.0,-0.0285962096106048,0.004078038692267597,75039.0,77563.02033290028,0.0,77248.0,2524.0203329002834,6370678.640894057,-1,1,2772
KNN,H7,320,2024-11-08,2024-11-19,77248.0,-0.0219164250207125,0.004924260735128684,75555.0,77628.38929326723,0.0,77248.0,2073.3892932672316,4298943.16143519,-1,1,2771
KNN,H1,321,2024-11-11,2024-11-12,75382.0,-0.0061553155925817,0.00017888448285445746,74918.0,75395.48467008655,0.0,75382.0,477.4846700865455,227991.61016765723,-1,1,2778
KNN,H2,321,2024-11-11,2024-11-13,75382.0,-0.0115146852033641,0.00023996155441171886,74514.0,75400.08878189466,0.0,75382.0,886.0887818946649,785153.3293995709,-1,1,2777
KNN,H3,321,2024-11-11,2024-11-14,75382.0,-0.0163301583932503,0.0004881957754344209,74151.0,75418.8011739438,0.0,75382.0,1267.8011739437934,1607319.8166532607,-1,1,2776
KNN,H4,321,2024-11-11,2024-11-15,75382.0,-0.0187975909368284,0.001244209991210514,73965.0,75475.79103755743,0.0,75382.0,1510.7910375574284,2282489.5591638507,-1,1,2775
KNN,H5,321,2024-11-11,2024-11-18,75382.0,-0.0045501578626196,0.001512264378565131,75039.0,75495.99751338501,0.0,75382.0,456.99751338500937,208846.72724008182,-1,1,2774
KNN,H6,321,2024-11-11,2024-11-19,75382.0,0.0022949775808549,0.0033053062718458896,75555.0,75631.1605973843,0.0,75382.0,76.16059738429612,5800.436593932854,1,1,2773
KNN,H7,321,2024-11-11,2024-11-20,75382.0,0.0083043697434401,0.004287483279074408,76008.0,75705.1990645432,0.0,75382.0,302.80093545680575,91688.40651351665,1,1,2772
KNN,H1,322,2024-11-12,2024-11-13,74918.0,-0.0053925625350382,9.381005288183132e-05,74514.0,74925.0280615418,0.0,74918.0,411.02806154180143,168944.0673748109,-1,1,2779
KNN,H2,322,2024-11-12,2024-11-14,74918.0,-0.0102378600603326,0.00047059595295527174,74151.0,74953.25610760349,0.0,74918.0,802.2561076034908,643614.8621871038,-1,1,2778
KNN,H3,322,2024-11-12,2024-11-15,74918.0,-0.0127205744947809,0.0008227450148643406,73965.0,74979.63841102361,0.0,74918.0,1014.6384110236104,1029491.1051245169,-1,1,2777
KNN,H4,322,2024-11-12,2024-11-18,74918.0,0.001615099175098,0.0014991335920311092,75039.0,75030.31209044778,0.0,74918.0,8.687909552216297,75.47977238749118,1,1,2776
KNN,H5,322,2024-11-12,2024-11-19,74918.0,0.0085026295416321,0.0009653217039474335,75555.0,74990.31997141633,0.0,74918.0,564.6800285836653,318863.534681249,1,1,2775
KNN,H6,322,2024-11-12,2024-11-20,74918.0,0.0145492405029499,0.0037509212749800977,76008.0,75199.01152007896,0.0,74918.0,808.9884799210413,654462.360644957,1,1,2774
KNN,H7,322,2024-11-12,2024-11-21,74918.0,0.0236391788355267,0.004495837960088255,76689.0,75254.8191882939,0.0,74918.0,1434.180811706101,2056874.6006659705,1,1,2773
KNN,H1,323,2024-11-13,2024-11-14,74514.0,-0.0048715677590788,4.811935571954208e-05,74151.0,74517.58556567208,0.0,74514.0,366.58556567208143,134384.97695911993,-1,1,2780
KNN,H2,323,2024-11-13,2024-11-15,74514.0,-0.0073677429744746,0.0006682396769913157,73965.0,74563.79321129133,0.0,74514.0,598.7932112913259,358553.3098885784,-1,1,2779
KNN,H3,323,2024-11-13,2024-11-18,74514.0,0.0070456558499074,0.0005542584391301623,75039.0,74555.30001333336,0.0,74514.0,483.6999866666447,233965.67710131226,1,1,2778
KNN,H4,323,2024-11-13,2024-11-19,74514.0,0.013970529028102,0.00136027210719748,75555.0,74615.35931579571,0.0,74514.0,939.6406842042925,882924.6154119109,1,1,2777
KNN,H5,323,2024-11-13,2024-11-20,74514.0,0.0200499235043079,0.002245890511056919,76008.0,74681.3502855409,0.0,74514.0,1326.6497144590976,1759999.4648744052,1,1,2776
KNN,H6,323,2024-11-13,2024-11-21,74514.0,0.0291891456639021,0.002757102122008399,76689.0,74719.44270751932,0.0,74514.0,1969.5572924806766,3879155.928363813,1,1,2775
KNN,H7,323,2024-11-13,2024-11-22,74514.0,0.0411332098666021,0.003918447410465381,77579.0,74805.97919034342,0.0,74514.0,2773.0208096565766,7689644.410788416,1,1,2774
KNN,H1,324,2024-11-14,2024-11-15,74151.0,-0.0025083950317594,-6.195099636215809e-05,73965.0,74146.40627166875,0.0,74151.0,181.40627166874765,32908.235400755475,-1,-1,2781
KNN,H2,324,2024-11-14,2024-11-18,74151.0,0.0119755633774325,0.00022127980652931402,75039.0,74167.40811893395,0.0,74151.0,871.5918810660514,759672.4071402579,1,1,2780
KNN,H3,324,2024-11-14,2024-11-19,74151.0,0.0189343366913461,0.0005941640082262496,75555.0,74195.05785537399,0.0,74151.0,1359.9421446260094,1849442.63672999,1,1,2779
KNN,H4,324,2024-11-14,2024-11-20,74151.0,0.0250434923332119,0.0009577388380686851,76008.0,74222.01729258163,0.0,74151.0,1785.9827074183704,3189734.2311974526,1,1,2778
KNN,H5,324,2024-11-14,2024-11-21,74151.0,0.0342274547882024,0.002426320671652399,76689.0,74330.9141041237,0.0,74151.0,2358.0858958762983,5560569.092330724,1,1,2777
KNN,H6,324,2024-11-14,2024-11-22,74151.0,0.0462299901552238,0.0033877067391722415,77579.0,74402.20184241637,0.0,74151.0,3176.798157583631,10092046.534026753,1,1,2776
KNN,H7,324,2024-11-14,2024-11-25,74151.0,0.0165338296179418,0.004618170964398668,75377.0,74493.44199518113,0.0,74151.0,883.5580048188713,780674.7478795046,1,1,2775
KNN,H1,325,2024-11-15,2024-11-18,73965.0,0.0145203812614074,-2.8569564641833463e-05,75039.0,73962.88685215126,0.0,73965.0,1076.1131478487368,1158019.5069729174,1,-1,2782
KNN,H2,325,2024-11-15,2024-11-19,73965.0,0.0214966538227538,0.0002137404977973575,75555.0,73980.80931591959,0.0,73965.0,1574.190684080415,2478076.309845565,1,1,2781
KNN,H3,325,2024-11-15,2024-11-20,73965.0,0.0276211721760291,0.000443515190586423,76008.0,73997.80460107172,0.0,73965.0,2010.1953989282774,4040885.5418724166,1,1,2780
KNN,H4,325,2024-11-15,2024-11-21,73965.0,0.0368282295680388,0.00018009532812813796,76689.0,73978.320750945,0.0,73965.0,2710.6792490549997,7347781.991257377,1,1,2779
KNN,H5,325,2024-11-15,2024-11-22,73965.0,0.0488609477455552,0.0021198059358031275,77579.0,74121.79144604168,0.0,73965.0,3457.2085539583204,11952290.985562582,1,1,2778
KNN,H6,325,2024-11-15,2024-11-25,73965.0,0.0190901101872507,0.0025403594272628586,75377.0,74152.89768503749,0.0,73965.0,1224.1023149625107,1498426.477496578,1,1,2777
KNN,H7,325,2024-11-15,2024-11-26,73965.0,0.0179544379098222,0.0031378400925088866,75293.0,74197.09034244242,0.0,73965.0,1095.9096575575822,1201017.9775279772,1,1,2776
KNN,H1,326,2024-11-18,2024-11-19,75039.0,0.006876424259385,0.0004681310135808427,75555.0,75074.12808312809,0.0,75039.0,480.8719168719108,231237.80043606588,1,1,2783
KNN,H2,326,2024-11-18,2024-11-20,75039.0,0.0129132850917523,0.0006836715062465048,76008.0,75090.30202615724,0.0,75039.0,917.6979738427617,842169.5711951102,1,1,2782
KNN,H3,326,2024-11-18,2024-11-21,75039.0,0.0219885659457081,0.001075313484631778,76689.0,75119.69044857328,0.0,75039.0,1569.3095514267188,2462732.4681991297,1,1,2781
KNN,H4,326,2024-11-18,2024-11-22,75039.0,0.0338490651527871,0.002254896276615058,77579.0,75208.20516170093,0.0,75039.0,2370.7948382990726,5620668.165305526,1,1,2780
KNN,H5,326,2024-11-18,2024-11-25,75039.0,0.0045043244179692,0.0036639708353160706,75377.0,75313.94070751128,0.0,75039.0,63.05929248871689,3976.4743691775466,1,1,2779
KNN,H6,326,2024-11-18,2024-11-26,75039.0,0.0033849065152786,0.004485952817767639,75293.0,75375.62141349247,0.0,75039.0,82.62141349246667,6826.297967493154,1,1,2778
KNN,H7,326,2024-11-18,2024-11-27,75039.0,0.0099814762989911,0.0064818668594226565,75788.0,75525.39280726422,0.0,75039.0,262.60719273578434,68962.53767656938,1,1,2777
KNN,H1,327,2024-11-19,2024-11-20,75555.0,0.0059956323208258,0.000494759469129367,76008.0,75592.38155169006,0.0,75555.0,415.61844830993505,172738.69457555815,1,1,2784
KNN,H2,327,2024-11-19,2024-11-21,75555.0,0.0150089338892198,0.0011271241769038637,76689.0,75640.15986718598,0.0,75555.0,1048.8401328140171,1100065.624201325,1,1,2783
KNN,H3,327,2024-11-19,2024-11-22,75555.0,0.0267884322678844,0.001370513374905224,77579.0,75658.54913804095,0.0,75555.0,1920.4508619590488,3688131.5131992535,1,1,2782
KNN,H4,327,2024-11-19,2024-11-25,75555.0,-0.0023558996757329,0.003099715321905177,75377.0,75789.19899114655,0.0,75555.0,412.1989911465498,169908.00830223344,-1,1,2781
KNN,H5,327,2024-11-19,2024-11-26,75555.0,-0.0034676725564158,0.005326903461736778,75293.0,75957.47419105151,0.0,75555.0,664.4741910515149,441525.95057356515,-1,1,2780
KNN,H6,327,2024-11-19,2024-11-27,75555.0,0.0030838462047515,0.00528116167951336,75788.0,75954.01817069564,0.0,75555.0,166.0181706956355,27562.03300112516,1,1,2779
KNN,H7,327,2024-11-19,2024-11-28,75555.0,0.0027264906359605,0.006152445091799121,75761.0,76019.84798891089,0.0,75555.0,258.84798891088576,67002.28136321004,1,1,2778
KNN,H1,328,2024-11-20,2024-11-21,76008.0,0.0089595832017681,0.00044013041266302853,76689.0,76041.4534324057,0.0,76008.0,647.5465675942978,419316.5572031565,1,1,2785
KNN,H2,328,2024-11-20,2024-11-22,76008.0,0.02066887696032,0.0010516614159027536,77579.0,76087.93468089994,0.0,76008.0,1491.0653191000602,2223275.7858229643,1,1,2784
KNN,H3,328,2024-11-20,2024-11-25,76008.0,-0.0083017577097147,0.0015788938640997597,75377.0,76128.00856482249,0.0,76008.0,751.0085648224922,564013.8644367395,-1,1,2783
KNN,H4,328,2024-11-20,2024-11-26,76008.0,-0.0094069045363646,0.0030502771950364988,75293.0,76239.84546904033,0.0,76008.0,946.8454690403305,896516.3422422034,-1,1,2782
KNN,H5,328,2024-11-20,2024-11-27,76008.0,-0.0028944321650352,0.0037906655545209404,75788.0,76296.12090746804,0.0,76008.0,508.12090746803733,258186.85660614175,-1,1,2781
KNN,H6,328,2024-11-20,2024-11-28,76008.0,-0.0032496579307441,0.004836347795068209,75761.0,76375.60112320754,0.0,76008.0,614.6011232075398,377734.5406479695,-1,1,2780
KNN,H7,328,2024-11-20,2024-11-29,76008.0,0.00627565519419,0.005623735695785605,76485.0,76435.44890276527,0.0,76008.0,49.5510972347256,2455.3112371652314,1,1,2779
KNN,H1,329,2024-11-21,2024-11-22,76689.0,0.0116053149734642,0.0007888144373710895,77579.0,76749.49339038755,0.0,76689.0,829.5066096124501,688081.2153907417,1,1,2786
KNN,H2,329,2024-11-21,2024-11-25,76689.0,-0.0171080598260506,0.0017548423047826869,75377.0,76823.57710151147,0.0,76689.0,1446.5771015114733,2092585.3106173354,-1,1,2785
KNN,H3,329,2024-11-21,2024-11-26,76689.0,-0.0182033929246697,0.0019984093005791276,75293.0,76842.25601085211,0.0,76689.0,1549.2560108521138,2400194.187161405,-1,1,2784
KNN,H4,329,2024-11-21,2024-11-27,76689.0,-0.0117487514506643,0.0036769796816772766,75788.0,76970.98389480816,0.0,76689.0,1182.9838948081597,1399450.895375483,-1,1,2783
KNN,H5,329,2024-11-21,2024-11-28,76689.0,-0.0121008228037919,0.004478886273201349,75761.0,77032.48130940553,0.0,76689.0,1271.481309405528,1616664.7201675961,-1,1,2782
KNN,H6,329,2024-11-21,2024-11-29,76689.0,-0.0026600946680749,0.005239379243263533,76485.0,77090.80275478664,0.0,76689.0,605.8027547866368,366996.977707078,-1,1,2781
KNN,H7,329,2024-11-21,2024-12-02,76689.0,-0.0113966800975368,0.005514231362950768,75815.0,77111.88088899333,0.0,76689.0,1296.880888993328,1681900.0402361248,-1,1,2780
KNN,H1,330,2024-11-22,2024-11-25,77579.0,-0.0283839698887585,0.0009322791388085479,75377.0,77651.32528330962,0.0,77579.0,2274.3252833096194,5172555.494301381,-1,1,2787
KNN,H2,330,2024-11-22,2024-11-26,77579.0,-0.0294667371324713,0.0021647524636348565,75293.0,77746.93933137633,0.0,77579.0,2453.9393313763285,6021818.242075702,-1,1,2786
KNN,H3,330,2024-11-22,2024-11-27,77579.0,-0.0230861444463063,0.0025494175171868094,75788.0,77776.78126156583,0.0,77579.0,1988.7812615658331,3955250.9063553866,-1,1,2785
KNN,H4,330,2024-11-22,2024-11-28,77579.0,-0.0234341767746426,0.004075509899084401,75761.0,77895.17398246107,0.0,77579.0,2134.1739824610704,4554698.587413745,-1,1,2784
KNN,H5,330,2024-11-22,2024-11-29,77579.0,-0.0141017543407365,0.004861491914172931,76485.0,77956.14968120963,0.0,77579.0,1471.1496812096302,2164281.3845231966,-1,1,2783
KNN,H6,330,2024-11-22,2024-12-02,77579.0,-0.02273811211797,0.005469287077991978,75815.0,78003.30182222354,0.0,77579.0,2188.3018222235405,4788664.865146868,-1,1,2782
KNN,H7,330,2024-11-22,2024-12-03,77579.0,-0.0212041918560434,0.006040898523291467,75934.0,78047.64686653842,0.0,77579.0,2113.6468665384164,4467503.0764276665,-1,1,2781
KNN,H1,331,2024-11-25,2024-11-26,75377.0,-0.0011143982912559,0.0002739674203902805,75293.0,75397.65084224676,0.0,75377.0,104.65084224675957,10951.798782956157,-1,1,2788
KNN,H2,331,2024-11-25,2024-11-27,75377.0,0.0054525916393595,0.0007219006307538522,75788.0,75431.41470384433,0.0,75377.0,356.5852961556666,127153.07343442444,1,1,2787
KNN,H3,331,2024-11-25,2024-11-28,75377.0,0.0050943921885986,0.0011640868589944387,75761.0,75464.74537517042,0.0,75377.0,296.2546248295839,87766.80273291752,1,1,2786
KNN,H4,331,2024-11-25,2024-11-29,75377.0,0.014699444127519,0.0010024718306626884,76485.0,75452.56331917987,0.0,75377.0,1032.4366808201303,1065925.4999028875,1,1,2785
KNN,H5,331,2024-11-25,2024-12-02,75377.0,0.0058107910901203,0.001511685966969718,75815.0,75490.94635313227,0.0,75377.0,324.053646867731,105010.76604827611,1,1,2784
KNN,H6,331,2024-11-25,2024-12-03,75377.0,0.0073895220027329,0.002169092637257887,75934.0,75540.4996957186,0.0,75377.0,393.500304281406,154842.4894695591,1,1,2783
KNN,H7,331,2024-11-25,2024-12-04,75377.0,0.0087427199278293,0.002413730118139497,76036.0,75558.939735115,0.0,75377.0,477.06026488500356,227586.49633214975,1,1,2782
KNN,H1,332,2024-11-26,2024-11-27,75293.0,0.006574316337508,0.0002637919564995232,75788.0,75312.86168778072,0.0,75293.0,475.1383122192783,225756.4157385844,1,1,2789
KNN,H2,332,2024-11-26,2024-11-28,75293.0,0.0062157172645531,0.0004663059849547723,75761.0,75328.1095765252,0.0,75293.0,432.89042347480427,187394.11873619538,1,1,2788
KNN,H3,332,2024-11-26,2024-11-29,75293.0,0.0158314849986054,0.0007936244087506654,76485.0,75352.75436260807,0.0,75293.0,1132.2456373919267,1281980.1833930505,1,1,2787
KNN,H4,332,2024-11-26,2024-12-02,75293.0,0.0069329154104631,0.0009359335519024994,75815.0,75363.4692449234,0.0,75293.0,451.53075507660105,203880.0227800455,1,1,2786
KNN,H5,332,2024-11-26,2024-12-03,75293.0,0.0085134076208943,0.0010053730691862435,75934.0,75368.69755449823,0.0,75293.0,565.302445501773,319566.85489028506,1,1,2785
KNN,H6,332,2024-11-26,2024-12-04,75293.0,0.0098681152298354,0.002357397025311038,76036.0,75470.49549422674,0.0,75293.0,565.5045057732641,319795.34604986367,1,1,2784
KNN,H7,332,2024-11-26,2024-12-05,75293.0,0.0140783339752699,0.002758466460210153,76353.0,75500.6932151886,0.0,75293.0,852.3067848114006,726426.8554355471,1,1,2783
KNN,H1,333,2024-11-27,2024-11-28,75788.0,-0.000356256927218,0.0002029902113038816,75761.0,75803.3842221343,0.0,75788.0,42.38422213429294,1796.4222859290876,-1,1,2790
KNN,H2,333,2024-11-27,2024-11-29,75788.0,0.0091967066026283,0.0007276604376923296,76485.0,75843.14792925182,0.0,75788.0,641.8520707481803,411974.080723727,1,1,2789
KNN,H3,333,2024-11-27,2024-12-02,75788.0,0.0003562569272179,0.0006459555118115981,75815.0,75836.95567632918,0.0,75788.0,21.95567632917664,482.05172307156744,1,1,2788
KNN,H4,333,2024-11-27,2024-12-03,75788.0,0.0019264263471789,0.0016579501082280412,75934.0,75913.65272280239,0.0,75788.0,20.34727719760849,414.01168935631847,1,1,2787
KNN,H5,333,2024-11-27,2024-12-04,75788.0,0.0032722858500027,0.00029055680091398425,76036.0,75810.02071882767,0.0,75788.0,225.97928117233096,51066.635519163414,1,1,2786
KNN,H6,333,2024-11-27,2024-12-05,75788.0,0.0074550060695623,0.002192162912911321,76353.0,75954.13964284373,0.0,75788.0,398.86035715627077,159089.58451082787,1,1,2785
KNN,H7,333,2024-11-27,2024-12-06,75788.0,0.0052382963002057,0.0031495113386882175,76185.0,76026.6951653365,0.0,75788.0,158.30483466350415,25060.420677839385,1,1,2784
KNN,H1,334,2024-11-28,2024-11-29,75761.0,0.0095563680521639,0.0005874756441029514,76485.0,75805.50774227288,0.0,75761.0,679.4922577271209,461709.7283111001,1,1,2791
KNN,H2,334,2024-11-28,2024-12-02,75761.0,0.0007127677828961,0.0009610676556549779,75815.0,75833.81144666008,0.0,75761.0,18.811446660081856,353.8705254451048,1,1,2790
KNN,H3,334,2024-11-28,2024-12-03,75761.0,0.0022834967859453,0.001173935544770522,75934.0,75849.93853080737,0.0,75761.0,84.0614691926312,7066.330602823683,1,1,2789
KNN,H4,334,2024-11-28,2024-12-04,75761.0,0.0036298359314159,0.001620899898772668,76036.0,75883.80099723091,0.0,75761.0,152.19900276909175,23164.536443906,1,1,2788
KNN,H5,334,2024-11-28,2024-12-05,75761.0,0.0078140468050844,0.0024132037772783554,76353.0,75943.82673137038,0.0,75761.0,409.17326862961636,167422.7637610442,1,1,2787
KNN,H6,334,2024-11-28,2024-12-06,75761.0,0.0055965470360739,0.003143362962610712,76185.0,75999.14432141035,0.0,75761.0,185.85567858965078,34542.33326401957,1,1,2786
KNN,H7,334,2024-11-28,2024-12-09,75761.0,0.0163408613930651,0.003789367833995537,76999.0,76048.08629647133,0.0,75761.0,950.9137035286694,904236.8715586102,1,1,2785
KNN,H1,335,2024-11-29,2024-12-02,76485.0,-0.0087598875596521,0.00043024158194202196,75815.0,76517.90702739483,0.0,76485.0,702.907027394831,494078.2891610376,-1,1,2792
KNN,H2,335,2024-11-29,2024-12-03,76485.0,-0.0072040269333856,0.0006547874976966104,75934.0,76535.08142176132,0.0,76485.0,601.0814217613224,361298.8755866128,-1,1,2791
KNN,H3,335,2024-11-29,2024-12-04,76485.0,-0.0058704321108714,0.0014586659150593667,76036.0,76596.5660625133,0.0,76485.0,560.5660625133023,314234.31044166756,-1,1,2790
KNN,H4,335,2024-11-29,2024-12-05,76485.0,-0.0017258285938419,0.001930268218692259,76353.0,76632.63656470669,0.0,76485.0,279.636564706685,78196.60832095605,-1,1,2789
KNN,H5,335,2024-11-29,2024-12-06,76485.0,-0.0039223377132771,0.002348807781384766,76185.0,76664.64856315921,0.0,76485.0,479.6485631592077,230062.74414069246,-1,1,2788
KNN,H6,335,2024-11-29,2024-12-09,76485.0,0.006720271948748,0.002898460069475347,76999.0,76706.68871841382,0.0,76485.0,292.3112815861823,85445.88534255636,1,1,2787
KNN,H7,335,2024-11-29,2024-12-10,76485.0,0.0164738183957637,0.0031881921881312366,77745.0,76728.84887950921,0.0,76485.0,1016.1511204907874,1032563.0996746828,1,1,2786
KNN,H1,336,2024-12-02,2024-12-03,75815.0,0.0015696102354414,0.00013377129534504966,75934.0,75825.14187075659,0.0,75815.0,108.85812924341008,11850.092302374973,1,1,2793
KNN,H2,336,2024-12-02,2024-12-04,75815.0,0.0029149904372485,0.000376982946954675,76036.0,75843.58096212336,0.0,75815.0,192.41903787663614,37025.08613737033,1,1,2792
KNN,H3,336,2024-12-02,2024-12-05,75815.0,0.0070962210644331,0.0004937999226631844,76353.0,75852.4374411367,0.0,75815.0,500.56255886329745,250562.8753357721,1,1,2791
KNN,H4,336,2024-12-02,2024-12-06,75815.0,0.004880300732045,0.002236296868904633,76185.0,75984.544847116,0.0,75815.0,200.45515288399474,40182.26831774571,1,1,2790
KNN,H5,336,2024-12-02,2024-12-09,75815.0,0.0156169623425443,0.0038538021436437166,76999.0,76107.17600952034,0.0,75815.0,891.8239904796646,795350.029995073,1,1,2789
KNN,H6,336,2024-12-02,2024-12-10,75815.0,0.0254567038185056,0.0030997478436625638,77745.0,76050.00738276727,0.0,75815.0,1694.992617232725,2872999.972473443,1,1,2788
KNN,H7,336,2024-12-02,2024-12-11,75815.0,0.0326056848908526,0.0036333132216016016,78287.0,76090.45964189572,0.0,75815.0,2196.5403581042774,4824789.544780867,1,1,2787
KNN,H1,337,2024-12-03,2024-12-04,75934.0,0.0013432717886585,0.00021828335126093264,76036.0,75950.57512799466,0.0,75934.0,85.42487200534379,7297.4087571293685,1,1,2794
KNN,H2,337,2024-12-03,2024-12-05,75934.0,0.0055179497985091,0.0006574157084250058,76353.0,75983.92020440353,0.0,75934.0,369.0797955964663,136219.89551752934,1,1,2793
KNN,H3,337,2024-12-03,2024-12-06,75934.0,0.003305502146601,0.0011104437770204346,76185.0,76018.32043776427,0.0,75934.0,166.67956223573128,27782.07646709502,1,1,2792
KNN,H4,337,2024-12-03,2024-12-09,75934.0,0.0140253377933468,0.0019191460552286524,76999.0,76079.72843655772,0.0,75934.0,919.2715634422784,845060.2073536109,1,1,2791
KNN,H5,337,2024-12-03,2024-12-10,75934.0,0.0238496589143202,0.002854564341952899,77745.0,76150.75848874185,0.0,75934.0,1594.2415112581511,2541605.996218674,1,1,2790
KNN,H6,337,2024-12-03,2024-12-11,75934.0,0.0309874364579767,0.003367400385299006,78287.0,76189.7001808573,0.0,75934.0,2097.299819142703,4398666.531376015,1,1,2789
KNN,H7,337,2024-12-03,2024-12-12,75934.0,0.0193062396291516,0.003937994624851095,77400.0,76233.02768384344,0.0,75934.0,1166.9723161565635,1361824.3866758144,1,1,2788
KNN,H1,338,2024-12-04,2024-12-05,76036.0,0.0041690778052501,0.0005700157037984989,76353.0,76079.34171405401,0.0,76036.0,273.6582859459886,74888.85746689647,1,1,2795
KNN,H2,338,2024-12-04,2024-12-06,76036.0,0.0019595980851174,0.0011915405353341423,76185.0,76126.59997614467,0.0,76036.0,58.40002385532716,3410.5627863027817,1,1,2794
KNN,H3,338,2024-12-04,2024-12-09,76036.0,0.0126650533957599,0.0018310912267041379,76999.0,76175.22885251367,0.0,76036.0,823.7711474863318,678598.9034309478,1,1,2793
KNN,H4,338,2024-12-04,2024-12-10,76036.0,0.0224761954863486,0.00190739328353755,77745.0,76181.03055570707,0.0,76036.0,1563.9694442929322,2446000.422681943,1,1,2792
KNN,H5,338,2024-12-04,2024-12-11,76036.0,0.0296043979167761,0.0015794774230769768,78287.0,76156.09714534109,0.0,76036.0,2130.9028546589107,4540746.9759934945,1,1,2791
KNN,H6,338,2024-12-04,2024-12-12,76036.0,0.0179388710610763,0.0033730529772283717,77400.0,76292.47345617654,0.0,76036.0,1107.5265438234637,1226615.0452735468,1,1,2790
KNN,H7,338,2024-12-04,2024-12-13,76036.0,0.0073123257404388,0.004120400105330042,76592.0,76349.29874240888,0.0,76036.0,242.70125759112125,58903.900436311786,1,1,2789
KNN,H1,339,2024-12-05,2024-12-06,76353.0,-0.0022003064712584,0.0009982037818947944,76185.0,76429.21585335901,0.0,76353.0,244.21585335901182,59641.38303187036,-1,1,2796
KNN,H2,339,2024-12-05,2024-12-09,76353.0,0.008460702264482,0.00142578614919438,76999.0,76461.86304984945,0.0,76353.0,537.1369501505542,288516.1032170389,1,1,2795
KNN,H3,339,2024-12-05,2024-12-10,76353.0,0.018231110761856,0.001660605870132752,77745.0,76479.79224000225,0.0,76353.0,1265.2077599977492,1600750.6759585221,1,1,2794
KNN,H4,339,2024-12-05,2024-12-11,76353.0,0.0253297185441305,0.0014567593001842895,78287.0,76464.22794284696,0.0,76353.0,1822.7720571530372,3322497.972337915,1,1,2793
KNN,H5,339,2024-12-05,2024-12-12,76353.0,0.0137126242583789,0.0033487750101235574,77400.0,76608.68901834796,0.0,76353.0,791.3109816520446,626173.0696831224,1,1,2792
KNN,H6,339,2024-12-05,2024-12-13,76353.0,0.0031301978966118,0.003475310073694381,76592.0,76618.35035005679,0.0,76353.0,26.350350056789466,694.3409481153446,1,1,2791
KNN,H7,339,2024-12-05,2024-12-16,76353.0,0.0017419092897463,0.003973211464748015,76486.0,76656.3666149679,0.0,76353.0,170.36661496790475,29024.78349562231,1,1,2790
KNN,H1,340,2024-12-06,2024-12-09,76185.0,0.0106845179497276,0.0005653174759521922,76999.0,76228.0687119054,0.0,76185.0,770.9312880945945,594335.0509631906,1,1,2797
KNN,H2,340,2024-12-06,2024-12-10,76185.0,0.0204764717464067,0.0011134844184825456,77745.0,76269.83081042209,0.0,76185.0,1475.1691895779077,2176124.1378799407,1,1,2796
KNN,H3,340,2024-12-06,2024-12-11,76185.0,0.0275907330839404,0.0013390476782251233,78287.0,76287.01534736558,0.0,76185.0,1999.984652634419,3999938.610773218,1,1,2795
KNN,H4,340,2024-12-06,2024-12-12,76185.0,0.0159480212640283,0.0015695342382663936,77400.0,76304.57496594233,0.0,76185.0,1095.425034057669,1199956.0052402455,1,1,2794
KNN,H5,340,2024-12-06,2024-12-13,76185.0,0.0053422589748637,0.0030800156652943346,76592.0,76419.65099346045,0.0,76185.0,172.34900653954537,29704.180055168254,1,1,2793
KNN,H6,340,2024-12-06,2024-12-16,76185.0,0.0039509089715823,0.0030925516698805653,76486.0,76420.60604896984,0.0,76185.0,65.39395103015704,4276.368831334577,1,1,2792
KNN,H7,340,2024-12-06,2024-12-17,76185.0,0.0016932467021066,0.0038093231572467827,76314.0,76475.21328473484,0.0,76185.0,161.21328473484027,25989.723174996685,1,1,2791
KNN,H1,341,2024-12-09,2024-12-10,76999.0,0.0096884375121755,0.0006956035335799248,77745.0,77052.56077648212,0.0,76999.0,692.439223517882,479472.0782660474,1,1,2798
KNN,H2,341,2024-12-09,2024-12-11,76999.0,0.0167274899674021,0.00144447473287934,78287.0,77110.22310995696,0.0,76999.0,1176.7768900430383,1384803.848939365,1,1,2797
KNN,H3,341,2024-12-09,2024-12-12,76999.0,0.0052078598423355,0.0015579772179812954,77400.0,77118.96268780733,0.0,76999.0,281.03731219266774,78981.97084447899,1,1,2796
KNN,H4,341,2024-12-09,2024-12-13,76999.0,-0.0052857829322459,0.002047567888431286,76592.0,77156.66067984133,0.0,76999.0,564.6606798413268,318841.68335886934,-1,1,2795
KNN,H5,341,2024-12-09,2024-12-16,76999.0,-0.006662424187327,0.0029650178193603408,76486.0,77227.30340707292,0.0,76999.0,741.3034070729191,549530.741337918,-1,1,2794
KNN,H6,341,2024-12-09,2024-12-17,76999.0,-0.0088962194314211,0.003725130469769907,76314.0,77285.83132104181,0.0,76999.0,971.8313210418128,944456.116557875,-1,1,2793
KNN,H7,341,2024-12-09,2024-12-18,76999.0,-0.0114806685801114,0.0044424867937776875,76115.0,77341.0670406341,0.0,76999.0,1226.0670406340942,1503240.3881292455,-1,1,2792
KNN,H1,342,2024-12-10,2024-12-11,77745.0,0.0069715094218276,0.0006876523945420725,78287.0,77798.46153541368,0.0,77745.0,488.53846458632324,238669.83138036221,1,1,2799
KNN,H2,342,2024-12-10,2024-12-12,77745.0,-0.004437584410573,0.0016803509993171927,77400.0,77875.63888844193,0.0,77745.0,475.63888844192843,226232.35219827323,-1,1,2798
KNN,H3,342,2024-12-10,2024-12-13,77745.0,-0.0148305357257702,0.0017896582061045006,76592.0,77884.1369772336,0.0,77745.0,1292.1369772336038,1669617.9679343947,-1,1,2797
KNN,H4,342,2024-12-10,2024-12-16,77745.0,-0.0161939674577142,0.002475678615579536,76486.0,77937.47163396823,0.0,77745.0,1451.4716339682345,2106769.9042144166,-1,1,2796
KNN,H5,342,2024-12-10,2024-12-17,77745.0,-0.0184063283812463,0.0035471189300069206,76314.0,78020.77076121338,0.0,77745.0,1706.7707612133818,2913066.4313329067,-1,1,2795
KNN,H6,342,2024-12-10,2024-12-18,77745.0,-0.0209659785195189,0.0040819604515285835,76115.0,78062.35201530409,0.0,77745.0,1947.3520153040881,3792179.8715088936,-1,1,2794
KNN,H7,342,2024-12-10,2024-12-19,77745.0,-0.0328509872017492,0.004575031750807432,75191.0,78100.68584346653,0.0,77745.0,2909.6858434665337,8466271.707669554,-1,1,2793
KNN,H1,343,2024-12-11,2024-12-12,78287.0,-0.0113301058924214,0.0010398909112404279,77400.0,78368.40993976827,0.0,78287.0,968.409939768273,937817.8114419902,-1,1,2800
KNN,H2,343,2024-12-11,2024-12-13,78287.0,-0.0216511042701853,0.0019842648152715793,76592.0,78442.34213959315,0.0,78287.0,1850.342139593151,3423766.0335541596,-1,1,2799
KNN,H3,343,2024-12-11,2024-12-16,78287.0,-0.0230050966316246,0.0023484924570076992,76486.0,78470.85642898176,0.0,78287.0,1984.8564289817587,3939655.043670219,-1,1,2798
KNN,H4,343,2024-12-11,2024-12-17,78287.0,-0.0252021408407525,0.0023872094121425063,76314.0,78473.8874632484,0.0,78287.0,2159.887463248393,4665113.853897578,-1,1,2797
KNN,H5,343,2024-12-11,2024-12-18,78287.0,-0.0277440698966622,0.004125684484854601,76115.0,78609.9874612658,0.0,78287.0,2494.9874612658023,6224962.431873573,-1,1,2796
KNN,H6,343,2024-12-11,2024-12-19,78287.0,-0.039546795764303,0.003974115118258677,75191.0,78598.12155026311,0.0,78287.0,3407.1215502631094,11608477.258267295,-1,1,2795
KNN,H7,343,2024-12-11,2024-12-20,78287.0,-0.0319465556222616,0.004409615603060741,75786.0,78632.21557671682,0.0,78287.0,2846.215576716815,8100943.109145433,-1,1,2794
KNN,H1,344,2024-12-12,2024-12-13,77400.0,-0.0104392764857881,0.0005048031263658371,76592.0,77439.07176198073,0.0,77400.0,847.0717619807256,717530.569945131,-1,1,2801
KNN,H2,344,2024-12-12,2024-12-16,77400.0,-0.0118087855297157,0.001558598258274071,76486.0,77520.63550519041,0.0,77400.0,1034.6355051904102,1070470.6286006153,-1,1,2800
KNN,H3,344,2024-12-12,2024-12-17,77400.0,-0.0140310077519379,0.0018313962481680654,76314.0,77541.7500696082,0.0,77400.0,1227.7500696081988,1507370.233422937,-1,1,2799
KNN,H4,344,2024-12-12,2024-12-18,77400.0,-0.0166020671834625,0.0024714927606686106,76115.0,77591.29353967575,0.0,77400.0,1476.293539675753,2179442.6152883642,-1,1,2798
KNN,H5,344,2024-12-12,2024-12-19,77400.0,-0.0285400516795865,0.0021732564865980957,75191.0,77568.2100520627,0.0,77400.0,2377.210052062699,5651127.631627941,-1,1,2797
KNN,H6,344,2024-12-12,2024-12-20,77400.0,-0.0208527131782946,0.00317548933300373,75786.0,77645.78287437449,0.0,77400.0,1859.7828743744903,3458792.3398166415,-1,1,2796
KNN,H7,344,2024-12-12,2024-12-23,77400.0,-0.0244702842377261,0.003527613587189615,75506.0,77673.03729164848,0.0,77400.0,2167.0372916484775,4696050.623395169,-1,1,2795
KNN,H1,345,2024-12-13,2024-12-16,76592.0,-0.0013839565489868,0.0002468034661238535,76486.0,76610.90317107736,0.0,76592.0,124.90317107735609,15600.802145179283,-1,1,2802
KNN,H2,345,2024-12-13,2024-12-17,76592.0,-0.0036296218926258,0.0009142564901035346,76314.0,76662.02473309,0.0,76592.0,348.024733090002,121121.21484236712,-1,1,2801
KNN,H3,345,2024-12-13,2024-12-18,76592.0,-0.0062278044704408,0.001191432048489859,76115.0,76683.25416345792,0.0,76592.0,568.2541634579247,322912.79428726586,-1,1,2800
KNN,H4,345,2024-12-13,2024-12-19,76592.0,-0.0182917275955712,0.0015511458543448426,75191.0,76710.80536327598,0.0,76592.0,1519.8053632759838,2309808.3422424453,-1,1,2799
KNN,H5,345,2024-12-13,2024-12-20,76592.0,-0.0105232922498432,0.00127100043374952,75786.0,76689.34846522174,0.0,76592.0,903.3484652217448,816038.4496184819,-1,1,2798
KNN,H6,345,2024-12-13,2024-12-23,76592.0,-0.0141790265301858,0.002534202216065788,75506.0,76786.09961613291,0.0,76592.0,1280.0996161329094,1638655.0272236222,-1,1,2797
KNN,H7,345,2024-12-13,2024-12-24,76592.0,-0.0134478796741174,0.003176477841993573,75562.0,76835.29279087398,0.0,76592.0,1273.2927908739803,1621274.5312916497,-1,1,2796
KNN,H1,346,2024-12-16,2024-12-17,76486.0,-0.0022487775540621,0.00025076716210753735,76314.0,76505.18017716095,0.0,76486.0,191.1801771609462,36549.86013929077,-1,1,2803
KNN,H2,346,2024-12-16,2024-12-18,76486.0,-0.0048505608869596,0.0009895211710504812,76115.0,76561.68451628897,0.0,76486.0,446.6845162889658,199527.05709230737,-1,1,2802
KNN,H3,346,2024-12-16,2024-12-19,76486.0,-0.0169312030959913,0.0010585651747776622,75191.0,76566.96541595804,0.0,76486.0,1375.9654159580386,1893280.8259125783,-1,1,2801
KNN,H4,346,2024-12-16,2024-12-20,76486.0,-0.0091520016735088,0.0012152909342555182,75786.0,76578.95274239747,0.0,76486.0,792.952742397465,628774.0516756605,-1,1,2800
KNN,H5,346,2024-12-16,2024-12-23,76486.0,-0.0128128023429123,0.0009156114579081216,75506.0,76556.03145796956,0.0,76486.0,1050.031457969555,1102566.0627256695,-1,1,2799
KNN,H6,346,2024-12-16,2024-12-24,76486.0,-0.0120806422090317,0.0014316308039042166,75562.0,76595.49971366742,0.0,76486.0,1033.499713667421,1068121.6581506412,-1,1,2798
KNN,H7,346,2024-12-16,2024-12-26,76486.0,-0.0048636351750647,0.0022352855994615677,76114.0,76656.96805436042,0.0,76486.0,542.968054360419,294814.308055939,-1,1,2797
KNN,H1,347,2024-12-17,2024-12-18,76314.0,-0.002607647351731,0.0005240599306623955,76115.0,76353.99310954857,0.0,76314.0,238.99310954856628,57117.706411693005,-1,1,2804
KNN,H2,347,2024-12-17,2024-12-19,76314.0,-0.0147155174673061,0.0005322798011537094,75191.0,76354.62040074525,0.0,76314.0,1163.620400745247,1354012.4370305294,-1,1,2803
KNN,H3,347,2024-12-17,2024-12-20,76314.0,-0.0069187829231858,0.001121582809961123,75786.0,76399.59247055938,0.0,76314.0,613.5924705593789,376495.7199271622,-1,1,2802
KNN,H4,347,2024-12-17,2024-12-23,76314.0,-0.01058783447336,0.0014362890858054687,75506.0,76423.60896529416,0.0,76314.0,917.6089652941591,842006.2131882174,-1,1,2801
KNN,H5,347,2024-12-17,2024-12-24,76314.0,-0.0098540241633252,0.0018726028289405099,75562.0,76456.90581228776,0.0,76314.0,894.9058122877614,800856.412866418,-1,1,2800
KNN,H6,347,2024-12-17,2024-12-26,76314.0,-0.0026207511072673,0.0024389111202967623,76114.0,76500.12306323432,0.0,76314.0,386.1230632343213,149091.0199614557,-1,1,2799
KNN,H7,347,2024-12-17,2024-12-27,76314.0,-0.0069580941897947,0.0034166547307812245,75783.0,76574.73858912484,0.0,76314.0,791.7385891248414,626849.9935093943,-1,1,2798
KNN,H1,348,2024-12-18,2024-12-19,76115.0,-0.012139525717664,0.0003460724961173712,75191.0,76141.34130804197,0.0,76115.0,950.3413080419705,903148.6017709235,-1,1,2805
KNN,H2,348,2024-12-18,2024-12-20,76115.0,-0.0043224068843197,0.00036569896209312096,75786.0,76142.8351764997,0.0,76115.0,356.835176499706,127331.34318757633,-1,1,2804
KNN,H3,348,2024-12-18,2024-12-23,76115.0,-0.0080010510411876,0.000589283833137186,75506.0,76159.85333895923,0.0,76115.0,653.853338959234,427524.1888681389,-1,1,2803
KNN,H4,348,2024-12-18,2024-12-24,76115.0,-0.0072653222098141,0.001616045974878621,75562.0,76238.00533937788,0.0,76115.0,676.0053393778799,456983.2188674025,-1,1,2802
KNN,H5,348,2024-12-18,2024-12-26,76115.0,-1.3138014845925916e-05,0.0016657183645447267,76114.0,76241.78615331733,0.0,76115.0,127.78615331732726,16329.300979639469,-1,1,2801
KNN,H6,348,2024-12-18,2024-12-27,76115.0,-0.0043618209288576,0.0035110487943974373,75783.0,76382.24347898556,0.0,76115.0,599.2434789855615,359092.7471067191,-1,1,2800
KNN,H7,348,2024-12-18,2024-12-30,76115.0,-0.0078565328778821,0.004391752706842675,75517.0,76449.27825728133,0.0,76115.0,932.2782572813303,869142.7489995143,-1,1,2799
KNN,H1,349,2024-12-19,2024-12-20,75191.0,0.0079131810988017,8.324407998404646e-05,75786.0,75197.25920561809,0.0,75191.0,588.7407943819126,346615.72296944546,1,1,2806
KNN,H2,349,2024-12-19,2024-12-23,75191.0,0.0041893311699539,0.0002737254726421784,75506.0,75211.58169201344,0.0,75191.0,294.41830798656156,86682.14007766981,1,1,2805
KNN,H3,349,2024-12-19,2024-12-24,75191.0,0.0049341011557233,0.00041553537215284156,75562.0,75222.24452016754,0.0,75191.0,339.75547983245633,115433.78607618265,1,1,2804
KNN,H4,349,2024-12-19,2024-12-26,75191.0,0.0122754053011664,0.0009070337784545834,76114.0,75259.20077683579,0.0,75191.0,854.7992231642129,730681.7119221418,1,1,2803
KNN,H5,349,2024-12-19,2024-12-27,75191.0,0.0078732827067069,0.001944827665225235,75783.0,75337.23353697595,0.0,75191.0,445.76646302404697,198707.73955696903,1,1,2802
KNN,H6,349,2024-12-19,2024-12-30,75191.0,0.0043356252743014,0.0019684439534821095,75517.0,75339.00926930628,0.0,75191.0,177.9907306937239,31680.700212885742,1,1,2801
KNN,H7,349,2024-12-19,2024-12-31,75191.0,0.013844742056895,0.003589603756961694,76232.0,75460.9058960897,0.0,75191.0,771.0941039103054,594586.1170852369,1,1,2800
KNN,H1,350,2024-12-20,2024-12-23,75786.0,-0.0036946137809094,0.00010677325002136028,75506.0,75794.09191752611,0.0,75786.0,288.09191752610786,82996.95294386974,-1,1,2807
KNN,H2,350,2024-12-20,2024-12-24,75786.0,-0.0029556910247274,0.00047536055534238116,75562.0,75822.02567504719,0.0,75786.0,260.025675047189,67613.35168374632,-1,1,2806
KNN,H3,350,2024-12-20,2024-12-26,75786.0,0.004327976143351,0.0007161358862775379,76114.0,75840.27307427743,0.0,75786.0,273.72692572257074,74926.42986552976,1,1,2805
KNN,H4,350,2024-12-20,2024-12-27,75786.0,-3.958514765256549e-05,0.0016892584087431354,75783.0,75914.022137765,0.0,75786.0,131.0221377650014,17166.800584511002,-1,1,2804
KNN,H5,350,2024-12-20,2024-12-30,75786.0,-0.0035494682395165,0.0027599061197110543,75517.0,75995.16224518842,0.0,75786.0,478.1622451884177,228639.1327236285,-1,1,2803
KNN,H6,350,2024-12-20,2024-12-31,75786.0,0.0058849919510199,0.0028919952462064247,76232.0,76005.172751729,0.0,75786.0,226.82724827100174,51450.60055819466,1,1,2802
KNN,H7,350,2024-12-20,2025-01-01,75786.0,0.0056474810651043,0.003970564418505476,76214.0,76086.91319502085,0.0,75786.0,127.08680497914611,16151.055999807517,1,1,2801
KNN,H1,351,2024-12-23,2024-12-24,75506.0,0.0007416629142054,0.00012157981020162505,75562.0,75515.18000514909,0.0,75506.0,46.819994850913645,2192.11191783958,1,1,2808
KNN,H2,351,2024-12-23,2024-12-26,75506.0,0.0080523402113739,0.0005673293381169078,76114.0,75548.83676900386,0.0,75506.0,565.1632309961424,319409.477669999,1,1,2807
KNN,H3,351,2024-12-23,2024-12-27,75506.0,0.0036685826291951,0.0008124344995552966,75783.0,75567.34367932341,0.0,75506.0,215.6563206765859,46507.64864776245,1,1,2806
KNN,H4,351,2024-12-23,2024-12-30,75506.0,0.0001456837867188,0.0018069599195088414,75517.0,75642.43631568243,0.0,75506.0,125.43631568242563,15734.269291981138,1,1,2805
KNN,H5,351,2024-12-23,2024-12-31,75506.0,0.0096151299234497,0.0023405068093997187,76232.0,75682.72230715054,0.0,75506.0,549.2776928494568,301705.9838620222,1,1,2804
KNN,H6,351,2024-12-23,2025-01-01,75506.0,0.0093767382724552,0.0030351427702491277,76214.0,75735.17149001043,0.0,75506.0,478.8285099895729,229276.74197883453,1,1,2803
KNN,H7,351,2024-12-23,2025-01-02,75506.0,0.0177866659603209,0.003468398496793158,76849.0,75767.88489689886,0.0,75506.0,1081.1151031011395,1168809.8661533876,1,1,2802
KNN,H1,352,2024-12-24,2024-12-26,75562.0,0.0073052592572986,0.00030138236630337115,76114.0,75584.77305436262,0.0,75562.0,529.226945637376,280081.1599886662,1,1,2809
KNN,H2,352,2024-12-24,2024-12-27,75562.0,0.0029247505359837,0.0006670952487872189,75783.0,75612.40705118887,0.0,75562.0,170.59294881112874,29101.95418407639,1,1,2808
KNN,H3,352,2024-12-24,2024-12-30,75562.0,-0.0005955374394537,0.0008255931236911335,75517.0,75624.38346761235,0.0,75562.0,107.38346761235152,11531.209116452948,-1,1,2807
KNN,H4,352,2024-12-24,2024-12-31,75562.0,0.0088668907651994,0.001451960474361375,76232.0,75671.7130373637,0.0,75562.0,560.2869626362954,313921.4805002054,1,1,2806
KNN,H5,352,2024-12-24,2025-01-01,75562.0,0.008628675789418,0.0028432912561160793,76214.0,75776.84477389464,0.0,75562.0,437.15522610535845,191104.69171122706,1,1,2805
KNN,H6,352,2024-12-24,2025-01-02,75562.0,0.0170323707683757,0.0024966088631054634,76849.0,75750.64875891399,0.0,75562.0,1098.351241086013,1206375.4487951852,1,1,2804
KNN,H7,352,2024-12-24,2025-01-03,75562.0,0.0165559408168127,0.003658241095171053,76813.0,75838.42401363332,0.0,75562.0,974.5759863666754,949798.3532025781,1,1,2803
KNN,H1,353,2024-12-26,2024-12-27,76114.0,-0.004348740047823,0.0005004298865140613,75783.0,76152.08972038214,0.0,76114.0,369.0897203821369,136227.221691764,-1,1,2810
KNN,H2,353,2024-12-26,2024-12-30,76114.0,-0.0078434979110282,0.0011568423808203587,75517.0,76202.05190097376,0.0,76114.0,685.0519009737618,469296.1070277647,-1,1,2809
KNN,H3,353,2024-12-26,2024-12-31,76114.0,0.0015503061197676,0.0016019630310933513,76232.0,76235.93181414863,0.0,76114.0,3.9318141486292006,15.459162499360765,1,1,2808
KNN,H4,353,2024-12-26,2025-01-01,76114.0,0.0013138187455659,0.0024115826424153932,76214.0,76297.5552012448,0.0,76114.0,83.55520124480245,6981.471655059437,1,1,2807
KNN,H5,353,2024-12-26,2025-01-02,76114.0,0.0096565677799089,0.0027852701538109356,76849.0,76325.99805248716,0.0,76114.0,523.0019475128356,273531.03710221883,1,1,2806
KNN,H6,353,2024-12-26,2025-01-03,76114.0,0.0091835930315054,0.0035724324968810254,76813.0,76385.91212706761,0.0,76114.0,427.08787293238856,182404.05120591208,1,1,2805
KNN,H7,353,2024-12-26,2025-01-06,76114.0,0.0135980240166067,0.0046792739829372345,77149.0,76470.15825993729,0.0,76114.0,678.8417400627077,460826.1080513648,1,1,2804
KNN,H1,354,2024-12-27,2024-12-30,75783.0,-0.0035100220366045,0.00017607017034757409,75517.0,75796.34312571945,0.0,75783.0,279.3431257194461,78032.58188671028,-1,1,2811
KNN,H2,354,2024-12-27,2024-12-31,75783.0,0.0059248116332157,0.0005462267206053487,76232.0,75824.39469956764,0.0,75783.0,407.6053004323621,166142.0809405562,1,1,2810
KNN,H3,354,2024-12-27,2025-01-01,75783.0,0.0056872913450245,0.0007952314137503004,76214.0,75843.26502222824,0.0,75783.0,370.7349777717609,137444.42374342805,1,1,2809
KNN,H4,354,2024-12-27,2025-01-02,75783.0,0.0140664792895504,0.0022922384333680015,76849.0,75956.71270519593,0.0,75783.0,892.2872948040749,796176.6164687742,1,1,2808
KNN,H5,354,2024-12-27,2025-01-03,75783.0,0.0135914387131679,0.002590437638367402,76813.0,75979.3111355484,0.0,75783.0,833.6888644516002,695037.1227105986,1,1,2807
KNN,H6,354,2024-12-27,2025-01-06,75783.0,0.0180251507594051,0.003885025501859678,77149.0,76077.41888760743,0.0,75783.0,1071.5811123925669,1148286.080436491,1,1,2806
KNN,H7,354,2024-12-27,2025-01-07,75783.0,0.0228415343810617,0.0047740475376601525,77514.0,76144.7916445465,0.0,75783.0,1369.2083554535056,1874731.5206436934,1,1,2805
KNN,H1,355,2024-12-30,2024-12-31,75517.0,0.0094680667929074,-4.2603563704581364e-05,76232.0,75513.78270667972,0.0,75517.0,718.2172933202819,515836.08042431186,1,-1,2812
KNN,H2,355,2024-12-30,2025-01-01,75517.0,0.0092297098666525,0.0005005610108202628,76214.0,75554.80086585411,0.0,75517.0,659.1991341458925,434543.4984586943,1,1,2811
KNN,H3,355,2024-12-30,2025-01-02,75517.0,0.0176384125428712,0.0007027410858563305,76849.0,75570.06889858062,0.0,75517.0,1278.9311014193809,1635664.7621777907,1,1,2810
KNN,H4,355,2024-12-30,2025-01-03,75517.0,0.0171616986903611,0.0019086141360103118,76813.0,75661.13281370909,0.0,75517.0,1151.8671862909105,1326798.014853739,1,1,2809
KNN,H5,355,2024-12-30,2025-01-06,75517.0,0.0216110279804546,0.0034872538297940265,77149.0,75780.34694746455,0.0,75517.0,1368.6530525354465,1873211.1782145957,1,1,2808
KNN,H6,355,2024-12-30,2025-01-07,75517.0,0.0264443767628481,0.002994229115029084,77514.0,75743.11520007966,0.0,75517.0,1770.8847999203426,3136032.974588912,1,1,2807
KNN,H7,355,2024-12-30,2025-01-08,75517.0,0.0293973542381185,0.0034324260144132242,77737.0,75776.20651533044,0.0,75517.0,1960.793484669557,3844711.0895225843,1,1,2806
KNN,H1,356,2024-12-31,2025-01-01,76232.0,-0.0002361213138839,0.0005795627732376427,76214.0,76276.18122932945,0.0,76232.0,62.18122932944971,3866.5052809216163,-1,1,2813
KNN,H2,356,2024-12-31,2025-01-02,76232.0,0.0080937139259102,0.0009575170511440231,76849.0,76304.99343984282,0.0,76232.0,544.0065601571841,295943.137494052,1,1,2812
KNN,H3,356,2024-12-31,2025-01-03,76232.0,0.0076214712981426,0.001052894121479522,76813.0,76312.26422466863,0.0,76232.0,500.73577533136995,250736.3166967082,1,1,2811
KNN,H4,356,2024-12-31,2025-01-06,76232.0,0.0120290691573092,0.0020268489659918884,77149.0,76386.51075037548,0.0,76232.0,762.4892496245157,581389.8557929569,1,1,2810
KNN,H5,356,2024-12-31,2025-01-07,76232.0,0.0168170846888446,0.0028833946279326304,77514.0,76451.80693927655,0.0,76232.0,1062.1930607234535,1128254.0982490582,1,1,2809
KNN,H6,356,2024-12-31,2025-01-08,76232.0,0.019742365410851,0.0034068252789347963,77737.0,76491.70910466375,0.0,76232.0,1245.2908953362494,1550749.4140073576,1,1,2808
KNN,H7,356,2024-12-31,2025-01-09,76232.0,0.0240843740161611,0.0037765410662700394,78068.0,76519.89327856389,0.0,76232.0,1548.10672143611,2396634.4209556617,1,1,2807
KNN,H1,357,2025-01-01,2025-01-02,76214.0,0.0083318025559608,0.00039746363018774473,76849.0,76244.29229311112,0.0,76214.0,604.7077068888757,365671.4107708024,1,1,2814
KNN,H2,357,2025-01-01,2025-01-03,76214.0,0.007859448395308,0.0010890489231804516,76813.0,76297.00077463128,0.0,76214.0,515.9992253687233,266255.2005811225,1,1,2813
KNN,H3,357,2025-01-01,2025-01-06,76214.0,0.0122680872280682,0.001133657437092536,77149.0,76300.40056791058,0.0,76214.0,848.5994320894242,720120.9961424933,1,1,2812
KNN,H4,357,2025-01-01,2025-01-07,76214.0,0.0170572335791323,0.002231728658901463,77514.0,76384.08896800953,0.0,76214.0,1129.911031990472,1276698.9402137736,1,1,2811
KNN,H5,357,2025-01-01,2025-01-08,76214.0,0.0199832051853989,0.003390847615667952,77737.0,76472.43006018052,0.0,76214.0,1264.5699398194847,1599137.132695055,1,1,2810
KNN,H6,357,2025-01-01,2025-01-09,76214.0,0.0243262392736243,0.0040381886632668545,78068.0,76521.76651078221,0.0,76214.0,1546.2334892177896,2390838.0031786202,1,1,2809
KNN,H7,357,2025-01-01,2025-01-10,76214.0,0.0286561524129425,0.00448445009697583,78398.0,76555.77787969091,0.0,76214.0,1842.2221203090885,3393782.3405561135,1,1,2808
KNN,H1,358,2025-01-02,2025-01-03,76849.0,-0.000468451118427,0.0008394228479275363,76813.0,76913.50880644038,0.0,76849.0,100.50880644038261,10102.020172070297,-1,1,2815
KNN,H2,358,2025-01-02,2025-01-06,76849.0,0.0039037593202253,0.0014381290699399148,77149.0,76959.51878089581,0.0,76849.0,189.48121910418558,35903.13239320838,1,1,2814
KNN,H3,358,2025-01-02,2025-01-07,76849.0,0.0086533331598328,0.0015512252508165134,77514.0,76968.2101093,0.0,76849.0,545.7898907000053,297886.60479032376,1,1,2813
KNN,H4,358,2025-01-02,2025-01-08,76849.0,0.0115551275878671,0.00212292601276349,77737.0,77012.14474115486,0.0,76849.0,724.8552588451421,525415.1462754579,1,1,2812
KNN,H5,358,2025-01-02,2025-01-09,76849.0,0.0158622753711823,0.003723217588667394,78068.0,77135.12554847151,0.0,76849.0,932.8744515284925,870254.7423145857,1,1,2811
KNN,H6,358,2025-01-02,2025-01-10,76849.0,0.0201564106234304,0.004081847749740115,78398.0,77162.68591771978,0.0,76849.0,1235.3140822802234,1526000.8818798305,1,1,2810
KNN,H7,358,2025-01-02,2025-01-13,76849.0,0.0170464156983174,0.005088170120682443,78159.0,77240.02078560433,0.0,76849.0,918.9792143956729,844522.7964912881,1,1,2809
KNN,H1,359,2025-01-03,2025-01-06,76813.0,0.0043742595654381,0.0006601151562533448,77149.0,76863.70542549729,0.0,76813.0,285.29457450271,81392.99424068235,1,1,2816
KNN,H2,359,2025-01-03,2025-01-07,76813.0,0.0091260593909885,0.0014996111772763961,77514.0,76928.18963336013,0.0,76813.0,585.8103666398674,343173.78566273587,1,1,2815
KNN,H3,359,2025-01-03,2025-01-08,76813.0,0.0120292138049549,0.0016754048610695402,77737.0,76941.69287359333,0.0,76813.0,795.3071264066675,632513.4253132311,1,1,2814
KNN,H4,359,2025-01-03,2025-01-09,76813.0,0.0163383802220977,0.0019199645804828392,78068.0,76960.47823932063,0.0,76813.0,1107.521760679374,1226604.4503783404,1,1,2813
KNN,H5,359,2025-01-03,2025-01-10,76813.0,0.0206345280095816,0.003443542920882929,78398.0,77077.50886238179,0.0,76813.0,1320.4911376182135,1743696.8445282439,1,1,2812
KNN,H6,359,2025-01-03,2025-01-13,76813.0,0.0175230755210706,0.0035424506522045984,78159.0,77085.10626194779,0.0,76813.0,1073.8937380522111,1153247.760627751,1,1,2811
KNN,H7,359,2025-01-03,2025-01-14,76813.0,0.0174189264837982,0.0037638421915289284,78151.0,77102.11201025792,0.0,76813.0,1048.8879897420848,1100166.0150251917,1,1,2810
KNN,H1,360,2025-01-06,2025-01-07,77149.0,0.0047311047453628,0.000444861708970065,77514.0,77183.32063598534,0.0,77149.0,330.6793640146643,109348.84178514287,1,1,2817
KNN,H2,360,2025-01-06,2025-01-08,77149.0,0.0076216153158175,0.0012597630120609832,77737.0,77246.18945661749,0.0,77149.0,490.81054338251124,240894.98949543596,1,1,2816
KNN,H3,360,2025-01-06,2025-01-09,77149.0,0.011912014413667,0.001385197737259738,78068.0,77255.86662023184,0.0,77149.0,812.1333797681582,659560.6265336515,1,1,2815
KNN,H4,360,2025-01-06,2025-01-10,77149.0,0.0161894515807075,0.002140150319812591,78398.0,77314.11045702323,0.0,77149.0,1083.8895429767726,1174816.541374397,1,1,2814
KNN,H5,360,2025-01-06,2025-01-13,77149.0,0.0130915501173054,0.002940762917491239,78159.0,77375.87691832153,0.0,77149.0,783.1230816784664,613281.7610575779,1,1,2813
KNN,H6,360,2025-01-06,2025-01-14,77149.0,0.0129878546708317,0.0035007466355599015,78151.0,77419.0791021868,0.0,77149.0,731.9208978131937,535708.2006556715,1,1,2812
KNN,H7,360,2025-01-06,2025-01-15,77149.0,0.0195595535911028,0.004112132199829548,78658.0,77466.24688708466,0.0,77149.0,1191.7531129153358,1420275.482143393,1,1,2811
KNN,H1,361,2025-01-07,2025-01-08,77514.0,0.0028768996568362,0.0006064688796058866,77737.0,77561.00982873378,0.0,77514.0,175.99017126622493,30972.540382315183,1,1,2818
KNN,H2,361,2025-01-07,2025-01-09,77514.0,0.0071470960084629,0.0015751457465097794,78068.0,77636.09584739496,0.0,77514.0,431.9041526050423,186541.1970374797,1,1,2817
KNN,H3,361,2025-01-07,2025-01-10,77514.0,0.0114043914647676,0.0016984948077021782,78398.0,77645.65712652422,0.0,77514.0,752.3428734757763,566019.799269788,1,1,2816
KNN,H4,361,2025-01-07,2025-01-13,77514.0,0.0083210774827773,0.0022760239840151223,78159.0,77690.42372309694,0.0,77514.0,468.57627690305526,219563.72727632872,1,1,2815
KNN,H5,361,2025-01-07,2025-01-14,77514.0,0.0082178703202002,0.0032217860266236836,78151.0,77763.7335220677,0.0,77514.0,387.26647793229495,149975.3249300847,1,1,2814
KNN,H6,361,2025-01-07,2025-01-15,77514.0,0.0147586242485229,0.0030700920369884518,78658.0,77751.97511415512,0.0,77514.0,906.0248858448758,820881.0937702203,1,1,2813
KNN,H7,361,2025-01-07,2025-01-16,77514.0,0.0212348737002348,0.0033003366950614217,79160.0,77769.822298581,0.0,77514.0,1390.177701419001,1932594.0415226175,1,1,2812
KNN,H1,362,2025-01-08,2025-01-09,77737.0,0.0042579466663237,0.0008966163576068093,78068.0,77806.70026579128,0.0,77737.0,261.2997342087183,68277.55109754682,1,1,2819
KNN,H2,362,2025-01-08,2025-01-10,77737.0,0.0085030294454377,0.0018909930340366538,78398.0,77884.00012548691,0.0,77737.0,513.999874513087,264195.8709994692,1,1,2818
KNN,H3,362,2025-01-08,2025-01-13,77737.0,0.0054285604023824,0.0019145797542017846,78159.0,77885.83368635237,0.0,77737.0,273.16631364762725,74619.83491183387,1,1,2817
KNN,H4,362,2025-01-08,2025-01-14,77737.0,0.0053256493047069,0.002382415587336725,78151.0,77922.20184051279,0.0,77737.0,228.7981594872108,52348.597784735146,1,1,2816
KNN,H5,362,2025-01-08,2025-01-15,77737.0,0.0118476401198914,0.003203289286546022,78658.0,77986.01409926824,0.0,77737.0,671.9859007317573,451565.05078227114,1,1,2815
KNN,H6,362,2025-01-08,2025-01-16,77737.0,0.0183053114990288,0.004192786940207788,79160.0,78062.93467837093,0.0,77737.0,1097.0653216290666,1203552.3199210872,1,1,2814
KNN,H7,362,2025-01-08,2025-01-17,77737.0,0.0162856812071472,0.004427437414638126,79003.0,78081.17570230171,0.0,77737.0,921.8242976982874,849760.0358269408,1,1,2813
KNN,H1,363,2025-01-09,2025-01-10,78068.0,0.0042270840805451,0.0006848566669527265,78398.0,78121.46539027565,0.0,78068.0,276.5346097243455,76471.39037539608,1,1,2820
KNN,H2,363,2025-01-09,2025-01-13,78068.0,0.0011656504585746,0.001498343383341513,78159.0,78184.97267125071,0.0,78068.0,25.972671250710846,674.5796518975017,1,1,2819
KNN,H3,363,2025-01-09,2025-01-14,78068.0,0.0010631756929855,0.0016997081932462513,78151.0,78200.69281923035,0.0,78068.0,49.692819230345776,2469.376283059823,1,1,2818
KNN,H4,363,2025-01-09,2025-01-15,78068.0,0.0075575139621868,0.002608614025515582,78658.0,78271.64927974394,0.0,78068.0,386.3507202560577,149266.87904237455,1,1,2817
KNN,H5,363,2025-01-09,2025-01-16,78068.0,0.0139878055028948,0.0033528193141093916,79160.0,78329.7478982139,0.0,78068.0,830.2521017861,689318.5525202365,1,1,2816
KNN,H6,363,2025-01-09,2025-01-17,78068.0,0.0119767382282112,0.003839267943971647,79003.0,78367.72396984998,0.0,78068.0,635.2760301500239,403575.634483174,1,1,2815
KNN,H7,363,2025-01-09,2025-01-20,78068.0,0.0059179177127632,0.004449461702937639,78530.0,78415.36057622494,0.0,78068.0,114.63942377506464,13142.197483478856,1,1,2814
KNN,H1,364,2025-01-10,2025-01-13,78398.0,-0.0030485471568152,0.0008462049753439792,78159.0,78464.34077765701,0.0,78398.0,305.3407776570093,93232.9905001872,-1,1,2821
KNN,H2,364,2025-01-10,2025-01-14,78398.0,-0.0031505905762901,0.0018003826300605225,78151.0,78539.14639743148,0.0,78398.0,388.1463974314829,150657.6258390387,-1,1,2820
KNN,H3,364,2025-01-10,2025-01-15,78398.0,0.0033164111329371,0.0017222915610046882,78658.0,78533.02421379964,0.0,78398.0,124.97578620036074,15618.94713639828,1,1,2819
KNN,H4,364,2025-01-10,2025-01-16,78398.0,0.0097196357049924,0.0028626620970376225,79160.0,78622.42698308355,0.0,78398.0,537.5730169164453,288984.74851664883,1,1,2818
KNN,H5,364,2025-01-10,2025-01-17,78398.0,0.0077170335977958,0.004116315536235474,79003.0,78720.71090540978,0.0,78398.0,282.28909459021816,79687.13292456513,1,1,2817
KNN,H6,364,2025-01-10,2025-01-20,78398.0,0.0016837164213372,0.004320730200470051,78530.0,78736.73660625644,0.0,78398.0,206.7366062564397,42740.02436643018,1,1,2816
KNN,H7,364,2025-01-10,2025-01-21,78398.0,0.0099619888262456,0.004550233567486575,79179.0,78754.7292112238,0.0,78398.0,424.2707887761935,180005.7022087734,1,1,2815
KNN,H1,365,2025-01-13,2025-01-14,78159.0,-0.000102355454906,0.000683280793972428,78151.0,78212.40454357609,0.0,78159.0,61.40454357609269,3770.517971788266,-1,1,2822
KNN,H2,365,2025-01-13,2025-01-15,78159.0,0.0063844214997632,0.0015937661852166165,78658.0,78283.56717127035,0.0,78159.0,374.4328287296521,140199.94323048898,1,1,2821
KNN,H3,365,2025-01-13,2025-01-16,78159.0,0.0128072262951164,0.0014790959412760239,79160.0,78274.6046596742,0.0,78159.0,885.3953403258056,783924.908670649,1,1,2820
KNN,H4,365,2025-01-13,2025-01-17,78159.0,0.0107985004925856,0.0016931413621797044,79003.0,78291.33423572661,0.0,78159.0,711.6657642733917,506468.1600388307,1,1,2819
KNN,H5,365,2025-01-13,2025-01-20,78159.0,0.0047467342212668,0.002868695290264649,78530.0,78383.21435519178,0.0,78159.0,146.7856448082166,21546.025521763924,1,1,2818
KNN,H6,365,2025-01-13,2025-01-21,78159.0,0.0130503205005181,0.0028138993567701407,79179.0,78378.9315598258,0.0,78159.0,800.0684401742037,640109.5089627834,1,1,2817
KNN,H7,365,2025-01-13,2025-01-22,78159.0,0.0176051382438362,0.0038388263546010855,79535.0,78459.03882904926,0.0,78159.0,1075.9611709507444,1157692.4413936972,1,1,2816
KNN,H1,366,2025-01-14,2025-01-15,78151.0,0.006487440979642,0.0007188081369021378,78658.0,78207.17557470703,0.0,78151.0,450.8244252929726,203242.66244073902,1,1,2823
KNN,H2,366,2025-01-14,2025-01-16,78151.0,0.0129109032513978,0.0015580217176855962,79160.0,78272.76095525884,0.0,78151.0,887.2390447411599,787193.1225132059,1,1,2822
KNN,H3,366,2025-01-14,2025-01-17,78151.0,0.010901971823777,0.001692845601321647,79003.0,78283.29757658888,0.0,78151.0,719.7024234111159,517971.57826383313,1,1,2821
KNN,H4,366,2025-01-14,2025-01-20,78151.0,0.0048495860577599,0.0019596929042512137,78530.0,78304.15196016013,0.0,78151.0,225.84803983986785,51007.337099510536,1,1,2820
KNN,H5,366,2025-01-14,2025-01-21,78151.0,0.0131540223413648,0.003180920601809222,79179.0,78399.592125952,0.0,78151.0,779.4078740480036,607476.6341280286,1,1,2819
KNN,H6,366,2025-01-14,2025-01-22,78151.0,0.017709306342849,0.003680549739919198,79535.0,78438.63864272443,0.0,78151.0,1096.3613572755712,1202008.2257271328,1,1,2818
KNN,H7,366,2025-01-14,2025-01-23,78151.0,0.0184642550959039,0.004179573817034229,79594.0,78477.63787337505,0.0,78151.0,1116.3621266249538,1246264.3977625894,1,1,2817
KNN,H1,367,2025-01-15,2025-01-16,78658.0,0.0063820590404026,0.0007444534165858138,79160.0,78716.55721684181,0.0,78658.0,443.4427831581852,196641.50193507725,1,1,2824
KNN,H2,367,2025-01-15,2025-01-17,78658.0,0.0043860764321492,0.0015998301817886822,79003.0,78783.83944243914,0.0,78658.0,219.16055756085552,48031.34999038507,1,1,2823
KNN,H3,367,2025-01-15,2025-01-20,78658.0,-0.0016272979226524,0.0017609100670959031,78530.0,78796.50966405762,0.0,78658.0,266.509664057623,71027.40103610707,-1,1,2822
KNN,H4,367,2025-01-15,2025-01-21,78658.0,0.0066236110757964,0.0030770169919690916,79179.0,78900.0320025543,0.0,78658.0,278.9679974456958,77823.14359886174,1,1,2821
KNN,H5,367,2025-01-15,2025-01-22,78658.0,0.0111495334231737,0.003345819993689949,79535.0,78921.17550906367,0.0,78658.0,613.8244909363275,376780.50567324157,1,1,2820
KNN,H6,367,2025-01-15,2025-01-23,78658.0,0.0118996160593962,0.004921672931181819,79594.0,79045.1289494209,0.0,78658.0,548.871050579095,301259.4301637995,1,1,2819
KNN,H7,367,2025-01-15,2025-01-24,78658.0,0.0163492588166493,0.005373814644125669,79944.0,79080.69351227763,0.0,78658.0,863.306487722366,745298.0917435277,1,1,2818
KNN,H1,368,2025-01-16,2025-01-17,79160.0,-0.0019833249115714,0.0008149539290898648,79003.0,79224.51175302675,0.0,79160.0,221.51175302674528,49067.4567289818,-1,1,2825
KNN,H2,368,2025-01-16,2025-01-20,79160.0,-0.0079585649317837,0.0013771405279641247,78530.0,79269.01444419364,0.0,79160.0,739.0144441936427,546142.3487268386,-1,1,2824
KNN,H3,368,2025-01-16,2025-01-21,79160.0,0.0002400202122283,0.0017970375799282302,79179.0,79302.25349482712,0.0,79160.0,123.25349482712045,15191.423987099008,1,1,2823
KNN,H4,368,2025-01-16,2025-01-22,79160.0,0.0047372410308237,0.0021127427013493258,79535.0,79327.24471223883,0.0,79160.0,207.75528776117426,43162.259592728326,1,1,2822
KNN,H5,368,2025-01-16,2025-01-23,79160.0,0.0054825669530065,0.003986169336473529,79594.0,79475.54516467525,0.0,79160.0,118.45483532475191,14031.548011814093,1,1,2821
KNN,H6,368,2025-01-16,2025-01-24,79160.0,0.0099039919151087,0.0033364932852875486,79944.0,79424.11680846335,0.0,79160.0,519.8831915366463,270278.5328423293,1,1,2820
KNN,H7,368,2025-01-16,2025-01-27,79160.0,0.0044214249621019,0.00380849349726349,79510.0,79461.48034524338,0.0,79160.0,48.51965475661564,2354.1568977011743,1,1,2819
KNN,H1,369,2025-01-17,2025-01-20,79003.0,-0.0059871144133767,0.0007167375411763036,78530.0,79059.62441596555,0.0,79003.0,529.6244159655471,280502.02198684687,-1,1,2826
KNN,H2,369,2025-01-17,2025-01-21,79003.0,0.0022277635026517,0.001223994867601926,79179.0,79099.69926652515,0.0,79003.0,79.3007334748545,6288.606329649909,1,1,2825
KNN,H3,369,2025-01-17,2025-01-22,79003.0,0.0067339214966519,0.0017083293322192193,79535.0,79137.96314223332,0.0,79003.0,397.03685776668135,157638.26642523997,1,1,2824
KNN,H4,369,2025-01-17,2025-01-23,79003.0,0.0074807285799274,0.0029552692914726272,79594.0,79236.47513983422,0.0,79003.0,357.5248601657804,127824.02563656084,1,1,2823
KNN,H5,369,2025-01-17,2025-01-24,79003.0,0.0119109400908825,0.003258890812954646,79944.0,79260.46215089587,0.0,79003.0,683.5378491041338,467223.99115790555,1,1,2822
KNN,H6,369,2025-01-17,2025-01-27,79003.0,0.006417477817298,0.004759750838136949,79510.0,79379.03459546533,0.0,79003.0,130.96540453466878,17151.93718492944,1,1,2821
KNN,H7,369,2025-01-17,2025-01-28,79003.0,0.0146829867220232,0.005199852595940527,80163.0,79413.80395463709,0.0,79003.0,749.1960453629144,561294.7143874301,1,1,2820
KNN,H1,370,2025-01-20,2025-01-21,78530.0,0.0082643575703553,0.0005338329485626644,79179.0,78571.92190145062,0.0,78530.0,607.0780985493766,368543.8177383266,1,1,2827
KNN,H2,370,2025-01-20,2025-01-22,78530.0,0.0127976569463899,0.0012439089079889754,79535.0,78627.68416654438,0.0,78530.0,907.315833455621,823222.0216392683,1,1,2826
KNN,H3,370,2025-01-20,2025-01-23,78530.0,0.0135489621800586,0.0015400662830235357,79594.0,78650.94140520584,0.0,78530.0,943.0585947941581,889359.5132151322,1,1,2825
KNN,H4,370,2025-01-20,2025-01-24,78530.0,0.0180058576340251,0.0020284525872639237,79944.0,78689.29438167784,0.0,78530.0,1254.7056183221575,1574286.1886491876,1,1,2824
KNN,H5,370,2025-01-20,2025-01-27,78530.0,0.0124793072711066,0.003448511581728253,79510.0,78800.81161451312,0.0,78530.0,709.1883854868793,502948.1661094865,1,1,2823
KNN,H6,370,2025-01-20,2025-01-28,78530.0,0.0207946007895072,0.003535285497087356,80163.0,78807.62597008627,0.0,78530.0,1355.374029913728,1837038.7609645792,1,1,2822
KNN,H7,370,2025-01-20,2025-01-29,78530.0,0.022666496880173,0.003944915920115239,80310.0,78839.79424720665,0.0,78530.0,1470.2057527933503,2161504.9555466617,1,1,2821
KNN,H1,371,2025-01-21,2025-01-22,79179.0,0.0044961416537212,0.0007553909807452491,79535.0,79238.81110246442,0.0,79179.0,296.18889753558324,87727.86302334422,1,1,2828
KNN,H2,371,2025-01-21,2025-01-23,79179.0,0.0052412887255459,0.0017555543318682324,79594.0,79318.00303644298,0.0,79179.0,275.996963557016,76174.32389269282,1,1,2827
KNN,H3,371,2025-01-21,2025-01-24,79179.0,0.0096616527109461,0.002140060161102253,79944.0,79348.44782349592,0.0,79179.0,595.5521765040758,354682.3949387418,1,1,2826
KNN,H4,371,2025-01-21,2025-01-27,79179.0,0.0041804013690498,0.002886816020305555,79510.0,79407.57520567178,0.0,79179.0,102.42479432822438,10490.838493179064,1,1,2825
KNN,H5,371,2025-01-21,2025-01-28,79179.0,0.0124275376046678,0.003790459103322297,80163.0,79479.12476134195,0.0,79179.0,683.8752386580454,467685.3420495986,1,1,2824
KNN,H6,371,2025-01-21,2025-01-29,79179.0,0.0142840904785359,0.0043616502420360075,80310.0,79524.35110451418,0.0,79179.0,785.6488954858214,617244.1869780911,1,1,2823
KNN,H7,371,2025-01-21,2025-01-30,79179.0,0.0298058828729839,0.004969273340771165,81539.0,79572.46209384892,0.0,79179.0,1966.5379061510757,3867271.3363290573,1,1,2822
KNN,H1,372,2025-01-22,2025-01-23,79535.0,0.0007418117809769,0.0006010504937620604,79594.0,79582.80455102137,0.0,79535.0,11.195448978629429,125.33807783309473,1,1,2829
KNN,H2,372,2025-01-22,2025-01-24,79535.0,0.0051423901427045,0.0010818518540089289,79944.0,79621.04508720861,0.0,79535.0,322.9549127913924,104299.87569609589,1,1,2828
KNN,H3,372,2025-01-22,2025-01-27,79535.0,-0.0003143270258376,0.001336990115436595,79510.0,79641.33750883125,0.0,79535.0,131.33750883124594,17249.541225997604,-1,1,2827
KNN,H4,372,2025-01-22,2025-01-28,79535.0,0.0078958948890426,0.002841656100191564,80163.0,79761.01111792873,0.0,79535.0,401.98888207126583,161595.06130890606,1,1,2826
KNN,H5,372,2025-01-22,2025-01-29,79535.0,0.0097441378009681,0.0038542934419176695,80310.0,79841.55122890293,0.0,79535.0,468.4487710970716,219444.25114235657,1,1,2825
KNN,H6,372,2025-01-22,2025-01-30,79535.0,0.0251964543911484,0.003975274738354083,81539.0,79851.173476315,0.0,79535.0,1687.8265236849984,2848758.3740545865,1,1,2824
KNN,H7,372,2025-01-22,2025-01-31,79535.0,0.0289306594581002,0.004565900650600069,81836.0,79898.14890824548,0.0,79535.0,1937.851091754521,3755266.8538141884,1,1,2823
KNN,H1,373,2025-01-23,2025-01-24,79594.0,0.0043973163806316,0.000747919046511955,79944.0,79653.52986858808,0.0,79594.0,290.47013141191565,84372.89724245554,1,1,2830
KNN,H2,373,2025-01-23,2025-01-27,79594.0,-0.0010553559313516,0.001243654655577281,79510.0,79692.98744865601,0.0,79594.0,182.98744865601475,33484.40636563763,-1,1,2829
KNN,H3,373,2025-01-23,2025-01-28,79594.0,0.0071487800587983,0.0015533482749556366,80163.0,79717.63720259682,0.0,79594.0,445.36279740318423,198348.0213107897,1,1,2828
KNN,H4,373,2025-01-23,2025-01-29,79594.0,0.0089956529386636,0.0022531166149964525,80310.0,79773.33456385402,0.0,79594.0,536.6654361459805,288009.79035375547,1,1,2827
KNN,H5,373,2025-01-23,2025-01-30,79594.0,0.0244365153152248,0.003105003049524496,81539.0,79841.13961272385,0.0,79594.0,1697.860387276145,2882729.894681501,1,1,2826
KNN,H6,373,2025-01-23,2025-01-31,79594.0,0.0281679523582178,0.004420024417823987,81836.0,79945.80742351229,0.0,79594.0,1890.1925764877087,3572827.9762092424,1,1,2825
KNN,H7,373,2025-01-23,2025-02-01,79594.0,0.0259944216900771,0.005153459937792885,81663.0,80004.1844902887,0.0,79594.0,1658.815509711305,2751668.8952587764,1,1,2824
KNN,H1,374,2025-01-24,2025-01-27,79944.0,-0.005428800160112,0.0009144513860179797,79510.0,80017.10490160382,0.0,79944.0,507.10490160381596,257155.38123061587,-1,1,2831
KNN,H2,374,2025-01-24,2025-01-28,79944.0,0.0027394175923145,0.0017350762372369734,80163.0,80082.70893470968,0.0,79944.0,80.29106529032288,6446.655165454891,1,1,2830
KNN,H3,374,2025-01-24,2025-01-29,79944.0,0.0045782047433202,0.0023213133181295485,80310.0,80129.57507190455,0.0,79944.0,180.42492809545365,32553.15467824962,1,1,2829
KNN,H4,374,2025-01-24,2025-01-30,79944.0,0.0199514660262183,0.002936527300471122,81539.0,80178.75773850887,0.0,79944.0,1360.2422614911338,1850259.0099465142,1,1,2828
KNN,H5,374,2025-01-24,2025-01-31,79944.0,0.0236665665966175,0.003617845926378547,81836.0,80233.2250747384,0.0,79944.0,1602.774925261605,2568887.4610473434,1,1,2827
KNN,H6,374,2025-01-24,2025-02-01,79944.0,0.0215025517862503,0.004615185038172234,81663.0,80312.95635269163,0.0,79944.0,1350.0436473083682,1822617.8496376819,1,1,2826
KNN,H7,374,2025-01-24,2025-02-03,79944.0,0.0335359751826278,0.005002495157658026,82625.0,80343.9194728838,0.0,79944.0,2281.0805271161953,5203328.371188699,1,1,2825
KNN,H1,375,2025-01-27,2025-01-28,79510.0,0.0082128034209534,0.0007274488063368534,80163.0,79567.83945459184,0.0,79510.0,595.1605454081582,354216.07481053635,1,1,2832
KNN,H2,375,2025-01-27,2025-01-29,79510.0,0.010061627468243,0.0013292111569473421,80310.0,79615.68557908888,0.0,79510.0,694.3144209111197,482072.51508514344,1,1,2831
KNN,H3,375,2025-01-27,2025-01-30,79510.0,0.0255188026663313,0.0019169122394018983,81539.0,79662.41369215483,0.0,79510.0,1876.5863078451657,3521576.170791951,1,1,2830
KNN,H4,375,2025-01-27,2025-01-31,79510.0,0.0292541818639164,0.0026708250478736273,81836.0,79722.35729955642,0.0,79510.0,2113.6427004435827,4467485.465138441,1,1,2829
KNN,H5,375,2025-01-27,2025-02-01,79510.0,0.0270783549239088,0.0030741011952483913,81663.0,79754.4217860342,0.0,79510.0,1908.5782139657967,3642670.7988248705,1,1,2828
KNN,H6,375,2025-01-27,2025-02-03,79510.0,0.0391774619544711,0.003605500083357282,82625.0,79796.67331162773,0.0,79510.0,2828.326688372268,7999431.856158841,1,1,2827
KNN,H7,375,2025-01-27,2025-02-04,79510.0,0.0459313293925292,0.004074609555020019,83162.0,79833.97220571963,0.0,79510.0,3328.027794280366,11075768.999502638,1,1,2826
KNN,H1,376,2025-01-28,2025-01-29,80163.0,0.001833763706448,0.0004244719713781357,80310.0,80197.02694664159,0.0,80163.0,112.97305335840792,12762.910785121683,1,1,2833
KNN,H2,376,2025-01-28,2025-01-30,80163.0,0.0171650262589972,0.0007839949089096696,81539.0,80225.84738388292,0.0,80163.0,1313.1526161170768,1724369.793215123,1,1,2832
KNN,H3,376,2025-01-28,2025-01-31,80163.0,0.0208699774210046,0.0013154206985538039,81836.0,80268.44806945816,0.0,80163.0,1567.551930541842,2457219.054945456,1,1,2831
KNN,H4,376,2025-01-28,2025-02-01,80163.0,0.0187118745555929,0.0029712690328442134,81663.0,80401.18583947989,0.0,80163.0,1261.814160520109,1592174.9756890675,1,1,2830
KNN,H5,376,2025-01-28,2025-02-03,80163.0,0.0307124234372466,0.003068954455933818,82625.0,80409.01659605103,0.0,80163.0,2215.983403948965,4910582.446577243,1,1,2829
KNN,H6,376,2025-01-28,2025-02-04,80163.0,0.0374112745281489,0.004002198339271528,83162.0,80483.82822547102,0.0,80163.0,2678.171774528979,7172604.0538837,1,1,2828
KNN,H7,376,2025-01-28,2025-02-05,80163.0,0.0475655851203173,0.005059095226348707,83976.0,80568.5522506298,0.0,80163.0,3407.4477493701997,11610700.16468804,1,1,2827
KNN,H1,377,2025-01-29,2025-01-30,80310.0,0.015303200099614,0.0009072860450271887,81539.0,80382.86414227613,0.0,80310.0,1156.1358577238716,1336650.1215149122,1,1,2834
KNN,H2,377,2025-01-29,2025-01-31,80310.0,0.0190013696924418,0.0019050708829942572,81836.0,80462.99624261327,0.0,80310.0,1373.0037573867303,1885139.3177980792,1,1,2833
KNN,H3,377,2025-01-29,2025-02-01,80310.0,0.0168472170339932,0.0022426936652931687,81663.0,80490.11072825968,0.0,80310.0,1172.8892717403214,1375669.2437635416,1,1,2832
KNN,H4,377,2025-01-29,2025-02-03,80310.0,0.0288258000249035,0.003149028225841339,82625.0,80562.89845681732,0.0,80310.0,2062.101543182682,4252262.774396397,1,1,2831
KNN,H5,377,2025-01-29,2025-02-04,80310.0,0.0355123894907234,0.0032810388970314274,83162.0,80573.5002338206,0.0,80310.0,2588.499766179404,6700331.039510829,1,1,2830
KNN,H6,377,2025-01-29,2025-02-05,80310.0,0.0456481135599551,0.00485546946103841,83976.0,80699.94275241598,0.0,80310.0,3276.0572475840163,10732551.089447761,1,1,2829
KNN,H7,377,2025-01-29,2025-02-06,80310.0,0.044153903623459,0.005180120397561648,83856.0,80726.01546912818,0.0,80310.0,3129.9845308718213,9796803.163496895,1,1,2828
KNN,H1,378,2025-01-30,2025-01-31,81539.0,0.0036424287764136,0.0011470341553687252,81836.0,81632.52801799461,0.0,81539.0,203.47198200538696,41400.847461200516,1,1,2835
KNN,H2,378,2025-01-30,2025-02-01,81539.0,0.0015207446743277,0.0019913335023651287,81663.0,81701.37134244935,0.0,81539.0,38.37134244934714,1472.3599213650698,1,1,2834
KNN,H3,378,2025-01-30,2025-02-03,81539.0,0.0133187799703209,0.002664074706706083,82625.0,81756.22598751012,0.0,81539.0,868.7740124898846,754768.2847777742,1,1,2833
KNN,H4,378,2025-01-30,2025-02-04,81539.0,0.0199045855357558,0.003940082104689317,83162.0,81860.27035473427,0.0,81539.0,1301.729645265732,1694500.0693636483,1,1,2832
KNN,H5,378,2025-01-30,2025-02-05,81539.0,0.0298875384785195,0.004982956685727096,83976.0,81945.3053051975,0.0,81539.0,2030.6946948024997,4123720.9434990175,1,1,2831
KNN,H6,378,2025-01-30,2025-02-06,81539.0,0.0284158500840088,0.005788399192808164,83856.0,82010.9802817824,0.0,81539.0,1845.0197182176053,3404097.7606117716,1,1,2830
KNN,H7,378,2025-01-30,2025-02-07,81539.0,0.0348176946001299,0.0059864401991576,84378.0,82027.1283473991,0.0,81539.0,2350.871652600894,5526597.5270024575,1,1,2829
KNN,H1,379,2025-01-31,2025-02-01,81836.0,-0.0021139840656924,0.0012279713146064908,81663.0,81936.49226050213,0.0,81836.0,273.49226050212746,74798.01655456355,-1,1,2836
KNN,H2,379,2025-01-31,2025-02-03,81836.0,0.009641233686886,0.002208794781177691,82625.0,82016.75892971247,0.0,81836.0,608.241070287535,369957.19958452607,1,1,2835
KNN,H3,379,2025-01-31,2025-02-04,81836.0,0.0162031379832836,0.003017109490392511,83162.0,82082.90817225576,0.0,81836.0,1079.0918277442397,1164439.172704404,1,1,2834
KNN,H4,379,2025-01-31,2025-02-05,81836.0,0.0261498606970038,0.0043405395607751225,83976.0,82191.2123954956,0.0,81836.0,1784.7876045043959,3185466.79319254,1,1,2833
KNN,H5,379,2025-01-31,2025-02-06,81836.0,0.0246835133681997,0.005087729881956164,83856.0,82252.35946261977,0.0,81836.0,1603.6405373802263,2571662.973129141,1,1,2832
KNN,H6,379,2025-01-31,2025-02-07,81836.0,0.0310621242484969,0.005885801195262549,84378.0,82317.6704266155,0.0,81836.0,2060.3295733845007,4244957.950962759,1,1,2831
KNN,H7,379,2025-01-31,2025-02-10,81836.0,0.0424263160467275,0.00615558892357848,85308.0,82339.74877514997,0.0,81836.0,2968.251224850028,8810515.33382369,1,1,2830
KNN,H1,380,2025-02-01,2025-02-03,81663.0,0.0117801207401149,0.0010703652210713893,82625.0,81750.40923504834,0.0,81663.0,874.5907649516594,764909.0061387287,1,1,2837
KNN,H2,380,2025-02-01,2025-02-04,81663.0,0.018355926184441,0.0020264080305438807,83162.0,81828.48255899831,0.0,81663.0,1333.5174410016916,1778268.7654557,1,1,2836
KNN,H3,380,2025-02-01,2025-02-05,81663.0,0.0283237206568458,0.002930802883091599,83976.0,81902.33815584192,0.0,81663.0,2073.6618441580795,4300073.443917087,1,1,2835
KNN,H4,380,2025-02-01,2025-02-06,81663.0,0.0268542669262701,0.003835509309272438,83856.0,81976.2191967231,0.0,81663.0,1879.7808032768953,3533575.86836833,1,1,2834
KNN,H5,380,2025-02-01,2025-02-07,81663.0,0.0332463906542743,0.003967441000783007,84378.0,81986.99313444695,0.0,81663.0,2391.0068655530486,5716913.831121814,1,1,2833
KNN,H6,380,2025-02-01,2025-02-10,81663.0,0.0446346570662357,0.005385451661841457,85308.0,82102.79213906096,0.0,81663.0,3205.2078609390446,10273357.431825446,1,1,2832
KNN,H7,380,2025-02-01,2025-02-11,81663.0,0.0422467947540501,0.006258273508257494,85113.0,82174.06938950483,0.0,81663.0,2938.9306104951684,8637313.133305503,1,1,2831
KNN,H1,381,2025-02-03,2025-02-04,82625.0,0.0064992435703479,0.0009154812342170266,83162.0,82700.64163697718,0.0,82625.0,461.35836302282405,212851.5391310999,1,1,2838
KNN,H2,381,2025-02-03,2025-02-05,82625.0,0.0163509833585475,0.0018867427490592296,83976.0,82780.89211964102,0.0,82625.0,1195.1078803589771,1428282.8456961273,1,1,2837
KNN,H3,381,2025-02-03,2025-02-06,82625.0,0.0148986384266263,0.0026307860719931883,83856.0,82842.36869919844,0.0,82625.0,1013.6313008015568,1027448.4139646561,1,1,2836
KNN,H4,381,2025-02-03,2025-02-07,82625.0,0.021216338880484,0.003799552152419624,84378.0,82938.93799659368,0.0,82625.0,1439.0620034063177,2070899.4496478047,1,1,2835
KNN,H5,381,2025-02-03,2025-02-10,82625.0,0.0324720121028745,0.0040979794594722336,85308.0,82963.59555283889,0.0,82625.0,2344.4044471611123,5496232.211868801,1,1,2834
KNN,H6,381,2025-02-03,2025-02-11,82625.0,0.0301119515885022,0.005200138730006032,85113.0,83054.66146256674,0.0,82625.0,2058.3385374332574,4236757.534682881,1,1,2833
KNN,H7,381,2025-02-03,2025-02-12,82625.0,0.029034795763994,0.005614899788310146,85024.0,83088.93109500912,0.0,82625.0,1935.0689049908833,3744491.667062616,1,1,2832
KNN,H1,382,2025-02-04,2025-02-05,83162.0,0.0097881243837329,0.0011565090340428465,83976.0,83258.17760428907,0.0,83162.0,717.8223957109294,515268.9917841781,1,1,2839
KNN,H2,382,2025-02-04,2025-02-06,83162.0,0.0083451576441162,0.0021976666181352748,83856.0,83344.76235129737,0.0,83162.0,511.23764870263403,261363.93345099784,1,1,2838
KNN,H3,382,2025-02-04,2025-02-07,83162.0,0.0146220629614486,0.002767650006249265,84378.0,83392.1633098197,0.0,83162.0,985.8366901802947,971873.9797056384,1,1,2837
KNN,H4,382,2025-02-04,2025-02-10,83162.0,0.0258050551934778,0.0042168902642390925,85308.0,83512.68502815465,0.0,83162.0,1795.3149718453496,3223155.8481320688,1,1,2836
KNN,H5,382,2025-02-04,2025-02-11,83162.0,0.0234602342416008,0.005284835026047443,85113.0,83601.49745043616,0.0,83162.0,1511.5025495638401,2284639.957337989,1,1,2835
KNN,H6,382,2025-02-04,2025-02-12,83162.0,0.0223900339097182,0.005419014871816165,85024.0,83612.65611476997,0.0,83162.0,1411.3438852300314,1991891.5623762002,1,1,2834
KNN,H7,382,2025-02-04,2025-02-13,83162.0,0.026526538563286,0.005754906478619061,85368.0,83640.58953257492,0.0,83162.0,1727.4104674250848,2983946.92296975,1,1,2833
KNN,H1,383,2025-02-05,2025-02-06,83976.0,-0.001428979708488,0.0012195085931007564,83856.0,84078.40945361424,0.0,83976.0,222.40945361423655,49465.965056983245,-1,1,2840
KNN,H2,383,2025-02-05,2025-02-07,83976.0,0.0047870820234352,0.0022313903463120296,84378.0,84163.38323572189,0.0,83976.0,214.61676427810744,46060.35550920473,1,1,2839
KNN,H3,383,2025-02-05,2025-02-10,83976.0,0.0158616747642184,0.0034737196597327334,85308.0,84267.70908214572,0.0,83976.0,1040.290917854276,1082205.1937700917,1,1,2838
KNN,H4,383,2025-02-05,2025-02-11,83976.0,0.0135395827379252,0.0044298580885490536,85113.0,84348.001762844,0.0,83976.0,764.9982371560036,585222.3028517931,1,1,2837
KNN,H5,383,2025-02-05,2025-02-12,83976.0,0.0124797561207963,0.005172206559342952,85024.0,84410.34121802739,0.0,83976.0,613.6587819726119,376577.1006921096,1,1,2836
KNN,H6,383,2025-02-05,2025-02-13,83976.0,0.0165761646184623,0.005418776547650902,85368.0,84431.04717936555,0.0,83976.0,936.9528206344548,877880.5880948609,1,1,2835
KNN,H7,383,2025-02-05,2025-02-14,83976.0,0.0042273983042773,0.005724427782563393,84331.0,84456.71454746855,0.0,83976.0,125.71454746855306,15804.147445223081,1,1,2834
KNN,H1,384,2025-02-06,2025-02-07,83856.0,0.0062249570692616,0.001343860000199204,84378.0,83968.6907241767,0.0,83856.0,409.30927582329605,167534.08327499105,1,1,2841
KNN,H2,384,2025-02-06,2025-02-10,83856.0,0.0173153978248425,0.002590434874458114,85308.0,84073.22350683255,0.0,83856.0,1234.7764931674465,1524672.988078897,1,1,2840
KNN,H3,384,2025-02-06,2025-02-11,83856.0,0.0149899828277046,0.0035358103643418678,85113.0,84152.49891391226,0.0,83856.0,960.5010860877373,922562.336375723,1,1,2839
KNN,H4,384,2025-02-06,2025-02-12,83856.0,0.0139286395726005,0.004308811564916718,85024.0,84217.31970258766,0.0,83856.0,806.680297412342,650733.1022332646,1,1,2838
KNN,H5,384,2025-02-06,2025-02-13,83856.0,0.0180309101316542,0.00437614387414911,85368.0,84222.96592071066,0.0,83856.0,1145.0340792893403,1311103.0427339873,1,1,2837
KNN,H6,384,2025-02-06,2025-02-14,83856.0,0.0056644724289258,0.005171806904049753,84331.0,84289.687039746,0.0,83856.0,41.312960253999336,1706.760684948529,1,1,2836
KNN,H7,384,2025-02-06,2025-02-17,83856.0,0.0107684602175157,0.00526451399101293,84759.0,84297.46108523039,0.0,83856.0,461.53891476961144,213018.16984671066,1,1,2835
KNN,H1,385,2025-02-07,2025-02-10,84378.0,0.0110218303349214,0.001204266712729942,85308.0,84479.61361668672,0.0,84378.0,828.3863833132782,686224.0000588535,1,1,2842
KNN,H2,385,2025-02-07,2025-02-11,84378.0,0.0087108013937282,0.0023240005586161313,85113.0,84574.0945191349,0.0,84378.0,538.9054808650981,290419.1173064426,1,1,2841
KNN,H3,385,2025-02-07,2025-02-12,84378.0,0.0076560240821066,0.0034618519942714383,85024.0,84670.10414757264,0.0,84378.0,353.8958524273621,125242.27436528927,1,1,2840
KNN,H4,385,2025-02-07,2025-02-13,84378.0,0.0117329161629808,0.004534147961624767,85368.0,84760.58233670598,0.0,84378.0,607.4176632940216,368956.2176815694,1,1,2839
KNN,H5,385,2025-02-07,2025-02-14,84378.0,-0.0005570172319798,0.005258414941877251,84331.0,84821.69453596573,0.0,84378.0,490.69453596572566,240781.12762661884,-1,1,2838
KNN,H6,385,2025-02-07,2025-02-17,84378.0,0.0045153950081775,0.005619774500133823,84759.0,84852.1853327723,0.0,84378.0,93.1853327722929,8683.506243882965,1,1,2837
KNN,H7,385,2025-02-07,2025-02-18,84378.0,0.0161653511578847,0.006545916395365712,85742.0,84930.33133360816,0.0,84378.0,811.6686663918372,658806.0240023035,1,1,2836
KNN,H1,386,2025-02-10,2025-02-11,85308.0,-0.0022858348572232,0.0012870293441906554,85113.0,85417.79389929422,0.0,85308.0,304.7938992942218,92899.3210469762,-1,1,2843
KNN,H2,386,2025-02-10,2025-02-12,85308.0,-0.0033291133305199,0.0022743838477354136,85024.0,85502.02313728262,0.0,85308.0,478.0231372826238,228506.1197775222,-1,1,2842
KNN,H3,386,2025-02-10,2025-02-13,85308.0,0.0007033338022224,0.0033717394688675796,85368.0,85595.63635061015,0.0,85308.0,227.63635061014793,51818.308119106194,1,1,2841
KNN,H4,386,2025-02-10,2025-02-14,85308.0,-0.0114526187461903,0.004611997616986693,84331.0,85701.4402927099,0.0,85308.0,1370.4402927099,1878106.5958827962,-1,1,2840
KNN,H5,386,2025-02-10,2025-02-17,85308.0,-0.0064355042903362,0.005379606202502134,84759.0,85766.92344592306,0.0,85308.0,1007.9234459230647,1015909.6728414252,-1,1,2839
KNN,H6,386,2025-02-10,2025-02-18,85308.0,0.0050874478360762,0.006065762006979215,85742.0,85825.45802529139,0.0,85308.0,83.45802529138746,6965.2419855378685,1,1,2838
KNN,H7,386,2025-02-10,2025-02-19,85308.0,0.0048178365452242,0.006456829027881382,85719.0,85858.81917071051,0.0,85308.0,139.8191707105143,19549.40049817594,1,1,2837
KNN,H1,387,2025-02-11,2025-02-12,85113.0,-0.0010456686992585,0.0013836832135549555,85024.0,85230.7694293553,0.0,85113.0,206.76942935530678,42753.5969159192,-1,1,2844
KNN,H2,387,2025-02-11,2025-02-13,85113.0,0.0029960170596736,0.0024847940775385028,85368.0,85324.48827832154,0.0,85113.0,43.511721678456524,1893.2699234234635,1,1,2843
KNN,H3,387,2025-02-11,2025-02-14,85113.0,-0.0091877856496657,0.00367241027658471,84331.0,85425.56985587094,0.0,85113.0,1094.569855870941,1198083.1693813324,-1,1,2842
KNN,H4,387,2025-02-11,2025-02-17,85113.0,-0.0041591766240174,0.004413308473366941,84759.0,85488.62992409368,0.0,85113.0,729.6299240936787,532359.8261329473,-1,1,2841
KNN,H5,387,2025-02-11,2025-02-18,85113.0,0.0073901754138616,0.004893482448427355,85742.0,85529.498971633,0.0,85113.0,212.50102836699807,45156.68705703172,1,1,2840
KNN,H6,387,2025-02-11,2025-02-19,85113.0,0.0071199464241655,0.005636451843790375,85719.0,85592.73532578052,0.0,85113.0,126.26467421947746,15942.767955750774,1,1,2839
KNN,H7,387,2025-02-11,2025-02-20,85113.0,0.0084240950266116,0.006212810407238918,85830.0,85641.79093219133,0.0,85113.0,188.2090678086679,35422.65320540775,1,1,2838
KNN,H1,388,2025-02-12,2025-02-13,85024.0,0.0040459164471207,0.001410011792539244,85368.0,85143.88484264885,0.0,85024.0,224.11515735114517,50227.60375452856,1,1,2845
KNN,H2,388,2025-02-12,2025-02-14,85024.0,-0.0081506398193451,0.002472691882535193,84331.0,85234.23815462067,0.0,85024.0,903.2381546206743,815839.1639625612,-1,1,2844
KNN,H3,388,2025-02-12,2025-02-17,85024.0,-0.0031167670304854,0.003747630189083205,84759.0,85342.63850919662,0.0,85024.0,583.6385091966222,340633.9094172556,-1,1,2843
KNN,H4,388,2025-02-12,2025-02-18,85024.0,0.0084446744448625,0.0043623439918165875,85742.0,85394.90393556021,0.0,85024.0,347.09606443978555,120475.67794958776,1,1,2842
KNN,H5,388,2025-02-12,2025-02-19,85024.0,0.0081741625893865,0.004982289529638053,85719.0,85447.61418496796,0.0,85024.0,271.3858150320448,73650.26060060722,1,1,2841
KNN,H6,388,2025-02-12,2025-02-20,85024.0,0.0094796763266842,0.006246145026393187,85830.0,85555.07223472405,0.0,85024.0,274.92776527594833,75585.27611962694,1,1,2840
KNN,H7,388,2025-02-12,2025-02-21,85024.0,0.0090680278509598,0.006934450505433443,85795.0,85613.59471977397,0.0,85024.0,181.40528022602666,32907.87569388326,1,1,2839
KNN,H1,389,2025-02-13,2025-02-14,85368.0,-0.0121474088651485,0.0013153116322186921,84331.0,85480.28552341924,0.0,85368.0,1149.2855234192393,1320857.2143410349,-1,1,2846
KNN,H2,389,2025-02-13,2025-02-17,85368.0,-0.0071338206353668,0.002343328489573975,84759.0,85568.04526649795,0.0,85368.0,809.045266497953,654554.2432427438,-1,1,2845
KNN,H3,389,2025-02-13,2025-02-18,85368.0,0.0043810327054634,0.0034141197818688784,85742.0,85659.45657753859,0.0,85368.0,82.5434224614146,6813.416591643563,1,1,2844
KNN,H4,389,2025-02-13,2025-02-19,85368.0,0.0041116109080685,0.004509640160122497,85719.0,85752.97896118935,0.0,85368.0,33.97896118935023,1154.5698035073692,1,1,2843
KNN,H5,389,2025-02-13,2025-02-20,85368.0,0.0054118639302782,0.004746827537607084,85830.0,85773.22717323044,0.0,85368.0,56.772826769563835,3223.153859406904,1,1,2842
KNN,H6,389,2025-02-13,2025-02-21,85368.0,0.0050018742385906,0.006170080103925881,85795.0,85894.72739831195,0.0,85368.0,99.72739831195213,9945.553974070752,1,1,2841
KNN,H7,389,2025-02-13,2025-02-24,85368.0,0.007754662168494,0.007348061143930739,86030.0,85995.28928373508,0.0,85368.0,34.71071626491903,1204.8338236237144,1,1,2840
KNN,H1,390,2025-02-14,2025-02-17,84331.0,0.0050752392358681,0.0011148179936423493,84759.0,84425.01371622186,0.0,84331.0,333.9862837781402,111546.8377519324,1,1,2847
KNN,H2,390,2025-02-14,2025-02-18,84331.0,0.0167316882285279,0.0018409100241355424,85742.0,84486.24578324537,0.0,84331.0,1255.7542167546344,1576918.6528970452,1,1,2846
KNN,H3,390,2025-02-14,2025-02-19,84331.0,0.0164589534097781,0.003050238311019736,85719.0,84588.2296470066,0.0,84331.0,1130.7703529933933,1278641.5912088032,1,1,2845
KNN,H4,390,2025-02-14,2025-02-20,84331.0,0.0177751953611364,0.0034543145762649468,85830.0,84622.30580253099,0.0,84331.0,1207.6941974690126,1458525.2746003224,1,1,2844
KNN,H5,390,2025-02-14,2025-02-21,84331.0,0.0173601641152125,0.004367097245509109,85795.0,84699.28167781104,0.0,84331.0,1095.7183221889572,1200598.6415805835,1,1,2843
KNN,H6,390,2025-02-14,2025-02-24,84331.0,0.0201468024807009,0.004841187865817874,86030.0,84739.26221391228,0.0,84331.0,1290.7377860877168,1666004.0324346207,1,1,2842
KNN,H7,390,2025-02-14,2025-02-25,84331.0,0.0149174087820611,0.006190693415561769,85589.0,84853.06736642774,0.0,84331.0,735.932633572258,541596.8411565995,1,1,2841
KNN,H1,391,2025-02-17,2025-02-18,84759.0,0.011597588456683,0.000728945064710268,85742.0,84820.78465473978,0.0,84759.0,921.2153452602215,848637.7123429091,1,1,2848
KNN,H2,391,2025-02-17,2025-02-19,84759.0,0.0113262308427424,0.0012315143319481857,85719.0,84863.3819232616,0.0,84759.0,855.6180767384067,732082.29324153,1,1,2847
KNN,H3,391,2025-02-17,2025-02-20,84759.0,0.0126358262839345,0.002354809682643869,85830.0,84958.5913138912,0.0,84759.0,871.4086861087999,759353.0982258649,1,1,2846
KNN,H4,391,2025-02-17,2025-02-21,84759.0,0.0122228907844594,0.003059856106202906,85795.0,85018.35034370565,0.0,84759.0,776.6496562943503,603184.6886221324,1,1,2845
KNN,H5,391,2025-02-17,2025-02-24,84759.0,0.0149954577095057,0.005409409854813723,86030.0,85217.49616988415,0.0,84759.0,812.5038301158493,660162.4739529248,1,1,2844
KNN,H6,391,2025-02-17,2025-02-25,84759.0,0.0097924704161209,0.004569503463919447,85589.0,85146.30654409835,0.0,84759.0,442.69345590165176,195977.4958981477,1,1,2843
KNN,H7,391,2025-02-17,2025-02-26,84759.0,0.0127184133838293,0.005542028173245781,85837.0,85228.73676593613,0.0,84759.0,608.2632340638665,369984.1619138341,1,1,2842
KNN,H1,392,2025-02-18,2025-02-19,85742.0,-0.0002682466002659,0.0012855677815184154,85719.0,85852.22715272296,0.0,85742.0,133.22715272296045,17749.474222667028,-1,1,2849
KNN,H2,392,2025-02-18,2025-02-20,85742.0,0.0010263348184087,0.002080735129963694,85830.0,85920.40639151334,0.0,85742.0,90.40639151334472,8173.3156264641675,1,1,2848
KNN,H3,392,2025-02-18,2025-02-21,85742.0,0.000618133470178,0.0031269413294663893,85795.0,86010.11020347111,0.0,85742.0,215.11020347110752,46272.39963738128,1,1,2847
KNN,H4,392,2025-02-18,2025-02-24,85742.0,0.0033589139511558,0.0040113505581974036,86030.0,86085.94121956096,0.0,85742.0,55.941219560962054,3129.4200459677636,1,1,2846
KNN,H5,392,2025-02-18,2025-02-25,85742.0,-0.0017844230365514,0.00534793075388594,85589.0,86200.5422786997,0.0,85742.0,611.5422786996933,373983.95863721333,-1,1,2845
KNN,H6,392,2025-02-18,2025-02-26,85742.0,0.0011079750880549,0.005384606665224325,85837.0,86203.68694468966,0.0,85742.0,366.68694468965987,134459.31540583767,1,1,2844
KNN,H7,392,2025-02-18,2025-02-27,85742.0,-0.0072193324158521,0.005936089274656437,85123.0,86250.9721665876,0.0,85742.0,1127.9721665875986,1272321.2085963213,-1,1,2843
KNN,H1,393,2025-02-19,2025-02-20,85719.0,0.0012949287789172,0.0011397258051920466,85830.0,85816.69615629525,0.0,85719.0,13.303843704750761,176.99225732043647,1,1,2850
KNN,H2,393,2025-02-19,2025-02-21,85719.0,0.000886617902682,0.0021931096556221073,85795.0,85906.99116657027,0.0,85719.0,111.99116657026752,12542.021389769407,1,1,2849
KNN,H3,393,2025-02-19,2025-02-24,85719.0,0.0036281337859751,0.0032524235332731404,86030.0,85997.79449284864,0.0,85719.0,32.20550715136051,1037.1946908763327,1,1,2848
KNN,H4,393,2025-02-19,2025-02-25,85719.0,-0.0015165832545877,0.0041203189365361026,85589.0,86072.18961892095,0.0,85719.0,483.18961892095103,233472.2078329739,-1,1,2847
KNN,H5,393,2025-02-19,2025-02-26,85719.0,0.001376590954164,0.004840932926063405,85837.0,86133.95992948924,0.0,85719.0,296.9599294892396,88185.19972225414,1,1,2846
KNN,H6,393,2025-02-19,2025-02-27,85719.0,-0.0069529509210326,0.006065976497565049,85123.0,86238.96943939477,0.0,85719.0,1115.969439394772,1245387.7896630818,-1,1,2845
KNN,H7,393,2025-02-19,2025-02-28,85719.0,-0.01691573630117,0.0071300188762860196,84269.0,86330.17808805636,0.0,85719.0,2061.17808805636,4248455.110683672,-1,1,2844
KNN,H1,394,2025-02-20,2025-02-21,85830.0,-0.0004077828265175,0.0011523226594973661,85795.0,85928.90385386466,0.0,85830.0,133.9038538646564,17930.24207980726,-1,1,2851
KNN,H2,394,2025-02-20,2025-02-24,85830.0,0.0023301875801002,0.001887800817463349,86030.0,85992.02994416289,0.0,85830.0,37.97005583711143,1441.7251402733598,1,1,2850
KNN,H3,394,2025-02-20,2025-02-25,85830.0,-0.0028078760340207,0.0030868837680173133,85589.0,86094.94723380893,0.0,85830.0,505.9472338089254,255982.6033989034,-1,1,2849
KNN,H4,394,2025-02-20,2025-02-26,85830.0,8.155656530339783e-05,0.004583855681162113,85837.0,86223.43233311415,0.0,85830.0,386.4323331141495,149329.94807604502,1,1,2848
KNN,H5,394,2025-02-20,2025-02-27,85830.0,-0.0082372130956541,0.004666976578719085,85123.0,86230.56659975146,0.0,85830.0,1107.5665997514589,1226703.7728850082,-1,1,2847
KNN,H6,394,2025-02-20,2025-02-28,85830.0,-0.018187114062682,0.005926329862304046,84269.0,86338.65689208155,0.0,85830.0,2069.656892081548,4283479.650940652,-1,1,2846
KNN,H7,394,2025-02-20,2025-03-03,85830.0,-0.0055341955027379,0.006800064520517681,85355.0,86413.64953779604,0.0,85830.0,1058.6495377960382,1120738.8438757653,-1,1,2845
KNN,H1,395,2025-02-21,2025-02-24,85795.0,0.0027390873594033,0.0011778664695774863,86030.0,85896.05505375739,0.0,85795.0,133.9449462426128,17941.24862393643,1,1,2852
KNN,H2,395,2025-02-21,2025-02-25,85795.0,-0.002401072323562,0.0021311688302998633,85589.0,85977.84362979558,0.0,85795.0,388.8436297955777,151199.3684326003,-1,1,2851
KNN,H3,395,2025-02-21,2025-02-26,85795.0,0.0004895390174253,0.0033851580040369393,85837.0,86085.42963095635,0.0,85795.0,248.4296309563506,61717.281537108545,1,1,2850
KNN,H4,395,2025-02-21,2025-02-27,85795.0,-0.0078326242788041,0.004446390362970412,85123.0,86176.47806119104,0.0,85795.0,1053.4780611910392,1109816.0254108307,-1,1,2849
KNN,H5,395,2025-02-21,2025-02-28,85795.0,-0.0177865842997844,0.005264022200016846,84269.0,86246.62678465045,0.0,85795.0,1977.6267846504488,3911007.6993668727,-1,1,2848
KNN,H6,395,2025-02-21,2025-03-03,85795.0,-0.005128503992074,0.0056228040698357165,85355.0,86277.40847517154,0.0,85795.0,922.4084751715418,850837.3950682888,-1,1,2847
KNN,H7,395,2025-02-21,2025-03-04,85795.0,0.0024710064689084,0.0064797459976382345,86007.0,86350.92980786737,0.0,85795.0,343.9298078673746,118287.71273968922,1,1,2846
KNN,H1,396,2025-02-24,2025-02-25,86030.0,-0.0051261187957689,0.0012324661294009836,85589.0,86136.02906111236,0.0,86030.0,547.0290611123637,299240.79370147415,-1,1,2853
KNN,H2,396,2025-02-24,2025-02-26,86030.0,-0.0022434034639079,0.002263200267399847,85837.0,86224.7031190044,0.0,86030.0,387.7031190044072,150313.70848574553,-1,1,2852
KNN,H3,396,2025-02-24,2025-02-27,86030.0,-0.0105428338951528,0.003280507767647158,85123.0,86312.22208325069,0.0,86030.0,1189.2220832506864,1414249.1632911025,-1,1,2851
KNN,H4,396,2025-02-24,2025-02-28,86030.0,-0.0204696036266418,0.004225701440808351,84269.0,86393.53709495273,0.0,86030.0,2124.537094952728,4513657.867830176,-1,1,2850
KNN,H5,396,2025-02-24,2025-03-03,86030.0,-0.0078461001976054,0.005903507423632378,85355.0,86537.87874365509,0.0,86030.0,1182.878743655092,1399202.1221910487,-1,1,2849
KNN,H6,396,2025-02-24,2025-03-04,86030.0,-0.0002673485993258,0.005579472846515752,86007.0,86510.00204898574,0.0,86030.0,503.00204898574157,253011.06128385436,-1,1,2848
KNN,H7,396,2025-02-24,2025-03-05,86030.0,-0.0021155410903173,0.006664170258592708,85848.0,86603.31856734674,0.0,86030.0,755.3185673467378,570506.1381787285,-1,1,2847
KNN,H1,397,2025-02-25,2025-02-26,85589.0,0.002897568612789,0.0012371502172635201,85837.0,85694.88644994536,0.0,85589.0,142.11355005463702,20196.26110913182,1,1,2854
KNN,H2,397,2025-02-25,2025-02-27,85589.0,-0.0054446248933858,0.0019660585443577504,85123.0,85757.27298475303,0.0,85589.0,634.2729847530281,402302.2191875151,-1,1,2853
KNN,H3,397,2025-02-25,2025-02-28,85589.0,-0.0154225426164577,0.0031323044459222065,84269.0,85857.09080522203,0.0,85589.0,1588.090805222033,2522032.405630765,-1,1,2852
KNN,H4,397,2025-02-25,2025-03-03,85589.0,-0.0027339961910993,0.003934203891750218,85355.0,85925.724576891,0.0,85589.0,570.724576891007,325726.542667419,-1,1,2851
KNN,H5,397,2025-02-25,2025-03-04,85589.0,0.0048838051618782,0.0048048391758388,86007.0,86000.24138022088,0.0,85589.0,6.758619779124274,45.67894131876985,1,1,2850
KNN,H6,397,2025-02-25,2025-03-05,85589.0,0.0030260898012595,0.005597967983335813,85848.0,86068.12448172572,0.0,85589.0,220.12448172572476,48454.78745501894,1,1,2849
KNN,H7,397,2025-02-25,2025-03-06,85589.0,0.0048253864398462,0.00646295916587621,86002.0,86142.15821204818,0.0,85589.0,140.1582120481762,19644.324404541527,1,1,2848
KNN,H1,398,2025-02-26,2025-02-27,85837.0,-0.0083180912660041,0.0010756373340664843,85123.0,85929.32948184427,0.0,85837.0,806.3294818442664,650167.2332912432,-1,1,2855
KNN,H2,398,2025-02-26,2025-02-28,85837.0,-0.0182671808194601,0.0019326946017736806,84269.0,86002.89670653245,0.0,85837.0,1733.8967065324541,3006397.7889240915,-1,1,2854
KNN,H3,398,2025-02-26,2025-03-03,85837.0,-0.0056152941039412,0.003141505261230331,85355.0,86106.65738710822,0.0,85837.0,751.6573871082219,564988.8275943593,-1,1,2853
KNN,H4,398,2025-02-26,2025-03-04,85837.0,0.0019804979204771,0.0036557749383013035,86007.0,86150.80075337896,0.0,85837.0,143.80075337896415,20678.65667235767,1,1,2852
KNN,H5,398,2025-02-26,2025-03-05,85837.0,0.0001281498654426,0.004876437789669106,85848.0,86255.57879055182,0.0,85837.0,407.57879055182275,166120.4705076866,1,1,2851
KNN,H6,398,2025-02-26,2025-03-06,85837.0,0.0019222479816396,0.005251112713102888,86002.0,86287.73976195462,0.0,85837.0,285.73976195462456,81647.2115618855,1,1,2850
KNN,H7,398,2025-02-26,2025-03-07,85837.0,0.0006873492782832,0.00592910695941682,85896.0,86345.93675407546,0.0,85837.0,449.93675407546107,202443.08266796192,1,1,2849
KNN,H1,399,2025-02-27,2025-02-28,85123.0,-0.0100325411463412,0.0011129930381878384,84269.0,85217.74130638967,0.0,85123.0,948.7413063896674,900110.0664499728,-1,1,2856
KNN,H2,399,2025-02-27,2025-03-03,85123.0,0.0027254678524017,0.0019820816639854032,85355.0,85291.72073748344,0.0,85123.0,63.279262516560266,4004.265064639749,1,1,2855
KNN,H3,399,2025-02-27,2025-03-04,85123.0,0.0103849723341518,0.0031622826828887405,86007.0,85392.18298881553,0.0,85123.0,614.8170111844665,377999.95724180044,1,1,2854
KNN,H4,399,2025-02-27,2025-03-05,85123.0,0.0085170870387556,0.0038638636760087723,85848.0,85451.90366769291,0.0,85123.0,396.09633230709005,156892.3044671287,1,1,2853
KNN,H5,399,2025-02-27,2025-03-06,85123.0,0.01032623380285,0.005461893108660866,86002.0,85587.93272708854,0.0,85123.0,414.06727291145944,171451.70649633303,1,1,2852
KNN,H6,399,2025-02-27,2025-03-07,85123.0,0.0090809769392525,0.005774738382418233,85896.0,85614.5630553266,0.0,85123.0,281.4369446734054,79206.75382710143,1,1,2851
KNN,H7,399,2025-02-27,2025-03-10,85123.0,0.0039589770097387,0.007133186804170276,85460.0,85730.19826033138,0.0,85123.0,270.1982603313809,73007.09988610467,1,1,2850
KNN,H1,400,2025-02-28,2025-03-03,84269.0,0.0128873013801042,0.0007140853899587834,85355.0,84329.17526172643,0.0,84269.0,1025.8247382735717,1052316.393654042,1,1,2857
KNN,H2,400,2025-02-28,2025-03-04,84269.0,0.0206244289121741,0.0017100296028171968,86007.0,84413.1024845998,0.0,84269.0,1593.8975154001964,2540509.2895989195,1,1,2856
KNN,H3,400,2025-02-28,2025-03-05,84269.0,0.0187376140692305,0.0023334035863706503,85848.0,84465.63358681987,0.0,84269.0,1382.3664131801343,1910936.9002885097,1,1,2855
KNN,H4,400,2025-02-28,2025-03-06,84269.0,0.0205650951120814,0.0029526064076134573,86002.0,84517.81318936318,0.0,84269.0,1484.1868106368202,2202810.488868296,1,1,2854
KNN,H5,400,2025-02-28,2025-03-07,84269.0,0.0193072185501193,0.0037501030659933656,85896.0,84585.01743526821,0.0,84269.0,1310.982564731792,1718675.2850307473,1,1,2853
KNN,H6,400,2025-02-28,2025-03-10,84269.0,0.0141333111820478,0.004644352732192484,85460.0,84660.37496038912,0.0,84269.0,799.6250396108808,639400.2039727026,1,1,2852
KNN,H7,400,2025-02-28,2025-03-11,84269.0,0.0218823054741363,0.005894160643932537,86113.0,84765.69502330355,0.0,84269.0,1347.304976696454,1815230.7002310327,1,1,2851
KNN,H1,401,2025-03-03,2025-03-04,85355.0,0.0076386854900123,0.0008375454334084697,86007.0,85426.48869046857,0.0,85355.0,580.51130953143,336993.38049389573,1,1,2858
KNN,H2,401,2025-03-03,2025-03-05,85355.0,0.0057758772186748,0.0015962174781406983,85848.0,85491.2451428467,0.0,85355.0,356.75485715329705,127274.02810246938,1,1,2857
KNN,H3,401,2025-03-03,2025-03-06,85355.0,0.0075801066135552,0.0025479551609892035,86002.0,85572.48071276624,0.0,85355.0,429.51928723376477,184486.81810580133,1,1,2856
KNN,H4,401,2025-03-03,2025-03-07,85355.0,0.0063382344326636,0.003580668246724571,85896.0,85660.62793819918,0.0,85355.0,235.37206180082285,55400.00747637037,1,1,2855
KNN,H5,401,2025-03-03,2025-03-10,85355.0,0.0012301564056,0.004100644699804641,85460.0,85705.01052835182,0.0,85355.0,245.01052835182054,60030.15900323826,1,1,2854
KNN,H6,401,2025-03-03,2025-03-11,85355.0,0.0088805576709039,0.005112642979091461,86113.0,85791.38964148036,0.0,85355.0,321.6103585196397,103433.2227071312,1,1,2853
KNN,H7,401,2025-03-03,2025-03-12,85355.0,0.0153008025306073,0.0062155171903055485,86661.0,85885.52546977853,0.0,85355.0,775.4745302214724,601360.7470222133,1,1,2852
KNN,H1,402,2025-03-04,2025-03-05,86007.0,-0.0018486867348006,0.0010044033637155992,85848.0,86093.38572010308,0.0,86007.0,245.3857201030769,60214.15163050559,-1,1,2859
KNN,H2,402,2025-03-04,2025-03-06,86007.0,-5.813480298111351e-05,0.0017970303076537244,86002.0,86161.55718567038,0.0,86007.0,159.55718567037547,25458.495499050674,-1,1,2858
KNN,H3,402,2025-03-04,2025-03-07,86007.0,-0.0012905926261815,0.0024358555091773,85896.0,86216.50062477781,0.0,86007.0,320.5006247778074,102720.65048296488,-1,1,2857
KNN,H4,402,2025-03-04,2025-03-10,86007.0,-0.0063599474461381,0.003688024521858448,85460.0,86324.19592505148,0.0,86007.0,864.1959250514774,746834.5968755787,-1,1,2856
KNN,H5,402,2025-03-04,2025-03-11,86007.0,0.0012324578232003,0.004721296797516044,86113.0,86413.06457366397,0.0,86007.0,300.0645736639708,90038.74836814056,1,1,2855
KNN,H6,402,2025-03-04,2025-03-12,86007.0,0.0076040322299346,0.004835069817793152,86661.0,86422.84984981894,0.0,86007.0,238.15015018105623,56715.49403125964,1,1,2854
KNN,H7,402,2025-03-04,2025-03-13,86007.0,0.0196146825258409,0.005983631629458403,87694.0,86521.63420555483,0.0,86007.0,1172.3657944451697,1374441.555985054,1,1,2853
KNN,H1,403,2025-03-05,2025-03-06,85848.0,0.0017938682322244,0.0011102696487898518,86002.0,85943.31442880932,0.0,85848.0,58.68557119068282,3443.9962659767016,1,1,2860
KNN,H2,403,2025-03-05,2025-03-07,85848.0,0.0005591277606933,0.0019539243403108677,85896.0,86015.740496767,0.0,85848.0,119.74049676700088,14337.786566008148,1,1,2859
KNN,H3,403,2025-03-05,2025-03-10,85848.0,-0.0045196160656043,0.0026283548568663572,85460.0,86073.63900775227,0.0,85848.0,613.6390077522665,376552.83183518617,-1,1,2858
KNN,H4,403,2025-03-05,2025-03-11,85848.0,0.0030868511788277,0.00344668903106344,86113.0,86143.89135993873,0.0,85848.0,30.891359938730602,954.2761188642099,1,1,2857
KNN,H5,403,2025-03-05,2025-03-12,85848.0,0.009470226446743,0.004559577749636831,86661.0,86239.43063065082,0.0,85848.0,421.5693693491776,177720.7331734633,1,1,2856
KNN,H6,403,2025-03-05,2025-03-13,85848.0,0.0215031217966639,0.005425154403622306,87694.0,86313.73865524217,0.0,85848.0,1380.2613447578333,1905121.3798327022,1,1,2855
KNN,H7,403,2025-03-05,2025-03-14,85848.0,0.024182275649986,0.006273147470316004,87924.0,86386.53716403169,0.0,85848.0,1537.462835968312,2363791.9719837247,1,1,2854
KNN,H1,404,2025-03-06,2025-03-07,86002.0,-0.0012325294760586,0.0007145252327447853,85896.0,86063.4505990665,0.0,86002.0,167.45059906650567,28039.70312773163,-1,1,2861
KNN,H2,404,2025-03-06,2025-03-10,86002.0,-0.0063021790190925,0.001409889149050565,85460.0,86123.25328659665,0.0,86002.0,663.2532865966496,439904.92218125734,-1,1,2860
KNN,H3,404,2025-03-06,2025-03-11,86002.0,0.0012906676588917,0.002257337915579608,86113.0,86196.13557541568,0.0,86002.0,83.13557541568298,6911.523899696712,1,1,2859
KNN,H4,404,2025-03-06,2025-03-12,86002.0,0.0076626124973837,0.0037080870116617073,86661.0,86320.90289917693,0.0,86002.0,340.0971008230699,115666.03798825739,1,1,2858
KNN,H5,404,2025-03-06,2025-03-13,86002.0,0.0196739610706728,0.004081931422673369,87694.0,86353.05426621276,0.0,86002.0,1340.9457337872445,1798135.4609622117,1,1,2857
KNN,H6,404,2025-03-06,2025-03-14,86002.0,0.0223483174809888,0.004658209622402747,87924.0,86402.61534394589,0.0,86002.0,1521.3846560541133,2314611.2716768924,1,1,2856
KNN,H7,404,2025-03-06,2025-03-17,86002.0,0.0229529545824516,0.0051281928269193535,87976.0,86443.03483950072,0.0,86002.0,1532.9651604992832,2349982.183304593,1,1,2855
KNN,H1,405,2025-03-07,2025-03-10,85896.0,-0.005075905746484,0.000995634395973459,85460.0,85981.52101207653,0.0,85896.0,521.521012076526,271984.16603732394,-1,1,2862
KNN,H2,405,2025-03-07,2025-03-11,85896.0,0.002526310887585,0.0019517727191458775,86113.0,86063.64946948375,0.0,85896.0,49.350530516254366,2435.4748622357533,1,1,2861
KNN,H3,405,2025-03-07,2025-03-12,85896.0,0.0089061190276613,0.002982398146610514,86661.0,86152.17607120126,0.0,85896.0,508.82392879873805,258901.79051818326,1,1,2860
KNN,H4,405,2025-03-07,2025-03-13,85896.0,0.0209322902114184,0.004327192110827604,87694.0,86267.68849355166,0.0,85896.0,1426.3115064483427,2034364.5134269407,1,1,2859
KNN,H5,405,2025-03-07,2025-03-14,85896.0,0.0236099469125454,0.004337710127225833,87924.0,86268.59194908818,0.0,85896.0,1655.4080509118212,2740375.8150236746,1,1,2858
KNN,H6,405,2025-03-07,2025-03-17,85896.0,0.0242153301667131,0.005666594023773158,87976.0,86382.73776026603,0.0,85896.0,1593.2622397339728,2538484.5645621154,1,1,2857
KNN,H7,405,2025-03-07,2025-03-18,85896.0,0.0321784483561515,0.006855339078669424,88660.0,86484.8462055014,0.0,85896.0,2175.153794498605,4731294.029721679,1,1,2856
KNN,H1,406,2025-03-10,2025-03-11,85460.0,0.0076410016381933,0.0009387163540220066,86113.0,85540.22269961472,0.0,85460.0,572.7773003852781,328073.8358366471,1,1,2863
KNN,H2,406,2025-03-10,2025-03-12,85460.0,0.0140533582962789,0.0018280017291278485,86661.0,85616.22102777127,0.0,85460.0,1044.778972228727,1091563.1008113152,1,1,2862
KNN,H3,406,2025-03-10,2025-03-13,85460.0,0.0261408846243855,0.002372684847794921,87694.0,85662.76964709256,0.0,85460.0,2031.2303529074416,4125896.7465724894,1,1,2861
KNN,H4,406,2025-03-10,2025-03-14,85460.0,0.0288322021998594,0.0036382940758958285,87924.0,85770.92861172606,0.0,85460.0,2153.0713882739365,4635716.403003856,1,1,2860
KNN,H5,406,2025-03-10,2025-03-17,85460.0,0.0294406739995318,0.004223149748631961,87976.0,85820.9103775181,0.0,85460.0,2155.0896224819007,4644411.280929182,1,1,2859
KNN,H6,406,2025-03-10,2025-03-18,85460.0,0.037444418441376,0.005467480609068776,88660.0,85927.25089285102,0.0,85460.0,2732.7491071489785,7467917.682623539,1,1,2858
KNN,H7,406,2025-03-10,2025-03-19,85460.0,0.0363210858881348,0.0063207774665477705,88564.0,86000.17364229116,0.0,85460.0,2563.8263577088364,6573205.592482558,1,1,2857
KNN,H1,407,2025-03-11,2025-03-12,86113.0,0.006363731376215,0.0009426457986965424,86661.0,86194.17405766316,0.0,86113.0,466.8259423368436,217926.460438682,1,1,2864
KNN,H2,407,2025-03-11,2025-03-13,86113.0,0.0183595972733501,0.0014389097184086407,87694.0,86236.90883258132,0.0,86113.0,1457.091167418679,2123114.670169529,1,1,2863
KNN,H3,407,2025-03-11,2025-03-14,86113.0,0.0210305064276008,0.0020727135108737967,87924.0,86291.48757856188,0.0,86113.0,1632.5124214381212,2665096.806149758,1,1,2862
KNN,H4,407,2025-03-11,2025-03-17,86113.0,0.0216343641494316,0.0035462124252796947,87976.0,86418.3749905781,0.0,86113.0,1557.6250094218994,2426195.6699765725,1,1,2861
KNN,H5,407,2025-03-11,2025-03-18,86113.0,0.0295774157212034,0.004491745414967484,88660.0,86499.7976729191,0.0,86113.0,2160.2023270809004,4666474.093925738,1,1,2860
KNN,H6,407,2025-03-11,2025-03-19,86113.0,0.0284626014655162,0.005103685138385265,88564.0,86552.49363832177,0.0,86113.0,2011.5063616782281,4046157.8430719827,1,1,2859
KNN,H7,407,2025-03-11,2025-03-20,86113.0,0.029414838642249,0.005923546605232283,88646.0,86623.09436881637,0.0,86113.0,2022.905631183632,4092147.1926744487,1,1,2858
KNN,H1,408,2025-03-12,2025-03-13,86661.0,0.01192001015451,0.00103602738311877,87694.0,86750.78316904845,0.0,86661.0,943.2168309515546,889657.9901902935,1,1,2865
KNN,H2,408,2025-03-12,2025-03-14,86661.0,0.0145740298404126,0.0020896942134777507,87924.0,86842.0949902342,0.0,86661.0,1081.9050097658037,1170518.4501563439,1,1,2864
KNN,H3,408,2025-03-12,2025-03-17,86661.0,0.0151740690737471,0.0026897742357957113,87976.0,86894.09852504829,0.0,86661.0,1081.9014749517082,1170510.8015026818,1,1,2863
KNN,H4,408,2025-03-12,2025-03-18,86661.0,0.0230668928353008,0.003965479892488012,88660.0,87004.6524529629,0.0,86661.0,1655.347547037105,2740175.5014817603,1,1,2862
KNN,H5,408,2025-03-12,2025-03-19,86661.0,0.0219591280968372,0.004771301848900474,88564.0,87074.48578952756,0.0,86661.0,1489.5142104724364,2218652.5831993255,1,1,2861
KNN,H6,408,2025-03-12,2025-03-20,86661.0,0.0229053438109414,0.005705316657926479,88646.0,87155.42844689256,0.0,86661.0,1490.5715531074384,2221803.554933121,1,1,2860
KNN,H7,408,2025-03-12,2025-03-21,86661.0,0.0129700788128455,0.006650029122120254,87785.0,87237.29817375207,0.0,86661.0,547.701826247925,299977.2904753123,1,1,2859
KNN,H1,409,2025-03-13,2025-03-14,87694.0,0.0026227564029466,0.001201350724684277,87924.0,87799.35125045046,0.0,87694.0,124.64874954953848,15537.31076426357,1,1,2866
KNN,H2,409,2025-03-13,2025-03-17,87694.0,0.0032157274157866,0.0022448372788032604,87976.0,87890.85876032738,0.0,87694.0,85.14123967262276,7249.030692990992,1,1,2865
KNN,H3,409,2025-03-13,2025-03-18,87694.0,0.0110155768923758,0.0033804898911378835,88660.0,87990.44868051344,0.0,87694.0,669.5513194865634,448298.96942619816,1,1,2864
KNN,H4,409,2025-03-13,2025-03-19,87694.0,0.0099208611763632,0.004362898320336063,88564.0,88076.60000530355,0.0,87694.0,487.3999946964468,237558.75483009638,1,1,2863
KNN,H5,409,2025-03-13,2025-03-20,87694.0,0.0108559308504572,0.005402954548839053,88646.0,88167.80669620588,0.0,87694.0,478.19330379411986,228668.8357935354,1,1,2862
KNN,H6,409,2025-03-13,2025-03-21,87694.0,0.0010376992724701,0.006183370746910796,87785.0,88236.24451427959,0.0,87694.0,451.2445142795914,203621.61166742435,1,1,2861
KNN,H7,409,2025-03-13,2025-03-24,87694.0,-0.0043446529979246,0.007146301577778159,87313.0,88320.68777056168,0.0,87694.0,1007.6877705616789,1015434.6429395669,-1,1,2860
KNN,H1,410,2025-03-14,2025-03-17,87924.0,0.0005914198626086,0.0014008625342559785,87976.0,88047.16943746193,0.0,87924.0,71.16943746192555,5065.088828646933,1,1,2867
KNN,H2,410,2025-03-14,2025-03-18,87924.0,0.008370865747691,0.0029321752663476505,88660.0,88181.80857811835,0.0,87924.0,478.1914218816528,228667.03596119685,1,1,2866
KNN,H3,410,2025-03-14,2025-03-19,87924.0,0.0072790136936444,0.0036957083078702786,88564.0,88248.9414572612,0.0,87924.0,315.0585427387996,99261.885352696,1,1,2865
KNN,H4,410,2025-03-14,2025-03-20,87924.0,0.0082116373231426,0.0049544831703532705,88646.0,88359.61797827014,0.0,87924.0,286.3820217298635,82014.662370084,1,1,2864
KNN,H5,410,2025-03-14,2025-03-21,87924.0,-0.0015809107865883,0.005310832392293792,87785.0,88390.94962726004,0.0,87924.0,605.9496272600372,367174.95077657804,-1,1,2863
KNN,H6,410,2025-03-14,2025-03-24,87924.0,-0.0069491833856512,0.006722074393826483,87313.0,88515.03166900281,0.0,87924.0,1202.0316690028121,1444880.1332856861,-1,1,2862
KNN,H7,410,2025-03-14,2025-03-25,87924.0,-0.0040716982848824,0.007489383215991856,87566.0,88582.49652988288,0.0,87924.0,1016.4965298828756,1033265.1952639278,-1,1,2861
KNN,H1,411,2025-03-17,2025-03-18,87976.0,0.0077748476857324,0.0013172949983712207,88660.0,88091.89034477671,0.0,87976.0,568.1096552232921,322748.58035792777,1,1,2868
KNN,H2,411,2025-03-17,2025-03-19,87976.0,0.006683640992998,0.002304303630410553,88564.0,88178.723416189,0.0,87976.0,385.2765838110063,148438.04603307936,1,1,2867
KNN,H3,411,2025-03-17,2025-03-20,87976.0,0.0076157133763754,0.0035725910385221286,88646.0,88290.30226920501,0.0,87976.0,355.69773079498555,126520.87569270201,1,1,2866
KNN,H4,411,2025-03-17,2025-03-21,87976.0,-0.002171046649086,0.004687642054746853,87785.0,88388.3999974084,0.0,87976.0,603.3999974083999,364091.55687245703,-1,1,2865
KNN,H5,411,2025-03-17,2025-03-24,87976.0,-0.0075361462216968,0.004857121410322888,87313.0,88403.31011319456,0.0,87976.0,1090.3101131945587,1188776.1429343312,-1,1,2864
KNN,H6,411,2025-03-17,2025-03-25,87976.0,-0.0046603619168864,0.006142420570872881,87566.0,88516.38559214311,0.0,87976.0,950.3855921431095,903232.7737532089,-1,1,2863
KNN,H7,411,2025-03-17,2025-03-26,87976.0,-0.0053423660998453,0.007328287382813827,87506.0,88620.71341079043,0.0,87976.0,1114.7134107904276,1242585.9881960286,-1,1,2862
KNN,H1,412,2025-03-18,2025-03-19,88660.0,-0.0010827881795624,0.0013934064150781828,88564.0,88783.53941276083,0.0,88660.0,219.5394127608306,48197.55375537035,-1,1,2869
KNN,H2,412,2025-03-18,2025-03-20,88660.0,-0.0001579066095195,0.002447250015218497,88646.0,88876.97318634926,0.0,88660.0,230.97318634926341,53348.612812331565,-1,1,2868
KNN,H3,412,2025-03-18,2025-03-21,88660.0,-0.0098691630949695,0.0035273594908837498,87785.0,88972.73569246176,0.0,88660.0,1187.7356924617634,1410716.0751476246,-1,1,2867
KNN,H4,412,2025-03-18,2025-03-24,88660.0,-0.0151928716444845,0.004814284341164015,87313.0,89086.83444968761,0.0,88660.0,1773.8344496876089,3146488.654898542,-1,1,2866
KNN,H5,412,2025-03-18,2025-03-25,88660.0,-0.0123392736295961,0.005033493718645758,87566.0,89106.26955309513,0.0,88660.0,1540.2695530951314,2372430.296191876,-1,1,2865
KNN,H6,412,2025-03-18,2025-03-26,88660.0,-0.0130160162418226,0.0064562485394694955,87506.0,89232.41099550936,0.0,88660.0,1726.410995509359,2980494.925415616,-1,1,2864
KNN,H7,412,2025-03-18,2025-03-27,88660.0,-0.0050417324610873,0.0073100993824497746,88213.0,89308.11341124799,0.0,88660.0,1095.1134112479922,1199273.3834952142,-1,1,2863
KNN,H1,413,2025-03-19,2025-03-20,88564.0,0.0009258841064088,0.0012923048766266783,88646.0,88678.45168909356,0.0,88564.0,32.45168909356289,1053.1121250252686,1,1,2870
KNN,H2,413,2025-03-19,2025-03-21,88564.0,-0.0087958990108847,0.0023887017885176457,87785.0,88775.55298519827,0.0,88564.0,990.5529851982719,981195.2164852079,-1,1,2869
KNN,H3,413,2025-03-19,2025-03-24,88564.0,-0.0141253782575312,0.003361234180247529,87313.0,88861.68434393944,0.0,88564.0,1548.6843439394434,2398423.197163144,-1,1,2868
KNN,H4,413,2025-03-19,2025-03-25,88564.0,-0.011268687051172,0.004248202608741301,87566.0,88940.23781584058,0.0,88564.0,1374.2378158405772,1888529.5744862803,-1,1,2867
KNN,H5,413,2025-03-19,2025-03-26,88564.0,-0.0119461632265931,0.004822158787825473,87506.0,88991.06967088497,0.0,88564.0,1485.0696708849719,2205431.9273823984,-1,1,2866
KNN,H6,413,2025-03-19,2025-03-27,88564.0,-0.0039632356262138,0.0058782111439558615,88213.0,89084.5978917533,0.0,88564.0,871.5978917533066,759682.8849088087,-1,1,2865
KNN,H7,413,2025-03-19,2025-03-28,88564.0,0.0022017975701187,0.006677893067622697,88759.0,89155.42092164095,0.0,88564.0,396.42092164095084,157149.54711466088,1,1,2864
KNN,H1,414,2025-03-20,2025-03-21,88646.0,-0.0097127901992193,0.0012093451869982482,87785.0,88753.20361344665,0.0,88646.0,968.2036134466471,937418.2370911444,-1,1,2871
KNN,H2,414,2025-03-20,2025-03-24,88646.0,-0.0150373395302664,0.0018745618838289866,87313.0,88812.1724127539,0.0,88646.0,1499.1724127539055,2247517.9231623663,-1,1,2870
KNN,H3,414,2025-03-20,2025-03-25,88646.0,-0.0121832908422263,0.003279764203844026,87566.0,88936.73797761396,0.0,88646.0,1370.737977613957,1878922.6032732006,-1,1,2869
KNN,H4,414,2025-03-20,2025-03-26,88646.0,-0.0128601403334611,0.004308191737773415,87506.0,89027.90396478666,0.0,88646.0,1521.9039647866593,2316191.6780333533,-1,1,2868
KNN,H5,414,2025-03-20,2025-03-27,88646.0,-0.0048845971617444,0.004494777991461886,88213.0,89044.44408983113,0.0,88646.0,831.4440898311295,691299.2745151154,-1,1,2867
KNN,H6,414,2025-03-20,2025-03-28,88646.0,0.0012747332084921,0.005940008122957857,88759.0,89172.55796006773,0.0,88646.0,413.55796006773016,171030.18633538228,1,1,2866
KNN,H7,414,2025-03-20,2025-03-31,88646.0,0.0168309906820387,0.006740632374654739,90138.0,89243.53009748366,0.0,88646.0,894.4699025163427,800076.4065075956,1,1,2865
KNN,H1,415,2025-03-21,2025-03-24,87785.0,-0.0053767727971749,0.0010529336371492568,87313.0,87877.43177933714,0.0,87785.0,564.4317793371447,318583.2335256952,-1,1,2872
KNN,H2,415,2025-03-21,2025-03-25,87785.0,-0.0024947314461468,0.0018964777428915414,87566.0,87951.48229865974,0.0,87785.0,385.4822986597428,148596.60257999916,-1,1,2871
KNN,H3,415,2025-03-21,2025-03-26,87785.0,-0.0031782195135843,0.002719494114614978,87506.0,88023.73079085148,0.0,87785.0,517.7307908514776,268045.1717956965,-1,1,2870
KNN,H4,415,2025-03-21,2025-03-27,87785.0,0.0048755482143874,0.0040906140246449365,88213.0,88144.09455215344,0.0,87785.0,68.90544784655503,4747.960742934316,1,1,2869
KNN,H5,415,2025-03-21,2025-03-28,87785.0,0.0110952896280684,0.0034784660028769902,88759.0,88090.35713806257,0.0,87785.0,668.6428619374346,447083.27681988326,1,1,2868
KNN,H6,415,2025-03-21,2025-03-31,87785.0,0.0268041237113401,0.0061627856085740415,90138.0,88326.00013464867,0.0,87785.0,1811.9998653513321,3283343.5120332455,1,1,2867
KNN,H7,415,2025-03-21,2025-04-01,87785.0,0.0298912114825995,0.007133220443797834,90409.0,88411.1897566588,0.0,87785.0,1997.8102433411987,3991245.7683990193,1,1,2866
KNN,H1,416,2025-03-24,2025-03-25,87313.0,0.0028976212018829,0.0009203028186403322,87566.0,87393.35440000395,0.0,87313.0,172.64559999604535,29806.503197994494,1,1,2873
KNN,H2,416,2025-03-24,2025-03-26,87313.0,0.0022104383081558,0.0017439464753289714,87506.0,87465.2691986004,0.0,87313.0,40.730801399593474,1658.9981826531257,1,1,2872
KNN,H3,416,2025-03-24,2025-03-27,87313.0,0.0103077434059075,0.0027298733116547,88213.0,87551.35342846051,0.0,87313.0,661.6465715394879,437776.1856299587,1,1,2871
KNN,H4,416,2025-03-24,2025-03-28,87313.0,0.0165611077388248,0.003706642776387461,88759.0,87636.63810073472,0.0,87313.0,1122.3618992652773,1259696.2329223605,1,1,2870
KNN,H5,416,2025-03-24,2025-03-31,87313.0,0.0323548612463207,0.004224368671195516,90138.0,87681.8423017881,0.0,87313.0,2456.1576982119004,6032710.638485581,1,1,2869
KNN,H6,416,2025-03-24,2025-04-01,87313.0,0.0354586373163217,0.005745468578970147,90409.0,87814.65409803562,0.0,87313.0,2594.345901964378,6730630.659039361,1,1,2868
KNN,H7,416,2025-03-24,2025-04-02,87313.0,0.0349432501460262,0.007418291264642617,90364.0,87960.71326518974,0.0,87313.0,2403.286734810259,5775787.1297149565,1,1,2867
KNN,H1,417,2025-03-25,2025-03-26,87566.0,-0.0006851974510654,0.0010656147900883245,87506.0,87659.31162470886,0.0,87566.0,153.31162470886193,23504.454270870923,-1,1,2874
KNN,H2,417,2025-03-25,2025-03-27,87566.0,0.0073887125139895,0.0017553603945655303,88213.0,87719.70988831052,0.0,87566.0,493.2901116894791,243335.13429061876,1,1,2873
KNN,H3,417,2025-03-25,2025-03-28,87566.0,0.0136240093186852,0.0025606808167720316,88759.0,87790.22857640145,0.0,87566.0,968.7714235985477,938518.0711811568,1,1,2872
KNN,H4,417,2025-03-25,2025-03-31,87566.0,0.0293721307356735,0.0036777711435480136,90138.0,87888.04770795594,0.0,87566.0,2249.952292044065,5062285.316474342,1,1,2871
KNN,H5,417,2025-03-25,2025-04-01,87566.0,0.0324669392229861,0.004729842233879615,90409.0,87980.17336505189,0.0,87566.0,2428.8266349481128,5899198.822633373,1,1,2870
KNN,H6,417,2025-03-25,2025-04-02,87566.0,0.0319530411346868,0.005833051156467246,90364.0,88076.77695756721,0.0,87566.0,2287.2230424327863,5231389.245835491,1,1,2869
KNN,H7,417,2025-03-25,2025-04-03,87566.0,0.0250896466665144,0.006872007170803265,89763.0,88167.75417991856,0.0,87566.0,1595.2458200814435,2544809.226487317,1,1,2868
KNN,H1,418,2025-03-26,2025-03-27,87506.0,0.008079445980847,0.0010680179175511595,88213.0,87599.45797589322,0.0,87506.0,613.5420241067768,376433.8153450407,1,1,2875
KNN,H2,418,2025-03-26,2025-03-28,87506.0,0.0143190181244714,0.00212271423663343,88759.0,87691.75023199084,0.0,87506.0,1067.249768009162,1139022.06731561,1,1,2874
KNN,H3,418,2025-03-26,2025-03-31,87506.0,0.0300779375128563,0.0027768031596025504,90138.0,87748.98693728418,0.0,87506.0,2389.0130627158214,5707383.41382683,1,1,2873
KNN,H4,418,2025-03-26,2025-04-01,87506.0,0.0331748680090508,0.0036623181244282653,90409.0,87826.47480979621,0.0,87506.0,2582.5251902037853,6669436.358037097,1,1,2872
KNN,H5,418,2025-03-26,2025-04-02,87506.0,0.0326606175576531,0.004151316717822088,90364.0,87869.26512070974,0.0,87506.0,2494.734879290263,6223702.117947403,1,1,2871
KNN,H6,418,2025-03-26,2025-04-03,87506.0,0.0257925170845427,0.005690863256023147,89763.0,88003.98468008156,0.0,87506.0,1759.0153199184424,3094134.8957077805,1,1,2870
KNN,H7,418,2025-03-26,2025-04-04,87506.0,0.0049596599090349,0.007217288600829246,87940.0,88137.55605630417,0.0,87506.0,197.5560563041654,39028.39538245457,1,1,2869
KNN,H1,419,2025-03-27,2025-03-28,88213.0,0.0061895638964777,0.0011509263040829164,88759.0,88314.52666206207,0.0,88213.0,444.47333793793223,197556.5481376873,1,1,2876
KNN,H2,419,2025-03-27,2025-03-31,88213.0,0.0218221804042488,0.0016917350325263637,90138.0,88362.23302242425,0.0,88213.0,1775.7669775757531,3153348.358648525,1,1,2875
KNN,H3,419,2025-03-27,2025-04-01,88213.0,0.0248942899572626,0.0028111332714973562,90409.0,88460.97849927859,0.0,88213.0,1948.0215007214138,3794787.767272909,1,1,2874
KNN,H4,419,2025-03-27,2025-04-02,88213.0,0.0243841610646957,0.0038770056249785253,90364.0,88555.00229719623,0.0,88213.0,1808.9977028037683,3272472.688749311,1,1,2873
KNN,H5,419,2025-03-27,2025-04-03,88213.0,0.0175711062995249,0.004131006953960122,89763.0,88577.40851642968,0.0,88213.0,1185.5914835703152,1405627.165914461,1,1,2872
KNN,H6,419,2025-03-27,2025-04-04,88213.0,-0.0030947819482388,0.005765401560487327,87940.0,88721.58336785527,0.0,88213.0,781.5833678552735,610872.5609079918,-1,1,2871
KNN,H7,419,2025-03-27,2025-04-07,88213.0,-0.0158026594719599,0.007121067444545765,86819.0,88841.17072248571,0.0,88213.0,2022.1707224857091,4089174.4308783747,-1,1,2870
KNN,H1,420,2025-03-28,2025-03-31,88759.0,0.0155364526414223,0.0012141904249338155,90138.0,88866.7703279267,0.0,88759.0,1271.2296720732993,1616024.8791595881,1,1,2877
KNN,H2,420,2025-03-28,2025-04-01,88759.0,0.0185896641467344,0.0018991668162712974,90409.0,88927.56814744543,0.0,88759.0,1481.4318525545677,2194640.3337632585,1,1,2876
KNN,H3,420,2025-03-28,2025-04-02,88759.0,0.018082673306369,0.002989885823814928,90364.0,89024.37927583598,0.0,88759.0,1339.6207241640222,1794583.6846097393,1,1,2875
KNN,H4,420,2025-03-28,2025-04-03,88759.0,0.0113115289717098,0.00451374938050631,89763.0,89159.63588126436,0.0,88759.0,603.3641187356407,364048.25977763627,1,1,2874
KNN,H5,420,2025-03-28,2025-04-04,88759.0,-0.0092272332946518,0.005169472568080755,87940.0,89217.83721567027,0.0,88759.0,1277.837215670268,1632867.9497519431,-1,1,2873
KNN,H6,420,2025-03-28,2025-04-07,88759.0,-0.0218569384513119,0.006478748739692134,86819.0,89334.04725938634,0.0,88759.0,2515.047259386338,6325462.7169467285,-1,1,2872
KNN,H7,420,2025-03-28,2025-04-08,88759.0,-0.0147590666861951,0.0074532955661444755,87449.0,89420.5470611554,0.0,88759.0,1971.5470611554047,3886997.814350513,-1,1,2871
KNN,H1,421,2025-03-31,2025-04-01,90138.0,0.0030065011426922,0.0013808089162151277,90409.0,90262.46335408979,0.0,90138.0,146.53664591020788,21472.988594613646,1,1,2878
KNN,H2,421,2025-03-31,2025-04-02,90138.0,0.0025072666356031,0.0025579518720235113,90364.0,90368.56866584046,0.0,90138.0,4.568665840459289,20.87270756177958,1,1,2877
KNN,H3,421,2025-03-31,2025-04-03,90138.0,-0.004160287559076,0.0039029345438097722,89763.0,90489.80271390993,0.0,90138.0,726.8027139099286,528242.1849468375,-1,1,2876
KNN,H4,421,2025-03-31,2025-04-04,90138.0,-0.0243848321462646,0.005253641693792631,87940.0,90611.5527549951,0.0,90138.0,2671.552754995093,7137194.122721871,-1,1,2875
KNN,H5,421,2025-03-31,2025-04-07,90138.0,-0.0368213184228627,0.006585227084905554,86819.0,90731.57919897922,0.0,90138.0,3912.5791989792197,15308275.988284873,-1,1,2874
KNN,H6,421,2025-03-31,2025-04-08,90138.0,-0.0298320353236148,0.0066370435792994726,87449.0,90736.2498341509,0.0,90138.0,3287.2498341509054,10806011.472125154,-1,1,2873
KNN,H7,421,2025-03-31,2025-04-09,90138.0,-0.0072000710022409,0.007206781526199433,89489.0,90787.60487320856,0.0,90138.0,1298.604873208562,1686374.6167210252,-1,1,2872
KNN,H1,422,2025-04-01,2025-04-02,90409.0,-0.0004977380570518,0.0013835109506404018,90364.0,90534.08184153645,0.0,90409.0,170.08184153644834,28927.83282042952,-1,1,2879
KNN,H2,422,2025-04-01,2025-04-03,90409.0,-0.007145306330122,0.0027038083520164596,89763.0,90653.44860929747,0.0,90409.0,890.4486092974694,792898.7257997972,-1,1,2878
KNN,H3,422,2025-04-01,2025-04-04,90409.0,-0.0273092280635777,0.003509524032130068,87940.0,90726.29255822086,0.0,90409.0,2786.2925582208554,7763426.219996919,-1,1,2877
KNN,H4,422,2025-04-01,2025-04-07,90409.0,-0.0397084361070247,0.004790287964958782,86819.0,90842.08514462397,0.0,90409.0,4023.0851446239685,16185214.080894059,-1,1,2876
KNN,H5,422,2025-04-01,2025-04-08,90409.0,-0.0327401033082989,0.00478138637449424,87449.0,90841.28036073166,0.0,90409.0,3392.28036073166,11507566.045805722,-1,1,2875
KNN,H6,422,2025-04-01,2025-04-09,90409.0,-0.0101759780552821,0.006779647072421108,89489.0,91021.94111217052,0.0,90409.0,1532.9411121705198,2349908.45338259,-1,1,2874
KNN,H7,422,2025-04-01,2025-04-10,90409.0,0.0136822661460696,0.007340785140304331,91646.0,91072.67304374976,0.0,90409.0,573.3269562502392,328703.7987631637,1,1,2873
KNN,H1,423,2025-04-02,2025-04-03,90364.0,-0.0066508786684963,0.0014849413564705517,89763.0,90498.18524073611,0.0,90364.0,735.1852407361148,540497.3381962191,-1,1,2880
KNN,H2,423,2025-04-02,2025-04-04,90364.0,-0.0268248417511398,0.0026451619714530335,87940.0,90603.02741638837,0.0,90364.0,2663.0274163883732,7091715.020436134,-1,1,2879
KNN,H3,423,2025-04-02,2025-04-07,90364.0,-0.0392302244256562,0.003903501540733627,86819.0,90716.73601322685,0.0,90364.0,3897.7360132268514,15192346.02880555,-1,1,2878
KNN,H4,423,2025-04-02,2025-04-08,90364.0,-0.0322584214952856,0.004675018123697669,87449.0,90786.4533377298,0.0,90364.0,3337.4533377298067,11138594.781523827,-1,1,2877
KNN,H5,423,2025-04-02,2025-04-09,90364.0,-0.0096830596255146,0.0046029857839804695,89489.0,90779.94420738361,0.0,90364.0,1290.9442073836108,1666536.9465772992,-1,1,2876
KNN,H6,423,2025-04-02,2025-04-10,90364.0,0.0141870656456111,0.006487362152160344,91646.0,90950.22399351782,0.0,90364.0,695.7760064821778,484104.25119628746,1,1,2875
KNN,H7,423,2025-04-02,2025-04-11,90364.0,0.0322694878491434,0.007345449284819574,93280.0,91027.76417917343,0.0,90364.0,2252.235820826565,5072566.192614311,1,1,2874
KNN,H1,424,2025-04-03,2025-04-04,89763.0,-0.0203090360170671,0.0010368596640814474,87940.0,89856.07163402694,0.0,89763.0,1916.0716340269428,3671330.5067226784,-1,1,2881
KNN,H2,424,2025-04-03,2025-04-07,89763.0,-0.032797477802658,0.0021347397143520364,86819.0,89954.62064097938,0.0,89763.0,3135.6206409793813,9832116.804135947,-1,1,2880
KNN,H3,424,2025-04-03,2025-04-08,89763.0,-0.0257789958000512,0.0028847828477810925,87449.0,90021.94676276538,0.0,89763.0,2572.9467627653794,6620055.044024846,-1,1,2879
KNN,H4,424,2025-04-03,2025-04-09,89763.0,-0.0030524826487527,0.0038188301998215105,89489.0,90105.78965522657,0.0,89763.0,616.7896552265738,380429.4787945158,-1,1,2878
KNN,H5,424,2025-04-03,2025-04-10,89763.0,0.0209774628744583,0.004441137717097437,91646.0,90161.64984489982,0.0,89763.0,1484.3501551001827,2203295.3829459366,1,1,2877
KNN,H6,424,2025-04-03,2025-04-11,89763.0,0.0391809542907433,0.0052135623806339945,93280.0,90230.98499997285,0.0,89763.0,3049.0150000271533,9296492.470390582,1,1,2876
KNN,H7,424,2025-04-03,2025-04-14,89763.0,0.0342234550984259,0.0061674859705597995,92835.0,90316.61204317537,0.0,89763.0,2518.387956824634,6342277.901079354,1,1,2875
KNN,H1,425,2025-04-04,2025-04-07,87940.0,-0.0127473277234477,0.0008696883563188381,86819.0,88016.48039405468,0.0,87940.0,1197.4803940546844,1433959.2941453622,-1,1,2882
KNN,H2,425,2025-04-04,2025-04-08,87940.0,-0.0055833522856493,0.0017262792138865995,87449.0,88091.80899406919,0.0,87940.0,642.8089940691862,413203.402856239,-1,1,2881
KNN,H3,425,2025-04-04,2025-04-09,87940.0,0.0176142824653171,0.0026333053074713182,89489.0,88171.57286873904,0.0,87940.0,1317.4271312609635,1735614.246182492,1,1,2880
KNN,H4,425,2025-04-04,2025-04-10,87940.0,0.0421423697975893,0.003128004691759285,91646.0,88215.07673259331,0.0,87940.0,3430.923267406688,11771234.466832584,1,1,2879
KNN,H5,425,2025-04-04,2025-04-11,87940.0,0.06072322037753,0.004611418980097458,93280.0,88345.52818510977,0.0,87940.0,4934.471814890232,24349012.0919461,1,1,2878
KNN,H6,425,2025-04-04,2025-04-14,87940.0,0.0556629520127358,0.004295922230215002,92835.0,88317.78340092511,0.0,87940.0,4517.216599074891,20405245.802957725,1,1,2877
KNN,H7,425,2025-04-04,2025-04-15,87940.0,0.0583465999545145,0.00509047056010887,93071.0,88387.65598105598,0.0,87940.0,4683.344018944015,21933711.19977868,1,1,2876
KNN,H1,426,2025-04-07,2025-04-08,86819.0,0.0072564761169791,0.0008830670405141846,87449.0,86895.6669973904,0.0,86819.0,553.3330026095937,306177.4117769486,1,1,2883
KNN,H2,426,2025-04-07,2025-04-09,86819.0,0.0307536368767205,0.001742270898447468,89489.0,86970.2622171323,0.0,86819.0,2518.737782867698,6344040.018845287,1,1,2882
KNN,H3,426,2025-04-07,2025-04-10,86819.0,0.0555984289153295,0.0025192297405607703,91646.0,87037.71700684575,0.0,86819.0,4608.282993154251,21236272.144994702,1,1,2881
KNN,H4,426,2025-04-07,2025-04-11,86819.0,0.0744191939552401,0.003562798339405658,93280.0,87128.31858902887,0.0,86819.0,6151.681410971127,37843184.18208771,1,1,2880
KNN,H5,426,2025-04-07,2025-04-14,86819.0,0.0692935878091201,0.004972014144688167,92835.0,87250.66529602767,0.0,86819.0,5584.33470397233,31184794.085989732,1,1,2879
KNN,H6,426,2025-04-07,2025-04-15,86819.0,0.0720118867989725,0.00493092711839307,93071.0,87247.09816149177,0.0,86819.0,5823.901838508231,33917832.62457955,1,1,2878
KNN,H7,426,2025-04-07,2025-04-16,86819.0,0.0961079947937664,0.005832615720614373,95163.0,87325.38186424802,0.0,86819.0,7837.618135751982,61428258.04186837,1,1,2877
KNN,H1,427,2025-04-08,2025-04-09,87449.0,0.0233278825372502,0.001087660399724231,89489.0,87544.11481429549,0.0,87449.0,1944.8851857045083,3782578.38557286,1,1,2884
KNN,H2,427,2025-04-08,2025-04-10,87449.0,0.0479936877494311,0.0017741728639304487,91646.0,87604.14964277785,0.0,87449.0,4041.8503572221525,16336554.310176842,1,1,2883
KNN,H3,427,2025-04-08,2025-04-11,87449.0,0.066678864252307,0.0024368990413755273,93280.0,87662.10438426925,0.0,87449.0,5617.895615730755,31560751.149246838,1,1,2882
KNN,H4,427,2025-04-08,2025-04-14,87449.0,0.0615901839929557,0.003373360042669595,92835.0,87743.99696237141,0.0,87449.0,5091.003037628587,25918311.929143496,1,1,2881
KNN,H5,427,2025-04-08,2025-04-15,87449.0,0.0642888998158925,0.00482568137367552,93071.0,87871.00101044655,0.0,87449.0,5199.998989553453,27039989.491356928,1,1,2880
KNN,H6,427,2025-04-08,2025-04-16,87449.0,0.0882114146531121,0.004201371916219136,95163.0,87816.40577270144,0.0,87449.0,7346.594227298556,53972446.74057646,1,1,2879
KNN,H7,427,2025-04-08,2025-04-17,87449.0,0.0838774600052603,0.005539806450503334,94784.0,87933.45053429005,0.0,87449.0,6850.549465709948,46930027.98213886,1,1,2878
KNN,H1,428,2025-04-09,2025-04-10,89489.0,0.0241035211031523,0.001032627459450849,91646.0,89581.4087987188,0.0,89489.0,2064.591201281204,4262536.828407765,1,1,2885
KNN,H2,428,2025-04-09,2025-04-11,89489.0,0.0423627484942283,0.0016303170206041144,93280.0,89634.89543985683,0.0,89489.0,3645.104560143169,13286787.254376523,1,1,2884
KNN,H3,428,2025-04-09,2025-04-14,89489.0,0.0373900702879683,0.002330669266364982,92835.0,89697.56926197773,0.0,89489.0,3137.4307380222745,9843471.635886993,1,1,2883
KNN,H4,428,2025-04-09,2025-04-15,89489.0,0.040027265920951,0.0028084506232873827,93071.0,89740.32543782736,0.0,89489.0,3330.674562172644,11093393.039103935,1,1,2882
KNN,H5,428,2025-04-09,2025-04-16,89489.0,0.0634044407692566,0.005019115052597545,95163.0,89938.15558694191,0.0,89489.0,5224.84441305809,27298999.14066434,1,1,2881
KNN,H6,428,2025-04-09,2025-04-17,89489.0,0.0591692833756103,0.004460939176978783,94784.0,89888.20498600866,0.0,89489.0,4895.795013991345,23968808.81902251,1,1,2880
KNN,H7,428,2025-04-09,2025-04-21,89489.0,0.0816971918336331,0.005587397545294567,96800.0,89989.01061893086,0.0,89489.0,6810.989381069143,46389576.34903663,1,1,2879
KNN,H1,429,2025-04-10,2025-04-11,91646.0,0.0178294742814744,0.0014090701594479573,93280.0,91775.13564383278,0.0,91646.0,1504.8643561672216,2264616.730462586,1,1,2886
KNN,H2,429,2025-04-10,2025-04-14,91646.0,0.012973834100779,0.002186160767601012,92835.0,91846.35288970756,0.0,91646.0,988.6471102924406,977423.1086895933,1,1,2885
KNN,H3,429,2025-04-10,2025-04-15,91646.0,0.0155489601291927,0.0027006339828993314,93071.0,91893.5023019968,0.0,91646.0,1177.4976980031934,1386500.8288028196,1,1,2884
KNN,H4,429,2025-04-10,2025-04-16,91646.0,0.0383759247539445,0.0037405437842486203,95163.0,91988.80587565125,0.0,91646.0,3174.1941243487527,10075508.339050144,1,1,2883
KNN,H5,429,2025-04-10,2025-04-17,91646.0,0.0342404469371275,0.0049176426024510065,94784.0,92096.68227394423,0.0,91646.0,2687.3177260557713,7221676.560773562,1,1,2882
KNN,H6,429,2025-04-10,2025-04-21,91646.0,0.0562381336883224,0.005470842774261057,96800.0,92147.38085688994,0.0,91646.0,4652.61914311006,21646864.890834186,1,1,2881
KNN,H7,429,2025-04-10,2025-04-22,91646.0,0.059042402287061,0.006141358382082846,97057.0,92208.83093028437,0.0,91646.0,4848.16906971563,23504743.328547318,1,1,2880
KNN,H1,430,2025-04-11,2025-04-14,93280.0,-0.0047705831903944,0.0012340226300623742,92835.0,93395.10963093223,0.0,93280.0,560.1096309322311,313722.7986630401,-1,1,2887
KNN,H2,430,2025-04-11,2025-04-15,93280.0,-0.0022405660377358,0.0025256480134935835,93071.0,93515.59244669869,0.0,93280.0,444.59244669869076,197662.4436615282,-1,1,2886
KNN,H3,430,2025-04-11,2025-04-16,93280.0,0.0201865351629502,0.0033408394044036637,95163.0,93591.63349964278,0.0,93280.0,1571.3665003572241,2469192.67844491,1,1,2885
KNN,H4,430,2025-04-11,2025-04-17,93280.0,0.0161234991423671,0.004401512427708592,94784.0,93690.57307925666,0.0,93280.0,1093.426920743339,1195582.4310062602,1,1,2884
KNN,H5,430,2025-04-11,2025-04-21,93280.0,0.0377358490566037,0.0046724954719980704,96800.0,93715.85037762798,0.0,93280.0,3084.149622372017,9511978.893177455,1,1,2883
KNN,H6,430,2025-04-11,2025-04-22,93280.0,0.0404909948542024,0.006786212354612587,97057.0,93913.01788843826,0.0,93280.0,3143.982111561738,9884623.517820204,1,1,2882
KNN,H7,430,2025-04-11,2025-04-23,93280.0,0.0134005145797597,0.0077400247107268245,94530.0,94001.98950501661,0.0,93280.0,528.0104949833913,278795.08281260583,1,1,2881
KNN,H1,431,2025-04-14,2025-04-15,92835.0,0.0025421446652662,0.0011508103815834924,93071.0,92941.83548177431,0.0,92835.0,129.1645182256907,16683.472768474785,1,1,2888
KNN,H2,431,2025-04-14,2025-04-16,92835.0,0.0250767490709322,0.0023738490697612132,95163.0,93055.37627839127,0.0,92835.0,2107.623721608732,4442077.751887842,1,1,2887
KNN,H3,431,2025-04-14,2025-04-17,92835.0,0.0209942370873055,0.00331776089324698,94784.0,93143.0043325246,0.0,92835.0,1640.9956674754067,2692866.7806730554,1,1,2886
KNN,H4,431,2025-04-14,2025-04-21,92835.0,0.0427101847363602,0.003956624511358673,96800.0,93202.31323651198,0.0,92835.0,3597.686763488018,12943350.048176892,1,1,2885
KNN,H5,431,2025-04-14,2025-04-22,92835.0,0.0454785371896375,0.0038748070692998086,97057.0,93194.71771427845,0.0,92835.0,3862.2822857215506,14917224.454598485,1,1,2884
KNN,H6,431,2025-04-14,2025-04-23,92835.0,0.0182582000323154,0.0060427098410529845,94530.0,93395.97496809415,0.0,92835.0,1134.0250319058541,1286012.7729890735,1,1,2883
KNN,H7,431,2025-04-14,2025-04-24,92835.0,0.0320137879032691,0.006479603869063537,95807.0,93436.53402518452,0.0,92835.0,2370.465974815481,5619108.937757908,1,1,2882
KNN,H1,432,2025-04-15,2025-04-16,93071.0,0.0224774634418885,0.0008976935829793052,95163.0,93154.54923946146,0.0,93071.0,2008.4507605385443,4033874.457507857,1,1,2889
KNN,H2,432,2025-04-15,2025-04-17,93071.0,0.0184053034779898,0.0022710312732826766,94784.0,93282.3671516357,0.0,93071.0,1501.632848364301,2254901.211286684,1,1,2888
KNN,H3,432,2025-04-15,2025-04-21,93071.0,0.0400661860300199,0.0032904622853546397,96800.0,93377.24661536024,0.0,93071.0,3422.7533846397564,11715240.732062908,1,1,2887
KNN,H4,432,2025-04-15,2025-04-22,93071.0,0.0428275187759881,0.003686214907986573,97057.0,93414.07970770122,0.0,93071.0,3642.920292298775,13270868.256042194,1,1,2886
KNN,H5,432,2025-04-15,2025-04-23,93071.0,0.0156762041882003,0.004459467513876612,94530.0,93486.04710098403,0.0,93071.0,1043.9528990159743,1089837.655363857,1,1,2885
KNN,H6,432,2025-04-15,2025-04-24,93071.0,0.029396912034898,0.0048077333729650736,95807.0,93518.46055275523,0.0,93071.0,2288.539447244766,5237412.80159538,1,1,2884
KNN,H7,432,2025-04-15,2025-04-25,93071.0,0.0214889707857441,0.005632024644857806,95071.0,93595.17816572156,0.0,93071.0,1475.8218342784385,2178050.0865329746,1,1,2883
KNN,H1,433,2025-04-16,2025-04-17,95163.0,-0.0039826403118858,0.0014422937939825018,94784.0,95300.25300431675,0.0,95163.0,516.2530043167499,266517.1644660701,-1,1,2890
KNN,H2,433,2025-04-16,2025-04-21,95163.0,0.0172020638273278,0.002461602669095242,96800.0,95397.25349479912,0.0,95163.0,1402.7465052008774,1967697.7578532752,1,1,2889
KNN,H3,433,2025-04-16,2025-04-22,95163.0,0.0199026932736463,0.003623073462795896,97057.0,95507.78253994006,0.0,95163.0,1549.2174600599392,2400074.7385545694,1,1,2888
KNN,H4,433,2025-04-16,2025-04-23,95163.0,-0.0066517449008542,0.004726593408990821,94530.0,95612.79680857979,0.0,95163.0,1082.796808579791,1172448.9286705807,-1,1,2887
KNN,H5,433,2025-04-16,2025-04-24,95163.0,0.0067673360444711,0.0035700507166066034,95807.0,95502.73673634444,0.0,95163.0,304.2632636555645,92576.13361033557,1,1,2886
KNN,H6,433,2025-04-16,2025-04-25,95163.0,-0.0009667622920672,0.006546517185131454,95071.0,95785.98621488868,0.0,95163.0,714.986214888675,511205.2874808346,-1,1,2885
KNN,H7,433,2025-04-16,2025-04-28,95163.0,0.0104662526402068,0.007094630083515728,96159.0,95838.14628263761,0.0,95163.0,320.85371736239176,102947.10794526558,1,1,2884
KNN,H1,434,2025-04-17,2025-04-21,94784.0,0.0212694125590817,0.0012749642060860928,96800.0,94904.84620730966,0.0,94784.0,1895.1537926903402,3591607.897948581,1,1,2891
KNN,H2,434,2025-04-17,2025-04-22,94784.0,0.0239808406482107,0.002432699365071631,97057.0,95014.58097661895,0.0,94784.0,2042.4190233810514,4171475.4670688077,1,1,2890
KNN,H3,434,2025-04-17,2025-04-23,94784.0,-0.0026797771775827,0.0034951415993717504,94530.0,95115.28350135486,0.0,94784.0,585.2835013548611,342556.7769582057,-1,1,2889
KNN,H4,434,2025-04-17,2025-04-24,94784.0,0.0107929608372721,0.004151872042152394,95807.0,95177.53103964338,0.0,94784.0,629.4689603566221,396231.1720524467,1,1,2888
KNN,H5,434,2025-04-17,2025-04-25,94784.0,0.0030279372045916,0.004242031554727077,95071.0,95186.07671888325,0.0,94784.0,115.07671888325422,13242.651228935518,1,1,2887
KNN,H6,434,2025-04-17,2025-04-28,94784.0,0.0145066677920324,0.005669111225408448,96159.0,95321.3410383891,0.0,94784.0,837.6589616108977,701672.5359670473,1,1,2886
KNN,H7,434,2025-04-17,2025-04-29,94784.0,0.0081764854827819,0.006233763848165748,95559.0,95374.86107258455,0.0,94784.0,184.13892741544987,33907.14458971232,1,1,2885
KNN,H1,435,2025-04-21,2025-04-22,96800.0,0.002654958677686,0.001515287675925252,97057.0,96946.67984702956,0.0,96800.0,110.32015297043836,12170.53615142092,1,1,2892
KNN,H2,435,2025-04-21,2025-04-23,96800.0,-0.0234504132231404,0.0027006277726199946,94530.0,97061.42076838962,0.0,96800.0,2531.420768389624,6408091.106634313,-1,1,2891
KNN,H3,435,2025-04-21,2025-04-24,96800.0,-0.0102582644628098,0.004152726374963536,95807.0,97201.98391309647,0.0,96800.0,1394.9839130964683,1945980.1177979351,-1,1,2890
KNN,H4,435,2025-04-21,2025-04-25,96800.0,-0.0178615702479338,0.004192831684103075,95071.0,97205.86610702118,0.0,96800.0,2134.866107021182,4557653.294907777,-1,1,2889
KNN,H5,435,2025-04-21,2025-04-28,96800.0,-0.0066219008264463,0.004899780506048747,96159.0,97274.29875298552,0.0,96800.0,1115.2987529855163,1243891.3084110478,-1,1,2888
KNN,H6,435,2025-04-21,2025-04-29,96800.0,-0.0128202479338842,0.006329471497275865,95559.0,97412.6928409363,0.0,96800.0,1853.6928409363027,3436177.1485385005,-1,1,2887
KNN,H7,435,2025-04-21,2025-04-30,96800.0,-0.0215082644628099,0.00682506563632371,94718.0,97460.66635359614,0.0,96800.0,2742.6663535961416,7522218.727148355,-1,1,2886
KNN,H1,436,2025-04-22,2025-04-23,97057.0,-0.0260362467416054,0.0015386051493546458,94530.0,97206.33239998092,0.0,97057.0,2676.3323999809218,7162755.11518764,-1,1,2893
KNN,H2,436,2025-04-22,2025-04-24,97057.0,-0.0128790298484395,0.0028198069455694238,95807.0,97330.68200271613,0.0,97057.0,1523.6820027161302,2321606.8454010375,-1,1,2892
KNN,H3,436,2025-04-22,2025-04-25,97057.0,-0.0204622026232007,0.004158234153149107,95071.0,97460.5857322022,0.0,97057.0,2389.5857322022057,5710119.971544351,-1,1,2891
KNN,H4,436,2025-04-22,2025-04-28,97057.0,-0.0092522950431189,0.004903956798898168,96159.0,97532.96333503067,0.0,97057.0,1373.9633350306685,1887775.246008597,-1,1,2890
KNN,H5,436,2025-04-22,2025-04-29,97057.0,-0.0154342293703699,0.006732473713828454,95559.0,97710.43370124303,0.0,97057.0,2151.4337012430333,4628666.970844298,-1,1,2889
KNN,H6,436,2025-04-22,2025-04-30,97057.0,-0.0240992406524001,0.006468473268217149,94718.0,97684.81060999335,0.0,97057.0,2966.81060999335,8801965.195569115,-1,1,2888
KNN,H7,436,2025-04-22,2025-05-01,97057.0,-0.0481675716331639,0.007337721925113541,92382.0,97769.17727688575,0.0,97057.0,5387.177276885748,29021679.012594145,-1,1,2887
KNN,H1,437,2025-04-23,2025-04-24,94530.0,0.0135089389611764,0.0014666892943916451,95807.0,94668.64613899885,0.0,94530.0,1138.3538610011456,1295849.5128562155,1,1,2894
KNN,H2,437,2025-04-23,2025-04-25,94530.0,0.0057230508833174,0.0026865828118812266,95071.0,94783.96267320713,0.0,94530.0,287.0373267928662,82390.42697239468,1,1,2893
KNN,H3,437,2025-04-23,2025-04-28,94530.0,0.0172326245636305,0.0037678395126761175,96159.0,94886.17386913327,0.0,94530.0,1272.826130866728,1620086.3594171647,1,1,2892
KNN,H4,437,2025-04-23,2025-04-29,94530.0,0.0108854331958108,0.00404390704258745,95559.0,94912.2705327358,0.0,94530.0,646.729467264202,418259.00382783846,1,1,2891
KNN,H5,437,2025-04-23,2025-04-30,94530.0,0.0019887866285834,0.004783489836297887,94718.0,94982.18329422525,0.0,94530.0,264.1832942252513,69792.8129477057,1,1,2890
KNN,H6,437,2025-04-23,2025-05-01,94530.0,-0.0227229450967946,0.005213140795689781,92382.0,95022.79819941655,0.0,94530.0,2640.7981994165457,6973815.13004167,-1,1,2889
KNN,H7,437,2025-04-23,2025-05-02,94530.0,-0.0194435628900877,0.0065502451131273145,92692.0,95149.19467054393,0.0,94530.0,2457.194670543933,6037805.648949509,-1,1,2888
KNN,H1,438,2025-04-24,2025-04-25,95807.0,-0.0076821109104763,0.0007679677866229878,95071.0,95880.57668973299,0.0,95807.0,809.5766897329886,655414.4165590237,-1,1,2895
KNN,H2,438,2025-04-24,2025-04-28,95807.0,0.0036740530441408,0.001795583773374966,96159.0,95979.02949457573,0.0,95807.0,179.97050542426587,32389.38282266571,1,1,2894
KNN,H3,438,2025-04-24,2025-04-29,95807.0,-0.0025885373720082,0.0030240986337077827,95559.0,96096.72981779964,0.0,95807.0,537.7298177996418,289153.3569508359,-1,1,2893
KNN,H4,438,2025-04-24,2025-04-30,95807.0,-0.0113666016053106,0.0033787917190485923,94718.0,96130.71189822689,0.0,95807.0,1412.7118982268876,1995754.907391816,-1,1,2892
KNN,H5,438,2025-04-24,2025-05-01,95807.0,-0.035748953625518,0.0055511518870704985,92382.0,96338.83920884457,0.0,95807.0,3956.839208844569,15656576.524649715,-1,1,2891
KNN,H6,438,2025-04-24,2025-05-02,95807.0,-0.0325132819105076,0.004783892412032721,92692.0,96265.33038031962,0.0,95807.0,3573.3303803196177,12768690.006915143,-1,1,2890
KNN,H7,438,2025-04-24,2025-05-05,95807.0,-0.0118989217906833,0.005891679152029461,94667.0,96371.46410451848,0.0,95807.0,1704.4641045184835,2905197.883591996,-1,1,2889
KNN,H1,439,2025-04-25,2025-04-28,95071.0,0.0114440786359668,0.0016092484166066727,96159.0,95223.9928562152,0.0,95071.0,935.0071437847946,874238.3589285996,1,1,2896
KNN,H2,439,2025-04-25,2025-04-29,95071.0,0.0051330058587792,0.0025750983156391082,95559.0,95315.81717196613,0.0,95071.0,243.18282803386683,59137.88785054925,1,1,2895
KNN,H3,439,2025-04-25,2025-04-30,95071.0,-0.003713014483912,0.0038080144157067565,94718.0,95433.03173851565,0.0,95071.0,715.0317385156523,511270.3870847161,-1,1,2894
KNN,H4,439,2025-04-25,2025-05-01,95071.0,-0.028284124496429,0.003784940446465695,92382.0,95430.83807318594,0.0,95071.0,3048.838073185936,9295413.59650813,-1,1,2893
KNN,H5,439,2025-04-25,2025-05-02,95071.0,-0.0250234035615487,0.006243946809141426,92692.0,95664.6182670919,0.0,95071.0,2972.6182670918934,8836459.36184841,-1,1,2892
KNN,H6,439,2025-04-25,2025-05-05,95071.0,-0.0042494556699729,0.005838770628781521,94667.0,95626.09776244889,0.0,95071.0,959.0977624488878,919868.5179344632,-1,1,2891
KNN,H7,439,2025-04-25,2025-05-06,95071.0,0.0251285881078351,0.007191400730495342,97460.0,95754.69365884893,0.0,95071.0,1705.3063411510666,2908069.717170038,1,1,2890
KNN,H1,440,2025-04-28,2025-04-29,96159.0,-0.0062396655539262,0.0016306010058934307,95559.0,96315.79696212572,0.0,96159.0,756.7969621257216,572741.6418827209,-1,1,2897
KNN,H2,440,2025-04-28,2025-04-30,96159.0,-0.014985596772013,0.003152946752603239,94718.0,96462.18420678358,0.0,96159.0,1744.1842067835823,3042178.5471932744,-1,1,2896
KNN,H3,440,2025-04-28,2025-05-01,96159.0,-0.039278694661966,0.004080083434516438,92382.0,96551.33674297968,0.0,96159.0,4169.336742979678,17383368.87636039,-1,1,2895
KNN,H4,440,2025-04-28,2025-05-02,96159.0,-0.0360548674591042,0.004787142177438897,92692.0,96619.32680464034,0.0,96159.0,3927.326804640339,15423895.830446497,-1,1,2894
KNN,H5,440,2025-04-28,2025-05-05,96159.0,-0.0155159683440967,0.004783980197433919,94667.0,96619.02275180504,0.0,96159.0,1952.0227518050378,3810392.823564512,-1,1,2893
KNN,H6,440,2025-04-28,2025-05-06,96159.0,0.0135296748094302,0.006823334372373277,97460.0,96815.12500991306,0.0,96159.0,644.8749900869443,415863.7528396365,1,1,2892
KNN,H7,440,2025-04-28,2025-05-07,96159.0,0.0094218949864286,0.008321529443595823,97065.0,96959.18994976673,0.0,96159.0,105.81005023326725,11195.766730366538,1,1,2891
KNN,H1,441,2025-04-29,2025-04-30,95559.0,-0.0088008455509162,0.0016268464018195595,94718.0,95714.45981531148,0.0,95559.0,996.4598153114785,992932.1635305857,-1,1,2898
KNN,H2,441,2025-04-29,2025-05-01,95559.0,-0.033246475999121,0.00292371330219279,92382.0,95838.38711944425,0.0,95559.0,3456.387119444247,11946611.919460101,-1,1,2897
KNN,H3,441,2025-04-29,2025-05-02,95559.0,-0.0300024068899842,0.003729701021433192,92692.0,95915.40649990714,0.0,95559.0,3223.4064999071416,10390349.463643609,-1,1,2896
KNN,H4,441,2025-04-29,2025-05-05,95559.0,-0.0093345472430644,0.00358656896775956,94667.0,95901.72894399015,0.0,95559.0,1234.7289439901506,1524555.5651270323,-1,1,2895
KNN,H5,441,2025-04-29,2025-05-06,95559.0,0.0198934689563514,0.004231722561771003,97460.0,95963.37917628027,0.0,95559.0,1496.620823719728,2239873.8899915167,1,1,2894
KNN,H6,441,2025-04-29,2025-05-07,95559.0,0.0157598970269676,0.005576343519030792,97065.0,96091.86981033506,0.0,95559.0,973.1301896649384,946982.366037319,1,1,2893
KNN,H7,441,2025-04-29,2025-05-08,95559.0,0.0062160550026684,0.006615444206803868,96153.0,96191.16523295797,0.0,95559.0,38.16523295796651,1456.585006735853,1,1,2892
KNN,H1,442,2025-04-30,2025-05-01,94718.0,-0.024662682911379,0.0013754364089398569,92382.0,94848.27858578195,0.0,94718.0,2466.2785857819545,6082530.062686637,-1,1,2899
KNN,H2,442,2025-04-30,2025-05-02,94718.0,-0.0213898097510505,0.0024757535248467644,92692.0,94952.49842236644,0.0,94718.0,2260.498422366436,5109853.117521146,-1,1,2898
KNN,H3,442,2025-04-30,2025-05-05,94718.0,-0.0005384404231508,0.004026852916887479,94667.0,95099.41545458174,0.0,94718.0,432.4154545817437,186983.12536113604,-1,1,2897
KNN,H4,442,2025-04-30,2025-05-06,94718.0,0.0289490909858738,0.004749633358977305,97460.0,95167.87577249562,0.0,94718.0,2292.124227504377,5253833.474312536,1,1,2896
KNN,H5,442,2025-04-30,2025-05-07,94718.0,0.0247788171202938,0.004887509884684754,97065.0,95180.93516125757,0.0,94718.0,1884.0648387424299,3549700.3165855384,1,1,2895
KNN,H6,442,2025-04-30,2025-05-08,94718.0,0.0151502354357144,0.006704272883880024,96153.0,95353.01531901535,0.0,94718.0,799.9846809846495,639975.4898101114,1,1,2894
KNN,H7,442,2025-04-30,2025-05-09,94718.0,0.0187081652906522,0.00852776253116622,96490.0,95525.732611427,0.0,94718.0,964.2673885730037,929811.5966654001,1,1,2893
KNN,H1,443,2025-05-01,2025-05-02,92382.0,0.0033556320495333,0.0010015094882772767,92692.0,92474.52144954604,0.0,92382.0,217.47855045396136,47296.91990755622,1,1,2900
KNN,H2,443,2025-05-01,2025-05-05,92382.0,0.024734255590916,0.0024014634420589957,94667.0,92603.8519957043,0.0,92382.0,2063.1480042956973,4256579.687629319,1,1,2899
KNN,H3,443,2025-05-01,2025-05-06,92382.0,0.054967417895261,0.003262877753575371,97460.0,92683.43117263081,0.0,92382.0,4776.568827369192,22815609.7625951,1,1,2898
KNN,H4,443,2025-05-01,2025-05-07,92382.0,0.0506916931869845,0.004776115512258681,97065.0,92823.22710325349,0.0,92382.0,4241.772896746508,17992637.307573263,1,1,2897
KNN,H5,443,2025-05-01,2025-05-08,92382.0,0.0408196401896472,0.00527949871517315,96153.0,92869.73065030514,0.0,92382.0,3283.269349694863,10779857.62264573,1,1,2896
KNN,H6,443,2025-05-01,2025-05-09,92382.0,0.0444675369660756,0.006872757770844037,96490.0,93016.91910838612,0.0,92382.0,3473.0808916138776,12062290.879693447,1,1,2895
KNN,H7,443,2025-05-01,2025-05-12,92382.0,0.0061267346452771,0.007820269374683575,92948.0,93104.45212537202,0.0,92382.0,156.45212537201587,24477.26753342097,1,1,2894
KNN,H1,444,2025-05-02,2025-05-05,92692.0,0.0213071246709533,0.0012708554420380843,94667.0,92809.79813263338,0.0,92692.0,1857.201867366617,3449198.7761500496,1,1,2901
KNN,H2,444,2025-05-02,2025-05-06,92692.0,0.0514391749018254,0.0022026042802454513,97460.0,92896.1637959445,0.0,92692.0,4563.836204055493,20828600.897447653,1,1,2900
KNN,H3,444,2025-05-02,2025-05-07,92692.0,0.0471777499676346,0.0038045148071436173,97065.0,93044.64808650376,0.0,92692.0,4020.3519134962407,16163229.508352885,1,1,2899
KNN,H4,444,2025-05-02,2025-05-08,92692.0,0.0373387131575539,0.00431299453689665,96153.0,93091.78008961403,0.0,92692.0,3061.219910385975,9371067.339743515,1,1,2898
KNN,H5,444,2025-05-02,2025-05-09,92692.0,0.0409744098735598,0.005276057823227139,96490.0,93181.04835175058,0.0,92692.0,3308.951648249422,10949161.010452565,1,1,2897
KNN,H6,444,2025-05-02,2025-05-12,92692.0,0.0027618348940576,0.0063253610051991985,92948.0,93278.31036229392,0.0,92692.0,330.3103622939234,109104.93543874293,1,1,2896
KNN,H7,444,2025-05-02,2025-05-13,92692.0,0.0104323997756008,0.007989966117701393,93659.0,93432.60593938197,0.0,92692.0,226.39406061802583,51254.27068311835,1,1,2895
KNN,H1,445,2025-05-05,2025-05-06,94667.0,0.0295034172414885,0.0017245666107857615,97460.0,94830.25954734324,0.0,94667.0,2629.740452656755,6915534.848339356,1,1,2902
KNN,H2,445,2025-05-05,2025-05-07,94667.0,0.0253308967221945,0.003038529831770075,97065.0,94954.64850358418,0.0,94667.0,2110.351496415824,4453583.438424507,1,1,2901
KNN,H3,445,2025-05-05,2025-05-08,94667.0,0.0156971278270146,0.004319399160803432,96153.0,95075.90456035579,0.0,94667.0,1077.0954396442103,1160134.5861023546,1,1,2900
KNN,H4,445,2025-05-05,2025-05-09,94667.0,0.019256974447273,0.003976009991793206,96490.0,95043.39693789308,0.0,94667.0,1446.6030621069222,2092660.4192971236,1,1,2899
KNN,H5,445,2025-05-05,2025-05-12,94667.0,-0.0181583867662438,0.005426144686494551,92948.0,95180.67683903637,0.0,94667.0,2232.6768390363723,4984845.867569447,-1,1,2898
KNN,H6,445,2025-05-05,2025-05-13,94667.0,-0.0106478498315146,0.0066163515828506474,93659.0,95293.35015529371,0.0,94667.0,1634.3501552937087,2671100.4301085696,-1,1,2897
KNN,H7,445,2025-05-05,2025-05-14,94667.0,-0.0249506163710691,0.00795966425875027,92305.0,95420.51753638311,0.0,94667.0,3115.5175363831077,9706449.519510668,-1,1,2896
KNN,H1,446,2025-05-06,2025-05-07,97460.0,-0.0040529447978657,0.0014637464033146052,97065.0,97602.65672446704,0.0,97460.0,537.6567244670441,289074.753364631,-1,1,2903
KNN,H2,446,2025-05-06,2025-05-08,97460.0,-0.0134106300020521,0.0024335021292297807,96153.0,97697.16911751474,0.0,97460.0,1544.1691175147425,2384458.2634862587,-1,1,2902
KNN,H3,446,2025-05-06,2025-05-09,97460.0,-0.0099528011491893,0.0031487614230904424,96490.0,97766.8782882944,0.0,97460.0,1276.878288294407,1630418.1631176546,-1,1,2901
KNN,H4,446,2025-05-06,2025-05-12,97460.0,-0.0462959162733429,0.003639610602367837,92948.0,97814.71644930675,0.0,97460.0,4866.716449306754,23684928.997952938,-1,1,2900
KNN,H5,446,2025-05-06,2025-05-13,97460.0,-0.0390006156371844,0.004932011529896966,93659.0,97940.67384370376,0.0,97460.0,4281.673843703757,18332730.9038569,-1,1,2899
KNN,H6,446,2025-05-06,2025-05-14,97460.0,-0.0528934947670839,0.005224303530779008,92305.0,97969.16062210973,0.0,97460.0,5664.160622109732,32082715.553058505,-1,1,2898
KNN,H7,446,2025-05-06,2025-05-15,97460.0,-0.0441719679868664,0.006412395526707231,93155.0,98084.95206803289,0.0,97460.0,4929.952068032886,24304427.39310173,-1,1,2897
KNN,H1,447,2025-05-07,2025-05-08,97065.0,-0.0093957657239993,0.0014760397765713816,96153.0,97208.2718009129,0.0,97065.0,1055.271800912902,1113598.5738019596,-1,1,2904
KNN,H2,447,2025-05-07,2025-05-09,97065.0,-0.0059238654509864,0.002485120133197504,96490.0,97306.21818572881,0.0,97065.0,816.2181857288087,666212.1267144282,-1,1,2903
KNN,H3,447,2025-05-07,2025-05-12,97065.0,-0.0424148766290629,0.0036139772015143646,92948.0,97415.79069706501,0.0,97065.0,4467.790697065007,19961153.712780625,-1,1,2902
KNN,H4,447,2025-05-07,2025-05-13,97065.0,-0.0350898882192345,0.003945667600861586,93659.0,97447.98622567763,0.0,97065.0,3788.986225677625,14356416.618374774,-1,1,2901
KNN,H5,447,2025-05-07,2025-05-14,97065.0,-0.0490393035594705,0.003965494851802703,92305.0,97449.91075779022,0.0,97065.0,5144.910757790218,26470106.70562551,-1,1,2900
KNN,H6,447,2025-05-07,2025-05-15,97065.0,-0.0402822850667078,0.005700149224895718,93155.0,97618.28498451451,0.0,97065.0,4463.28498451451,19920912.85299269,-1,1,2899
KNN,H7,447,2025-05-07,2025-05-16,97065.0,-0.0476175758512337,0.006756180648298704,92443.0,97720.78867462713,0.0,97065.0,5277.788674627125,27855053.294022348,-1,1,2898
KNN,H1,448,2025-05-08,2025-05-09,96153.0,0.0035048308425114,0.0009521421255372388,96490.0,96244.55132179678,0.0,96153.0,245.44867820321815,60245.053631706935,1,1,2905
KNN,H2,448,2025-05-08,2025-05-12,96153.0,-0.0333322933241813,0.0020792140870919983,92948.0,96352.92267211615,0.0,96153.0,3404.922672116154,11593498.403090611,-1,1,2904
KNN,H3,448,2025-05-08,2025-05-13,96153.0,-0.0259378282528885,0.0035791517687596506,93659.0,96497.14618002153,0.0,96153.0,2838.146180021533,8055073.7391708195,-1,1,2903
KNN,H4,448,2025-05-08,2025-05-14,96153.0,-0.0400195521720591,0.0034794028872906554,92305.0,96487.55502582165,0.0,96153.0,4182.5550258216535,17493766.544025972,-1,1,2902
KNN,H5,448,2025-05-08,2025-05-15,96153.0,-0.0311794743793745,0.0055982790363076,93155.0,96691.29132417809,0.0,96153.0,3536.2913241780916,12505356.32945724,-1,1,2901
KNN,H6,448,2025-05-08,2025-05-16,96153.0,-0.0385843395421879,0.004548281337786109,92443.0,96590.33089547216,0.0,96153.0,4147.330895472158,17200353.556537893,-1,1,2900
KNN,H7,448,2025-05-08,2025-05-19,96153.0,-0.0295258598275665,0.0058061005604100125,93314.0,96711.2739871851,0.0,96153.0,3397.2739871850936,11541470.544004504,-1,1,2899
KNN,H1,449,2025-05-09,2025-05-12,96490.0,-0.0367084671986734,0.0010027711838804332,92948.0,96586.75739153262,0.0,96490.0,3638.757391532621,13240555.354433285,-1,1,2906
KNN,H2,449,2025-05-09,2025-05-13,96490.0,-0.0293398279614467,0.0021903385865029907,93659.0,96701.34577021167,0.0,96490.0,3042.345770211672,9255867.785524853,-1,1,2905
KNN,H3,449,2025-05-09,2025-05-14,96490.0,-0.0433723701938024,0.003838926661326016,92305.0,96860.41803355135,0.0,96490.0,4555.418033551352,20751833.460404865,-1,1,2904
KNN,H4,449,2025-05-09,2025-05-15,96490.0,-0.0345631671675821,0.004227890436354861,93155.0,96897.94914820389,0.0,96490.0,3742.9491482038866,14009668.3260402,-1,1,2903
KNN,H5,449,2025-05-09,2025-05-16,96490.0,-0.0419421701730748,0.005607882189752437,92443.0,97031.10455248923,0.0,96490.0,4588.104552489225,21050703.384572353,-1,1,2902
KNN,H6,449,2025-05-09,2025-05-19,96490.0,-0.0329153280132655,0.005242298637353602,93314.0,96995.82939551826,0.0,96490.0,3681.82939551826,13555867.697702354,-1,1,2901
KNN,H7,449,2025-05-09,2025-05-20,96490.0,-0.0179189553321588,0.006493230890107956,94761.0,97116.53184858653,0.0,96490.0,2355.531848586528,5548530.2897054665,-1,1,2900
KNN,H1,450,2025-05-12,2025-05-13,92948.0,0.007649438395662,0.0011895922944733803,93659.0,93058.57022458671,0.0,92948.0,600.4297754132858,360515.91520284885,1,1,2907
KNN,H2,450,2025-05-12,2025-05-14,92948.0,-0.0069178465378491,0.0025507768118851254,92305.0,93185.08960311109,0.0,92948.0,880.0896031110897,774557.7095042353,-1,1,2906
KNN,H3,450,2025-05-12,2025-05-15,92948.0,0.002227051684813,0.0037807190131049035,93155.0,93299.41027083008,0.0,92948.0,144.41027083007793,20854.326321216457,1,1,2905
KNN,H4,450,2025-05-12,2025-05-16,92948.0,-0.0054331454146404,0.003349194692616978,92443.0,93259.30094828937,0.0,92948.0,816.3009482893685,666347.2381781223,-1,1,2904
KNN,H5,450,2025-05-12,2025-05-19,92948.0,0.0039376855876402,0.005348239398562726,93314.0,93445.1081556176,0.0,92948.0,131.10815561760683,17189.348469450608,1,1,2903
KNN,H6,450,2025-05-12,2025-05-20,92948.0,0.0195055299737487,0.004697469908585997,94761.0,93384.62043306325,0.0,92948.0,1376.3795669367537,1894420.7122810057,1,1,2902
KNN,H7,450,2025-05-12,2025-05-21,92948.0,0.0271657270732021,0.005399269559603869,95473.0,93449.85130702607,0.0,92948.0,2023.148692973933,4093130.6338821338,1,1,2901
KNN,H1,451,2025-05-13,2025-05-14,93659.0,-0.0144566993027899,0.0011424252324609926,92305.0,93765.99840484707,0.0,93659.0,1460.998404847065,2134516.338965669,-1,1,2908
KNN,H2,451,2025-05-13,2025-05-15,93659.0,-0.0053812233741551,0.0019282205408627196,93155.0,93839.59520763665,0.0,93659.0,684.595207636652,468670.5983190707,-1,1,2907
KNN,H3,451,2025-05-13,2025-05-16,93659.0,-0.0129832690931998,0.0027981414156003936,92443.0,93921.07112684372,0.0,93659.0,1478.0711268437153,2184694.25600905,-1,1,2906
KNN,H4,451,2025-05-13,2025-05-19,93659.0,-0.0036835755239752,0.003495355291816678,93314.0,93986.37148127626,0.0,93659.0,672.3714812762628,452083.4088336358,-1,1,2905
KNN,H5,451,2025-05-13,2025-05-20,93659.0,0.0117660876157124,0.0047016734655834745,94761.0,94099.35403511308,0.0,93659.0,661.6459648869204,437775.3828511439,1,1,2904
KNN,H6,451,2025-05-13,2025-05-21,93659.0,0.0193681333347568,0.0051073110792271585,95473.0,94137.34564836934,0.0,93659.0,1335.6543516306556,1783972.547029907,1,1,2903
KNN,H7,451,2025-05-13,2025-05-22,93659.0,0.0192400089687057,0.006130122173849276,95461.0,94233.14111268055,0.0,93659.0,1227.858887319453,1507637.4471693654,1,1,2902
KNN,H1,452,2025-05-14,2025-05-15,92305.0,0.0092086019175559,0.0013608653135080487,93155.0,92430.61467276336,0.0,92305.0,724.3853272366396,524734.1023157334,1,1,2909
KNN,H2,452,2025-05-14,2025-05-16,92305.0,0.0014950436054383,0.0017875068405108373,92443.0,92469.99581891336,0.0,92305.0,26.99581891336129,728.7742388029951,1,1,2908
KNN,H3,452,2025-05-14,2025-05-19,92305.0,0.0109311521586046,0.0035585710108581655,93314.0,92633.47389715725,0.0,92305.0,680.5261028427485,463115.77665033913,1,1,2907
KNN,H4,452,2025-05-14,2025-05-20,92305.0,0.0266074427170792,0.004126616980729086,94761.0,92685.90738040619,0.0,92305.0,2075.092619593808,4306009.379892693,1,1,2906
KNN,H5,452,2025-05-14,2025-05-21,92305.0,0.0343210010291967,0.007551136437383921,95473.0,93002.00764885273,0.0,92305.0,2470.9923511472734,6105803.19942833,1,1,2905
KNN,H6,452,2025-05-14,2025-05-22,92305.0,0.0341909972374194,0.006101334684656506,95461.0,92868.18369806722,0.0,92305.0,2592.8163019327767,6722696.37556836,1,1,2904
KNN,H7,452,2025-05-14,2025-05-23,92305.0,0.0423054005741834,0.007031650174074666,96210.0,92954.05646931795,0.0,92305.0,3255.9435306820524,10601168.274990309,1,1,2903
KNN,H1,453,2025-05-15,2025-05-16,93155.0,-0.0076431753529064,0.000676047487724831,92443.0,93217.977203719,0.0,93155.0,774.9772037189978,600589.6662841169,-1,1,2910
KNN,H2,453,2025-05-15,2025-05-19,93155.0,0.0017068326981912,0.002133323674196328,93314.0,93353.72976686976,0.0,93155.0,39.72976686975744,1578.454375525276,1,1,2909
KNN,H3,453,2025-05-15,2025-05-20,93155.0,0.0172400837314152,0.003224578525057972,94761.0,93455.38561250178,0.0,93155.0,1305.6143874982226,1704628.928842359,1,1,2908
KNN,H4,453,2025-05-15,2025-05-21,93155.0,0.0248832590843217,0.003964488307507909,95473.0,93524.31190828589,0.0,93155.0,1948.6880917141098,3797385.2787883785,1,1,2907
KNN,H5,453,2025-05-15,2025-05-22,93155.0,0.024754441522194,0.0055781037990208,95461.0,93674.62825939778,0.0,93155.0,1786.3717406022188,3191123.995622201,1,1,2906
KNN,H6,453,2025-05-15,2025-05-23,93155.0,0.0327948043583274,0.0057193312237258705,96210.0,93687.78430014617,0.0,93155.0,2522.2156998538267,6361572.036589129,1,1,2905
KNN,H7,453,2025-05-15,2025-05-26,93155.0,0.0285438248081155,0.007507568022163293,95814.0,93854.36749910461,0.0,93155.0,1959.6325008953863,3840159.538565506,1,1,2904
KNN,H1,454,2025-05-16,2025-05-19,92443.0,0.0094220222190972,0.0013909524986058278,93314.0,92571.58382182861,0.0,92443.0,742.416178171392,551181.781610616,1,1,2911
KNN,H2,454,2025-05-16,2025-05-20,92443.0,0.025074911026254,0.0024518946800837975,94761.0,92669.66049991098,0.0,92443.0,2091.339500089016,4373700.904632575,1,1,2910
KNN,H3,454,2025-05-16,2025-05-21,92443.0,0.0327769544476055,0.0037811316181746123,95473.0,92792.53915017891,0.0,92443.0,2680.4608498210873,7184870.367423586,1,1,2909
KNN,H4,454,2025-05-16,2025-05-22,92443.0,0.0326471447270209,0.004911591132376419,95461.0,92897.04221905029,0.0,92443.0,2563.957780949713,6573879.502492578,1,1,2908
KNN,H5,454,2025-05-16,2025-05-23,92443.0,0.0407494347868415,0.005786099795755241,96210.0,92977.884423419,0.0,92443.0,3232.1155765809963,10446571.100377506,1,1,2907
KNN,H6,454,2025-05-16,2025-05-26,92443.0,0.0364657140075506,0.006713218980192527,95814.0,93063.59010218595,0.0,92443.0,2750.4098978140537,7564754.605993513,1,1,2906
KNN,H7,454,2025-05-16,2025-05-27,92443.0,0.028255249180576,0.0073240993137429385,95055.0,93120.06171286033,0.0,92443.0,1934.9382871396665,3743986.1750389864,1,1,2905
KNN,H1,455,2025-05-19,2025-05-20,93314.0,0.0155067835480207,0.0010620782502575082,94761.0,93413.10676984453,0.0,93314.0,1347.8932301554742,1816816.159898958,1,1,2912
KNN,H2,455,2025-05-19,2025-05-21,93314.0,0.0231369355080695,0.0022184756419499946,95473.0,93521.01483605293,0.0,93314.0,1951.9851639470726,3810246.0802694797,1,1,2911
KNN,H3,455,2025-05-19,2025-05-22,93314.0,0.0230083374413272,0.003220759943403433,95461.0,93614.54199335875,0.0,93314.0,1846.4580066412454,3409407.1702895616,1,1,2910
KNN,H4,455,2025-05-19,2025-05-23,93314.0,0.031035000107165,0.0031129142523940788,96210.0,93604.4784805479,0.0,93314.0,2605.5215194521006,6788742.388327983,1,1,2909
KNN,H5,455,2025-05-19,2025-05-26,93314.0,0.0267912639046659,0.004298601194731477,95814.0,93715.11967188517,0.0,93314.0,2098.8803281148284,4405298.63174741,1,1,2908
KNN,H6,455,2025-05-19,2025-05-27,93314.0,0.0186574361832094,0.004389380713824744,95055.0,93723.59067192984,0.0,93314.0,1331.4093280701636,1772650.7988722445,1,1,2907
KNN,H7,455,2025-05-19,2025-05-28,93314.0,0.019964849861757,0.006804024921308718,95177.0,93948.91078150702,0.0,93314.0,1228.0892184929835,1508203.1285787069,1,1,2906
KNN,H1,456,2025-05-20,2025-05-21,94761.0,0.0075136395774633,0.0015092970534157568,95473.0,94904.02249807875,0.0,94761.0,568.9775019212539,323735.39769255044,1,1,2913
KNN,H2,456,2025-05-20,2025-05-22,94761.0,0.0073870052025621,0.002620746453425711,95461.0,95009.34455467308,0.0,94761.0,451.65544532692,203992.64129345844,1,1,2912
KNN,H3,456,2025-05-20,2025-05-23,94761.0,0.0152911007693037,0.0037395563564717868,96210.0,95115.36409989561,0.0,94761.0,1094.6359001043893,1198227.7537973465,1,1,2911
KNN,H4,456,2025-05-20,2025-05-26,94761.0,0.0111121663975686,0.004056642423047233,95814.0,95145.41149265038,0.0,94761.0,668.5885073496174,447010.59215998946,1,1,2910
KNN,H5,456,2025-05-20,2025-05-27,94761.0,0.0031025421850761,0.004493378885325414,95055.0,95186.79707655232,0.0,94761.0,131.7970765523205,17370.46938773823,1,1,2909
KNN,H6,456,2025-05-20,2025-05-28,94761.0,0.004389991663237,0.005510708264438099,95177.0,95283.20022584642,0.0,94761.0,106.20022584641993,11278.4879698306,1,1,2908
KNN,H7,456,2025-05-20,2025-05-29,94761.0,0.0056352296830974,0.0057067959856510935,95295.0,95301.78169439628,0.0,94761.0,6.781694396282546,45.99137888457009,1,1,2907
KNN,H1,457,2025-05-21,2025-05-22,95473.0,-0.0001256899856504,0.0014553312978857632,95461.0,95611.94484500305,0.0,95473.0,150.9448450030468,22784.34623299382,-1,1,2914
KNN,H2,457,2025-05-21,2025-05-23,95473.0,0.0077194599520282,0.0025830473453779695,96210.0,95719.61127920527,0.0,95473.0,490.3887207947264,240481.0974826881,1,1,2913
KNN,H3,457,2025-05-21,2025-05-26,95473.0,0.0035716904255653,0.0030687818720712867,95814.0,95765.98581167228,0.0,95473.0,48.014188327724696,2305.3622807702145,1,1,2912
KNN,H4,457,2025-05-21,2025-05-27,95473.0,-0.004378201166822,0.003089551672873495,95055.0,95767.96876686426,0.0,95473.0,712.9687668642582,508324.462523941,-1,1,2911
KNN,H5,457,2025-05-21,2025-05-28,95473.0,-0.0031003529793763,0.003691150256887185,95177.0,95825.4051884758,0.0,95473.0,648.4051884757937,420429.28844232956,-1,1,2910
KNN,H6,457,2025-05-21,2025-05-29,95473.0,-0.0018644014538141,0.004761411355775913,95295.0,95927.58622637,0.0,95473.0,632.5862263699964,400165.3337930324,-1,1,2909
KNN,H7,457,2025-05-21,2025-05-30,95473.0,-0.0079708399233291,0.0058257060116256535,94712.0,96029.19763004793,0.0,95473.0,1317.1976300479291,1735009.596603881,-1,1,2908
KNN,H1,458,2025-05-22,2025-05-23,95461.0,0.0078461361184147,0.001267405581431873,96210.0,95581.98780420907,0.0,95461.0,628.0121957909287,394399.31806214375,1,1,2915
KNN,H2,458,2025-05-22,2025-05-26,95461.0,0.0036978451933249,0.0025311691739071645,95814.0,95702.62794051036,0.0,95461.0,111.37205948964402,12403.735634964805,1,1,2914
KNN,H3,458,2025-05-22,2025-05-27,95461.0,-0.0042530457464304,0.00328765521605978,95055.0,95774.84285458027,0.0,95461.0,719.8428545802744,518173.7352902781,-1,1,2913
KNN,H4,458,2025-05-22,2025-05-28,95461.0,-0.0029750369260744,0.004030720929421785,95177.0,95845.77665064353,0.0,95461.0,668.7766506435291,447262.208445977,-1,1,2912
KNN,H5,458,2025-05-22,2025-05-29,95461.0,-0.0017389300342548,0.004052948881662705,95295.0,95847.89855319241,0.0,95461.0,552.8985531924118,305696.8101222622,-1,1,2911
KNN,H6,458,2025-05-22,2025-05-30,95461.0,-0.0078461361184148,0.00516228622980169,94712.0,95953.79700578311,0.0,95461.0,1241.7970057831117,1542059.8035719015,-1,1,2910
KNN,H7,458,2025-05-22,2025-06-02,95461.0,0.020238631483014,0.005768819108284472,97393.0,96011.69724089596,0.0,95461.0,1381.3027591040445,1907997.312308446,1,1,2909
KNN,H1,459,2025-05-23,2025-05-26,96210.0,-0.0041159962581852,0.001028723916473195,95814.0,96308.97352800389,0.0,96210.0,494.9735280038876,244998.79342461532,-1,1,2916
KNN,H2,459,2025-05-23,2025-05-27,96210.0,-0.0120049890863735,0.001921638653586181,95055.0,96394.88085486152,0.0,96210.0,1339.8808548615198,1795280.705224437,-1,1,2915
KNN,H3,459,2025-05-23,2025-05-28,96210.0,-0.0107369296330942,0.002637218738541533,95177.0,96463.72681483508,0.0,96210.0,1286.726814835085,1655665.896015643,-1,1,2914
KNN,H4,459,2025-05-23,2025-05-29,96210.0,-0.0095104458995946,0.0030588651341497087,95295.0,96504.29341455654,0.0,96210.0,1209.2934145565378,1462390.5624898102,-1,1,2913
KNN,H5,459,2025-05-23,2025-05-30,96210.0,-0.0155701070574784,0.0030690948095019894,94712.0,96505.2776116222,0.0,96210.0,1793.277611622194,3215844.5923454002,-1,1,2912
KNN,H6,459,2025-05-23,2025-06-02,96210.0,0.0122960191248311,0.0040979162574476405,97393.0,96604.26052312905,0.0,96210.0,788.7394768709491,622109.9623746586,1,1,2911
KNN,H7,459,2025-05-23,2025-06-03,96210.0,0.0103731420850223,0.005386040544682194,97208.0,96728.19096080387,0.0,96210.0,479.80903919613047,230216.71409431388,1,1,2910
KNN,H1,460,2025-05-26,2025-05-27,95814.0,-0.0079215980963116,0.0010127517412853193,95055.0,95911.0357953395,0.0,95814.0,856.0357953394996,732797.2829025297,-1,1,2917
KNN,H2,460,2025-05-26,2025-05-28,95814.0,-0.0066482977435448,0.0018704439611135666,95177.0,95993.21471769012,0.0,95814.0,816.2147176901199,666206.4653739621,-1,1,2916
KNN,H3,460,2025-05-26,2025-05-29,95814.0,-0.0054167449433276,0.0021179425859418517,95295.0,96016.92855092944,0.0,95814.0,721.9285509294423,521180.8326470843,-1,1,2915
KNN,H4,460,2025-05-26,2025-05-30,95814.0,-0.0115014507274511,0.003167501747226378,94712.0,96117.49101240875,0.0,95814.0,1405.4910124087473,1975404.9859617655,-1,1,2914
KNN,H5,460,2025-05-26,2025-06-02,95814.0,0.0164798463690065,0.003930120556527528,97393.0,96190.56057100312,0.0,95814.0,1202.4394289968768,1445860.5804063352,1,1,2913
KNN,H6,460,2025-05-26,2025-06-03,95814.0,0.0145490220635815,0.004908657470564991,97208.0,96284.31810688472,0.0,95814.0,923.6818931152811,853188.2396690296,1,1,2912
KNN,H7,460,2025-05-26,2025-06-04,95814.0,0.0225332414887178,0.005702089680403649,97973.0,96360.34002063819,0.0,95814.0,1612.659979361808,2600672.2090352266,1,1,2911
KNN,H1,461,2025-05-27,2025-05-28,95055.0,0.0012834674662036,0.0011690765054879833,95177.0,95166.12656722915,0.0,95055.0,10.87343277085165,118.23154022223059,1,1,2918
KNN,H2,461,2025-05-27,2025-05-29,95055.0,0.0025248540318763,0.002263960701452176,95295.0,95270.20078447653,0.0,95055.0,24.799215523467865,615.0010905794095,1,1,2917
KNN,H3,461,2025-05-27,2025-05-30,95055.0,-0.0036084372205564,0.0030005423313127807,94712.0,95340.21655130295,0.0,95055.0,628.2165513029468,394656.0353309679,-1,1,2916
KNN,H4,461,2025-05-27,2025-06-02,95055.0,0.024596286360528,0.00329940395451238,97393.0,95368.62484289618,0.0,95055.0,2024.3751571038156,4098094.776699098,1,1,2915
KNN,H5,461,2025-05-27,2025-06-03,95055.0,0.0226500447109567,0.0041601444610418386,97208.0,95450.44253174432,0.0,95055.0,1757.5574682556762,3089008.2542213025,1,1,2914
KNN,H6,461,2025-05-27,2025-06-04,95055.0,0.0306980169375623,0.005432267268026441,97973.0,95571.36416516226,0.0,95055.0,2401.63583483774,5767854.683176767,1,1,2913
KNN,H7,461,2025-05-27,2025-06-05,95055.0,0.0248277313134501,0.006500755994478007,97415.0,95672.92936105511,0.0,95055.0,1742.0706389448897,3034810.1110738562,1,1,2912
KNN,H1,462,2025-05-28,2025-05-29,95177.0,0.0012397953287033,0.0010851769450279675,95295.0,95280.28388609692,0.0,95177.0,14.716113903079531,216.56400840841067,1,1,2919
KNN,H2,462,2025-05-28,2025-05-30,95177.0,-0.0048856341342971,0.002327309648593951,94712.0,95398.50635042421,0.0,95177.0,686.5063504242135,471290.96917277295,-1,1,2918
KNN,H3,462,2025-05-28,2025-06-02,95177.0,0.0232829360034461,0.0029394614034862466,97393.0,95456.76911799962,0.0,95177.0,1936.2308820003818,3748990.0284119765,1,1,2917
KNN,H4,462,2025-05-28,2025-06-03,95177.0,0.0213391890898011,0.0035032358235199687,97208.0,95510.42747597517,0.0,95177.0,1697.5725240248285,2881752.4743240266,1,1,2916
KNN,H5,462,2025-05-28,2025-06-04,95177.0,0.0293768452462255,0.003245693983179126,97973.0,95485.91541623704,0.0,95177.0,2487.0845837629604,6185589.726791378,1,1,2915
KNN,H6,462,2025-05-28,2025-06-05,95177.0,0.0235140842850689,0.005304245697243661,97415.0,95681.84219272656,0.0,95177.0,1733.157807273441,3003835.984912882,1,1,2914
KNN,H7,462,2025-05-28,2025-06-06,95177.0,0.0154238944282756,0.006636974993409894,96645.0,95808.68736894777,0.0,95177.0,836.3126310522348,699418.8168575114,1,1,2913
KNN,H1,463,2025-05-29,2025-05-30,95295.0,-0.0061178445878588,0.0013586395490960024,94712.0,95424.47155583111,0.0,95295.0,712.4715558311145,507615.71786840894,-1,1,2920
KNN,H2,463,2025-05-29,2025-06-02,95295.0,0.0220158455322945,0.0026520711900113202,97393.0,95547.72912405213,0.0,95295.0,1845.27087594787,3405024.60562142,1,1,2919
KNN,H3,463,2025-05-29,2025-06-03,95295.0,0.0200745054829738,0.0032977884207449097,97208.0,95609.2627475549,0.0,95295.0,1598.7372524451057,2555960.802355726,1,1,2918
KNN,H4,463,2025-05-29,2025-06-04,95295.0,0.0281022089301641,0.0037076800612465483,97973.0,95648.32337143649,0.0,95295.0,2324.6766285635094,5404121.427389405,1,1,2917
KNN,H5,463,2025-05-29,2025-06-05,95295.0,0.0222467075922137,0.004517357123855658,97415.0,95725.48154711783,0.0,95295.0,1689.51845288217,2854472.6026293617,1,1,2916
KNN,H6,463,2025-05-29,2025-06-06,95295.0,0.0141665354950417,0.0053422248970518655,96645.0,95804.08732156456,0.0,95295.0,840.9126784354448,707134.1327534738,1,1,2915
KNN,H7,463,2025-05-29,2025-06-09,95295.0,0.0147751718348287,0.006956408166058551,96703.0,95957.91091618454,0.0,95295.0,745.0890838154592,555157.7428209604,1,1,2914
KNN,H1,464,2025-05-30,2025-06-02,94712.0,0.0283068671340485,0.0009336653013852674,97393.0,94800.42930802479,0.0,94712.0,2592.570691975212,6721422.7928888295,1,1,2921
KNN,H2,464,2025-05-30,2025-06-03,94712.0,0.0263535771602332,0.0020297194440510114,97208.0,94904.23878798497,0.0,94712.0,2303.7612120150297,5307315.721984959,1,1,2920
KNN,H3,464,2025-05-30,2025-06-04,94712.0,0.0344306951600641,0.002794877201894375,97973.0,94976.70840954583,0.0,94712.0,2996.2915904541733,8977763.2950264,1,1,2919
KNN,H4,464,2025-05-30,2025-06-05,94712.0,0.0285391502660696,0.003062216510825541,97415.0,95002.02865017332,0.0,94712.0,2412.971349826679,5822430.735084387,1,1,2918
KNN,H5,464,2025-05-30,2025-06-06,94712.0,0.0204092406453246,0.004344731075965816,96645.0,95123.49816966688,0.0,94712.0,1521.5018303331162,2314967.819707023,1,1,2917
KNN,H6,464,2025-05-30,2025-06-09,94712.0,0.0210216234479263,0.005361753320718113,96703.0,95219.82238051186,0.0,94712.0,1483.1776194881386,2199815.8509505014,1,1,2916
KNN,H7,464,2025-05-30,2025-06-10,94712.0,0.0182659008362193,0.006273740013254043,96442.0,95306.1984641353,0.0,94712.0,1135.8015358646953,1290045.1288726008,1,1,2915
KNN,H1,465,2025-06-02,2025-06-03,97393.0,-0.0018995204994198,0.0014510609200384015,97208.0,97534.32317618531,0.0,97393.0,326.3231761853094,106486.8153156685,-1,1,2922
KNN,H2,465,2025-06-02,2025-06-04,97393.0,0.0059552534576405,0.002431886734427449,97973.0,97629.8487447261,0.0,97393.0,343.15125527390046,117752.7839960536,1,1,2921
KNN,H3,465,2025-06-02,2025-06-05,97393.0,0.0002258889242552,0.003474977349449278,97415.0,97731.43846899492,0.0,97393.0,316.438468994922,100133.30465985021,1,1,2920
KNN,H4,465,2025-06-02,2025-06-06,97393.0,-0.0076802234246814,0.0046147027519856864,96645.0,97842.43974512414,0.0,97393.0,1197.4397451241384,1433861.9432029617,-1,1,2919
KNN,H5,465,2025-06-02,2025-06-09,97393.0,-0.0070846980789174,0.0047670523971827155,96703.0,97857.27753411882,0.0,97393.0,1154.2775341188244,1332356.6257714338,-1,1,2918
KNN,H6,465,2025-06-02,2025-06-10,97393.0,-0.0097645621348556,0.006144617163594936,96442.0,97991.44269941401,0.0,97393.0,1549.4426994140085,2400772.6787673696,-1,1,2917
KNN,H7,465,2025-06-02,2025-06-11,97393.0,-0.0115614058505231,0.007677115180965092,96267.0,98140.69727881975,0.0,97393.0,1873.6972788197454,3510741.4926565187,-1,1,2916
KNN,H1,466,2025-06-03,2025-06-04,97208.0,0.0078697226565713,0.0013996422571180124,97973.0,97344.05642452993,0.0,97208.0,628.943575470068,395570.02112507314,1,1,2923
KNN,H2,466,2025-06-03,2025-06-05,97208.0,0.0021294543658958,0.002146988828669967,97415.0,97416.70449005735,0.0,97208.0,1.704490057352814,2.905286355614599,1,1,2922
KNN,H3,466,2025-06-03,2025-06-06,97208.0,-0.0057917043864702,0.0034064642535362203,96645.0,97539.13557715775,0.0,97208.0,894.135577157751,799478.4303392244,-1,1,2921
KNN,H4,466,2025-06-03,2025-06-09,97208.0,-0.005195045675253,0.0036738661231120254,96703.0,97565.12917809546,0.0,97208.0,862.1291780954634,743266.7197235593,-1,1,2920
KNN,H5,466,2025-06-03,2025-06-10,97208.0,-0.0078800098757303,0.003725198435246019,96442.0,97570.1190894934,0.0,97208.0,1128.119089493397,1272652.6800794112,-1,1,2919
KNN,H6,466,2025-06-03,2025-06-11,97208.0,-0.0096802732285408,0.0059477855759998855,96267.0,97786.1723402718,0.0,97208.0,1519.1723402718053,2307884.5994469137,-1,1,2918
KNN,H7,466,2025-06-03,2025-06-12,97208.0,0.0059460126738539,0.006827815527976633,97786.0,97871.71829184356,0.0,97208.0,85.71829184355738,7347.625556577276,1,1,2917
KNN,H1,467,2025-06-04,2025-06-05,97973.0,-0.0056954467047043,0.0013702125813199915,97415.0,98107.24383722966,0.0,97973.0,692.2438372296601,479201.5301824442,-1,1,2924
KNN,H2,467,2025-06-04,2025-06-06,97973.0,-0.0135547548814469,0.0029674392286202092,96645.0,98263.72892354561,0.0,97973.0,1618.728923545612,2620283.3279231354,-1,1,2923
KNN,H3,467,2025-06-04,2025-06-09,97973.0,-0.0129627550447571,0.0038184875134383935,96703.0,98347.1086771541,0.0,97973.0,1644.1086771541013,2703093.342293409,-1,1,2922
KNN,H4,467,2025-06-04,2025-06-10,97973.0,-0.0156267543098609,0.0037992666038897823,96442.0,98345.2255469829,0.0,97973.0,1903.225546982896,3622267.482688344,-1,1,2921
KNN,H5,467,2025-06-04,2025-06-11,97973.0,-0.017412960713666,0.004089592131877325,96267.0,98373.66960993642,0.0,97973.0,2106.66960993642,4438056.845429667,-1,1,2920
KNN,H6,467,2025-06-04,2025-06-12,97973.0,-0.0019086891286375,0.00556677851055577,97786.0,98518.39399101467,0.0,97973.0,732.3939910146728,536400.9580744007,-1,1,2919
KNN,H7,467,2025-06-04,2025-06-13,97973.0,0.0161473058903984,0.007053547700403861,99555.0,98664.05722885167,0.0,97973.0,890.9427711483295,793779.0214614646,1,1,2918
KNN,H1,468,2025-06-05,2025-06-06,97415.0,-0.0079043268490478,0.0013156830993913844,96645.0,97543.16726912723,0.0,97415.0,898.1672691272252,806704.4433314573,-1,1,2925
KNN,H2,468,2025-06-05,2025-06-09,97415.0,-0.0073089359954832,0.0027352274773877394,96703.0,97681.45218470972,0.0,97415.0,978.4521847097203,957368.6777632247,-1,1,2924
KNN,H3,468,2025-06-05,2025-06-10,97415.0,-0.0099881948365241,0.003651470148015881,96442.0,97770.70796446897,0.0,97415.0,1328.7079644689657,1765464.8548432621,-1,1,2923
KNN,H4,468,2025-06-05,2025-06-11,97415.0,-0.0117846327567623,0.004382063340835644,96267.0,97841.8787003475,0.0,97415.0,1574.8787003475009,2480242.9208082333,-1,1,2922
KNN,H5,468,2025-06-05,2025-06-12,97415.0,0.0038084483909048,0.004267277547835003,97786.0,97830.69684232234,0.0,97415.0,44.69684232234431,1997.8077135885094,1,1,2921
KNN,H6,468,2025-06-05,2025-06-13,97415.0,0.0219678694246265,0.00556340452285233,99555.0,97956.95905159366,0.0,97415.0,1598.040948406342,2553734.872783441,1,1,2920
KNN,H7,468,2025-06-05,2025-06-16,97415.0,0.012102858902633,0.006446262373132691,98594.0,98042.96264907872,0.0,97415.0,551.0373509212804,303642.16211034235,1,1,2919
KNN,H1,469,2025-06-06,2025-06-09,96645.0,0.000600134512908,0.0011276406191977567,96703.0,96753.98082764237,0.0,96645.0,50.98082764237188,2599.0447871012284,1,1,2926
KNN,H2,469,2025-06-06,2025-06-10,96645.0,-0.0021004707951782,0.002449782325802722,96442.0,96881.75921287721,0.0,96645.0,439.7592128772085,193388.16531038197,-1,1,2925
KNN,H3,469,2025-06-06,2025-06-11,96645.0,-0.0039112214806766,0.003243324083357144,96267.0,96958.45105603605,0.0,96645.0,691.4510560360504,478104.56289336935,-1,1,2924
KNN,H4,469,2025-06-06,2025-06-12,96645.0,0.01180609446945,0.004604468330391017,97786.0,97089.99884179063,0.0,96645.0,696.0011582093721,484417.6122287874,1,1,2923
KNN,H5,469,2025-06-06,2025-06-13,96645.0,0.0301101971131461,0.004861016509320746,99555.0,97114.79294054331,0.0,96645.0,2440.2070594566903,5954610.493022268,1,1,2922
KNN,H6,469,2025-06-06,2025-06-16,96645.0,0.0201665890630657,0.006116445862907324,98594.0,97236.12391042068,0.0,96645.0,1357.876089579324,1843827.474651236,1,1,2921
KNN,H7,469,2025-06-06,2025-06-17,96645.0,0.0234466345905117,0.007434925431439432,98911.0,97363.54836832147,0.0,96645.0,1547.4516316785302,2394606.5523845456,1,1,2920
KNN,H1,470,2025-06-09,2025-06-10,96703.0,-0.0026989855537056,0.0008851294927863695,96442.0,96788.59467734091,0.0,96703.0,346.5946773409087,120127.8703610486,-1,1,2927
KNN,H2,470,2025-06-09,2025-06-11,96703.0,-0.0045086501969948,0.002481675929655286,96267.0,96942.98550742546,0.0,96703.0,675.9855074254592,456956.4062492556,-1,1,2926
KNN,H3,470,2025-06-09,2025-06-12,96703.0,0.0111992389067556,0.0034169574828040758,97786.0,97033.43003945959,0.0,96703.0,752.5699605404079,566361.5455077911,1,1,2925
KNN,H4,470,2025-06-09,2025-06-13,96703.0,0.0294923632152053,0.004223556091786384,99555.0,97111.43054474403,0.0,96703.0,2443.5694552559726,5971031.682659971,1,1,2924
KNN,H5,470,2025-06-09,2025-06-16,96703.0,0.0195547190883427,0.004171532149327633,98594.0,97106.39967343643,0.0,96703.0,1487.6003265635663,2212954.7315920293,1,1,2923
KNN,H6,470,2025-06-09,2025-06-17,96703.0,0.022832797327901,0.006378695116214857,98911.0,97319.83895382332,0.0,96703.0,1591.1610461766832,2531793.474870077,1,1,2922
KNN,H7,470,2025-06-09,2025-06-18,96703.0,0.0242184833976195,0.007094917639563982,99045.0,97389.09982049876,0.0,96703.0,1655.9001795012446,2742005.4044722538,1,1,2921
KNN,H1,471,2025-06-10,2025-06-11,96442.0,-0.0018145621202381,0.0013434331233991667,96267.0,96571.56337728688,0.0,96442.0,304.56337728687504,92758.8507843874,-1,1,2928
KNN,H2,471,2025-06-10,2025-06-12,96442.0,0.0139358370834283,0.0026081442562715276,97786.0,96693.53464836333,0.0,96442.0,1092.465351636667,1193480.5445266266,1,1,2927
KNN,H3,471,2025-06-10,2025-06-13,96442.0,0.0322784678874348,0.0036545871991721796,99555.0,96794.45569866257,0.0,96442.0,2760.5443013374315,7620604.839646568,1,1,2926
KNN,H4,471,2025-06-10,2025-06-16,96442.0,0.0223139296157275,0.004625901770466509,98594.0,96888.13121854732,0.0,96442.0,1705.8687814526784,2909988.2995348456,1,1,2925
KNN,H5,471,2025-06-10,2025-06-17,96442.0,0.0256008792849589,0.005527066442977741,98911.0,96975.04134189367,0.0,96442.0,1935.958658106334,3747935.9258968774,1,1,2924
KNN,H6,471,2025-06-10,2025-06-18,96442.0,0.0269903154227411,0.00672994822094837,99045.0,97091.0496663247,0.0,96442.0,1953.9503336752969,3817921.906469804,1,1,2923
KNN,H7,471,2025-06-10,2025-06-19,96442.0,0.0251550154497004,0.007954837443066866,98868.0,97209.18043268425,0.0,96442.0,1658.819567315746,2751682.356909599,1,1,2922
KNN,H1,472,2025-06-11,2025-06-12,96267.0,0.0157790312360415,0.001954799056748049,97786.0,96455.18264079597,0.0,96267.0,1330.8173592040257,1771074.843558777,1,1,2929
KNN,H2,472,2025-06-11,2025-06-13,96267.0,0.0341550063884821,0.0031220238296955144,99555.0,96567.54786801331,0.0,96267.0,2987.452131986691,8924870.240911825,1,1,2928
KNN,H3,472,2025-06-11,2025-06-16,96267.0,0.0241723539738436,0.0038691839973027387,98594.0,96639.47473586834,0.0,96267.0,1954.525264131662,3820169.008128943,1,1,2927
KNN,H4,472,2025-06-11,2025-06-17,96267.0,0.0274652788598377,0.005155914766947745,98911.0,96763.34444686976,0.0,96267.0,2147.655553130244,4612424.374891173,1,1,2926
KNN,H5,472,2025-06-11,2025-06-18,96267.0,0.0288572407990277,0.005816931669449407,99045.0,96826.97856102289,0.0,96267.0,2218.0214389771136,4919619.103762105,1,1,2925
KNN,H6,472,2025-06-11,2025-06-19,96267.0,0.027018604506217,0.0073340759683006755,98868.0,96973.0294912404,0.0,96267.0,1894.970508759594,3590913.2290685945,1,1,2924
KNN,H7,472,2025-06-11,2025-06-20,96267.0,0.0239645984605316,0.008307654679876618,98574.0,97066.75299306768,0.0,96267.0,1507.2470069323172,2271793.5399064287,1,1,2923
KNN,H1,473,2025-06-12,2025-06-13,97786.0,0.018090524205919,0.0013140299845807865,99555.0,97914.49373607223,0.0,97786.0,1640.5062639277749,2691260.801986266,1,1,2930
KNN,H2,473,2025-06-12,2025-06-16,97786.0,0.0082629415253716,0.0021226739377930783,98594.0,97993.56779368104,0.0,97786.0,600.4322063189611,360518.83438505547,1,1,2929
KNN,H3,473,2025-06-12,2025-06-17,97786.0,0.0115047143762911,0.0032931232502262167,98911.0,98108.02135014662,0.0,97786.0,802.9786498533795,644774.7121203562,1,1,2928
KNN,H4,473,2025-06-12,2025-06-18,97786.0,0.012875053688667,0.004229588422927495,99045.0,98199.59453352439,0.0,97786.0,845.4054664756113,714710.402746846,1,1,2927
KNN,H5,473,2025-06-12,2025-06-19,97786.0,0.0110649786267973,0.0051657805643338835,98868.0,98291.14101826395,0.0,97786.0,576.858981736048,332766.28480955015,1,1,2926
KNN,H6,473,2025-06-12,2025-06-20,97786.0,0.0080584132697931,0.005999556044058702,98574.0,98372.67258732433,0.0,97786.0,201.32741267567326,40532.72709468084,1,1,2925
KNN,H7,473,2025-06-12,2025-06-23,97786.0,0.0109013560223345,0.007618758118837726,98852.0,98531.00788140867,0.0,97786.0,320.9921185913263,103035.94019774807,1,1,2924
KNN,H1,474,2025-06-13,2025-06-16,99555.0,-0.0096529556526543,0.0017110304419501493,98594.0,99725.34163564834,0.0,99555.0,1131.3416356483358,1279933.8965514519,-1,1,2931
KNN,H2,474,2025-06-13,2025-06-17,99555.0,-0.0064687860981367,0.003238608400156446,98911.0,99877.41965927758,0.0,99555.0,966.4196592775843,933966.9578382021,-1,1,2930
KNN,H3,474,2025-06-13,2025-06-18,99555.0,-0.0051227964441765,0.004429990564712987,99045.0,99996.02771067,0.0,99555.0,951.0277106699941,904453.70646221,-1,1,2929
KNN,H4,474,2025-06-13,2025-06-19,99555.0,-0.0069007081512731,0.0040532014044375,98868.0,99958.51646581877,0.0,99555.0,1090.5164658187714,1189226.1622218636,-1,1,2928
KNN,H5,474,2025-06-13,2025-06-20,99555.0,-0.0098538496308573,0.0056947754803532875,98574.0,100121.94337294658,0.0,99555.0,1547.9433729465818,2396128.6858492405,-1,1,2927
KNN,H6,474,2025-06-13,2025-06-23,99555.0,-0.0070614233338355,0.005990633778099837,98852.0,100151.39754577875,0.0,99555.0,1299.3975457787456,1688433.9819758271,-1,1,2926
KNN,H7,474,2025-06-13,2025-06-24,99555.0,-0.0304756164933955,0.007146121039037676,96521.0,100266.4320800414,0.0,99555.0,3745.432080041399,14028261.46620324,-1,1,2925
KNN,H1,475,2025-06-16,2025-06-17,98594.0,0.003215205793456,0.0015127741108239988,98911.0,98743.15045068259,0.0,98594.0,167.8495493174123,28173.471206058428,1,1,2932
KNN,H2,475,2025-06-16,2025-06-18,98594.0,0.0045743148670305,0.0028694044190209966,99045.0,98876.90605928896,0.0,98594.0,168.0939407110418,28255.572903767235,1,1,2931
KNN,H3,475,2025-06-16,2025-06-19,98594.0,0.002779073777309,0.0036115728473478524,98868.0,98950.07941331141,0.0,98594.0,82.07941331141046,6737.030089545345,1,1,2930
KNN,H4,475,2025-06-16,2025-06-20,98594.0,-0.0002028521005335,0.004201919853375474,98574.0,99008.28408602369,0.0,98594.0,434.2840860236902,188602.66737343193,-1,1,2929
KNN,H5,475,2025-06-16,2025-06-23,98594.0,0.0026167920968822,0.0042074180630459175,98852.0,99008.82617650794,0.0,98594.0,156.8261765079369,24594.44963809858,1,1,2928
KNN,H6,475,2025-06-16,2025-06-24,98594.0,-0.0210256202202974,0.006520300176461933,96521.0,99236.8624755981,0.0,98594.0,2715.8624755981,7375908.98636184,-1,1,2927
KNN,H7,475,2025-06-16,2025-06-25,98594.0,-0.018601537618922,0.007044236304330513,96760.0,99288.51943418918,0.0,98594.0,2528.5194341891765,6393410.529072354,-1,1,2926
KNN,H1,476,2025-06-17,2025-06-18,98911.0,0.0013547532630344,0.0008128476279707699,99045.0,98991.39957173022,0.0,98911.0,53.60042826978315,2873.005910704169,1,1,2933
KNN,H2,476,2025-06-17,2025-06-19,98911.0,-0.0004347342560483,0.0022749655460262263,98868.0,99136.019117123,0.0,98911.0,268.01911712299625,71834.24714339038,-1,1,2932
KNN,H3,476,2025-06-17,2025-06-20,98911.0,-0.0034071033555418,0.0030553987854304867,98574.0,99213.21254926572,0.0,98911.0,639.2125492657215,408592.6831387824,-1,1,2931
KNN,H4,476,2025-06-17,2025-06-23,98911.0,-0.0005964958396942,0.003453705212140032,98852.0,99252.60943623798,0.0,98911.0,400.60943623798084,160487.92040291283,-1,1,2930
KNN,H5,476,2025-06-17,2025-06-24,98911.0,-0.0241631365571068,0.004628940274704653,96521.0,99368.85311151131,0.0,98911.0,2847.8531115113146,8110267.344744677,-1,1,2929
KNN,H6,476,2025-06-17,2025-06-25,98911.0,-0.0217468229013961,0.004247652745479381,96760.0,99331.13958070811,0.0,98911.0,2571.1395807081135,6610758.743483894,-1,1,2928
KNN,H7,476,2025-06-17,2025-06-26,98911.0,-0.0248607333865799,0.005392183954350932,96452.0,99444.3463071088,0.0,98911.0,2992.3463071088045,8954136.421667699,-1,1,2927
KNN,H1,477,2025-06-18,2025-06-19,99045.0,-0.001787066484931,0.0009070919783003312,98868.0,99134.84292499075,0.0,99045.0,266.84292499074945,71205.14661761874,-1,1,2934
KNN,H2,477,2025-06-18,2025-06-20,99045.0,-0.004755414205664,0.0022383214095955247,98574.0,99266.69454401339,0.0,99045.0,692.6945440133859,479825.7313059126,-1,1,2933
KNN,H3,477,2025-06-18,2025-06-23,99045.0,-0.0019486092180321,0.0029362207195844717,98852.0,99335.81798117125,0.0,99045.0,483.8179811712471,234079.8389046212,-1,1,2932
KNN,H4,477,2025-06-18,2025-06-24,99045.0,-0.0254833661467009,0.0037310058385024393,96521.0,99414.53747327448,0.0,99045.0,2893.537473274482,8372559.109243675,-1,1,2931
KNN,H5,477,2025-06-18,2025-06-25,99045.0,-0.023070321571003,0.004062833140047029,96760.0,99447.40330835595,0.0,99045.0,2687.403308355948,7222136.5417624945,-1,1,2930
KNN,H6,477,2025-06-18,2025-06-26,99045.0,-0.0261800191831995,0.004680741190396153,96452.0,99508.60401120278,0.0,99045.0,3056.604011202784,9342828.08130095,-1,1,2929
KNN,H7,477,2025-06-18,2025-06-27,99045.0,-0.0417688929274572,0.006296256672305357,94908.0,99668.61274210848,0.0,99045.0,4760.612742108482,22663433.680325642,-1,1,2928
KNN,H1,478,2025-06-19,2025-06-20,98868.0,-0.0029736618521665,0.0012691124280201605,98574.0,98993.4746075335,0.0,98868.0,419.4746075334988,175958.94636538284,-1,1,2935
KNN,H2,478,2025-06-19,2025-06-23,98868.0,-0.0001618319375328,0.002750803153951877,98852.0,99139.9664062249,0.0,98868.0,287.9664062249067,82924.65111408797,-1,1,2934
KNN,H3,478,2025-06-19,2025-06-24,98868.0,-0.0237387223368531,0.0035520833532891143,96521.0,99219.18737697299,0.0,98868.0,2698.1873769729864,7280215.1212563645,-1,1,2933
KNN,H4,478,2025-06-19,2025-06-25,98868.0,-0.0213213577699559,0.004578220878784542,96760.0,99320.63954184367,0.0,98868.0,2560.639541843673,6556874.863253376,-1,1,2932
KNN,H5,478,2025-06-19,2025-06-26,98868.0,-0.0244366225674637,0.0050340138059627795,96452.0,99365.70287696793,0.0,98868.0,2913.702876967931,8489664.455251198,-1,1,2931
KNN,H6,478,2025-06-19,2025-06-27,98868.0,-0.0400534045393858,0.006085911149552996,94908.0,99469.701863534,0.0,98868.0,4561.701863534006,20809123.891769625,-1,1,2930
KNN,H7,478,2025-06-19,2025-06-30,98868.0,-0.0322652425456163,0.007187837920855409,95678.0,99578.64715955913,0.0,98868.0,3900.6471595591283,15215048.263376696,-1,1,2929
KNN,H1,479,2025-06-20,2025-06-23,98574.0,0.0028202162842128,0.0019414696123684445,98852.0,98765.37842556961,0.0,98574.0,86.62157443039177,7503.297156799902,1,1,2936
KNN,H2,479,2025-06-20,2025-06-24,98574.0,-0.0208269929190253,0.0034322687712452773,96521.0,98912.33246185674,0.0,98574.0,2391.332461856742,5718470.943129827,-1,1,2935
KNN,H3,479,2025-06-20,2025-06-25,98574.0,-0.0184024184876336,0.004256602262519026,96760.0,98993.59031142555,0.0,98574.0,2233.590311425549,4988925.6792940805,-1,1,2934
KNN,H4,479,2025-06-20,2025-06-26,98574.0,-0.021526974658632,0.004650864665114416,96452.0,99032.45433349899,0.0,98574.0,2580.4543334989867,6658744.5672737,-1,1,2933
KNN,H5,479,2025-06-20,2025-06-27,98574.0,-0.0371903341651956,0.005849521291001856,94908.0,99150.61071173922,0.0,98574.0,4242.610711739224,17999745.651364405,-1,1,2932
KNN,H6,479,2025-06-20,2025-06-30,98574.0,-0.0293789437376995,0.005724369682162449,95678.0,99138.27401704948,0.0,98574.0,3460.27401704948,11973496.273067744,-1,1,2931
KNN,H7,479,2025-06-20,2025-07-01,98574.0,-0.0135431249619575,0.006588965983038792,97239.0,99223.50073281206,0.0,98574.0,1984.5007328120555,3938243.1585315852,-1,1,2930
KNN,H1,480,2025-06-23,2025-06-24,98852.0,-0.0235807065107432,0.0012326166202782614,96521.0,98973.84661814776,0.0,98852.0,2452.846618147756,6016456.532158884,-1,1,2937
KNN,H2,480,2025-06-23,2025-06-25,98852.0,-0.0211629506737345,0.002106757627284141,96760.0,99060.2572049723,0.0,98852.0,2300.257204972295,5291183.209026954,-1,1,2936
KNN,H3,480,2025-06-23,2025-06-26,98852.0,-0.0242787197021809,0.0028446804364177006,96452.0,99133.20235050077,0.0,98852.0,2681.2023505007674,7188846.04433084,-1,1,2935
KNN,H4,480,2025-06-23,2025-06-27,98852.0,-0.0398980293772508,0.004343495300266225,94908.0,99281.3631974219,0.0,98852.0,4373.363197421902,19126305.656564325,-1,1,2934
KNN,H5,480,2025-06-23,2025-06-30,98852.0,-0.0321086068061344,0.005683477256660409,95678.0,99413.82309377541,0.0,98852.0,3735.8230937754124,13956374.187985694,-1,1,2933
KNN,H6,480,2025-06-23,2025-07-01,98852.0,-0.0163173228665075,0.005779330721334401,97239.0,99423.29840046534,0.0,98852.0,2184.298400465341,4771159.502275446,-1,1,2932
KNN,H7,480,2025-06-23,2025-07-02,98852.0,-0.0151843159470723,0.0073663313339326665,97351.0,99580.17658502192,0.0,98852.0,2229.1765850219235,4969228.247210005,-1,1,2931
KNN,H1,481,2025-06-24,2025-06-25,96521.0,0.0024761450875974,0.0010265216160801473,96760.0,96620.08089290567,0.0,96521.0,139.91910709433432,19577.3565300758,1,1,2938
KNN,H2,481,2025-06-24,2025-06-26,96521.0,-0.0007148703390972,0.0024326389477602535,96452.0,96755.80074387677,0.0,96521.0,303.8007438767672,92294.89198007713,-1,1,2937
KNN,H3,481,2025-06-24,2025-06-27,96521.0,-0.0167113892313589,0.004011894713603953,94908.0,96908.23208965176,0.0,96521.0,2000.232089651763,4000928.412472659,-1,1,2936
KNN,H4,481,2025-06-24,2025-06-30,96521.0,-0.0087338506646221,0.00518156410890343,95678.0,97021.12974935547,0.0,96521.0,1343.129749355474,1803997.5236036982,-1,1,2935
KNN,H5,481,2025-06-24,2025-07-01,96521.0,0.0074387957024895,0.005613468057086722,97239.0,97062.81755033806,0.0,96521.0,176.18244966193743,31040.255568881115,1,1,2934
KNN,H6,481,2025-06-24,2025-07-02,96521.0,0.0085991649485603,0.007738018556924929,97351.0,97267.88128913294,0.0,96521.0,83.1187108670565,6908.720096201338,1,1,2933
KNN,H7,481,2025-06-24,2025-07-03,96521.0,0.002900923115177,0.008773882010912398,96801.0,97367.86386557529,0.0,96521.0,566.8638655752875,321334.6420949576,1,1,2932
KNN,H1,482,2025-06-25,2025-06-26,96760.0,-0.0031831335262505,0.001522747942194417,96452.0,96907.34109088674,0.0,96760.0,455.3410908867372,207335.5090499239,-1,1,2939
KNN,H2,482,2025-06-25,2025-06-27,96760.0,-0.0191401405539478,0.0029512161765604876,94908.0,97045.559677244,0.0,96760.0,2137.559677244004,4569161.373779491,-1,1,2938
KNN,H3,482,2025-06-25,2025-06-30,96760.0,-0.0111823067383216,0.004058918679398901,95678.0,97152.74097141864,0.0,96760.0,1474.740971418636,2174860.932780782,-1,1,2937
KNN,H4,482,2025-06-25,2025-07-01,96760.0,0.0049503927242662,0.004978095679215626,97239.0,97241.6805379209,0.0,96760.0,2.680537920896313,7.185283545363129,1,1,2936
KNN,H5,482,2025-06-25,2025-07-02,96760.0,0.0061078958247209,0.006043009490459715,97351.0,97344.72159829689,0.0,96760.0,6.278401703108102,39.41832794559072,1,1,2935
KNN,H6,482,2025-06-25,2025-07-03,96760.0,0.0004237288135593,0.005845543875705866,96801.0,97325.6148254133,0.0,96760.0,524.6148254133004,275220.71504342766,1,1,2934
KNN,H7,482,2025-06-25,2025-07-04,96760.0,0.002139313766019,0.007413023760308747,96967.0,97477.28417904748,0.0,96760.0,510.28417904747766,260389.94338615824,1,1,2933
KNN,H1,483,2025-06-26,2025-06-27,96452.0,-0.0160079625098494,0.0013566670773989954,94908.0,96582.8532529493,0.0,96452.0,1674.853252949295,2805133.418914835,-1,1,2940
KNN,H2,483,2025-06-26,2025-06-30,96452.0,-0.0080247169576577,0.0022954482734528314,95678.0,96673.40057687106,0.0,96452.0,995.4005768710631,990822.3084352452,-1,1,2939
KNN,H3,483,2025-06-26,2025-07-01,96452.0,0.0081594990254219,0.0034539126610154108,97239.0,96785.13678398026,0.0,96452.0,453.86321601974487,205991.8188557856,1,1,2938
KNN,H4,483,2025-06-26,2025-07-02,96452.0,0.0093206983784679,0.004426876792350556,97351.0,96878.9811203758,0.0,96452.0,472.01887962420005,222801.82272168505,1,1,2937
KNN,H5,483,2025-06-26,2025-07-03,96452.0,0.0036183801269025,0.004184974121036581,96801.0,96855.64912392224,0.0,96452.0,54.64912392223778,2986.526745468101,1,1,2936
KNN,H6,483,2025-06-26,2025-07-04,96452.0,0.0053394434537386,0.006126553496859302,96967.0,97042.91833787908,0.0,96452.0,75.91833787907672,5763.594026321654,1,1,2935
KNN,H7,483,2025-06-26,2025-07-07,96452.0,0.0080765562144902,0.006998278371940472,97231.0,97126.9979455304,0.0,96452.0,104.00205446960172,10816.427333898002,1,1,2934
KNN,H1,484,2025-06-27,2025-06-30,94908.0,0.008113120074177,0.001211102511813699,95678.0,95022.94331719122,0.0,94908.0,655.0566828087758,429099.2576924371,1,1,2941
KNN,H2,484,2025-06-27,2025-07-01,94908.0,0.0245606271336451,0.002180871659624467,97239.0,95114.98216747165,0.0,94908.0,2124.0178325283487,4511451.752898424,1,1,2940
KNN,H3,484,2025-06-27,2025-07-02,94908.0,0.0257407173262527,0.0031027098571440102,97351.0,95202.47198712184,0.0,94908.0,2148.5280128781596,4616172.622122173,1,1,2939
KNN,H4,484,2025-06-27,2025-07-03,94908.0,0.0199456315589834,0.004340173434648743,96801.0,95319.91718033563,0.0,94908.0,1481.0828196643706,2193606.3187049627,1,1,2938
KNN,H5,484,2025-06-27,2025-07-04,94908.0,0.021694693808741,0.004794541171594076,96967.0,95363.04031351366,0.0,94908.0,1603.9596864863415,2572686.675873363,1,1,2937
KNN,H6,484,2025-06-27,2025-07-07,94908.0,0.0244763349770302,0.005818813451513739,97231.0,95460.25194705627,0.0,94908.0,1770.7480529437307,3135548.6670040134,1,1,2936
KNN,H7,484,2025-06-27,2025-07-08,94908.0,0.0166160913726978,0.007081695534117196,96485.0,95580.109559752,0.0,94908.0,904.8904402479966,818826.7088522131,1,1,2935
KNN,H1,485,2025-06-30,2025-07-01,95678.0,0.0163151403666463,0.0011290190430760226,97239.0,95786.02228400343,0.0,95678.0,1452.9777159965743,2111144.2431826214,1,1,2942
KNN,H2,485,2025-06-30,2025-07-02,95678.0,0.0174857333974371,0.002173121174418106,97351.0,95885.91988772596,0.0,95678.0,1465.0801122740377,2146459.7353809066,1,1,2941
KNN,H3,485,2025-06-30,2025-07-03,95678.0,0.0117372854783754,0.0028807713959438557,96801.0,95953.6264456211,0.0,95678.0,847.3735543788935,718041.9406607195,1,1,2940
KNN,H4,485,2025-06-30,2025-07-04,95678.0,0.0134722715775832,0.004930846280677403,96967.0,96149.77351044265,0.0,95678.0,817.2264895573462,667859.1352342233,1,1,2939
KNN,H5,485,2025-06-30,2025-07-07,95678.0,0.0162315265787327,0.004242008706090313,97231.0,96083.86690898132,0.0,95678.0,1147.1330910186807,1315914.3285100728,1,1,2938
KNN,H6,485,2025-06-30,2025-07-08,95678.0,0.008434540855787,0.006271291413336233,96485.0,96278.0246198452,0.0,95678.0,206.97538015480677,42838.80799022678,1,1,2937
KNN,H7,485,2025-06-30,2025-07-09,95678.0,0.0080791822571542,0.007556786792042895,96451.0,96401.01824668908,0.0,95678.0,49.98175331091625,2498.1756640332874,1,1,2936
KNN,H1,486,2025-07-01,2025-07-02,97239.0,0.0011518012320159,0.0010349875863835487,97351.0,97339.64115791235,0.0,97239.0,11.358842087647645,129.0232935721155,1,1,2943
KNN,H2,486,2025-07-01,2025-07-03,97239.0,-0.0045043655323481,0.0018332991550781678,96801.0,97417.26817654066,0.0,97239.0,616.2681765406596,379786.4654167496,-1,1,2942
KNN,H3,486,2025-07-01,2025-07-04,97239.0,-0.0027972315634673,0.0034068379653892185,96967.0,97570.2775169165,0.0,97239.0,603.2775169164961,363943.76241693326,-1,1,2941
KNN,H4,486,2025-07-01,2025-07-07,97239.0,-8.227151657258513e-05,0.0037436484355833064,97231.0,97603.02863022768,0.0,97239.0,372.02863022767997,138405.30170908384,-1,1,2940
KNN,H5,486,2025-07-01,2025-07-08,97239.0,-0.0077540904369646,0.004880450676768994,96485.0,97713.57014335835,0.0,97239.0,1228.5701433583454,1509384.5971515453,-1,1,2939
KNN,H6,486,2025-07-01,2025-07-09,97239.0,-0.008103744382398,0.005836016234264301,96451.0,97806.48838260362,0.0,97239.0,1355.488382603624,1837348.7553733883,-1,1,2938
KNN,H7,486,2025-07-01,2025-07-10,97239.0,-0.0057692900996513,0.00755718841374759,96678.0,97973.8534441644,0.0,97239.0,1295.8534441644006,1679236.1487527392,-1,1,2937
KNN,H1,487,2025-07-02,2025-07-03,97351.0,-0.005649659479615,0.001560238512564697,96801.0,97502.89077943668,0.0,97351.0,701.8907794366824,492650.6662582335,-1,1,2944
KNN,H2,487,2025-07-02,2025-07-04,97351.0,-0.0039444895275857,0.0028424748246372324,96967.0,97627.71776665325,0.0,97351.0,660.7177666532516,436547.9671712606,-1,1,2943
KNN,H3,487,2025-07-02,2025-07-07,97351.0,-0.0012326529773705,0.0032765181860282856,97231.0,97669.97232192804,0.0,97351.0,438.9723219280422,192696.69941889672,-1,1,2942
KNN,H4,487,2025-07-02,2025-07-08,97351.0,-0.0088956456533574,0.003993501994147485,96485.0,97739.77141263225,0.0,97351.0,1254.7714126322535,1574451.297959141,-1,1,2941
KNN,H5,487,2025-07-02,2025-07-09,97351.0,-0.0092448973302791,0.0036198751867380498,96451.0,97703.39846930413,0.0,97351.0,1252.3984693041275,1568501.9259153216,-1,1,2940
KNN,H6,487,2025-07-02,2025-07-10,97351.0,-0.0069131287814198,0.006171177549274067,96678.0,97951.77030559938,0.0,97351.0,1273.770305599377,1622490.7914267303,-1,1,2939
KNN,H7,487,2025-07-02,2025-07-11,97351.0,0.0041910201230599,0.006950590882715309,97759.0,98027.6469730232,0.0,97351.0,268.64697302320565,72171.19611453098,1,1,2938
KNN,H1,488,2025-07-03,2025-07-04,96801.0,0.0017148583175794,0.0013598227244499613,96967.0,96932.63219954948,0.0,96801.0,34.36780045052001,1181.1457078067633,1,1,2945
KNN,H2,488,2025-07-03,2025-07-07,96801.0,0.0044421028708381,0.0021567986118287176,97231.0,97009.78026242364,0.0,96801.0,221.21973757636442,48938.17229335554,1,1,2944
KNN,H3,488,2025-07-03,2025-07-08,96801.0,-0.0032644290864763,0.0026219438824329573,96485.0,97054.80678976339,0.0,96801.0,569.8067897633882,324679.7776604581,-1,1,2943
KNN,H4,488,2025-07-03,2025-07-09,96801.0,-0.0036156651274263,0.0042757593941678594,96451.0,97214.89778511484,0.0,96801.0,763.8977851148375,583539.8261033543,-1,1,2942
KNN,H5,488,2025-07-03,2025-07-10,96801.0,-0.0012706480304955,0.004810814195450203,96678.0,97266.69162493377,0.0,96801.0,588.6916249337664,346557.82926715835,-1,1,2941
KNN,H6,488,2025-07-03,2025-07-11,96801.0,0.0098965919773557,0.005774428507983764,97759.0,97359.97045400133,0.0,96801.0,399.02954599866644,159224.57857990186,1,1,2940
KNN,H7,488,2025-07-03,2025-07-14,96801.0,0.009793287259429,0.006595667173286613,97749.0,97439.4671780413,0.0,96801.0,309.5328219586954,95810.56786971344,1,1,2939
KNN,H1,489,2025-07-04,2025-07-07,96967.0,0.0027225757216373,0.00022130092831266956,97231.0,96988.4588871157,0.0,96967.0,242.54111288429704,58826.19143915332,1,1,2946
KNN,H2,489,2025-07-04,2025-07-08,96967.0,-0.0049707632493528,0.0010260104333877482,96485.0,97066.4891536943,0.0,96967.0,581.4891536943032,338129.635864117,-1,1,2945
KNN,H3,489,2025-07-04,2025-07-09,96967.0,-0.0053213980013818,0.0018865531629001665,96451.0,97149.93340054694,0.0,96967.0,698.9334005469427,488507.89840011304,-1,1,2944
KNN,H4,489,2025-07-04,2025-07-10,96967.0,-0.0029803953922468,0.0031464803530442996,96678.0,97272.10476039365,0.0,96967.0,594.1047603936458,352960.46632239135,-1,1,2943
KNN,H5,489,2025-07-04,2025-07-11,96967.0,0.0081677271649118,0.004152126038604836,97759.0,97369.61920558539,0.0,96967.0,389.38079441461014,151617.40305895288,1,1,2942
KNN,H6,489,2025-07-04,2025-07-14,96967.0,0.0080645992966679,0.004187500702828602,97749.0,97373.0493806512,0.0,96967.0,375.95061934880505,141338.86818875012,1,1,2941
KNN,H7,489,2025-07-04,2025-07-15,96967.0,0.0025472583456227,0.0056608272242272255,97214.0,97515.91343345163,0.0,96967.0,301.9134334516275,91151.7212985503,1,1,2940
KNN,H1,490,2025-07-07,2025-07-08,97231.0,-0.0076724501445012,0.0009337147038939791,96485.0,97321.78601437432,0.0,97231.0,836.7860143743164,700210.8338524537,-1,1,2947
KNN,H2,490,2025-07-07,2025-07-09,97231.0,-0.0080221328588618,0.0025149768602319446,96451.0,97475.53371509722,0.0,97231.0,1024.533715097219,1049669.3333709098,-1,1,2946
KNN,H3,490,2025-07-07,2025-07-10,97231.0,-0.0056874865012187,0.0028882199486630045,96678.0,97511.82451382845,0.0,97231.0,833.8245138284547,695263.3198612587,-1,1,2945
KNN,H4,490,2025-07-07,2025-07-11,97231.0,0.0054303668583064,0.003632821078377483,97759.0,97584.22282627173,0.0,97231.0,174.77717372827465,30547.060456443498,1,1,2944
KNN,H5,490,2025-07-07,2025-07-14,97231.0,0.0053275190011417,0.002631541430089311,97749.0,97486.86740478901,0.0,97231.0,262.132595210991,68713.49747204926,1,1,2943
KNN,H6,490,2025-07-07,2025-07-15,97231.0,-0.0001748413571803,0.005633590824241298,97214.0,97778.7596694318,0.0,97231.0,564.7596694318054,318953.4842167221,-1,1,2942
KNN,H7,490,2025-07-07,2025-07-16,97231.0,0.00542008207259,0.006516153624898275,97758.0,97864.57213310248,0.0,97231.0,106.57213310248335,11357.619554013427,1,1,2941
KNN,H1,491,2025-07-08,2025-07-09,96485.0,-0.0003523863813027,0.0009675078285232574,96451.0,96578.34999283506,0.0,96485.0,127.34999283506477,16218.020675091047,-1,1,2948
KNN,H2,491,2025-07-08,2025-07-10,96485.0,0.0020003109291599,0.0022306004926468124,96678.0,96700.21948853304,0.0,96485.0,22.21948853303911,493.7056706698566,1,1,2947
KNN,H3,491,2025-07-08,2025-07-11,96485.0,0.0132041249935224,0.0024030225331435305,97759.0,96716.85562911035,0.0,96485.0,1042.144370889655,1086064.8897769947,1,1,2946
KNN,H4,491,2025-07-08,2025-07-14,96485.0,0.0131004819401978,0.0036110312355380906,97749.0,96833.4103487609,0.0,96485.0,915.5896512391046,838304.4094561451,1,1,2945
KNN,H5,491,2025-07-08,2025-07-15,96485.0,0.0075555785873451,0.0050067270916140235,97214.0,96968.07406343438,0.0,96485.0,245.92593656561803,60479.566275676385,1,1,2944
KNN,H6,491,2025-07-08,2025-07-16,96485.0,0.0131937606881897,0.005878966632178366,97758.0,97052.23209550572,0.0,96485.0,705.7679044942779,498108.3350142442,1,1,2943
KNN,H7,491,2025-07-08,2025-07-17,96485.0,0.0100430118671295,0.006451832775676436,97454.0,97107.50508536113,0.0,96485.0,346.49491463886807,120058.72587059646,1,1,2942
KNN,H1,492,2025-07-09,2025-07-10,96451.0,0.0023535266612062,0.0009825731394552612,96678.0,96545.7701618736,0.0,96451.0,132.22983812639723,17484.730090933215,1,1,2949
KNN,H2,492,2025-07-09,2025-07-11,96451.0,0.0135612901888004,0.0018838531438491405,97759.0,96632.69951957739,0.0,96451.0,1126.3004804226075,1268552.7722001965,1,1,2948
KNN,H3,492,2025-07-09,2025-07-14,96451.0,0.0134576106002011,0.0021259314871738713,97749.0,96656.0482178694,0.0,96451.0,1092.9517821306072,1194543.59806247,1,1,2947
KNN,H4,492,2025-07-09,2025-07-15,96451.0,0.0079107526101336,0.0038438947742053062,97214.0,96821.74749486687,0.0,96451.0,392.2525051331322,153862.02778321793,1,1,2946
KNN,H5,492,2025-07-09,2025-07-16,96451.0,0.0135509222299405,0.005776035484198672,97758.0,97008.10439848645,0.0,96451.0,749.8956015135482,562343.4131693662,1,1,2945
KNN,H6,492,2025-07-09,2025-07-17,96451.0,0.0103990627365191,0.005463026760126711,97454.0,96977.91439404098,0.0,96451.0,476.0856059590151,226657.50420136258,1,1,2944
KNN,H7,492,2025-07-09,2025-07-18,96451.0,0.0156970897139481,0.006728423341011967,97965.0,97099.96315966394,0.0,96451.0,865.0368403360626,748288.7351385986,1,1,2943
KNN,H1,493,2025-07-10,2025-07-11,96678.0,0.0111814476923395,0.0014287993338810206,97759.0,96816.13346200096,0.0,96678.0,942.8665379990416,888997.3084782981,1,1,2950
KNN,H2,493,2025-07-10,2025-07-14,96678.0,0.0110780115434743,0.0027605106841114262,97749.0,96944.88065191852,0.0,96678.0,804.1193480814836,646607.9259589902,1,1,2949
KNN,H3,493,2025-07-10,2025-07-15,96678.0,0.0055441775791804,0.0034232785397086854,97214.0,97008.95572266195,0.0,96678.0,205.04427733804914,42043.155669082815,1,1,2948
KNN,H4,493,2025-07-10,2025-07-16,96678.0,0.0111711040774529,0.0034259550679659277,97758.0,97009.2144840608,0.0,96678.0,748.7855159392057,560679.7488803423,1,1,2947
KNN,H5,493,2025-07-10,2025-07-17,96678.0,0.0080266451519477,0.0037415905514811033,97454.0,97039.72949133608,0.0,96678.0,414.270508663918,171620.05434866136,1,1,2946
KNN,H6,493,2025-07-10,2025-07-18,96678.0,0.0133122323589647,0.004471347742621258,97965.0,97110.28095706114,0.0,96678.0,854.7190429388575,730544.6423623165,1,1,2945
KNN,H7,493,2025-07-10,2025-07-21,96678.0,0.0262624381969009,0.006000415733814612,99217.0,97258.10819231374,0.0,96678.0,1958.891807686261,3837257.1142203473,1,1,2944
KNN,H1,494,2025-07-11,2025-07-14,97759.0,-0.0001022923720578,0.001170838946534872,97749.0,97873.4600445743,0.0,97759.0,124.46004457429808,15490.302695436265,-1,1,2951
KNN,H2,494,2025-07-11,2025-07-15,97759.0,-0.0055749342771509,0.0025397921786573744,97214.0,98007.28754359337,0.0,97759.0,793.2875435933674,629305.1268203988,-1,1,2950
KNN,H3,494,2025-07-11,2025-07-16,97759.0,-1.022923720572777e-05,0.003079540724972368,97758.0,98060.05282173258,0.0,97759.0,302.0528217325773,91235.90711661211,-1,1,2949
KNN,H4,494,2025-07-11,2025-07-17,97759.0,-0.0031199173477634,0.004582972396345875,97454.0,98207.0267984944,0.0,97759.0,753.026798494393,567049.3592507151,-1,1,2948
KNN,H5,494,2025-07-11,2025-07-18,97759.0,0.002107222864391,0.004854409916627399,97965.0,98233.56225903958,0.0,97759.0,268.56225903957966,72125.68698044229,1,1,2947
KNN,H6,494,2025-07-11,2025-07-21,97759.0,0.0149142278460294,0.006901273678760746,99217.0,98433.66161356198,0.0,97759.0,783.3383864380157,613619.027667314,1,1,2946
KNN,H7,494,2025-07-11,2025-07-22,97759.0,0.0246422324287278,0.008301218333558277,100168.0,98570.51880307031,0.0,97759.0,1597.4811969296861,2551946.1745439027,1,1,2945
KNN,H1,495,2025-07-14,2025-07-15,97749.0,-0.0054732017718851,0.0014960358514130754,97214.0,97895.23600843978,0.0,97749.0,681.2360084397806,464082.49919496477,-1,1,2952
KNN,H2,495,2025-07-14,2025-07-16,97749.0,9.207255317189578e-05,0.0023187127433457427,97758.0,97975.6518519493,0.0,97749.0,217.65185194929654,47372.3286569585,1,1,2951
KNN,H3,495,2025-07-14,2025-07-17,97749.0,-0.0030179336873011,0.0026534243204272535,97454.0,98008.36957389745,0.0,97749.0,554.3695738974493,307325.6244632395,-1,1,2950
KNN,H4,495,2025-07-14,2025-07-18,97749.0,0.0022097412761254,0.0032163998676183686,97965.0,98063.39987065984,0.0,97749.0,98.39987065983587,9682.534545872428,1,1,2949
KNN,H5,495,2025-07-14,2025-07-21,97749.0,0.0150180564507054,0.0035042910638553694,99217.0,98091.5409472008,0.0,97749.0,1125.4590527991968,1266658.0795276652,1,1,2948
KNN,H6,495,2025-07-14,2025-07-22,97749.0,0.0247470562358693,0.005324531310753135,100168.0,98269.4676110948,0.0,97749.0,1898.5323889051942,3604425.231722064,1,1,2947
KNN,H7,495,2025-07-14,2025-07-23,97749.0,0.0159080911313671,0.006087180164889692,99304.0,98344.01577393779,0.0,97749.0,959.9842260622099,921569.7142882602,1,1,2946
KNN,H1,496,2025-07-15,2025-07-16,97214.0,0.0055959018248399,0.0009410100346512512,97758.0,97305.47934950858,0.0,97214.0,452.520650491424,204774.93912118152,1,1,2953
KNN,H2,496,2025-07-15,2025-07-17,97214.0,0.0024687802168412,0.001541292841072281,97454.0,97363.835242252,0.0,97214.0,90.16475774800347,8129.683539756151,1,1,2952
KNN,H3,496,2025-07-15,2025-07-18,97214.0,0.0077252247618655,0.002202650039470717,97965.0,97428.12842093711,0.0,97214.0,536.8715790628921,288231.09240548324,1,1,2951
KNN,H4,496,2025-07-15,2025-07-21,97214.0,0.020604028226387,0.00352554432190228,99217.0,97556.7322657094,0.0,97214.0,1660.2677342905954,2756488.9495264273,1,1,2950
KNN,H5,496,2025-07-15,2025-07-22,97214.0,0.0303865698356204,0.004302324585194334,100168.0,97632.24618222508,0.0,97214.0,2535.753817774923,6430047.424360097,1,1,2949
KNN,H6,496,2025-07-15,2025-07-23,97214.0,0.021498961054992,0.004955719072929743,99304.0,97695.76527395578,0.0,97214.0,1608.2347260442184,2586418.9340545223,1,1,2948
KNN,H7,496,2025-07-15,2025-07-24,97214.0,0.0149566934803628,0.006409603507482987,98668.0,97837.10319537645,0.0,97214.0,830.8968046235532,690389.4999336312,1,1,2947
KNN,H1,497,2025-07-16,2025-07-17,97758.0,-0.0031097199206202,0.0007157926382545476,97454.0,97827.97445673049,0.0,97758.0,373.9744567304879,139856.89428686353,-1,1,2954
KNN,H2,497,2025-07-16,2025-07-18,97758.0,0.0021174737617382,0.002363903286516108,97965.0,97989.09045748324,0.0,97758.0,24.090457483238424,580.3501417517182,1,1,2953
KNN,H3,497,2025-07-16,2025-07-21,97758.0,0.0149246097506086,0.0031509581349905146,99217.0,98066.0313653604,0.0,97758.0,1150.9686346396047,1324728.7979241558,1,1,2952
KNN,H4,497,2025-07-16,2025-07-22,97758.0,0.0246527138443912,0.0034283892383865327,100168.0,98093.1524751662,0.0,97758.0,2074.8475248338073,4304992.251308977,1,1,2951
KNN,H5,497,2025-07-16,2025-07-23,97758.0,0.0158145624910492,0.004994719115564721,99304.0,98246.27375129939,0.0,97758.0,1057.7262487006083,1118784.817190261,1,1,2950
KNN,H6,497,2025-07-16,2025-07-24,97758.0,0.0093087010781727,0.005245589026864356,98668.0,98270.7982920882,0.0,97758.0,397.2017079117941,157769.19676804618,1,1,2949
KNN,H7,497,2025-07-16,2025-07-25,97758.0,0.0008592647149081,0.0068953026986892894,97842.0,98432.07100121847,0.0,97758.0,590.0710012184718,348183.78647896973,1,1,2948
KNN,H1,498,2025-07-17,2025-07-18,97454.0,0.0052434994971986,0.000758569125215209,97965.0,97527.92559552872,0.0,97454.0,437.0744044712774,191034.03504392176,1,1,2955
KNN,H2,498,2025-07-17,2025-07-21,97454.0,0.0180905863279086,0.0021740878236946467,99217.0,97665.87355477034,0.0,97454.0,1551.12644522966,2405993.2490908015,1,1,2954
KNN,H3,498,2025-07-17,2025-07-22,97454.0,0.0278490364684877,0.0023495618947886087,100168.0,97682.97420489474,0.0,97454.0,2485.0257951052627,6175353.202338543,1,1,2953
KNN,H4,498,2025-07-17,2025-07-23,97454.0,0.0189833152051224,0.0028222733116813115,99304.0,97729.0418233166,0.0,97454.0,1574.9581766834017,2480493.2583019054,1,1,2952
KNN,H5,498,2025-07-17,2025-07-24,97454.0,0.0124571592751452,0.004111640454272429,98668.0,97854.69580883067,0.0,97454.0,813.304191169329,661463.7073735964,1,1,2951
KNN,H6,498,2025-07-17,2025-07-25,97454.0,0.0039813655673446,0.004611257311348461,97842.0,97903.38547002015,0.0,97454.0,61.385470020148205,3768.175929594514,1,1,2950
KNN,H7,498,2025-07-17,2025-07-28,97454.0,0.0005233238245736,0.005664967630617982,97505.0,98006.07375547424,0.0,97454.0,501.07375547423726,251074.9084250557,1,1,2949
KNN,H1,499,2025-07-18,2025-07-21,97965.0,0.0127800745164088,0.0009991553541418082,99217.0,98062.8822542685,0.0,97965.0,1154.1177457315061,1331987.7710123735,1,1,2956
KNN,H2,499,2025-07-18,2025-07-22,97965.0,0.0224876231307098,0.0020778503542591437,100168.0,98168.55660995499,0.0,97965.0,1999.4433900450094,3997773.86999468,1,1,2955
KNN,H3,499,2025-07-18,2025-07-23,97965.0,0.0136681467871178,0.002567467476837978,99304.0,98216.52195136843,0.0,97965.0,1087.4780486315722,1182608.5062555321,1,1,2954
KNN,H4,499,2025-07-18,2025-07-24,97965.0,0.007176032256418,0.003287455622667873,98668.0,98287.05559007465,0.0,97965.0,380.9444099253451,145118.64345336935,1,1,2953
KNN,H5,499,2025-07-18,2025-07-25,97965.0,-0.0012555504516919,0.003758125164992365,97842.0,98333.16473178846,0.0,97965.0,491.16473178846354,241242.79375283333,-1,1,2952
KNN,H6,499,2025-07-18,2025-07-28,97965.0,-0.0046955545347828,0.005002328569536108,97505.0,98455.05311831461,0.0,97965.0,950.0531183146086,902600.9276193116,-1,1,2951
KNN,H7,499,2025-07-18,2025-07-29,97965.0,0.0016332363599245,0.0057009977015375505,98125.0,98523.49823983114,0.0,97965.0,398.4982398311404,158800.8471485171,1,1,2950
KNN,H1,500,2025-07-21,2025-07-22,99217.0,0.0095850509489301,0.0013423405555782893,100168.0,99350.18300290282,0.0,99217.0,817.8169970971794,668824.6407410479,1,1,2957
KNN,H2,500,2025-07-21,2025-07-23,99217.0,0.0008768658596813,0.002448335630424874,99304.0,99459.91651624386,0.0,99217.0,155.9165162438585,24309.96003762139,1,1,2956
KNN,H3,500,2025-07-21,2025-07-24,99217.0,-0.0055333259421268,0.002524209956554221,98668.0,99467.44453925944,0.0,99217.0,799.4445392594353,639111.5713517307,-1,1,2955
KNN,H4,500,2025-07-21,2025-07-25,99217.0,-0.0138585121501355,0.003294775983206931,97842.0,99543.89778872584,0.0,99217.0,1701.897788725837,2896456.0832698937,-1,1,2954
KNN,H5,500,2025-07-21,2025-07-28,99217.0,-0.0172551074916597,0.004057286476520682,97505.0,99619.55179234095,0.0,99217.0,2114.5517923409498,4471329.282492323,-1,1,2953
KNN,H6,500,2025-07-21,2025-07-29,99217.0,-0.0110061783766894,0.005178064518382966,98125.0,99730.7520273204,0.0,99217.0,1605.752027320399,2578439.5732435714,-1,1,2952
KNN,H7,500,2025-07-21,2025-07-30,99217.0,-0.0122358063638288,0.0057008680910148905,98003.0,99782.62302938622,0.0,99217.0,1779.6230293862172,3167058.126721777,-1,1,2951
KNN,H1,501,2025-07-22,2025-07-23,100168.0,-0.008625509144637,0.0013657714999763637,99304.0,100304.80659960964,0.0,100168.0,1000.8065996096411,1001613.8498222125,-1,1,2958
KNN,H2,501,2025-07-22,2025-07-24,100168.0,-0.0149748422649947,0.0027421442111043768,98668.0,100442.67510133791,0.0,100168.0,1774.6751013379107,3149471.715308724,-1,1,2957
KNN,H3,501,2025-07-22,2025-07-25,100168.0,-0.0232209887389186,0.0028220409643895383,97842.0,100450.67819932097,0.0,100168.0,2608.6781993209734,6805201.947612516,-1,1,2956
KNN,H4,501,2025-07-22,2025-07-28,100168.0,-0.0265853366344541,0.003352517804930386,97505.0,100503.81500348425,0.0,100168.0,2998.8150034842547,8992891.42512227,-1,1,2955
KNN,H5,501,2025-07-22,2025-07-29,100168.0,-0.0203957351649228,0.0047166690666938065,98125.0,100640.45930707258,0.0,100168.0,2515.4593070725823,6327535.525538076,-1,1,2954
KNN,H6,501,2025-07-22,2025-07-30,100168.0,-0.0216136890024758,0.005713805360546899,98003.0,100740.34045535527,0.0,100168.0,2737.340455355268,7493032.768524587,-1,1,2953
KNN,H7,501,2025-07-22,2025-07-31,100168.0,-0.0180696429997604,0.006198605459561669,98358.0,100788.90191167338,0.0,100168.0,2430.9019116733834,5909284.10417731,-1,1,2952
KNN,H1,502,2025-07-23,2025-07-24,99304.0,-0.0064045758479014,0.0013134007379929757,98668.0,99434.42594688565,0.0,99304.0,766.4259468856471,587408.7320595608,-1,1,2959
KNN,H2,502,2025-07-23,2025-07-25,99304.0,-0.0147224683799243,0.002099022702907252,97842.0,99512.44135048949,0.0,99304.0,1670.441350489491,2790374.3054251545,-1,1,2958
KNN,H3,502,2025-07-23,2025-07-28,99304.0,-0.0181160879722871,0.0026740209107117556,97505.0,99569.54097251731,0.0,99304.0,2064.5409725173085,4262329.427202715,-1,1,2957
KNN,H4,502,2025-07-23,2025-07-29,99304.0,-0.0118726335293644,0.003874583830328486,98125.0,99688.76167268693,0.0,99304.0,1563.761672686931,2445350.568964628,-1,1,2956
KNN,H5,502,2025-07-23,2025-07-30,99304.0,-0.0131011842423266,0.0033388340451401296,98003.0,99635.5595760186,0.0,99304.0,1632.559576018597,2665250.7692500213,-1,1,2955
KNN,H6,502,2025-07-23,2025-07-31,99304.0,-0.0095263030693627,0.005438032031017389,98358.0,99844.01833280816,0.0,99304.0,1486.018332808162,2208250.4854419497,-1,1,2954
KNN,H7,502,2025-07-23,2025-08-01,99304.0,-0.0006444856199145,0.0060100126900420854,99240.0,99900.81830017193,0.0,99304.0,660.8183001719299,436680.8258421188,-1,1,2953
KNN,H1,503,2025-07-24,2025-07-25,98668.0,-0.0083715084931285,0.0004519218648031699,97842.0,98712.5902265564,0.0,98668.0,870.5902265563927,757927.3425755112,-1,1,2960
KNN,H2,503,2025-07-24,2025-07-28,98668.0,-0.0117870028783394,0.0012435778588141193,97505.0,98790.70134017346,0.0,98668.0,1285.7013401734584,1653027.936123827,-1,1,2959
KNN,H3,503,2025-07-24,2025-07-29,98668.0,-0.0055033040094052,0.0021386132363604812,98125.0,98879.01269080522,0.0,98668.0,754.0126908052189,568535.1378953266,-1,1,2958
KNN,H4,503,2025-07-24,2025-07-30,98668.0,-0.0067397737868407,0.0036854574670352708,98003.0,99031.63671735744,0.0,98668.0,1028.63671735744,1058093.4962958898,-1,1,2957
KNN,H5,503,2025-07-24,2025-07-31,98668.0,-0.003141849434467,0.005316865109271929,98358.0,99192.60444660163,0.0,98668.0,834.6044466016319,696564.5822872163,-1,1,2956
KNN,H6,503,2025-07-24,2025-08-01,98668.0,0.0057972189565005,0.004970433608356229,99240.0,99158.4227432693,0.0,98668.0,81.57725673069945,6654.8488157064485,1,1,2955
KNN,H7,503,2025-07-24,2025-08-04,98668.0,0.0196517614626829,0.006444740062651374,100607.0,99303.88961250168,0.0,98668.0,1303.1103874983237,1698096.6820060313,1,1,2954
KNN,H1,504,2025-07-25,2025-07-28,97842.0,-0.0034443286114347,0.0003063175611471938,97505.0,97871.97072281777,0.0,97842.0,366.9707228177722,134667.5114053982,-1,1,2961
KNN,H2,504,2025-07-25,2025-07-29,97842.0,0.002892418388831,0.0017533661212330567,98125.0,98013.55284803368,0.0,97842.0,111.44715196632023,12420.467681404076,1,1,2960
KNN,H3,504,2025-07-25,2025-07-30,97842.0,0.0016455101081336,0.002957867300206851,98003.0,98131.40365238684,0.0,97842.0,128.4036523868417,16487.49794628088,1,1,2959
KNN,H4,504,2025-07-25,2025-07-31,97842.0,0.0052738087937695,0.003951178664882329,98358.0,98228.5912229294,0.0,97842.0,129.40877707059553,16746.63158290709,1,1,2958
KNN,H5,504,2025-07-25,2025-08-01,97842.0,0.0142883424296313,0.004468962230568751,99240.0,98279.25220256331,0.0,97842.0,960.747797436692,923036.330279455,1,1,2957
KNN,H6,504,2025-07-25,2025-08-04,97842.0,0.0282598475092497,0.005177009775816983,100607.0,98348.52899048549,0.0,97842.0,2258.471009514513,5100691.300817503,1,1,2956
KNN,H7,504,2025-07-25,2025-08-05,97842.0,0.0298746959383495,0.006499481293079456,100765.0,98477.92224867748,0.0,97842.0,2287.0777513225185,5230724.6405944675,1,1,2955
KNN,H1,505,2025-07-28,2025-07-29,97505.0,0.0063586482744475,0.000894452608621577,98125.0,97592.21360160365,0.0,97505.0,532.7863983963471,283861.34631615103,1,1,2962
KNN,H2,505,2025-07-28,2025-07-30,97505.0,0.0051074303881852,0.0019283356099894181,98003.0,97693.02236365202,0.0,97505.0,309.97763634797593,96086.135035878,1,1,2961
KNN,H3,505,2025-07-28,2025-07-31,97505.0,0.0087482693195219,0.003246950705021385,98358.0,97821.59392849312,0.0,97505.0,536.4060715068772,287731.473549441,1,1,2960
KNN,H4,505,2025-07-28,2025-08-01,97505.0,0.0177939592841391,0.003694175987928501,99240.0,97865.20062970297,0.0,97505.0,1374.799370297027,1890073.308569102,1,1,2959
KNN,H5,505,2025-07-28,2025-08-04,97505.0,0.0318137531408646,0.005841091007636274,100607.0,98074.53557869958,0.0,97505.0,2532.4644213004212,6413376.045152477,1,1,2958
KNN,H6,505,2025-07-28,2025-08-05,97505.0,0.0334341828624173,0.005234205754646974,100765.0,98015.36123210686,0.0,97505.0,2749.638767893135,7560513.353900878,1,1,2957
KNN,H7,505,2025-07-28,2025-08-06,97505.0,0.0326342238859544,0.006934627305278163,100687.0,98181.16083540114,0.0,97505.0,2505.8391645988595,6279229.91883751,1,1,2956
KNN,H1,506,2025-07-29,2025-07-30,98125.0,-0.0012433121019108,0.0017776493874629238,98003.0,98299.43184614478,0.0,98125.0,296.4318461447838,87871.83940880476,-1,1,2963
KNN,H2,506,2025-07-29,2025-07-31,98125.0,0.0023745222929936,0.0020100520263018184,98358.0,98322.23635508087,0.0,98125.0,35.763644919134094,1279.038297901906,1,1,2962
KNN,H3,506,2025-07-29,2025-08-01,98125.0,0.0113630573248406,0.0028285704431568618,99240.0,98402.55347473476,0.0,98125.0,837.4465252652444,701316.6826788316,1,1,2961
KNN,H4,506,2025-07-29,2025-08-04,98125.0,0.0252942675159235,0.004124705557871612,100607.0,98529.73673286616,0.0,98125.0,2077.263267133836,4315022.680983539,1,1,2960
KNN,H5,506,2025-07-29,2025-08-05,98125.0,0.0269044585987261,0.004981122132102208,100765.0,98613.77260921252,0.0,98125.0,2151.227390787477,4627779.286874296,1,1,2959
KNN,H6,506,2025-07-29,2025-08-06,98125.0,0.0261095541401272,0.00513588610287004,100687.0,98628.95882384412,0.0,98125.0,2058.041176155879,4235533.482753074,1,1,2958
KNN,H7,506,2025-07-29,2025-08-07,98125.0,0.0276178343949045,0.00636453075533023,100835.0,98749.51958036677,0.0,98125.0,2085.480419633226,4349228.580673577,1,1,2957
KNN,H1,507,2025-07-30,2025-07-31,98003.0,0.0036223380916911,0.0014861510130734588,98358.0,98148.64725773424,0.0,98003.0,209.3527422657644,43828.57069419557,1,1,2964
KNN,H2,507,2025-07-30,2025-08-01,98003.0,0.0126220625899207,0.0025348672982928155,99240.0,98251.42459983459,0.0,98003.0,988.5754001654132,977281.3218122068,1,1,2963
KNN,H3,507,2025-07-30,2025-08-04,98003.0,0.0265706151852493,0.00319240532523342,100607.0,98315.86529908885,0.0,98003.0,2291.1347009111487,5249298.217719219,1,1,2962
KNN,H4,507,2025-07-30,2025-08-05,98003.0,0.0281828107302837,0.0037877072346001518,100765.0,98374.20667211253,0.0,98003.0,2390.79332788747,5715892.736671243,1,1,2961
KNN,H5,507,2025-07-30,2025-08-06,98003.0,0.027386916727039,0.004897769906285296,100687.0,98482.99614412567,0.0,98003.0,2204.0038558743254,4857632.996708894,1,1,2960
KNN,H6,507,2025-07-30,2025-08-07,98003.0,0.0288970745793495,0.005629433458772063,100835.0,98554.70136726004,0.0,98003.0,2280.298632739956,5199761.8544757115,1,1,2959
KNN,H7,507,2025-07-30,2025-08-08,98003.0,0.0327438955950327,0.006959063695917113,101212.0,98685.00911939096,0.0,98003.0,2526.990880609039,6385682.910681246,1,1,2958
KNN,H1,508,2025-07-31,2025-08-01,98358.0,0.0089672421155371,0.0012316142346349003,99240.0,98479.13911289022,0.0,98358.0,760.8608871097822,578909.2895334847,1,1,2965
KNN,H2,508,2025-07-31,2025-08-04,98358.0,0.0228654507005021,0.0026584543736961038,100607.0,98619.480255288,0.0,98358.0,1987.5197447120008,3950234.7356200567,1,1,2964
KNN,H3,508,2025-07-31,2025-08-05,98358.0,0.0244718274060067,0.003418918156972835,100765.0,98694.27795208353,0.0,98358.0,2070.722047916468,4287889.799727371,1,1,2963
KNN,H4,508,2025-07-31,2025-08-06,98358.0,0.0236788059944286,0.004165956317060755,100687.0,98767.75513143347,0.0,98358.0,1919.2448685665295,3683500.865518955,1,1,2962
KNN,H5,508,2025-07-31,2025-08-07,98358.0,0.0251835132881921,0.003876739082537317,100835.0,98739.3083026802,0.0,98358.0,2095.691697319795,4391923.690215123,1,1,2961
KNN,H6,508,2025-07-31,2025-08-08,98358.0,0.0290164501108196,0.0053199039144135665,101212.0,98881.25510921389,0.0,98358.0,2330.744890786111,5432371.74592556,1,1,2960
KNN,H7,508,2025-07-31,2025-08-11,98358.0,0.0145082250554098,0.006595894799398382,99785.0,99006.75902067924,0.0,98358.0,778.2409793207626,605659.0218941396,1,1,2959
KNN,H1,509,2025-08-01,2025-08-04,99240.0,0.0137746876259572,0.001374318175374351,100607.0,99376.38733572414,0.0,99240.0,1230.6126642758609,1514407.5294761327,1,1,2966
KNN,H2,509,2025-08-01,2025-08-05,99240.0,0.0153667875856509,0.002752697192910552,100765.0,99513.17766942445,0.0,99240.0,1251.8223305755528,1567059.1473276084,1,1,2965
KNN,H3,509,2025-08-01,2025-08-06,99240.0,0.0145808141878274,0.003582006944360321,100687.0,99595.47836915833,0.0,99240.0,1091.5216308416711,1191419.4705952613,1,1,2964
KNN,H4,509,2025-08-01,2025-08-07,99240.0,0.0160721483272874,0.004532468996823735,100835.0,99689.8022232448,0.0,99240.0,1145.1977767552016,1311477.9478850567,1,1,2963
KNN,H5,509,2025-08-01,2025-08-08,99240.0,0.0198710197501008,0.006995081320626565,101212.0,99934.19187025898,0.0,99240.0,1277.8081297410245,1632793.616432255,1,1,2962
KNN,H6,509,2025-08-01,2025-08-11,99240.0,0.0054917372027407,0.006097275320150312,99785.0,99845.09360277171,0.0,99240.0,60.09360277171072,3611.2410940841582,1,1,2961
KNN,H7,509,2025-08-01,2025-08-12,99240.0,0.0038291011688835,0.007603243207838918,99620.0,99994.54585594594,0.0,99240.0,374.54585594593664,140284.59820627433,1,1,2960
KNN,H1,510,2025-08-04,2025-08-05,100607.0,0.0015704672637093,0.0009674792119726978,100765.0,100704.33518107893,0.0,100607.0,60.66481892106822,3680.2202547259963,1,1,2967
KNN,H2,510,2025-08-04,2025-08-06,100607.0,0.0007951732980806,0.002707691888346157,100687.0,100879.41275781085,0.0,100607.0,192.4127578108455,37022.669368375085,1,1,2966
KNN,H3,510,2025-08-04,2025-08-07,100607.0,0.0022662438995297,0.0024193417136614192,100835.0,100850.40271178633,0.0,100607.0,15.402711786329746,237.24353037274128,1,1,2965
KNN,H4,510,2025-08-04,2025-08-08,100607.0,0.006013498066735,0.00365765212619604,101212.0,100974.98540746019,0.0,100607.0,237.0145925398101,56175.91707681221,1,1,2964
KNN,H5,510,2025-08-04,2025-08-11,100607.0,-0.0081704056377787,0.004911633212808417,99785.0,101101.14468264102,0.0,100607.0,1316.1446826410247,1732236.8256442437,-1,1,2963
KNN,H6,510,2025-08-04,2025-08-12,100607.0,-0.00981045056507,0.006462172170333574,99620.0,101257.13975554075,0.0,100607.0,1637.1397555407457,2680226.5791720124,-1,1,2962
KNN,H7,510,2025-08-04,2025-08-13,100607.0,-0.0094526225809337,0.0071216042265102655,99656.0,101323.48323641652,0.0,100607.0,1667.4832364165195,2780500.34373011,-1,1,2961
KNN,H1,511,2025-08-05,2025-08-06,100765.0,-0.0007740783009974,0.0011306908003922795,100687.0,100878.93405850153,0.0,100765.0,191.93405850153067,36838.682812868996,-1,1,2968
KNN,H2,511,2025-08-05,2025-08-07,100765.0,0.0006946856547411,0.0019448814339718763,100835.0,100960.9759776942,0.0,100765.0,125.97597769419372,15869.946956007992,1,1,2967
KNN,H3,511,2025-08-05,2025-08-08,100765.0,0.0044360641095617,0.0017881906188566838,101212.0,100945.18702770908,0.0,100765.0,266.8129722909216,71189.1621827161,1,1,2966
KNN,H4,511,2025-08-05,2025-08-11,100765.0,-0.0097255991663771,0.002756985778130762,99785.0,101042.80767193333,0.0,100765.0,1257.807671933333,1582080.1395743513,-1,1,2965
KNN,H5,511,2025-08-05,2025-08-12,100765.0,-0.0113630724954101,0.004527468542122641,99620.0,101221.21036764699,0.0,100765.0,1601.210367646985,2563874.6414601933,-1,1,2964
KNN,H6,511,2025-08-05,2025-08-13,100765.0,-0.0110058055872575,0.005042545602752251,99656.0,101273.11210766133,0.0,100765.0,1617.1121076613344,2615051.5687448834,-1,1,2963
KNN,H7,511,2025-08-05,2025-08-14,100765.0,-0.0139234853371706,0.005557110130913075,99362.0,101324.96220234146,0.0,100765.0,1962.9622023414558,3853220.6078212187,-1,1,2962
KNN,H1,512,2025-08-06,2025-08-07,100687.0,0.0014699017748069,0.0005353766088831861,100835.0,100740.90546461861,0.0,100687.0,94.09453538138769,8853.78158863922,1,1,2969
KNN,H2,512,2025-08-06,2025-08-08,100687.0,0.0052141785930657,0.001003196638878494,101212.0,100788.00885997877,0.0,100687.0,423.9911400212295,179768.48681650186,1,1,2968
KNN,H3,512,2025-08-06,2025-08-11,100687.0,-0.0089584554113242,0.001407115326400567,99785.0,100828.67822086929,0.0,100687.0,1043.6782208692894,1089264.2287168852,-1,1,2967
KNN,H4,512,2025-08-06,2025-08-12,100687.0,-0.010597197254859,0.002980009682160777,99620.0,100987.04823486773,0.0,100687.0,1367.0482348677324,1868820.876454983,-1,1,2966
KNN,H5,512,2025-08-06,2025-08-13,100687.0,-0.010239653579906,0.003990216478881343,99656.0,101088.76292660914,0.0,100687.0,1432.762926609139,2052809.6038655848,-1,1,2965
KNN,H6,512,2025-08-06,2025-08-14,100687.0,-0.0131595935920227,0.005010660666504821,99362.0,101191.50839052837,0.0,100687.0,1829.5083905283682,3347100.9510137,-1,1,2964
KNN,H7,512,2025-08-06,2025-08-18,100687.0,-0.0165562585040769,0.0058540533058642095,99020.0,101276.42706520755,0.0,100687.0,2256.42706520755,5091463.100601158,-1,1,2963
KNN,H1,513,2025-08-07,2025-08-08,100835.0,0.0037387811771705,0.0006784147868046231,101212.0,100903.40795502745,0.0,100835.0,308.5920449725527,95229.05022034197,1,1,2970
KNN,H2,513,2025-08-07,2025-08-11,100835.0,-0.01041305102395,0.0016710860144851123,99785.0,101003.50395827061,0.0,100835.0,1218.5039582706086,1484751.896321141,-1,1,2969
KNN,H3,513,2025-08-07,2025-08-12,100835.0,-0.0120493876134278,0.0023687222223065735,99620.0,101073.85010528628,0.0,100835.0,1453.8501052862848,2113680.1286409413,-1,1,2968
KNN,H4,513,2025-08-07,2025-08-13,100835.0,-0.0116923687211781,0.003766553806873748,99656.0,101214.80045311613,0.0,100835.0,1558.8004531161278,2429858.852635045,-1,1,2967
KNN,H5,513,2025-08-07,2025-08-14,100835.0,-0.0146080230078842,0.0055517603865736205,99362.0,101394.81175858015,0.0,100835.0,2032.811758580152,4132323.64582173,-1,1,2966
KNN,H6,513,2025-08-07,2025-08-18,100835.0,-0.0179997024842564,0.005114638003861612,99020.0,101350.73452311938,0.0,100835.0,2330.734523119376,5432323.417260504,-1,1,2965
KNN,H7,513,2025-08-07,2025-08-19,100835.0,-0.0245549660336192,0.006339866624660051,98359.0,101474.2804510976,0.0,100835.0,3115.2804510975984,9704972.288990857,-1,1,2964
KNN,H1,514,2025-08-08,2025-08-11,101212.0,-0.0140991186815793,0.001111688999335646,99785.0,101324.51626700076,0.0,101212.0,1539.5162670007558,2370110.3363599423,-1,1,2971
KNN,H2,514,2025-08-08,2025-08-12,101212.0,-0.0157293601549223,0.002705380175359835,99620.0,101485.81693830852,0.0,101212.0,1865.8169383085187,3481272.847278975,-1,1,2970
KNN,H3,514,2025-08-08,2025-08-13,101212.0,-0.0153736711061929,0.0033128610780675904,99656.0,101547.30129543337,0.0,101212.0,1891.301295433368,3577020.5901079364,-1,1,2969
KNN,H4,514,2025-08-08,2025-08-14,101212.0,-0.0182784650041497,0.00330647062605847,99362.0,101546.65450500463,0.0,101212.0,2184.654505004626,4772715.306237008,-1,1,2968
KNN,H5,514,2025-08-08,2025-08-18,101212.0,-0.021657510967079,0.0058922372959355806,99020.0,101808.36512119623,0.0,101212.0,2788.365121196228,7774980.049103654,-1,1,2967
KNN,H6,514,2025-08-08,2025-08-19,101212.0,-0.0281883571118048,0.004761271736109839,98359.0,101693.89783495515,0.0,101212.0,3334.897834955147,11121543.569588527,-1,1,2966
KNN,H7,514,2025-08-08,2025-08-20,101212.0,-0.0228135003754496,0.005946448793165719,98903.0,101813.85197525389,0.0,101212.0,2910.851975253885,8473059.221839445,-1,1,2965
KNN,H1,515,2025-08-11,2025-08-12,99785.0,-0.0016535551435586,0.0013436161202655464,99620.0,99919.0727345607,0.0,99785.0,299.07273456070106,89444.50055761555,-1,1,2972
KNN,H2,515,2025-08-11,2025-08-13,99785.0,-0.0012927794758731,0.002666759779409545,99656.0,100051.10262458837,0.0,99785.0,395.1026245883695,156106.08395661804,-1,1,2971
KNN,H3,515,2025-08-11,2025-08-14,99785.0,-0.0042391140953048,0.002895462344904503,99362.0,100073.9237100863,0.0,99785.0,711.9237100862956,506835.3689830359,-1,1,2970
KNN,H4,515,2025-08-11,2025-08-18,99785.0,-0.0076664829383173,0.004116672160512093,99020.0,100195.7821315367,0.0,99785.0,1175.7821315367037,1382463.6208409944,-1,1,2969
KNN,H5,515,2025-08-11,2025-08-19,99785.0,-0.0142907250588766,0.005763581791696663,98359.0,100360.11900908445,0.0,99785.0,2001.1190090844466,4004477.2885191175,-1,1,2968
KNN,H6,515,2025-08-11,2025-08-20,99785.0,-0.0088390038582952,0.005949957157635154,98903.0,100378.71647497462,0.0,99785.0,1475.7164749746153,2177739.1145115043,-1,1,2967
KNN,H7,515,2025-08-11,2025-08-21,99785.0,-0.0075161597434484,0.007133815445008857,99035.0,100496.84777418022,0.0,99785.0,1461.8477741802199,2136998.914875663,-1,1,2966
KNN,H1,516,2025-08-12,2025-08-13,99620.0,0.0003613732182292,0.0010388324110775584,99656.0,99723.48848479154,0.0,99620.0,67.48848479153821,4554.695579457684,1,1,2973
KNN,H2,516,2025-08-12,2025-08-14,99620.0,-0.0025898413973097,0.001975098173816767,99362.0,99816.75928007562,0.0,99620.0,454.7592800756247,206806.00281490048,-1,1,2972
KNN,H3,516,2025-08-12,2025-08-18,99620.0,-0.0060228869704878,0.0029725862760975434,99020.0,99916.12904482485,0.0,99620.0,896.1290448248474,803047.2649786933,-1,1,2971
KNN,H4,516,2025-08-12,2025-08-19,99620.0,-0.0126581007829753,0.004527830050131613,98359.0,100071.06242959412,0.0,99620.0,1712.0624295941234,2931157.7628277326,-1,1,2970
KNN,H5,516,2025-08-12,2025-08-20,99620.0,-0.0071973499297329,0.006482442639985464,98903.0,100265.78093579535,0.0,99620.0,1362.780935795352,1857171.8789672554,-1,1,2969
KNN,H6,516,2025-08-12,2025-08-21,99620.0,-0.0058723147962256,0.005436437637082617,99035.0,100161.57791740616,0.0,99620.0,1126.5779174061609,1269177.8039872025,-1,1,2968
KNN,H7,516,2025-08-12,2025-08-22,99620.0,0.0023790403533427,0.007011204409056131,99857.0,100318.45618323018,0.0,99620.0,461.45618323018425,212941.8090413694,1,1,2967
KNN,H1,517,2025-08-13,2025-08-14,99656.0,-0.0029501485108773,0.0011966391350515478,99362.0,99775.25226964269,0.0,99656.0,413.2522696426895,170777.43836483415,-1,1,2974
KNN,H2,517,2025-08-13,2025-08-18,99656.0,-0.0063819539214898,0.0025024730773125104,99020.0,99905.38645699265,0.0,99656.0,885.3864569926518,783909.1782260009,-1,1,2973
KNN,H3,517,2025-08-13,2025-08-19,99656.0,-0.0130147708115918,0.003551811481426349,98359.0,100009.95932499302,0.0,99656.0,1650.9593249930185,2725666.692781403,-1,1,2972
KNN,H4,517,2025-08-13,2025-08-20,99656.0,-0.0075559926145941,0.004266673760877596,98903.0,100081.19964031402,0.0,99656.0,1178.199640314022,1388154.3924360906,-1,1,2971
KNN,H5,517,2025-08-13,2025-08-21,99656.0,-0.0062314361403227,0.005916595196012103,99035.0,100245.62421085378,0.0,99656.0,1210.6242108537845,1465610.9799053483,-1,1,2970
KNN,H6,517,2025-08-13,2025-08-22,99656.0,0.0020169382676407,0.005993222898772931,99857.0,100253.26062120011,0.0,99656.0,396.2606212001119,157022.4799138986,1,1,2969
KNN,H7,517,2025-08-13,2025-08-25,99656.0,0.0046359476599502,0.00686833407654936,100118.0,100340.4707007326,0.0,99656.0,222.47070073260693,49493.212684457154,1,1,2968
KNN,H1,518,2025-08-14,2025-08-18,99362.0,-0.0034419597029045,0.0012927349140740814,99020.0,99490.44872653224,0.0,99362.0,470.44872653223865,221322.00429580506,-1,1,2975
KNN,H2,518,2025-08-14,2025-08-19,99362.0,-0.0100944022865884,0.00284852627183463,98359.0,99645.03526742205,0.0,99362.0,1286.0352674220485,1653886.7090532999,-1,1,2974
KNN,H3,518,2025-08-14,2025-08-20,99362.0,-0.0046194722328455,0.0035447987999381847,98903.0,99714.21829835945,0.0,99362.0,811.2182983594539,658075.127593208,-1,1,2973
KNN,H4,518,2025-08-14,2025-08-21,99362.0,-0.0032909965580403,0.003487530226721728,99035.0,99708.52797838752,0.0,99362.0,673.5279783875158,453639.9376707739,-1,1,2972
KNN,H5,518,2025-08-14,2025-08-22,99362.0,0.0049817837805197,0.004974014349952099,99857.0,99856.22801383995,0.0,99362.0,0.7719861600489821,0.5959626313071726,1,1,2971
KNN,H6,518,2025-08-14,2025-08-25,99362.0,0.0076085425011573,0.005322042243063254,100118.0,99890.80876135526,0.0,99362.0,227.1912386447366,51615.858916929654,1,1,2970
KNN,H7,518,2025-08-14,2025-08-26,99362.0,0.0117650610897526,0.006611414625532158,100531.0,100018.92338002211,0.0,99362.0,512.0766199778882,262222.4647279785,1,1,2969
KNN,H1,519,2025-08-18,2025-08-19,99020.0,-0.0066754191072511,0.001355643918781031,98359.0,99154.2358608377,0.0,99020.0,795.2358608376962,632400.0743622718,-1,1,2976
KNN,H2,519,2025-08-18,2025-08-20,99020.0,-0.0011815794788931,0.0021075151356985383,98903.0,99228.68614873687,0.0,99020.0,325.6861487368733,106071.46747905675,-1,1,2975
KNN,H3,519,2025-08-18,2025-08-21,99020.0,0.0001514845485759,0.0032062006810261675,99035.0,99337.4779914352,0.0,99020.0,302.4779914351966,91492.93530267087,1,1,2974
KNN,H4,519,2025-08-18,2025-08-22,99020.0,0.0084528378105432,0.004596088687655757,99857.0,99475.10470185167,0.0,99020.0,381.89529814833077,145844.01874780245,1,1,2973
KNN,H5,519,2025-08-18,2025-08-25,99020.0,0.0110886689557665,0.006227074810564563,100118.0,99636.6049477421,0.0,99020.0,481.39505225789617,231741.19633838258,1,1,2972
KNN,H6,519,2025-08-18,2025-08-26,99020.0,0.0152595435265603,0.0054277918540924265,100531.0,99557.45994939223,0.0,99020.0,973.5400506077713,947780.2301373818,1,1,2971
KNN,H7,519,2025-08-18,2025-08-27,99020.0,0.0196626944051707,0.006635933699852166,100967.0,99677.09015495937,0.0,99020.0,1289.909845040631,1663867.4083327444,1,1,2970
KNN,H1,520,2025-08-19,2025-08-20,98359.0,0.0055307597677893,0.0009631266810420242,98903.0,98453.7321772206,0.0,98359.0,449.2678227793949,201841.5765849378,1,1,2977
KNN,H2,520,2025-08-19,2025-08-21,98359.0,0.006872782358503,0.0020235207688970966,99035.0,98558.03147930795,0.0,98359.0,476.9685206920549,227498.9697311672,1,1,2976
KNN,H3,520,2025-08-19,2025-08-22,98359.0,0.0152299230370378,0.0034216447797587703,99857.0,98695.5495588923,0.0,98359.0,1161.4504411077069,1348967.127149287,1,1,2975
KNN,H4,520,2025-08-19,2025-08-25,98359.0,0.0178834677050396,0.004461753557985559,100118.0,98797.8536182099,0.0,98359.0,1320.146381790095,1742786.469353479,1,1,2974
KNN,H5,520,2025-08-19,2025-08-26,98359.0,0.0220823717199238,0.004612705182226996,100531.0,98812.70106901866,0.0,98359.0,1718.298930981342,2952551.2162116226,1,1,2973
KNN,H6,520,2025-08-19,2025-08-27,98359.0,0.0265151130044023,0.004915987546651185,100967.0,98842.53161910106,0.0,98359.0,2124.4683808989357,4513365.901439345,1,1,2972
KNN,H7,520,2025-08-19,2025-08-28,98359.0,0.0317408676379384,0.00630564535381526,101481.0,98979.21697135591,0.0,98359.0,2501.7830286440876,6258918.322411584,1,1,2971
KNN,H1,521,2025-08-20,2025-08-21,98903.0,0.0013346410119006,0.0010314058124565504,99035.0,99005.00912906938,0.0,98903.0,29.990870930618257,899.4523391770032,1,1,2978
KNN,H2,521,2025-08-20,2025-08-22,98903.0,0.0096458145860085,0.0022840299111571497,99857.0,99128.89741030317,0.0,98903.0,728.1025896968349,530133.3811232375,1,1,2977
KNN,H3,521,2025-08-20,2025-08-25,98903.0,0.0122847638595391,0.003355999335923382,100118.0,99234.91840232082,0.0,98903.0,883.0815976791782,779833.10815961,1,1,2976
KNN,H4,521,2025-08-20,2025-08-26,98903.0,0.0164605724801067,0.003899550646578207,100531.0,99288.67725759852,0.0,98903.0,1242.3227424014767,1543365.796287926,1,1,2975
KNN,H5,521,2025-08-20,2025-08-27,98903.0,0.0208689321860813,0.005568391672007359,100967.0,99453.73064153653,0.0,98903.0,1513.269358463469,2289984.151264439,1,1,2974
KNN,H6,521,2025-08-20,2025-08-28,98903.0,0.0260659433990879,0.004545382907185287,101481.0,99352.55200566935,0.0,98903.0,2128.4479943306505,4530290.864570169,1,1,2973
KNN,H7,521,2025-08-20,2025-08-29,98903.0,0.04308261630082,0.005638234429196859,103164.0,99460.63829975085,0.0,98903.0,3703.361700249152,13714887.882872289,1,1,2972
KNN,H1,522,2025-08-21,2025-08-22,99035.0,0.0083000959256829,0.0013966772583377336,99857.0,99173.31993227948,0.0,99035.0,683.6800677205174,467418.43499833124,1,1,2979
KNN,H2,522,2025-08-21,2025-08-25,99035.0,0.0109355278436915,0.0022972614462861574,100118.0,99262.50928733296,0.0,99035.0,855.4907126670441,731864.3594595671,1,1,2978
KNN,H3,522,2025-08-21,2025-08-26,99035.0,0.0151057706871307,0.0029497976255443716,100531.0,99327.13320784579,0.0,99035.0,1203.8667921542074,1449295.2532516615,1,1,2977
KNN,H4,522,2025-08-21,2025-08-27,99035.0,0.0195082546574443,0.003860189031322949,100967.0,99417.29382071708,0.0,99035.0,1549.706179282919,2401589.242107663,1,1,2976
KNN,H5,522,2025-08-21,2025-08-28,99035.0,0.0246983389710708,0.004844545479793297,101481.0,99514.77956159133,0.0,99035.0,1966.2204384086654,3866022.8124159644,1,1,2975
KNN,H6,522,2025-08-21,2025-08-29,99035.0,0.041692330994093,0.004918193413886809,103164.0,99522.07328474429,0.0,99035.0,3641.926715255715,13263630.199293282,1,1,2974
KNN,H7,522,2025-08-21,2025-09-01,99035.0,0.0491644368152672,0.005943886677105015,103904.0,99623.65281706711,0.0,99035.0,4280.347182932892,18321372.006441545,1,1,2973
KNN,H1,523,2025-08-22,2025-08-25,99857.0,0.002613737644832,0.0016000623006135117,100118.0,100016.77742115238,0.0,99857.0,101.22257884762075,10246.0104685628,1,1,2980
KNN,H2,523,2025-08-22,2025-08-26,99857.0,0.0067496520023633,0.0026612172900830422,100531.0,100122.74117493583,0.0,99857.0,408.2588250641711,166675.26824277747,1,1,2979
KNN,H3,523,2025-08-22,2025-08-27,99857.0,0.0111158957308952,0.0031791379934362107,100967.0,100174.45918261056,0.0,99857.0,792.5408173894393,628120.9472283206,1,1,2978
KNN,H4,523,2025-08-22,2025-08-28,99857.0,0.0162632564567331,0.003453710360789526,101481.0,100201.87715549735,0.0,99857.0,1279.12284450265,1636155.2513285505,1,1,2977
KNN,H5,523,2025-08-22,2025-08-29,99857.0,0.033117357821685,0.004011670883681828,103164.0,100257.59341943183,0.0,99857.0,2906.406580568175,8447199.211569991,1,1,2976
KNN,H6,523,2025-08-22,2025-09-01,99857.0,0.0405279549756152,0.005074120646293145,103904.0,100363.6864653769,0.0,99857.0,3540.3135346230993,12533819.923435502,1,1,2975
KNN,H7,523,2025-08-22,2025-09-02,99857.0,0.0584636029522216,0.0061872001935841725,105695.0,100474.83524973072,0.0,99857.0,5220.1647502692795,27250120.01995393,1,1,2974
KNN,H1,524,2025-08-25,2025-08-26,100118.0,0.0041251323438342,0.0010087433349599603,100531.0,100218.99336520952,0.0,100118.0,312.00663479047944,97348.14015327962,1,1,2981
KNN,H2,524,2025-08-25,2025-08-27,100118.0,0.008479993607543,0.0016519252918669627,100967.0,100283.38745637114,0.0,100118.0,683.6125436288567,467326.10980671545,1,1,2980
KNN,H3,524,2025-08-25,2025-08-28,100118.0,0.0136139355560438,0.002408107327671821,101481.0,100359.09488943184,0.0,100118.0,1121.9051105681574,1258671.0771189495,1,1,2979
KNN,H4,524,2025-08-25,2025-08-29,100118.0,0.0304240995625162,0.0030363134724270893,103164.0,100421.98963223246,0.0,100118.0,2742.010367767536,7518620.856944659,1,1,2978
KNN,H5,524,2025-08-25,2025-09-01,100118.0,0.0378153778541321,0.0041599601735624,103904.0,100534.48689265673,0.0,100118.0,3369.5131073432713,11353618.580558108,1,1,2977
KNN,H6,524,2025-08-25,2025-09-02,100118.0,0.0557042689626241,0.004968494315598891,105695.0,100615.43571388914,0.0,100118.0,5079.5642861108645,25801973.336732976,1,1,2976
KNN,H7,524,2025-08-25,2025-09-03,100118.0,0.0695379452246349,0.005807232049024782,107080.0,100699.40845828426,0.0,100118.0,6380.591541715738,40711948.42221441,1,1,2975
KNN,H1,525,2025-08-26,2025-08-27,100531.0,0.004336970685659,0.0010982948309969057,100967.0,100641.41267765495,0.0,100531.0,325.58732234504714,106007.10447181763,1,1,2982
KNN,H2,525,2025-08-26,2025-08-28,100531.0,0.0094498214481104,0.0021110163031538842,101481.0,100743.22257997237,0.0,100531.0,737.7774200276326,544315.5215026299,1,1,2981
KNN,H3,525,2025-08-26,2025-08-29,100531.0,0.0261909261819737,0.0025863048964063474,103164.0,100791.00381754062,0.0,100531.0,2372.9961824593775,5631110.881966779,1,1,2980
KNN,H4,525,2025-08-26,2025-09-01,100531.0,0.0335518397310281,0.003119164581764526,103904.0,100844.57273456937,0.0,100531.0,3059.427265430626,9360095.192460317,1,1,2979
KNN,H5,525,2025-08-26,2025-09-02,100531.0,0.0513672399558344,0.0031732697985606185,105695.0,100850.0119861191,0.0,100531.0,4844.988013880895,23473908.85464954,1,1,2978
KNN,H6,525,2025-08-26,2025-09-03,100531.0,0.0651440849091324,0.004748507822133495,107080.0,101008.37223986689,0.0,100531.0,6071.627760133109,36864663.657619,1,1,2977
KNN,H7,525,2025-08-26,2025-09-04,100531.0,0.057484755945927,0.005793544244015813,106310.0,101113.43079639516,0.0,100531.0,5196.569203604842,27004331.487854265,1,1,2976
KNN,H1,526,2025-08-27,2025-08-28,100967.0,0.0050907722325115,0.0009768180743562483,101481.0,101065.62639051354,0.0,100967.0,415.373609486458,172535.2354578085,1,1,2983
KNN,H2,526,2025-08-27,2025-08-29,100967.0,0.0217595848148404,0.0016033336739964172,103164.0,101128.8837910624,0.0,100967.0,2035.1162089376012,4141697.983880554,1,1,2982
KNN,H3,526,2025-08-27,2025-09-01,100967.0,0.0290887121534759,0.0024723160277704955,103904.0,101216.62233237589,0.0,100967.0,2687.3776676241105,7221998.728444804,1,1,2981
KNN,H4,526,2025-08-27,2025-09-02,100967.0,0.0468271811582001,0.003447446258529047,105695.0,101315.0783063849,0.0,100967.0,4379.921693615106,19183714.04220022,1,1,2980
KNN,H5,526,2025-08-27,2025-09-03,100967.0,0.0605445343528083,0.004170915849803456,107080.0,101388.12486060712,0.0,100967.0,5691.875139392883,32397442.602438755,1,1,2979
KNN,H6,526,2025-08-27,2025-09-04,100967.0,0.0529182802301742,0.005283929998603584,106310.0,101500.50256016901,0.0,100967.0,4809.497439830986,23131265.623740807,1,1,2978
KNN,H7,526,2025-08-27,2025-09-05,100967.0,0.065744253072786,0.0059828407900189,107605.0,101571.06948604583,0.0,100967.0,6033.930513954168,36408317.44722722,1,1,2977
KNN,H1,527,2025-08-28,2025-08-29,101481.0,0.0165843852543825,0.001029156202756526,103164.0,101585.43980061193,0.0,101481.0,1578.56019938807,2491852.3030921035,1,1,2984
KNN,H2,527,2025-08-28,2025-09-01,101481.0,0.0238763906544081,0.0018371038160480072,103904.0,101667.43113235637,0.0,101481.0,2236.5688676436257,5002240.2997126905,1,1,2983
KNN,H3,527,2025-08-28,2025-09-02,101481.0,0.0415250145347405,0.0022913995712689314,105695.0,101713.53351989195,0.0,101481.0,3981.4664801080507,15852075.332223991,1,1,2982
KNN,H4,527,2025-08-28,2025-09-03,101481.0,0.05517288950641,0.0030646135411641737,107080.0,101792.00004677089,0.0,101481.0,5287.999953229111,27962943.50535108,1,1,2981
KNN,H5,527,2025-08-28,2025-09-04,101481.0,0.0475852622658428,0.005195890733127909,106310.0,102008.28418748856,0.0,101481.0,4301.7158125114365,18504758.931610927,1,1,2980
KNN,H6,527,2025-08-28,2025-09-05,101481.0,0.0603462717158878,0.00448838198104591,107605.0,101936.48549181853,0.0,101481.0,5668.51450818147,32132056.729463812,1,1,2979
KNN,H7,527,2025-08-28,2025-09-08,101481.0,0.0681112720607799,0.005465015800300702,108393.0,102035.59526843032,0.0,101481.0,6357.404731569681,40416594.920984566,1,1,2978
KNN,H1,528,2025-08-29,2025-09-01,103164.0,0.0071730448606102,0.0013236760491695397,103904.0,103300.55571593653,0.0,103164.0,603.4442840634729,364145.00396887737,1,1,2985
KNN,H2,528,2025-08-29,2025-09-02,103164.0,0.0245337520840602,0.0020424852203584894,105695.0,103374.71094527305,0.0,103164.0,2320.289054726949,5383741.297485678,1,1,2984
KNN,H3,528,2025-08-29,2025-09-03,103164.0,0.0379589779380404,0.0022900957041249786,107080.0,103400.25543322034,0.0,103164.0,3679.7445667796565,13540520.076744402,1,1,2983
KNN,H4,528,2025-08-29,2025-09-04,103164.0,0.0304951339614594,0.003022324651222644,106310.0,103475.79510031873,0.0,103164.0,2834.2048996812664,8032717.413377297,1,1,2982
KNN,H5,528,2025-08-29,2025-09-05,103164.0,0.0430479624675275,0.0036975310175020484,107605.0,103545.45208988959,0.0,103164.0,4059.547910110414,16479929.234481828,1,1,2981
KNN,H6,528,2025-08-29,2025-09-08,103164.0,0.0506862859136907,0.004886235393447393,108393.0,103668.08358812961,0.0,103164.0,4724.916411870392,22324835.09916218,1,1,2980
KNN,H7,528,2025-08-29,2025-09-09,103164.0,0.0556686441006553,0.005630464288721452,108907.0,103744.86121788167,0.0,103164.0,5162.138782118331,26647676.805850122,1,1,2979
KNN,H1,529,2025-09-01,2025-09-02,103904.0,0.0172370649830613,0.0012453941238087674,105695.0,104033.40143104024,0.0,103904.0,1661.5985689597583,2760909.8043691167,1,1,2986
KNN,H2,529,2025-09-01,2025-09-03,103904.0,0.0305666769325532,0.0016396442468710503,107080.0,104074.3655958269,0.0,103904.0,3005.6344041731063,9033838.171549024,1,1,2985
KNN,H3,529,2025-09-01,2025-09-04,103904.0,0.0231559901447488,0.0020880211805330497,106310.0,104120.9537527421,0.0,103904.0,2189.0462472578947,4791923.472633872,1,1,2984
KNN,H4,529,2025-09-01,2025-09-05,103904.0,0.0356194179242377,0.0037448178608019854,107605.0,104293.10155500876,0.0,103904.0,3311.8984449912386,10968671.309935385,1,1,2983
KNN,H5,529,2025-09-01,2025-09-08,103904.0,0.0432033415460424,0.004012895227368659,108393.0,104320.95586570451,0.0,103904.0,4072.0441342954873,16581543.431650285,1,1,2982
KNN,H6,529,2025-09-01,2025-09-09,103904.0,0.0481502155836155,0.005475431898789003,108907.0,104472.91927601177,0.0,103904.0,4434.080723988227,19661071.866843957,1,1,2981
KNN,H7,529,2025-09-01,2025-09-10,103904.0,0.047928857406837,0.006332709514962035,108884.0,104561.99384944262,0.0,103904.0,4322.006150557383,18679737.165455848,1,1,2980
KNN,H1,530,2025-09-02,2025-09-03,105695.0,0.0131037418988599,0.0012139173864519105,107080.0,105823.30499816102,0.0,105695.0,1256.6950018389762,1579282.3276470643,1,1,2987
KNN,H2,530,2025-09-02,2025-09-04,105695.0,0.005818629074223,0.0019651519747836705,106310.0,105902.70673797476,0.0,105695.0,407.2932620252395,165887.80129116043,1,1,2986
KNN,H3,530,2025-09-02,2025-09-05,105695.0,0.0180708642792941,0.0021244394958042354,107605.0,105919.54263250902,0.0,105695.0,1685.457367490977,2840766.5376296146,1,1,2985
KNN,H4,530,2025-09-02,2025-09-08,105695.0,0.0255262784426888,0.0028373633427221344,108393.0,105994.89511850901,0.0,105695.0,2398.104881490988,5750907.022630907,1,1,2984
KNN,H5,530,2025-09-02,2025-09-09,105695.0,0.0303893277827711,0.005299333509121013,108907.0,106255.11305524653,0.0,105695.0,2651.886944753467,7032504.367753878,1,1,2983
KNN,H6,530,2025-09-02,2025-09-10,105695.0,0.0301717205165807,0.0053434947716583915,108884.0,106259.78067989043,0.0,105695.0,2624.219320109565,6886527.040036309,1,1,2982
KNN,H7,530,2025-09-02,2025-09-11,105695.0,0.030039263919769,0.0063864680115651735,108870.0,106370.01773648239,0.0,105695.0,2499.9822635176097,6249911.317902631,1,1,2981
KNN,H1,531,2025-09-03,2025-09-04,107080.0,-0.0071908853193873,0.0015398216557230267,106310.0,107244.88410289482,0.0,107080.0,934.8841028948227,874008.2858454575,-1,1,2988
KNN,H2,531,2025-09-03,2025-09-05,107080.0,0.0049028763541276,0.0029028332193230238,107605.0,107390.83538112511,0.0,107080.0,214.1646188748855,45866.48397782496,1,1,2987
KNN,H3,531,2025-09-03,2025-09-08,107080.0,0.0122618602913708,0.003345616979963035,108393.0,107438.24866621444,0.0,107080.0,954.7513337855635,911550.1093653124,1,1,2986
KNN,H4,531,2025-09-03,2025-09-09,107080.0,0.0170620097123646,0.0037229052065789687,108907.0,107478.64868952049,0.0,107080.0,1428.351310479513,2040187.4661485418,1,1,2985
KNN,H5,531,2025-09-03,2025-09-10,107080.0,0.0168472170339932,0.004771931582578509,108884.0,107590.9784338625,0.0,107080.0,1293.0215661374968,1671904.770496665,1,1,2984
KNN,H6,531,2025-09-03,2025-09-11,107080.0,0.0167164736645499,0.005936264269442403,108870.0,107715.6551779719,0.0,107080.0,1154.3448220280989,1332511.9681430832,1,1,2983
KNN,H7,531,2025-09-03,2025-09-12,107080.0,0.0201438177063877,0.0071914056959803165,109237.0,107850.05572192557,0.0,107080.0,1386.9442780744284,1923614.4304833976,1,1,2982
KNN,H1,532,2025-09-04,2025-09-05,106310.0,0.0121813564104975,0.001068843726214145,107605.0,106423.62877653382,0.0,106310.0,1181.3712234661798,1395637.9676339785,1,1,2989
KNN,H2,532,2025-09-04,2025-09-08,106310.0,0.0195936412378892,0.0022498456470259063,108393.0,106549.18109073532,0.0,106310.0,1843.818909264679,3399668.1701619904,1,1,2988
KNN,H3,532,2025-09-04,2025-09-09,106310.0,0.0244285579907816,0.0026626488276133204,108907.0,106593.06619686358,0.0,106310.0,2313.933803136417,5354289.645297362,1,1,2987
KNN,H4,532,2025-09-04,2025-09-10,106310.0,0.024212209575769,0.003677606638056697,108884.0,106700.9663616918,0.0,106310.0,2183.033638308203,4765635.86598515,1,1,2986
KNN,H5,532,2025-09-04,2025-09-11,106310.0,0.0240805192361961,0.006118669783349124,108870.0,106960.47578466784,0.0,106310.0,1909.5242153321597,3646282.7289399,1,1,2985
KNN,H6,532,2025-09-04,2025-09-12,106310.0,0.0275326874235726,0.005910903542489253,109237.0,106938.38815560205,0.0,106310.0,2298.6118443979503,5283616.411206547,1,1,2984
KNN,H7,532,2025-09-04,2025-09-15,106310.0,0.0351331013074969,0.007173002519961858,110045.0,107072.56189789715,0.0,106310.0,2972.438102102853,8835388.27083281,1,1,2983
KNN,H1,533,2025-09-05,2025-09-08,107605.0,0.0073230797825378,0.0010843842813121046,108393.0,107721.6851705906,0.0,107605.0,671.314829409399,450663.6001849704,1,1,2990
KNN,H2,533,2025-09-05,2025-09-09,107605.0,0.0120998094884066,0.0027822498039769415,108907.0,107904.38399015693,0.0,107605.0,1002.6160098430701,1005238.8631936392,1,1,2989
KNN,H3,533,2025-09-05,2025-09-10,107605.0,0.0118860647739418,0.00391477725738637,108884.0,108026.24960678107,0.0,107605.0,857.7503932189284,735735.7370672262,1,1,2988
KNN,H4,533,2025-09-05,2025-09-11,107605.0,0.0117559592955718,0.003961176708566083,108870.0,108031.24241972525,0.0,107605.0,838.7575802747451,703514.2784683455,1,1,2987
KNN,H5,533,2025-09-05,2025-09-12,107605.0,0.0151665814785557,0.006434121548691369,109237.0,108297.34364924693,0.0,107605.0,939.6563507530664,882954.0575105697,1,1,2986
KNN,H6,533,2025-09-05,2025-09-15,107605.0,0.0226755262301938,0.006216396953921964,110045.0,108273.91539422677,0.0,107605.0,1771.084605773227,3136740.680806907,1,1,2985
KNN,H7,533,2025-09-05,2025-09-16,107605.0,0.0226290599879188,0.007286226030955237,110040.0,108389.03435206093,0.0,107605.0,1650.9656479390687,2725687.570674869,1,1,2984
KNN,H1,534,2025-09-08,2025-09-09,108393.0,0.004742003634921,0.0013302931633237193,108907.0,108537.19446685215,0.0,108393.0,369.80553314785357,136756.13234676822,1,1,2991
KNN,H2,534,2025-09-08,2025-09-10,108393.0,0.0045298128107904,0.0025618239753885034,108884.0,108670.68378616427,0.0,108393.0,213.3162138357293,45503.80708521058,1,1,2990
KNN,H3,534,2025-09-08,2025-09-11,108393.0,0.0044006531787108,0.0035021671146983568,108870.0,108772.61040006351,0.0,108393.0,97.38959993649041,9484.734175789654,1,1,2989
KNN,H4,534,2025-09-08,2025-09-12,108393.0,0.0077864806767964,0.003980985635544286,109237.0,108824.51097599356,0.0,108393.0,412.48902400644147,170147.19492578664,1,1,2988
KNN,H5,534,2025-09-08,2025-09-15,108393.0,0.0152408365853884,0.007655274436439133,110045.0,109222.77816198894,0.0,108393.0,822.2218380110571,676048.750902281,1,1,2987
KNN,H6,534,2025-09-08,2025-09-16,108393.0,0.0151947081453598,0.0060965714938858604,110040.0,109053.82567393676,0.0,108393.0,986.1743260632356,972539.801386277,1,1,2986
KNN,H7,534,2025-09-08,2025-09-17,108393.0,0.0119841687193822,0.00746799568198616,109692.0,109202.47845595752,0.0,108393.0,489.52154404247995,239631.34208173363,1,1,2985
KNN,H1,535,2025-09-09,2025-09-10,108907.0,-0.0002111893634018,0.0017913358849248825,108884.0,109102.0890172195,0.0,108907.0,218.0890172195068,47562.81943177033,-1,1,2992
KNN,H2,535,2025-09-09,2025-09-11,108907.0,-0.0003397394106898,0.0031557529782715657,108870.0,109250.68358960461,0.0,108907.0,380.68358960461046,144919.99539425148,-1,1,2991
KNN,H3,535,2025-09-09,2025-09-12,108907.0,0.0030301082575041,0.004017577009164134,109237.0,109344.54225933705,0.0,108907.0,107.54225933704583,11565.337543316422,1,1,2990
KNN,H4,535,2025-09-09,2025-09-15,108907.0,0.0104492824152717,0.004925009874774259,110045.0,109443.36805043204,0.0,108907.0,601.6319495679636,361961.0027409487,1,1,2989
KNN,H5,535,2025-09-09,2025-09-16,108907.0,0.0104033716840974,0.00765444728094017,110040.0,109740.62289002535,0.0,108907.0,299.37710997465183,89626.65397677477,1,1,2988
KNN,H6,535,2025-09-09,2025-09-17,108907.0,0.0072079847943657,0.007692357721696873,109692.0,109744.75160239685,0.0,108907.0,52.751602396849194,2782.7315554352654,1,1,2987
KNN,H7,535,2025-09-09,2025-09-18,108907.0,0.0004040144343337,0.009585555341320846,108951.0,109950.93407555723,0.0,108907.0,999.9340755572339,999868.1554604999,1,1,2986
KNN,H1,536,2025-09-10,2025-09-11,108884.0,-0.0001285772014253,0.0014213779135325607,108870.0,109038.76531273709,0.0,108884.0,168.7653127370868,28481.73078324671,-1,1,2993
KNN,H2,536,2025-09-10,2025-09-12,108884.0,0.0032419822930824,0.0021736964812128054,109237.0,109120.6807676604,0.0,108884.0,116.31923233960697,13530.163812075469,1,1,2992
KNN,H3,536,2025-09-10,2025-09-15,108884.0,0.0106627236324896,0.0030846769223725817,110045.0,109219.87196201563,0.0,108884.0,825.1280379843665,680836.2790679302,1,1,2991
KNN,H4,536,2025-09-10,2025-09-16,108884.0,0.010616803203409,0.004422201265758635,110040.0,109365.50696262087,0.0,108884.0,674.4930373791285,454940.8574729224,1,1,2990
KNN,H5,536,2025-09-10,2025-09-17,108884.0,0.0074207413394071,0.007781142609188173,109692.0,109731.24193185885,0.0,108884.0,39.241931858850876,1539.9292160146954,1,1,2989
KNN,H6,536,2025-09-10,2025-09-18,108884.0,0.0006153337496785,0.007431710686523081,108951.0,109693.19438639139,0.0,108884.0,742.1943863913912,550852.5071908936,1,1,2988
KNN,H7,536,2025-09-10,2025-09-19,108884.0,0.0076319753131772,0.008027462148527746,109715.0,109758.06218858028,0.0,108884.0,43.062188580282964,1854.3520853238524,1,1,2987
KNN,H1,537,2025-09-11,2025-09-12,108870.0,0.0033709929273444,0.0012862215674324623,109237.0,109010.03094204637,0.0,108870.0,226.96905795362545,51514.95326835619,1,1,2994
KNN,H2,537,2025-09-11,2025-09-15,108870.0,0.0107926885276017,0.0026065562533381273,110045.0,109153.77577930092,0.0,108870.0,891.2242206990777,794280.6115606783,1,1,2993
KNN,H3,537,2025-09-11,2025-09-16,108870.0,0.0107467621934416,0.003748444620239181,110040.0,109278.09316580543,0.0,108870.0,761.9068341945676,580502.0239923884,1,1,2992
KNN,H4,537,2025-09-11,2025-09-17,108870.0,0.0075502893359051,0.005254407503178834,109692.0,109442.04734487108,0.0,108870.0,249.95265512891638,62476.329805995,1,1,2991
KNN,H5,537,2025-09-11,2025-09-18,108870.0,0.0007440066133921,0.007853873137792884,108951.0,109725.0511685115,0.0,108870.0,774.0511685115052,599155.2114740267,1,1,2990
KNN,H6,537,2025-09-11,2025-09-19,108870.0,0.0077615504730412,0.0071096812158153435,109715.0,109644.03099396582,0.0,108870.0,70.9690060341818,5036.599817479733,1,1,2989
KNN,H7,537,2025-09-11,2025-09-22,108870.0,0.0293928538624046,0.008475238073070412,112070.0,109792.69916901518,0.0,108870.0,2277.300830984823,5186099.0748041645,1,1,2988
KNN,H1,538,2025-09-12,2025-09-15,109237.0,0.0073967611706655,0.0012980109177963394,110045.0,109378.79081862731,0.0,109237.0,666.2091813726875,443834.6733452664,1,1,2995
KNN,H2,538,2025-09-12,2025-09-16,109237.0,0.0073509891337184,0.002755133811142129,110040.0,109537.96255212775,0.0,109237.0,502.0374478722515,252041.59906608364,1,1,2994
KNN,H3,538,2025-09-12,2025-09-17,109237.0,0.004165255362194,0.0041075231033295325,109692.0,109685.69350123842,0.0,109237.0,6.30649876157986,39.771926629808306,1,1,2993
KNN,H4,538,2025-09-12,2025-09-18,109237.0,-0.0026181605133791,0.005394227679504862,108951.0,109826.24924902608,0.0,109237.0,875.2492490260775,766061.2479207126,-1,1,2992
KNN,H5,538,2025-09-12,2025-09-19,109237.0,0.0043758067321511,0.008526084061978483,109715.0,110168.36384467834,0.0,109237.0,453.3638446783443,205538.77566152991,1,1,2991
KNN,H6,538,2025-09-12,2025-09-22,109237.0,0.0259344361342768,0.007842103860197326,112070.0,110093.64789937636,0.0,109237.0,1976.3521006236406,3905967.625639477,1,1,2990
KNN,H7,538,2025-09-12,2025-09-23,109237.0,0.0409934362899018,0.009093762772577684,113715.0,110230.37536398807,0.0,109237.0,3484.6246360119258,12142608.853901247,1,1,2989
KNN,H1,539,2025-09-15,2025-09-16,110045.0,-4.543595801720368e-05,0.0017468707789982042,110040.0,110237.23439487486,0.0,110045.0,197.2343948748603,38901.406521652316,-1,1,2996
KNN,H2,539,2025-09-15,2025-09-17,110045.0,-0.0032077786360125,0.003072343092604159,109692.0,110383.09599562561,0.0,110045.0,691.095995625612,477613.6751697559,-1,1,2995
KNN,H3,539,2025-09-15,2025-09-18,110045.0,-0.0099413876141578,0.003882083260347144,108951.0,110472.2038523849,0.0,110045.0,1521.2038523849042,2314061.160510673,-1,1,2994
KNN,H4,539,2025-09-15,2025-09-19,110045.0,-0.0029987732291335,0.005152048366401722,109715.0,110611.95716248068,0.0,110045.0,896.9571624806849,804532.1513254019,-1,1,2993
KNN,H5,539,2025-09-15,2025-09-22,110045.0,0.0184015629969558,0.007567565713468147,112070.0,110877.77276893861,0.0,110045.0,1192.2272310613916,1421405.770484313,1,1,2992
KNN,H6,539,2025-09-15,2025-09-23,110045.0,0.0333499931846064,0.008077258105669272,113715.0,110933.86186823837,0.0,110045.0,2781.1381317616324,7734729.307938583,1,1,2991
KNN,H7,539,2025-09-15,2025-09-24,110045.0,0.022081875596347,0.009722420563875862,112475.0,111114.90377095173,0.0,110045.0,1360.0962290482712,1849861.7522713274,1,1,2990
KNN,H1,540,2025-09-16,2025-09-17,110040.0,-0.0031624863685932,0.00150365370123394,109692.0,110205.46205328377,0.0,110040.0,513.4620532837725,263643.2801623877,-1,1,2997
KNN,H2,540,2025-09-16,2025-09-18,110040.0,-0.009896401308615,0.002575732775692475,108951.0,110323.43363463721,0.0,110040.0,1372.4336346372147,1883574.0814835157,-1,1,2996
KNN,H3,540,2025-09-16,2025-09-19,110040.0,-0.0029534714649218,0.0037091254726835683,109715.0,110448.1521670141,0.0,110040.0,733.1521670140937,537512.0999974615,-1,1,2995
KNN,H4,540,2025-09-16,2025-09-22,110040.0,0.0184478371501273,0.00510142451143852,112070.0,110601.3607532387,0.0,110040.0,1468.639246761304,2156901.2371276105,1,1,2994
KNN,H5,540,2025-09-16,2025-09-23,110040.0,0.0333969465648855,0.008626961213789426,113715.0,110989.31081196539,0.0,110040.0,2725.6891880346084,7429381.549768763,1,1,2993
KNN,H6,540,2025-09-16,2025-09-24,110040.0,0.0221283169756452,0.008234417939051667,112475.0,110946.11535001325,0.0,110040.0,1528.8846499867504,2337488.2729651085,1,1,2992
KNN,H7,540,2025-09-16,2025-09-25,110040.0,0.0233187931661214,0.009064525299526584,112606.0,111037.4603639599,0.0,110040.0,1568.5396360401064,2460316.5898288293,1,1,2991
KNN,H1,541,2025-09-17,2025-09-18,109692.0,-0.0067552784159282,0.0014299559717280055,108951.0,109848.85473045078,0.0,109692.0,897.8547304507811,806143.1169928447,-1,1,2998
KNN,H2,541,2025-09-17,2025-09-19,109692.0,0.000209678007512,0.002018820516701035,109715.0,109913.44846011797,0.0,109692.0,198.448460117972,39381.79132319432,1,1,2997
KNN,H3,541,2025-09-17,2025-09-22,109692.0,0.0216788826897129,0.003547067816526624,112070.0,110081.08496293043,0.0,109692.0,1988.9150370695716,3955783.024681455,1,1,2996
KNN,H4,541,2025-09-17,2025-09-23,109692.0,0.0366754184443716,0.00507614513604931,113715.0,110248.81251226351,0.0,109692.0,3466.18748773649,12014455.700141,1,1,2995
KNN,H5,541,2025-09-17,2025-09-24,109692.0,0.0253710389089449,0.00915620813743452,112475.0,110696.36278301147,0.0,109692.0,1778.637216988529,3163550.3496566997,1,1,2994
KNN,H6,541,2025-09-17,2025-09-25,109692.0,0.0265652919082521,0.007637293088378014,112606.0,110529.74995345034,0.0,109692.0,2076.250046549656,4310814.255797449,1,1,2993
KNN,H7,541,2025-09-17,2025-09-26,109692.0,0.0362104802538014,0.008981935686171649,113664.0,110677.24648928753,0.0,109692.0,2986.7535107124713,8920696.533753272,1,1,2992
KNN,H1,542,2025-09-18,2025-09-19,108951.0,0.0070123266422519,0.0011755130147763396,109715.0,109079.0733184729,0.0,108951.0,635.9266815270967,404402.7442780654,1,1,2999
KNN,H2,542,2025-09-18,2025-09-22,108951.0,0.0286275481638533,0.0024660408176422864,112070.0,109219.67761312294,0.0,108951.0,2850.3223868770583,8124337.709132531,1,1,2998
KNN,H3,542,2025-09-18,2025-09-23,108951.0,0.0437260786959274,0.004494410762555954,113715.0,109440.67054699124,0.0,108951.0,4274.329453008759,18269892.272858154,1,1,2997
KNN,H4,542,2025-09-18,2025-09-24,108951.0,0.032344815559288,0.006233785567031287,112475.0,109630.17717131364,0.0,108951.0,2844.8228286863596,8093016.92661506,1,1,2996
KNN,H5,542,2025-09-18,2025-09-25,108951.0,0.0335471909390459,0.008999012004121067,112606.0,109931.45135686098,0.0,108951.0,2674.5486431390163,7153210.444516754,1,1,2995
KNN,H6,542,2025-09-18,2025-09-26,108951.0,0.0432579783572431,0.008965723238236606,113664.0,109927.82451252911,0.0,108951.0,3736.175487470886,13959007.273178311,1,1,2994
KNN,H7,542,2025-09-18,2025-09-29,108951.0,0.0622573450450203,0.010317226091830818,115734.0,110075.07209993104,0.0,108951.0,5658.927900068957,32023464.97817885,1,1,2993
KNN,H1,543,2025-09-19,2025-09-22,109715.0,0.0214647040058333,0.0014750627796762355,112070.0,109876.83651287218,0.0,109715.0,2193.163487127822,4809966.081270669,1,1,3000
KNN,H2,543,2025-09-19,2025-09-23,109715.0,0.0364580959759377,0.00295891614221176,113715.0,110039.63748454275,0.0,109715.0,3675.362515457251,13508289.620028252,1,1,2999
KNN,H3,543,2025-09-19,2025-09-24,109715.0,0.025156086223397,0.004357448656526674,112475.0,110193.07747935083,0.0,109715.0,2281.9225206491683,5207170.390245854,1,1,2998
KNN,H4,543,2025-09-19,2025-09-25,109715.0,0.0263500888666088,0.006534330105527741,112606.0,110431.914027528,0.0,109715.0,2174.0859724720067,4726649.815699551,1,1,2997
KNN,H5,543,2025-09-19,2025-09-26,109715.0,0.0359932552522443,0.009872880279368357,113664.0,110798.2030598509,0.0,109715.0,2865.796940149099,8212792.102167939,1,1,2996
KNN,H6,543,2025-09-19,2025-09-29,109715.0,0.0548603199197921,0.009264116930827751,115734.0,110731.41258906577,0.0,109715.0,5002.587410934226,25025880.8040376,1,1,2995
KNN,H7,543,2025-09-19,2025-09-30,109715.0,0.062507405550745,0.01132674663362987,116573.0,110957.71400690872,0.0,109715.0,5615.285993091282,31531436.784207143,1,1,2994
KNN,H1,544,2025-09-22,2025-09-23,112070.0,0.0146783260462211,0.0020278256029835906,113715.0,112297.25841532636,0.0,112070.0,1417.7415846736403,2009991.200912925,1,1,3001
KNN,H2,544,2025-09-22,2025-09-24,112070.0,0.0036138127955742,0.0032978672010593483,112475.0,112439.59197722272,0.0,112070.0,35.40802277727926,1253.7280769963268,1,1,3000
KNN,H3,544,2025-09-22,2025-09-25,112070.0,0.0047827250825376,0.004510848546516218,112606.0,112575.53079660807,0.0,112070.0,30.469203391927294,928.3723553386337,1,1,2999
KNN,H4,544,2025-09-22,2025-09-26,112070.0,0.0142232533238155,0.0055198288316874265,113664.0,112688.6072171672,0.0,112070.0,975.3927828328015,951391.0808023165,1,1,2998
KNN,H5,544,2025-09-22,2025-09-29,112070.0,0.0326938520567503,0.007777332107840345,115734.0,112941.60560932566,0.0,112070.0,2792.394390674337,7797466.433069502,1,1,2997
KNN,H6,544,2025-09-22,2025-09-30,112070.0,0.0401802444900507,0.008469406276145569,116573.0,113019.16636136765,0.0,112070.0,3553.83363863235,12629733.531074848,1,1,2996
KNN,H7,544,2025-09-22,2025-10-01,112070.0,0.0437048273400553,0.010341117746574653,116968.0,113228.92906585863,0.0,112070.0,3739.070934141375,13980651.450540854,1,1,2995
KNN,H1,545,2025-09-23,2025-09-24,113715.0,-0.0109044541177505,0.0018168837528886002,112475.0,113921.60693595973,0.0,113715.0,1446.6069359597313,2092671.6271668023,-1,1,3002
KNN,H2,545,2025-09-23,2025-09-25,113715.0,-0.0097524513036978,0.003094367301478897,112606.0,114066.87597768768,0.0,113715.0,1460.8759776876832,2134158.6221849443,-1,1,3001
KNN,H3,545,2025-09-23,2025-09-26,113715.0,-0.0004484896451655,0.0040912698678397365,113664.0,114180.23875302139,0.0,113715.0,516.2387530213891,266502.4501210788,-1,1,3000
KNN,H4,545,2025-09-23,2025-09-29,113715.0,0.0177549135997889,0.00529806668574043,115734.0,114317.46965316898,0.0,113715.0,1416.5303468310158,2006558.223493198,1,1,2999
KNN,H5,545,2025-09-23,2025-09-30,113715.0,0.0251330079584928,0.007605035536209173,116573.0,114579.80661600003,0.0,113715.0,1993.1933839999692,3972819.866021249,1,1,2998
KNN,H6,545,2025-09-23,2025-10-01,113715.0,0.0286066042298729,0.008817241238144018,116968.0,114717.65258739554,0.0,113715.0,2250.3474126044603,5064063.477415589,1,1,2997
KNN,H7,545,2025-09-23,2025-10-03,113715.0,0.0321417579035308,0.010338727599386298,117370.0,114890.66840896421,0.0,113715.0,2479.3315910357924,6147085.138308073,1,1,2996
KNN,H1,546,2025-09-24,2025-09-25,112475.0,0.0011647032673927,0.0013695228059422953,112606.0,112629.03707759836,0.0,112475.0,23.037077598361066,530.7069442729093,1,1,3003
KNN,H2,546,2025-09-24,2025-09-26,112475.0,0.0105712380529006,0.0024598127157611604,113664.0,112751.66743520524,0.0,112475.0,912.332564794764,832350.7087849923,1,1,3002
KNN,H3,546,2025-09-24,2025-09-29,112475.0,0.0289753278506335,0.0036063886407849705,115734.0,112880.62856237228,0.0,112475.0,2853.3714376277203,8141728.561069683,1,1,3001
KNN,H4,546,2025-09-24,2025-09-30,112475.0,0.0364347632807291,0.005001109526798325,116573.0,113037.49979402665,0.0,112475.0,3535.5002059733524,12499761.706437618,1,1,3000
KNN,H5,546,2025-09-24,2025-10-01,112475.0,0.0399466548121805,0.009051591306986987,116968.0,113493.07773225337,0.0,112475.0,3474.9222677466314,12075084.766881391,1,1,2999
KNN,H6,546,2025-09-24,2025-10-03,112475.0,0.0435207823960879,0.007851916533788778,117370.0,113358.14431213788,0.0,112475.0,4011.8556878621166,16094986.060231617,1,1,2998
KNN,H7,546,2025-09-24,2025-10-06,112475.0,0.0626717048232941,0.009026333765604223,119524.0,113490.23689028634,0.0,112475.0,6033.763109713662,36406297.26414148,1,1,2997
KNN,H1,547,2025-09-25,2025-09-26,112606.0,0.009395591709145,0.000982443294887484,113664.0,112716.6290096641,0.0,112606.0,947.3709903358977,897511.7933300195,1,1,3004
KNN,H2,547,2025-09-25,2025-09-29,112606.0,0.0277782711400813,0.0025063882750678045,115734.0,112888.23435810229,0.0,112606.0,2845.765641897713,8098382.088605503,1,1,3003
KNN,H3,547,2025-09-25,2025-09-30,112606.0,0.0352290286485621,0.004082738236482686,116573.0,113065.74082185738,0.0,112606.0,3507.2591781426163,12300866.94266562,1,1,3002
KNN,H4,547,2025-09-25,2025-10-01,112606.0,0.0387368346269292,0.005562573404424655,116968.0,113232.37914077865,0.0,112606.0,3735.6208592213516,13954863.20384967,1,1,3001
KNN,H5,547,2025-09-25,2025-10-03,112606.0,0.0423068042555458,0.008357257282966303,117370.0,113547.0773136057,0.0,112606.0,3822.922686394304,14614737.866148243,1,1,3000
KNN,H6,547,2025-09-25,2025-10-06,112606.0,0.0614354474894764,0.007347427543735939,119524.0,113433.36442598993,0.0,112606.0,6090.63557401007,37095841.695396975,1,1,2999
KNN,H7,547,2025-09-25,2025-10-07,112606.0,0.0688062803047795,0.009198415702465077,120354.0,113641.7967985918,0.0,112606.0,6712.203201408207,45053671.816994585,1,1,2998
KNN,H1,548,2025-09-26,2025-09-29,113664.0,0.018211570945946,0.0015498366452505608,115734.0,113840.16063244577,0.0,113664.0,1893.839367554232,3586627.5500982134,1,1,3005
KNN,H2,548,2025-09-26,2025-09-30,113664.0,0.0255929757882882,0.002480662085387183,116573.0,113945.96197527346,0.0,113664.0,2627.038024726542,6901328.783359132,1,1,3004
KNN,H3,548,2025-09-26,2025-10-01,113664.0,0.0290681306306306,0.003990447601748506,116968.0,114117.57023620514,0.0,113664.0,2850.429763794862,8124949.838327633,1,1,3003
KNN,H4,548,2025-09-26,2025-10-03,113664.0,0.0326048704954955,0.00588976235097966,117370.0,114333.45394786175,0.0,113664.0,3036.5460521382483,9220611.926756382,1,1,3002
KNN,H5,548,2025-09-26,2025-10-06,113664.0,0.0515554617117117,0.0071093250310621395,119524.0,114472.07432033065,0.0,113664.0,5051.925679669352,25521953.072902642,1,1,3001
KNN,H6,548,2025-09-26,2025-10-07,113664.0,0.0588576858108107,0.00841988987117044,120354.0,114621.03836231673,0.0,113664.0,5732.961637683271,32866849.139148053,1,1,3000
KNN,H7,548,2025-09-26,2025-10-08,113664.0,0.0781074042792793,0.009769209823000065,122542.0,114774.40746532148,0.0,113664.0,7767.5925346785225,60335493.78479351,1,1,2999
KNN,H1,549,2025-09-29,2025-09-30,115734.0,0.0072493822040196,0.002093823797325851,116573.0,115976.3266033597,0.0,115734.0,596.6733966402971,356019.14225826936,1,1,3006
KNN,H2,549,2025-09-29,2025-10-01,115734.0,0.010662380977068,0.003518071576311006,116968.0,116141.16049581277,0.0,115734.0,826.8395041872282,683663.5656845813,1,1,3005
KNN,H3,549,2025-09-29,2025-10-03,115734.0,0.0141358632726769,0.004934047576015653,117370.0,116305.03706216259,0.0,115734.0,1064.9629378374084,1134146.0589672837,1,1,3004
KNN,H4,549,2025-09-29,2025-10-06,115734.0,0.0327475072148202,0.005837825656893219,119524.0,116409.63491457487,0.0,115734.0,3114.365085425132,9699269.885315089,1,1,3003
KNN,H5,549,2025-09-29,2025-10-07,115734.0,0.0399191248898336,0.007450046374089276,120354.0,116596.22366705883,0.0,115734.0,3757.776332941168,14120882.968412774,1,1,3002
KNN,H6,549,2025-09-29,2025-10-08,115734.0,0.0588245459415557,0.008724468047665098,122542.0,116743.71758502847,0.0,115734.0,5798.282414971531,33620078.96376809,1,1,3001
KNN,H7,549,2025-09-29,2025-10-09,115734.0,0.0357284808267233,0.010346030155867504,119869.0,116931.38745405918,0.0,115734.0,2937.6125459408213,8629567.470068915,1,1,3000
KNN,H1,550,2025-09-30,2025-10-01,116573.0,0.0033884347147281,0.0020193316947994576,116968.0,116808.39955365784,0.0,116573.0,159.60044634215592,25472.30247261539,1,1,3007
KNN,H2,550,2025-09-30,2025-10-03,116573.0,0.0068369176395906,0.0034635455960513577,117370.0,116976.7559007685,0.0,116573.0,393.24409923149506,154640.92158038993,1,1,3006
KNN,H3,550,2025-09-30,2025-10-06,116573.0,0.0253146097295255,0.004444955909705098,119524.0,117091.16184526205,0.0,116573.0,2432.838154737954,5918701.487148773,1,1,3005
KNN,H4,550,2025-09-30,2025-10-07,116573.0,0.0324346117883214,0.006394024085250789,120354.0,117318.37056968993,0.0,116573.0,3035.629430310073,9215046.038164658,1,1,3004
KNN,H5,550,2025-09-30,2025-10-08,116573.0,0.0512039666131951,0.00706932743232666,122542.0,117397.0927067686,0.0,116573.0,5144.907293231401,26470071.05594566,1,1,3003
KNN,H6,550,2025-09-30,2025-10-09,116573.0,0.0282741286575793,0.010301510712593021,119869.0,117773.8780082991,0.0,116573.0,2095.1219917009003,4389536.160108747,1,1,3002
KNN,H7,550,2025-09-30,2025-10-10,116573.0,0.0356343235569127,0.012016421615353066,120727.0,117973.79031696655,0.0,116573.0,2753.2096830334485,7580163.558749142,1,1,3001
KNN,H1,551,2025-10-01,2025-10-03,116968.0,0.0034368374256206,0.0018746571732116348,117370.0,117187.27490023621,0.0,116968.0,182.72509976378933,33388.46208368676,1,1,3008
KNN,H2,551,2025-10-01,2025-10-06,116968.0,0.0218521304972301,0.0034629118234609756,119524.0,117373.0498701666,0.0,116968.0,2150.950129833407,4626586.461030351,1,1,3007
KNN,H3,551,2025-10-01,2025-10-07,116968.0,0.0289480883660488,0.004746842005331212,120354.0,117523.22861567957,0.0,116968.0,2830.7713843204256,8013266.630287378,1,1,3006
KNN,H4,551,2025-10-01,2025-10-08,116968.0,0.0476540592298748,0.006279306873901674,122542.0,117702.47796642654,0.0,116968.0,4839.522033573463,23420973.513443027,1,1,3005
KNN,H5,551,2025-10-01,2025-10-09,116968.0,0.0248016551535463,0.008326537190151459,119869.0,117941.93840205764,0.0,116968.0,1927.06159794236,3713566.4022641624,1,1,3004
KNN,H6,551,2025-10-01,2025-10-10,116968.0,0.0321369947336023,0.009294157727764067,120727.0,118055.1190411011,0.0,116968.0,2671.880958898895,7138947.858526479,1,1,3003
KNN,H7,551,2025-10-01,2025-10-13,116968.0,0.0598112304219957,0.011241437353306967,123964.0,118282.8884443416,0.0,116968.0,5681.111555658397,32275028.507835373,1,1,3002
KNN,H1,552,2025-10-03,2025-10-06,117370.0,0.0183522194768679,0.001653374434146298,119524.0,117564.05655733575,0.0,117370.0,1959.9434426642547,3841378.2984426105,1,1,3009
KNN,H2,552,2025-10-03,2025-10-07,117370.0,0.0254238732214364,0.003172022082259194,120354.0,117742.30023179475,0.0,117370.0,2611.699768205246,6820975.679243336,1,1,3008
KNN,H3,552,2025-10-03,2025-10-08,117370.0,0.0440657748998891,0.0050250981815365865,122542.0,117959.79577356693,0.0,117370.0,4582.204226433067,20996595.572741058,1,1,3007
KNN,H4,552,2025-10-03,2025-10-09,117370.0,0.0212916418164779,0.006447797271176804,119869.0,118126.777965718,0.0,117370.0,1742.2220342819928,3035337.616737685,1,1,3006
KNN,H5,552,2025-10-03,2025-10-10,117370.0,0.028601857374116,0.0077024900052354165,120727.0,118274.04125191447,0.0,117370.0,2452.958748085526,6017006.619809312,1,1,3005
KNN,H6,552,2025-10-03,2025-10-13,117370.0,0.0561813069779331,0.00850713458130112,123964.0,118368.4823858073,0.0,117370.0,5595.517614192693,31309817.37074069,1,1,3004
KNN,H7,552,2025-10-03,2025-10-14,117370.0,0.0714237028201414,0.010189280441238253,125753.0,118565.91584538812,0.0,117370.0,7187.084154611875,51654178.64547309,1,1,3003
KNN,H1,553,2025-10-06,2025-10-07,119524.0,0.0069442120410962,0.0020077104560951107,120354.0,119763.96958455432,0.0,119524.0,590.0304154456826,348135.8911510048,1,1,3010
KNN,H2,553,2025-10-06,2025-10-08,119524.0,0.02525015896389,0.003444828848895332,122542.0,119935.73972333535,0.0,119524.0,2606.260276664645,6792592.629720072,1,1,3009
KNN,H3,553,2025-10-06,2025-10-09,119524.0,0.0028864495833473,0.005546258124611869,119869.0,120186.91095608613,0.0,119524.0,317.9109560861252,101067.37599959424,1,1,3008
KNN,H4,553,2025-10-06,2025-10-10,119524.0,0.010064924199324,0.0070685870210053375,120727.0,120368.86579509865,0.0,119524.0,358.1342049013474,128260.10872032029,1,1,3007
KNN,H5,553,2025-10-06,2025-10-13,119524.0,0.0371473511595996,0.0076388795736932824,123964.0,120437.02944216611,0.0,119524.0,3526.970557833891,12439521.315827107,1,1,3006
KNN,H6,553,2025-10-06,2025-10-14,119524.0,0.0521150563903483,0.010020472614375562,125753.0,120721.68696876062,0.0,119524.0,5031.313031239377,25314110.818319168,1,1,3005
KNN,H7,553,2025-10-06,2025-10-15,119524.0,0.0595445266222682,0.011723574981921212,126641.0,120925.24857613914,0.0,119524.0,5715.751423860856,32669814.33936741,1,1,3004
KNN,H1,554,2025-10-07,2025-10-08,120354.0,0.018179703208867,0.001985911665122589,122542.0,120593.01241254417,0.0,120354.0,1948.9875874558347,3798552.616056915,1,1,3011
KNN,H2,554,2025-10-07,2025-10-09,120354.0,-0.0040297788191501,0.003961740907264958,119869.0,120830.81136515297,0.0,120354.0,961.8113651529711,925081.102137422,-1,1,3010
KNN,H3,554,2025-10-07,2025-10-10,120354.0,0.0030991907207071,0.005821564036170511,120727.0,121054.64851800927,0.0,120354.0,327.64851800927136,107353.55135367182,1,1,3009
KNN,H4,554,2025-10-07,2025-10-13,120354.0,0.0299948485301693,0.0070476310097527944,123964.0,121202.21058254778,0.0,120354.0,2761.7894174522226,7627480.786351087,1,1,3008
KNN,H5,554,2025-10-07,2025-10-14,120354.0,0.0448593316383336,0.008821745958168991,125753.0,121415.73241304947,0.0,120354.0,4337.267586950533,18811890.120811697,1,1,3007
KNN,H6,554,2025-10-07,2025-10-15,120354.0,0.0522375658474167,0.009833367856878383,126641.0,121537.48515504673,0.0,120354.0,5103.514844953272,26045863.772658415,1,1,3006
KNN,H7,554,2025-10-07,2025-10-16,120354.0,0.0696362397593766,0.011978002218713849,128735.0,121795.6004790311,0.0,120354.0,6939.399520968902,48155265.71162342,1,1,3005
KNN,H1,555,2025-10-08,2025-10-09,122542.0,-0.0218129294445985,0.0020640767215052225,119869.0,122794.9360896067,0.0,122542.0,2925.9360896066937,8561102.00046291,-1,1,3012
KNN,H2,555,2025-10-08,2025-10-10,122542.0,-0.0148112483883077,0.003238244203587776,120727.0,122938.82092119606,0.0,122542.0,2211.820921196064,4892151.7874406045,-1,1,3011
KNN,H3,555,2025-10-08,2025-10-13,122542.0,0.0116041846876988,0.005569839436101985,123964.0,123224.5392641788,0.0,122542.0,739.4607358211942,546802.179821222,1,1,3010
KNN,H4,555,2025-10-08,2025-10-14,122542.0,0.0262032609227855,0.006975729295686981,125753.0,123396.81981935207,0.0,122542.0,2356.1801806479343,5551585.043678133,1,1,3009
KNN,H5,555,2025-10-08,2025-10-15,122542.0,0.0334497560020237,0.008267259695039756,126641.0,123555.08653754956,0.0,122542.0,3085.913462450437,9522861.897732843,1,1,3008
KNN,H6,555,2025-10-08,2025-10-16,122542.0,0.0505377748037407,0.010403303738128962,128735.0,123816.84164667781,0.0,122542.0,4918.158353322186,24188281.588352792,1,1,3007
KNN,H7,555,2025-10-08,2025-10-17,122542.0,0.0278190334742374,0.012135709347334996,125951.0,124029.13409484114,0.0,122542.0,1921.865905158862,3693568.557412092,1,1,3006
KNN,H1,556,2025-10-09,2025-10-10,119869.0,0.0071578139468919,0.0016461165817972512,120727.0,120066.31834854344,0.0,119869.0,660.681651456558,436500.24457136483,1,1,3013
KNN,H2,556,2025-10-09,2025-10-13,119869.0,0.0341622938374392,0.0030982026186496757,123964.0,120240.37844969492,0.0,119869.0,3723.621550305077,13865357.449896386,1,1,3012
KNN,H3,556,2025-10-09,2025-10-14,119869.0,0.0490869198875438,0.005234550656771748,125753.0,120496.46035267657,0.0,119869.0,5256.539647323429,27631209.063883115,1,1,3011
KNN,H4,556,2025-10-09,2025-10-15,119869.0,0.0564950070493621,0.007489882970307489,126641.0,120766.80478176777,0.0,119869.0,5874.1952182322275,34506169.461902365,1,1,3010
KNN,H5,556,2025-10-09,2025-10-16,119869.0,0.0739640774512175,0.009216198403849806,128735.0,120973.73648647108,0.0,119869.0,7761.2635135289165,60237211.32643522,1,1,3009
KNN,H6,556,2025-10-09,2025-10-17,119869.0,0.0507387231060574,0.010752612234964163,125951.0,121157.90487599291,0.0,119869.0,4793.095124007086,22973760.867780507,1,1,3008
KNN,H7,556,2025-10-09,2025-10-20,119869.0,0.0802876473483553,0.012567019963253245,129493.0,121375.3961159752,0.0,119869.0,8117.603884024793,65895492.8179344,1,1,3007
KNN,H1,557,2025-10-10,2025-10-13,120727.0,0.0268125605705433,0.0016613119985016528,123964.0,120927.5652136431,0.0,120727.0,3036.4347863568983,9219936.211798262,1,1,3014
KNN,H2,557,2025-10-10,2025-10-14,120727.0,0.0416311181425861,0.0031920908138758568,125753.0,121112.3715476868,0.0,120727.0,4640.628452313205,21535432.432418857,1,1,3013
KNN,H3,557,2025-10-10,2025-10-15,120727.0,0.048986556445534,0.005585862225289194,126641.0,121401.36438887248,0.0,120727.0,5239.635611127524,27453781.337395698,1,1,3012
KNN,H4,557,2025-10-10,2025-10-16,120727.0,0.0663314751464048,0.007522741101941857,128735.0,121635.19796501413,0.0,120727.0,7099.802034985871,50407188.935989514,1,1,3011
KNN,H5,557,2025-10-10,2025-10-17,120727.0,0.0432711820885136,0.010589428097325071,125951.0,122005.42988590577,0.0,120727.0,3945.5701140942256,15567523.52523352,1,1,3010
KNN,H6,557,2025-10-10,2025-10-20,120727.0,0.072610103787885,0.010749923665647594,129493.0,122024.80603438264,0.0,120727.0,7468.193965617364,55773921.108083606,1,1,3009
KNN,H7,557,2025-10-10,2025-10-21,120727.0,0.0549835579447846,0.012314232170665771,127365.0,122213.66030726796,0.0,120727.0,5151.339692732043,26536300.629916657,1,1,3008
KNN,H1,558,2025-10-13,2025-10-14,123964.0,0.0144316091768577,0.002344124024636105,125753.0,124254.58699058997,0.0,123964.0,1498.4130094100256,2245241.546769209,1,1,3015
KNN,H2,558,2025-10-13,2025-10-15,123964.0,0.021594979187506,0.004164672168099191,126641.0,124480.26942064625,0.0,123964.0,2160.7305793537525,4668756.636554403,1,1,3014
KNN,H3,558,2025-10-13,2025-10-16,123964.0,0.0384869800909941,0.00652432549912275,128735.0,124772.78148617325,0.0,123964.0,3962.2185138267523,15699175.551311478,1,1,3013
KNN,H4,558,2025-10-13,2025-10-17,123964.0,0.0160288470846374,0.007776055875385872,125951.0,124927.95099053634,0.0,123964.0,1023.0490094636625,1046629.275764581,1,1,3012
KNN,H5,558,2025-10-13,2025-10-20,123964.0,0.0446016585460296,0.008893344463421453,129493.0,125066.45455306357,0.0,123964.0,4426.545446936434,19594304.593793675,1,1,3011
KNN,H6,558,2025-10-13,2025-10-21,123964.0,0.0274353844664581,0.011176692872724688,127365.0,125349.50755527444,0.0,123964.0,2015.4924447255617,4062209.794745821,1,1,3010
KNN,H7,558,2025-10-13,2025-10-22,123964.0,-0.0233535542576877,0.01288730958159082,121069.0,125561.56244497234,0.0,123964.0,4492.56244497234,20183117.32197585,-1,1,3009
KNN,H1,559,2025-10-14,2025-10-15,125753.0,0.0070614617543915,0.0021940572807163097,126641.0,126028.9092852219,0.0,125753.0,612.0907147780963,374655.04311756085,1,1,3016
KNN,H2,559,2025-10-14,2025-10-16,125753.0,0.0237131519725175,0.004076812762292997,128735.0,126265.67143529664,0.0,125753.0,2469.3285647033626,6097583.560459969,1,1,3015
KNN,H3,559,2025-10-14,2025-10-17,125753.0,0.0015745151209116,0.006318961925087083,125951.0,126547.62841896548,0.0,125753.0,596.6284189654834,355965.47031725245,1,1,3014
KNN,H4,559,2025-10-14,2025-10-20,125753.0,0.0297408411727753,0.008579835283748541,129493.0,126831.94002643722,0.0,125753.0,2661.0599735627766,7081240.182897925,1,1,3013
KNN,H5,559,2025-10-14,2025-10-21,125753.0,0.0128187796712604,0.009788749274442588,127365.0,126983.96458750898,0.0,125753.0,381.0354124910227,145187.98557220385,1,1,3012
KNN,H6,559,2025-10-14,2025-10-22,125753.0,-0.0372476203351013,0.011639193372605166,121069.0,127216.66348418522,0.0,125753.0,6147.663484185221,37793766.31478437,-1,1,3011
KNN,H7,559,2025-10-14,2025-10-23,125753.0,-0.0194667324039983,0.01427242725872294,123305.0,127547.80054506619,0.0,125753.0,4242.800545066188,18001356.46521394,-1,1,3010
KNN,H1,560,2025-10-15,2025-10-16,126641.0,0.0165349294462298,0.002308805335313782,128735.0,126933.38941646946,0.0,126641.0,1801.6105835305352,3245800.6946892357,1,1,3017
KNN,H2,560,2025-10-15,2025-10-17,126641.0,-0.0054484724536287,0.003700802136580649,125951.0,127109.67328337872,0.0,126641.0,1158.6732833787246,1342523.7776156343,-1,1,3016
KNN,H3,560,2025-10-15,2025-10-20,126641.0,0.0225203528083322,0.006199708832768978,129493.0,127426.1373262907,0.0,126641.0,2066.8626737093,4271921.311972756,1,1,3015
KNN,H4,560,2025-10-15,2025-10-21,126641.0,0.0057169479078655,0.00838840677999507,127365.0,127703.31622302535,0.0,126641.0,338.31622302535106,114457.86676213908,1,1,3014
KNN,H5,560,2025-10-15,2025-10-22,126641.0,-0.0439983891472746,0.009523210169202951,121069.0,127847.02885903802,0.0,126641.0,6778.028859038022,45941675.21395227,-1,1,3013
KNN,H6,560,2025-10-15,2025-10-23,126641.0,-0.0263421798627616,0.011943892152318208,123305.0,128153.58644606174,0.0,126641.0,4848.586446061745,23508790.524933662,-1,1,3012
KNN,H7,560,2025-10-15,2025-10-24,126641.0,-0.0323118105510853,0.014329263040425564,122549.0,128455.67220070252,0.0,126641.0,5906.672200702524,34888776.48655199,-1,1,3011
KNN,H1,561,2025-10-16,2025-10-17,128735.0,-0.0216258204839399,0.0020725488565490145,125951.0,129001.80957704782,0.0,128735.0,3050.809577047825,9307439.075406728,-1,1,3018
KNN,H2,561,2025-10-16,2025-10-20,128735.0,0.0058880646288888,0.0036147093695597108,129493.0,129200.33961069028,0.0,128735.0,292.6603893097199,85650.10347091682,1,1,3017
KNN,H3,561,2025-10-16,2025-10-21,128735.0,-0.0106420165456169,0.005847856075951324,127365.0,129487.8237519376,0.0,128735.0,2122.823751937598,4506380.681790421,-1,1,3016
KNN,H4,561,2025-10-16,2025-10-22,128735.0,-0.0595486852837223,0.008274671830971723,121069.0,129800.23987816014,0.0,128735.0,8731.239878160137,76234549.80997384,-1,1,3015
KNN,H5,561,2025-10-16,2025-10-23,128735.0,-0.0421796714180292,0.009443168412321191,123305.0,129950.66628556018,0.0,128735.0,6645.666285560175,44164880.379031174,-1,1,3014
KNN,H6,561,2025-10-16,2025-10-24,128735.0,-0.0480522002563404,0.010810084993206424,122549.0,130126.63629160043,0.0,128735.0,7577.636291600429,57420571.7677799,-1,1,3013
KNN,H7,561,2025-10-16,2025-10-27,128735.0,-0.0678370295568415,0.013077905889421908,120002.0,130418.58421467473,0.0,128735.0,10416.58421467473,108505226.70141079,-1,1,3012
KNN,H1,562,2025-10-17,2025-10-20,125951.0,0.0281220474629022,0.0022325722368906676,129493.0,126232.19470580862,0.0,125951.0,3260.8052941913775,10632851.166626515,1,1,3019
KNN,H2,562,2025-10-17,2025-10-21,125951.0,0.0112265881176012,0.0033431281957519415,127365.0,126372.07033938315,0.0,125951.0,992.92966061685,985909.310932693,1,1,3018
KNN,H3,562,2025-10-17,2025-10-22,125951.0,-0.0387611055092853,0.0060972575083807,121069.0,126718.95568043806,0.0,125951.0,5649.955680438055,31921999.19091425,-1,1,3017
KNN,H4,562,2025-10-17,2025-10-23,125951.0,-0.0210081698438281,0.009237003593513204,123305.0,127114.40983960658,0.0,125951.0,3809.409839606582,14511603.326091444,-1,1,3016
KNN,H5,562,2025-10-17,2025-10-24,125951.0,-0.0270105040849218,0.010555792577658466,122549.0,127280.51263094867,0.0,125951.0,4731.512630948666,22387211.776826765,-1,1,3015
KNN,H6,562,2025-10-17,2025-10-27,125951.0,-0.0472326539686068,0.0115524474235533,120002.0,127406.04230544396,0.0,125951.0,7404.04230544396,54819842.4608039,-1,1,3014
KNN,H7,562,2025-10-17,2025-10-28,125951.0,-0.0575779469793809,0.01290442976711114,118699.0,127576.3258335974,0.0,125951.0,8877.325833597395,78806913.95585568,-1,1,3013
KNN,H1,563,2025-10-20,2025-10-21,129493.0,-0.0164333207200388,0.0022288045412269756,127365.0,129781.61458645709,0.0,129493.0,2416.6145864570863,5840026.059477154,-1,1,3020
KNN,H2,563,2025-10-20,2025-10-22,129493.0,-0.065053709466921,0.0036206535078642864,121069.0,129961.84928469386,0.0,129493.0,8892.84928469386,79082768.4002801,-1,1,3019
KNN,H3,563,2025-10-20,2025-10-23,129493.0,-0.0477863668306395,0.006758096659955841,123305.0,130368.12621078767,0.0,129493.0,7063.126210787668,49887751.86951576,-1,1,3018
KNN,H4,563,2025-10-20,2025-10-24,129493.0,-0.0536245202443375,0.008944181495239603,122549.0,130651.20889436305,0.0,129493.0,8102.2088943630515,65645788.96789574,-1,1,3017
KNN,H5,563,2025-10-20,2025-10-27,129493.0,-0.0732935371023916,0.01186524432400461,120002.0,131029.46608324832,0.0,129493.0,11027.46608324832,121605008.21719205,-1,1,3016
KNN,H6,563,2025-10-20,2025-10-28,129493.0,-0.0833558570733553,0.01228521456176946,118699.0,131083.8492892472,0.0,129493.0,12384.849289247213,153384491.9173672,-1,1,3015
KNN,H7,563,2025-10-20,2025-10-29,129493.0,-0.0777570988393194,0.014415330258010726,119424.0,131359.6843611006,0.0,129493.0,11935.684361100604,142460561.16782153,-1,1,3014
KNN,H1,564,2025-10-21,2025-10-22,127365.0,-0.0494327326973658,0.00200510019617558,121069.0,127620.37958648591,0.0,127365.0,6551.379586485913,42920574.48622433,-1,1,3021
KNN,H2,564,2025-10-21,2025-10-23,127365.0,-0.0318768892552898,0.003322683738145226,123305.0,127788.19361430887,0.0,127365.0,4483.193614308868,20099024.98337981,-1,1,3020
KNN,H3,564,2025-10-21,2025-10-24,127365.0,-0.0378125858752405,0.005740132012356878,122549.0,128096.09191375384,0.0,127365.0,5547.091913753844,30770228.69963328,-1,1,3019
KNN,H4,564,2025-10-21,2025-10-27,127365.0,-0.0578102304400738,0.00668934371179795,120002.0,128216.98826185314,0.0,127365.0,8214.988261853141,67486032.14238489,-1,1,3018
KNN,H5,564,2025-10-21,2025-10-28,127365.0,-0.0680406705138774,0.009668148938901855,118699.0,128596.38378960323,0.0,127365.0,9897.383789603235,97958205.87870088,-1,1,3017
KNN,H6,564,2025-10-21,2025-10-29,127365.0,-0.0623483688611471,0.010737756662125765,119424.0,128732.61437727166,0.0,127365.0,9308.61437727166,86650301.62474866,-1,1,3016
KNN,H7,564,2025-10-21,2025-10-30,127365.0,-0.0558552192517567,0.012681979642076874,120251.0,128980.24033711314,0.0,127365.0,8729.240337113137,76199636.86308306,-1,1,3015
KNN,H1,565,2025-10-22,2025-10-23,121069.0,0.0184688070439171,0.0016336575050640216,123305.0,121266.78528048059,0.0,121069.0,2038.214719519412,4154319.2428655955,1,1,3022
KNN,H2,565,2025-10-22,2025-10-24,121069.0,0.012224434000446,0.0035256017340206396,122549.0,121495.84107633615,0.0,121069.0,1053.1589236638538,1109143.718492807,1,1,3021
KNN,H3,565,2025-10-22,2025-10-27,121069.0,-0.0088131561341053,0.006030117153120493,120002.0,121799.06025361115,0.0,121069.0,1797.0602536111546,3229425.5551089873,-1,1,3020
KNN,H4,565,2025-10-22,2025-10-28,121069.0,-0.0195756139061196,0.007189513590472503,118699.0,121939.42722088491,0.0,121069.0,3240.4272208849143,10500368.573851928,-1,1,3019
KNN,H5,565,2025-10-22,2025-10-29,121069.0,-0.0135872931964416,0.01003068471318281,119424.0,122283.40496754032,0.0,121069.0,2859.404967540322,8176196.768394271,-1,1,3018
KNN,H6,565,2025-10-22,2025-10-30,121069.0,-0.0067564777110573,0.01171837371695402,120251.0,122487.7317875379,0.0,121069.0,2236.731787537894,5002969.089382462,-1,1,3017
KNN,H7,565,2025-10-22,2025-10-31,121069.0,0.0011563653784205,0.014114422644785369,121209.0,122777.81903518151,0.0,121069.0,1568.8190351815138,2461193.165147856,1,1,3016
KNN,H1,566,2025-10-23,2025-10-24,123305.0,-0.0061311382344593,0.0021307058187198784,122549.0,123567.72668097726,0.0,123305.0,1018.7266809772555,1037804.0505349349,-1,1,3023
KNN,H2,566,2025-10-23,2025-10-27,123305.0,-0.026787234905316,0.0038495638145416983,120002.0,123779.67046615206,0.0,123305.0,3777.6704661520635,14270794.150837548,-1,1,3022
KNN,H3,566,2025-10-23,2025-10-28,123305.0,-0.0373545273914277,0.006236621503121666,118699.0,124074.00661444243,0.0,123305.0,5375.0066144424345,28890696.105299924,-1,1,3021
KNN,H4,566,2025-10-23,2025-10-29,123305.0,-0.0314747982644662,0.008069733844331307,119424.0,124300.03853167528,0.0,123305.0,4876.03853167528,23775751.76238202,-1,1,3020
KNN,H5,566,2025-10-23,2025-10-30,123305.0,-0.0247678520741251,0.010845508916439546,120251.0,124642.30547694159,0.0,123305.0,4391.30547694159,19283563.791817207,-1,1,3019
KNN,H6,566,2025-10-23,2025-10-31,123305.0,-0.0169984996553261,0.011842790210000327,121209.0,124765.27524684407,0.0,123305.0,3556.275246844074,12647093.63131588,-1,1,3018
KNN,H7,566,2025-10-23,2025-11-03,123305.0,-0.0153278455861481,0.013906417943468254,121415.0,125019.73086451936,0.0,123305.0,3604.7308645193552,12994084.605618458,-1,1,3017
KNN,H1,567,2025-10-24,2025-10-27,122549.0,-0.0207835233253637,0.0018869841065920418,120002.0,122780.24801527875,0.0,122549.0,2778.2480152787466,7718662.034400295,-1,1,3024
KNN,H2,567,2025-10-24,2025-10-28,122549.0,-0.0314160050265608,0.003654647027800775,118699.0,122996.87333860995,0.0,122549.0,4297.873338609948,18471715.234734226,-1,1,3023
KNN,H3,567,2025-10-24,2025-10-29,122549.0,-0.0255000040800006,0.005576274396120507,119424.0,123232.36685097017,0.0,122549.0,3808.3668509701674,14503658.07156843,-1,1,3022
KNN,H4,567,2025-10-24,2025-10-30,122549.0,-0.0187516830002693,0.007553288261607517,120251.0,123474.64792317175,0.0,122549.0,3223.647923171753,10391905.932569556,-1,1,3021
KNN,H5,567,2025-10-24,2025-10-31,122549.0,-0.0109344017495043,0.011448502443147116,121209.0,123952.00252590525,0.0,122549.0,2743.002525905249,7524062.857122577,-1,1,3020
KNN,H6,567,2025-10-24,2025-11-03,122549.0,-0.0092534414805506,0.011667898842776572,121415.0,123978.88933528343,0.0,122549.0,2563.8893352834275,6573528.523580096,-1,1,3019
KNN,H7,567,2025-10-24,2025-11-04,122549.0,-0.0221870435499269,0.013756569972899788,119830.0,124234.8538936089,0.0,122549.0,4404.853893608903,19402737.82404151,-1,1,3018
KNN,H1,568,2025-10-27,2025-10-28,120002.0,-0.0108581523641272,0.0021662532098255007,118699.0,120261.95471768547,0.0,120002.0,1562.9547176854685,2442827.4495352623,-1,1,3025
KNN,H2,568,2025-10-27,2025-10-29,120002.0,-0.0048165863902268,0.00374326228447878,119424.0,120451.19896066203,0.0,120002.0,1027.1989606620336,1055137.7047851621,-1,1,3024
KNN,H3,568,2025-10-27,2025-10-30,120002.0,0.0020749654172429,0.00533042599872396,120251.0,120641.66178069887,0.0,120002.0,390.6617806988652,152616.62689880823,1,1,3023
KNN,H4,568,2025-10-27,2025-10-31,120002.0,0.0100581656972382,0.007319852614130128,121209.0,120880.39695340084,0.0,120002.0,328.6030465991644,107979.9622342526,1,1,3022
KNN,H5,568,2025-10-27,2025-11-03,120002.0,0.0117748037532707,0.011027170480935386,121415.0,121325.28251205322,0.0,120002.0,89.71748794677842,8049.227643480331,1,1,3021
KNN,H6,568,2025-10-27,2025-11-04,120002.0,-0.0014333094448425,0.010659142576364949,119830.0,121281.11842744894,0.0,120002.0,1451.118427448935,2105744.6904818704,-1,1,3020
KNN,H7,568,2025-10-27,2025-11-05,120002.0,0.0040999316678056,0.012692698184746866,120494.0,121525.14916756599,0.0,120002.0,1031.1491675659927,1063268.6057720396,1,1,3019
KNN,H1,569,2025-10-28,2025-10-29,118699.0,0.0061078863343415,0.0015194945528910061,119424.0,118879.3624839336,0.0,118699.0,544.6375160664029,296630.0239069813,1,1,3026
KNN,H2,569,2025-10-28,2025-10-30,118699.0,0.0130750890908937,0.0029993379546030636,120251.0,119055.01841587345,0.0,118699.0,1195.9815841265518,1430371.9495698563,1,1,3025
KNN,H3,569,2025-10-28,2025-10-31,118699.0,0.0211459237230304,0.005164519770124305,121209.0,119312.02333219397,0.0,118699.0,1896.976667806026,3598520.478200454,1,1,3024
KNN,H4,569,2025-10-28,2025-11-03,118699.0,0.022881405909064,0.006320644257072911,121415.0,119449.2541526703,0.0,118699.0,1965.745847329701,3864156.7362939646,1,1,3023
KNN,H5,569,2025-10-28,2025-11-04,118699.0,0.0095283026815726,0.008889076068439448,119830.0,119754.1244402477,0.0,118699.0,75.8755597522977,5757.100567724499,1,1,3022
KNN,H6,569,2025-10-28,2025-11-05,118699.0,0.0151222840967488,0.009108356292159147,120494.0,119780.15278352301,0.0,118699.0,713.8472164769919,509577.84847194934,1,1,3021
KNN,H7,569,2025-10-28,2025-11-06,118699.0,0.0159057784817058,0.01055024896702461,120587.0,119951.30400213685,0.0,118699.0,635.6959978631494,404109.40169922524,1,1,3020
KNN,H1,570,2025-10-29,2025-10-30,119424.0,0.0069249062165059,0.001592261431518417,120251.0,119614.15422919767,0.0,119424.0,636.8457708023343,405572.5357888193,1,1,3027
KNN,H2,570,2025-10-29,2025-10-31,119424.0,0.0149467443729902,0.00347427273677372,121209.0,119838.91154731647,0.0,119424.0,1370.0884526835289,1877142.3681767464,1,1,3026
KNN,H3,570,2025-10-29,2025-11-03,119424.0,0.0166716907824222,0.00571361442567626,121415.0,120106.34268917196,0.0,119424.0,1308.6573108280427,1712583.9571836842,1,1,3025
KNN,H4,570,2025-10-29,2025-11-04,119424.0,0.0033996516613075,0.006975135536896003,119830.0,120256.99858635828,0.0,119424.0,426.99858635828423,182327.79275197312,1,1,3024
KNN,H5,570,2025-10-29,2025-11-05,119424.0,0.0089596730975347,0.009052051862161627,120494.0,120505.0322415868,0.0,119424.0,11.0322415867995,121.71035442950836,1,1,3023
KNN,H6,570,2025-10-29,2025-11-06,119424.0,0.009738411039657,0.01072916059895217,120587.0,120705.31927536926,0.0,119424.0,118.3192753692565,13999.450923905948,1,1,3022
KNN,H7,570,2025-10-29,2025-11-07,119424.0,0.0136655948553054,0.012542174978452714,121056.0,120921.83670462674,0.0,119424.0,134.16329537326237,17999.789825413245,1,1,3021
KNN,H1,571,2025-10-30,2025-10-31,120251.0,0.0079666697158442,0.0019644912890663157,121209.0,120487.23204200152,0.0,120251.0,721.7679579984833,520948.9851933004,1,1,3028
KNN,H2,571,2025-10-30,2025-11-03,120251.0,0.0096797531829257,0.003773028174414616,121415.0,120704.71041100154,0.0,120251.0,710.2895889984648,504511.300239608,1,1,3027
KNN,H3,571,2025-10-30,2025-11-04,120251.0,-0.0035010103866079,0.005133957503130222,119830.0,120868.3635237089,0.0,120251.0,1038.3635237089038,1078198.8073691712,-1,1,3026
KNN,H4,571,2025-10-30,2025-11-05,120251.0,0.0020207732160231,0.00731111657372887,120494.0,121130.16907910748,0.0,120251.0,636.1690791074798,404711.09721245884,1,1,3025
KNN,H5,571,2025-10-30,2025-11-06,120251.0,0.002794155557958,0.009130205935874942,120587.0,121348.91639399489,0.0,120251.0,761.9163939948921,580516.5914381797,1,1,3024
KNN,H6,571,2025-10-30,2025-11-07,120251.0,0.0066943310242741,0.010265881418025823,121056.0,121485.48250639903,0.0,120251.0,429.48250639902835,184455.22330279142,1,1,3023
KNN,H7,571,2025-10-30,2025-11-10,120251.0,0.0303199141795078,0.011489866842951939,123897.0,121632.66797773182,0.0,120251.0,2264.3320222681796,5127199.507069103,1,1,3022
KNN,H1,572,2025-10-31,2025-11-03,121209.0,0.0016995437632518,0.002051790823904849,121415.0,121457.69551397469,0.0,121209.0,42.69551397468604,1822.9069135626107,1,1,3029
KNN,H2,572,2025-10-31,2025-11-04,121209.0,-0.0113770429588562,0.0032446174465530562,119830.0,121602.27683607924,0.0,121209.0,1772.2768360792397,3140965.1837030402,-1,1,3028
KNN,H3,572,2025-10-31,2025-11-05,121209.0,-0.0058989018967238,0.005088575342566881,120494.0,121825.78112869718,0.0,121209.0,1331.7811286971846,1773640.974753947,-1,1,3027
KNN,H4,572,2025-10-31,2025-11-06,121209.0,-0.0051316321395276,0.007640434794143675,120587.0,122135.08946096335,0.0,121209.0,1548.0894609633542,2396580.9791458086,-1,1,3026
KNN,H5,572,2025-10-31,2025-11-07,121209.0,-0.0012622825037744,0.010613293331245227,121056.0,122495.42667138691,0.0,121209.0,1439.4266713869147,2071949.1423000128,-1,1,3025
KNN,H6,572,2025-10-31,2025-11-10,121209.0,0.0221765710467045,0.011413826565594207,123897.0,122592.45850418913,0.0,121209.0,1304.541495810874,1701828.5142924727,1,1,3024
KNN,H7,572,2025-10-31,2025-11-11,121209.0,0.0221765710467045,0.013468866665750751,123897.0,122841.54785968899,0.0,121209.0,1055.452140311012,1113979.2204870963,1,1,3023
KNN,H1,573,2025-11-03,2025-11-04,121415.0,-0.0130544001976691,0.001991325174269451,119830.0,121656.77674603391,0.0,121415.0,1826.7767460339091,3337113.2798502375,-1,1,3030
KNN,H2,573,2025-11-03,2025-11-05,121415.0,-0.0075855536795288,0.0034687573085931183,120494.0,121836.15916862285,0.0,121415.0,1342.1591686228494,1801391.2339183784,-1,1,3029
KNN,H3,573,2025-11-03,2025-11-06,121415.0,-0.0068195857184037,0.005590791702480955,120587.0,122093.80597455672,0.0,121415.0,1506.8059745567152,2270464.244959812,-1,1,3028
KNN,H4,573,2025-11-03,2025-11-07,121415.0,-0.0029568010542354,0.008270055470758432,121056.0,122419.10878498213,0.0,121415.0,1363.1087849821342,1858065.5596954704,-1,1,3027
KNN,H5,573,2025-11-03,2025-11-10,121415.0,0.02044228472594,0.01102092301273925,123897.0,122753.10536759172,0.0,121415.0,1143.894632408279,1308494.9300524718,1,1,3026
KNN,H6,573,2025-11-03,2025-11-11,121415.0,0.02044228472594,0.011936082754478827,123897.0,122864.21948763504,0.0,121415.0,1032.7805123649596,1066635.5867208284,1,1,3025
KNN,H7,573,2025-11-03,2025-11-12,121415.0,0.0407527900177078,0.014030508207156745,126363.0,123118.51415397195,0.0,121415.0,3244.485846028052,10526688.405076364,1,1,3024
KNN,H1,574,2025-11-04,2025-11-05,119830.0,0.0055411833430694,0.0020051339443676475,120494.0,120070.27520055357,0.0,119830.0,423.7247994464269,179542.70566591472,1,1,3031
KNN,H2,574,2025-11-04,2025-11-06,119830.0,0.0063172828173245,0.003537732925846244,120587.0,120253.92653650414,0.0,119830.0,333.0734634958644,110937.93208513093,1,1,3030
KNN,H3,574,2025-11-04,2025-11-07,119830.0,0.0102311608111491,0.005684038984458185,121056.0,120511.11839150761,0.0,119830.0,544.8816084923892,296895.9672732533,1,1,3029
KNN,H4,574,2025-11-04,2025-11-10,119830.0,0.0339397479762997,0.007548247628153184,123897.0,120734.5065132816,0.0,119830.0,3162.4934867184056,10001365.053536339,1,1,3028
KNN,H5,574,2025-11-04,2025-11-11,119830.0,0.0339397479762997,0.01070252079849779,123897.0,121112.483067284,0.0,119830.0,2784.5169327159965,7753534.548582101,1,1,3027
KNN,H6,574,2025-11-04,2025-11-12,119830.0,0.054518901777518,0.011108795026167025,126363.0,121161.1669079856,0.0,119830.0,5201.833092014407,27059067.517176166,1,1,3026
KNN,H7,574,2025-11-04,2025-11-13,119830.0,0.0570641742468496,0.013168263482710496,126668.0,121407.95301313321,0.0,119830.0,5260.046986866786,27668094.304046355,1,1,3025
KNN,H1,575,2025-11-05,2025-11-06,120494.0,0.000771822663369,0.0018231481329632569,120587.0,120713.67841113328,0.0,120494.0,126.67841113328177,16047.419847252766,1,1,3032
KNN,H2,575,2025-11-05,2025-11-07,120494.0,0.004664132653908,0.0034622921896412264,121056.0,120911.18543509863,0.0,120494.0,144.81456490137498,20971.258207574545,1,1,3031
KNN,H3,575,2025-11-05,2025-11-10,120494.0,0.0282420701445715,0.005969045836180578,123897.0,121213.23420898474,0.0,120494.0,2683.765791015263,7202598.82102378,1,1,3030
KNN,H4,575,2025-11-05,2025-11-11,120494.0,0.0282420701445715,0.007742057104854193,123897.0,121426.87142879229,0.0,120494.0,2470.128571207708,6101535.158296633,1,1,3029
KNN,H5,575,2025-11-05,2025-11-12,120494.0,0.0487078194764885,0.009823659140970548,126363.0,121677.69198453211,0.0,120494.0,4685.30801546789,21952111.19980766,1,1,3028
KNN,H6,575,2025-11-05,2025-11-13,120494.0,0.0512390658456023,0.011388631083394206,126668.0,121866.26171376249,0.0,120494.0,4801.738286237509,23056690.56951913,1,1,3027
KNN,H7,575,2025-11-05,2025-11-14,120494.0,0.024565538533039,0.013303869058372778,123454.0,122097.03639831959,0.0,120494.0,1356.9636016804143,1841350.216285482,1,1,3026
KNN,H1,576,2025-11-06,2025-11-07,120587.0,0.003889308134376,0.0020175407629022903,121056.0,120830.28918797612,0.0,120587.0,225.7108120238845,50945.37066448132,1,1,3033
KNN,H2,576,2025-11-06,2025-11-10,120587.0,0.0274490616733147,0.003545388446124606,123897.0,121014.52775655282,0.0,120587.0,2882.472243447177,8308646.234243401,1,1,3032
KNN,H3,576,2025-11-06,2025-11-11,120587.0,0.0274490616733147,0.005642251971279718,123897.0,121267.38223846072,0.0,120587.0,2629.6177615392808,6914889.571802857,1,1,3031
KNN,H4,576,2025-11-06,2025-11-12,120587.0,0.0478990272583279,0.008309149732945291,126363.0,121588.97543884667,0.0,120587.0,4774.024561153332,22791310.510495264,1,1,3030
KNN,H5,576,2025-11-06,2025-11-13,120587.0,0.050428321460854,0.011592766507115618,126668.0,121984.93693479354,0.0,120587.0,4683.063065206457,21931079.6727009,1,1,3029
KNN,H6,576,2025-11-06,2025-11-14,120587.0,0.0237753655037442,0.012188952180375887,123454.0,122056.829176575,0.0,120587.0,1397.1708234249963,1952086.3098300823,1,1,3028
KNN,H7,576,2025-11-06,2025-11-17,120587.0,0.0182606748654499,0.014208209902517468,122789.0,122300.32540751486,0.0,120587.0,488.67459248514206,238802.85734051967,1,1,3027
KNN,H1,577,2025-11-07,2025-11-10,121056.0,0.0234684773988897,0.001955250013489163,123897.0,121292.69474563295,0.0,121056.0,2604.305254367049,6782405.857923821,1,1,3034
KNN,H2,577,2025-11-07,2025-11-11,121056.0,0.0234684773988897,0.0033105913482894688,123897.0,121456.76694625852,0.0,121056.0,2440.233053741482,5954737.356572478,1,1,3033
KNN,H3,577,2025-11-07,2025-11-12,121056.0,0.0438392149088024,0.004940616966518757,126363.0,121654.09132749889,0.0,121056.0,4708.908672501115,22173820.885956213,1,1,3032
KNN,H4,577,2025-11-07,2025-11-13,121056.0,0.0463587100185038,0.00761728860794428,126668.0,121978.11848972329,0.0,121056.0,4689.881510276711,21994988.580435365,1,1,3031
KNN,H5,577,2025-11-07,2025-11-14,121056.0,0.0198090140100448,0.01047261263965433,123454.0,122323.772595706,0.0,121056.0,1130.227404293997,1277413.9854171465,1,1,3030
KNN,H6,577,2025-11-07,2025-11-17,121056.0,0.0143156886069257,0.011313869740758764,122789.0,122425.61181533731,0.0,121056.0,363.38818466269004,132050.97275244532,1,1,3029
KNN,H7,577,2025-11-07,2025-11-18,121056.0,0.0126800819455459,0.01335370052420705,122591.0,122672.5455706584,0.0,121056.0,81.54557065840345,6649.68009400467,1,1,3028
KNN,H1,578,2025-11-10,2025-11-11,123897.0,0.0,0.0022259521717842724,123897.0,124172.78879622756,0.0,123897.0,275.7887962275563,76059.46012464457,0,1,3035
KNN,H2,578,2025-11-10,2025-11-12,123897.0,0.019903629627836,0.0034241516080511913,126363.0,124321.2421117827,0.0,123897.0,2041.7578882172966,4168775.2740975544,1,1,3034
KNN,H3,578,2025-11-10,2025-11-13,123897.0,0.0223653518648554,0.0049130889970400195,126668.0,124505.71698746628,0.0,123897.0,2162.2830125337205,4675467.826291902,1,1,3033
KNN,H4,578,2025-11-10,2025-11-14,123897.0,-0.0035755506590151,0.006462341736500983,123454.0,124697.66475412727,0.0,123897.0,1243.6647541272687,1546702.0206584397,-1,1,3032
KNN,H5,578,2025-11-10,2025-11-17,123897.0,-0.0089429122577624,0.010035117927646393,122789.0,125140.3210058816,0.0,123897.0,2351.321005881604,5528710.472700078,-1,1,3031
KNN,H6,578,2025-11-10,2025-11-18,123897.0,-0.0105410139067128,0.010956242486348336,122591.0,125254.44557533109,0.0,123897.0,2663.4455753310904,7093942.332750763,-1,1,3030
KNN,H7,578,2025-11-10,2025-11-19,123897.0,-0.0080147219060994,0.012873073951254576,122904.0,125491.9352433386,0.0,123897.0,2587.935243338594,6697408.823713987,-1,1,3029
KNN,H1,579,2025-11-11,2025-11-12,123897.0,0.019903629627836,0.0018806497822203307,126363.0,124130.00686606775,0.0,123897.0,2232.99313393225,4986258.336188572,1,1,3036
KNN,H2,579,2025-11-11,2025-11-13,123897.0,0.0223653518648554,0.0034638538867587834,126668.0,124326.16110500776,0.0,123897.0,2341.8388949922373,5484209.410098463,1,1,3035
KNN,H3,579,2025-11-11,2025-11-14,123897.0,-0.0035755506590151,0.005298938835494356,123454.0,124553.52262490123,0.0,123897.0,1099.522624901234,1208950.0026696995,-1,1,3034
KNN,H4,579,2025-11-11,2025-11-17,123897.0,-0.0089429122577624,0.007568769251704169,122789.0,124834.74780397839,0.0,123897.0,2045.7478039783891,4185084.077482402,-1,1,3033
KNN,H5,579,2025-11-11,2025-11-18,123897.0,-0.0105410139067128,0.009518110000500991,122591.0,125076.26527473208,0.0,123897.0,2485.2652747320826,6176543.485789134,-1,1,3032
KNN,H6,579,2025-11-11,2025-11-19,123897.0,-0.0080147219060994,0.011617327135194408,122904.0,125336.35198006919,0.0,123897.0,2432.3519800691865,5916336.154946492,-1,1,3031
KNN,H7,579,2025-11-11,2025-11-20,123897.0,-0.010645939772553,0.013267081589773948,122578.0,125540.75160772822,0.0,123897.0,2962.75160772822,8777897.089096151,-1,1,3030
KNN,H1,580,2025-11-12,2025-11-13,126363.0,0.0024136812199773,0.0021781600969791874,126668.0,126638.23884433458,0.0,126363.0,29.761155665415572,885.7263865410974,1,1,3037
KNN,H2,580,2025-11-12,2025-11-14,126363.0,-0.0230209792423414,0.003357325806727574,123454.0,126787.24176091552,0.0,126363.0,3333.2417609155236,11110500.636711221,-1,1,3036
KNN,H3,580,2025-11-12,2025-11-17,126363.0,-0.0282835956727839,0.005334357372373369,122789.0,127037.06540064522,0.0,126363.0,4248.065400645224,18046059.648159068,-1,1,3035
KNN,H4,580,2025-11-12,2025-11-18,126363.0,-0.0298505100385397,0.007854585386745461,122591.0,127355.52897322533,0.0,126363.0,4764.5289732253295,22700736.336703613,-1,1,3034
KNN,H5,580,2025-11-12,2025-11-19,126363.0,-0.0273735191472187,0.00943324100405489,122904.0,127555.0126329954,0.0,126363.0,4651.012632995393,21631918.512282737,-1,1,3033
KNN,H6,580,2025-11-12,2025-11-20,126363.0,-0.0299533882544732,0.010910749459804922,122578.0,127741.71503398933,0.0,126363.0,5163.715033989327,26663952.952247396,-1,1,3032
KNN,H7,580,2025-11-12,2025-11-21,126363.0,-0.0198950642197478,0.01262818408553806,123849.0,127958.73522560085,0.0,126363.0,4109.735225600845,16889923.62454443,-1,1,3031
KNN,H1,581,2025-11-13,2025-11-14,126668.0,-0.0253734171219249,0.001920299388584071,123454.0,126911.24048295317,0.0,126668.0,3457.2404829531733,11952511.756970292,-1,1,3038
KNN,H2,581,2025-11-13,2025-11-17,126668.0,-0.0306233618593488,0.0035091981972764134,122789.0,127112.5031172526,0.0,126668.0,4323.503117252607,18692679.204893008,-1,1,3037
KNN,H3,581,2025-11-13,2025-11-18,126668.0,-0.0321865032999653,0.005692505825884387,122591.0,127389.05832795311,0.0,126668.0,4798.058327953113,23021363.71844022,-1,1,3036
KNN,H4,581,2025-11-13,2025-11-19,126668.0,-0.0297154766791928,0.007864081820949895,122904.0,127664.12751609608,0.0,126668.0,4760.1275160960795,22658813.969495032,-1,1,3035
KNN,H5,581,2025-11-13,2025-11-20,126668.0,-0.0322891337985915,0.00806044652146036,122578.0,127689.00063998035,0.0,126668.0,5111.000639980353,26122327.54187958,-1,1,3034
KNN,H6,581,2025-11-13,2025-11-21,126668.0,-0.0222550288944326,0.01070410615899069,123849.0,128023.86771894705,0.0,126668.0,4174.867718947047,17429520.47070612,-1,1,3033
KNN,H7,581,2025-11-13,2025-11-24,126668.0,-0.0241102725234471,0.012507134289798442,123614.0,128252.25368622018,0.0,126668.0,4638.253686220181,21513397.2577351,-1,1,3032
KNN,H1,582,2025-11-14,2025-11-17,123454.0,-0.0053866217376512,0.002246997756411363,122789.0,123731.40086102003,0.0,123454.0,942.4008610200253,888119.382851285,-1,1,3039
KNN,H2,582,2025-11-14,2025-11-18,123454.0,-0.0069904579843504,0.0037717379682408935,122591.0,123919.63613913121,0.0,123454.0,1328.6361391312093,1765273.9902054863,-1,1,3038
KNN,H3,582,2025-11-14,2025-11-19,123454.0,-0.0044551006852754,0.005787940870864502,122904.0,124168.54445227172,0.0,123454.0,1264.5444522717153,1599072.6717711724,-1,1,3037
KNN,H4,582,2025-11-14,2025-11-20,123454.0,-0.0070957603641842,0.007877693066479194,122578.0,124426.53271982912,0.0,123454.0,1848.5327198291197,3417073.216278843,-1,1,3036
KNN,H5,582,2025-11-14,2025-11-21,123454.0,0.0031995723103341,0.010280362851379083,123849.0,124723.15191545415,0.0,123454.0,874.1519154541456,764141.5712921518,1,1,3035
KNN,H6,582,2025-11-14,2025-11-24,123454.0,0.0012960292902619,0.011230571375892267,123614.0,124840.4589586394,0.0,123454.0,1226.4589586393995,1504201.5772268402,1,1,3034
KNN,H7,582,2025-11-14,2025-11-25,123454.0,0.0118424676397685,0.013102660513506843,124916.0,125071.57585103449,0.0,123454.0,155.57585103448946,24203.845425105654,1,1,3033
KNN,H1,583,2025-11-17,2025-11-18,122789.0,-0.0016125222943422,0.0018933225474354065,122591.0,123021.47918227703,0.0,122789.0,430.47918227703485,185312.3263739046,-1,1,3040
KNN,H2,583,2025-11-17,2025-11-19,122789.0,0.0009365659790372,0.0038046547461897656,122904.0,123256.1697516299,0.0,122789.0,352.16975162990275,124023.53396306738,1,1,3039
KNN,H3,583,2025-11-17,2025-11-20,122789.0,-0.0017183949702335,0.00590648706454928,122578.0,123514.25164016895,0.0,122789.0,936.25164016895,876567.1337190489,-1,1,3038
KNN,H4,583,2025-11-17,2025-11-21,122789.0,0.0086326951111255,0.008216552698492799,123849.0,123797.90228929522,0.0,122789.0,51.097710704780184,2610.9760392694075,1,1,3037
KNN,H5,583,2025-11-17,2025-11-24,122789.0,0.0067188428930931,0.011331632036903511,123614.0,124180.39976617934,0.0,122789.0,566.3997661793401,320808.6951280111,1,1,3036
KNN,H6,583,2025-11-17,2025-11-25,122789.0,0.0173223985861925,0.012108686280507526,124916.0,124275.81347969724,0.0,122789.0,640.1865203027555,409838.7807773504,1,1,3035
KNN,H7,583,2025-11-17,2025-11-26,122789.0,0.0234955899958464,0.013948379122657333,125674.0,124501.70752409197,0.0,122789.0,1172.2924759080342,1374269.649070589,1,1,3034
KNN,H1,584,2025-11-18,2025-11-19,122591.0,0.0025532053739671,0.0018517493600975236,122904.0,122818.00780580372,0.0,122591.0,85.99219419628207,7394.657462691088,1,1,3041
KNN,H2,584,2025-11-18,2025-11-20,122591.0,-0.0001060436736791,0.0037157297570414877,122578.0,123046.51502664549,0.0,122591.0,468.5150266454875,219506.33019262188,-1,1,3040
KNN,H3,584,2025-11-18,2025-11-21,122591.0,0.0102617647298741,0.00569597916034801,123849.0,123289.27578124621,0.0,122591.0,559.7242187537922,313291.20105954306,1,1,3039
KNN,H4,584,2025-11-18,2025-11-24,122591.0,0.0083448213979819,0.00733697258365372,123614.0,123490.44680600268,0.0,122591.0,123.55319399731525,15265.391746938216,1,1,3038
KNN,H5,584,2025-11-18,2025-11-25,122591.0,0.0189655031772315,0.01220545005640752,124916.0,124087.27832786505,0.0,122591.0,828.7216721349541,686779.6098661544,1,1,3037
KNN,H6,584,2025-11-18,2025-11-26,122591.0,0.0251486650732923,0.011128856528628332,125674.0,123955.29765070108,0.0,122591.0,1718.7023492989247,2953937.765485643,1,1,3036
KNN,H7,584,2025-11-18,2025-11-27,122591.0,0.0234438090887585,0.013126383937416112,125465.0,124200.17653327178,0.0,122591.0,1264.8234667282231,1599778.4019864006,1,1,3035
KNN,H1,585,2025-11-19,2025-11-20,122904.0,-0.0026524767298053,0.0018891219788220019,122578.0,123136.18064768513,0.0,122904.0,558.1806476851343,311565.63545019604,-1,1,3042
KNN,H2,585,2025-11-19,2025-11-21,122904.0,0.007688927943761,0.0036871777781476264,123849.0,123357.16889764545,0.0,122904.0,491.8311023545539,241897.83324329567,1,1,3041
KNN,H3,585,2025-11-19,2025-11-24,122904.0,0.0057768664974289,0.005804299991613762,123614.0,123617.3716861693,0.0,122904.0,3.3716861692955717,11.368267624219047,1,1,3040
KNN,H4,585,2025-11-19,2025-11-25,122904.0,0.0163705005532772,0.008300076111548463,124916.0,123924.11255441375,0.0,122904.0,991.8874455862533,983840.7047116226,1,1,3039
KNN,H5,585,2025-11-19,2025-11-26,122904.0,0.0225379157716592,0.013709076746322484,125674.0,124588.90036843001,0.0,122904.0,1085.0996315699886,1177441.2104333248,1,1,3038
KNN,H6,585,2025-11-19,2025-11-27,122904.0,0.0208374015491765,0.012278091023527855,125465.0,124413.02649915566,0.0,122904.0,1051.9735008443386,1106648.2464786936,1,1,3037
KNN,H7,585,2025-11-19,2025-11-28,122904.0,0.0328630475818525,0.01438353327119389,126943.0,124671.79377316282,0.0,122904.0,2271.206226837181,5158377.724823984,1,1,3036
KNN,H1,586,2025-11-20,2025-11-21,122578.0,0.0103689079606454,0.002035706319565411,123849.0,122827.5328092397,0.0,122578.0,1021.4671907603042,1043395.2217997478,1,1,3043
KNN,H2,586,2025-11-20,2025-11-24,122578.0,0.0084517613274812,0.0037681207173738177,123614.0,123039.88870129426,0.0,122578.0,574.1112987057422,329603.78330159397,1,1,3042
KNN,H3,586,2025-11-20,2025-11-25,122578.0,0.0190735694822887,0.005986879622138393,124916.0,123311.85973032247,0.0,122578.0,1604.140269677533,2573266.0048011085,1,1,3041
KNN,H4,586,2025-11-20,2025-11-26,122578.0,0.0252573871330907,0.008028204883994939,125674.0,123562.08129827034,0.0,122578.0,2111.9187017296645,4460200.602715512,1,1,3040
KNN,H5,586,2025-11-20,2025-11-27,122578.0,0.0235523503401915,0.011903169217606004,125465.0,124037.0666763557,0.0,122578.0,1427.9333236443053,2038993.5767738724,1,1,3039
KNN,H6,586,2025-11-20,2025-11-28,122578.0,0.0356099789521773,0.01178436191668656,126943.0,124022.50351502362,0.0,122578.0,2920.4964849763783,8529299.71875938,1,1,3038
KNN,H7,586,2025-11-20,2025-12-01,122578.0,0.0445104341725268,0.013681403089682598,128034.0,124255.03902792711,0.0,122578.0,3778.9609720728913,14280546.028450092,1,1,3037
KNN,H1,587,2025-11-21,2025-11-24,123849.0,-0.0018974719214527,0.0022488991801337824,123614.0,124127.52391456038,0.0,123849.0,513.5239145603846,263706.8108254212,-1,1,3044
KNN,H2,587,2025-11-21,2025-11-25,123849.0,0.0086153299582556,0.003867566261240706,124916.0,124327.99421388839,0.0,123849.0,588.0057861116074,345750.8045007294,1,1,3043
KNN,H3,587,2025-11-21,2025-11-26,123849.0,0.0147356861985159,0.006128052846446861,125674.0,124607.9532169796,0.0,123849.0,1066.0467830203997,1136455.7435881433,1,1,3042
KNN,H4,587,2025-11-21,2025-11-27,123849.0,0.0130481473407133,0.007811233987659873,125465.0,124816.41351813769,0.0,123849.0,648.5864818623086,420664.42445452674,1,1,3041
KNN,H5,587,2025-11-21,2025-11-28,123849.0,0.0249820345743607,0.011250605805631838,126943.0,125242.3762784217,0.0,123849.0,1700.623721578304,2892121.0423948406,1,1,3040
KNN,H6,587,2025-11-21,2025-12-01,123849.0,0.0337911488990625,0.011237872057915835,128034.0,125240.79921650082,0.0,123849.0,2793.200783499182,7801970.616940443,1,1,3039
KNN,H7,587,2025-11-21,2025-12-02,123849.0,0.03889413721548,0.013425095456941706,128666.0,125511.68464724677,0.0,123849.0,3154.3153527532268,9949705.344614713,1,1,3038
KNN,H1,588,2025-11-24,2025-11-25,123614.0,0.0105327875483358,0.001856536483023745,124916.0,123843.49390081248,0.0,123614.0,1072.5060991875216,1150269.332794434,1,1,3045
KNN,H2,588,2025-11-24,2025-11-26,123614.0,0.0166647790703318,0.0035556667179582014,125674.0,124053.53018567368,0.0,123614.0,1620.469814326323,2625922.4191427883,1,1,3044
KNN,H3,588,2025-11-24,2025-11-27,123614.0,0.014974032067565,0.005782901165412489,125465.0,124328.8475446613,0.0,123614.0,1136.152455338699,1290842.4017721543,1,1,3043
KNN,H4,588,2025-11-24,2025-11-28,123614.0,0.0269306065655994,0.007405778686886688,126943.0,124529.45792660081,0.0,123614.0,2413.5420733991923,5825185.340068072,1,1,3042
KNN,H5,588,2025-11-24,2025-12-01,123614.0,0.0357564677140129,0.009523163410758683,128034.0,124791.19632185753,0.0,123614.0,3242.8036781424744,10515775.694974361,1,1,3041
KNN,H6,588,2025-11-24,2025-12-02,123614.0,0.0408691572152022,0.010658652902280212,128666.0,124931.55871986247,0.0,123614.0,3734.4412801375292,13946051.674795229,1,1,3040
KNN,H7,588,2025-11-24,2025-12-03,123614.0,0.0460384746064361,0.013132162724449746,129305.0,125237.31916302015,0.0,123614.0,4067.6808369798528,16546027.391533116,1,1,3039
KNN,H1,589,2025-11-25,2025-11-26,124916.0,0.0060680777482469,0.0022875796496786677,125674.0,125201.75529951925,0.0,124916.0,472.24470048074727,223015.0571321507,1,1,3046
KNN,H2,589,2025-11-25,2025-11-27,124916.0,0.0043949534086906,0.0035160295009580827,125465.0,125355.20834114167,0.0,124916.0,109.79165885833208,12054.20835486437,1,1,3045
KNN,H3,589,2025-11-25,2025-11-28,124916.0,0.0162269044798104,0.005403022148170813,126943.0,125590.92391466092,0.0,124916.0,1352.076085339082,1828109.7405458568,1,1,3044
KNN,H4,589,2025-11-25,2025-12-01,124916.0,0.024960773639886,0.007568379188007111,128034.0,125861.41165464908,0.0,124916.0,2172.588345350916,4720140.118354631,1,1,3043
KNN,H5,589,2025-11-25,2025-12-02,124916.0,0.0300201735566301,0.010910174780619836,128666.0,126278.8553928959,0.0,124916.0,2387.144607104099,5698459.375226184,1,1,3042
KNN,H6,589,2025-11-25,2025-12-03,124916.0,0.0351356111306797,0.011307180386743292,129305.0,126328.44774519042,0.0,124916.0,2976.552254809576,8859863.325611971,1,1,3041
KNN,H7,589,2025-11-25,2025-12-04,124916.0,0.0318454001088732,0.01327125310837218,128894.0,126573.79185328541,0.0,124916.0,2320.208146714591,5383365.844080756,1,1,3040
KNN,H1,590,2025-11-26,2025-11-27,125674.0,-0.0016630329264605,0.0019785973193724694,125465.0,125922.65823951481,0.0,125674.0,457.65823951481434,209451.06419579918,-1,1,3047
KNN,H2,590,2025-11-26,2025-11-28,125674.0,0.0100975539888918,0.0036968835440001576,126943.0,126138.60214250867,0.0,125674.0,804.3978574913344,647055.9131366492,1,1,3046
KNN,H3,590,2025-11-26,2025-12-01,125674.0,0.0187787450069227,0.005585310194015342,128034.0,126375.92827332269,0.0,125674.0,1658.0717266773136,2749201.850806688,1,1,3045
KNN,H4,590,2025-11-26,2025-12-02,125674.0,0.0238076292630138,0.007828885804009856,128666.0,126657.88739453313,0.0,125674.0,2008.1126054668712,4032516.2362349457,1,1,3044
KNN,H5,590,2025-11-26,2025-12-03,125674.0,0.0288922131864983,0.009445404942774816,129305.0,126861.04182077828,0.0,125674.0,2443.9581792217214,5972931.581784751,1,1,3043
KNN,H6,590,2025-11-26,2025-12-04,125674.0,0.0256218470009708,0.012237631028364107,128894.0,127211.95204185862,0.0,125674.0,1682.047958141382,2829285.333487592,1,1,3042
KNN,H7,590,2025-11-26,2025-12-05,125674.0,0.0281044607476486,0.013797923236801643,129206.0,127408.04020486183,0.0,125674.0,1797.959795138173,3232659.424933301,1,1,3041
KNN,H1,591,2025-11-27,2025-11-28,125465.0,0.0117801777388115,0.0015425945556741083,126943.0,125658.54162592767,0.0,125465.0,1284.458374072332,1649833.3147245387,1,1,3048
KNN,H2,591,2025-11-27,2025-12-01,125465.0,0.0204758299127245,0.003331442065379062,128034.0,125882.9793787328,0.0,125465.0,2151.0206212672056,4626889.713116755,1,1,3047
KNN,H3,591,2025-11-27,2025-12-02,125465.0,0.0255130913003627,0.005224757606254557,128666.0,126120.52421306873,0.0,125465.0,2545.4757869312743,6479446.98185339,1,1,3046
KNN,H4,591,2025-11-27,2025-12-03,125465.0,0.0306061451400789,0.007209292187561311,129305.0,126369.51384431237,0.0,125465.0,2935.4861556876276,8617078.970233727,1,1,3045
KNN,H5,591,2025-11-27,2025-12-04,125465.0,0.0273303311680548,0.009645825450101281,128894.0,126675.21349009695,0.0,125465.0,2218.786509903046,4923013.57652774,1,1,3044
KNN,H6,591,2025-11-27,2025-12-05,125465.0,0.0298170804606863,0.010920805811044694,129206.0,126835.1789010827,0.0,125465.0,2370.821098917295,5620792.683071409,1,1,3043
KNN,H7,591,2025-11-27,2025-12-08,125465.0,0.0260710158211452,0.01327020303437019,128736.0,127129.94602370725,0.0,125465.0,1606.053976292751,2579409.3747657565,1,1,3042
KNN,H1,592,2025-11-28,2025-12-01,126943.0,0.0085944085140574,0.0020781709129798257,128034.0,127206.8092502064,0.0,126943.0,827.1907497936045,684244.5365441056,1,1,3049
KNN,H2,592,2025-11-28,2025-12-02,126943.0,0.013573020962164,0.003330458309313589,128666.0,127365.7783691592,0.0,126943.0,1300.2216308407951,1690576.289306297,1,1,3048
KNN,H3,592,2025-11-28,2025-12-03,126943.0,0.0186067762696642,0.005517125041421126,129305.0,127643.36040413313,0.0,126943.0,1661.6395958668727,2761046.146552624,1,1,3047
KNN,H4,592,2025-11-28,2025-12-04,126943.0,0.0153691026681266,0.0073202085803141725,128894.0,127872.24923781081,0.0,126943.0,1021.7507621891855,1043974.6200341815,1,1,3046
KNN,H5,592,2025-11-28,2025-12-05,126943.0,0.0178268986868121,0.010388420521088145,129206.0,128261.73726620851,0.0,126943.0,944.2627337914892,891632.1104273767,1,1,3045
KNN,H6,592,2025-11-28,2025-12-08,126943.0,0.0141244495560999,0.011438880759212412,128736.0,128395.0858402167,0.0,126943.0,340.91415978329314,116222.46434074873,1,1,3044
KNN,H7,592,2025-11-28,2025-12-09,126943.0,0.0150461230631071,0.012965591493807256,128853.0,128588.89108099836,0.0,126943.0,264.1089190016355,69753.52109621247,1,1,3043
KNN,H1,593,2025-12-01,2025-12-02,128034.0,0.0049361888248433,0.0016822788555276695,128666.0,128249.38889098864,0.0,128034.0,416.61110901135544,173564.8161516715,1,1,3050
KNN,H2,593,2025-12-01,2025-12-03,128034.0,0.0099270506271771,0.0032297122936328347,129305.0,128447.512983803,0.0,128034.0,857.487016197003,735283.9829464392,1,1,3049
KNN,H3,593,2025-12-01,2025-12-04,128034.0,0.0067169658059578,0.005657877772464054,128894.0,128758.40072271967,0.0,128034.0,135.59927728032926,18387.16399894762,1,1,3048
KNN,H4,593,2025-12-01,2025-12-05,128034.0,0.0091538185169564,0.007598772199297407,129206.0,129006.90119976485,0.0,128034.0,199.09880023515143,39640.33225507673,1,1,3047
KNN,H5,593,2025-12-01,2025-12-08,128034.0,0.0054829185997469,0.009241736410485974,128736.0,129217.25647958016,0.0,128034.0,481.25647958015907,231607.79913788807,1,1,3046
KNN,H6,593,2025-12-01,2025-12-09,128034.0,0.0063967383663714,0.011920668592187992,128853.0,129560.2508825322,0.0,128034.0,707.2508825322002,500203.81084257603,1,1,3045
KNN,H7,593,2025-12-01,2025-12-10,128034.0,0.0036396582157864,0.013539001306317957,128500.0,129767.4524932531,0.0,128034.0,1267.4524932531058,1606435.822653514,1,1,3044
KNN,H1,594,2025-12-02,2025-12-03,128666.0,0.0049663469758911,0.0022743038861582055,129305.0,128958.62558381642,0.0,128666.0,346.37441618357843,119975.2361865148,1,1,3051
KNN,H2,594,2025-12-02,2025-12-04,128666.0,0.0017720299068906,0.003696877279756966,128894.0,129141.66241207722,0.0,128666.0,247.6624120772176,61336.67035590554,1,1,3050
KNN,H3,594,2025-12-02,2025-12-05,128666.0,0.0041969129373726,0.005955020946219651,129206.0,129432.20872506629,0.0,128666.0,226.20872506628803,51170.387296115485,1,1,3049
KNN,H4,594,2025-12-02,2025-12-08,128666.0,0.0005440442696593,0.008323326956345925,128736.0,129736.9291861652,0.0,128666.0,1000.9291861652018,1001859.2357173333,1,1,3048
KNN,H5,594,2025-12-02,2025-12-09,128666.0,0.0014533754060901,0.01093200988346747,128853.0,130072.57798366624,0.0,128666.0,1219.5779836662405,1487370.4582434127,1,1,3047
KNN,H6,594,2025-12-02,2025-12-10,128666.0,-0.0012901621251923,0.011578248328658362,128500.0,130155.72689945516,0.0,128666.0,1655.726899455156,2741431.565579384,-1,1,3046
KNN,H7,594,2025-12-02,2025-12-11,128666.0,0.0174016445681066,0.013806942146864136,130905.0,130442.48401826841,0.0,128666.0,462.5159817315871,213921.0333571338,1,1,3045
KNN,H1,595,2025-12-03,2025-12-04,129305.0,-0.003178531379297,0.001887068290305434,128894.0,129549.00736527794,0.0,129305.0,655.0073652779392,429034.64856834774,-1,1,3052
KNN,H2,595,2025-12-03,2025-12-05,129305.0,-0.0007656316461079,0.003182275891398037,129206.0,129716.48418413721,0.0,129305.0,510.48418413721083,260594.1022542338,-1,1,3051
KNN,H3,595,2025-12-03,2025-12-08,129305.0,-0.0044004485518734,0.005864760295991298,128736.0,130063.34283007316,0.0,129305.0,1327.3428300731612,1761838.9885466287,-1,1,3050
KNN,H4,595,2025-12-03,2025-12-09,129305.0,-0.0034956111519276,0.008699600774585729,128853.0,130429.90187815779,0.0,129305.0,1576.9018781577906,2486619.5333375675,-1,1,3049
KNN,H5,595,2025-12-03,2025-12-10,129305.0,-0.0062255906577471,0.010918822454485205,128500.0,130716.8583374772,0.0,129305.0,2216.858337477199,4914460.88844217,-1,1,3048
KNN,H6,595,2025-12-03,2025-12-11,129305.0,0.0123738447855845,0.011787641012715684,130905.0,130829.20092114921,0.0,129305.0,75.79907885078865,5745.500354628075,1,1,3047
KNN,H7,595,2025-12-03,2025-12-12,129305.0,0.0180967479989173,0.013926880580880237,131645.0,131105.81529351074,0.0,129305.0,539.1847064892645,290720.1477119143,1,1,3046
KNN,H1,596,2025-12-04,2025-12-05,128894.0,0.0024205936661132,0.002123797108543091,129206.0,129167.74470450854,0.0,128894.0,38.25529549145722,1463.467633138707,1,1,3053
KNN,H2,596,2025-12-04,2025-12-08,128894.0,-0.0012258134591214,0.004058023241224476,128736.0,129417.05484765438,0.0,128894.0,681.0548476543772,463835.705513527,-1,1,3052
KNN,H3,596,2025-12-04,2025-12-09,128894.0,-0.0003180908343289,0.006786018130976838,128853.0,129768.67702097414,0.0,128894.0,915.6770209741371,838464.4067400703,-1,1,3051
KNN,H4,596,2025-12-04,2025-12-10,128894.0,-0.0030567753347712,0.009450180517398332,128500.0,130112.07156760954,0.0,128894.0,1612.0715676095424,2598774.7390950876,-1,1,3050
KNN,H5,596,2025-12-04,2025-12-11,128894.0,0.0156019675081851,0.012281695878543148,130905.0,130477.03690856895,0.0,128894.0,427.96309143105464,183152.40762722524,1,1,3049
KNN,H6,596,2025-12-04,2025-12-12,128894.0,0.0213431191521715,0.013412329355961436,131645.0,130622.76878000729,0.0,128894.0,1022.231219992711,1044956.6671277863,1,1,3048
KNN,H7,596,2025-12-04,2025-12-15,128894.0,0.0279066519775939,0.015531596055705067,132491.0,130895.92954200404,0.0,128894.0,1595.0704579959565,2544249.7659714306,1,1,3047
KNN,H1,597,2025-12-05,2025-12-08,129206.0,-0.0036376019689488,0.0020073271197809336,128736.0,129465.35870783842,0.0,129206.0,729.3587078384153,531964.1246997229,-1,1,3054
KNN,H2,597,2025-12-05,2025-12-09,129206.0,-0.0027320712660402,0.003851864569807653,128853.0,129703.68401360656,0.0,129206.0,850.6840136065584,723663.2910057633,-1,1,3053
KNN,H3,597,2025-12-05,2025-12-10,129206.0,-0.0054641425320806,0.006290833780771811,128500.0,130018.81346947841,0.0,129206.0,1518.8134694784094,2306794.355069043,-1,1,3052
KNN,H4,597,2025-12-05,2025-12-11,129206.0,0.0131495441388171,0.00920267808648873,130905.0,130395.04122484286,0.0,129206.0,509.958775157138,260057.95235976845,1,1,3051
KNN,H5,597,2025-12-05,2025-12-12,129206.0,0.018876832345247,0.012283799843283538,131645.0,130793.14064255131,0.0,129206.0,851.8593574486877,725664.364872891,1,1,3050
KNN,H6,597,2025-12-05,2025-12-15,129206.0,0.0254245158893549,0.012411911180469755,132491.0,130809.69339598376,0.0,129206.0,1681.3066040162375,2826791.8967086133,1,1,3049
KNN,H7,597,2025-12-05,2025-12-16,129206.0,0.0264770985867528,0.01446036388733256,132627.0,131074.3657764267,0.0,129206.0,1552.6342235732882,2410673.0322110276,1,1,3048
KNN,H1,598,2025-12-08,2025-12-09,128736.0,0.0009088366890379,0.0020892989724163318,128853.0,129004.96799251299,0.0,128736.0,151.96799251298944,23094.270748428014,1,1,3055
KNN,H2,598,2025-12-08,2025-12-10,128736.0,-0.0018332090479741,0.0038966666534824682,128500.0,129237.64127830273,0.0,128736.0,737.6412783027336,544114.6554560908,-1,1,3054
KNN,H3,598,2025-12-08,2025-12-11,128736.0,0.0168484340044743,0.006588778577090455,130905.0,129584.21299890032,0.0,128736.0,1320.7870010996849,1744478.3022738989,1,1,3053
KNN,H4,598,2025-12-08,2025-12-12,128736.0,0.022596631866766,0.009459996973933935,131645.0,129953.84217043636,0.0,128736.0,1691.1578295636427,2860014.8044944108,1,1,3052
KNN,H5,598,2025-12-08,2025-12-15,128736.0,0.0291682202336565,0.012094037072548499,132491.0,130292.9379565716,0.0,128736.0,2198.0620434284065,4831476.746760662,1,1,3051
KNN,H6,598,2025-12-08,2025-12-16,128736.0,0.0302246457867263,0.013127625552672204,132627.0,130425.99800314881,0.0,128736.0,2201.0019968511915,4844409.790142932,1,1,3050
KNN,H7,598,2025-12-08,2025-12-17,128736.0,0.0340153492418593,0.015324290527967714,133115.0,130708.78786540846,0.0,128736.0,2406.2121345915366,5789856.836655559,1,1,3049
KNN,H1,599,2025-12-09,2025-12-10,128853.0,-0.002739555928073,0.0020986549956259867,128500.0,129123.41799215139,0.0,128853.0,623.417992151386,388649.99293806555,-1,1,3056
KNN,H2,599,2025-12-09,2025-12-11,128853.0,0.0159251239784872,0.004235604945350825,130905.0,129398.77040402331,0.0,128853.0,1506.2295959766925,2268727.5957961106,1,1,3055
KNN,H3,599,2025-12-09,2025-12-12,128853.0,0.0216681024112748,0.007025954321479609,131645.0,129758.31529218562,0.0,128853.0,1886.6847078143765,3559579.186700619,1,1,3054
KNN,H4,599,2025-12-09,2025-12-15,128853.0,0.0282337237006511,0.009895390885915668,132491.0,130128.05080182289,0.0,128853.0,2362.9491981771134,5583528.913165864,1,1,3053
KNN,H5,599,2025-12-09,2025-12-16,128853.0,0.0292891900072176,0.012783900017622831,132627.0,130500.24386897076,0.0,128853.0,2126.7561310292367,4523091.640870448,1,1,3052
KNN,H6,599,2025-12-09,2025-12-17,128853.0,0.0330764514601911,0.013835865486091333,133115.0,130635.79277547932,0.0,128853.0,2479.20722452068,6146468.462115534,1,1,3051
KNN,H7,599,2025-12-09,2025-12-18,128853.0,0.0297315545621754,0.01631810307379366,132684.0,130955.63653536752,0.0,128853.0,1728.363464632479,2987240.2658763863,1,1,3050
KNN,H1,600,2025-12-10,2025-12-11,128500.0,0.018715953307393,0.0020338495318796353,130905.0,128761.34966484654,0.0,128500.0,2143.650335153463,4595236.759403554,1,1,3057
KNN,H2,600,2025-12-10,2025-12-12,128500.0,0.0244747081712062,0.004055338792685768,131645.0,129021.11103486012,0.0,128500.0,2623.8889651398786,6884793.301382823,1,1,3056
KNN,H3,600,2025-12-10,2025-12-15,128500.0,0.0310583657587548,0.006934494868753184,132491.0,129391.08259063477,0.0,128500.0,3099.9174093652255,9609487.944885612,1,1,3055
KNN,H4,600,2025-12-10,2025-12-16,128500.0,0.0321167315175097,0.009005791589493562,132627.0,129657.24421924993,0.0,128500.0,2969.7557807500707,8819449.397298463,1,1,3054
KNN,H5,600,2025-12-10,2025-12-17,128500.0,0.0359143968871595,0.01198735660467961,133115.0,130040.37532370132,0.0,128500.0,3074.624676298685,9453316.900104793,1,1,3053
KNN,H6,600,2025-12-10,2025-12-18,128500.0,0.0325603112840466,0.012669126459282355,132684.0,130127.98275001779,0.0,128500.0,2556.0172499822074,6533224.1822066065,1,1,3052
KNN,H7,600,2025-12-10,2025-12-19,128500.0,0.0305603112840466,0.014920935679397838,132427.0,130417.34023480261,0.0,128500.0,2009.6597651973862,4038732.3718532133,1,1,3051
KNN,H1,601,2025-12-11,2025-12-12,130905.0,0.0056529544326038,0.0022902226996579056,131645.0,131204.80160249872,0.0,130905.0,440.1983975012845,193774.62916269887,1,1,3058
KNN,H2,601,2025-12-11,2025-12-15,130905.0,0.0121156563920399,0.004252574831312211,132491.0,131461.68330829294,0.0,130905.0,1029.316691707063,1059492.851826773,1,1,3057
KNN,H3,601,2025-12-11,2025-12-16,130905.0,0.0131545777472212,0.006593739537114061,132627.0,131768.15347410593,0.0,130905.0,858.8465258940705,737617.3550403144,1,1,3056
KNN,H4,601,2025-12-11,2025-12-17,130905.0,0.0168824720216951,0.009149957278859255,133115.0,132102.77515758906,0.0,130905.0,1012.2248424109421,1024599.1315938565,1,1,3055
KNN,H5,601,2025-12-11,2025-12-18,130905.0,0.013590008021084,0.011556292738756352,132684.0,132417.7765009669,0.0,130905.0,266.2234990331053,70874.95143742983,1,1,3054
KNN,H6,601,2025-12-11,2025-12-19,130905.0,0.0116267522248958,0.012849450070443507,132427.0,132587.0572614714,0.0,130905.0,160.05726147140376,25618.326949725313,1,1,3053
KNN,H7,601,2025-12-11,2025-12-22,130905.0,0.0285168633742025,0.015379511986591283,134638.0,132918.25501660476,0.0,130905.0,1719.7449833952414,2957522.8079130994,1,1,3052
KNN,H1,602,2025-12-12,2025-12-15,131645.0,0.0064263739602719,0.0023362241224582346,132491.0,131952.552224601,0.0,131645.0,538.4477753989922,289926.00683212356,1,1,3059
KNN,H2,602,2025-12-12,2025-12-16,131645.0,0.0074594553534126,0.003929350378077346,132627.0,132162.279330522,0.0,131645.0,464.7206694780034,215965.30064008367,1,1,3058
KNN,H3,602,2025-12-12,2025-12-17,131645.0,0.011166394469976,0.005811604275061596,133115.0,132410.06864479047,0.0,131645.0,704.9313552095264,496928.2155575394,1,1,3057
KNN,H4,602,2025-12-12,2025-12-18,131645.0,0.007892437996126,0.008350063201571905,132684.0,132744.2440701709,0.0,131645.0,60.24407017091289,3629.3479907578762,1,1,3056
KNN,H5,602,2025-12-12,2025-12-19,131645.0,0.0059402180105587,0.010710474760914903,132427.0,133054.98044990064,0.0,131645.0,627.9804499006423,394359.4454574131,1,1,3055
KNN,H6,602,2025-12-12,2025-12-22,131645.0,0.0227353868358084,0.01196791643494474,134638.0,133220.5163590783,0.0,131645.0,1417.4836409217096,2009259.8722806661,1,1,3054
KNN,H7,602,2025-12-12,2025-12-23,131645.0,0.0315545596110753,0.013864727407657857,135799.0,133470.2220395811,0.0,131645.0,2328.777960418898,5423206.788932803,1,1,3053
KNN,H1,603,2025-12-15,2025-12-16,132491.0,0.0010264848178367,0.0021719903690102585,132627.0,132778.76917598053,0.0,132491.0,151.76917598053114,23033.88277780943,1,1,3060
KNN,H2,603,2025-12-15,2025-12-17,132491.0,0.0047097538700742,0.0033885260036820176,133115.0,132939.94919875383,0.0,132491.0,175.05080124616507,30642.783016924386,1,1,3059
KNN,H3,603,2025-12-15,2025-12-18,132491.0,0.0014567027194301,0.006236150463239754,132684.0,133317.2338110251,0.0,132491.0,633.2338110251003,400985.05942537246,1,1,3058
KNN,H4,603,2025-12-15,2025-12-19,132491.0,-0.0004830516789819,0.00907371878500611,132427.0,133693.18607554425,0.0,132491.0,1266.1860755442467,1603227.177902141,-1,1,3057
KNN,H5,603,2025-12-15,2025-12-22,132491.0,0.0162048742933482,0.010435250497446402,134638.0,133873.57677365717,0.0,132491.0,764.4232263428275,584342.8689723777,1,1,3056
KNN,H6,603,2025-12-15,2025-12-23,132491.0,0.0249677336573805,0.012491329852560622,135799.0,134145.98878349562,0.0,132491.0,1653.011216504383,2732446.0818892997,1,1,3055
KNN,H7,603,2025-12-15,2025-12-24,132491.0,0.0272697768150289,0.01477437811081781,136104.0,134448.47213028037,0.0,132491.0,1655.5278697196336,2740772.527418428,1,1,3054
KNN,H1,604,2025-12-16,2025-12-17,132627.0,0.0036794921094498,0.0019292094442151966,133115.0,132882.86526095791,0.0,132627.0,232.13473904208513,53886.53707013696,1,1,3061
KNN,H2,604,2025-12-16,2025-12-18,132627.0,0.0004297767422922,0.0033745825584694483,132684.0,133074.56076098213,0.0,132627.0,390.5607609821309,152537.70801894116,1,1,3060
KNN,H3,604,2025-12-16,2025-12-19,132627.0,-0.0015079885694466,0.006151483504358626,132427.0,133442.85280273255,0.0,132627.0,1015.8528027325519,1031956.9168195811,-1,1,3059
KNN,H4,604,2025-12-16,2025-12-22,132627.0,0.015162825065786,0.008962575092674806,134638.0,133815.67944681618,0.0,132627.0,822.3205531838175,676211.0921885397,1,1,3058
KNN,H5,604,2025-12-16,2025-12-23,132627.0,0.0239166987114238,0.011564562375752185,135799.0,134160.77321420886,0.0,132627.0,1638.2267857911356,2683787.0016835555,1,1,3057
KNN,H6,604,2025-12-16,2025-12-24,132627.0,0.0262163812798299,0.012446352300210801,136104.0,134277.72236652006,0.0,132627.0,1826.2776334799419,3335289.994549097,1,1,3056
KNN,H7,604,2025-12-16,2025-12-26,132627.0,0.0389211849774178,0.014949145786014528,137789.0,134609.66035816175,0.0,132627.0,3179.339641838247,10108200.558164153,1,1,3055
KNN,H1,605,2025-12-17,2025-12-18,133115.0,-0.0032378019006122,0.002190829374812935,132684.0,133406.6322522282,0.0,133115.0,722.6322522282135,522197.37196042034,-1,1,3062
KNN,H2,605,2025-12-17,2025-12-19,133115.0,-0.0051684633587499,0.003963756433851827,132427.0,133642.63543769217,0.0,133115.0,1215.6354376921663,1477769.5173730247,-1,1,3061
KNN,H3,605,2025-12-17,2025-12-22,133115.0,0.0114412350223491,0.006862624911853276,134638.0,134028.51831514135,0.0,133115.0,609.4816848586488,371467.92417813727,1,1,3060
KNN,H4,605,2025-12-17,2025-12-23,133115.0,0.0201630169402395,0.009114376893698421,135799.0,134328.26028020465,0.0,133115.0,1470.7397197953542,2163075.323383717,1,1,3059
KNN,H5,605,2025-12-17,2025-12-24,133115.0,0.0224542688652669,0.011473006229555433,136104.0,134642.22922424728,0.0,133115.0,1461.7707757527241,2136773.800844721,1,1,3058
KNN,H6,605,2025-12-17,2025-12-26,133115.0,0.0351124967133682,0.012064772573301826,137789.0,134721.00220109508,0.0,133115.0,3067.997798904922,9412610.494085446,1,1,3057
KNN,H7,605,2025-12-17,2025-12-29,133115.0,-0.0039063967246365,0.01463254472509892,132595.0,135062.81119108156,0.0,133115.0,2467.811191081564,6090092.074827408,-1,1,3056
KNN,H1,606,2025-12-18,2025-12-19,132684.0,-0.0019369328630429,0.00220308288809673,132427.0,132976.31384992422,0.0,132684.0,549.3138499242195,301745.705718568,-1,1,3063
KNN,H2,606,2025-12-18,2025-12-22,132684.0,0.0147267191221247,0.004203342877902199,134638.0,133241.7163464116,0.0,132684.0,1396.2836535884126,1949608.041278206,1,1,3062
KNN,H3,606,2025-12-18,2025-12-23,132684.0,0.023476832172681,0.007144923925487299,135799.0,133632.01708612934,0.0,132684.0,2166.9829138706555,4695814.949007357,1,1,3061
KNN,H4,606,2025-12-18,2025-12-24,132684.0,0.0257755268155919,0.009888943624629836,136104.0,133996.10459589039,0.0,132684.0,2107.895404109615,4443223.034666437,1,1,3060
KNN,H5,606,2025-12-18,2025-12-26,132684.0,0.0384748726297066,0.01233904439919613,137789.0,134321.19376706294,0.0,132684.0,3467.8062329370587,12025680.069197113,1,1,3059
KNN,H6,606,2025-12-18,2025-12-29,132684.0,-0.0006707666335051,0.013261272615389149,132595.0,134443.55869570028,0.0,132684.0,1848.5586957002815,3417169.2514491263,-1,1,3058
KNN,H7,606,2025-12-18,2025-12-30,132684.0,0.0097223478339514,0.015296821357939003,133974.0,134713.64344505678,0.0,132684.0,739.6434450567758,547072.4258154557,1,1,3057
KNN,H1,607,2025-12-19,2025-12-22,132427.0,0.0166959909988144,0.0021334877656704943,134638.0,132709.53138434445,0.0,132427.0,1928.4686156555545,3718991.201568451,1,1,3064
KNN,H2,607,2025-12-19,2025-12-23,132427.0,0.0254630853224795,0.003940041538236698,135799.0,132948.76788078406,0.0,132427.0,2850.2321192159434,8123823.133410208,1,1,3063
KNN,H3,607,2025-12-19,2025-12-24,132427.0,0.0277662410233563,0.00660025091496162,136104.0,133301.05142791563,0.0,132427.0,2802.948572084366,7856520.697749786,1,1,3062
KNN,H4,607,2025-12-19,2025-12-26,132427.0,0.0404902323544291,0.00932425343799482,137789.0,133661.78291003336,0.0,132427.0,4127.217089966638,17033920.907712683,1,1,3061
KNN,H5,607,2025-12-19,2025-12-29,132427.0,0.0012686234680239,0.012621360995093313,132595.0,134098.40897249724,0.0,132427.0,1503.4089724972437,2260238.538585218,1,1,3060
KNN,H6,607,2025-12-19,2025-12-30,132427.0,0.0116819077680534,0.012817165682169816,133974.0,134124.3387997927,0.0,132427.0,150.33879979269113,22601.754723106867,1,1,3059
KNN,H7,607,2025-12-19,2025-12-31,132427.0,0.0228578764149305,0.015051489578340564,135454.0,134420.22361039088,0.0,132427.0,1033.77638960912,1068693.6237132673,1,1,3058
KNN,H1,608,2025-12-22,2025-12-23,134638.0,0.0086231227439503,0.00244370546353813,135799.0,134967.01561619985,0.0,134638.0,831.9843838001543,692198.0148873224,1,1,3065
KNN,H2,608,2025-12-22,2025-12-24,134638.0,0.0108884564536015,0.004011366689320433,136104.0,135178.08238831672,0.0,134638.0,925.9176116832823,857323.4236252735,1,1,3064
KNN,H3,608,2025-12-22,2025-12-26,134638.0,0.0234034967839689,0.006892886549922096,137789.0,135566.0444593084,0.0,134638.0,2222.9555406915897,4941531.335891438,1,1,3063
KNN,H4,608,2025-12-22,2025-12-29,134638.0,-0.015174022192843,0.010329915999169893,132595.0,136028.79923029622,0.0,134638.0,3433.799230296223,11790977.153982934,-1,1,3062
KNN,H5,608,2025-12-22,2025-12-30,134638.0,-0.0049317428957649,0.011121603694570893,133974.0,136135.39047822964,0.0,134638.0,2161.390478229645,4671608.799381773,-1,1,3061
KNN,H6,608,2025-12-22,2025-12-31,134638.0,0.0060606960887714,0.014249962120288406,135454.0,136556.5863999514,0.0,134638.0,1102.5863999513967,1215696.7693577814,1,1,3060
KNN,H7,608,2025-12-22,2026-01-01,134638.0,0.0084151576820807,0.01651241389025279,135771.0,136861.19838135585,0.0,134638.0,1090.1983813558472,1188532.5107109093,1,1,3059
KNN,H1,609,2025-12-23,2025-12-24,135799.0,0.0022459664651433,0.002337034300944611,136104.0,136116.36692103397,0.0,135799.0,12.366921033972176,152.94073586050342,1,1,3066
KNN,H2,609,2025-12-23,2025-12-26,135799.0,0.0146540107070007,0.004023756548872678,137789.0,136345.42211558038,0.0,135799.0,1443.5778844196175,2083917.1083854185,1,1,3065
KNN,H3,609,2025-12-23,2025-12-29,135799.0,-0.0235936936207188,0.006736232544702462,132595.0,136713.77364333806,0.0,135799.0,4118.773643338063,16964296.325056303,-1,1,3064
KNN,H4,609,2025-12-23,2025-12-30,135799.0,-0.0134389796684806,0.00910906178978334,133974.0,137036.0014819908,0.0,135799.0,3062.0014819907956,9375853.075713828,-1,1,3063
KNN,H5,609,2025-12-23,2025-12-31,135799.0,-0.0025405194441785,0.011788706207846429,135454.0,137399.8945143193,0.0,135799.0,1945.8945143193123,3786505.460857992,-1,1,3062
KNN,H6,609,2025-12-23,2026-01-01,135799.0,-0.0002061870853246,0.013156706563888915,135771.0,137585.66759466956,0.0,135799.0,1814.6675946695614,3293018.4791438114,-1,1,3061
KNN,H7,609,2025-12-23,2026-01-02,135799.0,-4.418294685526458e-05,0.015557379968159795,135793.0,137911.67664229614,0.0,135799.0,2118.6766422961373,4488790.714611234,-1,1,3060
