Model,Horizon,Evaluation_Step,Origin_Date,Target_Date,Current_Price,Actual_Return,Predicted_Return,Actual_Price,Predicted_Price,Persistence_Return,Persistence_Price,Absolute_Price_Error,Squared_Price_Error,Actual_Direction,Predicted_Direction,Eligible_Training_Rows
Ridge,H1,1,2023-08-11,2023-08-14,58629.0,0.0005799177881253,0.00031243569199082175,58663.0,58647.31779218573,0.0,58629.0,15.68220781427226,245.93164193002195,Up,Up,2458
Ridge,H2,1,2023-08-11,2023-08-16,58629.0,-0.0036841835951491,0.0006210172073247953,58413.0,58665.40961784825,0.0,58629.0,252.4096178482505,63710.61518229985,Down,Up,2457
Ridge,H3,1,2023-08-11,2023-08-17,58629.0,-0.010267956130925,0.000932532995733426,58027.0,58683.67347700686,0.0,58629.0,656.6734770068579,431220.0554042763,Down,Up,2456
Ridge,H4,1,2023-08-11,2023-08-18,58629.0,-0.009056951338075,0.0012441214381892951,58098.0,58701.9415957996,0.0,58629.0,603.9415957996025,364745.4511369705,Down,Up,2455
Ridge,H5,1,2023-08-11,2023-08-21,58629.0,-0.0079312285728905,0.0015470694549140575,58164.0,58719.70313507215,0.0,58629.0,555.7031350721518,308805.97432901815,Down,Up,2454
Ridge,H6,1,2023-08-11,2023-08-22,58629.0,-0.0069590134575039,0.0018480260378298525,58221.0,58737.34791857192,0.0,58629.0,516.3479185719189,266615.17301355297,Down,Up,2453
Ridge,H7,1,2023-08-11,2023-08-23,58629.0,-0.0033942247010865,0.002148997385366612,58430.0,58754.99356770665,0.0,58629.0,324.99356770665327,105620.81905069902,Down,Up,2452
Ridge,H1,2,2023-08-14,2023-08-16,58663.0,-0.0042616299882378,0.00031254455502430537,58413.0,58681.33480123139,0.0,58663.0,268.33480123138725,72003.5655518881,Down,Up,2459
Ridge,H2,2,2023-08-14,2023-08-17,58663.0,-0.0108415866900771,0.0006211673538648827,58027.0,58699.43954047978,0.0,58663.0,672.4395404797833,452174.93560066214,Down,Up,2458
Ridge,H3,2,2023-08-14,2023-08-18,58663.0,-0.0096312837734177,0.000931765493208916,58098.0,58717.66015912811,0.0,58663.0,619.6601591281069,383978.7128106708,Down,Up,2457
Ridge,H4,2,2023-08-14,2023-08-21,58663.0,-0.0085062134565228,0.001241309681491355,58164.0,58735.81894984533,0.0,58663.0,571.8189498453285,326976.91140221426,Down,Up,2456
Ridge,H5,2,2023-08-14,2023-08-22,58663.0,-0.0075345618192046,0.0015427375442683005,58221.0,58753.50161255941,0.0,58663.0,532.501612559412,283557.96737837413,Down,Up,2455
Ridge,H6,2,2023-08-14,2023-08-23,58663.0,-0.0039718391490377,0.0018440956965916164,58430.0,58771.18018584916,0.0,58663.0,341.1801858491599,116403.91921606728,Down,Up,2454
Ridge,H7,2,2023-08-14,2023-08-24,58663.0,-0.00386956002932,0.002145257678278049,58436.0,58788.84725118083,0.0,58663.0,352.8472511808286,124501.18266586676,Down,Up,2453
Ridge,H1,3,2023-08-16,2023-08-17,58413.0,-0.0066081180559122,0.00031068518766197596,58027.0,58431.1480538669,0.0,58413.0,404.1480538668984,163335.6494444014,Down,Up,2460
Ridge,H2,3,2023-08-16,2023-08-18,58413.0,-0.0053926352010682,0.0006194165461357625,58098.0,58449.18197870943,0.0,58413.0,351.1819787094282,123328.7821702693,Down,Up,2459
Ridge,H3,3,2023-08-16,2023-08-21,58413.0,-0.0042627497303682,0.0009300535525639345,58164.0,58467.32721816592,0.0,58413.0,303.3272181659195,92007.40128027531,Down,Up,2458
Ridge,H4,3,2023-08-16,2023-08-22,58413.0,-0.0032869395511273,0.0012386835413722033,58221.0,58485.35522170218,0.0,58413.0,264.3552217021788,69883.68324120811,Down,Up,2457
Ridge,H5,3,2023-08-16,2023-08-23,58413.0,0.0002910311060893,0.0015380790062762518,58430.0,58502.84380899361,0.0,58413.0,72.84380899360985,5306.220508697516,Up,Up,2456
Ridge,H6,3,2023-08-16,2023-08-24,58413.0,0.0003937479670621,0.0018379227797423283,58436.0,58520.35858333309,0.0,58413.0,84.35858333308715,7116.37058196541,Up,Up,2455
Ridge,H7,3,2023-08-16,2023-08-25,58413.0,-0.0023967267560303,0.002139483104556853,58273.0,58537.973626586485,0.0,58413.0,264.9736265864849,70211.02278639394,Down,Up,2454
Ridge,H1,4,2023-08-17,2023-08-18,58027.0,0.0012235683388768,0.0003078737953424413,58098.0,58044.86499272233,0.0,58027.0,53.1350072776695,2823.3289983979907,Up,Up,2461
Ridge,H2,4,2023-08-17,2023-08-21,58027.0,0.0023609698933255,0.0006147574463893171,58164.0,58062.67253034163,0.0,58027.0,101.3274696583685,10267.25610736759,Up,Up,2460
Ridge,H3,4,2023-08-17,2023-08-22,58027.0,0.0033432712358039,0.000925499486585384,58221.0,58080.703958708094,0.0,58027.0,140.29604129190557,19682.97920218007,Up,Up,2459
Ridge,H4,4,2023-08-17,2023-08-23,58027.0,0.0069450428248918,0.0012341670378606063,58430.0,58098.61501070594,0.0,58027.0,331.3849892940634,109816.01112942652,Up,Up,2458
Ridge,H5,4,2023-08-17,2023-08-24,58027.0,0.0070484429662054,0.0015326564580801663,58436.0,58115.93545629302,0.0,58027.0,320.0645437069834,102441.31213835948,Up,Up,2457
Ridge,H6,4,2023-08-17,2023-08-25,58027.0,0.0042394057938546,0.0018304799042019276,58273.0,58133.21725740113,0.0,58027.0,139.78274259887257,19539.215128462667,Up,Up,2456
Ridge,H7,4,2023-08-17,2023-08-28,58027.0,0.0080996777362263,0.0021305338242837892,58497.0,58150.62848622172,0.0,58027.0,346.3715137782783,119973.22555705604,Up,Up,2455
Ridge,H1,5,2023-08-18,2023-08-21,58098.0,0.0011360115666632,0.00030824571976382814,58164.0,58115.90845982684,0.0,58098.0,48.091540173161775,2312.7962362268327,Up,Up,2462
Ridge,H2,5,2023-08-18,2023-08-22,58098.0,0.0021171124651451,0.0006123164935134054,58221.0,58133.574363640146,0.0,58098.0,87.42563635985425,7643.24189292547,Up,Up,2461
Ridge,H3,5,2023-08-18,2023-08-23,58098.0,0.0057144824262453,0.000921208236452417,58430.0,58151.520356121415,0.0,58098.0,278.4796438785852,77550.91205474363,Up,Up,2460
Ridge,H4,5,2023-08-18,2023-08-24,58098.0,0.0058177562050327,0.0012299820097746764,58436.0,58169.459494803894,0.0,58098.0,266.5405051961061,71043.84091019546,Up,Up,2459
Ridge,H5,5,2023-08-18,2023-08-25,58098.0,0.0030121518813039,0.0015285134203649672,58273.0,58186.80357269636,0.0,58098.0,86.19642730364285,7429.824079912187,Up,Up,2458
Ridge,H6,5,2023-08-18,2023-08-28,58098.0,0.0068677062893731,0.0018254304810515199,58497.0,58204.05386008813,0.0,58098.0,292.9461399118736,85817.44088926703,Up,Up,2457
Ridge,H7,5,2023-08-18,2023-08-29,58098.0,0.0128231608661226,0.00212346176130942,58843.0,58221.36888140856,0.0,58098.0,621.6311185914383,386425.2476012428,Up,Up,2456
Ridge,H1,6,2023-08-21,2023-08-22,58164.0,0.000979987621209,0.000308581854460126,58221.0,58181.94835498282,0.0,58164.0,39.05164501717809,1525.0309785476902,Up,Up,2463
Ridge,H2,6,2023-08-21,2023-08-23,58164.0,0.004573275565642,0.0006130268531558791,58430.0,58199.65609388696,0.0,58164.0,230.34390611304116,53058.31508341352,Up,Up,2462
Ridge,H3,6,2023-08-21,2023-08-24,58164.0,0.0046764321573482,0.0009191019040373107,58436.0,58217.45864314643,0.0,58164.0,218.54135685357323,47760.324655400844,Up,Up,2461
Ridge,H4,6,2023-08-21,2023-08-25,58164.0,0.001874011415996,0.0012260242655478596,58273.0,58235.31047538133,0.0,58164.0,37.689524618668656,1420.5002659812308,Up,Up,2460
Ridge,H5,6,2023-08-21,2023-08-28,58164.0,0.0057251908396946,0.0015246664567713846,58497.0,58252.68069979165,0.0,58164.0,244.3193002083499,59691.9204542978,Up,Up,2459
Ridge,H6,6,2023-08-21,2023-08-29,58164.0,0.0116738876280861,0.0018216263990416747,58843.0,58269.953077873855,0.0,58164.0,573.0469221261446,328382.77495824767,Up,Up,2458
Ridge,H7,6,2023-08-21,2023-08-30,58164.0,0.0163847053160031,0.002118750753212471,59117.0,58287.23501880986,0.0,58164.0,829.7649811901429,688509.9240094782,Up,Up,2457
Ridge,H1,7,2023-08-22,2023-08-23,58221.0,0.0035897700142559,0.000308854217347085,58430.0,58238.98180138816,0.0,58221.0,191.0181986118405,36487.95220091254,Up,Up,2464
Ridge,H2,7,2023-08-22,2023-08-24,58221.0,0.0036928256127513,0.0006136373687076522,58436.0,58256.72658124352,0.0,58221.0,179.27341875647835,32138.958672635643,Up,Up,2463
Ridge,H3,7,2023-08-22,2023-08-25,58221.0,0.0008931485202934,0.00092008638449972,58273.0,58274.568349391964,0.0,58221.0,1.5683493919641478,2.4597198152743123,Up,Up,2462
Ridge,H4,7,2023-08-22,2023-08-28,58221.0,0.0047405575307879,0.0012241903571309388,58497.0,58292.27358678252,0.0,58221.0,204.72641321748233,41912.90426889533,Up,Up,2461
Ridge,H5,7,2023-08-22,2023-08-29,58221.0,0.0106834303773553,0.0015209835849407038,58843.0,58309.553185298835,0.0,58221.0,533.4468147011648,284565.5041148189,Up,Up,2460
Ridge,H6,7,2023-08-22,2023-08-30,58221.0,0.015389636041978,0.00181805554520848,59117.0,58326.84901189758,0.0,58221.0,790.1509881024176,624338.5839992269,Up,Up,2459
Ridge,H7,7,2023-08-22,2023-08-31,58221.0,0.0153209323096477,0.0021152229802568687,59113.0,58344.15039713353,0.0,58221.0,768.8496028664667,591129.7118279237,Up,Up,2458
Ridge,H1,8,2023-08-23,2023-08-24,58430.0,0.0001026869758684,0.00031018528647543,58436.0,58448.12412628876,0.0,58430.0,12.124126288763364,146.9944382658829,Up,Up,2465
Ridge,H2,8,2023-08-23,2023-08-25,58430.0,-0.0026869758685607,0.0006152445592729259,58273.0,58465.948739598316,0.0,58430.0,192.94873959831602,37229.21611257877,Down,Up,2464
Ridge,H3,8,2023-08-23,2023-08-28,58430.0,0.0011466712305323,0.0009220331202745711,58497.0,58483.874395217645,0.0,58430.0,13.125604782355367,172.2815009025901,Up,Up,2463
Ridge,H4,8,2023-08-23,2023-08-29,58430.0,0.0070682868389526,0.0012265140062363608,58843.0,58501.665213384396,0.0,58430.0,341.33478661560366,116509.43655391969,Up,Up,2462
Ridge,H5,8,2023-08-23,2023-08-30,58430.0,0.0117576587369501,0.0015204839339038163,59117.0,58518.841876258,0.0,58430.0,598.1581237420032,357793.14099855366,Up,Up,2461
Ridge,H6,8,2023-08-23,2023-08-31,58430.0,0.0116892007530378,0.0018157019337854128,59113.0,58536.091463991084,0.0,58430.0,576.9085360089157,332823.45891995035,Up,Up,2460
Ridge,H7,8,2023-08-23,2023-09-01,58430.0,0.0115693992811911,0.0021129822806933286,59106.0,58553.46155466091,0.0,58430.0,552.538445339087,305298.73357773526,Up,Up,2459
Ridge,H1,9,2023-08-24,2023-08-25,58436.0,-0.0027893764118009,0.0003101014918931701,58273.0,58454.12109078027,0.0,58436.0,181.12109078026697,32804.84952543371,Down,Up,2466
Ridge,H2,9,2023-08-24,2023-08-28,58436.0,0.001043877062085,0.0006164935206635976,58497.0,58472.0254153735,0.0,58436.0,24.974584626499563,623.7298772661884,Up,Up,2465
Ridge,H3,9,2023-08-24,2023-08-29,58436.0,0.0069648846601411,0.000923557250288177,58843.0,58489.968991477836,0.0,58436.0,353.0310085221645,124630.89297817658,Up,Up,2464
Ridge,H4,9,2023-08-24,2023-08-30,58436.0,0.0116537750701621,0.0012283784655825417,59117.0,58507.781524014776,0.0,58436.0,609.2184759852244,371147.1514817594,Up,Up,2463
Ridge,H5,9,2023-08-24,2023-08-31,58436.0,0.0115853241152714,0.0015227296684333484,59113.0,58524.98223090456,0.0,58436.0,588.017769095437,345764.8967719746,Up,Up,2462
Ridge,H6,9,2023-08-24,2023-09-01,58436.0,0.0114655349442125,0.0018151242777917744,59106.0,58542.06860229704,0.0,58436.0,563.9313977029597,318018.6213152137,Up,Up,2461
Ridge,H7,9,2023-08-24,2023-09-04,58436.0,0.0162399890478472,0.002110550515710942,59385.0,58559.332129936076,0.0,58436.0,825.667870063924,681727.431655897,Up,Up,2460
Ridge,H1,10,2023-08-25,2023-08-28,58273.0,0.0038439757692241,0.0003088447457563415,58497.0,58290.99730986947,0.0,58273.0,206.00269013053185,42437.108341015926,Up,Up,2467
Ridge,H2,10,2023-08-25,2023-08-29,58273.0,0.0097815454841865,0.0006151531602908929,58843.0,58308.84682010963,0.0,58273.0,534.153179890367,285319.6195869908,Up,Up,2466
Ridge,H3,10,2023-08-25,2023-08-30,58273.0,0.0144835515590411,0.0009235441751315035,59117.0,58326.817689717434,0.0,58273.0,790.1823102825656,624388.0834834927,Up,Up,2465
Ridge,H4,10,2023-08-25,2023-08-31,58273.0,0.0144149091345906,0.0012286400071291168,59113.0,58344.59653913543,0.0,58273.0,768.403460864567,590443.8786686442,Up,Up,2464
Ridge,H5,10,2023-08-25,2023-09-01,58273.0,0.0142947848918024,0.001523333722642249,59106.0,58361.76922601954,0.0,58273.0,744.2307739804601,553879.4449395547,Up,Up,2463
Ridge,H6,10,2023-08-25,2023-09-04,58273.0,0.0190825939972199,0.0018161086045289973,59385.0,58378.83009671172,0.0,58273.0,1006.1699032882825,1012377.8742831518,Up,Up,2462
Ridge,H7,10,2023-08-25,2023-09-05,58273.0,0.0176411030837608,0.0021087188657073807,59301.0,58395.881374461365,0.0,58273.0,905.1186255386347,819239.7262969471,Up,Up,2461
Ridge,H1,11,2023-08-28,2023-08-29,58497.0,0.0059148332393115,0.0003102770279433903,58843.0,58515.1502753036,0.0,58497.0,327.8497246964034,107485.44198350752,Up,Up,2468
Ridge,H2,11,2023-08-28,2023-08-30,58497.0,0.0105988341282459,0.0006153270287029878,59117.0,58532.99478519804,0.0,58497.0,584.0052148019604,341062.0909158839,Up,Up,2467
Ridge,H3,11,2023-08-28,2023-08-31,58497.0,0.0105304545532249,0.0009236347349653765,59113.0,58551.02986109127,0.0,58497.0,561.9701389087277,315810.4370250947,Up,Up,2466
Ridge,H4,11,2023-08-28,2023-09-01,58497.0,0.0104107902969383,0.0012300646075329906,59106.0,58568.955089346855,0.0,58497.0,537.044910653145,288417.23605844454,Up,Up,2465
Ridge,H5,11,2023-08-28,2023-09-04,58497.0,0.0151802656546489,0.0015250390330725132,59385.0,58586.21020831764,0.0,58497.0,798.7897916823567,638065.1312959428,Up,Up,2464
Ridge,H6,11,2023-08-28,2023-09-05,58497.0,0.0137442945792092,0.001818159647666317,59301.0,58603.35688490953,0.0,58497.0,697.6431150904682,486705.91603313223,Up,Up,2463
Ridge,H7,11,2023-08-28,2023-09-06,58497.0,0.0104962647657145,0.0021111521416744,59111.0,58620.496066831525,0.0,58497.0,490.50393316847476,240594.10845374357,Up,Up,2462
Ridge,H1,12,2023-08-29,2023-08-30,58843.0,0.0046564587121662,0.0003125470318075697,59117.0,58861.39120499265,0.0,58843.0,255.60879500734882,65335.85608510887,Up,Up,2469
Ridge,H2,12,2023-08-29,2023-08-31,58843.0,0.0045884812127185,0.0006190411356850887,59113.0,58879.426237547115,0.0,58843.0,233.5737624528847,54556.70250639661,Up,Up,2468
Ridge,H3,12,2023-08-29,2023-09-01,58843.0,0.0044695205886851,0.0009260836158887713,59106.0,58897.49353820975,0.0,58843.0,208.50646179025352,43474.944608290454,Up,Up,2467
Ridge,H4,12,2023-08-29,2023-09-04,58843.0,0.009210951175161,0.001232432200730553,59385.0,58915.520007987594,0.0,58843.0,469.479992012406,220411.4628999688,Up,Up,2466
Ridge,H5,12,2023-08-29,2023-09-05,58843.0,0.0077834236867597,0.001528754464441755,59301.0,58932.95649895115,0.0,58843.0,368.0435010488509,135456.0186642955,Up,Up,2465
Ridge,H6,12,2023-08-29,2023-09-06,58843.0,0.0045544924629947,0.0018221594413987217,59111.0,58950.22132801023,0.0,58843.0,160.77867198977037,25849.781366794174,Up,Up,2464
Ridge,H7,12,2023-08-29,2023-09-07,58843.0,0.0029400268511123,0.0021155013026892744,59016.0,58967.48244315414,0.0,58843.0,48.51755684585805,2353.9533222910677,Up,Up,2463
Ridge,H1,13,2023-08-30,2023-08-31,59117.0,-6.766243212608103e-05,0.00031430591494043843,59113.0,59135.58082277353,0.0,59117.0,22.580822773532418,509.8935571296803,Down,Up,2470
Ridge,H2,13,2023-08-30,2023-09-01,59117.0,-0.0001860716883468,0.00062308351970552,59106.0,59153.834828434425,0.0,59117.0,47.83482843442471,2288.1708113508466,Down,Up,2469
Ridge,H3,13,2023-08-30,2023-09-04,59117.0,0.0045333829524503,0.0009315773608195767,59385.0,59172.07205883957,0.0,59117.0,212.92794116042933,45338.308126819255,Up,Up,2468
Ridge,H4,13,2023-08-30,2023-09-05,59117.0,0.0031124718778017,0.0012366568203630328,59301.0,59190.1074412494,0.0,59117.0,110.89255875060189,12297.159586255693,Up,Up,2467
Ridge,H5,13,2023-08-30,2023-09-06,59117.0,-0.0001014936481892,0.0015329026846992576,59111.0,59207.62060801137,0.0,59117.0,96.62060801136977,9335.541892486772,Down,Up,2466
Ridge,H6,13,2023-08-30,2023-09-07,59117.0,-0.0017084764111845,0.0018276637863623181,59016.0,59225.046000058384,0.0,59117.0,209.04600005838438,43700.23014041004,Down,Up,2465
Ridge,H7,13,2023-08-30,2023-09-08,59117.0,-0.0035861089026845,0.0021212926547101896,58905.0,59242.404457868506,0.0,59117.0,337.40445786850614,113841.76818954054,Down,Up,2464
Ridge,H1,14,2023-08-31,2023-09-01,59113.0,-0.0001184172686211,0.0003141513111594226,59106.0,59131.57042645657,0.0,59113.0,25.570426456572022,653.8467091709584,Down,Up,2471
Ridge,H2,14,2023-08-31,2023-09-04,59113.0,0.0046013567235634,0.0006246889402496329,59385.0,59149.92723732498,0.0,59113.0,235.0727626750231,55259.20375166774,Up,Up,2470
Ridge,H3,14,2023-08-31,2023-09-05,59113.0,0.0031803495001099,0.0009354650737287054,59301.0,59168.298146903326,0.0,59113.0,132.7018530966743,17609.78181529133,Up,Up,2469
Ridge,H4,14,2023-08-31,2023-09-06,59113.0,-3.383350532026874e-05,0.0012419965960531853,59111.0,59186.418144782496,0.0,59113.0,75.4181447824958,5687.896562433499,Down,Up,2468
Ridge,H5,14,2023-08-31,2023-09-07,59113.0,-0.0016409250080354,0.0015369775603753183,59016.0,59203.855354526466,0.0,59113.0,187.85535452646582,35289.63422426416,Down,Up,2467
Ridge,H6,14,2023-08-31,2023-09-08,59113.0,-0.0035186845533131,0.0018316629460874876,58905.0,59221.27509173207,0.0,59113.0,316.27509173207363,100029.93365013158,Down,Up,2466
Ridge,H7,14,2023-08-31,2023-09-11,59113.0,-0.0029096814575474,0.0021266475249504717,58941.0,59238.71251514239,0.0,59113.0,297.71251514238975,88632.74167240765,Down,Up,2465
Ridge,H1,15,2023-09-01,2023-09-04,59106.0,0.0047203329611207,0.0003139763288364059,59385.0,59124.55788489221,0.0,59106.0,260.4421151077913,67830.09532182003,Up,Up,2472
Ridge,H2,15,2023-09-01,2023-09-05,59106.0,0.0032991574459446,0.0006243607883262508,59301.0,59142.90346875481,0.0,59106.0,158.0965312451881,24994.513191760732,Up,Up,2471
Ridge,H3,15,2023-09-01,2023-09-06,59106.0,8.459378066527634e-05,0.0009368957522826802,59111.0,59161.37616033442,0.0,59106.0,50.376160334417364,2537.7575300389253,Up,Up,2470
Ridge,H4,15,2023-09-01,2023-09-07,59106.0,-0.0015226880519744,0.0012457099622913887,59016.0,59179.62893303119,0.0,59106.0,163.628933031192,26774.427724926314,Down,Up,2469
Ridge,H5,15,2023-09-01,2023-09-08,59106.0,-0.0034006699827429,0.0015421467718351944,58905.0,59197.150127096094,0.0,59106.0,292.15012709609437,85351.6967622641,Down,Up,2468
Ridge,H6,15,2023-09-01,2023-09-11,59106.0,-0.0027915947619531,0.001835567930768331,58941.0,59214.493078115986,0.0,59106.0,273.49307811598555,74798.46377735658,Down,Up,2467
Ridge,H7,15,2023-09-01,2023-09-12,59106.0,-0.0078503028457347,0.0021304765584227643,58642.0,59231.92394746213,0.0,59106.0,589.9239474621281,348010.2637892997,Down,Up,2466
Ridge,H1,16,2023-09-04,2023-09-05,59385.0,-0.0014144986107602,0.00031575792023942514,59301.0,59403.75128409342,0.0,59385.0,102.75128409342142,10557.826382846997,Down,Up,2473
Ridge,H2,16,2023-09-04,2023-09-06,59385.0,-0.0046139597541466,0.0006259692735525854,59111.0,59422.173185309926,0.0,59385.0,311.17318530992634,96828.75125592576,Down,Up,2472
Ridge,H3,16,2023-09-04,2023-09-07,59385.0,-0.0062136903258398,0.0009383509383153755,59016.0,59440.72397047186,0.0,59385.0,424.7239704718595,180390.45109338098,Down,Up,2471
Ridge,H4,16,2023-09-04,2023-09-08,59385.0,-0.0080828492043445,0.0012489346070206494,58905.0,59459.16798163792,0.0,59385.0,554.1679816379183,307102.15187264414,Down,Up,2470
Ridge,H5,16,2023-09-04,2023-09-11,59385.0,-0.0074766355140186,0.0015476702771510839,58941.0,59476.90839940862,0.0,59385.0,535.9083994086177,287197.8125567065,Down,Up,2469
Ridge,H6,16,2023-09-04,2023-09-12,59385.0,-0.0125115769975583,0.0018425559477507287,58642.0,59494.42018495717,0.0,59385.0,852.4201849571691,726620.1717224144,Down,Up,2468
Ridge,H7,16,2023-09-04,2023-09-13,59385.0,-0.0130504336111813,0.0021361957170569234,58610.0,59511.85798265743,0.0,59385.0,901.8579826574278,813347.8208829253,Down,Up,2467
Ridge,H1,17,2023-09-05,2023-09-06,59301.0,-0.0032039931872986,0.0003150585914589992,59111.0,59319.68328953211,0.0,59301.0,208.68328953211312,43548.715329943756,Down,Up,2474
Ridge,H2,17,2023-09-05,2023-09-07,59301.0,-0.004805989780948,0.0006270503144995009,59016.0,59338.184710700145,0.0,59301.0,322.18471070014493,103802.98780893609,Down,Up,2473
Ridge,H3,17,2023-09-05,2023-09-08,59301.0,-0.0066777963272119,0.0009392579822999674,58905.0,59356.69893760837,0.0,59301.0,451.69893760837294,204031.9302365328,Down,Up,2472
Ridge,H4,17,2023-09-05,2023-09-11,59301.0,-0.0060707239338291,0.0012496888281763713,58941.0,59375.107797199686,0.0,59301.0,434.1077971996856,188449.57958956336,Down,Up,2471
Ridge,H5,17,2023-09-05,2023-09-12,59301.0,-0.0111127974233149,0.001550194910093833,58642.0,59392.92810836347,0.0,59301.0,750.9281083634705,563893.0239303402,Down,Up,2470
Ridge,H6,17,2023-09-05,2023-09-13,59301.0,-0.0116524173285441,0.0018473765729109881,58610.0,59410.5512781502,0.0,59301.0,800.5512781501966,640882.3489479134,Down,Up,2469
Ridge,H7,17,2023-09-05,2023-09-14,59301.0,-0.0116861435726209,0.0021424783812510092,58608.0,59428.05111048656,0.0,59301.0,820.0511104865582,672483.8238102372,Down,Up,2468
Ridge,H1,18,2023-09-06,2023-09-07,59111.0,-0.0016071458780937,0.00031363665589406297,59016.0,59129.53937636655,0.0,59111.0,113.53937636654882,12891.189985704825,Down,Up,2475
Ridge,H2,18,2023-09-06,2023-09-08,59111.0,-0.0034849689567085,0.0006249316996465594,58905.0,59147.94033769781,0.0,59111.0,242.940337697808,59020.007680724986,Down,Up,2474
Ridge,H3,18,2023-09-06,2023-09-11,59111.0,-0.0028759452555362,0.0009389122283825557,58941.0,59166.50004073192,0.0,59111.0,225.50004073191667,50850.26837009608,Down,Up,2473
Ridge,H4,18,2023-09-06,2023-09-12,59111.0,-0.0079342254402733,0.001249169330490507,58642.0,59184.83964829463,0.0,59111.0,542.8396482946264,294674.88376063365,Down,Up,2472
Ridge,H5,18,2023-09-06,2023-09-13,59111.0,-0.0084755798413155,0.0015495262742361512,58610.0,59202.59404759638,0.0,59111.0,592.5940475963798,351167.70524666045,Down,Up,2471
Ridge,H6,18,2023-09-06,2023-09-14,59111.0,-0.0085094144913806,0.0018484725974039738,58608.0,59220.26506370515,0.0,59111.0,612.2650637051483,374868.5082338694,Down,Up,2470
Ridge,H7,18,2023-09-06,2023-09-15,59111.0,-0.0020131616788753,0.0021458618250622735,58992.0,59237.84403834125,0.0,59111.0,245.8440383412526,60439.291187935276,Down,Up,2469
Ridge,H1,19,2023-09-07,2023-09-08,59016.0,-0.0018808458723058,0.00031286099697636,58905.0,59034.46380459755,0.0,59016.0,129.46380459755164,16760.876700873036,Down,Up,2476
Ridge,H2,19,2023-09-07,2023-09-11,59016.0,-0.0012708418056119,0.00062273759476858,58941.0,59052.75148189286,0.0,59016.0,111.7514818928612,12488.393705250483,Down,Up,2475
Ridge,H3,19,2023-09-07,2023-09-12,59016.0,-0.006337264470652,0.0009360213150646695,58642.0,59071.24023392986,0.0,59016.0,429.2402339298569,184247.17842415828,Down,Up,2474
Ridge,H4,19,2023-09-07,2023-09-13,59016.0,-0.0068794903077131,0.0012480487030952145,58610.0,59089.65484226187,0.0,59016.0,479.65484226187255,230068.76770526182,Down,Up,2473
Ridge,H5,19,2023-09-07,2023-09-14,59016.0,-0.0069133794225294,0.0015482360086205827,58608.0,59107.37069628475,0.0,59016.0,499.37069628475,249371.09230791603,Down,Up,2472
Ridge,H6,19,2023-09-07,2023-09-15,59016.0,-0.0004066693777958,0.001847033304021324,58992.0,59125.004517470115,0.0,59016.0,133.0045174701154,17690.20166745823,Down,Up,2471
Ridge,H7,19,2023-09-07,2023-09-18,59016.0,0.0033211332519995,0.0021461834287450207,59212.0,59142.65916123082,0.0,59016.0,69.34083876918157,4808.1519212136345,Up,Up,2470
Ridge,H1,20,2023-09-08,2023-09-11,58905.0,0.0006111535523301,0.00031197553149269695,58941.0,58923.376918682574,0.0,58905.0,17.623081317426113,310.5729951206133,Up,Up,2477
Ridge,H2,20,2023-09-08,2023-09-12,58905.0,-0.0044648162295221,0.0006210787474109264,58642.0,58941.58464361625,0.0,58905.0,299.58464361624647,89750.9586906734,Down,Up,2476
Ridge,H3,20,2023-09-08,2023-09-13,58905.0,-0.0050080638315932,0.0009329452027726298,58610.0,58959.95513716932,0.0,58905.0,349.9551371693233,122468.59803119987,Down,Up,2475
Ridge,H4,20,2023-09-08,2023-09-14,58905.0,-0.0050420168067226,0.0012442773773434313,58608.0,58978.29415891241,0.0,58905.0,370.29415891240933,137117.76412464865,Down,Up,2474
Ridge,H5,20,2023-09-08,2023-09-15,58905.0,0.0014769544181307,0.0015462350414691618,58992.0,58996.080975117744,0.0,58905.0,4.080975117743947,16.654357911645217,Up,Up,2473
Ridge,H6,20,2023-09-08,2023-09-18,58905.0,0.00521178168237,0.0018448627349496158,59212.0,59013.67163940221,0.0,58905.0,198.3283605977922,39334.138617407894,Up,Up,2472
Ridge,H7,20,2023-09-08,2023-09-19,58905.0,0.0061115355233001,0.0021438637397711508,59265.0,59031.28429359121,0.0,58905.0,233.7157064087878,54623.031422158696,Up,Up,2471
Ridge,H1,21,2023-09-11,2023-09-12,58941.0,-0.0050728694796491,0.0003120962253218687,58642.0,58959.395263616694,0.0,58941.0,317.39526361669414,100739.75336631076,Down,Up,2478
Ridge,H2,21,2023-09-11,2023-09-13,58941.0,-0.0056157852768021,0.000620314900210969,58610.0,58977.561980533326,0.0,58941.0,367.5619805333263,135101.8095335813,Down,Up,2477
Ridge,H3,21,2023-09-11,2023-09-14,58941.0,-0.0056497175141242,0.0009314069399088808,58608.0,58995.89805644517,0.0,58941.0,387.89805644517037,150464.90219394056,Down,Up,2476
Ridge,H4,21,2023-09-11,2023-09-15,58941.0,0.0008652720517128,0.0012413218669496712,58992.0,59014.16475215988,0.0,58941.0,22.164752159878844,491.2762383088539,Up,Up,2475
Ridge,H5,21,2023-09-11,2023-09-18,58941.0,0.0045978181571402,0.0015425879363669926,59212.0,59031.92167555741,0.0,58941.0,180.0783244425911,32428.202934051107,Up,Up,2474
Ridge,H6,21,2023-09-11,2023-09-19,58941.0,0.005497022446175,0.001842987983708832,59265.0,59049.62755474778,0.0,58941.0,215.37244525222195,46385.29017392134,Up,Up,2473
Ridge,H7,21,2023-09-11,2023-09-20,58941.0,0.0071597020749563,0.0021418195170242234,59363.0,59067.24098415292,0.0,58941.0,295.75901584707753,87473.39545483186,Up,Up,2472
Ridge,H1,22,2023-09-12,2023-09-13,58642.0,-0.0005456839807645,0.0003099239947141601,58610.0,58660.17456289803,0.0,58642.0,50.17456289802794,2517.4867620081623,Down,Up,2479
Ridge,H2,22,2023-09-12,2023-09-14,58642.0,-0.0005797892295624,0.0006182628126061081,58608.0,58678.256167856845,0.0,58642.0,70.25616785684542,4935.92912192924,Down,Up,2478
Ridge,H3,22,2023-09-12,2023-09-15,58642.0,0.0059684185396131,0.0009284724084695459,58992.0,58696.44747897747,0.0,58642.0,295.55252102253144,87351.29268277388,Up,Up,2477
Ridge,H4,22,2023-09-12,2023-09-18,58642.0,0.0097199959073701,0.0012376161068418786,59212.0,58714.57628373742,0.0,58642.0,497.42371626257955,247430.35350047523,Up,Up,2476
Ridge,H5,22,2023-09-12,2023-09-19,58642.0,0.0106237850005115,0.0015374747331701826,59265.0,58732.16059330257,0.0,58642.0,532.8394066974288,283917.8333296679,Up,Up,2475
Ridge,H6,22,2023-09-12,2023-09-20,58642.0,0.0122949421916032,0.001837185912947252,59363.0,58749.73625630706,0.0,58642.0,613.2637436929435,376092.41932828433,Up,Up,2474
Ridge,H7,22,2023-09-12,2023-09-21,58642.0,0.0035981037481669,0.0021377791167022033,58853.0,58767.363642961645,0.0,58642.0,85.63635703835462,7333.585646800549,Up,Up,2473
Ridge,H1,23,2023-09-13,2023-09-14,58610.0,-3.4123869646851546e-05,0.000309579011525243,58608.0,58628.144425865496,0.0,58610.0,20.144425865495577,405.79789345044725,Down,Up,2480
Ridge,H2,23,2023-09-13,2023-09-15,58610.0,0.0065176591025422,0.000615748069482778,58992.0,58646.08899435239,0.0,58610.0,345.9110056476129,119654.42382814288,Up,Up,2479
Ridge,H3,23,2023-09-13,2023-09-18,58610.0,0.0102712847636921,0.0009260767261622117,59212.0,58664.27735692037,0.0,58610.0,547.722643079629,300000.0937421347,Up,Up,2478
Ridge,H4,23,2023-09-13,2023-09-19,58610.0,0.0111755673093327,0.001234339092467143,59265.0,58682.3446142095,0.0,58610.0,582.6553857905019,339487.2985906786,Up,Up,2477
Ridge,H5,23,2023-09-13,2023-09-20,58610.0,0.0128476369220269,0.001533430662760288,59363.0,58699.87437114438,0.0,58610.0,663.1256288556178,439735.5996451586,Up,Up,2476
Ridge,H6,23,2023-09-13,2023-09-21,58610.0,0.0041460501620884,0.0018317355229128807,58853.0,58717.358018997926,0.0,58610.0,135.64198100207432,18398.74701016709,Up,Up,2475
Ridge,H7,23,2023-09-13,2023-09-22,58610.0,0.0048797133594948,0.002131639853975635,58896.0,58734.935411841514,0.0,58610.0,161.064588158486,25941.801558662708,Up,Up,2474
Ridge,H1,24,2023-09-14,2023-09-15,58608.0,0.0065520065520066,0.00030944051884538145,58992.0,58626.13568992849,0.0,58608.0,365.8643100715126,133856.6933841039,Up,Up,2481
Ridge,H2,24,2023-09-14,2023-09-18,58608.0,0.0103057603057603,0.0006152660303153799,59212.0,58644.059511504725,0.0,58608.0,567.9404884952746,322556.39847225114,Up,Up,2480
Ridge,H3,24,2023-09-14,2023-09-19,58608.0,0.0112100737100737,0.0009234241729787964,59265.0,58662.120043929935,0.0,58608.0,602.8799560700645,363464.2414310429,Up,Up,2479
Ridge,H4,24,2023-09-14,2023-09-20,58608.0,0.0128822003822004,0.0012318062856807668,59363.0,58680.193702791184,0.0,58608.0,682.8062972088155,466224.4395080133,Up,Up,2478
Ridge,H5,24,2023-09-14,2023-09-21,58608.0,0.0041803166803167,0.0015300206336668258,58853.0,58697.671449297944,0.0,58608.0,155.3285507020555,24126.95866320103,Up,Up,2477
Ridge,H6,24,2023-09-14,2023-09-22,58608.0,0.0049140049140048,0.0018275588814916095,58896.0,58715.109570926455,0.0,58608.0,180.8904290735445,32721.347330411038,Up,Up,2476
Ridge,H7,24,2023-09-14,2023-09-25,58608.0,0.0016891891891892,0.0021260568928322776,58707.0,58732.60394237511,0.0,58608.0,25.603942375113547,655.5618651481352,Up,Up,2475
Ridge,H1,25,2023-09-15,2023-09-18,58992.0,0.003729319229726,0.00031195537880861234,59212.0,59010.40287170668,0.0,58992.0,201.59712829331693,40641.40213611208,Up,Up,2482
Ridge,H2,25,2023-09-15,2023-09-19,58992.0,0.0046277461350692,0.0006176447375927674,59265.0,59028.43609836007,0.0,58992.0,236.5639016399291,55962.47955910605,Up,Up,2481
Ridge,H3,25,2023-09-15,2023-09-20,58992.0,0.0062889883374017,0.0009254580298266868,59363.0,59046.59462009553,0.0,58992.0,316.40537990447046,100112.36443249228,Up,Up,2480
Ridge,H4,25,2023-09-15,2023-09-21,58992.0,-0.002356251695145,0.0012316580707324712,58853.0,59064.65797290865,0.0,58992.0,211.65797290865157,44799.097495799484,Down,Up,2479
Ridge,H5,25,2023-09-15,2023-09-22,58992.0,-0.001627339300244,0.0015299987057735794,58896.0,59082.25768365099,0.0,58992.0,186.25768365099066,34691.92471903251,Down,Up,2478
Ridge,H6,25,2023-09-15,2023-09-25,58992.0,-0.0048311635475997,0.001826656522244294,58707.0,59099.75812156023,0.0,58992.0,392.7581215602331,154258.94205152287,Down,Up,2477
Ridge,H7,25,2023-09-15,2023-09-26,58992.0,-0.0087130458367236,0.0021243847644272376,58478.0,59117.32170602309,0.0,58992.0,639.3217060230891,408732.2437922731,Down,Up,2476
Ridge,H1,26,2023-09-18,2023-09-19,59212.0,0.0008950888333445,0.0003133318395952091,59265.0,59230.55300488611,0.0,59212.0,34.44699511388899,1186.5954723762918,Up,Up,2483
Ridge,H2,26,2023-09-18,2023-09-20,59212.0,0.0025501587516043,0.0006215483120576706,59363.0,59248.803118653566,0.0,59212.0,114.19688134643366,13040.927709251448,Up,Up,2482
Ridge,H3,26,2023-09-18,2023-09-21,59212.0,-0.0060629602107681,0.0009292252803430717,58853.0,59267.02128729967,0.0,59212.0,414.0212872996708,171413.62633727654,Down,Up,2481
Ridge,H4,26,2023-09-18,2023-09-22,59212.0,-0.0053367560629602,0.001235080960429945,58896.0,59285.131613828984,0.0,59212.0,389.131613828984,151423.4128811495,Down,Up,2480
Ridge,H5,26,2023-09-18,2023-09-25,59212.0,-0.0085286766196041,0.001531236397353137,58707.0,59302.66756956008,0.0,59212.0,595.6675695600788,354819.8534256114,Down,Up,2479
Ridge,H6,26,2023-09-18,2023-09-26,59212.0,-0.0123961359183949,0.001828022682289064,58478.0,59320.240879063706,0.0,59212.0,842.2408790637055,709369.6983660035,Down,Up,2478
Ridge,H7,26,2023-09-18,2023-09-27,59212.0,-0.0245389448084847,0.002124868013675378,57759.0,59337.81768482575,0.0,59212.0,1578.81768482575,2492665.281918541,Down,Up,2477
Ridge,H1,27,2023-09-19,2023-09-20,59265.0,0.0016535898084872,0.0003135661590299131,59363.0,59283.583498414904,0.0,59265.0,79.41650158509583,6306.980724015529,Up,Up,2484
Ridge,H2,27,2023-09-19,2023-09-21,59265.0,-0.0069518265418037,0.00062316200729304,58853.0,59301.93169636222,0.0,59265.0,448.93169636221864,201539.66799865928,Down,Up,2483
Ridge,H3,27,2023-09-19,2023-09-22,59265.0,-0.0062262718299165,0.000933367606540321,58896.0,59320.31603120162,0.0,59265.0,424.3160312016189,180044.09433469322,Down,Up,2482
Ridge,H4,27,2023-09-19,2023-09-25,59265.0,-0.0094153378891419,0.0012390877308089598,58707.0,59338.434534366395,0.0,59265.0,631.4345343663954,398709.57119050657,Down,Up,2481
Ridge,H5,27,2023-09-19,2023-09-26,59265.0,-0.0132793385640765,0.0015349028857386327,58478.0,59355.966019523294,0.0,59265.0,877.9660195232937,770824.3314375764,Down,Up,2480
Ridge,H6,27,2023-09-19,2023-09-27,59265.0,-0.0254112882814477,0.0018295028610945136,57759.0,59373.42548706277,0.0,59265.0,1614.4254870627701,2606369.6532778624,Down,Up,2479
Ridge,H7,27,2023-09-19,2023-09-28,59265.0,-0.0357546612671897,0.0021264768463215727,57146.0,59391.02565029725,0.0,59265.0,2245.025650297248,5040140.170492581,Down,Up,2478
Ridge,H1,28,2023-09-20,2023-09-21,59363.0,-0.008591210012971,0.0003141052574159536,58853.0,59381.646230395985,0.0,59363.0,528.6462303959852,279466.83691188507,Down,Up,2485
Ridge,H2,28,2023-09-20,2023-09-22,59363.0,-0.0078668530903087,0.0006239374099932891,58896.0,59400.03879646943,0.0,59363.0,504.03879646943096,254055.10834635244,Down,Up,2484
Ridge,H3,28,2023-09-20,2023-09-25,59363.0,-0.0110506544480568,0.0009355241968398559,58707.0,59418.535522897,0.0,59363.0,711.5355228970002,506282.8003443075,Down,Up,2483
Ridge,H4,28,2023-09-20,2023-09-26,59363.0,-0.0149082761989791,0.001243778495894787,58478.0,59436.834422851796,0.0,59363.0,958.8344228517963,919363.4504455372,Down,Up,2482
Ridge,H5,28,2023-09-20,2023-09-27,59363.0,-0.0270201977662853,0.0015394623834833327,57759.0,59454.38710547071,0.0,59363.0,1695.3871054707124,2874337.4373963606,Down,Up,2481
Ridge,H6,28,2023-09-20,2023-09-28,59363.0,-0.0373464952916799,0.0018337225186870446,57146.0,59471.85526987682,0.0,59363.0,2325.855269876818,5409602.736413766,Down,Up,2480
Ridge,H7,28,2023-09-20,2023-09-29,59363.0,-0.0387783636271751,0.0021285069716340406,57061.0,59489.35455935712,0.0,59363.0,2428.354559357118,5896905.865950502,Down,Up,2479
Ridge,H1,29,2023-09-21,2023-09-22,58853.0,0.0007306339523898,0.0003105231540262863,58896.0,58871.27521918391,0.0,58853.0,24.72478081609006,611.314786403695,Up,Up,2486
Ridge,H2,29,2023-09-21,2023-09-25,58853.0,-0.0024807571406725,0.0006208888571075417,58707.0,58889.54117190735,0.0,58853.0,182.5411719073527,33321.279441309685,Down,Up,2485
Ridge,H3,29,2023-09-21,2023-09-26,58853.0,-0.0063718077243301,0.0009327067407772278,58478.0,58907.89258981496,0.0,58853.0,429.89258981496096,184807.63877781428,Down,Up,2484
Ridge,H4,29,2023-09-21,2023-09-27,58853.0,-0.018588687067779,0.0012423286431832389,57759.0,58926.114767637264,0.0,58853.0,1167.1147676372639,1362156.8808369844,Down,Up,2483
Ridge,H5,29,2023-09-21,2023-09-28,58853.0,-0.0290044687611507,0.0015405264507618913,57146.0,58943.66460320669,0.0,58853.0,1797.6646032066928,3231598.0256222766,Down,Up,2482
Ridge,H6,29,2023-09-21,2023-09-29,58853.0,-0.0304487451786654,0.001834654575520426,57061.0,58960.9749257331,0.0,58853.0,1899.9749257330986,3609904.718414494,Down,Up,2481
Ridge,H7,29,2023-09-21,2023-10-03,58853.0,-0.0419349905697246,0.0021290997068315765,56385.0,58978.30390504615,0.0,58853.0,2593.303905046152,6725225.143927622,Down,Up,2480
Ridge,H1,30,2023-09-22,2023-09-25,58896.0,-0.0032090464547677,0.0003106917014888753,58707.0,58914.29849845088,0.0,58896.0,207.2984984508803,42972.667459989614,Down,Up,2487
Ridge,H2,30,2023-09-22,2023-09-26,58896.0,-0.0070972561803858,0.0006174741460330288,58478.0,58932.36675730476,0.0,58896.0,454.3667573047569,206449.15014363985,Down,Up,2486
Ridge,H3,30,2023-09-22,2023-09-27,58896.0,-0.01930521597392,0.0009298254424282206,57759.0,58950.76299925725,0.0,58896.0,1191.7629992572474,1420299.04639863,Down,Up,2485
Ridge,H4,30,2023-09-22,2023-09-28,58896.0,-0.0297133930997011,0.0012396796580061362,57146.0,58969.012173137926,0.0,58896.0,1823.0121731379259,3323373.383409063,Down,Up,2484
Ridge,H5,30,2023-09-22,2023-09-29,58896.0,-0.0311566150502581,0.0015392501473314823,57061.0,58986.655676677234,0.0,58896.0,1925.6556766772337,3708149.785119255,Down,Up,2483
Ridge,H6,30,2023-09-22,2023-10-03,58896.0,-0.0426344743276283,0.0018358950594700764,56385.0,59004.12687542255,0.0,58896.0,2619.126875422553,6859825.589560705,Down,Up,2482
Ridge,H7,30,2023-09-22,2023-10-04,58896.0,-0.0452832110839446,0.002130208109163283,56229.0,59021.46073679728,0.0,58896.0,2792.4607367972785,7797836.9665544,Down,Up,2481
Ridge,H1,31,2023-09-25,2023-09-26,58707.0,-0.0039007273408622,0.00030927730889931894,58478.0,58725.15674297355,0.0,58707.0,247.15674297355145,61086.455597294174,Down,Up,2488
Ridge,H2,31,2023-09-25,2023-09-27,58707.0,-0.0161479891665389,0.0006162289281202568,57759.0,58743.176951683155,0.0,58707.0,984.1769516831555,968604.2722243482,Down,Up,2487
Ridge,H3,31,2023-09-25,2023-09-28,58707.0,-0.0265896741444802,0.000925006819395213,57146.0,58761.304375346226,0.0,58707.0,1615.3043753462262,2609208.225012662,Down,Up,2486
Ridge,H4,31,2023-09-25,2023-09-29,58707.0,-0.0280375423714378,0.0012353923023638263,57061.0,58779.52617589487,0.0,58707.0,1718.526175894869,2953332.2172358427,Down,Up,2485
Ridge,H5,31,2023-09-25,2023-10-03,58707.0,-0.0395523532117123,0.0015351976275244257,56385.0,58797.12684711908,0.0,58707.0,2412.126847119078,5818355.926592623,Down,Up,2484
Ridge,H6,31,2023-09-25,2023-10-04,58707.0,-0.0422096172517757,0.0018332103173641105,56229.0,58814.622278101495,0.0,58707.0,2585.622278101495,6685442.565014764,Down,Up,2483
Ridge,H7,31,2023-09-25,2023-10-05,58707.0,-0.0442025652818233,0.0021300307944940983,56112.0,58832.04771785236,0.0,58707.0,2720.047717852358,7398659.58739382,Down,Up,2482
Ridge,H1,32,2023-09-26,2023-09-27,58478.0,-0.0122952221348199,0.0003075856360020071,57759.0,58495.98699282212,0.0,58478.0,736.9869928221233,543149.8275889964,Down,Up,2489
Ridge,H2,32,2023-09-26,2023-09-28,58478.0,-0.0227777967782756,0.0006131281778602232,57146.0,58513.85450958491,0.0,58478.0,1367.8545095849113,1871025.959391778,Down,Up,2488
Ridge,H3,32,2023-09-26,2023-09-29,58478.0,-0.0242313348609733,0.000922072296553699,57061.0,58531.92094375787,0.0,58478.0,1470.9209437578684,2163608.4227855382,Down,Up,2487
Ridge,H4,32,2023-09-26,2023-10-03,58478.0,-0.0357912377304285,0.001228898165704863,56385.0,58549.863506934096,0.0,58478.0,2164.863506934096,4686634.003654994,Down,Up,2486
Ridge,H5,32,2023-09-26,2023-10-04,58478.0,-0.0384589076233797,0.0015292355357465833,56229.0,58567.42663565939,0.0,58478.0,2338.426635659387,5468239.13036128,Down,Up,2485
Ridge,H6,32,2023-09-26,2023-10-05,58478.0,-0.040459660043093,0.0018274817362382086,56112.0,58584.86747697174,0.0,58478.0,2472.86747697174,6115073.558664579,Down,Up,2484
Ridge,H7,32,2023-09-26,2023-10-06,58478.0,-0.032422449468176,0.0021256637944069403,56582.0,58602.30456736933,0.0,58478.0,2020.3045673693268,4081630.544933363,Down,Up,2483
Ridge,H1,33,2023-09-27,2023-09-28,57759.0,-0.0106130646306202,0.0003025244278178925,57146.0,57776.47350842633,0.0,57759.0,630.4735084263302,397496.8448274059,Down,Up,2490
Ridge,H2,33,2023-09-27,2023-09-29,57759.0,-0.0120846967572153,0.0006063941734075976,57061.0,57794.02472106185,0.0,57759.0,733.0247210618472,537325.241687799,Down,Up,2489
Ridge,H3,33,2023-09-27,2023-10-03,57759.0,-0.0237885004934296,0.0009139425133659776,56385.0,57811.78840562951,0.0,57759.0,1426.788405629508,2035725.1544387932,Down,Up,2488
Ridge,H4,33,2023-09-27,2023-10-04,57759.0,-0.0264893782787097,0.0012209296548427015,56229.0,57829.519675934054,0.0,57759.0,1600.5196759340542,2561663.23305205,Down,Up,2487
Ridge,H5,33,2023-09-27,2023-10-05,57759.0,-0.0285150366176699,0.0015177516158802556,56112.0,57846.663815581625,0.0,57759.0,1734.6638155816254,3009058.553088203,Down,Up,2486
Ridge,H6,33,2023-09-27,2023-10-06,57759.0,-0.0203777766235565,0.001816520560782454,56582.0,57863.920411070234,0.0,57759.0,1281.920411070234,1643319.9403184776,Down,Up,2485
Ridge,H7,33,2023-09-27,2023-10-09,57759.0,-0.0085008396959781,0.00211492933012587,57268.0,57881.15620317874,0.0,57759.0,613.1562031787398,375960.5294965681,Down,Up,2484
Ridge,H1,34,2023-09-28,2023-09-29,57146.0,-0.0014874181919994,0.0002981424140698446,57061.0,57163.037646394434,0.0,57146.0,102.03764639443398,10411.681281715546,Down,Up,2491
Ridge,H2,34,2023-09-28,2023-10-03,57146.0,-0.0133167675777832,0.0005970030282277425,56385.0,57180.116335051105,0.0,57146.0,795.1163350511051,632209.9862651012,Down,Up,2490
Ridge,H3,34,2023-09-28,2023-10-04,57146.0,-0.0160466174360409,0.0009028923877214365,56229.0,57197.59668838873,0.0,57146.0,968.5966883887304,938179.5447576153,Down,Up,2489
Ridge,H4,34,2023-09-28,2023-10-05,57146.0,-0.0180940048297343,0.0012084963645886634,56112.0,57215.06073325078,0.0,57146.0,1103.0607332507789,1216742.9812397459,Down,Up,2488
Ridge,H5,34,2023-09-28,2023-10-06,57146.0,-0.0098694571798551,0.0015054790718897803,56582.0,57232.032107042214,0.0,57146.0,650.0321070422142,422541.74018574064,Down,Up,2487
Ridge,H6,34,2023-09-28,2023-10-09,57146.0,0.0021348825814579,0.001800767192993379,57268.0,57248.9066420108,0.0,57146.0,19.09335798920074,364.55631930377575,Up,Up,2486
Ridge,H7,34,2023-09-28,2023-10-10,57146.0,0.0038147901865397,0.0020996898999814753,57364.0,57265.98887902434,0.0,57146.0,98.01112097565783,9606.179834905035,Up,Up,2485
Ridge,H1,35,2023-09-29,2023-10-03,57061.0,-0.0118469707856504,0.0002974261768174468,56385.0,57077.97143507538,0.0,57061.0,692.9714350753784,480209.40983042936,Down,Up,2492
Ridge,H2,35,2023-09-29,2023-10-04,57061.0,-0.0145808871208005,0.0005919124043472447,56229.0,57094.775113704454,0.0,57061.0,865.7751137044543,749566.5475099607,Down,Up,2491
Ridge,H3,35,2023-09-29,2023-10-05,57061.0,-0.016631324372163,0.0008927989687719375,56112.0,57111.9440019571,0.0,57061.0,999.9440019570975,999888.0070499758,Down,Up,2490
Ridge,H4,35,2023-09-29,2023-10-06,57061.0,-0.0083945251572877,0.0011967469065319424,56582.0,57129.28757523362,0.0,57061.0,547.2875752336186,299523.6900050937,Down,Up,2489
Ridge,H5,35,2023-09-29,2023-10-09,57061.0,0.0036276966754875,0.0014923518107820063,57268.0,57146.15508667504,0.0,57061.0,121.84491332495963,14846.182903166926,Up,Up,2488
Ridge,H6,35,2023-09-29,2023-10-10,57061.0,0.0053101067278877,0.001787800121687631,57364.0,57163.013662743615,0.0,57061.0,200.986337256385,40395.50776373734,Up,Up,2487
Ridge,H7,35,2023-09-29,2023-10-11,57061.0,0.0100769352096878,0.0020832467673283683,57636.0,57179.872143790526,0.0,57061.0,456.127856209474,208052.62121025057,Up,Up,2486
Ridge,H1,36,2023-10-03,2023-10-04,56385.0,-0.0027666932694865,0.00029255455435584095,56229.0,56401.49568854736,0.0,56385.0,172.49568854735844,29754.762567427286,Down,Up,2493
Ridge,H2,36,2023-10-03,2023-10-05,56385.0,-0.0048417132216015,0.0005863306868537298,56112.0,56418.06025577824,0.0,56385.0,306.0602557782404,93672.88016704193,Down,Up,2492
Ridge,H3,36,2023-10-03,2023-10-06,56385.0,0.0034938370133901,0.0008828901675587725,56582.0,56434.7817620978,0.0,56385.0,147.21823790219787,21673.20957102813,Up,Up,2491
Ridge,H4,36,2023-10-03,2023-10-09,56385.0,0.0156601933138245,0.0011818917604087817,57268.0,56451.64096691064,0.0,56385.0,816.3590330893567,666442.0709065894,Up,Up,2490
Ridge,H5,36,2023-10-03,2023-10-10,56385.0,0.0173627737873547,0.0014758607861771128,57364.0,56468.2164104286,0.0,56385.0,895.7835895714015,802428.2393454252,Up,Up,2489
Ridge,H6,36,2023-10-03,2023-10-11,56385.0,0.0221867517956904,0.0017699452737873855,57636.0,56484.798364262504,0.0,56385.0,1151.201635737496,1325265.2061246864,Up,Up,2488
Ridge,H7,36,2023-10-03,2023-10-12,56385.0,0.0217788418905737,0.00206554744154082,57613.0,56501.46589249127,0.0,56385.0,1111.5341075087272,1235508.0721552228,Up,Up,2487
Ridge,H1,37,2023-10-04,2023-10-05,56229.0,-0.0020807768233473,0.000291327775348981,56112.0,56245.38106948009,0.0,56229.0,133.38106948009226,17790.5096956532,Down,Up,2494
Ridge,H2,37,2023-10-04,2023-10-06,56229.0,0.0062778993046292,0.0005802466138918165,56582.0,56261.62668685252,0.0,56229.0,320.3733131474801,102639.05977709332,Up,Up,2493
Ridge,H3,37,2023-10-04,2023-10-09,56229.0,0.0184780095680165,0.000876096565909888,57268.0,56278.262033804545,0.0,56229.0,989.7379661954546,979581.2417287149,Up,Up,2492
Ridge,H4,37,2023-10-04,2023-10-10,56229.0,0.0201853136281988,0.0011707830973961603,57364.0,56294.831962783486,0.0,56229.0,1069.1680372165138,1143120.2918054126,Up,Up,2491
Ridge,H5,37,2023-10-04,2023-10-11,56229.0,0.0250226751320492,0.0014598224877556438,57636.0,56311.084358664004,0.0,56229.0,1324.915641335996,1755401.4566567738,Up,Up,2490
Ridge,H6,37,2023-10-04,2023-10-12,56229.0,0.0246136335342972,0.0017522756653241087,57613.0,56327.52870838551,0.0,56229.0,1285.4712916144927,1652436.4415650321,Up,Up,2489
Ridge,H7,37,2023-10-04,2023-10-13,56229.0,0.0491561293994202,0.0020465162562271063,58993.0,56344.07356257139,0.0,56229.0,2648.9264374286067,7016811.27090821,Up,Up,2488
Ridge,H1,38,2023-10-05,2023-10-06,56112.0,0.0083761049329911,0.0002903773913730029,56582.0,56128.29365618472,0.0,56112.0,453.7063438152836,205849.44641823234,Up,Up,2495
Ridge,H2,38,2023-10-05,2023-10-09,56112.0,0.0206016538351867,0.0005780732673803746,57268.0,56144.43684717925,0.0,56112.0,1123.5631528207523,1262394.158376509,Up,Up,2494
Ridge,H3,38,2023-10-05,2023-10-10,56112.0,0.0223125178214997,0.0008690745462736294,57364.0,56160.7655109405,0.0,56112.0,1203.2344890594977,1447773.2356622706,Up,Up,2493
Ridge,H4,38,2023-10-05,2023-10-11,56112.0,0.0271599657827201,0.0011630529697861933,57636.0,56177.26122824064,0.0,56112.0,1458.7387717593592,2127918.804234004,Up,Up,2492
Ridge,H5,38,2023-10-05,2023-10-12,56112.0,0.0267500712859993,0.0014477899676589876,57613.0,56193.23839066528,0.0,56112.0,1419.761609334717,2015723.0273407053,Up,Up,2491
Ridge,H6,38,2023-10-05,2023-10-13,56112.0,0.0513437410892501,0.0017353232716934143,58993.0,56209.37245942126,0.0,56112.0,2783.6275405787383,7748582.284668435,Up,Up,2490
Ridge,H7,38,2023-10-05,2023-10-16,56112.0,0.0513437410892501,0.002027934945269539,58993.0,56225.79148564897,0.0,56112.0,2767.2085143510267,7657442.961896816,Up,Up,2489
Ridge,H1,39,2023-10-06,2023-10-09,56582.0,0.0121239970308579,0.0002936165367745225,57268.0,56598.61341088378,0.0,56582.0,669.3865891162204,448078.4056886477,Up,Up,2496
Ridge,H2,39,2023-10-06,2023-10-10,56582.0,0.0138206496765755,0.0005803571648884709,57364.0,56614.837769103724,0.0,56582.0,749.162230896276,561244.0482014852,Up,Up,2495
Ridge,H3,39,2023-10-06,2023-10-11,56582.0,0.0186278321727757,0.0008701262838675937,57636.0,56631.233485393794,0.0,56582.0,1004.7665146062063,1009555.7488739039,Up,Up,2494
Ridge,H4,39,2023-10-06,2023-10-12,56582.0,0.0182213424764059,0.0011592185893026384,57613.0,56647.59090621992,0.0,56582.0,965.4090937800793,932014.7183532739,Up,Up,2493
Ridge,H5,39,2023-10-06,2023-10-13,56582.0,0.0426107242585982,0.00144324763013823,58993.0,56663.66183740848,0.0,56582.0,2329.338162591521,5425816.2757052425,Up,Up,2492
Ridge,H6,39,2023-10-06,2023-10-16,56582.0,0.0426107242585982,0.00172644523296815,58993.0,56679.6857241718,0.0,56582.0,2313.3142758281974,5351422.938750537,Up,Up,2491
Ridge,H7,39,2023-10-06,2023-10-17,56582.0,0.0413559082393695,0.0020140987320999165,58922.0,56695.961734459685,0.0,56582.0,2226.0382655403155,4955246.359649736,Up,Up,2490
Ridge,H1,40,2023-10-09,2023-10-10,57268.0,0.0016763288398407,0.0002983542972981955,57364.0,57285.08615389768,0.0,57268.0,78.91384610231762,6227.39510666027,Up,Up,2497
Ridge,H2,40,2023-10-09,2023-10-11,57268.0,0.0064259272193896,0.0005883784859645324,57636.0,57301.69525913422,0.0,57268.0,334.30474086578033,111759.65976533653,Up,Up,2496
Ridge,H3,40,2023-10-09,2023-10-12,57268.0,0.0060243067681777,0.0008771836417245784,57613.0,57318.23455279428,0.0,57268.0,294.7654472057184,86886.66886638715,Up,Up,2495
Ridge,H4,40,2023-10-09,2023-10-13,57268.0,0.0301215338408884,0.0011650329035129078,58993.0,57334.71910431838,0.0,57268.0,1658.2808956816225,2749895.528982644,Up,Up,2494
Ridge,H5,40,2023-10-09,2023-10-16,57268.0,0.0301215338408884,0.001444123695509327,58993.0,57350.702075794434,0.0,57268.0,1642.2979242055662,2697142.471849912,Up,Up,2493
Ridge,H6,40,2023-10-09,2023-10-17,57268.0,0.0288817489697561,0.001726608872611355,58922.0,57366.87943691671,0.0,57268.0,1555.120563083292,2418399.965724495,Up,Up,2492
Ridge,H7,40,2023-10-09,2023-10-18,57268.0,0.0421177621009987,0.0020098772737009033,59680.0,57383.101651710305,0.0,57268.0,2296.8983482896947,5275742.022375927,Up,Up,2491
Ridge,H1,41,2023-10-10,2023-10-11,57364.0,0.004741649815215,0.00029890606760235117,57636.0,57381.146447661944,0.0,57364.0,254.85355233805603,64950.33313932626,Up,Up,2498
Ridge,H2,41,2023-10-10,2023-10-12,57364.0,0.0043407014852521,0.0005936780550510136,57613.0,57398.05574794995,0.0,57364.0,214.94425205005246,46201.03148935648,Up,Up,2497
Ridge,H3,41,2023-10-10,2023-10-13,57364.0,0.0283976012830347,0.0008857715687705835,58993.0,57414.81140027096,0.0,57364.0,1578.1885997290374,2490679.2563146995,Up,Up,2496
Ridge,H4,41,2023-10-10,2023-10-16,57364.0,0.0283976012830347,0.0011726563504713763,58993.0,57431.26825888845,0.0,57364.0,1561.731741111551,2439006.0311953165,Up,Up,2495
Ridge,H5,41,2023-10-10,2023-10-17,57364.0,0.0271598912209747,0.0014505065177494102,58922.0,57447.20685588418,0.0,57364.0,1474.7931441158216,2175014.8179310304,Up,Up,2494
Ridge,H6,41,2023-10-10,2023-10-18,57364.0,0.0403737535736699,0.0017280464158773447,59680.0,57463.12765460039,0.0,57364.0,2216.8723453996136,4914522.995797584,Up,Up,2493
Ridge,H7,41,2023-10-10,2023-10-19,57364.0,0.0448190502754339,0.0020106015969770154,59935.0,57479.33615000899,0.0,57364.0,2455.6638499910114,6030284.9441526765,Up,Up,2492
Ridge,H1,42,2023-10-11,2023-10-12,57636.0,-0.0003990561454646,0.0003006841120926096,57613.0,57653.33022948458,0.0,57636.0,40.33022948457801,1626.5274102787257,Down,Up,2499
Ridge,H2,42,2023-10-11,2023-10-13,57636.0,0.0235443125824137,0.0005960130441536922,58993.0,57670.35180781285,0.0,57636.0,1322.6481921871527,1749398.2402959433,Up,Up,2498
Ridge,H3,42,2023-10-11,2023-10-16,57636.0,0.0235443125824137,0.0008928773518928692,58993.0,57687.46187905369,0.0,57636.0,1305.5381209463085,1704429.785244018,Up,Up,2497
Ridge,H4,42,2023-10-11,2023-10-17,57636.0,0.0223124436116315,0.0011830680068188684,58922.0,57704.187307641005,0.0,57636.0,1217.8126923589953,1483067.7536706647,Up,Up,2496
Ridge,H5,42,2023-10-11,2023-10-18,57636.0,0.0354639461447705,0.0014599544659834331,59680.0,57720.145935601424,0.0,57636.0,1959.8540643985762,3841027.9537396184,Up,Up,2495
Ridge,H6,42,2023-10-11,2023-10-19,57636.0,0.0398882642792699,0.0017362496522843585,59935.0,57736.07048495906,0.0,57636.0,2198.929515040938,4835291.012118175,Up,Up,2494
Ridge,H7,42,2023-10-11,2023-10-20,57636.0,0.0480428898605038,0.002013837142217174,60405.0,57752.06951752883,0.0,57636.0,2652.9304824711726,7038040.144824728,Up,Up,2493
Ridge,H1,43,2023-10-12,2023-10-13,57613.0,0.0239529272907157,0.0003004040796499021,58993.0,57630.307180240874,0.0,57613.0,1362.692819759126,1856931.7210230778,Up,Up,2500
Ridge,H2,43,2023-10-12,2023-10-16,57613.0,0.0239529272907157,0.0005975113781944088,58993.0,57647.42442303192,0.0,57613.0,1345.5755769680836,1810573.633332991,Up,Up,2499
Ridge,H3,43,2023-10-12,2023-10-17,57613.0,0.0227205665388019,0.0008949312620851432,58922.0,57664.55967480251,0.0,57613.0,1257.4403251974873,1581156.1714327624,Up,Up,2498
Ridge,H4,43,2023-10-12,2023-10-18,57613.0,0.0358773193550066,0.001189891283478086,59680.0,57681.55320651502,0.0,57613.0,1998.4467934849818,3993789.5863904054,Up,Up,2497
Ridge,H5,43,2023-10-12,2023-10-19,57613.0,0.0403034037456824,0.0014700866209154987,59935.0,57697.6961004908,0.0,57613.0,2237.3038995091993,5005528.738759069,Up,Up,2496
Ridge,H6,43,2023-10-12,2023-10-20,57613.0,0.0484612847794767,0.0017454188174576516,60405.0,57713.558814330194,0.0,57613.0,2691.441185669806,7243855.655919692,Up,Up,2495
Ridge,H7,43,2023-10-12,2023-10-23,57613.0,0.0484092131984101,0.0020217621943682505,60402.0,57729.479785304145,0.0,57613.0,2672.5202146958545,7142364.297957976,Up,Up,2494
Ridge,H1,44,2023-10-13,2023-10-16,58993.0,0.0,0.0003098603319095294,58993.0,59011.27959056034,0.0,58993.0,18.279590560341603,334.14343105372984,No Change,Up,2501
Ridge,H2,44,2023-10-13,2023-10-17,58993.0,-0.0012035326225144,0.0006066887698008097,58922.0,59028.79039059686,0.0,58993.0,106.79039059686329,11404.187523830627,Down,Up,2500
Ridge,H3,44,2023-10-13,2023-10-18,58993.0,0.0116454494601054,0.0009059353862802846,59680.0,59046.44384624284,0.0,58993.0,633.556153757163,401393.39996356994,Up,Up,2499
Ridge,H4,44,2023-10-13,2023-10-19,58993.0,0.0159679962029393,0.001201471920128457,59935.0,59063.878432984144,0.0,58993.0,871.1215670158563,758852.784520161,Up,Up,2498
Ridge,H5,44,2023-10-13,2023-10-20,58993.0,0.0239350431407117,0.0014865610405291564,60405.0,59080.69669546394,0.0,58993.0,1324.303304536057,1753779.2424051207,Up,Up,2497
Ridge,H6,44,2023-10-13,2023-10-23,58993.0,0.0238841896496193,0.0017652886687535049,60402.0,59097.13967443578,0.0,58993.0,1304.8603255642229,1702660.4692315697,Up,Up,2496
Ridge,H7,44,2023-10-13,2023-10-24,58993.0,0.0230196803010527,0.0020406525576165267,60351.0,59113.38421633147,0.0,58993.0,1237.6157836685306,1531692.827985471,Up,Up,2495
Ridge,H1,45,2023-10-16,2023-10-17,58993.0,-0.0012035326225144,0.00030973734524436525,58922.0,59011.272335208,0.0,58993.0,89.27233520799928,7969.549833489387,Down,Up,2502
Ridge,H2,45,2023-10-16,2023-10-18,58993.0,0.0116454494601054,0.0006160248170835801,59680.0,59029.34115203422,0.0,58993.0,650.6588479657803,423356.9364361564,Up,Up,2501
Ridge,H3,45,2023-10-16,2023-10-19,58993.0,0.0159679962029393,0.0009149920947577828,59935.0,59046.97812864604,0.0,58993.0,888.021871353958,788582.8440029855,Up,Up,2500
Ridge,H4,45,2023-10-16,2023-10-20,58993.0,0.0239350431407117,0.0012123556864843037,60405.0,59064.52049901277,0.0,58993.0,1340.4795009872323,1796885.2925669793,Up,Up,2499
Ridge,H5,45,2023-10-16,2023-10-23,58993.0,0.0238841896496193,0.0014980253105592028,60402.0,59081.37300714582,0.0,58993.0,1320.6269928541806,1744055.6542550758,Up,Up,2498
Ridge,H6,45,2023-10-16,2023-10-24,58993.0,0.0230196803010527,0.0017816473990923782,60351.0,59098.10472501466,0.0,58993.0,1252.8952749853415,1569746.5700805946,Up,Up,2497
Ridge,H7,45,2023-10-16,2023-10-25,58993.0,0.0281219805739663,0.002060406486295729,60652.0,59114.54955984604,0.0,58993.0,1537.4504401539598,2363753.8559296047,Up,Up,2496
Ridge,H1,46,2023-10-17,2023-10-18,58922.0,0.0128644648857811,0.00030913253136778283,59680.0,58940.21470701325,0.0,58922.0,739.7852929867513,547282.2797194935,Up,Up,2503
Ridge,H2,46,2023-10-17,2023-10-19,58922.0,0.0171922202233461,0.0006152973116320978,59935.0,58958.25454819598,0.0,58922.0,976.7454518040176,954031.6776198345,Up,Up,2502
Ridge,H3,46,2023-10-17,2023-10-20,58922.0,0.0251688673161127,0.0009237105147558273,60405.0,58976.42687095045,0.0,58922.0,1428.5731290495532,2040821.1850424316,Up,Up,2501
Ridge,H4,46,2023-10-17,2023-10-23,58922.0,0.0251179525474356,0.0012207957618173145,60402.0,58993.9317278778,0.0,58922.0,1408.0682721221965,1982656.258957188,Up,Up,2500
Ridge,H5,46,2023-10-17,2023-10-24,58922.0,0.0242524014799225,0.0015082939950919606,60351.0,59010.87169877881,0.0,58922.0,1340.1283012211934,1795943.8637340018,Up,Up,2499
Ridge,H6,46,2023-10-17,2023-10-25,58922.0,0.0293608499372051,0.0017924963941100876,60652.0,59027.617472533755,0.0,58922.0,1624.382527466245,2638618.595537626,Up,Up,2498
Ridge,H7,46,2023-10-17,2023-10-26,58922.0,0.0307694918706085,0.0020761434203968145,60735.0,59044.33052261663,0.0,58922.0,1690.6694773833733,2858363.2817557687,Up,Up,2497
Ridge,H1,47,2023-10-18,2023-10-19,59680.0,0.0042727882037534,0.00031414629082659134,59935.0,59698.74825063653,0.0,59680.0,236.2517493634732,55814.88907730136,Up,Up,2504
Ridge,H2,47,2023-10-18,2023-10-20,59680.0,0.0121481233243967,0.0006197035213595556,60405.0,59716.98390615474,0.0,59680.0,688.0160938452609,473366.1453900909,Up,Up,2503
Ridge,H3,47,2023-10-18,2023-10-23,59680.0,0.012097855227882,0.0009279952754982898,60402.0,59735.38275804174,0.0,59680.0,666.6172419582581,444378.54727603483,Up,Up,2502
Ridge,H4,47,2023-10-18,2023-10-24,59680.0,0.0112432975871312,0.0012346522302802297,60351.0,59753.684045103124,0.0,59680.0,597.3159548968761,356786.3499743669,Up,Up,2501
Ridge,H5,47,2023-10-18,2023-10-25,59680.0,0.0162868632707775,0.0015218760414505595,60652.0,59770.82556215377,0.0,59680.0,881.1744378462317,776468.3899136225,Up,Up,2500
Ridge,H6,47,2023-10-18,2023-10-26,59680.0,0.0176776139410188,0.0018079345100112262,60735.0,59787.89753155747,0.0,59680.0,947.1024684425283,897003.0857299304,Up,Up,2499
Ridge,H7,47,2023-10-18,2023-10-27,59680.0,0.021313672922252,0.0020921722959228433,60952.0,59804.86084262068,0.0,59680.0,1147.1391573793226,1315928.2463929423,Up,Up,2498
Ridge,H1,48,2023-10-19,2023-10-20,59935.0,0.0078418286477017,0.0003157268405939203,60405.0,59953.923088191004,0.0,59935.0,451.07691180899565,203470.38036714043,Up,Up,2505
Ridge,H2,48,2023-10-19,2023-10-23,59935.0,0.0077917744222908,0.0006263222664336921,60402.0,59972.53862503871,0.0,59935.0,429.46137496129086,184437.07258364247,Up,Up,2504
Ridge,H3,48,2023-10-19,2023-10-24,59935.0,0.006940852590306,0.0009340041196256102,60351.0,59990.979536909756,0.0,59935.0,360.02046309024445,129614.73384371407,Up,Up,2503
Ridge,H4,48,2023-10-19,2023-10-25,59935.0,0.011962959873196,0.001240541180211945,60652.0,60009.351835636,0.0,59935.0,642.648164364,412996.66316041874,Up,Up,2502
Ridge,H5,48,2023-10-19,2023-10-26,59935.0,0.0133477934428964,0.001537382563152128,60735.0,60027.14302392252,0.0,59935.0,707.8569760774772,501061.4985815501,Up,Up,2501
Ridge,H6,48,2023-10-19,2023-10-27,59935.0,0.0169683824142821,0.001823166604201214,60952.0,60044.2714904228,0.0,59935.0,907.7285095772022,823971.0470992489,Up,Up,2500
Ridge,H7,48,2023-10-19,2023-10-30,59935.0,0.0190539751397347,0.0021092702738264887,61077.0,60061.4191138618,0.0,59935.0,1015.5808861382029,1031404.5362892575,Up,Up,2499
Ridge,H1,49,2023-10-20,2023-10-23,60405.0,-4.966476285073185e-05,0.00031873002706517067,60402.0,60424.25288728486,0.0,60405.0,22.25288728486339,495.1909925128348,Down,Up,2506
Ridge,H2,49,2023-10-20,2023-10-24,60405.0,-0.0008939657313136,0.0006309215620483273,60351.0,60443.11081695553,0.0,60405.0,92.11081695553003,8484.402600215159,Down,Up,2505
Ridge,H3,49,2023-10-20,2023-10-25,60405.0,0.0040890654747123,0.0009436829085203852,60652.0,60462.00316608917,0.0,60405.0,189.9968339108309,36098.796896139866,Up,Up,2504
Ridge,H4,49,2023-10-20,2023-10-26,60405.0,0.0054631239135833,0.001249608106025373,60735.0,60480.48257764446,0.0,60405.0,254.51742235553684,64779.11828250672,Up,Up,2503
Ridge,H5,49,2023-10-20,2023-10-27,60405.0,0.0090555417597881,0.001546334250926417,60952.0,60498.4063204272,0.0,60405.0,453.59367957279756,205747.22614838975,Up,Up,2502
Ridge,H6,49,2023-10-20,2023-10-30,60405.0,0.0111249068785697,0.0018418145910161668,61077.0,60516.25481037033,0.0,60405.0,560.7451896296698,314435.1676928143,Up,Up,2501
Ridge,H7,49,2023-10-20,2023-10-31,60405.0,0.0078470325304196,0.002127643961149735,60879.0,60533.52033347325,0.0,60405.0,345.4796665267495,119356.19998343404,Up,Up,2500
Ridge,H1,50,2023-10-23,2023-10-24,60402.0,-0.0008443429025528,0.00031858319397882795,60351.0,60421.243062082714,0.0,60402.0,70.24306208271446,4934.087770756078,Down,Up,2507
Ridge,H2,50,2023-10-23,2023-10-25,60402.0,0.004138935796828,0.0006337797455577151,60652.0,60440.28156419118,0.0,60402.0,211.71843580881978,44824.69606133334,Up,Up,2506
Ridge,H3,50,2023-10-23,2023-10-26,60402.0,0.0055130624813748,0.0009481360060131608,60735.0,60459.269311035205,0.0,60402.0,275.73068896479526,76027.41283700067,Up,Up,2505
Ridge,H4,50,2023-10-23,2023-10-27,60402.0,0.0091056587530213,0.0012591403848637268,60952.0,60478.054597526534,0.0,60402.0,473.94540247346595,224624.24452573562,Up,Up,2504
Ridge,H5,50,2023-10-23,2023-10-30,60402.0,0.0111751266514352,0.0015552593590405903,61077.0,60495.940775804775,0.0,60402.0,581.0592241952254,337629.8220223572,Up,Up,2503
Ridge,H6,50,2023-10-23,2023-10-31,60402.0,0.0078970895003476,0.001850625133244575,60879.0,60513.78145929824,0.0,60402.0,365.2185407017605,133384.5824723235,Up,Up,2502
Ridge,H7,50,2023-10-23,2023-11-01,60402.0,0.0058772888314957,0.0021461493683176797,60757.0,60531.63171414513,0.0,60402.0,225.36828585487092,50790.86426916281,Up,Up,2501
Ridge,H1,51,2023-10-24,2023-10-25,60351.0,0.004987489851038,0.0003181197924813993,60652.0,60370.19884759604,0.0,60351.0,281.80115240396117,79411.88949620054,Up,Up,2508
Ridge,H2,51,2023-10-24,2023-10-26,60351.0,0.0063627777501615,0.0006331703502729217,60735.0,60389.212463809316,0.0,60351.0,345.7875361906845,119569.02018482392,Up,Up,2507
Ridge,H3,51,2023-10-24,2023-10-27,60351.0,0.0099584099683518,0.0009505274244530831,60952.0,60408.36528059316,0.0,60351.0,543.6347194068367,295538.70814455004,Up,Up,2506
Ridge,H4,51,2023-10-24,2023-10-30,60351.0,0.0120296266838992,0.00126312669465457,61077.0,60427.2309591491,0.0,60351.0,649.7690408509006,422199.8064482994,Up,Up,2505
Ridge,H5,51,2023-10-24,2023-10-31,60351.0,0.0087488194064722,0.0015643241544007203,60879.0,60445.408527042244,0.0,60351.0,433.5914729577562,188001.5654216766,Up,Up,2504
Ridge,H6,51,2023-10-24,2023-11-01,60351.0,0.0067273118920978,0.0018590827954525092,60757.0,60463.197505788354,0.0,60351.0,293.80249421164626,86319.90560498444,Up,Up,2503
Ridge,H7,51,2023-10-24,2023-11-02,60351.0,0.0075226591108681,0.002154492531686324,60805.0,60481.025778779804,0.0,60351.0,323.97422122019634,104959.29601523271,Up,Up,2502
Ridge,H1,52,2023-10-25,2023-10-26,60652.0,0.0013684627052694,0.00031998058673896263,60735.0,60671.407462546886,0.0,60652.0,63.592537453114346,4044.010819725751,Up,Up,2509
Ridge,H2,52,2023-10-25,2023-10-27,60652.0,0.0049462507419375,0.0006345677385229987,60952.0,60690.487802476906,0.0,60652.0,261.5121975230941,68388.62945335777,Up,Up,2508
Ridge,H3,52,2023-10-25,2023-10-30,60652.0,0.0070071885510782,0.0009517790768938807,61077.0,60709.72730457177,0.0,60652.0,367.2726954282334,134889.2328071199,Up,Up,2507
Ridge,H4,52,2023-10-25,2023-10-31,60652.0,0.0037426630613994,0.0012673958071803323,60879.0,60728.8700904971,0.0,60652.0,150.1299095029026,22538.989727349723,Up,Up,2506
Ridge,H5,52,2023-10-25,2023-11-01,60652.0,0.0017311877596781,0.0015702009488844561,60757.0,60747.23582795174,0.0,60652.0,9.764172048257024,95.33905578796376,Up,Up,2505
Ridge,H6,52,2023-10-25,2023-11-02,60652.0,0.0025225878783881,0.0018700656076363121,60805.0,60765.423219234355,0.0,60652.0,39.5767807656448,1566.3215757719122,Up,Up,2504
Ridge,H7,52,2023-10-25,2023-11-03,60652.0,0.0029182879377431,0.0021648669303586826,60829.0,60783.30350906011,0.0,60652.0,45.69649093988846,2088.1692842193083,Up,Up,2503
Ridge,H1,53,2023-10-26,2023-10-27,60735.0,0.0035728986581049,0.0003203981833592744,60952.0,60754.459383666326,0.0,60735.0,197.54061633367382,39022.295101487725,Up,Up,2510
Ridge,H2,53,2023-10-26,2023-10-30,60735.0,0.0056310200049394,0.0006368508338557396,61077.0,60773.679135394224,0.0,60735.0,303.32086460577557,92003.54690519524,Up,Up,2509
Ridge,H3,53,2023-10-26,2023-10-31,60735.0,0.0023709557915534,0.0009535976102753107,60879.0,60792.916750860066,0.0,60735.0,86.0832491399342,7410.325782487981,Up,Up,2508
Ridge,H4,53,2023-10-26,2023-11-01,60735.0,0.0003622293570428,0.0012690695154345577,60757.0,60812.07693701991,0.0,60735.0,55.07693701991229,3033.468991495385,Up,Up,2507
Ridge,H5,53,2023-10-26,2023-11-02,60735.0,0.0011525479542273,0.0015749007331838894,60805.0,60830.651596029915,0.0,60735.0,25.6515960299148,658.0043788819407,Up,Up,2506
Ridge,H6,53,2023-10-26,2023-11-03,60735.0,0.0015477072528196,0.0018763761663100073,60829.0,60848.96170646085,0.0,60735.0,19.96170646084647,398.46972482899974,Up,Up,2505
Ridge,H7,53,2023-10-26,2023-11-06,60735.0,0.0013665925742982,0.002176290669509373,60818.0,60867.177013812645,0.0,60735.0,49.17701381264487,2418.378687529065,Up,Up,2504
Ridge,H1,54,2023-10-27,2023-10-30,60952.0,0.002050794067463,0.0003216938603696197,61077.0,60971.60788417725,0.0,60952.0,105.39211582275311,11107.498077596607,Up,Up,2511
Ridge,H2,54,2023-10-27,2023-10-31,60952.0,-0.0011976637353983,0.0006385682344726909,60879.0,60990.92201102758,0.0,60952.0,111.92201102757826,12526.53655245735,Down,Up,2510
Ridge,H3,54,2023-10-27,2023-11-01,60952.0,-0.0031992387452421,0.0009571873546604925,60757.0,61010.34248364127,0.0,60952.0,253.34248364126688,64182.414017525574,Down,Up,2509
Ridge,H4,54,2023-10-27,2023-11-02,60952.0,-0.0024117338233363,0.0012721946094210639,60805.0,61029.54280583343,0.0,60952.0,224.54280583342916,50419.471651549065,Down,Up,2508
Ridge,H5,54,2023-10-27,2023-11-03,60952.0,-0.0020179813623835,0.001577885148930258,60829.0,61048.1752555976,0.0,60952.0,219.17525559759815,48037.79266627248,Down,Up,2507
Ridge,H6,54,2023-10-27,2023-11-06,60952.0,-0.0021984512403202,0.0018823990067178412,60818.0,61066.735984257466,0.0,60952.0,248.73598425746604,61869.5898645304,Down,Up,2506
Ridge,H7,54,2023-10-27,2023-11-07,60952.0,-0.0096305289408058,0.0021839307889342627,60365.0,61085.11494944712,0.0,60952.0,720.1149494471174,518565.54041722446,Down,Up,2505
Ridge,H1,55,2023-10-30,2023-10-31,61077.0,-0.0032418095191315,0.0003223822191583345,60879.0,61096.69013879953,0.0,61077.0,217.69013879953127,47388.99653055919,Down,Up,2512
Ridge,H2,55,2023-10-30,2023-11-01,61077.0,-0.0052392881117278,0.0006405566190799846,60757.0,61116.12327662354,0.0,61077.0,359.12327662354073,128969.52781282816,Down,Up,2511
Ridge,H3,55,2023-10-30,2023-11-02,61077.0,-0.0044533948949686,0.0009595977789477877,60805.0,61135.609353544794,0.0,61077.0,330.60935354479443,109302.54465130687,Down,Up,2510
Ridge,H4,55,2023-10-30,2023-11-03,61077.0,-0.004060448286589,0.0012764824083818982,60829.0,61154.96371605674,0.0,61077.0,325.9637160567436,106252.34418552135,Down,Up,2509
Ridge,H5,55,2023-10-30,2023-11-06,61077.0,-0.0042405488154296,0.0015817121306116056,60818.0,61173.606231801365,0.0,61077.0,355.60623180136463,126455.79209596587,Down,Up,2508
Ridge,H6,55,2023-10-30,2023-11-07,61077.0,-0.0116574160485943,0.00188608591461346,60365.0,61192.196469406845,0.0,61077.0,827.1964694068447,684253.998999149,Down,Up,2507
Ridge,H7,55,2023-10-30,2023-11-08,61077.0,-0.0169294497110205,0.002190662767716737,60043.0,61210.799109863845,0.0,61077.0,1167.799109863845,1363754.7609987885,Down,Up,2506
Ridge,H1,56,2023-10-31,2023-11-01,60879.0,-0.0020039750981455,0.0003209640483676274,60757.0,60898.539970300575,0.0,60879.0,141.53997030057508,20033.563192687674,Down,Up,2513
Ridge,H2,56,2023-10-31,2023-11-02,60879.0,-0.001215525879203,0.0006398248295865148,60805.0,60917.9518958004,0.0,60879.0,112.95189580039732,12758.130764903815,Down,Up,2512
Ridge,H3,56,2023-10-31,2023-11-03,60879.0,-0.0008213012697317,0.0009601598264267558,60829.0,60937.45357007304,0.0,60879.0,108.45357007304119,11762.176861588056,Down,Up,2511
Ridge,H4,56,2023-10-31,2023-11-06,60879.0,-0.0010019875490727,0.0012774651606905123,60818.0,60956.77080151768,0.0,60879.0,138.77080151768314,19257.33535386021,Down,Up,2510
Ridge,H5,56,2023-10-31,2023-11-07,60879.0,-0.0084429770528424,0.0015845688116815624,60365.0,60975.46696468636,0.0,60879.0,610.4669646863622,372669.91497338016,Down,Up,2509
Ridge,H6,56,2023-10-31,2023-11-08,60879.0,-0.013732157229915,0.0018884827104414749,60043.0,60993.96893892897,0.0,60879.0,950.9689389289706,904341.9228076922,Down,Up,2508
Ridge,H7,56,2023-10-31,2023-11-09,60879.0,-0.0099870234399382,0.0021929191831160195,60271.0,61012.50272694892,0.0,60879.0,741.5027269489219,549826.2940726875,Down,Up,2507
Ridge,H1,57,2023-11-01,2023-11-02,60757.0,0.0007900324242473,0.0003200391381018503,60805.0,60776.44461791365,0.0,60757.0,28.55538208634971,815.4098460974219,Up,Up,2514
Ridge,H2,57,2023-11-01,2023-11-03,60757.0,0.0011850486363711,0.0006374851316102528,60829.0,60795.73168414124,0.0,60757.0,33.268315858760616,1106.780840078263,Up,Up,2513
Ridge,H3,57,2023-11-01,2023-11-06,60757.0,0.0010039995391477,0.0009585038784764905,60818.0,60815.2358201446,0.0,60757.0,2.7641798554031993,7.640690273016852,Up,Up,2512
Ridge,H4,57,2023-11-01,2023-11-07,60757.0,-0.0064519314646871,0.0012771003685202096,60365.0,60834.59278709018,0.0,60757.0,469.5927870901796,220517.38568712276,Down,Up,2511
Ridge,H5,57,2023-11-01,2023-11-08,60757.0,-0.0117517323106802,0.0015846270000498513,60043.0,60853.277182642036,0.0,60757.0,810.2771826420358,656549.112710315,Down,Up,2510
Ridge,H6,57,2023-11-01,2023-11-09,60757.0,-0.007999078295505,0.0018904112079570713,60271.0,60871.85571376184,0.0,60757.0,600.8557137618409,361027.5887602513,Down,Up,2509
Ridge,H7,57,2023-11-01,2023-11-10,60757.0,-0.0174465493687969,0.0021943881461503187,59697.0,60890.32444059566,0.0,60757.0,1193.3244405956575,1424023.220522939,Down,Up,2508
Ridge,H1,58,2023-11-02,2023-11-03,60805.0,0.0003947043828631,0.00032022615363477803,60829.0,60824.471351271764,0.0,60805.0,4.5286487282355665,20.508659303749614,Up,Up,2515
Ridge,H2,58,2023-11-02,2023-11-06,60805.0,0.0002137982073842,0.0006367484683121297,60818.0,60843.717490615716,0.0,60805.0,25.717490615716088,661.3893235694451,Up,Up,2514
Ridge,H3,58,2023-11-02,2023-11-07,60805.0,-0.0072362470191595,0.0009563506958247858,60365.0,60863.15090405963,0.0,60805.0,498.1509040596284,248154.32321542507,Down,Up,2513
Ridge,H4,58,2023-11-02,2023-11-08,60805.0,-0.0125318641559082,0.0012756321979083467,60043.0,60882.56481579382,0.0,60805.0,839.5648157938194,704869.0799189099,Down,Up,2512
Ridge,H5,58,2023-11-02,2023-11-09,60805.0,-0.0087821725187073,0.001584455368013573,60271.0,60901.342808652065,0.0,60805.0,630.3428086520653,397332.0564193742,Down,Up,2511
Ridge,H6,58,2023-11-02,2023-11-10,60805.0,-0.0182221856755201,0.0018906633695253924,59697.0,60919.961786183994,0.0,60805.0,1222.9617861839943,1495635.5304663456,Down,Up,2510
Ridge,H7,58,2023-11-02,2023-11-12,60805.0,-0.0167749362716881,0.0021965119913669516,59785.0,60938.55891163507,0.0,60805.0,1153.5589116350675,1330698.1626126815,Down,Up,2509
Ridge,H1,59,2023-11-03,2023-11-06,60829.0,-0.0001808347991911,0.0003202558540053613,60818.0,60848.48084334329,0.0,60829.0,30.48084334329178,929.0818109182949,Down,Up,2516
Ridge,H2,59,2023-11-03,2023-11-07,60829.0,-0.0076279406204277,0.0006369665617660226,60365.0,60867.746038985664,0.0,60829.0,502.7460389856642,252753.57971577498,Down,Up,2515
Ridge,H3,59,2023-11-03,2023-11-08,60829.0,-0.0129214683785694,0.0009556437634280651,60043.0,60887.13085448557,0.0,60829.0,844.130854485571,712556.8994945403,Down,Up,2514
Ridge,H4,59,2023-11-03,2023-11-09,60829.0,-0.0091732561771523,0.001273509170698436,60271.0,60906.46628934441,0.0,60829.0,635.466289344411,403817.40489315474,Down,Up,2513
Ridge,H5,59,2023-11-03,2023-11-10,60829.0,-0.0186095447894918,0.0015830214805788764,59697.0,60925.29361364214,0.0,60829.0,1228.2936136421413,1508705.2013140698,Down,Up,2512
Ridge,H6,59,2023-11-03,2023-11-12,60829.0,-0.0171628663959624,0.0018905269083973933,59785.0,60943.9988613109,0.0,60829.0,1158.9988613109017,1343278.3605199668,Down,Up,2511
Ridge,H7,59,2023-11-03,2023-11-13,60829.0,-0.0161929342912098,0.0021967997646787684,59844.0,60962.629132885646,0.0,60829.0,1118.629132885646,1251331.136940492,Down,Up,2510
Ridge,H1,60,2023-11-06,2023-11-07,60818.0,-0.0074484527606958,0.00032005669281459485,60365.0,60837.4652079436,0.0,60818.0,472.4652079435982,223223.3727171875,Down,Up,2517
Ridge,H2,60,2023-11-06,2023-11-08,60818.0,-0.0127429379460027,0.0006367982547535481,60043.0,60856.7287962576,0.0,60818.0,813.7287962576011,662154.5538588444,Down,Up,2516
Ridge,H3,60,2023-11-06,2023-11-09,60818.0,-0.0089940478147916,0.0009556628872744654,60271.0,60876.12150547826,0.0,60818.0,605.1215054782588,366172.03639227437,Down,Up,2515
Ridge,H4,60,2023-11-06,2023-11-10,60818.0,-0.0184320431451214,0.0012726038515683275,59697.0,60895.39722104468,0.0,60818.0,1198.397221044681,1436155.8994076138,Down,Up,2514
Ridge,H5,60,2023-11-06,2023-11-12,60818.0,-0.0169851030944786,0.001580703946974906,59785.0,60914.13525264712,0.0,60818.0,1129.1352526471164,1274946.4187704674,Down,Up,2513
Ridge,H6,60,2023-11-06,2023-11-13,60818.0,-0.0160149955605248,0.0018888991092557413,59844.0,60932.87906602672,0.0,60818.0,1088.8790660267186,1185657.620431219,Down,Up,2512
Ridge,H7,60,2023-11-06,2023-11-14,60818.0,-0.0120852379229833,0.0021964691089329047,60083.0,60951.58485826708,0.0,60818.0,868.5848582670806,754439.6560108444,Down,Up,2511
Ridge,H1,61,2023-11-07,2023-11-08,60365.0,-0.005334216847511,0.0003169712409223585,60043.0,60384.133968958275,0.0,60365.0,341.13396895827464,116372.38477722509,Down,Up,2518
Ridge,H2,61,2023-11-07,2023-11-09,60365.0,-0.0015571937380932,0.0006335140839128757,60271.0,60403.2420776754,0.0,60365.0,132.24207767540065,17487.967107906697,Down,Up,2517
Ridge,H3,61,2023-11-07,2023-11-10,60365.0,-0.0110660150749606,0.0009524061860287739,59697.0,60422.49199941963,0.0,60365.0,725.4919994196316,526338.6412218948,Down,Up,2516
Ridge,H4,61,2023-11-07,2023-11-12,60365.0,-0.009608216681852,0.0012695317845691939,59785.0,60441.63528617552,0.0,60365.0,656.6352861755222,431169.8990508099,Down,Up,2515
Ridge,H5,61,2023-11-07,2023-11-13,60365.0,-0.008630829122836,0.001576716168739009,59844.0,60460.17847152593,0.0,60365.0,616.1784715259273,379675.908772028,Down,Up,2514
Ridge,H6,61,2023-11-07,2023-11-14,60365.0,-0.0046715812142797,0.0018835081548157278,60083.0,60478.697969765446,0.0,60365.0,395.69796976544603,156576.88327649585,Down,Up,2513
Ridge,H7,61,2023-11-07,2023-11-15,60365.0,-0.0040586432535409,0.002191760586487237,60120.0,60497.3056278033,0.0,60365.0,377.3056278032964,142359.5367720396,Down,Up,2512
Ridge,H1,62,2023-11-08,2023-11-09,60043.0,0.003797278616991,0.0003147279414905457,60271.0,60061.89720979092,0.0,60043.0,209.1027902090791,43723.97687322215,Up,Up,2519
Ridge,H2,62,2023-11-08,2023-11-10,60043.0,-0.0057625368485918,0.0006282018776526211,59697.0,60080.7191253399,0.0,60043.0,383.7191253398996,147240.3671516176,Down,Up,2518
Ridge,H3,62,2023-11-08,2023-11-12,60043.0,-0.0042969205402794,0.0009468942798873879,59785.0,60099.854373247275,0.0,60043.0,314.85437324727536,99133.27635293458,Down,Up,2517
Ridge,H4,62,2023-11-08,2023-11-13,60043.0,-0.0033142914244791,0.001264046293848842,59844.0,60118.89713162157,0.0,60043.0,274.8971316215684,75568.4329737659,Down,Up,2516
Ridge,H5,62,2023-11-08,2023-11-14,60043.0,0.0006661892310511,0.001571416677494001,60083.0,60137.35257156678,0.0,60043.0,54.35257156677835,2954.2020359217627,Up,Up,2515
Ridge,H6,62,2023-11-08,2023-11-15,60043.0,0.0012824142697733,0.0018772966990598379,60120.0,60155.71852570165,0.0,60043.0,35.71852570165356,1275.8130782996861,Up,Up,2514
Ridge,H7,62,2023-11-08,2023-11-16,60043.0,0.0101760405043052,0.002184151617626421,60654.0,60174.143015577145,0.0,60043.0,479.856984422855,230262.72549939613,Up,Up,2513
Ridge,H1,63,2023-11-09,2023-11-10,60271.0,-0.0095236515073584,0.0003161097382555611,59697.0,60290.0522500344,0.0,60271.0,593.0522500344014,351710.9712708661,Down,Up,2520
Ridge,H2,63,2023-11-09,2023-11-12,60271.0,-0.0080635794992616,0.0006273342000996599,59785.0,60308.810059574214,0.0,60271.0,523.8100595742144,274376.978511142,Down,Up,2519
Ridge,H3,63,2023-11-09,2023-11-13,60271.0,-0.0070846675847422,0.0009429462330745605,59844.0,60327.83231241364,0.0,60271.0,483.8323124136368,234093.70653552708,Down,Up,2518
Ridge,H4,63,2023-11-09,2023-11-14,60271.0,-0.0031192447445703,0.0012598995495338866,60083.0,60346.93540574996,0.0,60271.0,263.9354057499586,69661.89840839527,Down,Up,2517
Ridge,H5,63,2023-11-09,2023-11-15,60271.0,-0.0025053508320751,0.0015673015170612513,60120.0,60365.462829734795,0.0,60271.0,245.46282973479538,60252.000781413146,Down,Up,2516
Ridge,H6,63,2023-11-09,2023-11-16,60271.0,0.0063546315806939,0.001873369502083773,60654.0,60383.90985326009,0.0,60271.0,270.09014673990896,72948.68736598555,Up,Up,2515
Ridge,H7,63,2023-11-09,2023-11-17,60271.0,0.0067528330374475,0.0021793100047493774,60678.0,60402.34919329625,0.0,60271.0,275.6508067037503,75983.3672364283,Up,Up,2514
Ridge,H1,64,2023-11-10,2023-11-12,59697.0,0.0014741109268472,0.0003122065195563865,59785.0,59715.63779259796,0.0,59697.0,69.36220740203862,4811.115815683421,Up,Up,2521
Ridge,H2,64,2023-11-10,2023-11-13,59697.0,0.0024624352982562,0.0006247981844630339,59844.0,59734.29857721788,0.0,59697.0,109.70142278212006,12034.40216042145,Up,Up,2520
Ridge,H3,64,2023-11-10,2023-11-14,59697.0,0.006465986565489,0.0009381784270249139,60083.0,59753.0064375581,0.0,59697.0,329.9935624419013,108895.75125309701,Up,Up,2519
Ridge,H4,64,2023-11-10,2023-11-15,59697.0,0.0070857832051862,0.0012520789209135824,60120.0,59771.74535534178,0.0,59697.0,348.25464465822006,121281.29752602312,Up,Up,2518
Ridge,H5,64,2023-11-10,2023-11-16,59697.0,0.0160309563294638,0.0015592849014613652,60654.0,59790.08463076254,0.0,59697.0,863.9153692374603,746349.7652046973,Up,Up,2517
Ridge,H6,64,2023-11-10,2023-11-17,59697.0,0.0164329865822403,0.0018653821672172664,60678.0,59808.35771923637,0.0,59697.0,869.6422807636336,756277.6964917745,Up,Up,2516
Ridge,H7,64,2023-11-10,2023-11-20,59697.0,0.0160812101110607,0.0021715065484639315,60657.0,59826.632426423654,0.0,59697.0,830.3675735763463,689510.307247069,Up,Up,2515
Ridge,H1,65,2023-11-12,2023-11-13,59785.0,0.0009868696161243,0.00031266736688079965,59844.0,59803.692818528965,0.0,59785.0,40.30718147103471,1624.668878138924,Up,Up,2522
Ridge,H2,65,2023-11-12,2023-11-14,59785.0,0.0049845278916116,0.0006213522458410489,60083.0,59822.147544017615,0.0,59785.0,260.85245598238544,68044.00379204233,Up,Up,2521
Ridge,H3,65,2023-11-12,2023-11-15,59785.0,0.0056034122271473,0.0009361016277251521,60120.0,59840.96483581355,0.0,59785.0,279.0351641864472,77860.62285255756,Up,Up,2520
Ridge,H4,65,2023-11-12,2023-11-16,59785.0,0.0145354185832566,0.0012477678803109432,60654.0,59859.597802724384,0.0,59785.0,794.4021972756163,631074.8510363273,Up,Up,2519
Ridge,H5,65,2023-11-12,2023-11-17,59785.0,0.0149368570711716,0.0015519205362522622,60678.0,59877.78156925984,0.0,59785.0,800.2184307401621,640349.5368962476,Up,Up,2518
Ridge,H6,65,2023-11-12,2023-11-20,59785.0,0.014585598394246,0.0018578226758523178,60657.0,59896.06992867583,0.0,59785.0,760.9300713241682,579014.5734454037,Up,Up,2517
Ridge,H7,65,2023-11-12,2023-11-21,59785.0,0.023868863427281,0.0021639760888028715,61212.0,59914.37331046908,0.0,59785.0,1297.6266895309236,1683835.025382984,Up,Up,2516
Ridge,H1,66,2023-11-13,2023-11-14,59844.0,0.0039937169975268,0.0003129345624779472,60083.0,59862.72725595693,0.0,59844.0,220.2727440430681,48520.081768262986,Up,Up,2523
Ridge,H2,66,2023-11-13,2023-11-15,59844.0,0.0046119911770603,0.0006220822176802132,60120.0,59881.22788823485,0.0,59844.0,238.77211176515266,57012.12135679055,Up,Up,2522
Ridge,H3,66,2023-11-13,2023-11-16,59844.0,0.0135351914978945,0.0009329198240614462,60654.0,59899.829653951136,0.0,59844.0,754.1703460488643,568772.9108594637,Up,Up,2521
Ridge,H4,66,2023-11-13,2023-11-17,59844.0,0.0139362342089432,0.001245957300341203,60678.0,59918.563068681615,0.0,59844.0,759.4369313183852,576744.4526502857,Up,Up,2520
Ridge,H5,66,2023-11-13,2023-11-20,59844.0,0.0135853218367756,0.0015478781337714084,60657.0,59936.631219037416,0.0,59844.0,720.3687809625844,518931.18058551993,Up,Up,2519
Ridge,H6,66,2023-11-13,2023-11-21,59844.0,0.0228594345297774,0.0018507243206447776,61212.0,59954.75474624466,0.0,59844.0,1257.24525375534,1580665.6280903292,Up,Up,2518
Ridge,H7,66,2023-11-13,2023-11-22,59844.0,0.020403047924604,0.002156682669913629,61065.0,59973.06451769831,0.0,59844.0,1091.935482301691,1192323.0975094268,Up,Up,2517
Ridge,H1,67,2023-11-14,2023-11-15,60083.0,0.0006158147895412,0.00031439286480137594,60120.0,60101.88966649585,0.0,60083.0,18.110333504148002,327.9841796314657,Up,Up,2524
Ridge,H2,67,2023-11-14,2023-11-16,60083.0,0.009503520130486,0.0006238111392437243,60654.0,60120.48044467919,0.0,60083.0,533.5195553208105,284643.11590971536,Up,Up,2523
Ridge,H3,67,2023-11-14,2023-11-17,60083.0,0.0099029675615398,0.0009351135936050825,60678.0,60139.184430044574,0.0,60083.0,538.8155699554263,290322.2184263909,Up,Up,2522
Ridge,H4,67,2023-11-14,2023-11-20,60083.0,0.0095534510593677,0.0012442257932620368,60657.0,60157.756818336566,0.0,60083.0,499.24318166343437,249243.75443742893,Up,Up,2521
Ridge,H5,67,2023-11-14,2023-11-21,60083.0,0.0187906729024849,0.0015475279610792855,61212.0,60175.980122485525,0.0,60083.0,1036.0198775144745,1073337.1866051068,Up,Up,2520
Ridge,H6,67,2023-11-14,2023-11-22,60083.0,0.0163440573872808,0.0018481348160616358,61065.0,60194.04148415344,0.0,60083.0,870.9585158465634,758568.7363256484,Up,Up,2519
Ridge,H7,67,2023-11-14,2023-11-23,60083.0,0.0168100793901768,0.0021510264720656655,61093.0,60212.24012352112,0.0,60083.0,880.7598764788781,775737.9600150887,Up,Up,2518
Ridge,H1,68,2023-11-15,2023-11-16,60120.0,0.0088822355289421,0.00031451259366369023,60654.0,60138.90849713106,0.0,60120.0,515.0915028689415,265319.25632778474,Up,Up,2525
Ridge,H2,68,2023-11-15,2023-11-17,60120.0,0.0092814371257485,0.0006253918265689235,60678.0,60157.59855661332,0.0,60120.0,520.4014433866832,270817.6622789433,Up,Up,2524
Ridge,H3,68,2023-11-15,2023-11-20,60120.0,0.008932135728543,0.0009369647215973407,60657.0,60176.33031906243,0.0,60120.0,480.6696809375717,231043.34217262696,Up,Up,2523
Ridge,H4,68,2023-11-15,2023-11-21,60120.0,0.0181636726546905,0.0012465424879269946,61212.0,60194.94213437418,0.0,60120.0,1017.0578656258222,1034406.7020313529,Up,Up,2522
Ridge,H5,68,2023-11-15,2023-11-22,60120.0,0.0157185628742515,0.0015459208737598983,61065.0,60212.94076293044,0.0,60120.0,852.0592370695595,726004.9434755597,Up,Up,2521
Ridge,H6,68,2023-11-15,2023-11-23,60120.0,0.0161842980705255,0.0018479107287728916,61093.0,60231.09639301383,0.0,60120.0,861.9036069861686,742877.8277357678,Up,Up,2520
Ridge,H7,68,2023-11-15,2023-11-24,60120.0,0.0204923486360613,0.0021485616287956976,61352.0,60249.1715251232,0.0,60120.0,1102.8284748767983,1216230.644999085,Up,Up,2519
Ridge,H1,69,2023-11-16,2023-11-17,60654.0,0.0003956870115737,0.00031790379888763695,60678.0,60673.28213701773,0.0,60654.0,4.717862982266524,22.258231119440783,Up,Up,2526
Ridge,H2,69,2023-11-16,2023-11-20,60654.0,4.946087644674968e-05,0.0006289072466627595,60657.0,60692.14574013908,0.0,60654.0,35.14574013907986,1235.2230499237294,Up,Up,2525
Ridge,H3,69,2023-11-16,2023-11-21,60654.0,0.0091997230190918,0.0009419550806507538,61212.0,60711.133343461785,0.0,60654.0,500.86665653821547,250867.4076317707,Up,Up,2524
Ridge,H4,69,2023-11-16,2023-11-22,60654.0,0.006776140073202,0.0012518088247238485,61065.0,60729.92721245479,0.0,60654.0,335.07278754520667,112273.7729533152,Up,Up,2523
Ridge,H5,69,2023-11-16,2023-11-23,60654.0,0.0072377749200382,0.001551663544912816,61093.0,60748.11460065315,0.0,60654.0,344.88539934685105,118945.93868263693,Up,Up,2522
Ridge,H6,69,2023-11-16,2023-11-24,60654.0,0.0115078972532727,0.0018496978424562174,61352.0,60766.19157293634,0.0,60654.0,585.8084270636609,343171.51321880054,Up,Up,2521
Ridge,H7,69,2023-11-16,2023-11-27,60654.0,0.0148877238104658,0.0021517464373748177,61557.0,60784.51202841253,0.0,60654.0,772.4879715874704,596737.6662473244,Up,Up,2520
Ridge,H1,70,2023-11-17,2023-11-20,60678.0,-0.0003460891921289,0.0003179350443139128,60657.0,60697.291662618874,0.0,60678.0,40.2916626188744,1623.4180765932006,Down,Up,2527
Ridge,H2,70,2023-11-17,2023-11-21,60678.0,0.0088005537427073,0.000632332979575537,61212.0,60716.36870053468,0.0,60678.0,495.6312994653199,245650.3850096816,Up,Up,2526
Ridge,H3,70,2023-11-17,2023-11-22,60678.0,0.0063779293978047,0.0009455045217786618,61065.0,60735.37132337249,0.0,60678.0,329.62867662750796,108655.06445520221,Up,Up,2525
Ridge,H4,70,2023-11-17,2023-11-23,60678.0,0.0068393816539766,0.0012568347277498858,61093.0,60754.26221761041,0.0,60678.0,338.73778238958766,114743.28521821565,Up,Up,2524
Ridge,H5,70,2023-11-17,2023-11-24,60678.0,0.011107815023567,0.0015569692057467173,61352.0,60772.47377746629,0.0,60678.0,579.5262225337065,335850.6426041871,Up,Up,2523
Ridge,H6,70,2023-11-17,2023-11-27,60678.0,0.0144863047562542,0.0018554804252980833,61557.0,60790.586841246244,0.0,60678.0,766.4131587537559,587389.1299109098,Up,Up,2522
Ridge,H7,70,2023-11-17,2023-11-28,60678.0,0.028527637694057,0.002153572004011051,62409.0,60808.67444205939,0.0,60678.0,1600.3255579406105,2561041.891397926,Up,Up,2521
Ridge,H1,71,2023-11-20,2023-11-21,60657.0,0.0091498095850437,0.0003176722512409454,61212.0,60676.269045743524,0.0,60657.0,535.7309542564763,287007.65534855466,Up,Up,2528
Ridge,H2,71,2023-11-20,2023-11-22,60657.0,0.0067263465057618,0.0006321023074781791,61065.0,60695.34142966471,0.0,60657.0,369.6585703352903,136647.45862233074,Up,Up,2527
Ridge,H3,71,2023-11-20,2023-11-23,60657.0,0.0071879585208631,0.0009486662525791873,61093.0,60714.5432488827,0.0,60657.0,378.4567511173009,143229.51246626262,Up,Up,2526
Ridge,H4,71,2023-11-20,2023-11-24,60657.0,0.0114578696605502,0.0012601205330352117,61352.0,60733.435131172315,0.0,60657.0,618.5648688276851,382622.49694781133,Up,Up,2525
Ridge,H5,71,2023-11-20,2023-11-27,60657.0,0.0148375290568276,0.0015617347123204786,61557.0,60751.73014244522,0.0,60657.0,805.2698575547765,648459.5434862901,Up,Up,2524
Ridge,H6,71,2023-11-20,2023-11-28,60657.0,0.0288837232306247,0.0018605262440480714,62409.0,60769.85394038523,0.0,60657.0,1639.1460596147735,2686799.8047506385,Up,Up,2523
Ridge,H7,71,2023-11-20,2023-11-29,60657.0,0.0298893779778095,0.0021590945068972692,62470.0,60787.964195504865,0.0,60657.0,1682.0358044951354,2829244.4476035973,Up,Up,2522
Ridge,H1,72,2023-11-21,2023-11-22,61212.0,-0.0024014899039404,0.0003211644206183177,61065.0,61231.659116514886,0.0,61212.0,166.65911651488568,27775.26111752224,Down,Up,2529
Ridge,H2,72,2023-11-21,2023-11-23,61212.0,-0.0019440632555708,0.0006353333424143568,61093.0,61250.89002455586,0.0,61212.0,157.8900245558616,24929.25985425058,Down,Up,2528
Ridge,H3,72,2023-11-21,2023-11-24,61212.0,0.0022871332418479,0.0009519313135099958,61352.0,61270.269619562576,0.0,61212.0,81.73038043742417,6679.855086446088,Up,Up,2527
Ridge,H4,72,2023-11-21,2023-11-27,61212.0,0.005636149774554,0.0012668121646553924,61557.0,61289.54410622288,0.0,61212.0,267.4558937771217,71532.65511611899,Up,Up,2526
Ridge,H5,72,2023-11-21,2023-11-28,61212.0,0.0195549892178004,0.0015685579903835678,62409.0,61308.014571707354,0.0,61212.0,1100.9854282926462,1212168.9133127418,Up,Up,2525
Ridge,H6,72,2023-11-21,2023-11-29,61212.0,0.0205515258446056,0.0018688457616457444,62470.0,61326.39578676187,0.0,61212.0,1143.6042132381335,1307830.5965360103,Up,Up,2524
Ridge,H7,72,2023-11-21,2023-11-30,61212.0,0.0233124224008365,0.002167698994408683,62639.0,61344.68919084574,0.0,61212.0,1294.31080915426,1675240.470693555,Up,Up,2523
Ridge,H1,73,2023-11-22,2023-11-23,61065.0,0.0004585277982478,0.00032008838013745277,61093.0,61084.5461969331,0.0,61065.0,8.453803066899127,71.46678629391309,Up,Up,2530
Ridge,H2,73,2023-11-22,2023-11-24,61065.0,0.0046999099320397,0.0006377418817533011,61352.0,61103.94370800927,0.0,61065.0,248.05629199073155,61531.92399619107,Up,Up,2529
Ridge,H3,73,2023-11-22,2023-11-27,61065.0,0.008056988454925,0.0009540775836181451,61557.0,61123.26074764364,0.0,61065.0,433.73925235636125,188129.7390346552,Up,Up,2528
Ridge,H4,73,2023-11-22,2023-11-28,61065.0,0.0220093343158929,0.0012689924765017892,62409.0,61142.491025577576,0.0,61065.0,1266.5089744224242,1604044.9822925408,Up,Up,2527
Ridge,H5,73,2023-11-22,2023-11-29,61065.0,0.0230082698763611,0.001574159777183915,62470.0,61161.12606679373,0.0,61065.0,1308.8739332062687,1713150.973026848,Up,Up,2526
Ridge,H6,73,2023-11-22,2023-11-30,61065.0,0.0257758126586424,0.0018745785696237384,62639.0,61179.47114035407,0.0,61065.0,1459.5288596459286,2130224.4921393446,Up,Up,2525
Ridge,H7,73,2023-11-22,2023-12-01,61065.0,0.029656922950954,0.002174924072794709,62876.0,61197.8117385052,0.0,61065.0,1678.1882614947972,2816315.8410189296,Up,Up,2524
Ridge,H1,74,2023-11-23,2023-11-24,61093.0,0.0042394382335129,0.0003201431340156453,61352.0,61112.55850448642,0.0,61093.0,239.44149551357987,57332.22977377969,Up,Up,2531
Ridge,H2,74,2023-11-23,2023-11-27,61093.0,0.0075949781480693,0.000636721452640978,61557.0,61131.8992237062,0.0,61093.0,425.1007762938025,180710.6700055935,Up,Up,2530
Ridge,H3,74,2023-11-23,2023-11-28,61093.0,0.0215409294027137,0.000956542851709731,62409.0,61151.4380724395,0.0,61093.0,1257.5619275604986,1581462.0016496766,Up,Up,2529
Ridge,H4,74,2023-11-23,2023-11-29,61093.0,0.0225394071333868,0.0012711960493531258,62470.0,61170.661180243136,0.0,61093.0,1299.3388197568638,1688281.3685271598,Up,Up,2528
Ridge,H5,74,2023-11-23,2023-11-30,61093.0,0.0253056815019723,0.0015764011147116816,62639.0,61189.30707330108,0.0,61093.0,1449.6929266989173,2101609.5817208723,Up,Up,2527
Ridge,H6,74,2023-11-23,2023-12-01,61093.0,0.0291850130129474,0.0018802439499280724,62876.0,61207.86974363296,0.0,61093.0,1668.1302563670397,2782658.5522071654,Up,Up,2526
Ridge,H7,74,2023-11-23,2023-12-04,61093.0,0.0197895012521893,0.0021807205056621213,62302.0,61226.22675785241,0.0,61093.0,1075.7732421475885,1157288.068520734,Up,Up,2525
Ridge,H1,75,2023-11-24,2023-11-27,61352.0,0.0033413743643238,0.00032169090404612693,61557.0,61371.73638034504,0.0,61352.0,185.26361965495744,34322.60876765673,Up,Up,2532
Ridge,H2,75,2023-11-24,2023-11-28,61352.0,0.0172284522101968,0.0006383268703716836,62409.0,61391.16263015104,0.0,61352.0,1017.8373698489595,1035992.9114610476,Up,Up,2531
Ridge,H3,75,2023-11-24,2023-11-29,61352.0,0.0182227148259226,0.000957068670819516,62470.0,61410.718077092126,0.0,61352.0,1059.281922907874,1122078.1921994034,Up,Up,2530
Ridge,H4,75,2023-11-24,2023-11-30,61352.0,0.0209773112530968,0.0012752238176287878,62639.0,61430.237531659164,0.0,61352.0,1208.7624683408358,1461106.70486943,Up,Up,2529
Ridge,H5,75,2023-11-24,2023-12-01,61352.0,0.024840266005998,0.001580171556043151,62876.0,61448.94668530636,0.0,61352.0,1427.0533146936432,2036481.1629781143,Up,Up,2528
Ridge,H6,75,2023-11-24,2023-12-04,61352.0,0.0154844177858912,0.0018840538545488834,62302.0,61467.59047208428,0.0,61352.0,834.4095279157191,696239.2602765332,Up,Up,2527
Ridge,H7,75,2023-11-24,2023-12-05,61352.0,0.0203416351545182,0.002187969599704105,62600.0,61486.23631088104,0.0,61352.0,1113.7636891189613,1240469.5551998783,Up,Up,2526
Ridge,H1,76,2023-11-27,2023-11-28,61557.0,0.0138408304498269,0.0003228832036218659,62409.0,61576.87572136536,0.0,61557.0,832.1242786346411,692430.8150932218,Up,Up,2533
Ridge,H2,76,2023-11-27,2023-11-29,61557.0,0.0148317819256948,0.0006410744577324438,62470.0,61596.46262039464,0.0,61557.0,873.5373796053609,763067.5535678004,Up,Up,2532
Ridge,H3,76,2023-11-27,2023-11-30,61557.0,0.0175772048670337,0.0009598739618857593,62639.0,61616.086961471796,0.0,61557.0,1022.9130385282042,1046351.0843910034,Up,Up,2531
Ridge,H4,76,2023-11-27,2023-12-01,61557.0,0.021427295027373,0.0012769481185862588,62876.0,61635.60509533582,0.0,61557.0,1240.3949046641792,1538579.5195168583,Up,Up,2530
Ridge,H5,76,2023-11-27,2023-12-04,61557.0,0.0121026040905176,0.0015854140012023607,62302.0,61654.59332967202,0.0,61557.0,647.4066703279823,419135.3967851647,Up,Up,2529
Ridge,H6,76,2023-11-27,2023-12-05,61557.0,0.0169436457267249,0.0018890390203412163,62600.0,61673.28357497515,0.0,61557.0,926.7164250248534,858803.3324108447,Up,Up,2528
Ridge,H7,76,2023-11-27,2023-12-06,61557.0,0.0115665155871793,0.0021929955163029276,62269.0,61691.994224997055,0.0,61557.0,577.0057750029446,332935.6643867487,Up,Up,2527
Ridge,H1,77,2023-11-28,2023-11-29,62409.0,0.0009774231280745,0.0003282177189374141,62470.0,62429.483739621166,0.0,62409.0,40.51626037883398,1641.567355085472,Up,Up,2534
Ridge,H2,77,2023-11-28,2023-11-30,62409.0,0.0036853658927398,0.0006476228853676525,62639.0,62449.4174966529,0.0,62409.0,189.58250334709737,35941.525575352185,Up,Up,2533
Ridge,H3,77,2023-11-28,2023-12-01,62409.0,0.0074828950952587,0.0009680024693980851,62876.0,62469.412066112665,0.0,62409.0,406.58793388733466,165313.74798277163,Up,Up,2532
Ridge,H4,77,2023-11-28,2023-12-04,62409.0,-0.0017144963066224,0.0012851391733567897,62302.0,62489.20425067002,0.0,62409.0,187.2042506700236,35045.43146892504,Down,Up,2531
Ridge,H5,77,2023-11-28,2023-12-05,62409.0,0.0030604560239708,0.0015925163295739623,62600.0,62508.387351612386,0.0,62409.0,91.61264838761417,8392.877344592625,Up,Up,2530
Ridge,H6,77,2023-11-28,2023-12-06,62409.0,-0.0022432661955807,0.0018997129755786348,62269.0,62527.55918709289,0.0,62409.0,258.5591870928911,66852.85323013665,Down,Up,2529
Ridge,H7,77,2023-11-28,2023-12-07,62409.0,-0.0019067762662436,0.0022034125273683075,62290.0,62546.51277242052,0.0,62409.0,256.5127724205231,65798.80241486308,Down,Up,2528
Ridge,H1,78,2023-11-29,2023-11-30,62470.0,0.0027052985433007,0.0003284741976430833,62639.0,62490.51978312676,0.0,62470.0,148.48021687324217,22046.37480272503,Up,Up,2535
Ridge,H2,78,2023-11-29,2023-12-01,62470.0,0.0064991195773971,0.0006532211414096738,62876.0,62510.80672470386,0.0,62470.0,365.19327529613656,133366.1283215198,Up,Up,2534
Ridge,H3,78,2023-11-29,2023-12-04,62470.0,-0.0026892908596125,0.0009748149647947343,62302.0,62530.89669085073,0.0,62470.0,228.8966908507282,52393.69508241383,Down,Up,2533
Ridge,H4,78,2023-11-29,2023-12-05,62470.0,0.0020809988794621,0.0012935340619050991,62600.0,62550.807072847216,0.0,62470.0,49.19292715278425,2419.944081859138,Up,Up,2532
Ridge,H5,78,2023-11-29,2023-12-06,62470.0,-0.0032175444213222,0.0016009784212955495,62269.0,62570.013121978336,0.0,62470.0,301.01312197833613,90608.89960314466,Down,Up,2531
Ridge,H6,78,2023-11-29,2023-12-07,62470.0,-0.0028813830638706,0.0019070857808945367,62290.0,62589.13564873248,0.0,62470.0,299.13564873248106,89482.1363426023,Down,Up,2530
Ridge,H7,78,2023-11-29,2023-12-08,62470.0,-0.0139747078597727,0.002214360403247136,61597.0,62608.33109439085,0.0,62470.0,1011.3310943908509,1022790.5824817963,Down,Up,2529
Ridge,H1,79,2023-11-30,2023-12-01,62639.0,0.0037835853062788,0.0003294114497926445,62876.0,62659.63400380356,0.0,62639.0,216.36599619643675,46814.24431007649,Up,Up,2536
Ridge,H2,79,2023-11-30,2023-12-04,62639.0,-0.0053800348025989,0.0006544170826187178,62302.0,62679.99203163816,0.0,62639.0,377.9920316381613,142877.9759819447,Down,Up,2535
Ridge,H3,79,2023-11-30,2023-12-05,62639.0,-0.0006226153035648,0.0009813667515226657,62600.0,62700.47183194863,0.0,62639.0,100.47183194862737,10094.589015113219,Down,Up,2534
Ridge,H4,79,2023-11-30,2023-12-06,62639.0,-0.0059068631363846,0.0013013049210304785,62269.0,62720.512438948426,0.0,62639.0,451.5124389484263,203863.48252515637,Down,Up,2533
Ridge,H5,79,2023-11-30,2023-12-07,62639.0,-0.0055716087421574,0.0016103403293006278,62290.0,62739.870107887065,0.0,62639.0,449.8701078870654,202383.11397031986,Down,Up,2532
Ridge,H6,79,2023-11-30,2023-12-08,62639.0,-0.0166350037516562,0.0019165163274422335,61597.0,62759.04866623465,0.0,62639.0,1162.048666234652,1350357.1026977338,Down,Up,2531
Ridge,H7,79,2023-11-30,2023-12-11,62639.0,-0.0263893101741726,0.0022226995250988596,60986.0,62778.22767555267,0.0,62639.0,1792.227675552669,3212080.0410169233,Down,Up,2530
Ridge,H1,80,2023-12-01,2023-12-04,62876.0,-0.0091290794579808,0.0003307726547151201,62302.0,62896.797661437864,0.0,62876.0,594.797661437864,353784.2580519519,Down,Up,2537
Ridge,H2,80,2023-12-01,2023-12-05,62876.0,-0.004389592213245,0.0006567213401532184,62600.0,62917.29201098347,0.0,62876.0,317.29201098346675,100674.22023393238,Down,Up,2536
Ridge,H3,80,2023-12-01,2023-12-06,62876.0,-0.0096539220052166,0.0009839309937720246,62269.0,62937.86564516441,0.0,62876.0,668.8656451644129,447381.25128120626,Down,Up,2535
Ridge,H4,80,2023-12-01,2023-12-07,62876.0,-0.0093199312933393,0.0013092469343592768,62290.0,62958.32021024477,0.0,62876.0,668.3202102447685,446651.90342161164,Down,Up,2534
Ridge,H5,80,2023-12-01,2023-12-08,62876.0,-0.0203416247852916,0.0016195109994410002,61597.0,62977.82837360085,0.0,62876.0,1380.8283736008525,1906686.9973411756,Down,Up,2533
Ridge,H6,80,2023-12-01,2023-12-11,62876.0,-0.0300591640689611,0.0019272856166390507,60986.0,62997.180010431795,0.0,62876.0,2011.1800104317954,4044845.0343604367,Down,Up,2532
Ridge,H7,80,2023-12-01,2023-12-12,62876.0,-0.0300909727081875,0.0022335386226911814,60984.0,63016.435974440334,0.0,62876.0,2032.4359744403337,4130795.9901992287,Down,Up,2531
Ridge,H1,81,2023-12-04,2023-12-05,62302.0,0.0047831530287951,0.00032704588284291323,62600.0,62322.37561259287,0.0,62302.0,277.6243874071297,77075.30048318402,Up,Up,2538
Ridge,H2,81,2023-12-04,2023-12-06,62302.0,-0.0005296780199672,0.0006543425355500932,62269.0,62342.766848649844,0.0,62302.0,73.76684864984418,5441.547959729018,Down,Up,2537
Ridge,H3,81,2023-12-04,2023-12-07,62302.0,-0.000192610189079,0.00098248319217781,62290.0,62363.21066783906,0.0,62302.0,73.21066783906281,5359.801885441585,Down,Up,2536
Ridge,H4,81,2023-12-04,2023-12-08,62302.0,-0.0113158486083914,0.001308054814320436,61597.0,62383.4944310418,0.0,62302.0,786.4944310417995,618573.490059764,Down,Up,2535
Ridge,H5,81,2023-12-04,2023-12-11,62302.0,-0.0211229174023306,0.0016236486494242703,60986.0,62403.156558156435,0.0,62302.0,1417.1565581564355,2008332.7103257945,Down,Up,2534
Ridge,H6,81,2023-12-04,2023-12-12,62302.0,-0.0211550191005104,0.0019326383543120608,60984.0,62422.40723475035,0.0,62302.0,1438.4072347503534,2069015.3729821583,Down,Up,2533
Ridge,H7,81,2023-12-04,2023-12-13,62302.0,-0.0210266123077911,0.0022404728739253764,60992.0,62441.585940991296,0.0,62302.0,1449.5859409912955,2101299.4003196196,Down,Up,2532
Ridge,H1,82,2023-12-05,2023-12-06,62600.0,-0.0052875399361022,0.00032880026486692773,62269.0,62620.58289658067,0.0,62600.0,351.58289658067224,123610.53316805567,Down,Up,2539
Ridge,H2,82,2023-12-05,2023-12-07,62600.0,-0.0049520766773163,0.0006523542127441329,62290.0,62640.83737371778,0.0,62600.0,350.8373737177826,123086.86279719106,Down,Up,2538
Ridge,H3,82,2023-12-05,2023-12-08,62600.0,-0.0160223642172524,0.0009818497889802467,61597.0,62661.46379679016,0.0,62600.0,1064.463796790158,1133083.174676919,Down,Up,2537
Ridge,H4,82,2023-12-05,2023-12-11,62600.0,-0.0257827476038338,0.0013083588312707102,60986.0,62681.90326283755,0.0,62600.0,1695.9032628375498,2876087.876903048,Down,Up,2536
Ridge,H5,82,2023-12-05,2023-12-12,62600.0,-0.0258146964856229,0.0016242146108346007,60984.0,62701.67583463824,0.0,62600.0,1717.6758346382412,2950410.2729001786,Down,Up,2535
Ridge,H6,82,2023-12-05,2023-12-13,62600.0,-0.0256869009584664,0.0019385618333686403,60992.0,62721.35397076888,0.0,62600.0,1729.3539707688833,2990665.1562141036,Down,Up,2534
Ridge,H7,82,2023-12-05,2023-12-14,62600.0,-0.005926517571885,0.002247618584509055,62229.0,62740.700923390265,0.0,62600.0,511.7009233902645,261837.83499844934,Down,Up,2533
Ridge,H1,83,2023-12-06,2023-12-07,62269.0,0.0003372464629269,0.000326589341572336,62290.0,62289.33639171036,0.0,62269.0,0.6636082896366133,0.4403759620744313,Up,Up,2540
Ridge,H2,83,2023-12-06,2023-12-08,62269.0,-0.0107918868136632,0.0006518890887089339,61597.0,62309.59248166481,0.0,62269.0,712.5924816648112,507788.0449252143,Down,Up,2539
Ridge,H3,83,2023-12-06,2023-12-11,62269.0,-0.0206041529493006,0.0009776593325521628,60986.0,62329.877868978685,0.0,62269.0,1343.877868978685,1806007.7267306917,Down,Up,2538
Ridge,H4,83,2023-12-06,2023-12-12,62269.0,-0.0206362716600555,0.0013055148593142509,60984.0,62350.29310477463,0.0,62269.0,1366.2931047746315,1866756.8481547022,Down,Up,2537
Ridge,H5,83,2023-12-06,2023-12-13,62269.0,-0.0205077968170357,0.0016223057736001354,60992.0,62370.01935821631,0.0,62269.0,1378.019358216312,1898937.3516188962,Down,Up,2536
Ridge,H6,83,2023-12-06,2023-12-14,62269.0,-0.000642374215099,0.0019369123827641139,62229.0,62389.60959716234,0.0,62269.0,160.60959716234356,25795.442700650277,Down,Up,2535
Ridge,H7,83,2023-12-06,2023-12-15,62269.0,-0.004464500794938,0.0022512964444963823,61991.0,62409.18597830234,0.0,62269.0,418.1859783023392,174879.51244868452,Down,Up,2534
Ridge,H1,84,2023-12-07,2023-12-08,62290.0,-0.0111253812811045,0.0003265936025493461,61597.0,62310.3435155028,0.0,62290.0,713.3435155027983,508858.97110989096,Down,Up,2541
Ridge,H2,84,2023-12-07,2023-12-11,62290.0,-0.0209343393803178,0.0006496827069339692,60986.0,62330.46873581492,0.0,62290.0,1344.4687358149167,1807596.1815837603,Down,Up,2540
Ridge,H3,84,2023-12-07,2023-12-12,62290.0,-0.020966447262803,0.000977198510137559,60984.0,62350.869695196474,0.0,62290.0,1366.869695196474,1868332.7636465016,Down,Up,2539
Ridge,H4,84,2023-12-07,2023-12-13,62290.0,-0.0208380157328623,0.0013013287308397058,60992.0,62371.059766644,0.0,62290.0,1379.0597666440008,1901805.839976206,Down,Up,2538
Ridge,H5,84,2023-12-07,2023-12-14,62290.0,-0.000979290415797,0.0016194702604886621,62229.0,62390.87680252583,0.0,62290.0,161.87680252583232,26204.099195987314,Down,Up,2537
Ridge,H6,84,2023-12-07,2023-12-15,62290.0,-0.0048001284315299,0.0019350126192970616,61991.0,62410.53193605601,0.0,62290.0,419.5319360560097,176007.04537090383,Down,Up,2536
Ridge,H7,84,2023-12-07,2023-12-18,62290.0,-0.0037405683095199,0.0022496564125405933,62057.0,62430.13109793715,0.0,62290.0,373.1310979371483,139226.81624778177,Down,Up,2535
Ridge,H1,85,2023-12-08,2023-12-11,61597.0,-0.0099193142523175,0.00032208848435729586,60986.0,61616.839684370956,0.0,61597.0,630.8396843709561,397958.7073772475,Down,Up,2542
Ridge,H2,85,2023-12-08,2023-12-12,61597.0,-0.009951783366073,0.0006451797564576084,60984.0,61636.74113745851,0.0,61597.0,652.7411374585135,426070.9925306341,Down,Up,2541
Ridge,H3,85,2023-12-08,2023-12-13,61597.0,-0.0098219069110508,0.0009705056008935735,60992.0,61656.78023349824,0.0,61597.0,664.7802334982407,441932.7588499754,Down,Up,2540
Ridge,H4,85,2023-12-08,2023-12-14,61597.0,0.0102602399467506,0.0012963589542162699,62229.0,61676.85182250286,0.0,61597.0,552.1481774971398,304867.60991341306,Up,Up,2539
Ridge,H5,85,2023-12-08,2023-12-15,61597.0,0.0063964154098414,0.0016108172289231479,61991.0,61696.22150884997,0.0,61597.0,294.77849115002755,86894.35884468687,Up,Up,2538
Ridge,H6,85,2023-12-08,2023-12-18,61597.0,0.0074678961637741,0.001927692858370594,62057.0,61715.74009699706,0.0,61597.0,341.2599030029378,116458.3213975745,Up,Up,2537
Ridge,H7,85,2023-12-08,2023-12-19,61597.0,0.0099680179229508,0.0022432588215509867,62211.0,61735.178013631084,0.0,61597.0,475.82198636891553,226406.56271206043,Up,Up,2536
Ridge,H1,86,2023-12-11,2023-12-12,60986.0,-3.2794411832237635e-05,0.0003180610356445638,60984.0,61005.39727031982,0.0,60986.0,21.397270319823292,457.84317713959075,Down,Up,2543
Ridge,H2,86,2023-12-11,2023-12-13,60986.0,9.838323549660188e-05,0.0006366903745223615,60992.0,61024.82919918062,0.0,60986.0,32.82919918061816,1077.7563188407003,Up,Up,2542
Ridge,H3,86,2023-12-11,2023-12-14,60986.0,0.0203817269537269,0.0009620145611785161,62229.0,61044.66942002804,0.0,60986.0,1184.33057997196,1402638.9226567193,Up,Up,2541
Ridge,H4,86,2023-12-11,2023-12-15,60986.0,0.0164791919456923,0.0012856978345597988,61991.0,61064.40956813847,0.0,60986.0,926.5904318615285,858569.8284173339,Up,Up,2540
Ridge,H5,86,2023-12-11,2023-12-18,60986.0,0.0175614075361558,0.0016018632767490332,62057.0,61083.69123379581,0.0,60986.0,973.3087662041871,947329.954369917,Up,Up,2539
Ridge,H6,86,2023-12-11,2023-12-19,60986.0,0.0200865772472371,0.0019150896059996819,62211.0,61102.793654711495,0.0,60986.0,1108.206345288505,1228121.303737705,Up,Up,2538
Ridge,H7,86,2023-12-11,2023-12-20,60986.0,0.0191027448922702,0.002231972580728678,62151.0,61122.11907980832,0.0,60986.0,1028.880920191681,1058595.9479344804,Up,Up,2537
Ridge,H1,87,2023-12-12,2023-12-13,60984.0,0.0001311819493636,0.00031792313526005463,60992.0,61003.3882244807,0.0,60984.0,11.388224480702775,129.69165682287797,Up,Up,2544
Ridge,H2,87,2023-12-12,2023-12-14,60984.0,0.0204151908697363,0.0006325265024250389,62229.0,61022.57399622388,0.0,60984.0,1206.4260037761196,1455463.7025872178,Up,Up,2543
Ridge,H3,87,2023-12-12,2023-12-15,60984.0,0.0165125278761641,0.0009533882880682912,61991.0,61042.14143135956,0.0,60984.0,948.8585686404404,900332.5832823853,Up,Up,2542
Ridge,H4,87,2023-12-12,2023-12-18,60984.0,0.0175947789584152,0.001277070590970699,62057.0,61061.88087291975,0.0,60984.0,995.1191270802519,990262.0770809626,Up,Up,2541
Ridge,H5,87,2023-12-12,2023-12-19,60984.0,0.0201200314836678,0.0015910694469665864,62211.0,61081.0297791538,0.0,60984.0,1129.9702208461968,1276832.6999992027,Up,Up,2540
Ridge,H6,87,2023-12-12,2023-12-20,60984.0,0.0191361668634395,0.001906003161270814,62151.0,61100.235696786935,0.0,60984.0,1050.7643032130654,1104105.620906839,Up,Up,2539
Ridge,H7,87,2023-12-12,2023-12-21,60984.0,0.0208743276925094,0.0022192369411310983,62257.0,61119.33794561794,0.0,60984.0,1137.662054382061,1294274.9499808112,Up,Up,2538
Ridge,H1,88,2023-12-13,2023-12-14,60992.0,0.0202813483735571,0.00031784982809334404,62229.0,61011.38629671507,0.0,60992.0,1217.6137032849292,1482583.1304272397,Up,Up,2545
Ridge,H2,88,2023-12-13,2023-12-15,60992.0,0.0163791972717732,0.0006323169319805009,61991.0,61030.56627431535,0.0,60992.0,960.4337256846484,922432.9414324944,Up,Up,2544
Ridge,H3,88,2023-12-13,2023-12-18,60992.0,0.0174613064008395,0.0009491512300233901,62057.0,61049.89063182159,0.0,60992.0,1007.1093681784114,1014269.279472719,Up,Up,2543
Ridge,H4,88,2023-12-13,2023-12-19,60992.0,0.0199862277019937,0.0012683710011049535,62211.0,61069.360484099394,0.0,60992.0,1141.639515900606,1303340.78426577,Up,Up,2542
Ridge,H5,88,2023-12-13,2023-12-20,60992.0,0.0190024921301155,0.0015823727185374451,62151.0,61088.51207684903,0.0,60992.0,1062.4879231509694,1128880.5868416603,Up,Up,2541
Ridge,H6,88,2023-12-13,2023-12-21,60992.0,0.020740424973767,0.0018951399861150172,62257.0,61107.588378033135,0.0,60992.0,1149.411621966865,1321147.0767124991,Up,Up,2540
Ridge,H7,88,2023-12-13,2023-12-22,60992.0,0.0272986621196222,0.0022100815438716483,62657.0,61126.79729352382,0.0,60992.0,1530.2027064761787,2341520.322907022,Up,Up,2539
Ridge,H1,89,2023-12-14,2023-12-15,62229.0,-0.0038245833935945,0.0003256908523294989,61991.0,62249.26741604961,0.0,62229.0,258.2674160496099,66702.05819294229,Down,Up,2546
Ridge,H2,89,2023-12-14,2023-12-18,62229.0,-0.0027639846373876,0.0006400900865984601,62057.0,62268.83216599893,0.0,62229.0,211.83216599893058,44872.86655179848,Down,Up,2545
Ridge,H3,89,2023-12-14,2023-12-19,62229.0,-0.0002892542062382,0.0009567899281089971,62211.0,62288.5400804363,0.0,62229.0,77.54008043630165,6012.46407406813,Down,Up,2544
Ridge,H4,89,2023-12-14,2023-12-20,62229.0,-0.0012534348936991,0.0012719064019987571,62151.0,62308.14946348999,0.0,62229.0,157.14946348998637,24695.95387519056,Down,Up,2543
Ridge,H5,89,2023-12-14,2023-12-21,62229.0,0.0004499509874817,0.001581364469324132,62257.0,62327.40672956157,0.0,62229.0,70.40672956156777,4957.107567555741,Up,Up,2542
Ridge,H6,89,2023-12-14,2023-12-22,62229.0,0.0068778222372205,0.0018941408273137324,62657.0,62346.870489542904,0.0,62229.0,310.12951045709633,96180.31325635822,Up,Up,2541
Ridge,H7,89,2023-12-14,2023-12-26,62229.0,0.007922351315303,0.0022068774092494172,62722.0,62366.33177430018,0.0,62229.0,355.6682256998174,126499.88677245626,Up,Up,2540
Ridge,H1,90,2023-12-15,2023-12-18,61991.0,0.0010646706780017,0.00032406212215771517,62057.0,62011.088935014675,0.0,61991.0,45.91106498532463,2107.825888086701,Up,Up,2547
Ridge,H2,90,2023-12-15,2023-12-19,61991.0,0.0035489022600054,0.0006462730533658902,62211.0,62031.0631128512,0.0,61991.0,179.9368871487968,32377.28335679884,Up,Up,2546
Ridge,H3,90,2023-12-15,2023-12-20,61991.0,0.0025810198254585,0.0009629030974456135,62151.0,62050.69132591375,0.0,61991.0,100.30867408624908,10061.83009694134,Up,Up,2545
Ridge,H4,90,2023-12-15,2023-12-21,61991.0,0.0042909454598247,0.0012778853516794309,62257.0,62070.21739083596,0.0,61991.0,186.78260916403815,34887.743086125825,Up,Up,2544
Ridge,H5,90,2023-12-15,2023-12-22,61991.0,0.010743495023471,0.001583259084642073,62657.0,62089.147813916046,0.0,61991.0,567.8521860839537,322456.1052403252,Up,Up,2543
Ridge,H6,90,2023-12-15,2023-12-26,61991.0,0.0117920343275637,0.0018915080745570735,62722.0,62108.25647704987,0.0,61991.0,613.743522950128,376681.11196323426,Up,Up,2542
Ridge,H7,90,2023-12-15,2023-12-27,61991.0,0.0209869174557597,0.002204252600796708,63292.0,62127.64382297598,0.0,61991.0,1164.3561770240194,1355725.3069739896,Up,Up,2541
Ridge,H1,91,2023-12-18,2023-12-19,62057.0,0.0024815895064214,0.0003243522879053771,62211.0,62077.128329930536,0.0,62057.0,133.87167006946402,17921.624047187426,Up,Up,2548
Ridge,H2,91,2023-12-18,2023-12-20,62057.0,0.0015147364519716,0.0006449331956605858,62151.0,62097.022619323114,0.0,62057.0,53.97738067688624,2913.557624737492,Up,Up,2547
Ridge,H3,91,2023-12-18,2023-12-21,62057.0,0.0032228435148331,0.0009693822877879251,62257.0,62117.156956633255,0.0,62057.0,139.8430433667454,19556.076778073435,Up,Up,2546
Ridge,H4,91,2023-12-18,2023-12-22,62057.0,0.0096685305444994,0.0012842958004160199,62657.0,62136.699544486415,0.0,62057.0,520.3004555135849,270712.56400764396,Up,Up,2545
Ridge,H5,91,2023-12-18,2023-12-26,62057.0,0.01071595468682,0.0015895387068210827,62722.0,62155.64200352919,0.0,62057.0,566.3579964708115,320761.3801664317,Up,Up,2544
Ridge,H6,91,2023-12-18,2023-12-27,62057.0,0.0199010587040946,0.0018937002097639596,63292.0,62174.51735391732,0.0,62057.0,1117.4826460826807,1248767.4642959498,Up,Up,2543
Ridge,H7,91,2023-12-18,2023-12-28,62057.0,0.0171132990637639,0.0022019131187399794,63119.0,62193.644122409656,0.0,62057.0,925.3558775903439,856283.5001909955,Up,Up,2542
Ridge,H1,92,2023-12-19,2023-12-20,62211.0,-0.0009644596614746,0.0003251983493801075,62151.0,62231.23091451329,0.0,62211.0,80.23091451328946,6436.999643638762,Down,Up,2549
Ridge,H2,92,2023-12-19,2023-12-21,62211.0,0.0007394190737972,0.0006460725610776295,62257.0,62251.19282009721,0.0,62211.0,5.807179902789358,33.723338423360616,Up,Up,2548
Ridge,H3,92,2023-12-19,2023-12-22,62211.0,0.007169150150295,0.0009688877603081776,62657.0,62271.27547645653,0.0,62211.0,385.7245235434675,148783.40806283502,Up,Up,2547
Ridge,H4,92,2023-12-19,2023-12-26,62211.0,0.0082139814502257,0.0012916409990200036,62722.0,62291.35427819003,0.0,62211.0,430.64572180996765,185455.73771322804,Up,Up,2546
Ridge,H5,92,2023-12-19,2023-12-27,62211.0,0.017376348234235,0.0015968196877618808,63292.0,62310.339749595354,0.0,62211.0,981.6602504046459,963656.8472245121,Up,Up,2545
Ridge,H6,92,2023-12-19,2023-12-28,62211.0,0.0145954895436497,0.0019008510580223155,63119.0,62329.25384517063,0.0,62211.0,789.7461548293722,623698.9890677788,Up,Up,2544
Ridge,H7,92,2023-12-19,2023-12-29,62211.0,0.0119432254745945,0.0022049667278480557,62954.0,62348.173185106156,0.0,62211.0,605.8268148938441,367026.12964442006,Up,Up,2543
Ridge,H1,93,2023-12-20,2023-12-21,62151.0,0.0017055236440282,0.00032469273411359176,62257.0,62171.17997811789,0.0,62151.0,85.82002188210754,7365.076155845417,Up,Up,2550
Ridge,H2,93,2023-12-20,2023-12-22,62151.0,0.0081414619233801,0.0006464135887076834,62657.0,62191.17525095177,0.0,62151.0,465.82474904823175,216992.69682584808,Up,Up,2549
Ridge,H3,93,2023-12-20,2023-12-26,62151.0,0.0091873018937749,0.0009695205901117851,62722.0,62211.25667419603,0.0,62151.0,510.7433258039673,260858.7448532975,Up,Up,2548
Ridge,H4,93,2023-12-20,2023-12-27,62151.0,0.0183585139418513,0.0012906422353127496,63292.0,62231.21470556692,0.0,62151.0,1060.7852944330807,1125265.4408854777,Up,Up,2547
Ridge,H5,93,2023-12-20,2023-12-28,62151.0,0.0155749706360315,0.001603656329685228,63119.0,62250.66884454627,0.0,62151.0,868.3311554537286,753998.9955316073,Up,Up,2546
Ridge,H6,93,2023-12-20,2023-12-29,62151.0,0.0129201460957988,0.0019076235102453664,62954.0,62269.560708785255,0.0,62151.0,684.439291214745,468457.1433585425,Up,Up,2545
Ridge,H7,93,2023-12-20,2024-01-01,62151.0,0.0136763688436227,0.002211609323689772,63001.0,62288.45373107664,0.0,62151.0,712.5462689233609,507722.1853566026,Up,Up,2544
Ridge,H1,94,2023-12-21,2023-12-22,62257.0,0.0064249803234976,0.0003252339536881017,62657.0,62277.24809025476,0.0,62257.0,379.75190974523866,144211.5129551559,Up,Up,2551
Ridge,H2,94,2023-12-21,2023-12-26,62257.0,0.0074690396260661,0.00064644993779491,62722.0,62297.2460337773,0.0,62257.0,424.7539662226991,180415.9318219138,Up,Up,2550
Ridge,H3,94,2023-12-21,2023-12-27,62257.0,0.0166246365870503,0.0009704048742804833,63292.0,62317.414496258076,0.0,62257.0,974.5855037419242,949816.9041039001,Up,Up,2549
Ridge,H4,94,2023-12-21,2023-12-28,62257.0,0.0138458325971375,0.0012918194220192807,63119.0,62337.42480175666,0.0,62257.0,781.575198243343,610859.790509121,Up,Up,2548
Ridge,H5,94,2023-12-21,2023-12-29,62257.0,0.0111955282136948,0.0016032031136112535,62954.0,62356.810616244096,0.0,62257.0,597.1893837559037,356635.160070756,Up,Up,2547
Ridge,H6,94,2023-12-21,2024-01-01,62257.0,0.0119504634017058,0.0019150206101085847,63001.0,62376.22343812353,0.0,62257.0,624.7765618764679,390345.7522701799,Up,Up,2546
Ridge,H7,94,2023-12-21,2024-01-02,62257.0,0.0125608365324381,0.0022189425447532397,63039.0,62395.1447060087,0.0,62257.0,643.8552939912988,414549.6396006218,Up,Up,2545
Ridge,H1,95,2023-12-22,2023-12-26,62657.0,0.0010373940661059,0.00032762378587223456,62722.0,62677.527923551395,0.0,62657.0,44.47207644860464,1977.7655836505355,Up,Up,2552
Ridge,H2,95,2023-12-22,2023-12-27,62657.0,0.0101345420304195,0.0006493879736040222,63292.0,62697.68870226211,0.0,62657.0,594.3112977378914,353205.9186188966,Up,Up,2551
Ridge,H3,95,2023-12-22,2023-12-28,62657.0,0.0073734778237068,0.0009728353112010216,63119.0,62717.95494209392,0.0,62657.0,401.045057906078,160837.13847088945,Up,Up,2550
Ridge,H4,95,2023-12-22,2023-12-29,62657.0,0.0047400928866687,0.0012951054426182439,62954.0,62738.14742171813,0.0,62657.0,215.85257828186877,46592.335550930286,Up,Up,2549
Ridge,H5,95,2023-12-22,2024-01-01,62657.0,0.0054902085960069,0.0016067902850507771,63001.0,62757.67665889042,0.0,62657.0,243.3233411095789,59206.24832872849,Up,Up,2548
Ridge,H6,95,2023-12-22,2024-01-02,62657.0,0.006096685126961,0.0019169691337013162,63039.0,62777.11153501032,0.0,62657.0,261.88846498967905,68585.56809465036,Up,Up,2547
Ridge,H7,95,2023-12-22,2024-01-03,62657.0,-0.0057934468614839,0.002228792909917566,62294.0,62796.64947735671,0.0,62657.0,502.6494773567101,252656.49708697383,Down,Up,2546
Ridge,H1,96,2023-12-26,2023-12-27,62722.0,0.0090877204170785,0.0003279023333701697,63292.0,62742.566690153646,0.0,62722.0,549.433309846354,301876.9619687196,Up,Up,2553
Ridge,H2,96,2023-12-26,2023-12-28,62722.0,0.0063295175536495,0.0006520605800270043,63119.0,62762.89854370046,0.0,62722.0,356.1014562995406,126808.24717865362,Up,Up,2552
Ridge,H3,96,2023-12-26,2023-12-29,62722.0,0.0036988616434425,0.0009760559541479694,62954.0,62783.22018155608,0.0,62722.0,170.77981844392343,29165.74638773945,Up,Up,2551
Ridge,H4,96,2023-12-26,2024-01-01,62722.0,0.0044481999936225,0.0012978195161607092,63001.0,62803.40183569264,0.0,62722.0,197.598164307361,39045.034537638836,Up,Up,2550
Ridge,H5,96,2023-12-26,2024-01-02,62722.0,0.0050540480214278,0.0016103645156946777,63039.0,62823.0052831534,0.0,62722.0,215.9947168466024,46653.71770564394,Up,Up,2549
Ridge,H6,96,2023-12-26,2024-01-03,62722.0,-0.0068237619973853,0.001920845058482548,62294.0,62842.479243758135,0.0,62722.0,548.4792437581345,300829.48083349515,Down,Up,2548
Ridge,H7,96,2023-12-26,2024-01-04,62722.0,-0.0044322566244698,0.0022310289908420576,62444.0,62861.934600363595,0.0,62722.0,417.93460036359465,174669.33018107756,Down,Up,2547
Ridge,H1,97,2023-12-27,2023-12-28,63292.0,-0.0027333628262655,0.0003313319659281818,63119.0,63312.97066278753,0.0,63292.0,193.97066278752754,37624.618022232724,Down,Up,2554
Ridge,H2,97,2023-12-27,2023-12-29,63292.0,-0.0053403273715477,0.0006557747012884232,62954.0,63333.50529239395,0.0,63292.0,379.5052923939511,144024.2669550183,Down,Up,2553
Ridge,H3,97,2023-12-27,2024-01-01,63292.0,-0.0045977374707704,0.0009821877521953327,63001.0,63354.16462721195,0.0,63292.0,353.16462721194694,124725.25391375345,Down,Up,2552
Ridge,H4,97,2023-12-27,2024-01-02,63292.0,-0.0039973456360993,0.0013045070749312401,63039.0,63374.56486178655,0.0,63292.0,335.5648617865518,112603.7764658276,Down,Up,2551
Ridge,H5,97,2023-12-27,2024-01-03,63292.0,-0.0157681855526764,0.0016165469836663493,62294.0,63394.31449169022,0.0,63292.0,1100.3144916902165,1210691.9806234995,Down,Up,2550
Ridge,H6,97,2023-12-27,2024-01-04,63292.0,-0.0133982177842381,0.0019278987885780893,62444.0,63414.02057012668,0.0,63292.0,970.0205701266823,940939.9064688938,Down,Up,2549
Ridge,H7,97,2023-12-27,2024-01-05,63292.0,-0.0105068571067433,0.0022383897235506217,62627.0,63433.67216238297,0.0,63292.0,806.6721623829726,650719.9775636209,Down,Up,2548
Ridge,H1,98,2023-12-28,2023-12-29,63119.0,-0.0026141098559863,0.0003301328039658457,62954.0,63139.83765245351,0.0,63119.0,185.83765245351242,34535.63306943247,Down,Up,2555
Ridge,H2,98,2023-12-28,2024-01-01,63119.0,-0.0018694846242811,0.0006579966163028694,63001.0,63160.53208842443,0.0,63119.0,159.53208842442837,25450.48723705963,Down,Up,2554
Ridge,H3,98,2023-12-28,2024-01-02,63119.0,-0.0012674472029025,0.0009846915007667163,63039.0,63181.15274283689,0.0,63119.0,142.1527428368936,20207.402296052,Down,Up,2553
Ridge,H4,98,2023-12-28,2024-01-03,63119.0,-0.0130705492799315,0.0013094216915771957,62294.0,63201.649387750665,0.0,63119.0,907.6493877506655,823827.4110841579,Down,Up,2552
Ridge,H5,98,2023-12-28,2024-01-04,63119.0,-0.0106940857744894,0.0016220191652961857,62444.0,63221.38022769433,0.0,63119.0,777.3802276943316,604320.0184100908,Down,Up,2551
Ridge,H6,98,2023-12-28,2024-01-05,63119.0,-0.00779480029785,0.001932866707150478,62627.0,63241.00061368864,0.0,63119.0,614.0006136886368,376996.7536100226,Down,Up,2550
Ridge,H7,98,2023-12-28,2024-01-08,63119.0,-0.0155103851455188,0.0022442256378054836,62140.0,63260.653278032645,0.0,63119.0,1120.6532780326452,1255863.7695653131,Down,Up,2549
Ridge,H1,99,2023-12-29,2024-01-01,62954.0,0.0007465768656478,0.00032898067832544544,63001.0,62974.7106496233,0.0,62954.0,26.289350376697257,691.1299432287523,Up,Up,2556
Ridge,H2,99,2023-12-29,2024-01-02,62954.0,0.0013501922038314,0.0006556484760269631,63039.0,62995.2756941598,0.0,62954.0,43.72430584020185,1911.8149212075095,Up,Up,2555
Ridge,H3,99,2023-12-29,2024-01-03,62954.0,-0.0104838453473965,0.0009857538042053952,62294.0,63016.05714498994,0.0,62954.0,722.0571449899435,521366.5206310283,Down,Up,2554
Ridge,H4,99,2023-12-29,2024-01-04,62954.0,-0.0081011532229882,0.0013107652711468552,62444.0,63036.51791687978,0.0,62954.0,592.5179168797767,351077.48182355,Down,Up,2553
Ridge,H5,99,2023-12-29,2024-01-05,62954.0,-0.0051942688312101,0.0016257701900939702,62627.0,63056.348736547174,0.0,62954.0,429.34873654717376,184340.3375746544,Down,Up,2552
Ridge,H6,99,2023-12-29,2024-01-08,62954.0,-0.0129300759284557,0.0019371736536977326,62140.0,63075.95283019489,0.0,62954.0,935.9528301948885,876007.7003498218,Down,Up,2551
Ridge,H7,99,2023-12-29,2024-01-09,62954.0,-0.0118022683229024,0.00224802906807679,62211.0,63095.52242195171,0.0,62954.0,884.5224219517113,782379.9149353212,Down,Up,2550
Ridge,H1,100,2024-01-01,2024-01-02,63001.0,0.0006031650291264,0.0003291439184406761,63039.0,63021.73639600568,0.0,63001.0,17.263603994317236,298.03202287260603,Up,Up,2557
Ridge,H2,100,2024-01-01,2024-01-03,63001.0,-0.0112220440945381,0.0006546605622749762,62294.0,63042.24427008389,0.0,63001.0,748.2442700838874,559869.4877133694,Down,Up,2556
Ridge,H3,100,2024-01-01,2024-01-04,63001.0,-0.0088411295058808,0.0009835685526789963,62444.0,63062.96580238732,0.0,63001.0,618.9658023873199,383118.66452497867,Down,Up,2555
Ridge,H4,100,2024-01-01,2024-01-05,63001.0,-0.0059364137077189,0.0013119936778381313,62627.0,63083.65691369748,0.0,63001.0,456.65691369747947,208535.5368277072,Down,Up,2554
Ridge,H5,100,2024-01-01,2024-01-08,63001.0,-0.013666449738893,0.0016272840139619949,62140.0,63103.52052016362,0.0,63001.0,963.52052016362,928371.7927763727,Down,Up,2553
Ridge,H6,100,2024-01-01,2024-01-09,63001.0,-0.0125394835002619,0.0019410974063211518,62211.0,63123.29107769564,0.0,63001.0,912.2910776956414,832275.0104430749,Down,Up,2552
Ridge,H7,100,2024-01-01,2024-01-10,63001.0,-0.0151426167838605,0.0022525090251841354,62047.0,63142.910321095624,0.0,63001.0,1095.9103210956237,1201019.431883913,Down,Up,2551
Ridge,H1,101,2024-01-02,2024-01-03,63039.0,-0.0118180808705722,0.00032925108235176145,62294.0,63059.75565898038,0.0,63039.0,765.7556589803789,586381.7292604744,Down,Up,2558
Ridge,H2,101,2024-01-02,2024-01-04,63039.0,-0.0094386015006583,0.0006549327142942174,62444.0,63080.28630337639,0.0,63039.0,636.2863033763933,404860.25986439566,Down,Up,2557
Ridge,H3,101,2024-01-02,2024-01-05,63039.0,-0.0065356366693634,0.0009826878901825168,62627.0,63100.94766190921,0.0,63039.0,473.9476619092093,224626.38622920614,Down,Up,2556
Ridge,H4,101,2024-01-02,2024-01-08,63039.0,-0.0142610130236837,0.0013099158590679214,62140.0,63121.575785839785,0.0,63039.0,981.5757858397847,963491.0233469908,Down,Up,2555
Ridge,H5,101,2024-01-02,2024-01-09,63039.0,-0.0131347261219245,0.0016286258526673528,62211.0,63141.6669451263,0.0,63039.0,930.6669451263006,866140.9627507206,Down,Up,2554
Ridge,H6,101,2024-01-02,2024-01-10,63039.0,-0.0157362902330303,0.0019427252448321183,62047.0,63161.46745670897,0.0,63039.0,1114.4674567089678,1242037.712063355,Down,Up,2553
Ridge,H7,101,2024-01-02,2024-01-11,63039.0,-0.0191786037215057,0.0022565485064178913,61830.0,63181.250561296074,0.0,63039.0,1351.250561296074,1825878.079402955,Down,Up,2552
Ridge,H1,102,2024-01-03,2024-01-04,62294.0,0.002407936558898,0.0003245043251851467,62444.0,62314.21467243308,0.0,62294.0,129.78532756691857,16844.231251652353,Up,Up,2559
Ridge,H2,102,2024-01-03,2024-01-05,62294.0,0.0053456191607539,0.0006502895479053452,62627.0,62334.50913709721,0.0,62294.0,292.4908629027923,85550.90488162004,Up,Up,2558
Ridge,H3,102,2024-01-03,2024-01-08,62294.0,-0.0024721482004687,0.0009782036063587813,62140.0,62354.936215454516,0.0,62294.0,214.93621545451606,46197.576713910144,Down,Up,2557
Ridge,H4,102,2024-01-03,2024-01-09,62294.0,-0.0013323915625903,0.0013042895146488241,62211.0,62375.249411025536,0.0,62294.0,164.24941102553566,26977.869022235358,Down,Up,2556
Ridge,H5,102,2024-01-03,2024-01-10,62294.0,-0.0039650688669855,0.0016218168094879197,62047.0,62395.02945633024,0.0,62294.0,348.02945633023774,121124.50247352086,Down,Up,2555
Ridge,H6,102,2024-01-03,2024-01-11,62294.0,-0.0074485504221915,0.0019392929144134148,61830.0,62414.80631281046,0.0,62294.0,584.8063128104623,341998.4235029682,Down,Up,2554
Ridge,H7,102,2024-01-03,2024-01-12,62294.0,0.0012521270106269,0.0022533956882585943,62372.0,62434.37303100438,0.0,62294.0,62.37303100438294,3890.394996673715,Up,Up,2553
Ridge,H1,103,2024-01-04,2024-01-05,62444.0,0.0029306258407533,0.0003253179686680236,62627.0,62464.3141552355,0.0,62444.0,162.68584476449905,26466.68408673868,Up,Up,2560
Ridge,H2,103,2024-01-04,2024-01-08,62444.0,-0.0048683620523989,0.0006463471471147038,62140.0,62484.360501254436,0.0,62444.0,344.3605012544358,118584.15482420629,Down,Up,2559
Ridge,H3,103,2024-01-04,2024-01-09,62444.0,-0.003731343283582,0.0009743649410383281,62211.0,62504.84324437819,0.0,62444.0,293.84324437819305,86343.85226670248,Down,Up,2558
Ridge,H4,103,2024-01-04,2024-01-10,62444.0,-0.0063576964960604,0.0013006111775208566,62047.0,62525.21536436911,0.0,62444.0,478.21536436911265,228689.9347186832,Down,Up,2557
Ridge,H5,103,2024-01-04,2024-01-11,62444.0,-0.0098328101979373,0.001616998527743335,61830.0,62544.97185606641,0.0,62444.0,714.9718560664114,511184.75496704935,Down,Up,2556
Ridge,H6,103,2024-01-04,2024-01-12,62444.0,-0.0011530331176734,0.0019332901247291199,62372.0,62564.72236854858,0.0,62444.0,192.72236854858056,37141.91133897491,Down,Up,2555
Ridge,H7,103,2024-01-04,2024-01-15,62444.0,0.0019697649093588,0.0022507776087219,62567.0,62584.54755699903,0.0,62444.0,17.54755699903035,307.916756634219,Up,Up,2554
Ridge,H1,104,2024-01-05,2024-01-08,62627.0,-0.0077761987641112,0.00032633537518462585,62140.0,62647.437405541685,0.0,62627.0,507.4374055416847,257492.7205428762,Down,Up,2561
Ridge,H2,104,2024-01-05,2024-01-09,62627.0,-0.0066425024350519,0.0006481827717523298,62211.0,62667.59374244654,0.0,62627.0,456.59374244653736,208477.8456413349,Down,Up,2560
Ridge,H3,104,2024-01-05,2024-01-10,62627.0,-0.0092611812796398,0.0009714301542399295,62047.0,62687.837756269575,0.0,62627.0,640.837756269575,410673.02986062324,Down,Up,2559
Ridge,H4,104,2024-01-05,2024-01-11,62627.0,-0.0127261404825395,0.001297782364026293,61830.0,62708.27621611188,0.0,62627.0,878.2762161118808,771369.1117878031,Down,Up,2558
Ridge,H5,104,2024-01-05,2024-01-12,62627.0,-0.0040717262522553,0.0016143350253627932,62372.0,62728.1009596334,0.0,62627.0,356.100959633397,126807.89345182624,Down,Up,2557
Ridge,H6,104,2024-01-05,2024-01-15,62627.0,-0.0009580532358247,0.0019294839815137558,62567.0,62747.83779331027,0.0,62627.0,180.83779331026744,32702.30748932701,Down,Up,2556
Ridge,H7,104,2024-01-05,2024-01-16,62627.0,-0.0089737653088923,0.0022457845896257777,62065.0,62767.646751494496,0.0,62627.0,702.6467514944961,493712.4573857682,Down,Up,2555
Ridge,H1,105,2024-01-08,2024-01-09,62140.0,0.0011425812681042,0.00032317278671847616,62211.0,62160.08195696669,0.0,62140.0,50.918043033307185,2592.6471063417225,Up,Up,2562
Ridge,H2,105,2024-01-08,2024-01-10,62140.0,-0.0014966205342774,0.0006460284051982464,62047.0,62180.14420509902,0.0,62140.0,133.14420509902266,17727.37935145061,Down,Up,2561
Ridge,H3,105,2024-01-08,2024-01-11,62140.0,-0.0049887351142581,0.0009700847345105923,61830.0,62200.281065402494,0.0,62140.0,370.2810654024943,137108.06739560625,Down,Up,2560
Ridge,H4,105,2024-01-08,2024-01-12,62140.0,0.003733504988735,0.0012917020514351353,62372.0,62220.26636547618,0.0,62140.0,151.73363452382182,23023.095845808733,Up,Up,2559
Ridge,H5,105,2024-01-08,2024-01-15,62140.0,0.0068715803025425,0.0016083608128269968,62567.0,62239.94354090907,0.0,62140.0,327.0564590909271,106965.92743309526,Up,Up,2558
Ridge,H6,105,2024-01-08,2024-01-16,62140.0,-0.001206952043772,0.0019236725326142103,62065.0,62259.537011176646,0.0,62140.0,194.53701117664605,37844.648717542506,Down,Up,2557
Ridge,H7,105,2024-01-08,2024-01-17,62140.0,-0.0093176697779208,0.0022388378876096924,61561.0,62279.12138633607,0.0,62140.0,718.1213863360681,515698.3255132364,Down,Up,2556
Ridge,H1,106,2024-01-09,2024-01-10,62211.0,-0.002636189741364,0.00032349247863660283,62047.0,62231.12479058846,0.0,62211.0,184.1247905884593,33901.938509243984,Down,Up,2563
Ridge,H2,106,2024-01-09,2024-01-11,62211.0,-0.0061243188503641,0.0006431837810418186,61830.0,62251.013106202394,0.0,62211.0,421.01310620239383,177252.03559418814,Down,Up,2562
Ridge,H3,106,2024-01-09,2024-01-12,62211.0,0.0025879667582904,0.0009682493138822263,62372.0,62271.23575806593,0.0,62211.0,100.76424193407001,10153.432452547793,Up,Up,2561
Ridge,H4,106,2024-01-09,2024-01-15,62211.0,0.005722460658083,0.001290676938606529,62567.0,62291.29430302765,0.0,62211.0,275.70569697234896,76013.63134300872,Up,Up,2560
Ridge,H5,106,2024-01-09,2024-01-16,62211.0,-0.0023468518429217,0.001602599718171165,62065.0,62310.69933106715,0.0,62211.0,245.69933106715325,60368.16128684658,Down,Up,2559
Ridge,H6,106,2024-01-09,2024-01-17,62211.0,-0.0104483129993088,0.0019180186676233148,61561.0,62330.32185933151,0.0,62211.0,769.3218593315105,591856.1232452925,Down,Up,2558
Ridge,H7,106,2024-01-09,2024-01-18,62211.0,-0.0067512176303226,0.0022333464060264627,61791.0,62349.938713265314,0.0,62211.0,558.9387132653137,312412.4851866846,Down,Up,2557
Ridge,H1,107,2024-01-10,2024-01-11,62047.0,-0.0034973487839863,0.00032233820716739064,61830.0,62067.000118740114,0.0,62047.0,237.00011874011398,56169.056282828125,Down,Up,2564
Ridge,H2,107,2024-01-10,2024-01-12,62047.0,0.0052379647686431,0.0006423489787949577,62372.0,62086.855827087296,0.0,62047.0,285.14417291270365,81307.19934606984,Up,Up,2563
Ridge,H3,107,2024-01-10,2024-01-15,62047.0,0.0083807436298291,0.0009642563305528772,62567.0,62106.82921254182,0.0,62047.0,460.1707874581771,211757.15362987877,Up,Up,2562
Ridge,H4,107,2024-01-10,2024-01-16,62047.0,0.0002901026641095,0.0012876904851324815,62065.0,62126.897331531014,0.0,62047.0,61.89733153101406,3831.2796506602676,Up,Up,2561
Ridge,H5,107,2024-01-10,2024-01-17,62047.0,-0.0078327719309555,0.0016004250041500277,61561.0,62146.30157023249,0.0,62047.0,585.3015702324919,342577.9281166207,Down,Up,2560
Ridge,H6,107,2024-01-10,2024-01-18,62047.0,-0.0041259045562235,0.0019111196384397823,61791.0,62165.57924020627,0.0,62047.0,374.5792402062725,140309.60719350842,Down,Up,2559
Ridge,H7,107,2024-01-10,2024-01-19,62047.0,-0.0004190371814914,0.002226553614253868,62021.0,62185.150972103605,0.0,62047.0,164.15097210360545,26945.541642558655,Down,Up,2558
Ridge,H1,108,2024-01-11,2024-01-12,61830.0,0.0087659712113861,0.00032084908234590056,62372.0,61849.838098761444,0.0,61830.0,522.1619012385563,272653.0511050638,Up,Up,2565
Ridge,H2,108,2024-01-11,2024-01-15,61830.0,0.0119197800420507,0.0006397095555365477,62567.0,61869.55324181883,0.0,61830.0,697.4467581811696,486431.9804974228,Up,Up,2564
Ridge,H3,108,2024-01-11,2024-01-16,61830.0,0.0038007439754164,0.0009619335963551907,62065.0,61889.47635426264,0.0,61830.0,175.52364573736122,30808.550212934682,Up,Up,2563
Ridge,H4,108,2024-01-11,2024-01-17,61830.0,-0.0043506388484554,0.0012822206680381766,61561.0,61909.279703904795,0.0,61830.0,348.2797039047946,121298.7521520114,Down,Up,2562
Ridge,H5,108,2024-01-11,2024-01-18,61830.0,-0.0006307617661329,0.0015959603810547659,61791.0,61928.67823036061,0.0,61830.0,137.67823036060872,18955.29511522884,Down,Up,2561
Ridge,H6,108,2024-01-11,2024-01-19,61830.0,0.0030891153161896,0.0019074633464684697,62021.0,61947.93845871214,0.0,61830.0,73.06154128786147,5337.988815357887,Up,Up,2560
Ridge,H7,108,2024-01-11,2024-01-22,61830.0,0.0009380559598899,0.002218189070506747,61888.0,61967.15063022942,0.0,61830.0,79.15063022942195,6264.822265714683,Up,Up,2559
Ridge,H1,109,2024-01-12,2024-01-15,62372.0,0.0031264028730839,0.0003241400125082834,62567.0,62392.21726086016,0.0,62372.0,174.78273913983867,30549.005901224893,Up,Up,2566
Ridge,H2,109,2024-01-12,2024-01-16,62372.0,-0.0049220804207016,0.0006415023438303503,62065.0,62412.01178418939,0.0,62372.0,347.011784189388,120417.17836630238,Down,Up,2565
Ridge,H3,109,2024-01-12,2024-01-17,62372.0,-0.0130026293849804,0.000962567897195313,61561.0,62432.037284883874,0.0,62372.0,871.0372848838742,758705.9516578715,Down,Up,2564
Ridge,H4,109,2024-01-12,2024-01-18,62372.0,-0.0093150772782658,0.001283176710047041,61791.0,62452.03429775905,0.0,62372.0,661.0342977590481,436966.3428137978,Down,Up,2563
Ridge,H5,109,2024-01-12,2024-01-19,62372.0,-0.0056275251715512,0.0015937480129262231,62021.0,62471.405251062235,0.0,62372.0,450.40525106223504,202864.89018443497,Down,Up,2562
Ridge,H6,109,2024-01-12,2024-01-22,62372.0,-0.0077598922593471,0.001906268286598177,61888.0,62490.8977655717,0.0,62372.0,602.8977655717026,363485.7157313517,Down,Up,2561
Ridge,H7,109,2024-01-12,2024-01-23,62372.0,-0.0059161162059898,0.00221781134769779,62003.0,62510.32932937861,0.0,62372.0,507.3293293786119,257383.04844775205,Down,Up,2560
Ridge,H1,110,2024-01-15,2024-01-16,62567.0,-0.0080233989163616,0.00032523206004051635,62065.0,62587.348794300546,0.0,62567.0,522.3487943005457,272848.2629072338,Down,Up,2567
Ridge,H2,110,2024-01-15,2024-01-17,62567.0,-0.0160787635654577,0.000645898280983248,61561.0,62607.41191774627,0.0,62567.0,1046.4119177462708,1094977.9016014282,Down,Up,2566
Ridge,H3,110,2024-01-15,2024-01-18,62567.0,-0.0124027043009893,0.0009654604513097952,61791.0,62627.40596405711,0.0,62567.0,836.4059640571068,699574.9367102982,Down,Up,2565
Ridge,H4,110,2024-01-15,2024-01-19,62567.0,-0.0087266450365208,0.0012849088738414761,62021.0,62647.39289350965,0.0,62567.0,626.3928935096483,392368.05703938956,Down,Up,2564
Ridge,H5,110,2024-01-15,2024-01-22,62567.0,-0.0108523662633657,0.00159580793231992,61888.0,62666.84491490146,0.0,62567.0,778.8449149014632,606599.4014678674,Down,Up,2563
Ridge,H6,110,2024-01-15,2024-01-23,62567.0,-0.0090143366311313,0.0019051506161428212,62003.0,62686.1995586002,0.0,62567.0,683.1995586002013,466761.63687150984,Down,Up,2562
Ridge,H7,110,2024-01-15,2024-01-24,62567.0,-0.0079115188517908,0.002217714819931097,62072.0,62705.75576313863,0.0,62567.0,633.7557631386298,401646.3673114271,Down,Up,2561
Ridge,H1,111,2024-01-16,2024-01-17,62065.0,-0.008120518810924,0.00032198114148601,61561.0,62084.98375954633,0.0,62065.0,523.9837595463323,274558.9802683086,Down,Up,2568
Ridge,H2,111,2024-01-16,2024-01-18,62065.0,-0.004414726496415,0.0006437289377599437,61791.0,62104.95303652206,0.0,62065.0,313.9530365220635,98566.50914142413,Down,Up,2567
Ridge,H3,111,2024-01-16,2024-01-19,62065.0,-0.000708934181906,0.0009665652810037483,62021.0,62124.9898741655,0.0,62065.0,103.9898741654979,10813.893928956086,Down,Up,2566
Ridge,H4,111,2024-01-16,2024-01-22,62065.0,-0.0028518488681221,0.0012845208811954614,61888.0,62144.72378849141,0.0,62065.0,256.7237884914066,65907.10357738048,Down,Up,2565
Ridge,H5,111,2024-01-16,2024-01-23,62065.0,-0.0009989527108675,0.0015942699271619327,62003.0,62163.948363029296,0.0,62065.0,160.94836302929616,25904.375561810106,Down,Up,2564
Ridge,H6,111,2024-01-16,2024-01-24,62065.0,0.0001127849834849,0.0019039362519880918,62072.0,62183.16780347964,0.0,62065.0,111.16780347964232,12358.280530488375,Up,Up,2563
Ridge,H7,111,2024-01-16,2024-01-25,62065.0,-0.000467252074438,0.002213346632808327,62036.0,62202.371358765246,0.0,62065.0,166.37135876524553,27679.429017394043,Down,Up,2562
Ridge,H1,112,2024-01-17,2024-01-18,61561.0,0.0037361316417861,0.00031869426709229843,61791.0,61580.61913777647,0.0,61561.0,210.38086222353013,44260.107189915965,Up,Up,2569
Ridge,H2,112,2024-01-17,2024-01-19,61561.0,0.0074722632835724,0.0006372163311898923,62021.0,61600.227674564376,0.0,61561.0,420.7723254356242,177049.34985250287,Up,Up,2568
Ridge,H3,112,2024-01-17,2024-01-22,61561.0,0.0053118045515829,0.0009611225260367413,61888.0,61620.16766382534,0.0,61561.0,267.83233617465885,71734.16030077547,Up,Up,2567
Ridge,H4,112,2024-01-17,2024-01-23,61561.0,0.0071798703724761,0.0012823237128931737,62003.0,61639.94113008941,0.0,61561.0,363.0588699105865,131811.74302075218,Up,Up,2566
Ridge,H5,112,2024-01-17,2024-01-24,61561.0,0.0083007098650118,0.0015905938636190877,62072.0,61658.91854883826,0.0,61561.0,413.08145116174273,170636.28529389124,Up,Up,2565
Ridge,H6,112,2024-01-17,2024-01-25,61561.0,0.0077159240428192,0.001899118214808783,62036.0,61677.911616421836,0.0,61561.0,358.0883835781642,128227.29045362247,Up,Up,2564
Ridge,H7,112,2024-01-17,2024-01-29,61561.0,0.0109322460648786,0.0022088469835448393,62234.0,61696.978829154,0.0,61561.0,537.0211708459974,288391.73793680593,Up,Up,2563
Ridge,H1,113,2024-01-18,2024-01-19,61791.0,0.0037222249194865,0.00032002404490039506,62021.0,61810.77460575844,0.0,61791.0,210.22539424156275,44194.71638402049,Up,Up,2570
Ridge,H2,113,2024-01-18,2024-01-22,61791.0,0.001569807900827,0.0006352500111781252,61888.0,61830.252733440706,0.0,61791.0,57.747266559294076,3334.746795070164,Up,Up,2569
Ridge,H3,113,2024-01-18,2024-01-23,61791.0,0.0034309203605702,0.0009559186862853033,62003.0,61850.06717154426,0.0,61791.0,152.9328284557414,23388.450019473228,Up,Up,2568
Ridge,H4,113,2024-01-18,2024-01-24,61791.0,0.0045475878364162,0.0012781958212188084,62072.0,61869.98099798894,0.0,61791.0,202.01900201106037,40811.67717354481,Up,Up,2567
Ridge,H5,113,2024-01-18,2024-01-25,61791.0,0.0039649787185835,0.001589728564549882,62036.0,61889.2309177321,0.0,61791.0,146.76908226789965,21541.163509761496,Up,Up,2566
Ridge,H6,113,2024-01-18,2024-01-29,61791.0,0.0071693288666634,0.001896769237719537,62234.0,61908.20326796793,0.0,61791.0,325.79673203206767,106143.5106027749,Up,Up,2565
Ridge,H7,113,2024-01-18,2024-01-30,61791.0,0.0093864802317489,0.0022053523115289726,62371.0,61927.270924681696,0.0,61791.0,443.72907531830424,196895.4922828373,Up,Up,2564
Ridge,H1,114,2024-01-19,2024-01-22,62021.0,-0.0021444349494526,0.00032134747127377325,61888.0,62040.93029151587,0.0,62021.0,152.9302915158696,23387.67406312886,Down,Up,2571
Ridge,H2,114,2024-01-19,2024-01-23,62021.0,-0.0002902242788732,0.0006379104269982631,62003.0,62060.563842592856,0.0,62021.0,57.56384259285551,3313.595974055046,Down,Up,2570
Ridge,H3,114,2024-01-19,2024-01-24,62021.0,0.0008223021234743,0.0009552709283349137,62072.0,62080.24685824626,0.0,62021.0,8.246858246260672,68.01067093391764,Up,Up,2569
Ridge,H4,114,2024-01-19,2024-01-25,62021.0,0.0002418535657278,0.0012743001576300513,62036.0,62100.03337007637,0.0,62021.0,64.0333700763731,4100.272483337754,Up,Up,2568
Ridge,H5,114,2024-01-19,2024-01-29,62021.0,0.0034343206333338,0.001586917082467336,62234.0,62119.42218437171,0.0,62021.0,114.57781562829041,13128.07583415051,Up,Up,2567
Ridge,H6,114,2024-01-19,2024-01-30,62021.0,0.0056432498669805,0.0018972339642041882,62371.0,62138.668347693914,0.0,62021.0,232.33165230608574,53977.99666327592,Up,Up,2566
Ridge,H7,114,2024-01-19,2024-01-31,62021.0,0.0136082939649473,0.0022043295194708666,62865.0,62157.71472112711,0.0,62021.0,707.2852788728924,500252.46571030514,Up,Up,2565
Ridge,H1,115,2024-01-22,2024-01-23,61888.0,0.0018581954498448,0.00032038884037128516,62003.0,61907.828224552904,0.0,61888.0,95.17177544709557,9057.666841752383,Up,Up,2572
Ridge,H2,115,2024-01-22,2024-01-24,61888.0,0.0029731127197518,0.0006382732068288949,62072.0,61927.50145222423,0.0,61888.0,144.49854777577275,20879.83030930728,Up,Up,2571
Ridge,H3,115,2024-01-22,2024-01-25,61888.0,0.0023914167528438,0.0009569663788912328,62036.0,61947.22473525682,0.0,61888.0,88.7752647431771,7881.047630221184,Up,Up,2570
Ridge,H4,115,2024-01-22,2024-01-29,61888.0,0.0055907445708376,0.0012726941478661215,62234.0,61966.76449542313,0.0,61888.0,267.2355045768709,71414.81490645478,Up,Up,2569
Ridge,H5,115,2024-01-22,2024-01-30,61888.0,0.0078044208893484,0.0015820731965761063,62371.0,61985.911345989705,0.0,61888.0,385.0886540102947,148293.27144746046,Up,Up,2568
Ridge,H6,115,2024-01-22,2024-01-31,61888.0,0.01578658221303,0.0018934723123231539,62865.0,62005.183214465054,0.0,61888.0,859.8167855349457,739284.9046876468,Up,Up,2567
Ridge,H7,115,2024-01-22,2024-02-01,61888.0,0.0192444415718717,0.002203836172589924,63079.0,62024.39101304925,0.0,61888.0,1054.6089869507487,1112200.1153572844,Up,Up,2566
Ridge,H1,116,2024-01-23,2024-01-24,62003.0,0.0011128493782559,0.00032098646161687037,62072.0,62022.90212357963,0.0,62003.0,49.097876420368266,2410.6014689897543,Up,Up,2573
Ridge,H2,116,2024-01-23,2024-01-25,62003.0,0.0005322323113396,0.000637912141369374,62036.0,62042.55246650132,0.0,62003.0,6.55246650132176,42.93481725094382,Up,Up,2572
Ridge,H3,116,2024-01-23,2024-01-29,62003.0,0.0037256261793783,0.0009579284642871666,62234.0,62062.394438571195,0.0,62003.0,171.60556142880523,29448.468713295446,Up,Up,2571
Ridge,H4,116,2024-01-23,2024-01-30,62003.0,0.0059351966840313,0.0012749924014095308,62371.0,62082.05335386459,0.0,62003.0,288.94664613540954,83490.16431290159,Up,Up,2570
Ridge,H5,116,2024-01-23,2024-01-31,62003.0,0.0139025531022691,0.0015810684785627681,62865.0,62101.03098887634,0.0,62003.0,763.9690111236632,583648.6499572679,Up,Up,2569
Ridge,H6,116,2024-01-23,2024-02-01,62003.0,0.0173539990000484,0.0018892245810820205,63079.0,62120.137591700826,0.0,62003.0,958.8624082991737,919417.1180492913,Up,Up,2568
Ridge,H7,116,2024-01-23,2024-02-02,62003.0,0.0102575681821848,0.0022006726145669857,62639.0,62139.44830412099,0.0,62003.0,499.55169587901037,249551.89685559526,Up,Up,2567
Ridge,H1,117,2024-01-24,2024-01-25,62072.0,-0.0005799716458306,0.00032129407535177567,62036.0,62091.94336584524,0.0,62072.0,55.943365845239896,3129.660182094354,Down,Up,2574
Ridge,H2,117,2024-01-24,2024-01-29,62072.0,0.002609872406238,0.0006388194552963234,62234.0,62111.65280122916,0.0,62072.0,122.3471987708399,14968.837047071407,Up,Up,2573
Ridge,H3,117,2024-01-24,2024-01-30,62072.0,0.0048169867250933,0.0009578753595851127,62371.0,62131.45723932017,0.0,62072.0,239.542760679833,57380.73419411575,Up,Up,2572
Ridge,H4,117,2024-01-24,2024-01-31,62072.0,0.0127754865317695,0.0012762651392763571,62865.0,62151.22032972516,0.0,62072.0,713.7796702748383,509481.41769765684,Up,Up,2571
Ridge,H5,117,2024-01-24,2024-02-01,62072.0,0.0162230957597628,0.0015836829394088633,63079.0,62170.30236741499,0.0,62072.0,908.6976325850119,825731.3874656053,Up,Up,2570
Ridge,H6,117,2024-01-24,2024-02-02,62072.0,0.0091345534218327,0.0018885326508622092,62639.0,62189.22499870432,0.0,62072.0,449.77500129568216,202297.55179053088,Up,Up,2569
Ridge,H7,117,2024-01-24,2024-02-05,62072.0,0.0075718520427889,0.0021967346442495557,62542.0,62208.35571283786,0.0,62072.0,333.64428716214024,111318.5103559327,Up,Up,2568
Ridge,H1,118,2024-01-25,2024-01-29,62036.0,0.0031916951447545,0.00032094418990654745,62234.0,62055.910093765044,0.0,62036.0,178.0899062349563,31716.014702775523,Up,Up,2575
Ridge,H2,118,2024-01-25,2024-01-30,62036.0,0.0054000902701656,0.0006387781479512862,62371.0,62075.62724118631,0.0,62036.0,295.37275881368987,87245.0666492102,Up,Up,2574
Ridge,H3,118,2024-01-25,2024-01-31,62036.0,0.013363208459604,0.0009584328009896336,62865.0,62095.4573372422,0.0,62036.0,769.5426627577981,592195.9098043622,Up,Up,2573
Ridge,H4,118,2024-01-25,2024-02-01,62036.0,0.0168128183635307,0.001275863392765069,63079.0,62115.14946143357,0.0,62036.0,963.8505385664321,929007.8606948012,Up,Up,2572
Ridge,H5,118,2024-01-25,2024-02-02,62036.0,0.0097201624862983,0.00158460933225403,62639.0,62134.30282453571,0.0,62036.0,504.6971754642873,254719.23892162959,Up,Up,2571
Ridge,H6,118,2024-01-25,2024-02-05,62036.0,0.0081565542588175,0.001890800298085773,62542.0,62153.29768729205,0.0,62036.0,388.70231270795193,151089.48790451046,Up,Up,2570
Ridge,H7,118,2024-01-25,2024-02-06,62036.0,0.0046102263202012,0.00219569794353772,62322.0,62172.21231762531,0.0,62036.0,149.78768237469194,22436.349791181598,Up,Up,2569
Ridge,H1,119,2024-01-29,2024-01-30,62234.0,0.0022013690265771,0.0003220584848475894,62371.0,62254.042987746005,0.0,62234.0,116.95701225399534,13678.942715381218,Up,Up,2576
Ridge,H2,119,2024-01-29,2024-01-31,62234.0,0.0101391522318989,0.0006395436845560157,62865.0,62273.801361664664,0.0,62234.0,591.198638335336,349515.82996955543,Up,Up,2575
Ridge,H3,119,2024-01-29,2024-02-01,62234.0,0.0135777870617348,0.0009595079369966563,63079.0,62293.714016951046,0.0,62234.0,785.2859830489542,616674.0751731624,Up,Up,2574
Ridge,H4,119,2024-01-29,2024-02-02,62234.0,0.0065076967573995,0.0012775401487547626,62639.0,62313.50643361761,0.0,62234.0,325.4935663823926,105946.06175632901,Up,Up,2573
Ridge,H5,119,2024-01-29,2024-02-05,62234.0,0.0049490632130346,0.0015853284448292346,62542.0,62332.661330435505,0.0,62234.0,209.33866956449492,43822.67857503279,Up,Up,2572
Ridge,H6,119,2024-01-29,2024-02-06,62234.0,0.001414018060867,0.0018928536163227531,62322.0,62351.79985195823,0.0,62234.0,29.799851958232466,888.0311767325713,Up,Up,2571
Ridge,H7,119,2024-01-29,2024-02-07,62234.0,0.0011408554809269,0.0021990974915127434,62305.0,62370.8586332868,0.0,62234.0,65.85863328679989,4337.359578405186,Up,Up,2570
Ridge,H1,120,2024-01-30,2024-01-31,62371.0,0.0079203475974412,0.00032278799043921545,62865.0,62391.13260975169,0.0,62371.0,473.8673902483133,224550.30354074726,Up,Up,2577
Ridge,H2,120,2024-01-30,2024-02-01,62371.0,0.0113514293501788,0.0006413921580328674,63079.0,62411.004270288664,0.0,62371.0,667.995729711336,446218.2949125803,Up,Up,2576
Ridge,H3,120,2024-01-30,2024-02-02,62371.0,0.0042968687370732,0.0009610063320185246,62639.0,62430.93892593432,0.0,62371.0,208.06107406567753,43289.41054136335,Up,Up,2575
Ridge,H4,120,2024-01-30,2024-02-05,62371.0,0.0027416587837296,0.0012793499277433844,62542.0,62450.794334343285,0.0,62371.0,91.2056656567147,8318.473447884428,Up,Up,2574
Ridge,H5,120,2024-01-30,2024-02-06,62371.0,-0.0007856215228231,0.0015877458504026112,62322.0,62470.02929643546,0.0,62371.0,148.0292964354594,21912.672603177114,Down,Up,2573
Ridge,H6,120,2024-01-30,2024-02-07,62371.0,-0.0010581840919657,0.0018943119639687582,62305.0,62489.15013150469,0.0,62371.0,184.15013150469167,33911.270933195236,Down,Up,2572
Ridge,H7,120,2024-01-30,2024-02-08,62371.0,-0.0024370300299818,0.0022018931703934965,62219.0,62508.33427893062,0.0,62371.0,289.3342789306189,83714.32496430118,Down,Up,2571
Ridge,H1,121,2024-01-31,2024-02-01,62865.0,0.0034041199395529,0.00032573495809607816,63079.0,62885.47732814071,0.0,62865.0,193.5226718592894,37451.024523558204,Up,Up,2578
Ridge,H2,121,2024-01-31,2024-02-02,62865.0,-0.0035950051698083,0.0006450775684831809,62639.0,62905.552801342696,0.0,62865.0,266.5528013426956,71050.39590363855,Down,Up,2577
Ridge,H3,121,2024-01-31,2024-02-05,62865.0,-0.0051379941143721,0.0009658207682426067,62542.0,62925.716322595574,0.0,62865.0,383.71632259557373,147238.2162262704,Down,Up,2576
Ridge,H4,121,2024-01-31,2024-02-06,62865.0,-0.0086375566690527,0.0012838145924224725,62322.0,62945.70700435264,0.0,62865.0,623.7070043526401,389010.4272785442,Down,Up,2575
Ridge,H5,121,2024-01-31,2024-02-07,62865.0,-0.0089079774119144,0.0015925300933421725,62305.0,62965.11440431795,0.0,62865.0,660.114404317952,435751.0267880446,Down,Up,2574
Ridge,H6,121,2024-01-31,2024-02-08,62865.0,-0.010275988228744,0.001899711093055968,62219.0,62984.42533786496,0.0,62865.0,765.4253378649591,585875.9478456868,Down,Up,2573
Ridge,H7,121,2024-01-31,2024-02-09,62865.0,-0.0120893979161695,0.002206327867184012,62105.0,63003.70080137052,0.0,62865.0,898.7008013705199,807663.1303840147,Down,Up,2572
Ridge,H1,122,2024-02-01,2024-02-02,63079.0,-0.0069753800789486,0.00032692880579182317,62639.0,63099.622342140545,0.0,63079.0,460.6223421405448,212172.9420790411,Down,Up,2579
Ridge,H2,122,2024-02-01,2024-02-05,63079.0,-0.0085131343236258,0.0006492308950634754,62542.0,63119.9528356297,0.0,63079.0,577.9528356297014,334029.4802124127,Down,Up,2578
Ridge,H3,122,2024-02-01,2024-02-06,63079.0,-0.0120008243631002,0.0009707151551270732,62322.0,63140.23174127026,0.0,63079.0,818.2317412702614,669503.182422164,Down,Up,2577
Ridge,H4,122,2024-02-01,2024-02-07,63079.0,-0.0122703276843323,0.001289843044057347,62305.0,63160.36200937609,0.0,63079.0,855.362009376091,731644.167083904,Down,Up,2576
Ridge,H5,122,2024-02-01,2024-02-08,63079.0,-0.0136336974270359,0.0015982120850283501,62219.0,63179.813620111505,0.0,63079.0,960.8136201115049,923162.8125917752,Down,Up,2575
Ridge,H6,122,2024-02-01,2024-02-09,63079.0,-0.0154409549929454,0.0019057152766052189,62105.0,63199.210613932984,0.0,63079.0,1094.2106139329844,1197296.8676435987,Down,Up,2574
Ridge,H7,122,2024-02-01,2024-02-12,63079.0,-0.0193883859921685,0.0022129499458667587,61856.0,63218.59066963533,0.0,63079.0,1362.5906696353268,1856653.3329772481,Down,Up,2573
Ridge,H1,123,2024-02-02,2024-02-05,62639.0,-0.0015485560114305,0.0003240985134319561,62542.0,62659.30120678286,0.0,62639.0,117.30120678286039,13759.573112715372,Down,Up,2580
Ridge,H2,123,2024-02-02,2024-02-06,62639.0,-0.0050607449033349,0.0006475851345342427,62322.0,62679.56408524209,0.0,62639.0,357.5640852420911,127852.07505501338,Down,Up,2579
Ridge,H3,123,2024-02-02,2024-02-07,62639.0,-0.0053321413177094,0.0009720052407754572,62305.0,62699.88543627694,0.0,62639.0,394.8854362769416,155934.5077836305,Down,Up,2578
Ridge,H4,123,2024-02-02,2024-02-08,62639.0,-0.0067050878845448,0.0012918678023127045,62219.0,62719.92130726906,0.0,62639.0,500.9213072690618,250922.15607614582,Down,Up,2577
Ridge,H5,123,2024-02-02,2024-02-09,62639.0,-0.0085250403103497,0.0016013649706963123,62105.0,62739.30790039944,0.0,62639.0,634.3079003994426,402346.51250914915,Down,Up,2576
Ridge,H6,123,2024-02-02,2024-02-12,62639.0,-0.012500199556187,0.0019085226398884237,61856.0,62758.54794963998,0.0,62639.0,902.5479496399785,814592.8013993291,Down,Up,2575
Ridge,H7,123,2024-02-02,2024-02-13,62639.0,-0.0219032870895129,0.00221607534349043,61267.0,62777.81274344089,0.0,62639.0,1510.8127434408889,2282555.145743385,Down,Up,2574
Ridge,H1,124,2024-02-05,2024-02-06,62542.0,-0.0035176361485081,0.0003233724469955821,62322.0,62562.224359579996,0.0,62542.0,240.2243595799955,57707.74293561898,Down,Up,2581
Ridge,H2,124,2024-02-05,2024-02-07,62542.0,-0.0037894534872565,0.0006440336986826996,62305.0,62582.279155583004,0.0,62542.0,277.27915558300447,76883.730120824,Down,Up,2580
Ridge,H3,124,2024-02-05,2024-02-08,62542.0,-0.0051645294362188,0.0009696353393860904,62219.0,62602.64293339588,0.0,62542.0,383.6429333958804,147181.90034459592,Down,Up,2579
Ridge,H4,124,2024-02-05,2024-02-09,62542.0,-0.0069873045313548,0.0012924295531196997,62105.0,62622.831129111204,0.0,62542.0,517.8311291112041,268149.0782765845,Down,Up,2578
Ridge,H5,124,2024-02-05,2024-02-12,62542.0,-0.0109686290812573,0.0016026634537597956,61856.0,62642.23377772504,0.0,62542.0,786.2337777250432,618163.5532357926,Down,Up,2577
Ridge,H6,124,2024-02-05,2024-02-13,62542.0,-0.0203863004061271,0.0019109477077664137,61267.0,62661.51449153912,0.0,62542.0,1394.514491539121,1944670.6671126133,Down,Up,2576
Ridge,H7,124,2024-02-05,2024-02-14,62542.0,-0.0219372581625147,0.0022181548336155854,61170.0,62680.727839603984,0.0,62542.0,1510.7278396039837,2282298.60535452,Down,Up,2575
Ridge,H1,125,2024-02-06,2024-02-07,62322.0,-0.0002727768685215,0.0003218848587394509,62305.0,62342.06050816636,0.0,62322.0,37.060508166359796,1373.481265548821,Down,Up,2582
Ridge,H2,125,2024-02-06,2024-02-08,62322.0,-0.0016527069092776,0.0006418234247928203,62219.0,62361.99971947994,0.0,62322.0,142.99971947994345,20448.91977134252,Down,Up,2581
Ridge,H3,125,2024-02-06,2024-02-09,62322.0,-0.0034819164981868,0.0009646079656324028,62105.0,62382.116297634144,0.0,62322.0,277.11629763414385,76793.44241445539,Down,Up,2580
Ridge,H4,125,2024-02-06,2024-02-12,62322.0,-0.0074772953371201,0.0012885791946763067,61856.0,62402.30683257062,0.0,62322.0,546.306832570619,298451.15531334234,Down,Up,2579
Ridge,H5,125,2024-02-06,2024-02-13,62322.0,-0.0169282115464843,0.001601737133894905,61267.0,62421.823461658605,0.0,62322.0,1154.823461658605,1333617.2275971638,Down,Up,2578
Ridge,H6,125,2024-02-06,2024-02-14,62322.0,-0.018484644266872,0.0019107548713393784,61170.0,62441.08206509161,0.0,62322.0,1271.0820650916066,1615649.6161975432,Down,Up,2577
Ridge,H7,125,2024-02-06,2024-02-15,62322.0,-0.0163024293186996,0.002219083608197576,61306.0,62460.297728630096,0.0,62322.0,1154.2977286300957,1332403.246320598,Down,Up,2576
Ridge,H1,126,2024-02-07,2024-02-08,62305.0,-0.0013803065564561,0.00032165489295220897,62219.0,62325.04070810538,0.0,62305.0,106.04070810537814,11244.63177549001,Down,Up,2583
Ridge,H2,126,2024-02-07,2024-02-09,62305.0,-0.0032100152475724,0.0006401075812135318,62105.0,62344.881902847505,0.0,62305.0,239.88190284750453,57543.3273137396,Down,Up,2582
Ridge,H3,126,2024-02-07,2024-02-12,62305.0,-0.0072064842308,0.0009621689008735983,61856.0,62364.94793336893,0.0,62305.0,508.94793336893053,259027.99888050536,Down,Up,2581
Ridge,H4,126,2024-02-07,2024-02-13,62305.0,-0.0166599791349009,0.0012833243521058108,61267.0,62384.95752375795,0.0,62305.0,1117.9575237579484,1249829.0249270038,Down,Up,2580
Ridge,H5,126,2024-02-07,2024-02-14,62305.0,-0.0182168365299735,0.0015976624380978014,61170.0,62404.54235820568,0.0,62305.0,1234.5423582056828,1524094.8342040484,Down,Up,2579
Ridge,H6,126,2024-02-07,2024-02-15,62305.0,-0.0160340261616243,0.0019096036641433076,61306.0,62423.97785629445,0.0,62305.0,1117.9778562944484,1249874.4871647304,Down,Up,2578
Ridge,H7,126,2024-02-07,2024-02-16,62305.0,-0.0129524115239547,0.0022186656185570943,61498.0,62443.233961364196,0.0,62305.0,945.2339613641961,893467.2417162507,Down,Up,2577
Ridge,H1,127,2024-02-08,2024-02-09,62219.0,-0.001832237740883,0.00032099611371611285,62105.0,62238.9720571993,0.0,62219.0,133.97205719930207,17948.512110213065,Down,Up,2584
Ridge,H2,127,2024-02-08,2024-02-12,62219.0,-0.0058342307012327,0.0006392198521322816,61856.0,62258.77161997982,0.0,62219.0,402.7716199798233,162224.97786117118,Down,Up,2583
Ridge,H3,127,2024-02-08,2024-02-13,62219.0,-0.0153007923624616,0.0009597959487952014,61267.0,62278.71754413809,0.0,62219.0,1011.7175441380896,1023572.3891168073,Down,Up,2582
Ridge,H4,127,2024-02-08,2024-02-14,62219.0,-0.0168598016683007,0.0012802290297604818,61170.0,62298.65457000266,0.0,62219.0,1128.6545700026618,1273861.1383878933,Down,Up,2581
Ridge,H5,127,2024-02-08,2024-02-15,62219.0,-0.014673974187949,0.0015917587207364805,61306.0,62318.03763584551,0.0,62219.0,1012.0376358455105,1024220.1763677702,Down,Up,2580
Ridge,H6,127,2024-02-08,2024-02-16,62219.0,-0.0115881000980407,0.0019048788183443608,61498.0,62337.51965519857,0.0,62219.0,839.5196551985719,704793.251464729,Down,Up,2579
Ridge,H7,127,2024-02-08,2024-02-19,62219.0,-0.0092897667914945,0.002216859738928714,61641.0,62356.93079609641,0.0,62219.0,715.930796096407,512556.9047992351,Down,Up,2578
Ridge,H1,128,2024-02-09,2024-02-12,62105.0,-0.004009339022623,0.00032016318888693923,61856.0,62124.883734845826,0.0,62105.0,268.88373484582553,72298.46286464021,Down,Up,2585
Ridge,H2,128,2024-02-09,2024-02-13,62105.0,-0.0134932775138877,0.0006377302391450993,61267.0,62144.606236502106,0.0,62105.0,877.6062365021062,770192.7063473908,Down,Up,2584
Ridge,H3,128,2024-02-09,2024-02-14,62105.0,-0.0150551485387649,0.0009580762533312534,61170.0,62164.501325713136,0.0,62105.0,994.5013257131359,989032.8868451848,Down,Up,2583
Ridge,H4,128,2024-02-09,2024-02-15,62105.0,-0.0128653087513083,0.0012770271266357481,61306.0,62184.309769699714,0.0,62105.0,878.3097696997138,771428.0515499642,Down,Up,2582
Ridge,H5,128,2024-02-09,2024-02-16,62105.0,-0.0097737702278399,0.0015878390737685203,61498.0,62203.61274567639,0.0,62105.0,705.6127456763934,497889.34686097864,Down,Up,2581
Ridge,H6,128,2024-02-09,2024-02-19,62105.0,-0.0074712180983818,0.0018981556380952799,61641.0,62222.88495590391,0.0,62105.0,581.8849559039081,338590.1019072931,Down,Up,2580
Ridge,H7,128,2024-02-09,2024-02-20,62105.0,-0.0047500201272039,0.0022113125114782764,61810.0,62242.33356352535,0.0,62105.0,432.3335635253534,186912.31015053077,Down,Up,2579
Ridge,H1,129,2024-02-12,2024-02-13,61856.0,-0.0095221158820486,0.00031848912944356663,61267.0,61875.70046359087,0.0,61856.0,608.700463590867,370516.2543757364,Down,Up,2586
Ridge,H2,129,2024-02-12,2024-02-14,61856.0,-0.0110902741852043,0.0006352265554972194,61170.0,61895.292573816834,0.0,61856.0,725.2925738168342,526049.3176338478,Down,Up,2585
Ridge,H3,129,2024-02-12,2024-02-15,61856.0,-0.0088916192446973,0.0009549166983516729,61306.0,61915.06732729323,0.0,61856.0,609.0673272932327,370963.0091761218,Down,Up,2584
Ridge,H4,129,2024-02-12,2024-02-16,61856.0,-0.0057876357992757,0.001273638009269689,61498.0,61934.78215270139,0.0,61856.0,436.78215270138753,190778.6489184582,Down,Up,2583
Ridge,H5,129,2024-02-12,2024-02-19,61856.0,-0.0034758147956543,0.001582976079019527,61641.0,61953.91656834383,0.0,61856.0,312.9165683438332,97916.77874408083,Down,Up,2582
Ridge,H6,129,2024-02-12,2024-02-20,61856.0,-0.0007436627004655,0.0018925769914491276,61810.0,61973.06724238308,0.0,61856.0,163.06724238307652,26590.925538421026,Down,Up,2581
Ridge,H7,129,2024-02-12,2024-02-21,61856.0,-0.0018106570098292,0.0022029406184307467,61744.0,61992.26509489365,0.0,61856.0,248.2650948936498,61635.557342552944,Down,Up,2580
Ridge,H1,130,2024-02-13,2024-02-14,61267.0,-0.0015832340411641,0.0003146851749268293,61170.0,61286.27981661224,0.0,61267.0,116.27981661223748,13520.99575137558,Down,Up,2587
Ridge,H2,130,2024-02-13,2024-02-15,61267.0,0.0006365580165506,0.0006297629384764928,61306.0,61305.583685951635,0.0,61267.0,0.41631404836516595,0.17331738686619372,Up,Up,2586
Ridge,H3,130,2024-02-13,2024-02-16,61267.0,0.0037703820980299,0.0009486279659136525,61498.0,61325.11958958763,0.0,61267.0,172.8804104123701,29887.63630434953,Up,Up,2585
Ridge,H4,130,2024-02-13,2024-02-19,61267.0,0.006104428158715,0.0012666975107285385,61641.0,61344.6067563898,0.0,61267.0,296.3932436101968,87848.95485777347,Up,Up,2584
Ridge,H5,130,2024-02-13,2024-02-20,61267.0,0.008862846230434,0.0015758093374174705,61810.0,61363.54511067555,0.0,61267.0,446.45488932445005,199321.96820170694,Up,Up,2583
Ridge,H6,130,2024-02-13,2024-02-21,61267.0,0.0077855942024254,0.001883948360228879,61744.0,61382.423864186145,0.0,61267.0,361.5761358138552,130737.30199007948,Up,Up,2582
Ridge,H7,130,2024-02-13,2024-02-22,61267.0,0.0064308681672025,0.0021936006505913004,61661.0,61401.39533105978,0.0,61267.0,259.604668940221,67394.58413556176,Up,Up,2581
Ridge,H1,131,2024-02-14,2024-02-15,61170.0,0.0022233120810855,0.00031395156686757223,61306.0,61189.20441734529,0.0,61170.0,116.79558265471132,13641.208127653505,Up,Up,2588
Ridge,H2,131,2024-02-14,2024-02-16,61170.0,0.0053621056073238,0.0006252322624082555,61498.0,61208.24545749152,0.0,61170.0,289.7545425084827,83957.69490430011,Up,Up,2587
Ridge,H3,131,2024-02-14,2024-02-19,61170.0,0.0076998528690535,0.0009424390589963644,61641.0,61227.6489972388,0.0,61170.0,413.3510027611992,170859.0514836889,Up,Up,2586
Ridge,H4,131,2024-02-14,2024-02-20,61170.0,0.0104626450874611,0.0012596850517986463,61810.0,61247.05493461853,0.0,61170.0,562.9450653814711,316907.14663734875,Up,Up,2585
Ridge,H5,131,2024-02-14,2024-02-21,61170.0,0.0093836848128168,0.0015681493384630469,61744.0,61265.92369503378,0.0,61170.0,478.07630496622005,228556.95337015422,Up,Up,2584
Ridge,H6,131,2024-02-14,2024-02-22,61170.0,0.0080268105280365,0.0018760624680553132,61661.0,61284.75874117095,0.0,61170.0,376.24125882905355,141557.48484527087,Up,Up,2583
Ridge,H7,131,2024-02-14,2024-02-23,61170.0,0.0120974333823768,0.002184254547866077,61910.0,61303.61085069297,0.0,61170.0,606.3891493070332,367707.80039730744,Up,Up,2582
Ridge,H1,132,2024-02-15,2024-02-16,61306.0,0.0031318304896748,0.0003146893037852738,61498.0,61325.29234245786,0.0,61306.0,172.7076575421379,29827.93497369238,Up,Up,2589
Ridge,H2,132,2024-02-15,2024-02-19,61306.0,0.0054643917397971,0.0006252371626996542,61641.0,61344.33078949646,0.0,61306.0,296.66921050353994,88012.6204607937,Up,Up,2588
Ridge,H3,132,2024-02-15,2024-02-20,61306.0,0.0082210550353962,0.0009386382445883351,61810.0,61363.544156222735,0.0,61306.0,446.4558437772648,199322.8204428695,Up,Up,2587
Ridge,H4,132,2024-02-15,2024-02-21,61306.0,0.0071444883045705,0.001254223363211799,61744.0,61382.89141750506,0.0,61306.0,361.1085824949405,130399.40835150525,Up,Up,2586
Ridge,H5,132,2024-02-15,2024-02-22,61306.0,0.0057906240824714,0.0015618665661867976,61661.0,61401.75179170664,0.0,61306.0,259.2482082933566,67209.6335033156,Up,Up,2585
Ridge,H6,132,2024-02-15,2024-02-23,61306.0,0.0098522167487684,0.0018691315147936092,61910.0,61420.58897664594,0.0,61306.0,489.4110233540632,239523.1497804714,Up,Up,2584
Ridge,H7,132,2024-02-15,2024-02-26,61306.0,0.0075033438815124,0.002177097591579041,61766.0,61439.46914494935,0.0,61306.0,326.53085505065246,106622.3993001102,Up,Up,2583
Ridge,H1,133,2024-02-16,2024-02-19,61498.0,0.0023252788708576,0.0003157770345683819,61641.0,61517.419656071885,0.0,61498.0,123.58034392811533,15272.101405391271,Up,Up,2590
Ridge,H2,133,2024-02-16,2024-02-20,61498.0,0.0050733357182346,0.000627066812281568,61810.0,61536.563354821694,0.0,61498.0,273.4366451783062,74767.59892636693,Up,Up,2589
Ridge,H3,133,2024-02-16,2024-02-21,61498.0,0.0040001300855312,0.0009397324896793413,61744.0,61555.7916686503,0.0,61498.0,188.2083313496987,35422.375989437984,Up,Up,2588
Ridge,H4,133,2024-02-16,2024-02-22,61498.0,0.0026504926989494,0.0012515014210763727,61661.0,61574.96483439335,0.0,61498.0,86.03516560664866,7402.0497209634605,Up,Up,2587
Ridge,H5,133,2024-02-16,2024-02-23,61498.0,0.0066994048586945,0.00155748301284441,61910.0,61593.782090323904,0.0,61498.0,316.2179096760956,99993.76639991935,Up,Up,2586
Ridge,H6,133,2024-02-16,2024-02-26,61498.0,0.0043578652964324,0.001863925596831338,61766.0,61612.627696353935,0.0,61498.0,153.37230364606512,23523.0635257008,Up,Up,2585
Ridge,H7,133,2024-02-16,2024-02-27,61498.0,0.0055448957689681,0.002171242508112972,61839.0,61631.527071763936,0.0,61498.0,207.47292823606404,43045.01595084698,Up,Up,2584
Ridge,H1,134,2024-02-19,2024-02-20,61641.0,0.0027416816729124,0.0003165525581702543,61810.0,61660.51261623818,0.0,61641.0,149.48738376182155,22346.47790395411,Up,Up,2591
Ridge,H2,134,2024-02-19,2024-02-21,61641.0,0.0016709657533136,0.0006289344681990514,61744.0,61679.768149554264,0.0,61641.0,64.2318504457362,4125.730611683422,Up,Up,2590
Ridge,H3,134,2024-02-19,2024-02-22,61641.0,0.0003244593695754,0.0009423435366979384,61661.0,61699.0869979456,0.0,61641.0,38.08699794559652,1450.6194125078737,Up,Up,2589
Ridge,H4,134,2024-02-19,2024-02-23,61641.0,0.0043639785207896,0.001253376476124194,61910.0,61718.259379364776,0.0,61641.0,191.74062063522433,36764.46560158102,Up,Up,2588
Ridge,H5,134,2024-02-19,2024-02-26,61641.0,0.0020278710598464,0.0015555372949772634,61766.0,61736.8848743997,0.0,61641.0,29.115125600299507,847.6905387212157,Up,Up,2587
Ridge,H6,134,2024-02-19,2024-02-27,61641.0,0.0032121477587969,0.0018603156425669057,61839.0,61755.671716523466,0.0,61641.0,83.32828347653412,6943.60282714563,Up,Up,2586
Ridge,H7,134,2024-02-19,2024-02-28,61641.0,0.0024496682402945,0.002166808665942709,61792.0,61774.564252977376,0.0,61641.0,17.435747022624128,304.00527423694615,Up,Up,2585
Ridge,H1,135,2024-02-20,2024-02-21,61810.0,-0.0010677883837566,0.0003174881709164966,61744.0,61829.623943844344,0.0,61810.0,85.62394384434447,7331.459759459454,Down,Up,2592
Ridge,H2,135,2024-02-20,2024-02-22,61810.0,-0.00241061316939,0.0006306497769443653,61661.0,61848.980462712934,0.0,61810.0,187.98046271293424,35336.65436176886,Down,Up,2591
Ridge,H3,135,2024-02-20,2024-02-23,61810.0,0.0016178611875101,0.0009451537013716482,61910.0,61868.41995028178,0.0,61810.0,41.580049718220835,1728.9005345697165,Up,Up,2590
Ridge,H4,135,2024-02-20,2024-02-26,61810.0,-0.0007118589225044,0.001256933474962154,61766.0,61887.69105808741,0.0,61810.0,121.69105808741006,14808.713618433409,Down,Up,2589
Ridge,H5,135,2024-02-20,2024-02-27,61810.0,0.0004691797443778,0.001558360760995147,61839.0,61906.32227863712,0.0,61810.0,67.32227863711887,4532.289200893872,Up,Up,2588
Ridge,H6,135,2024-02-20,2024-02-28,61810.0,-0.0002912150137518,0.001859308858466854,61792.0,61924.923880541835,0.0,61810.0,132.9238805418354,17668.758018300123,Down,Up,2587
Ridge,H7,135,2024-02-20,2024-02-29,61810.0,0.0078142695356737,0.0021641336280477015,62293.0,61943.76509954964,0.0,61810.0,349.23490045036306,121965.01569257499,Up,Up,2586
Ridge,H1,136,2024-02-21,2024-02-22,61744.0,-0.0013442601710287,0.00031695410851564465,61661.0,61763.570014476194,0.0,61744.0,102.57001447619405,10520.607869646656,Down,Up,2593
Ridge,H2,136,2024-02-21,2024-02-23,61744.0,0.0026885203420574,0.0006310512206162659,61910.0,61782.96362656573,0.0,61744.0,127.03637343426817,16138.240175330837,Up,Up,2592
Ridge,H3,136,2024-02-21,2024-02-26,61744.0,0.0003563099248509,0.0009463329431786254,61766.0,61802.43038124363,0.0,61744.0,36.43038124362647,1327.1726775559714,Up,Up,2591
Ridge,H4,136,2024-02-21,2024-02-27,61744.0,0.0015386110391293,0.0012592068133040425,61839.0,61821.74846548064,0.0,61744.0,17.251534519360575,297.6154432726895,Up,Up,2590
Ridge,H5,136,2024-02-21,2024-02-28,61744.0,0.0007774034724021,0.0015613833812937264,61792.0,61840.406055494605,0.0,61744.0,48.406055494604516,2343.146208546732,Up,Up,2589
Ridge,H6,136,2024-02-21,2024-02-29,61744.0,0.0088915522155998,0.0018615987358125941,62293.0,61858.942552344015,0.0,61744.0,434.057447655985,188405.86786562818,Up,Up,2588
Ridge,H7,136,2024-02-21,2024-03-01,61744.0,0.022528504793988,0.0021625972695120247,63135.0,61877.52740580875,0.0,61744.0,1257.4725941912475,1581237.3251420658,Up,Up,2587
Ridge,H1,137,2024-02-22,2024-02-23,61661.0,0.0040382089164949,0.000316313470594613,61910.0,61680.50420491033,0.0,61661.0,229.49579508967145,52668.31996384046,Up,Up,2594
Ridge,H2,137,2024-02-22,2024-02-26,61661.0,0.0017028591816545,0.0006298779172623578,61766.0,61699.83890225632,0.0,61661.0,66.16109774367942,4377.290854648702,Up,Up,2593
Ridge,H3,137,2024-02-22,2024-02-27,61661.0,0.0028867517555666,0.0009460927319179037,61839.0,61719.33702394278,0.0,61661.0,119.66297605721775,14319.227838870267,Up,Up,2592
Ridge,H4,137,2024-02-22,2024-02-28,61661.0,0.0021245195504451,0.0012597434549254248,61792.0,61738.67704117416,0.0,61661.0,53.32295882584003,2843.3379379422313,Up,Up,2591
Ridge,H5,137,2024-02-22,2024-02-29,61661.0,0.0102495905029111,0.0015630159314557696,62293.0,61757.37712534949,0.0,61661.0,535.6228746505076,286891.86384887336,Up,Up,2590
Ridge,H6,137,2024-02-22,2024-03-01,61661.0,0.0239048993691313,0.0018639799157057007,63135.0,61775.93486558233,0.0,61661.0,1359.065134417673,1847058.0395897278,Up,Up,2589
Ridge,H7,137,2024-02-22,2024-03-04,61661.0,0.0315272214203468,0.0021642464283961626,63605.0,61794.44959902134,0.0,61661.0,1810.55040097866,3278092.7544839866,Up,Up,2588
Ridge,H1,138,2024-02-23,2024-02-26,61910.0,-0.0023259570344047,0.00031774754863432694,61766.0,61929.67175073594,0.0,61910.0,163.67175073594262,26788.441988968534,Down,Up,2595
Ridge,H2,138,2024-02-23,2024-02-27,61910.0,-0.0011468260377968,0.0006306713889107545,61839.0,61949.04486568747,0.0,61910.0,110.04486568747234,12109.872464173826,Down,Up,2594
Ridge,H3,138,2024-02-23,2024-02-28,61910.0,-0.0019059925698594,0.0009463516435411706,61792.0,61968.58863025163,0.0,61910.0,176.5886302516301,31183.544334146925,Down,Up,2593
Ridge,H4,138,2024-02-23,2024-02-29,61910.0,0.0061863996123405,0.0012609408645967023,62293.0,61988.064848927184,0.0,61910.0,304.93515107281564,92985.4463598009,Up,Up,2592
Ridge,H5,138,2024-02-23,2024-03-01,61910.0,0.0197867872718462,0.0015649981569077875,63135.0,62006.88903589416,0.0,61910.0,1128.1109641058429,1272634.3473358143,Up,Up,2591
Ridge,H6,138,2024-02-23,2024-03-04,61910.0,0.0273784525924729,0.0018670640389465355,63605.0,62025.58993465117,0.0,61910.0,1579.4100653488276,2494536.154525188,Up,Up,2590
Ridge,H7,138,2024-02-23,2024-03-05,61910.0,0.0368761104829591,0.0021680829502974544,64193.0,62044.226015452914,0.0,61910.0,2148.773984547086,4617229.63666636,Up,Up,2589
Ridge,H1,139,2024-02-26,2024-02-27,61766.0,0.0011818799987048,0.000316729517470006,61839.0,61785.56311537605,0.0,61766.0,53.43688462395221,2855.50063831358,Up,Up,2596
Ridge,H2,139,2024-02-26,2024-02-28,61766.0,0.0004209435611826,0.0006310850373648406,61792.0,61804.97959841787,0.0,61766.0,12.979598417870875,168.4699750891961,Up,Up,2595
Ridge,H3,139,2024-02-26,2024-02-29,61766.0,0.0085322021824305,0.0009461246655766075,62293.0,61824.438336094005,0.0,61766.0,468.5616639059954,219550.03288235498,Up,Up,2594
Ridge,H4,139,2024-02-26,2024-03-01,61766.0,0.0221642975099569,0.0012601804748389777,63135.0,61843.8363072089,0.0,61766.0,1291.1636927911022,1667103.6815819559,Up,Up,2593
Ridge,H5,139,2024-02-26,2024-03-04,61766.0,0.0297736618851796,0.0015651771990795968,63605.0,61862.674734878354,0.0,61766.0,1742.3252651216462,3035697.3294812148,Up,Up,2592
Ridge,H6,139,2024-02-26,2024-03-05,61766.0,0.0392934624226921,0.0018680257639521593,64193.0,61881.380479336265,0.0,61766.0,2311.619520663735,5343584.808313635,Up,Up,2591
Ridge,H7,139,2024-02-26,2024-03-06,61766.0,0.0530388887089985,0.0021701433576717614,65042.0,61900.04107462995,0.0,61766.0,3141.958925370047,9871905.8887125,Up,Up,2590
Ridge,H1,140,2024-02-27,2024-02-28,61839.0,-0.0007600381636184,0.00031706240959455885,61792.0,61858.60682234691,0.0,61839.0,66.60682234691194,4436.468783153088,Down,Up,2597
Ridge,H2,140,2024-02-27,2024-02-29,61839.0,0.0073416452400587,0.0006303997971458279,62293.0,61877.983293055695,0.0,61839.0,415.01670694430504,172238.86704289517,Up,Up,2596
Ridge,H3,140,2024-02-27,2024-03-01,61839.0,0.0209576480861592,0.0009468721760808289,63135.0,61897.55362849666,0.0,61839.0,1237.4463715033417,1531273.5223467862,Up,Up,2595
Ridge,H4,140,2024-02-27,2024-03-04,61839.0,0.0285580297223435,0.0012602875081812348,63605.0,61916.93491921842,0.0,61839.0,1688.0650807815764,2849563.71695411,Up,Up,2594
Ridge,H5,140,2024-02-27,2024-03-05,61839.0,0.0380665922799527,0.001564754182226358,64193.0,61935.762833874694,0.0,61839.0,2257.2371661253055,5095119.6241374,Up,Up,2593
Ridge,H6,140,2024-02-27,2024-03-06,61839.0,0.0517957922993579,0.0018685442041759801,65042.0,61954.54890504204,0.0,61839.0,3087.4510949579635,9532354.263757128,Up,Up,2592
Ridge,H7,140,2024-02-27,2024-03-07,61839.0,0.0550946813499571,0.0021714456948388563,65246.0,61973.28003032315,0.0,61839.0,3272.719969676851,10710695.99992165,Up,Up,2591
Ridge,H1,141,2024-02-28,2024-02-29,61792.0,0.0081078456758156,0.00031664789971089507,62293.0,61811.56630701894,0.0,61792.0,481.4336929810597,231778.40073738128,Up,Up,2598
Ridge,H2,141,2024-02-28,2024-03-01,61792.0,0.0217342050750906,0.0006303193109418007,63135.0,61830.94869086172,0.0,61792.0,1304.0513091382818,1700549.8168652665,Up,Up,2597
Ridge,H3,141,2024-02-28,2024-03-04,61792.0,0.0293403676851371,0.0009457733313221667,63605.0,61850.44122568905,0.0,61792.0,1754.55877431095,3078476.492511543,Up,Up,2596
Ridge,H4,141,2024-02-28,2024-03-05,61792.0,0.0388561626100465,0.0012606207045452423,64193.0,61869.89627457525,0.0,61792.0,2323.1037254247494,5396810.919082349,Up,Up,2595
Ridge,H5,141,2024-02-28,2024-03-06,61792.0,0.0525958052822372,0.0015644509044923087,65042.0,61888.670550290386,0.0,61792.0,3153.329449709614,9943486.618405936,Up,Up,2594
Ridge,H6,141,2024-02-28,2024-03-07,61792.0,0.0558972035214915,0.0018677113574494125,65246.0,61907.40962019952,0.0,61792.0,3338.59037980048,11146185.724096315,Up,Up,2593
Ridge,H7,141,2024-02-28,2024-03-08,61792.0,0.0656233816675297,0.002171553061140686,65847.0,61926.184606753995,0.0,61792.0,3920.8153932460045,15372793.34791482,Up,Up,2592
Ridge,H1,142,2024-02-29,2024-03-01,62293.0,0.0135167675340728,0.0003196457431168389,63135.0,62312.911692275986,0.0,62293.0,822.0883077240142,675829.1856965334,Up,Up,2599
Ridge,H2,142,2024-02-29,2024-03-04,62293.0,0.0210617565376527,0.0006329027816170805,63605.0,62332.425412975266,0.0,62293.0,1272.5745870247338,1619446.0795411717,Up,Up,2598
Ridge,H3,142,2024-02-29,2024-03-05,62293.0,0.0305010193761738,0.0009486947728108902,64193.0,62352.0970434827,0.0,62293.0,1840.9029565172968,3388923.6953141247,Up,Up,2597
Ridge,H4,142,2024-02-29,2024-03-06,62293.0,0.0441301590868958,0.001262518327927051,65042.0,62371.64605420156,0.0,62293.0,2670.353945798437,7130790.195841282,Up,Up,2596
Ridge,H5,142,2024-02-29,2024-03-07,62293.0,0.0474050053778112,0.001567797854734224,65246.0,62390.66283176495,0.0,62293.0,2855.337168235048,8152950.344304543,Up,Up,2595
Ridge,H6,142,2024-02-29,2024-03-08,62293.0,0.0570529594015378,0.0018704190294384026,65847.0,62409.5140126008,0.0,62293.0,3437.4859873992027,11816309.913565872,Up,Up,2594
Ridge,H7,142,2024-02-29,2024-03-11,62293.0,0.057454288603856,0.0021737290001726446,65872.0,62428.408100607754,0.0,62293.0,3443.591899392246,11858325.169559896,Up,Up,2593
Ridge,H1,143,2024-03-01,2024-03-04,63135.0,0.0074443652490694,0.0003247214822817762,63605.0,63155.50129078385,0.0,63135.0,449.4987092161464,202049.08958698172,Up,Up,2600
Ridge,H2,143,2024-03-01,2024-03-05,63135.0,0.0167577413479051,0.0006410217595192062,64193.0,63175.47090878725,0.0,63135.0,1017.529091212753,1035365.4514642509,Up,Up,2599
Ridge,H3,143,2024-03-01,2024-03-06,63135.0,0.0302051160212244,0.0009563964877194873,65042.0,63195.38209225217,0.0,63135.0,1846.61790774783,3409997.697214973,Up,Up,2598
Ridge,H4,143,2024-03-01,2024-03-07,63135.0,0.0334362873208204,0.0012705667026342317,65246.0,63215.217228770816,0.0,63135.0,2030.7827712291837,4124078.663921283,Up,Up,2597
Ridge,H5,143,2024-03-01,2024-03-08,63135.0,0.0429555713946305,0.001574815832356647,65847.0,63234.42599757584,0.0,63135.0,2612.5740024241604,6825542.918142597,Up,Up,2596
Ridge,H6,143,2024-03-01,2024-03-11,63135.0,0.0433515482695809,0.001878909945995743,65872.0,63253.624979440436,0.0,63135.0,2618.3750205595643,6855887.7482902985,Up,Up,2595
Ridge,H7,143,2024-03-01,2024-03-12,63135.0,0.0348301259206462,0.002181575672703979,65334.0,63272.73378009616,0.0,63135.0,2061.2662199038386,4248818.42931666,Up,Up,2594
Ridge,H1,144,2024-03-04,2024-03-05,63605.0,0.009244556245578,0.00032745894706339503,64193.0,63625.82802632797,0.0,63605.0,567.1719736720333,321684.0477190297,Up,Up,2601
Ridge,H2,144,2024-03-04,2024-03-06,63605.0,0.0225925634777139,0.000648876234284338,65042.0,63646.271772881664,0.0,63605.0,1395.7282271183358,1948057.2839748927,Up,Up,2600
Ridge,H3,144,2024-03-04,2024-03-07,63605.0,0.02579985850169,0.0009673178323585869,65246.0,63666.52625072717,0.0,63605.0,1579.473749272831,2494737.3246419737,Up,Up,2599
Ridge,H4,144,2024-03-04,2024-03-08,63605.0,0.0352488011948746,0.001281070184173149,65847.0,63686.482469064336,0.0,63605.0,2160.5175309356637,4667836.001480336,Up,Up,2598
Ridge,H5,144,2024-03-04,2024-03-11,63605.0,0.035641852055656,0.0015856742231371665,65872.0,63705.85680896264,0.0,63605.0,2166.1431910373576,4692176.324077507,Up,Up,2597
Ridge,H6,144,2024-03-04,2024-03-12,63605.0,0.0271833975316406,0.0018887327661782178,65334.0,63725.13284759277,0.0,63605.0,1608.867152407227,2588453.5140949395,Up,Up,2596
Ridge,H7,144,2024-03-04,2024-03-13,63605.0,0.0332049367188114,0.0021928843494412624,65717.0,63744.478409046205,0.0,63605.0,1972.5215909537947,3890841.4267788893,Up,Up,2595
Ridge,H1,145,2024-03-05,2024-03-06,64193.0,0.0132257411244216,0.0003308858529091669,65042.0,64214.2405555558,0.0,64193.0,827.7594444442002,685185.6978665709,Up,Up,2602
Ridge,H2,145,2024-03-05,2024-03-07,64193.0,0.0164036577196891,0.0006550693295921992,65246.0,64235.050865474506,0.0,64193.0,1010.9491345254937,1022018.1525978448,Up,Up,2601
Ridge,H3,145,2024-03-05,2024-03-08,64193.0,0.0257660492577072,0.000978676792168214,65847.0,64255.82419931966,0.0,64193.0,1591.175800680343,2531840.4286707304,Up,Up,2600
Ridge,H4,145,2024-03-05,2024-03-11,64193.0,0.0261554998208526,0.0012955275408329389,65872.0,64276.16379942868,0.0,64193.0,1595.8362005713207,2546693.179053908,Up,Up,2599
Ridge,H5,145,2024-03-05,2024-03-12,64193.0,0.0177745237019613,0.001599715939563373,65334.0,64295.69056530839,0.0,64193.0,1038.3094346916114,1078086.4821696137,Up,Up,2598
Ridge,H6,145,2024-03-05,2024-03-13,64193.0,0.0237409063293505,0.0019031356404730754,65717.0,64315.16798616889,0.0,64193.0,1401.83201383111,1965132.9950017857,Up,Up,2597
Ridge,H7,145,2024-03-05,2024-03-14,64193.0,0.0193479039770692,0.0022062443462893015,65435.0,64334.625443321354,0.0,64193.0,1100.3745566786456,1210824.164985726,Up,Up,2596
Ridge,H1,146,2024-03-06,2024-03-07,65042.0,0.0031364349189755,0.00033583957225742346,65246.0,65063.84367745877,0.0,65042.0,182.15632254123193,33180.92584174532,Up,Up,2603
Ridge,H2,146,2024-03-06,2024-03-08,65042.0,0.0123766181851725,0.0006635002244176894,65847.0,65085.15538159658,0.0,65042.0,761.8446184034183,580407.22259025,Up,Up,2602
Ridge,H3,146,2024-03-06,2024-03-11,65042.0,0.0127609852095569,0.0009899131477775632,65872.0,65106.385930957746,0.0,65042.0,765.6140690422544,586164.9027154379,Up,Up,2601
Ridge,H4,146,2024-03-06,2024-03-12,65042.0,0.004489406844808,0.0013120019581974712,65334.0,65127.335231365076,0.0,65042.0,206.66476863492426,42710.32659492677,Up,Up,2600
Ridge,H5,146,2024-03-06,2024-03-13,65042.0,0.0103779096583744,0.0016193371034648382,65717.0,65147.324923883556,0.0,65042.0,569.675076116444,324529.6923482762,Up,Up,2599
Ridge,H6,146,2024-03-06,2024-03-14,65042.0,0.0060422496233203,0.0019223395639749424,65435.0,65167.032809920056,0.0,65042.0,267.967190079944,71806.41495934082,Up,Up,2598
Ridge,H7,146,2024-03-06,2024-03-15,65042.0,0.0049967713169951,0.002225817643464149,65367.0,65186.7716311662,0.0,65042.0,180.22836883379932,32482.264932492006,Up,Up,2597
Ridge,H1,147,2024-03-07,2024-03-08,65246.0,0.0092112926462923,0.0003369151507651781,65847.0,65267.98236592683,0.0,65246.0,579.0176340731705,335261.42056769197,Up,Up,2604
Ridge,H2,147,2024-03-07,2024-03-11,65246.0,0.0095944578978022,0.0006695470573969216,65872.0,65289.68526730692,0.0,65246.0,582.3147326930775,339090.44791141036,Up,Up,2603
Ridge,H3,147,2024-03-07,2024-03-12,65246.0,0.0013487416853139,0.000999448074776836,65334.0,65311.209989086885,0.0,65246.0,22.79001091311511,519.3845974199058,Up,Up,2602
Ridge,H4,147,2024-03-07,2024-03-13,65246.0,0.0072188333384421,0.001324352963638712,65717.0,65332.40873346556,0.0,65246.0,384.5912665344367,147910.44229456215,Up,Up,2601
Ridge,H5,147,2024-03-07,2024-03-14,65246.0,0.002896729301413,0.0016369470159866867,65435.0,65352.80424500507,0.0,65246.0,82.1957549949293,6756.142139186445,Up,Up,2600
Ridge,H6,147,2024-03-07,2024-03-15,65246.0,0.0018545198173067,0.001943107180657416,65367.0,65372.77997110918,0.0,65246.0,5.779971109179314,33.40806602294755,Up,Up,2599
Ridge,H7,147,2024-03-07,2024-03-18,65246.0,0.0028047696410506,0.0022461678677333547,65429.0,65392.55346869814,0.0,65246.0,36.44653130185907,1328.3496439373928,Up,Up,2598
Ridge,H1,148,2024-03-08,2024-03-11,65847.0,0.0003796680182848,0.00034032156204910787,65872.0,65869.40915389625,0.0,65847.0,2.590846103747026,6.712483533301146,Up,Up,2605
Ridge,H2,148,2024-03-08,2024-03-12,65847.0,-0.0077907877352043,0.0006740426585195503,65334.0,65891.38368693553,0.0,65847.0,557.3836869355291,310676.57446184393,Down,Up,2604
Ridge,H3,148,2024-03-08,2024-03-13,65847.0,-0.001974273695081,0.001008962636738478,65717.0,65913.43716274132,0.0,65847.0,196.4371627413202,38587.55890585992,Down,Up,2603
Ridge,H4,148,2024-03-08,2024-03-14,65847.0,-0.0062569289413336,0.001337390498593455,65435.0,65935.06315216087,0.0,65847.0,500.06315216087387,250063.15614906928,Down,Up,2602
Ridge,H5,148,2024-03-08,2024-03-15,65847.0,-0.0072896259510684,0.0016528324290037756,65367.0,65955.8340569526,0.0,65847.0,588.8340569526044,346725.546627263,Down,Up,2601
Ridge,H6,148,2024-03-08,2024-03-18,65847.0,-0.006348049265722,0.001964303380543981,65429.0,65976.34348469868,0.0,65847.0,547.3434846986784,299584.89024209237,Down,Up,2600
Ridge,H7,148,2024-03-08,2024-03-19,65847.0,-0.0063176758242592,0.002270553055975757,65431.0,65996.50910707682,0.0,65847.0,565.5091070768249,319800.5501868278,Down,Up,2599
Ridge,H1,149,2024-03-11,2024-03-12,65872.0,-0.008167354870051,0.0003403368512075874,65334.0,65894.41866906275,0.0,65872.0,560.4186690627539,314069.0846340685,Down,Up,2606
Ridge,H2,149,2024-03-11,2024-03-13,65872.0,-0.0023530483361671,0.0006774673820827468,65717.0,65916.62613139256,0.0,65872.0,199.62613139256428,39850.592334761335,Down,Up,2605
Ridge,H3,149,2024-03-11,2024-03-14,65872.0,-0.0066340782122904,0.001013475956420162,65435.0,65938.75968820132,0.0,65872.0,503.75968820131675,253773.82345668788,Down,Up,2604
Ridge,H4,149,2024-03-11,2024-03-15,65872.0,-0.0076663832888025,0.0013469252974621796,65367.0,65960.72466319443,0.0,65872.0,593.724663194429,352508.97568533814,Down,Up,2603
Ridge,H5,149,2024-03-11,2024-03-18,65872.0,-0.0067251639543356,0.0016658956547596982,65429.0,65981.73587857033,0.0,65872.0,552.7358785703254,305516.95145890955,Down,Up,2602
Ridge,H6,149,2024-03-11,2024-03-19,65872.0,-0.0066948020403205,0.001980215849388208,65431.0,66002.4407784309,0.0,65872.0,571.4407784309005,326544.56325371354,Down,Up,2601
Ridge,H7,149,2024-03-11,2024-03-20,65872.0,-0.0047971824143794,0.002291777996994203,65556.0,66022.96400021801,0.0,65872.0,466.96400021800946,218055.37749960515,Down,Up,2600
Ridge,H1,150,2024-03-12,2024-03-13,65334.0,0.005862185079744,0.000337073379063728,65717.0,65356.02235214775,0.0,65334.0,360.9776478522472,130304.86224894098,Up,Up,2607
Ridge,H2,150,2024-03-12,2024-03-14,65334.0,0.0015459025928306,0.0006742174194558998,65435.0,65378.049320882725,0.0,65334.0,56.950679117275286,3243.3798519188554,Up,Up,2606
Ridge,H3,150,2024-03-12,2024-03-15,65334.0,0.0005050968867663,0.0010136042599579096,65367.0,65400.2228207201,0.0,65334.0,33.222820720096934,1103.755816599702,Up,Up,2605
Ridge,H4,150,2024-03-12,2024-03-18,65334.0,0.0014540667952367,0.0013481318633282932,65429.0,65422.0788471587,0.0,65334.0,6.921152841299772,47.90235665263191,Up,Up,2604
Ridge,H5,150,2024-03-12,2024-03-19,65334.0,0.001484678727768,0.0016720838833495276,65431.0,65443.24392843476,0.0,65334.0,12.243928434756526,149.9137835154394,Up,Up,2603
Ridge,H6,150,2024-03-12,2024-03-20,65334.0,0.0033979245109743,0.0019899019213280573,65556.0,65464.00825212805,0.0,65334.0,91.99174787195079,8462.481676536563,Up,Up,2602
Ridge,H7,150,2024-03-12,2024-03-21,65334.0,0.0092601095907185,0.0023042881440547805,65939.0,65484.54836160367,0.0,65334.0,454.4516383963273,206526.29164110625,Up,Up,2601
Ridge,H1,151,2024-03-13,2024-03-14,65717.0,-0.0042911271056195,0.00033919170428717364,65435.0,65739.29066123064,0.0,65717.0,304.29066123063967,92592.80651217992,Down,Up,2608
Ridge,H2,151,2024-03-13,2024-03-15,65717.0,-0.0053258669750597,0.0006730561725258646,65367.0,65761.23123248988,0.0,65717.0,394.2312324898812,155418.26467049078,Down,Up,2607
Ridge,H3,151,2024-03-13,2024-03-18,65717.0,-0.0043824276823348,0.0010124578607086964,65429.0,65783.53569323219,0.0,65717.0,354.53569323218835,125695.55777562836,Down,Up,2606
Ridge,H4,151,2024-03-13,2024-03-19,65717.0,-0.0043519941567631,0.0013503855400295766,65431.0,65805.74328653413,0.0,65717.0,374.7432865341252,140432.53080239746,Down,Up,2605
Ridge,H5,151,2024-03-13,2024-03-20,65717.0,-0.0024498988085275,0.0016754273620204962,65556.0,65827.10405994991,0.0,65717.0,271.10405994991015,73497.41132132447,Down,Up,2604
Ridge,H6,151,2024-03-13,2024-03-21,65717.0,0.0033781213384664,0.0019982583138044834,65939.0,65848.31954160829,0.0,65717.0,90.680458391711,8222.94553413083,Up,Up,2603
Ridge,H7,151,2024-03-13,2024-03-22,65717.0,-0.0004717196463623,0.00231616390413785,65686.0,65869.21134328822,0.0,65717.0,183.2113432882179,33566.396309473224,Down,Up,2602
Ridge,H1,152,2024-03-14,2024-03-15,65435.0,-0.0010391992053182,0.0003374172080364594,65367.0,65457.07889500786,0.0,65435.0,90.07889500785677,8114.2073258364835,Down,Up,2609
Ridge,H2,152,2024-03-14,2024-03-18,65435.0,-9.169404752806808e-05,0.0006733912142295007,65429.0,65479.06335410311,0.0,65435.0,50.06335410311294,2506.3394240536754,Down,Up,2608
Ridge,H3,152,2024-03-14,2024-03-19,65435.0,-6.112936501867505e-05,0.001009524928055638,65431.0,65501.05826366733,0.0,65435.0,70.05826366732799,4908.160308080849,Down,Up,2607
Ridge,H4,152,2024-03-14,2024-03-20,65435.0,0.0018491632918162,0.0013474668397589458,65556.0,65523.17149265962,0.0,65435.0,32.8285073403822,1077.7108941975282,Up,Up,2606
Ridge,H5,152,2024-03-14,2024-03-21,65435.0,0.0077022999923588,0.0016758967003556709,65939.0,65544.66230058776,0.0,65435.0,394.33769941223727,155502.221177736,Up,Up,2605
Ridge,H6,152,2024-03-14,2024-03-22,65435.0,0.0038358676549248,0.0019998116296633494,65686.0,65565.85767398702,0.0,65435.0,120.14232601298136,14434.178499809497,Up,Up,2604
Ridge,H7,152,2024-03-14,2024-03-25,65435.0,0.0065255597157485,0.002322707600090501,65862.0,65586.98637181192,0.0,65435.0,275.0136281880841,75632.49568917377,Up,Up,2603
Ridge,H1,153,2024-03-15,2024-03-18,65367.0,0.0009484908287056,0.0003368896618441919,65429.0,65389.02146652576,0.0,65367.0,39.978533474240976,1598.2831387510062,Up,Up,2610
Ridge,H2,153,2024-03-15,2024-03-19,65367.0,0.0009790873070509,0.0006710913919891595,65431.0,65410.86723102016,0.0,65367.0,20.132768979841785,405.32838679567965,Up,Up,2609
Ridge,H3,153,2024-03-15,2024-03-20,65367.0,0.0028913672036348,0.0010093313919948869,65556.0,65432.97696510053,0.0,65367.0,123.02303489946644,15134.667115875338,Up,Up,2608
Ridge,H4,153,2024-03-15,2024-03-21,65367.0,0.0087505928067679,0.0013440091630088533,65939.0,65454.853846958395,0.0,65367.0,484.14615304160543,234397.49750498563,Up,Up,2607
Ridge,H5,153,2024-03-15,2024-03-22,65367.0,0.0048801382960821,0.0016724560242391887,65686.0,65476.32343293644,0.0,65367.0,209.67656706355774,43964.26277555863,Up,Up,2606
Ridge,H6,153,2024-03-15,2024-03-25,65367.0,0.0075726283904722,0.00199975586982266,65862.0,65497.718041942695,0.0,65367.0,364.281958057305,132701.34496606412,Up,Up,2605
Ridge,H7,153,2024-03-15,2024-03-26,65367.0,0.0100968378539629,0.0023237346069847134,66027.0,65518.89556005476,0.0,65367.0,508.10443994523666,258170.1218920626,Up,Up,2604
Ridge,H1,154,2024-03-18,2024-03-19,65429.0,3.0567485365784464e-05,0.00033712399154713123,65431.0,65451.05768564293,0.0,65429.0,20.057685642932483,402.3107533506999,Up,Up,2611
Ridge,H2,154,2024-03-18,2024-03-20,65429.0,0.0019410353207294,0.0006707995129630459,65556.0,65472.88974133367,0.0,65429.0,83.11025866633281,6907.315095584748,Up,Up,2610
Ridge,H3,154,2024-03-18,2024-03-21,65429.0,0.0077947087682832,0.001007265091800625,65939.0,65494.90434769143,0.0,65429.0,444.0956523085697,197220.94839937403,Up,Up,2609
Ridge,H4,154,2024-03-18,2024-03-22,65429.0,0.0039279218695074,0.0013440513644921832,65686.0,65516.939936727365,0.0,65429.0,169.06006327263458,28581.304993747206,Up,Up,2608
Ridge,H5,154,2024-03-18,2024-03-25,65429.0,0.0066178605816993,0.0016692352331086724,65862.0,65538.21639206707,0.0,65429.0,323.78360793292813,104835.82476606412,Up,Up,2607
Ridge,H6,154,2024-03-18,2024-03-26,65429.0,0.0091396781243791,0.001996552809097892,66027.0,65559.63245374647,0.0,65429.0,467.36754625353205,218432.42329104742,Up,Up,2606
Ridge,H7,154,2024-03-18,2024-03-27,65429.0,0.0132357211633984,0.0023239192694639393,66295.0,65581.05171388175,0.0,65429.0,713.9482861182478,509722.1552511834,Up,Up,2605
Ridge,H1,155,2024-03-19,2024-03-20,65431.0,0.001910409438951,0.0003370067537358915,65556.0,65453.05068890369,0.0,65431.0,102.94931109630852,10598.560655204512,Up,Up,2612
Ridge,H2,155,2024-03-19,2024-03-21,65431.0,0.0077639039598966,0.0006709176163314275,65939.0,65474.89881055419,0.0,65431.0,464.10118944581336,215389.91404501876,Up,Up,2611
Ridge,H3,155,2024-03-19,2024-03-22,65431.0,0.00389723525546,0.0010068556290059654,65686.0,65496.879570661484,0.0,65431.0,189.12042933851626,35766.53679318472,Up,Up,2610
Ridge,H4,155,2024-03-19,2024-03-25,65431.0,0.0065870917455028,0.0013418684254648153,65862.0,65518.79979294659,0.0,65431.0,343.2002070534072,117786.38212150158,Up,Up,2609
Ridge,H5,155,2024-03-19,2024-03-26,65431.0,0.0091088322049182,0.0016691645906723143,66027.0,65540.21510833228,0.0,65431.0,486.7848916677176,236959.53075595156,Up,Up,2608
Ridge,H6,155,2024-03-19,2024-03-27,65431.0,0.0132047500420289,0.0019932188851645724,66295.0,65561.4183048752,0.0,65431.0,733.581695124798,538142.103422172,Up,Up,2607
Ridge,H7,155,2024-03-19,2024-03-28,65431.0,0.0330271583805841,0.002320603306036038,67592.0,65582.83939491725,0.0,65431.0,2009.160605082754,4036726.337016498,Up,Up,2606
Ridge,H1,156,2024-03-20,2024-03-21,65556.0,0.0058423332723167,0.00033760902603937476,65939.0,65578.13229731104,0.0,65556.0,360.8677026889636,130225.49884401025,Up,Up,2613
Ridge,H2,156,2024-03-20,2024-03-22,65556.0,0.0019830374031362,0.0006714039048670892,65686.0,65600.01455438747,0.0,65556.0,85.9854456125322,7393.4968571857335,Up,Up,2612
Ridge,H3,156,2024-03-20,2024-03-25,65556.0,0.0046677649643054,0.0010075777067249118,65862.0,65622.05276414206,0.0,65556.0,239.9472358579369,57574.6759958644,Up,Up,2611
Ridge,H4,156,2024-03-20,2024-03-26,65556.0,0.0071846970529012,0.00134206281015408,66027.0,65643.98026958246,0.0,65556.0,383.0197304175381,146704.11388912355,Up,Up,2610
Ridge,H5,156,2024-03-20,2024-03-27,65556.0,0.011272804930136,0.0016675857842013873,66295.0,65665.32025366911,0.0,65556.0,629.6797463308903,396496.5829393344,Up,Up,2609
Ridge,H6,156,2024-03-20,2024-03-28,65556.0,0.0310574165598878,0.001993757502369715,67592.0,65686.70276682534,0.0,65556.0,1905.2972331746569,3630157.5467430027,Up,Up,2608
Ridge,H7,156,2024-03-20,2024-04-01,65556.0,0.0412929403868449,0.002317873129309042,68263.0,65707.95049086498,0.0,65556.0,2555.0495091350167,6528277.99413109,Up,Up,2607
Ridge,H1,157,2024-03-21,2024-03-22,65939.0,-0.003836879540181,0.0003397146370121281,65686.0,65961.40044344994,0.0,65939.0,275.4004434499366,75845.40425242171,Down,Up,2614
Ridge,H2,157,2024-03-21,2024-03-25,65939.0,-0.0011677459470116,0.0006741181305964666,65862.0,65983.4506754134,0.0,65939.0,121.4506754134054,14750.266558372356,Down,Up,2613
Ridge,H3,157,2024-03-21,2024-03-26,65939.0,0.0013345667965847,0.0010101758391811541,66027.0,66005.60998465976,0.0,65939.0,21.39001534023555,457.53275625551214,Up,Up,2612
Ridge,H4,157,2024-03-21,2024-03-27,65939.0,0.0053989293134564,0.0013448998520242381,66295.0,66027.68135134263,0.0,65939.0,267.3186486573686,71459.25992000168,Up,Up,2611
Ridge,H5,157,2024-03-21,2024-03-28,65939.0,0.0250686240313016,0.0016698976745511069,67592.0,66049.11138276222,0.0,65939.0,1542.8886172377825,2380505.2852019165,Up,Up,2610
Ridge,H6,157,2024-03-21,2024-04-01,65939.0,0.0352446958552601,0.001994287961516672,68263.0,66070.50135389445,0.0,65939.0,2192.4986461055523,4807050.31317468,Up,Up,2609
Ridge,H7,157,2024-03-21,2024-04-02,65939.0,0.0434189174843415,0.0023205347256739562,68802.0,66092.01373927623,0.0,65939.0,2709.9862607237737,7344025.533311621,Up,Up,2608
Ridge,H1,158,2024-03-22,2024-03-25,65686.0,0.0026794141826265,0.0003381178081782851,65862.0,65708.209606348,0.0,65686.0,153.7903936520015,23651.485179637588,Up,Up,2615
Ridge,H2,158,2024-03-22,2024-03-26,65686.0,0.0051913649788386,0.000674619097241181,66027.0,65730.31303002138,0.0,65686.0,296.68696997861844,88023.15815509364,Up,Up,2614
Ridge,H3,158,2024-03-22,2024-03-27,65686.0,0.0092713820296561,0.0010112810207340164,66295.0,65752.42700512795,0.0,65686.0,542.5729948720546,294385.4547644305,Up,Up,2613
Ridge,H4,158,2024-03-22,2024-03-28,65686.0,0.0290168376823067,0.0013458892446907265,67592.0,65774.40608092675,0.0,65686.0,1817.593919073246,3303647.654652042,Up,Up,2612
Ridge,H5,158,2024-03-22,2024-04-01,65686.0,0.0392321042535699,0.0016711275314213862,68263.0,65795.76968302895,0.0,65686.0,2467.2303169710503,6087225.43698107,Up,Up,2611
Ridge,H6,158,2024-03-22,2024-04-02,65686.0,0.0474378101878634,0.001994993710751376,68802.0,65817.0431568844,0.0,65686.0,2984.956843115593,8909967.355262607,Up,Up,2610
Ridge,H7,158,2024-03-22,2024-04-03,65686.0,0.0614895107024326,0.0023194648306760555,69725.0,65838.3563668678,0.0,65686.0,3886.643633132204,15105998.730967097,Up,Up,2609
Ridge,H1,159,2024-03-25,2024-03-26,65862.0,0.0025052382253802,0.0003390127183504725,66027.0,65884.32805565599,0.0,65862.0,142.6719443440088,20355.283702899946,Up,Up,2616
Ridge,H2,159,2024-03-25,2024-03-27,65862.0,0.0065743524338768,0.0006739146088053052,66295.0,65906.38536396514,0.0,65862.0,388.6146360348648,151021.33534051044,Up,Up,2615
Ridge,H3,159,2024-03-25,2024-03-28,65862.0,0.0262670432115634,0.0010126799378916875,67592.0,65928.69712606943,0.0,65862.0,1663.3028739305737,2766576.450425706,Up,Up,2614
Ridge,H4,159,2024-03-25,2024-04-01,65862.0,0.0364550119947768,0.0013478949755075748,68263.0,65950.77505887687,0.0,65862.0,2312.2249411231314,5346384.178351869,Up,Up,2613
Ridge,H5,159,2024-03-25,2024-04-02,65862.0,0.0446387901976861,0.001673021313928219,68802.0,65972.18852977794,0.0,65862.0,2829.811470222063,8007832.957000352,Up,Up,2612
Ridge,H6,159,2024-03-25,2024-04-03,65862.0,0.058652940997844,0.0019971299808238035,69725.0,65993.53497479702,0.0,65862.0,3731.4650252029824,13923831.234313093,Up,Up,2611
Ridge,H7,159,2024-03-25,2024-04-04,65862.0,0.0569372323950077,0.002321076168932338,69612.0,66014.87071863822,0.0,65862.0,3597.1292813617765,12939339.06683029,Up,Up,2610
Ridge,H1,160,2024-03-26,2024-03-27,66027.0,0.0040589455828676,0.00033984019733553425,66295.0,66049.43862870948,0.0,66027.0,245.56137129051785,60300.38707007957,Up,Up,2617
Ridge,H2,160,2024-03-26,2024-03-28,66027.0,0.0237024247656261,0.0006756410557760674,67592.0,66071.61055198972,0.0,66027.0,1520.3894480102754,2311584.07362099,Up,Up,2616
Ridge,H3,160,2024-03-26,2024-04-01,66027.0,0.0338649340421342,0.0010128025078134889,68263.0,66093.87231118341,0.0,66027.0,2169.1276888165885,4705114.930390795,Up,Up,2615
Ridge,H4,160,2024-03-26,2024-04-02,66027.0,0.0420282611658866,0.0013501275858615264,68802.0,66116.14487411169,0.0,66027.0,2685.855125888309,7213817.757260504,Up,Up,2614
Ridge,H5,160,2024-03-26,2024-04-03,66027.0,0.0560073909158373,0.0016758667448759797,69725.0,66137.65245356392,0.0,66027.0,3587.3475464360818,12869062.418920975,Up,Up,2613
Ridge,H6,160,2024-03-26,2024-04-04,66027.0,0.0542959698305238,0.00199986411568834,69612.0,66159.04502796655,0.0,66027.0,3452.954972033447,11922898.038890503,Up,Up,2612
Ridge,H7,160,2024-03-26,2024-04-05,66027.0,0.0707892225907582,0.0023240540287235334,70701.0,66180.45031535452,0.0,66027.0,4520.549684645477,20435369.451348323,Up,Up,2611
Ridge,H1,161,2024-03-27,2024-03-28,66295.0,0.0195640696885135,0.00034126093295236496,67592.0,66317.62389355007,0.0,66295.0,1274.3761064499267,1624034.460690475,Up,Up,2618
Ridge,H2,161,2024-03-27,2024-04-01,66295.0,0.0296854966437891,0.0006778952693943683,68263.0,66339.94106688451,0.0,66295.0,1923.0589331154915,3698155.6602352927,Up,Up,2617
Ridge,H3,161,2024-03-27,2024-04-02,66295.0,0.0378158232144203,0.0010159597142451742,68802.0,66362.35304925588,0.0,66295.0,2439.6469507441216,5951877.24427509,Up,Up,2616
Ridge,H4,161,2024-03-27,2024-04-03,66295.0,0.0517384418131081,0.0013516761295656896,69725.0,66384.60936900956,0.0,66295.0,3340.3906309904414,11158209.56760872,Up,Up,2615
Ridge,H5,161,2024-03-27,2024-04-04,66295.0,0.0500339392111019,0.001679538201300869,69612.0,66406.34498505524,0.0,66295.0,3205.6550149447576,10276224.074840473,Up,Up,2614
Ridge,H6,161,2024-03-27,2024-04-05,66295.0,0.0664605173844181,0.0020041523800804727,70701.0,66427.86528203743,0.0,66295.0,4273.134717962574,18259680.317857083,Up,Up,2613
Ridge,H7,161,2024-03-27,2024-04-08,66295.0,0.06504261256505,0.0023282316881393945,70607.0,66449.35011976521,0.0,66295.0,4157.649880234792,17286052.526616383,Up,Up,2612
Ridge,H1,162,2024-03-28,2024-04-01,67592.0,0.0099272103207479,0.0003486004535333076,68263.0,67615.56260185523,0.0,67592.0,647.4373981447716,419175.18451647146,Up,Up,2619
Ridge,H2,162,2024-03-28,2024-04-02,67592.0,0.0179015268079063,0.0006866898764359875,68802.0,67638.41474212806,0.0,67592.0,1163.585257871935,1353930.6523368976,Up,Up,2618
Ridge,H3,162,2024-03-28,2024-04-03,67592.0,0.0315569889927802,0.001025608594925637,69725.0,67661.32293614821,0.0,67592.0,2063.677063851792,4258763.023867953,Up,Up,2617
Ridge,H4,162,2024-03-28,2024-04-04,67592.0,0.0298851935140254,0.001362251163415483,69612.0,67684.07728063758,0.0,67592.0,1927.9227193624247,3716886.0118338065,Up,Up,2616
Ridge,H5,162,2024-03-28,2024-04-05,67592.0,0.0459965676411409,0.0016884821297392782,70701.0,67706.12788411335,0.0,67592.0,2994.872115886654,8969258.990515403,Up,Up,2615
Ridge,H6,162,2024-03-28,2024-04-08,67592.0,0.0446058705172209,0.002015266572320802,70607.0,67728.21589815631,0.0,67592.0,2878.7841018436884,8287397.905027972,Up,Up,2614
Ridge,H7,162,2024-03-28,2024-04-09,67592.0,0.0523434726003078,0.0023399796664932897,71130.0,67750.16390561762,0.0,67592.0,3379.836094382379,11423292.024889935,Up,Up,2613
Ridge,H1,163,2024-04-01,2024-04-02,68263.0,0.0078959319104052,0.00035225678376149804,68802.0,68287.0461048299,0.0,68263.0,514.9538951700961,265177.5141508543,Up,Up,2620
Ridge,H2,163,2024-04-01,2024-04-03,68263.0,0.0214171659610624,0.0006977630174134393,69725.0,68310.63139685769,0.0,68263.0,1414.368603142313,2000438.5455547378,Up,Up,2619
Ridge,H3,163,2024-04-01,2024-04-04,68263.0,0.0197618036124986,0.0010381527189795617,69612.0,68333.8674190557,0.0,68263.0,1278.1325809442933,1633622.8944713206,Up,Up,2618
Ridge,H4,163,2024-04-01,2024-04-05,68263.0,0.0357148089008687,0.001375661355494234,70701.0,68356.90677111011,0.0,68263.0,2344.093228889891,5494773.065727436,Up,Up,2617
Ridge,H5,163,2024-04-01,2024-04-08,68263.0,0.034337781814453,0.0017028342331943357,70607.0,68379.24057326055,0.0,68263.0,2227.759426739445,4962912.063426461,Up,Up,2616
Ridge,H6,163,2024-04-01,2024-04-09,68263.0,0.041999326135681,0.002027974160759286,71130.0,68401.43560013591,0.0,68263.0,2728.564399864088,7445063.684205671,Up,Up,2615
Ridge,H7,163,2024-04-01,2024-04-10,68263.0,0.0419553784627104,0.0023548817367626466,71127.0,68423.75129199662,0.0,68263.0,2703.248708003375,7307553.577321918,Up,Up,2614
Ridge,H1,164,2024-04-02,2024-04-03,68802.0,0.0134153076945437,0.0003551348835601191,69725.0,68826.43399025871,0.0,68802.0,898.566009741291,807420.873862386,Up,Up,2621
Ridge,H2,164,2024-04-02,2024-04-04,68802.0,0.0117729135780937,0.0007043290128526214,69612.0,68850.45924474228,0.0,68802.0,761.5407552577235,579944.321918504,Up,Up,2620
Ridge,H3,164,2024-04-02,2024-04-05,68802.0,0.0276009418330862,0.0010521951981830575,70701.0,68874.39313402539,0.0,68802.0,1826.6068659746088,3336492.6428255825,Up,Up,2619
Ridge,H4,164,2024-04-02,2024-04-08,68802.0,0.026234702479579,0.0013911893540307768,70607.0,68897.71660993603,0.0,68802.0,1709.283390063967,2921649.707548568,Up,Up,2618
Ridge,H5,164,2024-04-02,2024-04-09,68802.0,0.0338362256911135,0.0017192404353397219,71130.0,68920.28718043223,0.0,68802.0,2209.712819567765,4882830.744962122,Up,Up,2617
Ridge,H6,164,2024-04-02,2024-04-10,68802.0,0.0337926223074911,0.0020453325388233093,71127.0,68942.72296933612,0.0,68802.0,2184.277030663885,4771066.146685838,Up,Up,2616
Ridge,H7,164,2024-04-02,2024-04-11,68802.0,0.0394174587948024,0.0023705849075727915,71514.0,68965.10098281082,0.0,68802.0,2548.8990171891783,6496886.199827959,Up,Up,2615
Ridge,H1,165,2024-04-03,2024-04-04,69725.0,-0.0016206525636428,0.0003601159338658488,69612.0,69750.10908348879,0.0,69725.0,138.1090834887873,19074.11894211282,Down,Up,2622
Ridge,H2,165,2024-04-03,2024-04-05,69725.0,0.0139978486912872,0.0007122320176377815,70701.0,69774.6603774298,0.0,69725.0,926.3396225702018,858105.0963435038,Up,Up,2621
Ridge,H3,165,2024-04-03,2024-04-08,69725.0,0.0126496952312655,0.0010638386128837946,70607.0,69799.17614728333,0.0,69725.0,807.8238527166686,652579.377018002,Up,Up,2620
Ridge,H4,165,2024-04-03,2024-04-09,69725.0,0.020150591609896,0.0014104134535058894,71130.0,69823.34107804569,0.0,69725.0,1306.6589219543093,1707357.5383227977,Up,Up,2619
Ridge,H5,165,2024-04-03,2024-04-10,69725.0,0.0201075654356399,0.001739977448386278,71127.0,69846.31992758875,0.0,69725.0,1280.6800724112545,1640141.4478712962,Up,Up,2618
Ridge,H6,165,2024-04-03,2024-04-11,69725.0,0.0256579419146647,0.0020669635624121375,71514.0,69869.1190343892,0.0,69725.0,1644.880965610806,2705633.3910287376,Up,Up,2617
Ridge,H7,165,2024-04-03,2024-04-12,69725.0,0.0305772678379347,0.002393183917161746,71857.0,69891.86474862411,0.0,69725.0,1965.1352513758902,3861756.5562001835,Up,Up,2616
Ridge,H1,166,2024-04-04,2024-04-05,69612.0,0.0156438545078434,0.00035936102775274616,70701.0,69637.01583986393,0.0,69612.0,1063.9841601360677,1132062.2930204533,Up,Up,2623
Ridge,H2,166,2024-04-04,2024-04-08,69612.0,0.0142935126127679,0.0007164506007781177,70607.0,69661.87355922138,0.0,69612.0,945.126440778622,893263.9890588662,Up,Up,2622
Ridge,H3,166,2024-04-04,2024-04-09,69612.0,0.0218065850715394,0.0010709725746246347,71130.0,69686.55254286478,0.0,69612.0,1443.4474571352184,2083540.5615101282,Up,Up,2621
Ridge,H4,166,2024-04-04,2024-04-10,69612.0,0.0217634890536113,0.0014212820651113031,71127.0,69710.93828711653,0.0,69612.0,1416.061712883471,2005230.77469447,Up,Up,2620
Ridge,H5,166,2024-04-04,2024-04-11,69612.0,0.0273228753663161,0.0017584175975243388,71514.0,69734.40696579886,0.0,69612.0,1779.5930342011416,3166951.3673772253,Up,Up,2619
Ridge,H6,166,2024-04-04,2024-04-12,69612.0,0.0322501867494109,0.0020869137262940632,71857.0,69757.27423831477,0.0,69612.0,2099.7257616852294,4408848.274284617,Up,Up,2618
Ridge,H7,166,2024-04-04,2024-04-15,69612.0,0.0390306269034075,0.0024140266595496546,72329.0,69780.04522382456,0.0,69612.0,2548.9547761754366,6497170.45098757,Up,Up,2617
Ridge,H1,167,2024-04-05,2024-04-08,70701.0,-0.001329542722168,0.00036518565524644003,70607.0,70726.81899101158,0.0,70701.0,119.81899101157614,14356.590607032165,Down,Up,2624
Ridge,H2,167,2024-04-05,2024-04-09,70701.0,0.0060678066788306,0.0007215138066005572,71130.0,70752.01174764047,0.0,70701.0,377.9882523595297,142875.11892181152,Up,Up,2623
Ridge,H3,167,2024-04-05,2024-04-10,70701.0,0.0060253744642932,0.0010810909666123688,71127.0,70777.43421243045,0.0,70701.0,349.56578756954696,122196.23983911762,Up,Up,2622
Ridge,H4,167,2024-04-05,2024-04-11,70701.0,0.0114991301396019,0.0014343661175656968,71514.0,70802.41111887802,0.0,70701.0,711.5888811219775,506358.73573642777,Up,Up,2621
Ridge,H5,167,2024-04-05,2024-04-12,70701.0,0.0163505466683639,0.0017753022371887661,71857.0,70826.51564347147,0.0,70701.0,1030.4843565285264,1061898.0090500112,Up,Up,2620
Ridge,H6,167,2024-04-05,2024-04-15,70701.0,0.0230265484222287,0.0021114933812202796,72329.0,70850.28469354566,0.0,70701.0,1478.7153064543381,2186598.9575423473,Up,Up,2619
Ridge,H7,167,2024-04-05,2024-04-16,70701.0,0.0340589242019206,0.002440143982627581,73109.0,70873.52061971575,0.0,70701.0,2235.479380284247,4997368.059676041,Up,Up,2618
Ridge,H1,168,2024-04-08,2024-04-09,70607.0,0.0074071975866416,0.0003645398439178539,71130.0,70632.7390647595,0.0,70607.0,497.26093524049793,247268.43771625467,Up,Up,2625
Ridge,H2,168,2024-04-08,2024-04-10,70607.0,0.0073647088815556,0.000726685846824571,71127.0,70658.30910758676,0.0,70607.0,468.690892413244,219671.15263112306,Up,Up,2624
Ridge,H3,168,2024-04-08,2024-04-11,70607.0,0.0128457518376365,0.001085500842016818,71514.0,70683.64395795227,0.0,70607.0,830.3560420477297,689491.1565651711,Up,Up,2623
Ridge,H4,168,2024-04-08,2024-04-12,70607.0,0.0177036271191242,0.0014438240927392894,71857.0,70708.94408771604,0.0,70607.0,1148.0559122839622,1318032.3777301607,Up,Up,2622
Ridge,H5,168,2024-04-08,2024-04-15,70607.0,0.0243885167193054,0.0017877257188874042,72329.0,70733.22594983349,0.0,70607.0,1595.7740501665103,2546494.819184828,Up,Up,2621
Ridge,H6,168,2024-04-08,2024-04-16,70607.0,0.0354355800416388,0.002127712555077076,73109.0,70757.23140037633,0.0,70607.0,2351.7685996236687,5530815.546175872,Up,Up,2620
Ridge,H7,168,2024-04-08,2024-04-17,70607.0,0.0295721387397849,0.0024640475276911026,72695.0,70780.97900378768,0.0,70607.0,1914.020996212319,3663476.373941598,Up,Up,2619
Ridge,H1,169,2024-04-09,2024-04-10,71130.0,-4.2176296921159206e-05,0.0003672217474590898,71127.0,71156.12048289676,0.0,71130.0,29.120482896760223,848.0025241405046,Down,Up,2626
Ridge,H2,169,2024-04-09,2024-04-11,71130.0,0.0053985660059046,0.0007287204162723208,71514.0,71181.83388320945,0.0,71130.0,332.16611679055495,110334.32914371659,Up,Up,2625
Ridge,H3,169,2024-04-09,2024-04-12,71130.0,0.0102207226205539,0.0010933976780051645,71857.0,71207.77337683651,0.0,71130.0,649.2266231634858,421495.20822426275,Up,Up,2624
Ridge,H4,169,2024-04-09,2024-04-15,71130.0,0.0168564600028118,0.0014509562444385668,72329.0,71233.20651766691,0.0,71130.0,1095.793482333087,1200763.3559236734,Up,Up,2623
Ridge,H5,169,2024-04-09,2024-04-16,71130.0,0.0278222972023056,0.001799948789157585,73109.0,71258.03035737277,0.0,71130.0,1850.9696426272276,3426088.6179275666,Up,Up,2622
Ridge,H6,169,2024-04-09,2024-04-17,71130.0,0.0220019682271896,0.002142925337395997,72695.0,71282.42627924898,0.0,71130.0,1412.5737207510247,1995364.5165563938,Up,Up,2621
Ridge,H7,169,2024-04-09,2024-04-18,71130.0,0.0265148319977506,0.002483085833329503,73016.0,71306.62189532473,0.0,71130.0,1709.3781046752702,2921973.504743219,Up,Up,2620
Ridge,H1,170,2024-04-10,2024-04-11,71127.0,0.0054409717828671,0.0003670660516122574,71514.0,71153.10830705301,0.0,71127.0,360.89169294698513,130242.81403814099,Up,Up,2627
Ridge,H2,170,2024-04-10,2024-04-12,71127.0,0.0102633317868039,0.0007312476030243912,71857.0,71179.01144826031,0.0,71127.0,677.9885517396906,459668.4762900831,Up,Up,2626
Ridge,H3,170,2024-04-10,2024-04-15,71127.0,0.0168993490516962,0.0010952767858790943,72329.0,71204.90375194923,0.0,71127.0,1124.0962480507733,1263592.3748818256,Up,Up,2625
Ridge,H4,170,2024-04-10,2024-04-16,71127.0,0.0278656487691031,0.0014586972809242794,73109.0,71230.7527615003,0.0,71127.0,1878.2472384996945,3527812.6889317282,Up,Up,2624
Ridge,H5,170,2024-04-10,2024-04-17,71127.0,0.0220450743037101,0.001806928826782859,72695.0,71255.52142666258,0.0,71127.0,1439.4785733374156,2072098.5630975214,Up,Up,2623
Ridge,H6,170,2024-04-10,2024-04-18,71127.0,0.0265581284181815,0.0021549964382774653,73016.0,71280.27843166536,0.0,71127.0,1735.721568334644,3012729.362782076,Up,Up,2622
Ridge,H7,170,2024-04-10,2024-04-19,71127.0,0.0297917808989554,0.0024981463285521075,73246.0,71304.68565391093,0.0,71127.0,1941.3143460890715,3768701.390331239,Up,Up,2621
Ridge,H1,171,2024-04-11,2024-04-12,71514.0,0.0047962636686522,0.0003689965399764095,71857.0,71540.38841855987,0.0,71514.0,316.61158144012734,100242.89350201839,Up,Up,2628
Ridge,H2,171,2024-04-11,2024-04-15,71514.0,0.0113963699415498,0.0007330241783115627,72329.0,71566.42149108778,0.0,71514.0,762.5785089122219,581525.9822547877,Up,Up,2627
Ridge,H3,171,2024-04-11,2024-04-16,71514.0,0.0223033252230333,0.001099751106892338,73109.0,71592.64760065831,0.0,71514.0,1516.3523993416893,2299324.598989298,Up,Up,2626
Ridge,H4,171,2024-04-11,2024-04-17,71514.0,0.0165142489582459,0.001462522395333601,72695.0,71618.59082657988,0.0,71514.0,1076.409173420121,1158656.7086229883,Up,Up,2625
Ridge,H5,171,2024-04-11,2024-04-18,71514.0,0.0210028805548563,0.0018166528724991458,73016.0,71643.91611352391,0.0,71514.0,1372.083886476088,1882614.1915273266,Up,Up,2624
Ridge,H6,171,2024-04-11,2024-04-19,71514.0,0.0242190340352936,0.0021639569045205816,73246.0,71668.75321406989,0.0,71514.0,1577.2467859301105,2487707.4237268637,Up,Up,2623
Ridge,H7,171,2024-04-11,2024-04-22,71514.0,0.0059009424728024,0.0025122269266232705,71936.0,71693.65939643054,0.0,71514.0,242.3406035694643,58728.96813841225,Up,Up,2622
Ridge,H1,172,2024-04-12,2024-04-15,71857.0,0.0065686015280348,0.0003706805705740275,72329.0,71883.63599375974,0.0,71857.0,445.36400624025555,198349.09805437038,Up,Up,2629
Ridge,H2,172,2024-04-12,2024-04-16,71857.0,0.0174234938836856,0.0007366501749856228,73109.0,71909.93347162395,0.0,71857.0,1199.0665283760463,1437760.539471784,Up,Up,2628
Ridge,H3,172,2024-04-12,2024-04-17,71857.0,0.0116620510179941,0.0011032230477396948,72695.0,71936.27429854144,0.0,71857.0,758.725701458563,575664.6900537885,Up,Up,2627
Ridge,H4,172,2024-04-12,2024-04-18,71857.0,0.0161292567182043,0.0014687067105811364,73016.0,71962.53685810223,0.0,71857.0,1053.463141897766,1109784.5913371127,Up,Up,2626
Ridge,H5,172,2024-04-12,2024-04-19,71857.0,0.0193300583102551,0.0018221894108030922,73246.0,71987.93706449207,0.0,71857.0,1258.062935507929,1582722.3496988276,Up,Up,2625
Ridge,H6,172,2024-04-12,2024-04-22,71857.0,0.0010994057642261,0.0021754225912798274,71936.0,72013.31934114159,0.0,71857.0,77.31934114158503,5978.2805145688035,Up,Up,2624
Ridge,H7,172,2024-04-12,2024-04-23,71857.0,-0.0037157131525112,0.0025229269414693196,71590.0,72038.28996123315,0.0,71857.0,448.289961233153,200963.88934242184,Down,Up,2623
Ridge,H1,173,2024-04-15,2024-04-16,72329.0,0.0107840561876979,0.00037303744016857655,73109.0,72355.98142500994,0.0,72329.0,753.0185749900556,567036.9742800541,Up,Up,2630
Ridge,H2,173,2024-04-15,2024-04-17,72329.0,0.0050602109803812,0.0007407057259788408,72695.0,72382.57450445433,0.0,72329.0,312.42549554567086,97609.690266958,Up,Up,2629
Ridge,H3,173,2024-04-15,2024-04-18,72329.0,0.0094982648730108,0.001109234405435493,73016.0,72409.22981531074,0.0,72329.0,606.7701846892596,368170.05702783825,Up,Up,2628
Ridge,H4,173,2024-04-15,2024-04-19,72329.0,0.0126781788770755,0.001474564886372302,73246.0,72435.65380366643,0.0,72329.0,810.3461963335722,656660.9579122883,Up,Up,2627
Ridge,H5,173,2024-04-15,2024-04-22,72329.0,-0.0054335052330324,0.0018307835694696389,71936.0,72461.41874479616,0.0,72329.0,525.4187447961594,276064.85738317174,Down,Up,2626
Ridge,H6,173,2024-04-15,2024-04-23,72329.0,-0.0102172019521906,0.002183366706285808,71590.0,72486.92073049895,0.0,72329.0,896.9207304989541,804466.7967987774,Down,Up,2625
Ridge,H7,173,2024-04-15,2024-04-24,72329.0,-0.0088069792199532,0.0025368404105922345,71692.0,72512.48713005774,0.0,72329.0,820.4871300577361,673199.1305903803,Down,Up,2624
Ridge,H1,174,2024-04-16,2024-04-17,73109.0,-0.0056627774966145,0.00037699449672952125,72695.0,73136.5616906614,0.0,73109.0,441.56169066140137,194976.7266597551,Down,Up,2631
Ridge,H2,174,2024-04-16,2024-04-18,73109.0,-0.0012720732057612,0.0007470487556272884,73016.0,73163.61598747516,0.0,73109.0,147.6159874751611,21790.479758266916,Down,Up,2630
Ridge,H3,174,2024-04-16,2024-04-19,73109.0,0.001873914292358,0.0011172961106237374,73246.0,73190.6844013516,0.0,73109.0,55.315598648405285,3059.8154538314566,Up,Up,2629
Ridge,H4,174,2024-04-16,2024-04-22,73109.0,-0.0160445362404081,0.0014846075161926166,71936.0,73217.53817090133,0.0,73109.0,1281.538170901331,1642340.0834771288,Down,Up,2628
Ridge,H5,174,2024-04-16,2024-04-23,73109.0,-0.0207771956941006,0.0018406777681354938,71590.0,73243.57011095062,0.0,73109.0,1653.570110950619,2734294.111829242,Down,Up,2627
Ridge,H6,174,2024-04-16,2024-04-24,73109.0,-0.0193820186297172,0.0021960294994284686,71692.0,73269.54952067373,0.0,73109.0,1577.549520673725,2488662.4901778996,Down,Up,2626
Ridge,H7,174,2024-04-16,2024-04-25,73109.0,-0.0189306378147697,0.0025488491676163476,71725.0,73295.34381379528,0.0,73109.0,1570.3438137952762,2465979.693525093,Down,Up,2625
Ridge,H1,175,2024-04-17,2024-04-18,72695.0,0.0044157094710777,0.0003747000638621408,73016.0,72722.23882114245,0.0,72695.0,293.761178857545,86295.63020377455,Up,Up,2632
Ridge,H2,175,2024-04-17,2024-04-19,72695.0,0.00757961345347,0.0007486886294576068,73246.0,72749.42591991843,0.0,72695.0,496.57408008156926,246585.81700885677,Up,Up,2631
Ridge,H3,175,2024-04-17,2024-04-22,72695.0,-0.0104408831418941,0.0011213058668165376,71936.0,72776.51332998823,0.0,72695.0,840.5133299882291,706462.6578879016,Down,Up,2630
Ridge,H4,175,2024-04-17,2024-04-23,72695.0,-0.0152004952197537,0.0014903246932969228,71590.0,72803.33915357922,0.0,72695.0,1213.339153579218,1472191.901608333,Down,Up,2629
Ridge,H5,175,2024-04-17,2024-04-24,72695.0,-0.0137973725840842,0.0018483663128996048,71692.0,72829.36698911624,0.0,72695.0,1137.3669891162426,1293603.6679313472,Down,Up,2628
Ridge,H6,175,2024-04-17,2024-04-25,72695.0,-0.0133434211431322,0.002203569343765241,71725.0,72855.18847344501,0.0,72695.0,1130.188473445014,1277325.9855079714,Down,Up,2627
Ridge,H7,175,2024-04-17,2024-04-26,72695.0,-0.008088589311507,0.0025591403178858423,72107.0,72881.0367054087,0.0,72695.0,774.0367054086964,599132.8213199491,Down,Up,2626
Ridge,H1,176,2024-04-18,2024-04-19,73016.0,0.0031499945217485,0.0003762348604998193,73246.0,73043.47116457426,0.0,73016.0,202.52883542573545,41017.92917890463,Up,Up,2633
Ridge,H2,176,2024-04-18,2024-04-22,73016.0,-0.0147912786238633,0.0007479209086011556,71936.0,73070.61019306243,0.0,73016.0,1134.6101930624282,1287340.2902011606,Down,Up,2632
Ridge,H3,176,2024-04-18,2024-04-23,73016.0,-0.0195299660348416,0.0011244901377377731,71590.0,73098.10577189707,0.0,73016.0,1508.1057718970696,2274383.019229256,Down,Up,2631
Ridge,H4,176,2024-04-18,2024-04-24,73016.0,-0.0181330119425878,0.00149589123126228,71692.0,73125.22399414185,0.0,73016.0,1433.223994141852,2054131.0173839235,Down,Up,2630
Ridge,H5,176,2024-04-18,2024-04-25,73016.0,-0.0176810562068587,0.0018556525924884144,71725.0,73151.49232969314,0.0,73016.0,1426.4923296931374,2034880.3666733548,Down,Up,2629
Ridge,H6,176,2024-04-18,2024-04-26,73016.0,-0.0124493261750848,0.002212837105604417,72107.0,73177.57251410282,0.0,73016.0,1070.5725141028233,1146125.5079524398,Down,Up,2628
Ridge,H7,176,2024-04-18,2024-04-29,73016.0,-0.0104908513202586,0.0025682595354562703,72250.0,73203.52403824088,0.0,73016.0,953.524038240881,909208.0915031972,Down,Up,2627
Ridge,H1,177,2024-04-19,2024-04-22,73246.0,-0.0178849356961472,0.00037728774622935866,71936.0,73273.63481826031,0.0,73246.0,1337.6348182603106,1789266.9070222941,Down,Up,2634
Ridge,H2,177,2024-04-19,2024-04-23,73246.0,-0.022608743139557,0.00075051538503408,71590.0,73300.9722498922,0.0,73246.0,1710.9722498922056,2927426.039901196,Down,Up,2633
Ridge,H3,177,2024-04-19,2024-04-24,73246.0,-0.021216175627338,0.0011247745526098772,71692.0,73328.38523688047,0.0,73246.0,1636.3852368804655,2677756.643480337,Down,Up,2632
Ridge,H4,177,2024-04-19,2024-04-25,73246.0,-0.020765639079267,0.0015001412665056335,71725.0,73355.87934720647,0.0,73246.0,1630.8793472064717,2659767.445144607,Down,Up,2631
Ridge,H5,177,2024-04-19,2024-04-26,73246.0,-0.0155503372197799,0.0018622968719243626,72107.0,73382.40579668098,0.0,73246.0,1275.4057966809778,1626659.9462074398,Down,Up,2630
Ridge,H6,177,2024-04-19,2024-04-29,73246.0,-0.0135980121781393,0.0022212075682160473,72250.0,73408.69456954155,0.0,73246.0,1158.6945695415488,1342573.1054850752,Down,Up,2629
Ridge,H7,177,2024-04-19,2024-04-30,73246.0,-0.031087021816891,0.002578618698668975,70969.0,73434.8735052027,0.0,73246.0,2465.873505202704,6080532.14366067,Down,Up,2628
Ridge,H1,178,2024-04-22,2024-04-23,71936.0,-0.004809830960854,0.00037035731741730574,71590.0,71962.64202398574,0.0,71936.0,372.6420239857398,138862.07804018867,Down,Up,2635
Ridge,H2,178,2024-04-22,2024-04-24,71936.0,-0.0033919039145907,0.0007446148139085843,71692.0,71989.56461125333,0.0,71936.0,297.5646112533286,88544.6978703446,Down,Up,2634
Ridge,H3,178,2024-04-22,2024-04-25,71936.0,-0.0029331628113878,0.0011203817894269853,71725.0,72016.59578440421,0.0,71936.0,291.5957844042132,85028.10148230838,Down,Up,2633
Ridge,H4,178,2024-04-22,2024-04-26,71936.0,0.0023771129893237,0.0014934751881220962,72107.0,72043.43463113275,0.0,71936.0,63.565368867246434,4040.556119229102,Up,Up,2632
Ridge,H5,178,2024-04-22,2024-04-29,71936.0,0.0043649911032028,0.0018595235397889309,72250.0,72069.76668535825,0.0,71936.0,180.23331464175135,32484.047706752543,Up,Up,2631
Ridge,H6,178,2024-04-22,2024-04-30,71936.0,-0.0134425044483985,0.002220780922222199,70969.0,72095.75409642098,0.0,71936.0,1126.7540964209766,1269574.7938014513,Down,Up,2630
Ridge,H7,178,2024-04-22,2024-05-01,71936.0,-0.0092026245551601,0.0025798825448074656,71274.0,72121.58643074328,0.0,71936.0,847.5864307432785,718402.7575801304,Down,Up,2629
Ridge,H1,179,2024-04-23,2024-04-24,71590.0,0.0014247799972062,0.00036839168703894465,71692.0,71616.37316087511,0.0,71590.0,75.62683912488865,5719.418796021789,Up,Up,2636
Ridge,H2,179,2024-04-23,2024-04-25,71590.0,0.0018857382315966,0.0007357515308296465,71725.0,71642.6724520921,0.0,71590.0,82.32754790790204,6777.825144527907,Up,Up,2635
Ridge,H3,179,2024-04-23,2024-04-26,71590.0,0.0072216790054477,0.0011125415767160858,72107.0,71669.64685147711,0.0,71590.0,437.35314852288866,191277.7765228839,Up,Up,2634
Ridge,H4,179,2024-04-23,2024-04-29,71590.0,0.0092191646878054,0.001487134397131653,72250.0,71696.46395149066,0.0,71590.0,553.5360485093406,306402.1569993351,Up,Up,2633
Ridge,H5,179,2024-04-23,2024-04-30,71590.0,-0.0086743958653443,0.001850922618521422,70969.0,71722.50755025995,0.0,71590.0,753.5075502599502,567773.6282987514,Down,Up,2632
Ridge,H6,179,2024-04-23,2024-05-01,71590.0,-0.0044140243050705,0.0022160533772350296,71274.0,71748.64726127626,0.0,71590.0,474.6472612762591,225290.02263705336,Down,Up,2631
Ridge,H7,179,2024-04-23,2024-05-02,71590.0,-0.0065791311635703,0.0025774883021190105,71119.0,71774.5223875487,0.0,71590.0,655.522387548699,429709.6005775468,Down,Up,2630
Ridge,H1,180,2024-04-24,2024-04-25,71692.0,0.0004603024047313,0.00036879241586399884,71725.0,71718.43946587812,0.0,71692.0,6.560534121876117,43.04060796430083,Up,Up,2637
Ridge,H2,180,2024-04-24,2024-04-26,71692.0,0.0057886514534397,0.0007341861596786958,72107.0,71744.6352741597,0.0,71692.0,362.3647258403071,131308.1945333209,Up,Up,2636
Ridge,H3,180,2024-04-24,2024-04-29,71692.0,0.0077832952072756,0.0011040678239696655,72250.0,71771.15283043604,0.0,71692.0,478.84716956396005,229294.6117994159,Up,Up,2635
Ridge,H4,180,2024-04-24,2024-04-30,71692.0,-0.0100848072309323,0.0014796860810322662,70969.0,71798.08165452136,0.0,71692.0,829.0816545213602,687376.389863876,Down,Up,2634
Ridge,H5,180,2024-04-24,2024-05-01,71692.0,-0.0058304971265971,0.0018449801723413608,71274.0,71824.27031851551,0.0,71692.0,550.2703185155115,302797.42343916243,Down,Up,2633
Ridge,H6,180,2024-04-24,2024-05-02,71692.0,-0.0079925235730625,0.0022078475502549733,71119.0,71850.28500657287,0.0,71692.0,731.2850065728708,534777.7608382837,Down,Up,2632
Ridge,H7,180,2024-04-24,2024-05-03,71692.0,-0.0096802990570774,0.002573161347884155,70998.0,71876.4750833525,0.0,71692.0,878.4750833525031,771718.4720711873,Down,Up,2631
Ridge,H1,181,2024-04-25,2024-04-26,71725.0,0.0053258975252701,0.00036882729576571304,72107.0,71751.45413778881,0.0,71725.0,355.545862211191,126412.8601354992,Up,Up,2638
Ridge,H2,181,2024-04-25,2024-04-29,71725.0,0.0073196235622168,0.0007346227037205553,72250.0,71777.69081342436,0.0,71725.0,472.30918657564325,223075.9677237458,Up,Up,2637
Ridge,H3,181,2024-04-25,2024-04-30,71725.0,-0.0105402579295922,0.001102536323430717,70969.0,71804.07941779807,0.0,71725.0,835.0794177980715,697357.6340299661,Down,Up,2636
Ridge,H4,181,2024-04-25,2024-05-01,71725.0,-0.0062879051934472,0.0014712440004388922,71274.0,71830.52497593149,0.0,71725.0,556.5249759314902,309720.0488355457,Down,Up,2635
Ridge,H5,181,2024-04-25,2024-05-02,71725.0,-0.0084489369118159,0.0018375668157017172,71119.0,71856.79947985621,0.0,71725.0,737.799479856214,544348.0724761,Down,Up,2634
Ridge,H6,181,2024-04-25,2024-05-03,71725.0,-0.0101359358661554,0.0022019411086579917,70998.0,71882.9342260185,0.0,71725.0,884.9342260184931,783108.5843789494,Down,Up,2633
Ridge,H7,181,2024-04-25,2024-05-06,71725.0,-0.0056326246078772,0.0025649915340379952,71321.0,71908.97401777888,0.0,71725.0,587.9740177788772,345713.44558303535,Down,Up,2632
Ridge,H1,182,2024-04-26,2024-04-29,72107.0,0.0019831639091905,0.00037070556152455156,72250.0,72133.73046592485,0.0,72107.0,116.26953407515248,13518.604554053043,Up,Up,2639
Ridge,H2,182,2024-04-26,2024-04-30,72107.0,-0.0157821015990126,0.0007365386965310096,70969.0,72160.10959579077,0.0,72107.0,1191.1095957907673,1418742.069184845,Down,Up,2638
Ridge,H3,182,2024-04-26,2024-05-01,72107.0,-0.0115522764780118,0.0011048570814896936,71274.0,72186.66792957498,0.0,72107.0,912.6679295749782,832962.7496746774,Down,Up,2637
Ridge,H4,182,2024-04-26,2024-05-02,72107.0,-0.0137018597362252,0.0014715874676701829,71119.0,72213.1117575313,0.0,72107.0,1094.1117575312965,1197080.5379682225,Down,Up,2636
Ridge,H5,182,2024-04-26,2024-05-03,72107.0,-0.0153799215055403,0.001830967893037728,70998.0,72239.02560186326,0.0,72107.0,1241.0256018632645,1540144.5444800777,Down,Up,2635
Ridge,H6,182,2024-04-26,2024-05-06,72107.0,-0.0109004673610051,0.0021963789223943654,71321.0,72265.3742949571,0.0,72107.0,944.3742949571024,891842.8089757243,Down,Up,2634
Ridge,H7,182,2024-04-26,2024-05-07,72107.0,-0.013466098991776,0.0025609451818832322,71136.0,72291.66207423006,0.0,72107.0,1155.6620742300584,1335554.829813721,Down,Up,2633
Ridge,H1,183,2024-04-29,2024-04-30,72250.0,-0.0177301038062284,0.000371316722055465,70969.0,72276.8276331685,0.0,72250.0,1307.8276331685047,1710413.1180791329,Down,Up,2640
Ridge,H2,183,2024-04-29,2024-05-01,72250.0,-0.0135086505190311,0.0007390339234895418,71274.0,72303.39520097213,0.0,72250.0,1029.3952009721252,1059654.4797844419,Down,Up,2639
Ridge,H3,183,2024-04-29,2024-05-02,72250.0,-0.0156539792387543,0.0011073890578259201,71119.0,72330.00885942792,0.0,72250.0,1211.0088594279223,1466542.4576129173,Down,Up,2638
Ridge,H4,183,2024-04-29,2024-05-03,72250.0,-0.0173287197231833,0.001474525950723269,70998.0,72356.53449993975,0.0,72250.0,1358.5344999397494,1845615.9875265448,Down,Up,2637
Ridge,H5,183,2024-04-29,2024-05-06,72250.0,-0.0128581314878892,0.0018319298253884658,71321.0,72382.3569298843,0.0,72250.0,1061.3569298843067,1126478.532613441,Down,Up,2636
Ridge,H6,183,2024-04-29,2024-05-07,72250.0,-0.0154186851211072,0.002190385021144913,71136.0,72408.25531777772,0.0,72250.0,1272.2553177777154,1618633.5936136756,Down,Up,2635
Ridge,H7,183,2024-04-29,2024-05-08,72250.0,-0.015515570934256,0.002555990004280069,71129.0,72434.67027780923,0.0,72250.0,1305.6702778092294,1704774.8743544305,Down,Up,2634
Ridge,H1,184,2024-04-30,2024-05-01,70969.0,0.0042976510870944,0.0003644630032370083,71274.0,70994.86557487673,0.0,70969.0,279.1344251232658,77916.02728889609,Up,Up,2641
Ridge,H2,184,2024-04-30,2024-05-02,70969.0,0.0021135988952922,0.000732775621153607,71119.0,71021.00435305765,0.0,70969.0,97.99564694234869,9603.146819649453,Up,Up,2640
Ridge,H3,184,2024-04-30,2024-05-03,70969.0,0.0004086291197564,0.0011029752311439735,70998.0,71047.27704917906,0.0,70969.0,49.27704917905794,2428.227575795295,Up,Up,2639
Ridge,H4,184,2024-04-30,2024-05-06,70969.0,0.004959912074286,0.0014701442585838588,71321.0,71073.33466788744,0.0,70969.0,247.6653321125632,61338.11673042623,Up,Up,2638
Ridge,H5,184,2024-04-30,2024-05-07,70969.0,0.0023531401034253,0.001827945505133687,71136.0,71098.72746455384,0.0,70969.0,37.272535446158145,1389.2418985851152,Up,Up,2637
Ridge,H6,184,2024-04-30,2024-05-08,70969.0,0.0022545054883118,0.002184454098342922,71129.0,71124.0285229053,0.0,70969.0,4.971477094703005,24.715584503156627,Up,Up,2636
Ridge,H7,184,2024-04-30,2024-05-09,70969.0,0.0086939367893024,0.0025432221906496084,71586.0,71149.4899356482,0.0,70969.0,436.5100643517944,190541.03628040772,Up,Up,2635
Ridge,H1,185,2024-05-01,2024-05-02,71274.0,-0.0021747060639223,0.00036595096884592604,71119.0,71300.08278935352,0.0,71274.0,181.082789353517,32790.97660005021,Down,Up,2642
Ridge,H2,185,2024-05-01,2024-05-03,71274.0,-0.003872379829952,0.0007273824850386482,70998.0,71325.84345923865,0.0,71274.0,327.8434592386475,107481.33376556271,Down,Up,2641
Ridge,H3,185,2024-05-01,2024-05-06,71274.0,0.0006594270000279,0.0010981809513108832,71321.0,71352.27174912373,0.0,71274.0,31.271749123727204,977.9222932573332,Up,Up,2640
Ridge,H4,185,2024-05-01,2024-05-07,71274.0,-0.001936189914976,0.0014672036019251287,71136.0,71378.57346952362,0.0,71274.0,242.57346952361695,58841.888116725124,Down,Up,2639
Ridge,H5,185,2024-05-01,2024-05-08,71274.0,-0.0020344024468951,0.0018250415917885935,71129.0,71404.07801441314,0.0,71274.0,275.0780144131422,75667.91401347688,Down,Up,2638
Ridge,H6,185,2024-05-01,2024-05-09,71274.0,0.00437747285125,0.002181951438189273,71586.0,71429.5164068055,0.0,71274.0,156.4835931944981,24487.11493906117,Up,Up,2637
Ridge,H7,185,2024-05-01,2024-05-10,71274.0,0.0185341078092993,0.002538765420269505,72595.0,71454.94796656429,0.0,71274.0,1140.0520334357134,1299718.638940905,Up,Up,2636
Ridge,H1,186,2024-05-02,2024-05-03,71119.0,-0.0017013737538491,0.00036498999484754996,70998.0,71144.95772344356,0.0,71119.0,146.95772344355646,21596.572479712824,Down,Up,2643
Ridge,H2,186,2024-05-02,2024-05-06,71119.0,0.0028403099031202,0.0007279077058014763,71321.0,71170.7680681289,0.0,71119.0,150.23193187109428,22569.63335372111,Up,Up,2642
Ridge,H3,186,2024-05-02,2024-05-07,71119.0,0.0002390359819457,0.001091838160637365,71136.0,71196.65043814636,0.0,71119.0,60.6504381463601,3678.4756473454527,Up,Up,2641
Ridge,H4,186,2024-05-02,2024-05-08,71119.0,0.0001406094011444,0.0014614581357341992,71129.0,71222.93744115529,0.0,71119.0,93.93744115528534,8824.242850802697,Up,Up,2640
Ridge,H5,186,2024-05-02,2024-05-09,71119.0,0.0065664590334508,0.0018211490014600625,71586.0,71248.51829583485,0.0,71119.0,337.48170416515495,113893.90064621717,Up,Up,2639
Ridge,H6,186,2024-05-02,2024-05-10,71119.0,0.0207539476089371,0.0021780946805151536,72595.0,71273.90391558356,0.0,71119.0,1321.0960844164365,1745294.8642604402,Up,Up,2638
Ridge,H7,186,2024-05-02,2024-05-13,71119.0,0.0098426580801191,0.002535308201532531,71819.0,71299.30858398479,0.0,71119.0,519.6914160152082,270079.1678798922,Up,Up,2637
Ridge,H1,187,2024-05-03,2024-05-06,70998.0,0.0045494239274346,0.0003642085591075068,71321.0,71023.85807927953,0.0,70998.0,297.14192072047445,88293.32104945272,Up,Up,2644
Ridge,H2,187,2024-05-03,2024-05-07,70998.0,0.0019437167244147,0.00072616715751097,71136.0,71049.55641584896,0.0,70998.0,86.44358415104216,7472.493240878307,Up,Up,2643
Ridge,H3,187,2024-05-03,2024-05-08,70998.0,0.0018451223978139,0.0010915797831981585,71129.0,71075.4999814475,0.0,70998.0,53.50001855249866,2862.2519851177008,Up,Up,2642
Ridge,H4,187,2024-05-03,2024-05-09,70998.0,0.0082819234344628,0.0014543436269059944,71586.0,71101.25548882307,0.0,70998.0,484.7445111769339,234977.24111616457,Up,Up,2641
Ridge,H5,187,2024-05-03,2024-05-10,70998.0,0.0224935913687709,0.0018146333023559636,72595.0,71126.83533520067,0.0,70998.0,1468.164664799333,2155507.4829653376,Up,Up,2640
Ridge,H6,187,2024-05-03,2024-05-13,70998.0,0.0115637060198878,0.002173428737079022,71819.0,71152.30909347512,0.0,70998.0,666.6909065248765,444476.76484296157,Up,Up,2639
Ridge,H7,187,2024-05-03,2024-05-14,70998.0,0.0171131581171299,0.0025306778152971747,72213.0,71177.67306353047,0.0,70998.0,1035.3269364695298,1071901.8653793817,Up,Up,2638
Ridge,H1,188,2024-05-06,2024-05-07,71321.0,-0.0025939064230731,0.00036579051037278435,71136.0,71347.0885449903,0.0,71321.0,211.08854499029985,44558.373826121846,Down,Up,2645
Ridge,H2,188,2024-05-06,2024-05-08,71321.0,-0.0026920542336759,0.000726966394028467,71129.0,71372.8479701885,0.0,71321.0,243.8479701884935,59461.83256504841,Down,Up,2644
Ridge,H3,188,2024-05-06,2024-05-09,71321.0,0.0037155956871048,0.0010914159367000726,71586.0,71398.8408760214,0.0,71321.0,187.15912397860666,35028.53768843946,Up,Up,2643
Ridge,H4,188,2024-05-06,2024-05-10,71321.0,0.0178629015297038,0.001455669568627204,72595.0,71424.81980930406,0.0,71321.0,1170.1801906959445,1369321.678697197,Up,Up,2642
Ridge,H5,188,2024-05-06,2024-05-13,71321.0,0.0069825156685969,0.0018090770181439268,71819.0,71450.02518201106,0.0,71321.0,368.97481798894296,136142.41630997357,Up,Up,2641
Ridge,H6,188,2024-05-06,2024-05-14,71321.0,0.0125068352939528,0.002168476138478724,72213.0,71475.65788667244,0.0,71321.0,737.3421133275551,543673.3920863451,Up,Up,2640
Ridge,H7,188,2024-05-06,2024-05-15,71321.0,0.0235554745446642,0.0025275839222186017,73001.0,71501.26981291655,0.0,71321.0,1499.730187083449,2249190.634049357,Up,Up,2639
Ridge,H1,189,2024-05-07,2024-05-08,71136.0,-9.840305892938606e-05,0.0003646722137290715,71129.0,71161.94132259584,0.0,71136.0,32.941322595841484,1085.1307343632968,Down,Up,2646
Ridge,H2,189,2024-05-07,2024-05-09,71136.0,0.0063259109311741,0.0007274267783053353,71586.0,71187.74623130153,0.0,71136.0,398.2537686984724,158606.06428253636,Up,Up,2645
Ridge,H3,189,2024-05-07,2024-05-10,71136.0,0.020510008996851,0.0010910934991169075,72595.0,71213.61602715317,0.0,71136.0,1381.3839728468301,1908221.680438092,Up,Up,2644
Ridge,H4,189,2024-05-07,2024-05-13,71136.0,0.0096013270355375,0.001454386703803548,71819.0,71239.45925256176,0.0,71136.0,579.5407474382373,335867.47794127074,Up,Up,2643
Ridge,H5,189,2024-05-07,2024-05-14,71136.0,0.0151400134952766,0.001809283351719649,72213.0,71264.70518050792,0.0,71136.0,948.2948194920755,899263.0646755081,Up,Up,2642
Ridge,H6,189,2024-05-07,2024-05-15,71136.0,0.0262173864147547,0.002161816841744833,73001.0,71289.78300285435,0.0,71136.0,1711.216997145646,2928263.6113201617,Up,Up,2641
Ridge,H7,189,2024-05-07,2024-05-16,71136.0,0.0247413405308141,0.002521525717065332,72896.0,71315.37125340916,0.0,71136.0,1580.628746590839,2498387.234549327,Up,Up,2640
Ridge,H1,190,2024-05-08,2024-05-09,71129.0,0.0064249462244654,0.00036449724114825873,71586.0,71154.92632426563,0.0,71129.0,431.0736757343693,185824.51391114018,Up,Up,2647
Ridge,H2,190,2024-05-08,2024-05-10,71129.0,0.0206104401861406,0.0007261339292712009,72595.0,71180.64918025513,0.0,71129.0,1414.3508197448682,2000388.2413129807,Up,Up,2646
Ridge,H3,190,2024-05-08,2024-05-13,71129.0,0.0097006846715124,0.0010913784559803354,71819.0,71206.62865819542,0.0,71129.0,612.3713418045809,374998.66026354284,Up,Up,2645
Ridge,H4,190,2024-05-08,2024-05-14,71129.0,0.0152399162085787,0.001453889565454568,72213.0,71232.41371090122,0.0,71129.0,980.5862890987773,961549.4703685109,Up,Up,2644
Ridge,H5,190,2024-05-08,2024-05-15,71129.0,0.0263183792827117,0.0018078285746887112,73001.0,71257.58903868904,0.0,71129.0,1743.4109613109613,3039481.78001921,Up,Up,2643
Ridge,H6,190,2024-05-08,2024-05-16,71129.0,0.0248421881370468,0.0021618515313712914,72896.0,71282.77033757491,0.0,71129.0,1613.2296624250885,2602509.943728165,Up,Up,2642
Ridge,H7,190,2024-05-08,2024-05-17,71129.0,0.0346412855516033,0.0025146959006253143,73593.0,71307.86780471557,0.0,71129.0,2285.13219528443,5221829.149925439,Up,Up,2641
Ridge,H1,191,2024-05-09,2024-05-10,71586.0,0.0140949347637806,0.0003667855978864365,72595.0,71612.25671381029,0.0,71586.0,982.7432861897105,965784.3665509513,Up,Up,2648
Ridge,H2,191,2024-05-09,2024-05-13,71586.0,0.0032548263626965,0.0007282494624445894,71819.0,71638.13246601855,0.0,71586.0,180.86753398145083,32713.06484853127,Up,Up,2647
Ridge,H3,191,2024-05-09,2024-05-14,71586.0,0.008758695834381,0.0010923700580721177,72213.0,71664.19840297714,0.0,71586.0,548.8015970228589,301183.19289484044,Up,Up,2646
Ridge,H4,191,2024-05-09,2024-05-15,71586.0,0.0197664347777497,0.0014564706949632509,73001.0,71690.26291116964,0.0,71586.0,1310.7370888303558,1718031.716035476,Up,Up,2645
Ridge,H5,191,2024-05-09,2024-05-16,71586.0,0.0182996675327578,0.0018096282328250064,72896.0,71715.54404667502,0.0,71586.0,1180.4559533249849,1393476.2577403989,Up,Up,2644
Ridge,H6,191,2024-05-09,2024-05-17,71586.0,0.0280362081971334,0.0021626898959263194,73593.0,71740.81831888978,0.0,71586.0,1852.181681110218,3430576.9798402735,Up,Up,2643
Ridge,H7,191,2024-05-09,2024-05-20,71586.0,0.0376749643785097,0.0025170346380212123,74283.0,71766.18444159739,0.0,71586.0,2516.81555840261,6334360.5550174415,Up,Up,2642
Ridge,H1,192,2024-05-10,2024-05-13,72595.0,-0.0106894414215854,0.0003719681737975363,71819.0,72622.00302957682,0.0,72595.0,803.0030295768229,644813.8655095559,Down,Up,2649
Ridge,H2,192,2024-05-10,2024-05-14,72595.0,-0.0052620703905227,0.0007357581130522079,72213.0,72648.41236021703,0.0,72595.0,435.41236021702935,189583.9234297641,Down,Up,2648
Ridge,H3,192,2024-05-10,2024-05-15,72595.0,0.0055926716716028,0.0010997060764043071,73001.0,72674.83316261657,0.0,72595.0,326.16683738342545,106384.8058087059,Up,Up,2647
Ridge,H4,192,2024-05-10,2024-05-16,72595.0,0.0041462910668779,0.0014626715368742341,72896.0,72701.18264021938,0.0,72595.0,194.81735978061624,37953.80367189007,Up,Up,2646
Ridge,H5,192,2024-05-10,2024-05-17,72595.0,0.0137475032715752,0.0018174485384433632,73593.0,72726.9376766483,0.0,72595.0,866.0623233516963,750063.9479293381,Up,Up,2645
Ridge,H6,192,2024-05-10,2024-05-20,72595.0,0.0232522901026241,0.002169721482407015,74283.0,72752.51093101533,0.0,72595.0,1530.4890689846652,2342396.7902815472,Up,Up,2644
Ridge,H7,192,2024-05-10,2024-05-21,72595.0,0.0189406983952062,0.0025230949998551948,73970.0,72778.16408151448,0.0,72595.0,1191.8359184855217,1420472.856592227,Up,Up,2643
Ridge,H1,193,2024-05-13,2024-05-14,71819.0,0.0054860134504797,0.0003677943205594091,72213.0,71845.41462030825,0.0,71819.0,367.58537969175086,135119.01136312864,Up,Up,2650
Ridge,H2,193,2024-05-13,2024-05-15,71819.0,0.0164580403514389,0.0007367091463752707,73001.0,71871.90971418352,0.0,71819.0,1129.0902858164773,1274844.8735251343,Up,Up,2649
Ridge,H3,193,2024-05-13,2024-05-16,71819.0,0.0149960316907782,0.0011029543052782267,72896.0,71898.21307525078,0.0,71819.0,997.7869247492199,995578.7472005055,Up,Up,2648
Ridge,H4,193,2024-05-13,2024-05-17,71819.0,0.0247009844191647,0.0014657463741806786,73593.0,71924.26843884728,0.0,71819.0,1668.7315611527156,2784665.0231871796,Up,Up,2647
Ridge,H5,193,2024-05-13,2024-05-20,71819.0,0.0343084699035074,0.0018194005839055007,74283.0,71949.6675305355,0.0,71819.0,2333.332469464498,5444440.413057293,Up,Up,2646
Ridge,H6,193,2024-05-13,2024-05-21,71819.0,0.0299502917055374,0.0021732732404177056,73970.0,71975.08231085356,0.0,71819.0,1994.917689146445,3979696.586469392,Up,Up,2645
Ridge,H7,193,2024-05-13,2024-05-22,71819.0,0.0168200615436027,0.0025258637851341657,73027.0,72000.40501118456,0.0,71819.0,1026.5949888154428,1053897.271060979,Up,Up,2644
Ridge,H1,194,2024-05-14,2024-05-15,72213.0,0.0109121626299972,0.0003697247067564359,73001.0,72239.698930249,0.0,72213.0,761.3010697510035,579579.3188040224,Up,Up,2651
Ridge,H2,194,2024-05-14,2024-05-16,72213.0,0.0094581308074723,0.0007344453902312002,72896.0,72266.03650496477,0.0,72213.0,629.9634950352338,396854.00507700705,Up,Up,2650
Ridge,H3,194,2024-05-14,2024-05-17,72213.0,0.0191101325246145,0.0011058443486365907,73593.0,72292.8563379481,0.0,72213.0,1300.1436620518944,1690373.5419737105,Up,Up,2649
Ridge,H4,194,2024-05-14,2024-05-20,72213.0,0.0286651987869219,0.0014709479570616608,74283.0,72319.2215648233,0.0,72213.0,1963.778435176704,3856425.7424650644,Up,Up,2648
Ridge,H5,194,2024-05-14,2024-05-21,72213.0,0.0243307991635854,0.0018244329265723043,73970.0,72344.74777492655,0.0,72213.0,1625.2522250734473,2641444.7951061917,Up,Up,2647
Ridge,H6,194,2024-05-14,2024-05-22,72213.0,0.0112722086050987,0.002177178812017865,73027.0,72370.22061355226,0.0,72213.0,656.7793864477426,431359.1624626732,Up,Up,2646
Ridge,H7,194,2024-05-14,2024-05-23,72213.0,-0.0080456427513051,0.0025313784002365717,71632.0,72395.79842841628,0.0,72213.0,763.7984284162812,583388.0392511811,Down,Up,2645
Ridge,H1,195,2024-05-15,2024-05-16,73001.0,-0.0014383364611443,0.00037369998241407426,72896.0,73028.2804724162,0.0,73001.0,132.28047241619788,17498.123382652488,Down,Up,2652
Ridge,H2,195,2024-05-15,2024-05-17,73001.0,0.0081094779523567,0.0007403765591861986,73593.0,73055.04822919716,0.0,73001.0,537.9517708028434,289392.1077099149,Up,Up,2651
Ridge,H3,195,2024-05-15,2024-05-20,73001.0,0.0175614032684483,0.0011075373608640845,74283.0,73081.85133488043,0.0,73001.0,1201.1486651195737,1442758.1157185338,Up,Up,2650
Ridge,H4,195,2024-05-15,2024-05-21,73001.0,0.0132737907699893,0.0014778545094814145,73970.0,73108.88485704665,0.0,73001.0,861.1151429533493,741519.2894235671,Up,Up,2649
Ridge,H5,195,2024-05-15,2024-05-22,73001.0,0.0003561595046643,0.0018336831574342818,73027.0,73134.86070417587,0.0,73001.0,107.86070417586598,11633.931505313672,Up,Up,2648
Ridge,H6,195,2024-05-15,2024-05-23,73001.0,-0.0187531677648251,0.0021862605972896706,71632.0,73160.59920986275,0.0,73001.0,1528.5992098627466,2336615.544393013,Down,Up,2647
Ridge,H7,195,2024-05-15,2024-05-24,73001.0,-0.0222051752715716,0.002539324063192522,71380.0,73186.37319593712,0.0,73001.0,1806.3731959371216,3262984.123000091,Down,Up,2646
Ridge,H1,196,2024-05-16,2024-05-17,72896.0,0.0095615671641791,0.00037301743930028095,73593.0,72923.19147925523,0.0,72896.0,669.808520744773,448643.454462301,Up,Up,2653
Ridge,H2,196,2024-05-16,2024-05-20,72896.0,0.0190271071115013,0.0007436643396909755,74283.0,72950.21015570611,0.0,72896.0,1332.7898442938895,1776328.7690529302,Up,Up,2652
Ridge,H3,196,2024-05-16,2024-05-21,72896.0,0.0147333187006146,0.0011127769460284786,73970.0,72977.11698825768,0.0,72896.0,992.8830117423204,985816.6750065007,Up,Up,2651
Ridge,H4,196,2024-05-16,2024-05-22,72896.0,0.0017970807726075,0.0014788623456594514,73027.0,73003.80314954919,0.0,72896.0,23.196850450811326,538.0938708373056,Up,Up,2650
Ridge,H5,196,2024-05-16,2024-05-23,72896.0,-0.0173397717295873,0.0018398995260502085,71632.0,73030.12131585096,0.0,72896.0,1398.1213158509636,1954743.2138368299,Down,Up,2649
Ridge,H6,196,2024-05-16,2024-05-24,72896.0,-0.0207967515364354,0.0021948170547998287,71380.0,73055.99338402669,0.0,72896.0,1675.9933840266895,2808953.8233012343,Down,Up,2648
Ridge,H7,196,2024-05-16,2024-05-27,72896.0,-0.0122777655838455,0.0025477125565757605,72001.0,73081.71805452416,0.0,72896.0,1080.7180545241572,1167951.5133744793,Down,Up,2647
Ridge,H1,197,2024-05-17,2024-05-20,73593.0,0.0093758917288329,0.0003764790951601839,74283.0,73620.70622605013,0.0,73593.0,662.2937739498739,438633.04301276663,Up,Up,2654
Ridge,H2,197,2024-05-17,2024-05-21,73593.0,0.0051227698286522,0.0007464402246472857,73970.0,73647.93277545247,0.0,73593.0,322.0672245475289,103727.2971277484,Up,Up,2653
Ridge,H3,197,2024-05-17,2024-05-22,73593.0,-0.0076909488674195,0.0011195630898290098,73027.0,73675.39200646979,0.0,73593.0,648.3920064697886,420412.1940539184,Down,Up,2652
Ridge,H4,197,2024-05-17,2024-05-23,73593.0,-0.0266465560583207,0.0014876214312439847,71632.0,73702.47852398954,0.0,73593.0,2070.4785239895427,4286881.318301915,Down,Up,2651
Ridge,H5,197,2024-05-17,2024-05-24,73593.0,-0.0300707947766771,0.0018443924109800773,71380.0,73728.73437070126,0.0,73593.0,2348.7343707012624,5516553.144113455,Down,Up,2650
Ridge,H6,197,2024-05-17,2024-05-27,73593.0,-0.0216324922207274,0.002204572246325366,72001.0,73755.24108532383,0.0,73593.0,1754.2410853238252,3077361.7854381124,Down,Up,2649
Ridge,H7,197,2024-05-17,2024-05-28,73593.0,-0.0196757843816667,0.0025598322307212977,72145.0,73781.38573335546,0.0,73593.0,1636.3857333554624,2677758.2683292944,Down,Up,2648
Ridge,H1,198,2024-05-20,2024-05-21,74283.0,-0.0042136154974893,0.000379868819939213,73970.0,74311.21779555155,0.0,74283.0,341.2177955515508,116429.58400105992,Down,Up,2655
Ridge,H2,198,2024-05-20,2024-05-22,74283.0,-0.0169083101113309,0.0007533287447949727,73027.0,74338.9595191496,0.0,74283.0,1311.9595191496046,1721237.7798872618,Down,Up,2654
Ridge,H3,198,2024-05-20,2024-05-23,74283.0,-0.0356878424403969,0.0011257606211984839,71632.0,74366.6248762245,0.0,74283.0,2734.624876224494,7478173.21366583,Down,Up,2653
Ridge,H4,198,2024-05-20,2024-05-24,74283.0,-0.0390802740869378,0.001497869732347565,71380.0,74394.26625732797,0.0,74283.0,3014.2662573279667,9085801.07006595,Down,Up,2652
Ridge,H5,198,2024-05-20,2024-05-27,74283.0,-0.0307203532436761,0.001856639042348766,72001.0,74420.9167179828,0.0,74283.0,2419.9167179827928,5855996.921972611,Down,Up,2651
Ridge,H6,198,2024-05-20,2024-05-28,74283.0,-0.0287818208742242,0.002212515014013651,72145.0,74447.35225278599,0.0,74283.0,2302.3522527859895,5300825.895908721,Down,Up,2650
Ridge,H7,198,2024-05-20,2024-05-29,74283.0,-0.0308280494864235,0.0025730882967030925,71993.0,74474.13671794398,0.0,74283.0,2481.136717943984,6156039.413129845,Down,Up,2649
Ridge,H1,199,2024-05-21,2024-05-22,73970.0,-0.012748411518183,0.00037813980239770746,73027.0,73997.97100118335,0.0,73970.0,970.9710011833522,942784.6851390013,Down,Up,2656
Ridge,H2,199,2024-05-21,2024-05-23,73970.0,-0.0316074084088143,0.0007549744186807746,71632.0,74025.84545774982,0.0,73970.0,2393.8454577498196,5730496.075589444,Down,Up,2655
Ridge,H3,199,2024-05-21,2024-05-24,73970.0,-0.0350141949438961,0.00113088799889808,71380.0,74053.65178527849,0.0,73970.0,2673.651785278489,7148413.868922852,Down,Up,2654
Ridge,H4,199,2024-05-21,2024-05-27,73970.0,-0.0266188995538732,0.0015023089251084928,72001.0,74081.12579119028,0.0,73970.0,2080.1257911902794,4326923.307174986,Down,Up,2653
Ridge,H5,199,2024-05-21,2024-05-28,73970.0,-0.0246721643909693,0.00186511359738793,72145.0,74107.96245279879,0.0,73970.0,1962.9624527987908,3853221.5910978448,Down,Up,2652
Ridge,H6,199,2024-05-21,2024-05-29,73970.0,-0.0267270515073678,0.002222978200841353,71993.0,74134.43369751624,0.0,73970.0,2141.433697516244,4585738.280858093,Down,Up,2651
Ridge,H7,199,2024-05-21,2024-05-30,73970.0,-0.0286332296877112,0.00257926537572571,71852.0,74160.78825984243,0.0,73970.0,2308.788259842433,5330503.22878625,Down,Up,2650
Ridge,H1,200,2024-05-22,2024-05-23,73027.0,-0.019102523724102,0.0003731991442937539,71632.0,73054.25361391033,0.0,73027.0,1422.2536139103322,2022805.3422810002,Down,Up,2657
Ridge,H2,200,2024-05-22,2024-05-24,73027.0,-0.0225533022032946,0.0007483237361216166,71380.0,73081.64783747775,0.0,73027.0,1701.6478374777507,2895605.3627927057,Down,Up,2656
Ridge,H3,200,2024-05-22,2024-05-27,73027.0,-0.0140495980938556,0.00112756500432428,72001.0,73109.3426895708,0.0,73027.0,1108.3426895707962,1228423.5175250263,Down,Up,2655
Ridge,H4,200,2024-05-22,2024-05-28,73027.0,-0.0120777246771741,0.0015024193286158765,72145.0,73136.71717631083,0.0,73027.0,991.7171763108345,983502.9577899347,Down,Up,2654
Ridge,H5,200,2024-05-22,2024-05-29,73027.0,-0.0141591466170046,0.001864544385842602,71993.0,73163.16208286492,0.0,73027.0,1170.1620828649175,1369279.300174762,Down,Up,2653
Ridge,H6,200,2024-05-22,2024-05-30,73027.0,-0.0160899393375053,0.002226390478402355,71852.0,73189.58661746628,0.0,73027.0,1337.5866174662806,1789137.959224886,Down,Up,2652
Ridge,H7,200,2024-05-22,2024-05-31,73027.0,-0.0181302805811549,0.0025846370606740767,71703.0,73215.74829062985,0.0,73027.0,1512.7482906298537,2288407.3908035443,Down,Up,2651
Ridge,H1,201,2024-05-23,2024-05-24,71632.0,-0.003517980790708,0.00036587161012747625,71380.0,71658.20811517666,0.0,71632.0,278.2081151766615,77399.75535015056,Down,Up,2658
Ridge,H2,201,2024-05-23,2024-05-27,71632.0,0.0051513290149654,0.0007361457041335704,72001.0,71684.7315890785,0.0,71632.0,316.26841092150426,100025.70774681347,Up,Up,2657
Ridge,H3,201,2024-05-23,2024-05-28,71632.0,0.0071616037525128,0.0011137029308852702,72145.0,71711.77676834517,0.0,71632.0,433.2232316548325,187682.36844545667,Up,Up,2656
Ridge,H4,201,2024-05-23,2024-05-29,71632.0,0.0050396470851017,0.0014918164828623508,71993.0,71738.8617983004,0.0,71632.0,254.13820169960673,64586.22556310999,Up,Up,2655
Ridge,H5,201,2024-05-23,2024-05-30,71632.0,0.0030712530712531,0.0018573080615688884,71852.0,71765.04269106631,0.0,71632.0,86.95730893369182,7561.573576989519,Up,Up,2654
Ridge,H6,201,2024-05-23,2024-05-31,71632.0,0.0009911771275408,0.002218482147697813,71703.0,71790.91431320389,0.0,71632.0,87.91431320388801,7728.926466111318,Up,Up,2653
Ridge,H7,201,2024-05-23,2024-06-03,71632.0,0.0025966048693322,0.0025806280786912347,71818.0,71816.85555053281,0.0,71632.0,1.1444494671886787,1.3097645829484506,Up,Up,2652
Ridge,H1,202,2024-05-24,2024-05-27,71380.0,0.0086999159428411,0.0003644107905294216,72001.0,71406.01164222798,0.0,71380.0,594.9883577720175,354011.14588424226,Up,Up,2659
Ridge,H2,202,2024-05-24,2024-05-28,71380.0,0.0107172877556738,0.0007273832853685517,72145.0,71431.9206189096,0.0,71380.0,713.0793810903997,508482.20373626746,Up,Up,2658
Ridge,H3,202,2024-05-24,2024-05-29,71380.0,0.008587839731017,0.00110010549186561,71993.0,71458.52553000937,0.0,71380.0,534.4744699906296,285662.95907176443,Up,Up,2657
Ridge,H4,202,2024-05-24,2024-05-30,71380.0,0.0066124964976184,0.001476540929655749,71852.0,71485.39549155883,0.0,71380.0,366.6045084411744,134398.8656093951,Up,Up,2656
Ridge,H5,202,2024-05-24,2024-05-31,71380.0,0.0045250770523956,0.0018452823242156198,71703.0,71511.71625230252,0.0,71380.0,191.28374769748189,36589.47213319391,Up,Up,2655
Ridge,H6,202,2024-05-24,2024-06-03,71380.0,0.0061361725973663,0.0022098100645880415,71818.0,71537.73624241029,0.0,71380.0,280.2637575897097,78547.77381830357,Up,Up,2654
Ridge,H7,202,2024-05-24,2024-06-04,71380.0,0.0056318296441579,0.002571285519509078,71782.0,71563.53836038256,0.0,71380.0,218.46163961743878,47725.4879843397,Up,Up,2653
Ridge,H1,203,2024-05-27,2024-05-28,72001.0,0.001999972222608,0.00036754454309999936,72145.0,72027.46357464774,0.0,72001.0,117.53642535225663,13814.811284586594,Up,Up,2660
Ridge,H2,203,2024-05-27,2024-05-29,72001.0,-0.0001111095679227,0.0007290475921640005,71993.0,72053.4921556834,0.0,72001.0,60.492155683401506,3659.300899224885,Down,Up,2659
Ridge,H3,203,2024-05-27,2024-05-30,72001.0,-0.0020694157025596,0.001094406416881811,71852.0,72079.79835642192,0.0,72001.0,227.79835642191756,51892.09118852699,Down,Up,2658
Ridge,H4,203,2024-05-27,2024-05-31,72001.0,-0.0041388314051193,0.0014659670834763674,71703.0,72106.55109597738,0.0,72001.0,403.5510959773819,162853.48706454612,Down,Up,2657
Ridge,H5,203,2024-05-27,2024-06-03,72001.0,-0.0025416313662309,0.0018330214753872252,71818.0,72132.97937924936,0.0,72001.0,314.9793792493583,99212.0093523111,Down,Up,2656
Ridge,H6,203,2024-05-27,2024-06-04,72001.0,-0.003041624421883,0.00220083023295356,71782.0,72159.46197760288,0.0,72001.0,377.4619776028849,142477.54453588076,Down,Up,2655
Ridge,H7,203,2024-05-27,2024-06-05,72001.0,0.0067221288593213,0.002565690847128501,72485.0,72185.7323066841,0.0,72001.0,299.2676933158946,89561.15226261634,Up,Up,2654
Ridge,H1,204,2024-05-28,2024-05-29,72145.0,-0.0021068681128283,0.00036815836689209607,71993.0,72171.56078537944,0.0,72145.0,178.5607853794354,31883.95407532079,Down,Up,2661
Ridge,H2,204,2024-05-28,2024-05-30,72145.0,-0.0040612655069651,0.0007328031078532571,71852.0,72197.86808021608,0.0,72145.0,345.8680802160816,119624.72891235784,Down,Up,2660
Ridge,H3,204,2024-05-28,2024-05-31,72145.0,-0.0061265506965139,0.0010966886420730564,71703.0,72224.12060208236,0.0,72145.0,521.1206020823593,271566.68191468064,Down,Up,2659
Ridge,H4,204,2024-05-28,2024-06-03,72145.0,-0.0045325386374661,0.001460872050547981,71818.0,72250.39461408679,0.0,72145.0,432.394614086792,186965.10229126576,Down,Up,2658
Ridge,H5,204,2024-05-28,2024-06-04,72145.0,-0.0050315337168203,0.001823046147183275,71782.0,72276.52366428854,0.0,72145.0,494.52366428854293,244553.65454136752,Down,Up,2657
Ridge,H6,204,2024-05-28,2024-06-05,72145.0,0.0047127313050108,0.00218916545749993,72485.0,72302.93734193133,0.0,72145.0,182.06265806866577,33146.81146302791,Up,Up,2656
Ridge,H7,204,2024-05-28,2024-06-06,72145.0,0.0113382770808787,0.0025573140574773135,72963.0,72329.4974226767,0.0,72145.0,633.5025773233065,401325.5154752719,Up,Up,2655
Ridge,H1,205,2024-05-29,2024-05-30,71993.0,-0.001958523745364,0.00036722864652372566,71852.0,72019.43789194919,0.0,71993.0,167.43789194918645,28035.447660387435,Down,Up,2662
Ridge,H2,205,2024-05-29,2024-05-31,71993.0,-0.0040281694053588,0.00073248581732139,71703.0,72045.73385144642,0.0,71993.0,342.7338514464209,117466.4929272973,Down,Up,2661
Ridge,H3,205,2024-05-29,2024-06-03,71993.0,-0.0024307918825441,0.0010995047486119641,71818.0,72072.15664536682,0.0,71993.0,254.15664536682016,64595.60038411558,Down,Up,2660
Ridge,H4,205,2024-05-29,2024-06-04,71993.0,-0.0029308404983817,0.0014622178975281085,71782.0,72098.26945309674,0.0,71993.0,316.2694530967419,100026.36696211224,Down,Up,2659
Ridge,H5,205,2024-05-29,2024-06-05,71993.0,0.0068339977497813,0.0018170331814436936,72485.0,72123.81366983168,0.0,71993.0,361.1863301683188,130455.56510045781,Up,Up,2658
Ridge,H6,205,2024-05-29,2024-06-06,71993.0,0.0134735321489589,0.0021782822667588387,72963.0,72149.82107523076,0.0,71993.0,813.1789247692359,661259.9636888506,Up,Up,2657
Ridge,H7,205,2024-05-29,2024-06-07,71993.0,-0.0095148139402442,0.0025447439149929216,71308.0,72176.20374867208,0.0,71993.0,868.2037486720801,753777.7492082524,Down,Up,2656
Ridge,H1,206,2024-05-30,2024-05-31,71852.0,-0.0020737070645214,0.0003663553304871045,71703.0,71878.32336320616,0.0,71852.0,175.32336320616014,30738.281685919148,Down,Up,2663
Ridge,H2,206,2024-05-30,2024-06-03,71852.0,-0.000473194900629,0.000730685021559556,71818.0,71904.5011801691,0.0,71852.0,86.50118016909983,7482.454170647069,Down,Up,2662
Ridge,H3,206,2024-05-30,2024-06-04,71852.0,-0.0009742247954127,0.0010983136767855478,71782.0,71930.91603430439,0.0,71852.0,148.91603430439136,22175.985272946666,Down,Up,2661
Ridge,H4,206,2024-05-30,2024-06-05,71852.0,0.008809775649947,0.0014641539320205323,72485.0,71957.20238832354,0.0,71852.0,527.7976116764621,278570.3188913775,Up,Up,2660
Ridge,H5,206,2024-05-30,2024-06-06,71852.0,0.0154623392529087,0.0018175048742622758,72963.0,71982.5913602255,0.0,71852.0,980.4086397744977,961201.1009444809,Up,Up,2659
Ridge,H6,206,2024-05-30,2024-06-07,71852.0,-0.007571118410065,0.0021714089432240476,71308.0,72008.02007538854,0.0,71852.0,700.0200753885438,490028.1059469825,Down,Up,2658
Ridge,H7,206,2024-05-30,2024-06-10,71852.0,-0.0076407058954517,0.0025330090655234757,71303.0,72034.001767376,0.0,71852.0,731.0017673760012,534363.5839068374,Down,Up,2657
Ridge,H1,207,2024-05-31,2024-06-03,71703.0,0.0016038380541958,0.00036543967823897335,71818.0,71729.20312124876,0.0,71703.0,88.79687875123636,7884.885675961772,Up,Up,2664
Ridge,H2,207,2024-05-31,2024-06-04,71703.0,0.0011017670111432,0.0007288982424534631,71782.0,71755.26419067863,0.0,71703.0,26.735809321369743,714.8035000686413,Up,Up,2663
Ridge,H3,207,2024-05-31,2024-06-05,71703.0,0.0109060987685312,0.0010955999999887663,72485.0,71781.5578067992,0.0,71703.0,703.4421932007972,494830.91917514766,Up,Up,2662
Ridge,H4,207,2024-05-31,2024-06-06,71703.0,0.0175724865068407,0.001462048938481245,72963.0,71807.83329503593,0.0,71703.0,1155.1667049640673,1334410.1162575406,Up,Up,2661
Ridge,H5,207,2024-05-31,2024-06-07,71703.0,-0.0055088350557159,0.0018185231458606886,71308.0,71833.39356512766,0.0,71703.0,525.3935651276552,276038.3982775476,Down,Up,2660
Ridge,H6,207,2024-05-31,2024-06-10,71703.0,-0.0055785671450288,0.0021709651329929525,71303.0,71858.66471293099,0.0,71703.0,555.6647129309858,308763.2731966749,Down,Up,2659
Ridge,H7,207,2024-05-31,2024-06-11,71703.0,-0.0049788711769381,0.0025252353073405643,71346.0,71884.06694724225,0.0,71703.0,538.0669472422451,289516.03971458896,Down,Up,2658
Ridge,H1,208,2024-06-03,2024-06-04,71818.0,-0.0005012670918154,0.00036590410914805194,71782.0,71844.2785013108,0.0,71818.0,62.27850131079322,3878.6117255184727,Down,Up,2665
Ridge,H2,208,2024-06-03,2024-06-05,71818.0,0.0092873652844691,0.0007284468293296799,72485.0,71870.3155943888,0.0,71818.0,614.6844056112022,377836.918501597,Up,Up,2664
Ridge,H3,208,2024-06-03,2024-06-06,71818.0,0.0159430783369072,0.0010942757321114032,72963.0,71896.58869452876,0.0,71818.0,1066.4113054712361,1137233.0724368661,Up,Up,2663
Ridge,H4,208,2024-06-03,2024-06-07,71818.0,-0.0071012838007185,0.0014597966942837045,71308.0,71922.83967899007,0.0,71818.0,614.8396789900726,378027.8308606155,Down,Up,2662
Ridge,H5,208,2024-06-03,2024-06-10,71818.0,-0.0071709042301373,0.0018168841988848536,71303.0,71948.48498939551,0.0,71818.0,645.4849893955106,416650.8715349225,Down,Up,2661
Ridge,H6,208,2024-06-03,2024-06-11,71818.0,-0.0065721685371354,0.0021724558718732136,71346.0,71974.0214358062,0.0,71818.0,628.021435806193,394410.92383207224,Down,Up,2660
Ridge,H7,208,2024-06-03,2024-06-12,71818.0,-0.0003063298894427,0.002525262276100772,71796.0,71999.359286145,0.0,71818.0,203.35928614500153,41354.99926140461,Down,Up,2659
Ridge,H1,209,2024-06-04,2024-06-05,71782.0,0.009793541556379,0.0003655788548972448,72485.0,71808.24198136224,0.0,71782.0,676.75801863776,458001.41579050664,Up,Up,2666
Ridge,H2,209,2024-06-04,2024-06-06,71782.0,0.0164525925719538,0.000728587169381836,72963.0,71834.29944419257,0.0,71782.0,1128.7005558074306,1273964.9446800028,Up,Up,2665
Ridge,H3,209,2024-06-04,2024-06-07,71782.0,-0.0066033267392939,0.0010934994188677675,71308.0,71860.49357528517,0.0,71782.0,552.4935752851743,305249.1507313946,Down,Up,2664
Ridge,H4,209,2024-06-04,2024-06-10,71782.0,-0.0066729820846451,0.0014581478739702737,71303.0,71886.66877068934,0.0,71782.0,583.6687706893426,340669.23387800844,Down,Up,2663
Ridge,H5,209,2024-06-04,2024-06-11,71782.0,-0.0060739461146248,0.0018143115977081695,71346.0,71912.23491510667,0.0,71782.0,566.2349151066737,320621.979085862,Down,Up,2662
Ridge,H6,209,2024-06-04,2024-06-12,71782.0,0.0001950349669834,0.002170496621986292,71796.0,71937.80258851941,0.0,71782.0,141.80258851940744,20107.97411080438,Up,Up,2661
Ridge,H7,209,2024-06-04,2024-06-13,71782.0,-0.0104761639408208,0.0025264302289938743,71030.0,71963.35221469763,0.0,71782.0,933.352214697632,871146.3566809746,Down,Up,2660
Ridge,H1,210,2024-06-05,2024-06-06,72485.0,0.0065944678209284,0.0003691138528520678,72963.0,72511.75521762398,0.0,72485.0,451.2447823760158,203621.85362157784,Up,Up,2667
Ridge,H2,210,2024-06-05,2024-06-07,72485.0,-0.0162378423122024,0.0007317974877058164,71308.0,72538.04434089636,0.0,72485.0,1230.044340896362,1513009.0805711655,Down,Up,2666
Ridge,H3,210,2024-06-05,2024-06-10,72485.0,-0.0163068221011243,0.0010971814460753835,71303.0,72564.52919711877,0.0,72485.0,1261.529197118769,1591455.9151831258,Down,Up,2665
Ridge,H4,210,2024-06-05,2024-06-11,72485.0,-0.0157135959163965,0.001460907533484608,71346.0,72590.89388256463,0.0,72485.0,1244.8938825646328,1549760.7788468457,Down,Up,2664
Ridge,H5,210,2024-06-05,2024-06-12,72485.0,-0.0095054149134303,0.0018161965726607376,71796.0,72616.6470085693,0.0,72485.0,820.6470085692999,673461.5126737406,Down,Up,2663
Ridge,H6,210,2024-06-05,2024-06-13,72485.0,-0.0200731185762571,0.0021714515592270215,71030.0,72642.39766627057,0.0,72485.0,1612.3976662705682,2599826.2341947746,Down,Up,2662
Ridge,H7,210,2024-06-05,2024-06-14,72485.0,-0.0109539904807891,0.002528006776203925,71691.0,72668.24257117313,0.0,72485.0,977.2425711731339,955003.0429130777,Down,Up,2661
Ridge,H1,211,2024-06-06,2024-06-07,72963.0,-0.0226827296026753,0.0003714471823615073,71308.0,72990.10190076665,0.0,72963.0,1682.1019007666473,2829466.804562768,Down,Up,2668
Ridge,H2,211,2024-06-06,2024-06-10,72963.0,-0.0227512574866712,0.0007376919050055924,71303.0,73016.82421446491,0.0,72963.0,1713.824214464912,2937193.438086273,Down,Up,2667
Ridge,H3,211,2024-06-06,2024-06-11,72963.0,-0.0221619176843057,0.0011027498634706596,71346.0,73043.4599382884,0.0,72963.0,1697.4599382884044,2881370.2420940734,Down,Up,2666
Ridge,H4,211,2024-06-06,2024-06-12,72963.0,-0.0159944081246659,0.0014669530546274595,71796.0,73070.03329572477,0.0,72963.0,1274.0332957247738,1623160.8386153288,Down,Up,2665
Ridge,H5,211,2024-06-06,2024-06-13,72963.0,-0.0264928799528527,0.0018213188848786154,71030.0,73095.8888897974,0.0,72963.0,2065.8888897973957,4267896.904988316,Down,Up,2664
Ridge,H6,211,2024-06-06,2024-06-14,72963.0,-0.0174334936885819,0.002175695415979792,71691.0,73121.74526463613,0.0,72963.0,1430.7452646361344,2047032.0122787221,Down,Up,2663
Ridge,H7,211,2024-06-06,2024-06-17,72963.0,-0.0229979578690568,0.0025313163808648254,71285.0,73147.69243709705,0.0,72963.0,1862.6924370970519,3469623.1152185546,Down,Up,2662
Ridge,H1,212,2024-06-07,2024-06-10,71308.0,-7.011835979131575e-05,0.00036280930944329457,71303.0,71333.87120623777,0.0,71308.0,30.87120623777446,953.0313745752046,Down,Up,2669
Ridge,H2,212,2024-06-07,2024-06-11,71308.0,0.000532899534414,0.0007313285441620371,71346.0,71360.14957582712,0.0,71308.0,14.149575827119406,200.21049608740182,Up,Up,2668
Ridge,H3,212,2024-06-07,2024-06-12,71308.0,0.0068435519156335,0.0010998595301369499,71796.0,71386.42878337501,0.0,71308.0,409.57121662498685,167748.5814876719,Up,Up,2667
Ridge,H4,212,2024-06-07,2024-06-13,71308.0,-0.0038985808043978,0.0014637383011241907,71030.0,71412.37625077656,0.0,71308.0,382.3762507765641,146211.59715794184,Down,Up,2666
Ridge,H5,212,2024-06-07,2024-06-14,71308.0,0.0053710663600157,0.0018185674277190927,71691.0,71437.67840613579,0.0,71308.0,253.32159386420972,64171.82991790361,Up,Up,2665
Ridge,H6,212,2024-06-07,2024-06-17,71308.0,-0.00032254445504,0.002172036005535235,71285.0,71462.8835434827,0.0,71308.0,177.88354348270514,31642.55504196345,Down,Up,2664
Ridge,H7,212,2024-06-07,2024-06-18,71308.0,0.0027346160318617,0.002526792390428562,71503.0,71488.18051177668,0.0,71308.0,14.819488223321969,219.61723120117853,Up,Up,2663
Ridge,H1,213,2024-06-10,2024-06-11,71303.0,0.0006030601797961,0.0003626465244197935,71346.0,71328.8577851307,0.0,71303.0,17.14221486929455,293.8555306250631,Up,Up,2670
Ridge,H2,213,2024-06-10,2024-06-12,71303.0,0.0069141550846387,0.000722529580420871,71796.0,71354.51852667275,0.0,71303.0,441.48147332725057,194905.89129119986,Up,Up,2669
Ridge,H3,213,2024-06-10,2024-06-13,71303.0,-0.0038287309089378,0.0010933347294306754,71030.0,71380.95804621259,0.0,71303.0,350.95804621258867,123171.55020135753,Down,Up,2668
Ridge,H4,213,2024-06-10,2024-06-14,71303.0,0.0054415662735087,0.0014606867061946068,71691.0,71407.15134421179,0.0,71303.0,283.84865578821336,80570.05939277563,Up,Up,2667
Ridge,H5,213,2024-06-10,2024-06-17,71303.0,-0.0002524437961937,0.0018151949688172838,71285.0,71432.42884686157,0.0,71303.0,147.4288468615705,21735.264886932404,Down,Up,2666
Ridge,H6,213,2024-06-10,2024-06-18,71303.0,0.0028049310688189,0.002169127366803064,71503.0,71457.66528863515,0.0,71303.0,45.33471136484877,2055.2360545341485,Up,Up,2665
Ridge,H7,213,2024-06-10,2024-06-19,71303.0,0.0030293255543245,0.0025229748179845116,71519.0,71482.89567344675,0.0,71303.0,36.10432655324985,1303.522395863702,Up,Up,2664
Ridge,H1,214,2024-06-11,2024-06-12,71346.0,0.0063072912286603,0.0003627368107789433,71796.0,71371.87982050184,0.0,71346.0,424.1201794981607,179877.92665755207,Up,Up,2671
Ridge,H2,214,2024-06-11,2024-06-13,71346.0,-0.0044291200627926,0.0007224591774980418,71030.0,71397.54457247778,0.0,71346.0,367.5445724777819,135089.0127578755,Down,Up,2670
Ridge,H3,214,2024-06-11,2024-06-14,71346.0,0.0048355899419729,0.0010846220209695797,71691.0,71423.38344270809,0.0,71346.0,267.6165572919126,71618.62173677555,Up,Up,2669
Ridge,H4,214,2024-06-11,2024-06-17,71346.0,-0.0008549883665517,0.001454250189441959,71285.0,71449.75493401592,0.0,71346.0,164.75493401591666,27144.188282589053,Down,Up,2668
Ridge,H5,214,2024-06-11,2024-06-18,71346.0,0.0022005438286658,0.001812237706564116,71503.0,71475.29591141253,0.0,71346.0,27.70408858747396,767.516524462605,Up,Up,2667
Ridge,H6,214,2024-06-11,2024-06-19,71346.0,0.0024248030723517,0.0021658486724578908,71519.0,71500.52463938517,0.0,71346.0,18.475360614829697,341.33894984800037,Up,Up,2666
Ridge,H7,214,2024-06-11,2024-06-20,71346.0,0.012782776890085,0.0025201602780568692,72258.0,71525.80335519825,0.0,71346.0,732.1966448017483,536111.9266589376,Up,Up,2665
Ridge,H1,215,2024-06-12,2024-06-13,71796.0,-0.0106691180567162,0.0003649617315496183,71030.0,71822.20279247833,0.0,71796.0,792.2027924783324,627585.2644104678,Down,Up,2672
Ridge,H2,215,2024-06-12,2024-06-14,71796.0,-0.0014624770182183,0.0007247773739975538,71691.0,71848.03611634353,0.0,71796.0,157.03611634353,24660.341836258693,Down,Up,2671
Ridge,H3,215,2024-06-12,2024-06-17,71796.0,-0.007117388155329,0.001086779266408832,71285.0,71874.0264042111,0.0,71796.0,589.0264042110939,346952.104857851,Down,Up,2670
Ridge,H4,215,2024-06-12,2024-06-18,71796.0,-0.0040810072984567,0.0014477129424944532,71503.0,71899.93999841933,0.0,71796.0,396.93999841932964,157561.36234513743,Down,Up,2669
Ridge,H5,215,2024-06-12,2024-06-19,71796.0,-0.0038581536575853,0.0018079954870674187,71519.0,71925.80684398949,0.0,71796.0,406.80684398948506,165491.80831668523,Down,Up,2668
Ridge,H6,215,2024-06-12,2024-06-20,71796.0,0.0064348988801603,0.0021651099176617063,72258.0,71951.44623164843,0.0,71796.0,306.5537683515722,93975.2128905494,Up,Up,2667
Ridge,H7,215,2024-06-12,2024-06-21,71796.0,-0.0051117053874867,0.002519100523996742,71429.0,71976.86134122088,0.0,71796.0,547.8613412208797,300152.0492043412,Down,Up,2666
Ridge,H1,216,2024-06-13,2024-06-14,71030.0,0.0093059270730677,0.0003608337944566071,71691.0,71055.63002442024,0.0,71030.0,635.369975579757,403695.005868221,Up,Up,2673
Ridge,H2,216,2024-06-13,2024-06-17,71030.0,0.0035900323806841,0.0007228486411802256,71285.0,71081.34393898305,0.0,71030.0,203.65606101695448,41475.79118894149,Up,Up,2672
Ridge,H3,216,2024-06-13,2024-06-18,71030.0,0.0066591581022104,0.001084939122722868,71503.0,71107.063225887,0.0,71030.0,395.9367741129972,156765.92909500658,Up,Up,2671
Ridge,H4,216,2024-06-13,2024-06-19,71030.0,0.0068844150359004,0.0014457102921724538,71519.0,71132.68880205302,0.0,71030.0,386.31119794698316,149236.3416592332,Up,Up,2670
Ridge,H5,216,2024-06-13,2024-06-20,71030.0,0.0172884696607067,0.001797391925318058,72258.0,71157.66874845534,0.0,71030.0,1100.3312515446596,1210728.863125837,Up,Up,2669
Ridge,H6,216,2024-06-13,2024-06-21,71030.0,0.005617344783894,0.002156774998287249,71429.0,71183.19572812834,0.0,71030.0,245.8042718716606,60419.74007035724,Up,Up,2668
Ridge,H7,216,2024-06-13,2024-06-24,71030.0,0.0067858651274108,0.0025142279562667086,71512.0,71208.58561173362,0.0,71030.0,303.4143882663775,92060.29100706008,Up,Up,2667
Ridge,H1,217,2024-06-14,2024-06-17,71691.0,-0.0056631934273478,0.000364178849953588,71285.0,71717.10834593202,0.0,71691.0,432.1083459320216,186717.62262410767,Down,Up,2674
Ridge,H2,217,2024-06-14,2024-06-18,71691.0,-0.0026223654294122,0.0007220311961498338,71503.0,71742.76313848318,0.0,71691.0,239.7631384831766,57486.36257530291,Down,Up,2673
Ridge,H3,217,2024-06-14,2024-06-19,71691.0,-0.0023991853928666,0.0010863425593136702,71519.0,71768.88098441975,0.0,71691.0,249.88098441975308,62440.50637458488,Down,Up,2672
Ridge,H4,217,2024-06-14,2024-06-20,71691.0,0.0079089425450893,0.0014472063193969962,72258.0,71794.7516682439,0.0,71691.0,463.2483317560982,214599.016874808,Up,Up,2671
Ridge,H5,217,2024-06-14,2024-06-21,71691.0,-0.0036545730984363,0.001798730541621717,71429.0,71819.95279125939,0.0,71691.0,390.95279125939123,152844.08499350914,Down,Up,2670
Ridge,H6,217,2024-06-14,2024-06-24,71691.0,-0.0024968266588553,0.002149434905509037,71512.0,71845.09513781086,0.0,71691.0,333.09513781085843,110952.37083323477,Down,Up,2669
Ridge,H7,217,2024-06-14,2024-06-25,71691.0,-0.0068348886192129,0.0025091790858739484,71201.0,71870.8855578454,0.0,71691.0,669.8855578453949,448746.660609836,Down,Up,2668
Ridge,H1,218,2024-06-17,2024-06-18,71285.0,0.0030581468752191,0.0003619261370642655,71503.0,71310.79990468062,0.0,71285.0,192.2000953193783,36940.87664077811,Up,Up,2675
Ridge,H2,218,2024-06-17,2024-06-19,71285.0,0.0032825980220243,0.0007231038068782615,71519.0,71336.54645487331,0.0,71285.0,182.45354512668564,33289.296129295515,Up,Up,2674
Ridge,H3,218,2024-06-17,2024-06-20,71285.0,0.0136494353650837,0.0010832737372297387,72258.0,71362.22116835842,0.0,71285.0,895.7788316415827,802419.7152171589,Up,Up,2673
Ridge,H4,218,2024-06-17,2024-06-21,71285.0,0.0020200603212456,0.0014463453340282312,71429.0,71388.10272713621,0.0,71285.0,40.89727286378911,1672.5869276952212,Up,Up,2672
Ridge,H5,218,2024-06-17,2024-06-24,71285.0,0.003184400645297,0.0017979630182814552,71512.0,71413.16779375818,0.0,71285.0,98.83220624181558,9767.80499062477,Up,Up,2671
Ridge,H6,218,2024-06-17,2024-06-25,71285.0,-0.0011783685207266,0.0021485087975574237,71201.0,71438.15644963388,0.0,71285.0,237.1564496338833,56243.18160294863,Down,Up,2670
Ridge,H7,218,2024-06-17,2024-06-26,71285.0,-0.0051343199831661,0.002499622779134024,70919.0,71463.18560981058,0.0,71285.0,544.1856098105782,296137.97792491084,Down,Up,2669
Ridge,H1,219,2024-06-18,2024-06-19,71503.0,0.000223766834958,0.00036293325456000926,71519.0,71528.9508165008,0.0,71503.0,9.950816500801011,99.01874903261367,Up,Up,2676
Ridge,H2,219,2024-06-18,2024-06-20,71503.0,0.0105589975245794,0.0007218528568416865,72258.0,71554.61464482275,0.0,71503.0,703.3853551772481,494750.9578778235,Up,Up,2675
Ridge,H3,219,2024-06-18,2024-06-21,71503.0,-0.0010349216116806,0.0010853586274019483,71429.0,71580.60639793513,0.0,71503.0,151.6063979351311,22984.499894865323,Down,Up,2674
Ridge,H4,219,2024-06-18,2024-06-24,71503.0,0.0001258688446639,0.0014442770544375164,71512.0,71606.27014222345,0.0,71503.0,94.27014222345315,8886.859714830085,Up,Up,2673
Ridge,H5,219,2024-06-18,2024-06-25,71503.0,-0.0042235990098317,0.0017981129897951117,71201.0,71631.57047310931,0.0,71503.0,430.57047310931375,185390.9323135783,Down,Up,2672
Ridge,H6,219,2024-06-18,2024-06-26,71503.0,-0.008167489475966,0.0021487546278351585,70919.0,71656.6424021541,0.0,71503.0,737.6424021541025,544116.3134556746,Down,Up,2671
Ridge,H7,219,2024-06-18,2024-06-27,71503.0,-0.0027970854369746,0.0024997106284310416,71303.0,71681.7368090647,0.0,71503.0,378.7368090647069,143441.57054051626,Down,Up,2670
Ridge,H1,220,2024-06-19,2024-06-20,71519.0,0.010332918525147,0.000362881512260651,72258.0,71544.95292287537,0.0,71519.0,713.0470771246328,508436.134195982,Up,Up,2677
Ridge,H2,220,2024-06-19,2024-06-21,71519.0,-0.0012584068569191,0.0007228102398997759,71429.0,71570.69466554739,0.0,71519.0,141.69466554738756,20077.37824458602,Down,Up,2676
Ridge,H3,220,2024-06-19,2024-06-24,71519.0,-9.787608887146249e-05,0.0010840566100553592,71512.0,71596.53064469455,0.0,71519.0,84.53064469454694,7145.429892475736,Down,Up,2675
Ridge,H4,220,2024-06-19,2024-06-25,71519.0,-0.0044463708944476,0.0014463117920839035,71201.0,71622.43877305805,0.0,71519.0,421.43877305804926,177610.63943667396,Down,Up,2674
Ridge,H5,220,2024-06-19,2024-06-26,71519.0,-0.0083893790461275,0.0017959974774115369,70919.0,71647.447943587,0.0,71519.0,728.4479435870016,530636.4065161315,Down,Up,2673
Ridge,H6,220,2024-06-19,2024-06-27,71519.0,-0.0030201764566059,0.0021488582691219574,71303.0,71672.68419454934,0.0,71519.0,369.6841945493361,136666.40369959138,Down,Up,2672
Ridge,H7,220,2024-06-19,2024-06-28,71519.0,-0.0034116808120918,0.002499909180760169,71275.0,71697.7910046988,0.0,71519.0,422.7910046987963,178752.23365421762,Down,Up,2671
Ridge,H1,221,2024-06-20,2024-06-21,72258.0,-0.0114727781006946,0.00036660421794197515,71429.0,72284.49008758005,0.0,72258.0,855.4900875800522,731863.2899477254,Down,Up,2678
Ridge,H2,221,2024-06-20,2024-06-24,72258.0,-0.0103241163608182,0.0007264844440585952,71512.0,72310.49431295879,0.0,72258.0,798.4943129587919,637593.167827533,Down,Up,2677
Ridge,H3,221,2024-06-20,2024-06-25,72258.0,-0.0146281380608375,0.0010887517346342844,71201.0,72336.67102284121,0.0,72258.0,1135.671022841212,1289748.672121205,Down,Up,2676
Ridge,H4,221,2024-06-20,2024-06-26,72258.0,-0.0185308201168036,0.0014487275255314611,70919.0,72362.68215353985,0.0,72258.0,1443.6821535398485,2084218.1604494548,Down,Up,2675
Ridge,H5,221,2024-06-20,2024-06-27,72258.0,-0.0132165296576157,0.001801790938306304,71303.0,72388.19380962013,0.0,72258.0,1085.1938096201338,1177645.6044378593,Down,Up,2674
Ridge,H6,221,2024-06-20,2024-06-28,72258.0,-0.0136040300035982,0.0021504614751459736,71275.0,72413.3880452711,0.0,72258.0,1138.3880452711019,1295927.3416161602,Down,Up,2673
Ridge,H7,221,2024-06-20,2024-07-01,72258.0,-0.0128567079077749,0.00250375716443016,71329.0,72438.9164851874,0.0,72258.0,1109.9164851873938,1231914.6040907383,Down,Up,2672
Ridge,H1,222,2024-06-21,2024-06-24,71429.0,0.0011619930280417,0.00036218519715864857,71512.0,71454.87052644785,0.0,71429.0,57.12947355215147,3263.776748345974,Up,Up,2679
Ridge,H2,222,2024-06-21,2024-06-25,71429.0,-0.0031919808481148,0.0007257430228100826,71201.0,71480.8390983763,0.0,71429.0,279.8390983762947,78309.92098005755,Down,Up,2678
Ridge,H3,222,2024-06-21,2024-06-26,71429.0,-0.007139957160257,0.0010879584901088797,70919.0,71506.71178698998,0.0,71429.0,587.7117869899812,345405.144566957,Down,Up,2677
Ridge,H4,222,2024-06-21,2024-06-27,71429.0,-0.0017639894160634,0.0014489409185097885,71303.0,71532.49640086824,0.0,71429.0,229.49640086824365,52668.59801147759,Down,Up,2676
Ridge,H5,222,2024-06-21,2024-06-28,71429.0,-0.0021559870640776,0.001799751038915633,71275.0,71557.55441695871,0.0,71429.0,282.5544169587083,79836.99854287559,Down,Up,2675
Ridge,H6,222,2024-06-21,2024-07-01,71429.0,-0.0013999916000504,0.0021517578191479828,71329.0,71582.69790926391,0.0,71429.0,253.6979092639085,64362.62916487836,Down,Up,2674
Ridge,H7,222,2024-06-21,2024-07-02,71429.0,-0.0010079939520363,0.0025009085457653505,71357.0,71607.63739651548,0.0,71429.0,250.63739651547803,62819.10453205696,Down,Up,2673
Ridge,H1,223,2024-06-24,2024-06-25,71512.0,-0.0043489204609016,0.00036248328622805214,71201.0,71537.92190476475,0.0,71512.0,336.92190476474934,113516.36991030682,Down,Up,2680
Ridge,H2,223,2024-06-24,2024-06-26,71512.0,-0.0082923145765745,0.000721618506445516,70919.0,71563.60438263294,0.0,71512.0,644.6043826329405,415514.81010959443,Down,Up,2679
Ridge,H3,223,2024-06-24,2024-06-27,71512.0,-0.0029225864190625,0.0010875156000899994,71303.0,71589.77041559364,0.0,71512.0,286.77041559363715,82237.27125974737,Down,Up,2678
Ridge,H4,223,2024-06-24,2024-06-28,71512.0,-0.0033141290972144,0.0014484467371808278,71275.0,71615.58132306929,0.0,71512.0,340.58132306928746,115995.63762362636,Down,Up,2677
Ridge,H5,223,2024-06-24,2024-07-01,71512.0,-0.0025590110750642,0.0018002685046560024,71329.0,71640.74080130497,0.0,71512.0,311.7408013049717,97182.32719826583,Down,Up,2676
Ridge,H6,223,2024-06-24,2024-07-02,71512.0,-0.0021674683969123,0.0021500203704637954,71357.0,71665.75225673261,0.0,71512.0,308.75225673260866,95327.95603747868,Down,Up,2675
Ridge,H7,223,2024-06-24,2024-07-03,71512.0,0.0090614162658015,0.0025025105937130985,72160.0,71690.95953757761,0.0,71512.0,469.0404624223884,219998.95538940793,Up,Up,2674
Ridge,H1,224,2024-06-25,2024-06-26,71201.0,-0.0039606185306385,0.0003607261923095506,70919.0,71226.68406561863,0.0,71201.0,307.684065618625,94669.48423560635,Down,Up,2681
Ridge,H2,224,2024-06-25,2024-06-27,71201.0,0.0014325641493799,0.0007201582216681405,71303.0,71252.27598554098,0.0,71201.0,50.72401445901778,2572.9256428386448,Up,Up,2680
Ridge,H3,224,2024-06-25,2024-06-28,71201.0,0.0010393112456286,0.0010816494852179353,71275.0,71278.01452499701,0.0,71201.0,3.014524997008266,9.087360957587686,Up,Up,2679
Ridge,H4,224,2024-06-25,2024-07-01,71201.0,0.0017977275600062,0.0014462457556747024,71329.0,71303.9741440498,0.0,71201.0,25.025855950196274,626.2934660399742,Up,Up,2678
Ridge,H5,224,2024-06-25,2024-07-02,71201.0,0.0021909804637574,0.001798018668605847,71357.0,71329.0207272234,0.0,71201.0,27.979272776603466,782.8397051075838,Up,Up,2677
Ridge,H6,224,2024-06-25,2024-07-03,71201.0,0.0134689119534838,0.0021487764445375485,72160.0,71353.99503162752,0.0,71201.0,806.0049683724792,649644.0090411212,Up,Up,2676
Ridge,H7,224,2024-06-25,2024-07-04,71201.0,0.0133425092344208,0.0024990202853913913,72151.0,71378.93274334015,0.0,71201.0,772.0672566598514,596087.8488062689,Up,Up,2675
Ridge,H1,225,2024-06-26,2024-06-27,70919.0,0.0054146279558369,0.0003591148332539557,71303.0,70944.46806485954,0.0,70919.0,358.5319351404614,128545.14851556404,Up,Up,2682
Ridge,H2,225,2024-06-26,2024-06-28,70919.0,0.0050198113340571,0.0007167964857938039,71275.0,70969.834489976,0.0,70919.0,305.1655100240023,93125.98850820944,Up,Up,2681
Ridge,H3,225,2024-06-26,2024-07-01,70919.0,0.0057812433903468,0.0010785814483638585,71329.0,70995.49191773651,0.0,70919.0,333.5080822634918,111227.64093507202,Up,Up,2680
Ridge,H4,225,2024-06-26,2024-07-02,70919.0,0.0061760600121265,0.0014387885784502116,71357.0,71021.0374471951,0.0,70919.0,335.96255280489277,112870.83688718035,Up,Up,2679
Ridge,H5,225,2024-06-26,2024-07-03,70919.0,0.0174988367010251,0.0017942141121862116,72160.0,71046.24387062214,0.0,70919.0,1113.7561293778563,1240452.7157267442,Up,Up,2678
Ridge,H6,225,2024-06-26,2024-07-04,70919.0,0.0173719313583102,0.002144922738344686,72151.0,71071.11577568068,0.0,70919.0,1079.8842243193212,1166149.937933742,Up,Up,2677
Ridge,H7,225,2024-06-26,2024-07-05,70919.0,0.0329389867313414,0.0024961677732637934,73255.0,71096.0257223121,0.0,70919.0,2158.9742776878993,4661169.931717986,Up,Up,2676
Ridge,H1,226,2024-06-27,2024-06-28,71303.0,-0.0003926903496346,0.0003609989078192832,71275.0,71328.74030512424,0.0,71303.0,53.740305124243605,2888.0203948468034,Down,Up,2683
Ridge,H2,226,2024-06-27,2024-07-01,71303.0,0.0003646410389464,0.0007170631210216774,71329.0,71354.1287517182,0.0,71303.0,25.12875171820633,631.4541629152576,Up,Up,2682
Ridge,H3,226,2024-06-27,2024-07-02,71303.0,0.0007573313885811,0.0010770890702324432,71357.0,71379.7996819748,0.0,71303.0,22.799681974793202,519.82549815171,Up,Up,2681
Ridge,H4,226,2024-06-27,2024-07-03,71303.0,0.0120191296298892,0.001437593271038508,72160.0,71405.50471300485,0.0,71303.0,754.4952869951521,569263.1380978969,Up,Up,2680
Ridge,H5,226,2024-06-27,2024-07-04,71303.0,0.0118929077317924,0.0017886108342225566,72151.0,71430.53331831258,0.0,71303.0,720.4666816874233,519072.23942168686,Up,Up,2679
Ridge,H6,226,2024-06-27,2024-07-05,71303.0,0.0273761272316732,0.002142993952361862,73255.0,71455.80189778526,0.0,71303.0,1799.1981022147374,3237113.811013113,Up,Up,2678
Ridge,H7,226,2024-06-27,2024-07-08,71303.0,0.0144313703490737,0.00249419030706626,72332.0,71480.84325146474,0.0,71303.0,851.1567485352571,724467.8105771109,Up,Up,2677
Ridge,H1,227,2024-06-28,2024-07-01,71275.0,0.0007576289021395,0.00036071838632136216,71329.0,71300.71020298506,0.0,71275.0,28.289797014935175,800.3126151462351,Up,Up,2684
Ridge,H2,227,2024-06-28,2024-07-02,71275.0,0.0011504735180638,0.0007186675140985446,71357.0,71326.22302706736,0.0,71275.0,30.776972932639183,947.2220628964049,Up,Up,2683
Ridge,H3,227,2024-06-28,2024-07-03,71275.0,0.0124166958961768,0.0010770752874785865,72160.0,71351.76854111505,0.0,71275.0,808.2314588849549,653238.0911313025,Up,Up,2682
Ridge,H4,227,2024-06-28,2024-07-04,71275.0,0.0122904244124868,0.0014358213527040382,72151.0,71377.33816691399,0.0,71275.0,773.6618330860074,598552.6319740012,Up,Up,2681
Ridge,H5,227,2024-06-28,2024-07-05,71275.0,0.0277797264117853,0.001787139534277004,73255.0,71402.3783703056,0.0,71275.0,1852.621629694404,3432206.902811549,Up,Up,2680
Ridge,H6,227,2024-06-28,2024-07-08,71275.0,0.0148298842511398,0.002137116364595644,72332.0,71427.32296888655,0.0,71275.0,904.677031113446,818440.5306242389,Up,Up,2679
Ridge,H7,227,2024-06-28,2024-07-09,71275.0,0.015573482988425,0.002491985208054483,72385.0,71452.61624570408,0.0,71275.0,932.3837542959227,869339.4652749596,Up,Up,2678
Ridge,H1,228,2024-07-01,2024-07-02,71329.0,0.0003925472108119,0.00036086637159442103,71357.0,71354.74023741945,0.0,71329.0,2.2597625805501593,5.106526920454716,Up,Up,2685
Ridge,H2,228,2024-07-01,2024-07-03,71329.0,0.0116502404351666,0.0007185354393778584,72160.0,71380.25241435539,0.0,71329.0,779.7475856446108,608006.2973185997,Up,Up,2684
Ridge,H3,228,2024-07-01,2024-07-04,71329.0,0.011524064545977,0.0010788287962650819,72151.0,71405.95177920879,0.0,71329.0,745.0482207912137,555096.8513041531,Up,Up,2683
Ridge,H4,228,2024-07-01,2024-07-05,71329.0,0.0270016402865593,0.0014359566898425938,73255.0,71431.42535472978,0.0,71329.0,1823.5746452702151,3325424.486872391,Up,Up,2682
Ridge,H5,228,2024-07-01,2024-07-08,71329.0,0.014061601873011,0.001785518530756639,72332.0,71456.35925128034,0.0,71329.0,875.6407487196557,766746.7208183191,Up,Up,2681
Ridge,H6,228,2024-07-01,2024-07-09,71329.0,0.0148046376649049,0.002135796582776922,72385.0,71481.34423445289,0.0,71329.0,903.6557655471115,816593.7426065361,Up,Up,2680
Ridge,H7,228,2024-07-01,2024-07-10,71329.0,0.0182254062162654,0.002486256155458827,72629.0,71506.34216531273,0.0,71329.0,1122.6578346872702,1260360.6137847102,Up,Up,2679
Ridge,H1,229,2024-07-02,2024-07-03,71357.0,0.0112532757823338,0.00036087802151006567,72160.0,71382.75117298089,0.0,71357.0,777.2488270191097,604115.739102582,Up,Up,2686
Ridge,H2,229,2024-07-02,2024-07-04,71357.0,0.0111271494037024,0.0007186963736847122,72151.0,71408.28401713702,0.0,71357.0,742.715982862981,551627.031200124,Up,Up,2685
Ridge,H3,229,2024-07-02,2024-07-05,71357.0,0.0265986518491527,0.0010787089126654656,73255.0,71433.97343188107,0.0,71357.0,1821.026568118934,3316137.7617950225,Up,Up,2684
Ridge,H4,229,2024-07-02,2024-07-08,71357.0,0.0136636910184004,0.0014377231611983011,72332.0,71459.59161161364,0.0,71357.0,872.4083883863641,761096.3961268931,Up,Up,2683
Ridge,H5,229,2024-07-02,2024-07-09,71357.0,0.0144064352481185,0.0017856696553730177,72385.0,71484.42002959846,0.0,71357.0,900.5799704015371,811044.2830884336,Up,Up,2682
Ridge,H6,229,2024-07-02,2024-07-10,71357.0,0.0178258615132362,0.0021341914935620056,72629.0,71509.2895024061,0.0,71357.0,1119.7104975939,1253751.5984219792,Up,Up,2681
Ridge,H7,229,2024-07-02,2024-07-11,71357.0,0.025897949745645,0.0024849521611880173,73205.0,71534.3187313659,0.0,71357.0,1670.6812686341,2791175.9013648457,Up,Up,2680
Ridge,H1,230,2024-07-03,2024-07-04,72160.0,-0.0001247228381374,0.00036493188349360437,72151.0,72186.33348471289,0.0,72160.0,35.333484712886275,1248.455141955768,Down,Up,2687
Ridge,H2,230,2024-07-03,2024-07-05,72160.0,0.0151746119733924,0.0007227664640665501,73255.0,72212.15482804705,0.0,72160.0,1042.8451719529548,1087526.052665588,Up,Up,2686
Ridge,H3,230,2024-07-03,2024-07-08,72160.0,0.0023835920177384,0.0010829319199144938,72332.0,72238.14436734104,0.0,72160.0,93.85563265896053,8808.87978181374,Up,Up,2685
Ridge,H4,230,2024-07-03,2024-07-09,72160.0,0.0031180709534368,0.0014416659086533977,72385.0,72264.03061196842,0.0,72160.0,120.96938803157536,14633.592840733849,Up,Up,2684
Ridge,H5,230,2024-07-03,2024-07-10,72160.0,0.006499445676275,0.001791526451732151,72629.0,72289.27654875698,0.0,72160.0,339.723451243015,115412.02332446519,Up,Up,2683
Ridge,H6,230,2024-07-03,2024-07-11,72160.0,0.0144817073170731,0.0021384176635397276,73205.0,72314.30821860103,0.0,72160.0,890.6917813989712,793331.8494516728,Up,Up,2682
Ridge,H7,230,2024-07-03,2024-07-12,72160.0,0.0138442350332594,0.0024874049924439377,73159.0,72339.49114425476,0.0,72160.0,819.50885574524,671594.7646448726,Up,Up,2681
Ridge,H1,231,2024-07-04,2024-07-05,72151.0,0.015301243226012,0.000364749964618114,73255.0,72177.31707469717,0.0,72151.0,1077.6829253028263,1161400.4874892572,Up,Up,2688
Ridge,H2,231,2024-07-04,2024-07-08,72151.0,0.0025086277390473,0.0007266387891249885,72332.0,72203.42771527416,0.0,72151.0,128.57228472584393,16530.83239962348,Up,Up,2687
Ridge,H3,231,2024-07-04,2024-07-09,72151.0,0.0032431982924698,0.0010868194811162557,72385.0,72229.41511238202,0.0,72151.0,155.5848876179807,24206.657255099686,Up,Up,2686
Ridge,H4,231,2024-07-04,2024-07-10,72151.0,0.0066249948025667,0.0014457066615948214,72629.0,72255.30918134072,0.0,72151.0,373.6908186592773,139644.82795024087,Up,Up,2685
Ridge,H5,231,2024-07-04,2024-07-11,72151.0,0.0146082521378774,0.0017952901725670986,73205.0,72280.53198124089,0.0,72151.0,924.4680187591148,854641.117708403,Up,Up,2684
Ridge,H6,231,2024-07-04,2024-07-12,72151.0,0.0139707003367937,0.0021440956227386917,73159.0,72305.69864327622,0.0,72151.0,853.3013567237795,728123.2053866427,Up,Up,2683
Ridge,H7,231,2024-07-04,2024-07-15,72151.0,0.0160773932447229,0.0024914528251639544,73311.0,72330.76081278842,0.0,72151.0,980.2391872115841,960868.864145227,Up,Up,2682
Ridge,H1,232,2024-07-05,2024-07-08,73255.0,-0.0125998225377107,0.0003703043315394101,72332.0,73282.12664380693,0.0,73255.0,950.1266438069288,902740.6392718185,Down,Up,2689
Ridge,H2,232,2024-07-05,2024-07-09,73255.0,-0.0118763224353286,0.0007320137397804777,72385.0,73308.62366650761,0.0,73255.0,923.623666507614,853080.6773329681,Down,Up,2688
Ridge,H3,232,2024-07-05,2024-07-10,73255.0,-0.0085454917753053,0.0010963139626009944,72629.0,73335.31047933034,0.0,73255.0,706.3104793303355,498874.4932118483,Down,Up,2687
Ridge,H4,232,2024-07-05,2024-07-11,73255.0,-0.0006825472663981,0.0014552209914027836,73205.0,73361.6022137252,0.0,73255.0,156.60221372520027,24524.253343633303,Down,Up,2686
Ridge,H5,232,2024-07-05,2024-07-12,73255.0,-0.0013104907514845,0.0018049676035541914,73159.0,73387.22290179835,0.0,73255.0,228.22290179834818,52085.692905258475,Down,Up,2685
Ridge,H6,232,2024-07-05,2024-07-15,73255.0,0.0007644529383659,0.0021534965772763664,73311.0,73412.75439176837,0.0,73255.0,101.75439176836517,10353.95624414994,Up,Up,2684
Ridge,H7,232,2024-07-05,2024-07-16,73255.0,0.0105112279025323,0.002502800720343015,74025.0,73438.34266676872,0.0,73255.0,586.6573332312837,344166.82663404144,Up,Up,2683
Ridge,H1,233,2024-07-08,2024-07-09,72332.0,0.0007327324005972,0.0003654829938556466,72385.0,72358.43611591158,0.0,72332.0,26.56388408842031,705.6399378630297,Up,Up,2690
Ridge,H2,233,2024-07-08,2024-07-10,72332.0,0.0041060664712713,0.0007326743107755408,72629.0,72384.99579824702,0.0,72332.0,244.00420175297768,59538.05047310783,Up,Up,2689
Ridge,H3,233,2024-07-08,2024-07-11,72332.0,0.0120693469004036,0.0010967925956883939,73205.0,72411.33320203134,0.0,72332.0,793.6667979686608,629906.986197827,Up,Up,2688
Ridge,H4,233,2024-07-08,2024-07-12,72332.0,0.0114333904772438,0.0014597641373000271,73159.0,72437.58765957918,0.0,72332.0,721.4123404208221,520435.7649114482,Up,Up,2687
Ridge,H5,233,2024-07-08,2024-07-15,72332.0,0.013534811701598,0.001809530656599997,73311.0,72462.88697145319,0.0,72332.0,848.1130285468098,719295.7091908418,Up,Up,2686
Ridge,H6,233,2024-07-08,2024-07-16,72332.0,0.0234059614002102,0.00215821740744919,74025.0,72488.10818151562,0.0,72332.0,1536.8918184843787,2362036.461724221,Up,Up,2685
Ridge,H7,233,2024-07-08,2024-07-17,72332.0,0.0220096222971852,0.002507245177451534,73924.0,72513.35405817542,0.0,72332.0,1410.6459418245795,1989921.9731861548,Up,Up,2684
Ridge,H1,234,2024-07-09,2024-07-10,72385.0,0.0033708641293086,0.000365618982542557,72629.0,72411.46533005135,0.0,72385.0,217.53466994865448,47321.33262967004,Up,Up,2691
Ridge,H2,234,2024-07-09,2024-07-11,72385.0,0.0113283138771844,0.0007279863668319324,73205.0,72437.69529316312,0.0,72385.0,767.304706836876,588756.5131340242,Up,Up,2690
Ridge,H3,234,2024-07-09,2024-07-12,72385.0,0.0106928230987082,0.0010975902670786613,73159.0,72464.4490714825,0.0,72385.0,694.5509285175067,482400.9923045307,Up,Up,2689
Ridge,H4,234,2024-07-09,2024-07-15,72385.0,0.0127927056710643,0.0014603808174146683,73311.0,72490.70966546856,0.0,72385.0,820.2903345314407,672876.2329257029,Up,Up,2688
Ridge,H5,234,2024-07-09,2024-07-16,72385.0,0.0226566277543689,0.0018142182357151963,74025.0,72516.32218699224,0.0,72385.0,1508.6778130077582,2276108.7434618725,Up,Up,2687
Ridge,H6,234,2024-07-09,2024-07-17,72385.0,0.021261311045106,0.0021629255622464313,73924.0,72541.5633668232,0.0,72385.0,1382.436633176796,1911131.0447491952,Up,Up,2686
Ridge,H7,234,2024-07-09,2024-07-18,72385.0,0.0218277267389652,0.002512111106877146,73965.0,72566.8391624713,0.0,72385.0,1398.1608375287033,1954853.727598965,Up,Up,2685
Ridge,H1,235,2024-07-10,2024-07-11,72629.0,0.0079307163805091,0.00036673526097054756,73205.0,72655.63561526904,0.0,72629.0,549.3643847309577,301801.2272108237,Up,Up,2692
Ridge,H2,235,2024-07-10,2024-07-12,72629.0,0.0072973605584545,0.0007292415891581895,73159.0,72681.96408737898,0.0,72629.0,477.0359126210242,227563.2619301734,Up,Up,2691
Ridge,H3,235,2024-07-10,2024-07-15,72629.0,0.0093901884922,0.0010940054667180755,73311.0,72708.45652304227,0.0,72629.0,602.5434769577259,363058.64162430563,Up,Up,2690
Ridge,H4,235,2024-07-10,2024-07-16,72629.0,0.0192209723388729,0.001462301244853395,74025.0,72735.20547711245,0.0,72629.0,1289.794522887547,1663569.9112707148,Up,Up,2689
Ridge,H5,235,2024-07-10,2024-07-17,72629.0,0.0178303432513182,0.0018159613677714095,73924.0,72760.89145817987,0.0,72629.0,1163.1085418201255,1352821.4800549387,Up,Up,2688
Ridge,H6,235,2024-07-10,2024-07-18,72629.0,0.0183948560492366,0.0021687545800674747,73965.0,72786.51447639572,0.0,72629.0,1178.4855236042786,1388828.1293448505,Up,Up,2687
Ridge,H7,235,2024-07-10,2024-07-19,72629.0,0.0033457709730273,0.0025179612672393296,72872.0,72811.87700887832,0.0,72629.0,60.12299112167966,3614.7740614175714,Up,Up,2686
Ridge,H1,236,2024-07-11,2024-07-12,73205.0,-0.0006283723789358,0.0003695440296658046,73159.0,73232.05247069169,0.0,73205.0,73.05247069169127,5336.663474160412,Down,Up,2693
Ridge,H2,236,2024-07-11,2024-07-15,73205.0,0.0014479885253739,0.0007331790992784794,73311.0,73258.67237596268,0.0,73205.0,52.3276240373234,2738.180237391466,Up,Up,2692
Ridge,H3,236,2024-07-11,2024-07-16,73205.0,0.0112014206679871,0.0010980840226866488,74025.0,73285.38524088077,0.0,73205.0,739.6147591192275,547029.991906993,Up,Up,2691
Ridge,H4,236,2024-07-11,2024-07-17,73205.0,0.0098217334881496,0.0014615041392272744,73924.0,73311.98941051212,0.0,73205.0,612.0105894878798,374556.9616453021,Up,Up,2690
Ridge,H5,236,2024-07-11,2024-07-18,73205.0,0.0103818045215491,0.0018207186458514544,73965.0,73338.28570846956,0.0,73205.0,626.714291530443,392770.8032085051,Up,Up,2689
Ridge,H6,236,2024-07-11,2024-07-19,73205.0,-0.0045488696127313,0.0021733354776700534,72872.0,73364.09902364283,0.0,73205.0,492.09902364283334,242161.44907022986,Down,Up,2688
Ridge,H7,236,2024-07-11,2024-07-22,73205.0,-0.007704391776518,0.0025266626364751606,72641.0,73389.96433830315,0.0,73205.0,748.9643383031507,560947.5800498764,Down,Up,2687
Ridge,H1,237,2024-07-12,2024-07-15,73159.0,0.0020776664525212,0.0003691739965323628,73311.0,73186.0084004123,0.0,73159.0,124.99159958769451,15622.899967490554,Up,Up,2694
Ridge,H2,237,2024-07-12,2024-07-16,73159.0,0.0118372312360748,0.000735616840974514,74025.0,73212.81699246886,0.0,73159.0,812.1830075311445,659641.2377223352,Up,Up,2693
Ridge,H3,237,2024-07-12,2024-07-17,73159.0,0.0104566765538074,0.0011016489140952613,73924.0,73239.5955329063,0.0,73159.0,684.4044670937001,468409.4745778116,Up,Up,2692
Ridge,H4,237,2024-07-12,2024-07-18,73159.0,0.0110170997416585,0.0014652101737478527,73965.0,73266.19331110122,0.0,73159.0,698.8066888987814,488330.7884496783,Up,Up,2691
Ridge,H5,237,2024-07-12,2024-07-19,73159.0,-0.0039229623149578,0.0018195550032271649,72872.0,73292.1168244811,0.0,73159.0,420.11682448109786,176498.1462120816,Down,Up,2690
Ridge,H6,237,2024-07-12,2024-07-22,73159.0,-0.0070804685684604,0.00217772321278365,72641.0,73318.32005252405,0.0,73159.0,677.3200525240536,458762.4535511867,Down,Up,2689
Ridge,H7,237,2024-07-12,2024-07-23,73159.0,-0.0616602195218632,0.0025308736385970198,68648.0,73344.15618452612,0.0,73159.0,4696.156184526117,22053882.909462895,Down,Up,2688
Ridge,H1,238,2024-07-15,2024-07-16,73311.0,0.0097393297049555,0.0003698076144307502,74025.0,73338.11096602153,0.0,73311.0,686.8890339784703,471816.54499987606,Up,Up,2695
Ridge,H2,238,2024-07-15,2024-07-17,73311.0,0.0083616374077559,0.0007358812276572057,73924.0,73364.94818868078,0.0,73311.0,559.0518113192229,312538.927739304,Up,Up,2694
Ridge,H3,238,2024-07-15,2024-07-18,73311.0,0.0089208986373123,0.0011047262285686667,73965.0,73391.98858454259,0.0,73311.0,573.0114154574112,328342.08224450593,Up,Up,2693
Ridge,H4,238,2024-07-15,2024-07-19,73311.0,-0.0059881873115903,0.0014694176810648688,72872.0,73418.72447961655,0.0,73311.0,546.7244796165469,298907.656611984,Down,Up,2692
Ridge,H5,238,2024-07-15,2024-07-22,73311.0,-0.0091391469220171,0.0018239083977478808,72641.0,73444.7125485473,0.0,73311.0,803.7125485472934,645953.8606923855,Down,Up,2691
Ridge,H6,238,2024-07-15,2024-07-23,73311.0,-0.0636057344736806,0.0021771978021243635,68648.0,73470.61254807154,0.0,73311.0,4822.612548071542,23257591.78881709,Down,Up,2690
Ridge,H7,238,2024-07-15,2024-07-24,73311.0,-0.0584223377119395,0.002535910901294874,69028.0,73496.91016408482,0.0,73311.0,4468.910164084824,19971158.054660648,Down,Up,2689
Ridge,H1,239,2024-07-16,2024-07-17,74025.0,-0.0013644039175954,0.0003732830531779817,73924.0,74052.6322780115,0.0,74025.0,128.6322780115006,16546.26294642798,Down,Up,2696
Ridge,H2,239,2024-07-16,2024-07-18,74025.0,-0.0008105369807497,0.0007400001752411079,73965.0,74079.77851297222,0.0,74025.0,114.77851297221787,13174.107040113586,Down,Up,2695
Ridge,H3,239,2024-07-16,2024-07-19,74025.0,-0.0155758189800743,0.001108474014132273,72872.0,74107.05478889614,0.0,74025.0,1235.0547888961446,1525360.3315753003,Down,Up,2694
Ridge,H4,239,2024-07-16,2024-07-22,74025.0,-0.0186963863559608,0.0014760095037460559,72641.0,74134.2616035148,0.0,74025.0,1493.2616035147948,2229830.216531576,Down,Up,2693
Ridge,H5,239,2024-07-16,2024-07-23,74025.0,-0.0726376224248565,0.0018316471461850279,68648.0,74160.58767999634,0.0,74025.0,5512.587679996344,30388622.92964748,Down,Up,2692
Ridge,H6,239,2024-07-16,2024-07-24,74025.0,-0.0675042215467747,0.0021850862120116063,69028.0,74186.75100684416,0.0,74025.0,5158.7510068441625,26612711.95061566,Down,Up,2691
Ridge,H7,239,2024-07-16,2024-07-25,74025.0,-0.0882674772036474,0.002538875701679824,67491.0,74212.94027381684,0.0,74025.0,6721.940273816843,45184481.04476085,Down,Up,2690
Ridge,H1,240,2024-07-17,2024-07-18,73924.0,0.0005546236675504,0.00037263905590095565,73965.0,73951.54696956842,0.0,73924.0,13.45303043158492,180.98402779314995,Up,Up,2697
Ridge,H2,240,2024-07-17,2024-07-19,73924.0,-0.0142308316649532,0.0007428277328306723,72872.0,73978.91279732178,0.0,73924.0,1106.9127973217837,1225255.9408747363,Down,Up,2696
Ridge,H3,240,2024-07-17,2024-07-22,73924.0,-0.0173556625723716,0.001111943235109157,72641.0,74006.19929171221,0.0,73924.0,1365.1992917122116,1863769.106091524,Down,Up,2695
Ridge,H4,240,2024-07-17,2024-07-23,73924.0,-0.0713705968291759,0.0014791078317328051,68648.0,74033.34156735303,0.0,73924.0,5385.341567353025,29001903.79706034,Down,Up,2694
Ridge,H5,240,2024-07-17,2024-07-24,73924.0,-0.06623018234944,0.0018375883869470545,69028.0,74059.84188391667,0.0,73924.0,5031.84188391667,25319432.74473806,Down,Up,2693
Ridge,H6,240,2024-07-17,2024-07-25,73924.0,-0.0870218061793193,0.002192173048839985,67491.0,74086.05420046244,0.0,73924.0,6595.054200462444,43494739.907037325,Down,Up,2692
Ridge,H7,240,2024-07-17,2024-07-26,73924.0,-0.0777961149288458,0.002546111973249305,68173.0,74112.21878151048,0.0,73924.0,5939.218781510484,35274319.73464689,Down,Up,2691
Ridge,H1,241,2024-07-18,2024-07-19,73965.0,-0.0147772595146352,0.00037270634668020813,72872.0,73992.56722493221,0.0,73965.0,1120.5672249322088,1255670.9055922714,Down,Up,2698
Ridge,H2,241,2024-07-18,2024-07-22,73965.0,-0.0179003582775637,0.0007422515649753555,72641.0,74019.9006370034,0.0,73965.0,1378.900637003404,1901366.9667283932,Down,Up,2697
Ridge,H3,241,2024-07-18,2024-07-23,73965.0,-0.071885351179612,0.0011148397046528919,68648.0,74047.45911875466,0.0,73965.0,5399.459118754661,29154158.77510286,Down,Up,2696
Ridge,H4,241,2024-07-18,2024-07-24,73965.0,-0.0667477861150543,0.0014826469080156236,69028.0,74074.66397855137,0.0,73965.0,5046.663978551369,25468817.312407933,Down,Up,2695
Ridge,H5,241,2024-07-18,2024-07-25,73965.0,-0.0875278848103833,0.0018407598369169186,67491.0,74101.15180133756,0.0,73965.0,6610.151801337561,43694106.836726196,Down,Up,2694
Ridge,H6,241,2024-07-18,2024-07-26,73965.0,-0.0783073075103089,0.0021981898352515044,68173.0,74127.58911116437,0.0,73965.0,5954.589111164372,35457131.48279731,Down,Up,2693
Ridge,H7,241,2024-07-18,2024-07-29,73965.0,-0.0778611505441763,0.002553274564975511,68206.0,74153.85295319841,0.0,73965.0,5947.8529531984095,35376954.752871044,Down,Up,2692
Ridge,H1,242,2024-07-19,2024-07-22,72872.0,-0.0031699418157865,0.00036709307836355005,72641.0,72898.7508068065,0.0,72872.0,257.75080680650717,66435.47840940539,Down,Up,2699
Ridge,H2,242,2024-07-19,2024-07-23,72872.0,-0.0579646503458118,0.0007367016083344103,68648.0,72925.68491960254,0.0,72872.0,4277.684919602543,18298588.271395016,Down,Up,2698
Ridge,H3,242,2024-07-19,2024-07-24,72872.0,-0.0527500274453837,0.0011086505681351662,69028.0,72952.78958420115,0.0,72872.0,3924.7895842011494,15403973.280253831,Down,Up,2697
Ridge,H4,242,2024-07-19,2024-07-25,72872.0,-0.0738418048084312,0.0014798752283743364,67491.0,72979.84146764208,0.0,72872.0,5488.84146764208,30127380.65690726,Down,Up,2696
Ridge,H5,242,2024-07-19,2024-07-26,72872.0,-0.064482928971347,0.0018386208963153473,68173.0,73005.98398195629,0.0,72872.0,4832.983981956291,23357734.169846088,Down,Up,2695
Ridge,H6,242,2024-07-19,2024-07-29,72872.0,-0.0640300801405203,0.0021956849735052138,68206.0,73032.00395538927,0.0,72872.0,4826.003955389271,23290314.17743289,Down,Up,2694
Ridge,H7,242,2024-07-19,2024-07-30,72872.0,-0.058390053792952,0.0025535684782731984,68617.0,73058.08364214872,0.0,72872.0,4441.083642148718,19723223.916560926,Down,Up,2693
Ridge,H1,243,2024-07-22,2024-07-23,72641.0,-0.0549689569251524,0.0003657828728182522,68648.0,72667.57083366439,0.0,72641.0,4019.5708336643875,16156949.686845418,Down,Up,2700
Ridge,H2,243,2024-07-22,2024-07-24,72641.0,-0.0497377514076072,0.000729796112874915,69028.0,72694.01311943535,0.0,72641.0,3666.0131194353453,13439652.191872071,Down,Up,2699
Ridge,H3,243,2024-07-22,2024-07-25,72641.0,-0.0708966010930466,0.0011018066073345285,67491.0,72721.03633376339,0.0,72641.0,5230.03633376339,27353280.0524852,Down,Up,2698
Ridge,H4,243,2024-07-22,2024-07-26,72641.0,-0.0615079638220839,0.001472394300013229,68173.0,72747.95619434727,0.0,72641.0,4574.956194347265,20930224.180196412,Down,Up,2697
Ridge,H5,243,2024-07-22,2024-07-29,72641.0,-0.061053674921876,0.001834548918179939,68206.0,72774.2634679655,0.0,72641.0,4568.263467965502,20869031.112748194,Down,Up,2696
Ridge,H6,243,2024-07-22,2024-07-30,72641.0,-0.0553957131647416,0.002192242890994699,68617.0,72800.24671584474,0.0,72641.0,4183.24671584474,17499553.0856258,Down,Up,2695
Ridge,H7,243,2024-07-22,2024-07-31,72641.0,-0.0489806032405941,0.002549760623544812,69083.0,72826.21716145492,0.0,72641.0,3743.217161454915,14011674.717810592,Down,Up,2694
Ridge,H1,244,2024-07-23,2024-07-24,68648.0,0.0055354853746649,0.00034529578627769987,69028.0,68671.7038651364,0.0,68648.0,356.29613486360176,126946.9357187419,Up,Up,2701
Ridge,H2,244,2024-07-23,2024-07-25,68648.0,-0.0168540962591772,0.0007080558416326748,67491.0,68696.6066174164,0.0,68648.0,1205.6066174164007,1453487.3159582156,Down,Up,2700
Ridge,H3,244,2024-07-23,2024-07-26,68648.0,-0.0069193567183312,0.0010747625013037617,68173.0,68721.78029618949,0.0,68648.0,548.7802961894922,301159.81348582683,Down,Up,2699
Ridge,H4,244,2024-07-23,2024-07-29,68648.0,-0.0064386435147418,0.0014453933105013116,68206.0,68747.2233599793,0.0,68648.0,541.2233599792962,292922.7253872789,Down,Up,2698
Ridge,H5,244,2024-07-23,2024-07-30,68648.0,-0.0004515790700384,0.0018069341126415916,68617.0,68772.04241296463,0.0,68648.0,155.04241296462715,24038.149817893984,Down,Up,2697
Ridge,H6,244,2024-07-23,2024-07-31,68648.0,0.0063366740473138,0.0021678352644456636,69083.0,68796.81755523366,0.0,68648.0,286.18244476633845,81900.39169243835,Up,Up,2696
Ridge,H7,244,2024-07-23,2024-08-01,68648.0,0.0111292390164317,0.002525933757623683,69412.0,68821.40030059336,0.0,68648.0,590.5996994066372,348808.00493921025,Up,Up,2695
Ridge,H1,245,2024-07-24,2024-07-25,69028.0,-0.0222663267080025,0.00034721595318432244,67491.0,69051.9676228164,0.0,69028.0,1560.9676228164026,2436619.9194810907,Down,Up,2702
Ridge,H2,245,2024-07-24,2024-07-26,69028.0,-0.0123862780321029,0.0006893792675417476,68173.0,69075.58647207987,0.0,69028.0,902.5864720798709,814662.3395815875,Down,Up,2701
Ridge,H3,245,2024-07-24,2024-07-29,69028.0,-0.0119082111606884,0.0010548276790891128,68206.0,69100.81264503217,0.0,69028.0,894.8126450321724,800689.6697094727,Down,Up,2700
Ridge,H4,245,2024-07-24,2024-07-30,69028.0,-0.0059541055803442,0.0014201276968533708,68617.0,69126.02857465838,0.0,69028.0,509.02857465838315,259110.08981874515,Down,Up,2699
Ridge,H5,245,2024-07-24,2024-07-31,69028.0,0.0007967781190241,0.0017817167815816237,69083.0,69150.98834599902,0.0,69028.0,67.9883459990233,4622.415191682907,Up,Up,2698
Ridge,H6,245,2024-07-24,2024-08-01,69028.0,0.0055629599582778,0.0021420025706392004,69412.0,69175.85815344608,0.0,69028.0,236.14184655391728,55762.971693893815,Up,Up,2697
Ridge,H7,245,2024-07-24,2024-08-02,69028.0,0.0051138668366459,0.0025033258957550173,69381.0,69200.79957993218,0.0,69028.0,180.20042006782023,32472.191392618868,Up,Up,2696
Ridge,H1,246,2024-07-25,2024-07-26,67491.0,0.0101050510438429,0.0003388505548522237,68173.0,67513.86936279753,0.0,67491.0,659.1306372024701,434453.19689893426,Up,Up,2703
Ridge,H2,246,2024-07-25,2024-07-29,67491.0,0.0105940051266095,0.0006828868489890792,68206.0,67537.08871632512,0.0,67491.0,668.9112836748827,447442.30542757944,Up,Up,2702
Ridge,H3,246,2024-07-25,2024-07-30,67491.0,0.0166837059756115,0.001028189093836428,68617.0,67560.39351013211,0.0,67491.0,1056.6064898678887,1116417.2744309409,Up,Up,2701
Ridge,H4,246,2024-07-25,2024-07-31,67491.0,0.0235883302958912,0.0013922531172807777,69083.0,67584.9645551384,0.0,67491.0,1498.035444861598,2244110.1940616863,Up,Up,2700
Ridge,H5,246,2024-07-25,2024-08-01,67491.0,0.0284630543331703,0.0017486276153809465,69412.0,67609.01662638967,0.0,67491.0,1802.983373610332,3250749.0455152937,Up,Up,2699
Ridge,H6,246,2024-07-25,2024-08-02,67491.0,0.0280037338311773,0.002108954188782583,69381.0,67633.33542715514,0.0,67491.0,1747.6645728448639,3054331.4591770205,Up,Up,2698
Ridge,H7,246,2024-07-25,2024-08-05,67491.0,0.0170393089448963,0.002469670404357997,68641.0,67657.68052526053,0.0,67491.0,983.3194747394737,966917.1894019144,Up,Up,2697
Ridge,H1,247,2024-07-26,2024-07-29,68173.0,0.0004840626054303,0.00034246198479011237,68206.0,68196.34666088909,0.0,68173.0,9.653339110911475,93.18695599025314,Up,Up,2704
Ridge,H2,247,2024-07-26,2024-07-30,68173.0,0.0065128423276077,0.0006780519419449664,68617.0,68219.22483503821,0.0,68173.0,397.7751649617858,158225.08186037588,Up,Up,2703
Ridge,H3,247,2024-07-26,2024-07-31,68173.0,0.0133483930588356,0.0010252478353829978,69083.0,68242.89422068156,0.0,68173.0,840.1057793184445,705777.7204442511,Up,Up,2702
Ridge,H4,247,2024-07-26,2024-08-01,68173.0,0.0181743505493376,0.0013689657533138544,69412.0,68266.32650230067,0.0,68173.0,1145.673497699332,1312567.7633306214,Up,Up,2701
Ridge,H5,247,2024-07-26,2024-08-02,68173.0,0.0177196250715092,0.0017240968508785912,69381.0,68290.53685461494,0.0,68173.0,1090.4631453850598,1189109.871443078,Up,Up,2700
Ridge,H6,247,2024-07-26,2024-08-05,68173.0,0.0068648878588297,0.002079159503389512,68641.0,68314.74254082458,0.0,68173.0,326.2574591754237,106443.92966760327,Up,Up,2699
Ridge,H7,247,2024-07-26,2024-08-06,68173.0,0.0083464128027224,0.002439919852792875,68742.0,68339.33665612445,0.0,68173.0,402.6633438755525,162137.76850104146,Up,Up,2698
Ridge,H1,248,2024-07-29,2024-07-30,68206.0,0.0060258628273173,0.00034251501594363915,68617.0,68229.36157917746,0.0,68206.0,387.6384208225354,150263.54529778907,Up,Up,2705
Ridge,H2,248,2024-07-29,2024-07-31,68206.0,0.0128581063249566,0.0006817196258292024,69083.0,68252.49736879932,0.0,68206.0,830.5026312006812,689734.6204312547,Up,Up,2704
Ridge,H3,248,2024-07-29,2024-08-01,68206.0,0.0176817288801571,0.001020463853275548,69412.0,68275.60175757651,0.0,68206.0,1136.3982424234855,1291400.965383187,Up,Up,2703
Ridge,H4,248,2024-07-29,2024-08-02,68206.0,0.0172272234114301,0.001366076008124131,69381.0,68299.17458021012,0.0,68206.0,1081.8254197898787,1170346.2389035472,Up,Up,2702
Ridge,H5,248,2024-07-29,2024-08-05,68206.0,0.0063777380289125,0.0017008548342190032,68641.0,68322.00850482275,0.0,68206.0,318.99149517725164,101755.57399541856,Up,Up,2701
Ridge,H6,248,2024-07-29,2024-08-06,68206.0,0.0078585461689586,0.002054674503075846,68742.0,68346.1411291568,0.0,68206.0,395.8588708432071,156704.24562525892,Up,Up,2700
Ridge,H7,248,2024-07-29,2024-08-07,68206.0,0.0080051608362901,0.0024101675193996066,68752.0,68370.38788582818,0.0,68206.0,381.61211417181767,145627.8056826844,Up,Up,2699
Ridge,H1,249,2024-07-30,2024-07-31,68617.0,0.0067913199352929,0.00034461509847600534,69083.0,68640.64645421212,0.0,68617.0,442.3535457878752,195676.65947110578,Up,Up,2706
Ridge,H2,249,2024-07-30,2024-08-01,68617.0,0.0115860501042015,0.0006838757452931759,69412.0,68663.92550201478,0.0,68617.0,748.074497985217,559615.4545358345,Up,Up,2705
Ridge,H3,249,2024-07-30,2024-08-02,68617.0,0.0111342670183773,0.0010262558836161046,69381.0,68687.41859996608,0.0,68617.0,693.581400033916,481055.15847300703,Up,Up,2704
Ridge,H4,249,2024-07-30,2024-08-05,68617.0,0.0003497675503154,0.001363368048209802,68641.0,68710.55022536402,0.0,68617.0,69.5502253640152,4837.233848185304,Up,Up,2703
Ridge,H5,249,2024-07-30,2024-08-06,68617.0,0.0018217059912266,0.0017000581031846311,68742.0,68733.65288686621,0.0,68617.0,8.347113133786479,69.67429766823074,Up,Up,2702
Ridge,H6,249,2024-07-30,2024-08-07,68617.0,0.0019674424705247,0.0020334039727670393,68752.0,68756.52608039934,0.0,68617.0,4.52608039934421,20.48540378132784,Up,Up,2701
Ridge,H7,249,2024-07-30,2024-08-08,68617.0,0.0113528717373245,0.0023876479559989594,69396.0,68780.83323979679,0.0,68617.0,615.1667602032103,378430.14285891404,Up,Up,2700
Ridge,H1,250,2024-07-31,2024-08-01,69083.0,0.00476238727328,0.00034699717921180765,69412.0,69106.9716061315,0.0,69083.0,305.02839386850246,93042.32106599827,Up,Up,2707
Ridge,H2,250,2024-07-31,2024-08-02,69083.0,0.0043136516943387,0.0006883744574278125,69381.0,69130.55497264248,0.0,69083.0,250.4450273575203,62722.71172810909,Up,Up,2706
Ridge,H3,250,2024-07-31,2024-08-05,69083.0,-0.0063981008352271,0.0010308119545550485,68641.0,69154.21158225652,0.0,69083.0,513.2115822565247,263386.1281622456,Down,Up,2705
Ridge,H4,250,2024-07-31,2024-08-06,69083.0,-0.004936091368354,0.001371587780846019,68742.0,69177.75339866418,0.0,69083.0,435.75339866417926,189881.02444738316,Down,Up,2704
Ridge,H5,250,2024-07-31,2024-08-07,69083.0,-0.0047913379557923,0.0016997238059817176,68752.0,69200.42201968863,0.0,69083.0,448.4220196886308,201082.30774163082,Down,Up,2703
Ridge,H6,250,2024-07-31,2024-08-08,69083.0,0.0045307818131812,0.0020349960843628312,69396.0,69223.58363449604,0.0,69083.0,172.41636550395924,29727.403093594865,Up,Up,2702
Ridge,H7,250,2024-07-31,2024-08-09,69083.0,0.0075416527944647,0.0023686296227927073,69604.0,69246.63204023139,0.0,69083.0,357.3679597686132,127711.85866918115,Up,Up,2701
Ridge,H1,251,2024-08-01,2024-08-02,69412.0,-0.0004466086555638,0.00034862735797094706,69381.0,69436.19892217148,0.0,69412.0,55.198922171475715,3046.9210088926334,Down,Up,2708
Ridge,H2,251,2024-08-01,2024-08-05,69412.0,-0.0111075894657983,0.0006924008691417051,68641.0,69460.06092912887,0.0,69412.0,819.0609291288711,670860.8056254495,Down,Up,2707
Ridge,H3,251,2024-08-01,2024-08-06,69412.0,-0.0096525096525096,0.0010369652263287979,68742.0,69483.97783028994,0.0,69412.0,741.9778302899358,550531.1006417607,Down,Up,2706
Ridge,H4,251,2024-08-01,2024-08-07,69412.0,-0.0095084423442632,0.0013777994480531927,68752.0,69507.63581528827,0.0,69412.0,755.6358152882749,570985.4853463758,Down,Up,2705
Ridge,H5,251,2024-08-01,2024-08-08,69412.0,-0.0002305076931942,0.001709621657292376,69396.0,69530.66825847597,0.0,69412.0,134.6682584759692,18135.53984095045,Down,Up,2704
Ridge,H6,251,2024-08-01,2024-08-09,69412.0,0.002766092318331,0.0020363018133220437,69604.0,69553.3437814663,0.0,69412.0,50.65621853369521,2566.052476133486,Up,Up,2703
Ridge,H7,251,2024-08-01,2024-08-12,69412.0,0.0135711404368121,0.0023718721134581688,70354.0,69576.63638713937,0.0,69412.0,777.3636128606304,604294.186599732,Up,Up,2702
Ridge,H1,252,2024-08-02,2024-08-05,69381.0,-0.0106657442239229,0.00034833401275039455,68641.0,69405.16776213863,0.0,69381.0,764.1677621386334,583952.368691967,Down,Up,2709
Ridge,H2,252,2024-08-02,2024-08-06,69381.0,-0.0092100142690362,0.0006937376574628368,68742.0,69429.13221241244,0.0,69381.0,687.1322124124417,472150.67733481695,Down,Up,2708
Ridge,H3,252,2024-08-02,2024-08-07,69381.0,-0.0090658825903345,0.001040695343550328,68752.0,69453.20448363086,0.0,69381.0,701.2044836308633,491687.72786402557,Down,Up,2707
Ridge,H4,252,2024-08-02,2024-08-08,69381.0,0.0002161975180525,0.0013836564297093578,69396.0,69476.99946674966,0.0,69381.0,80.99946674966486,6560.913613730064,Up,Up,2706
Ridge,H5,252,2024-08-02,2024-08-09,69381.0,0.003214136435047,0.0017155399024169193,69604.0,69500.02587396959,0.0,69381.0,103.97412603041448,10810.618883788515,Up,Up,2705
Ridge,H6,252,2024-08-02,2024-08-12,69381.0,0.0140240123376715,0.002045904792012716,70354.0,69522.94692037464,0.0,69381.0,831.0530796253588,690649.2211547929,Up,Up,2704
Ridge,H7,252,2024-08-02,2024-08-13,69381.0,0.014052838673412,0.0023728866544907795,70356.0,69545.63324897522,0.0,69381.0,810.366751024776,656694.2711664513,Up,Up,2703
Ridge,H1,253,2024-08-05,2024-08-06,68641.0,0.0014714237846185,0.00034426950466194127,68742.0,68664.6310030695,0.0,68641.0,77.36899693049781,5985.96168603138,Up,Up,2710
Ridge,H2,253,2024-08-05,2024-08-07,68641.0,0.001617109307848,0.0006893813044267657,68752.0,68688.31982211716,0.0,68641.0,63.6801778828376,4055.1650551898388,Up,Up,2709
Ridge,H3,253,2024-08-05,2024-08-08,68641.0,0.0109992570038315,0.0010379481050407733,69396.0,68712.24579587812,0.0,68641.0,683.754204121884,467519.81165435095,Up,Up,2708
Ridge,H4,253,2024-08-05,2024-08-09,68641.0,0.0140295158870062,0.0013832742171025428,69604.0,68735.94932553613,0.0,68641.0,868.0506744638697,753511.973437179,Up,Up,2707
Ridge,H5,253,2024-08-05,2024-08-12,68641.0,0.024955930129223,0.001717262789754662,70354.0,68758.87463515154,0.0,68641.0,1595.1253648484562,2544424.9295829204,Up,Up,2706
Ridge,H6,253,2024-08-05,2024-08-13,68641.0,0.0249850672338689,0.0020476866239743587,70356.0,68781.55525755622,0.0,68641.0,1574.4447424437822,2478876.2470088676,Up,Up,2705
Ridge,H7,253,2024-08-05,2024-08-14,68641.0,0.0179630250142044,0.00237831077696921,69874.0,68804.24963004194,0.0,68641.0,1069.7503699580557,1144365.854025397,Up,Up,2704
Ridge,H1,254,2024-08-06,2024-08-07,68742.0,0.0001454714730442,0.0003446848649890675,68752.0,68765.69432698908,0.0,68742.0,13.694326989076217,187.53459168374127,Up,Up,2711
Ridge,H2,254,2024-08-06,2024-08-08,68742.0,0.0095138343370864,0.0006857276785121294,69396.0,68789.13829207628,0.0,68742.0,606.8617079237156,368281.1325440891,Up,Up,2710
Ridge,H3,254,2024-08-06,2024-08-09,68742.0,0.0125396409764044,0.001034001192829357,69604.0,68813.07930999748,0.0,68742.0,790.9206900025165,625555.5378740568,Up,Up,2709
Ridge,H4,254,2024-08-06,2024-08-12,68742.0,0.0234500014547147,0.0013809399369312518,70354.0,68836.92857314453,0.0,68742.0,1517.071426855473,2301505.7141813007,Up,Up,2708
Ridge,H5,254,2024-08-06,2024-08-13,68742.0,0.0234790957493236,0.001717300756991792,70356.0,68860.05068863713,0.0,68742.0,1495.9493113628705,2237864.3421670464,Up,Up,2707
Ridge,H6,254,2024-08-06,2024-08-14,68742.0,0.0164673707485962,0.002049833522718799,69874.0,68882.90965601873,0.0,68742.0,991.0903439812682,982260.0699329086,Up,Up,2706
Ridge,H7,254,2024-08-06,2024-08-16,68742.0,0.0319455354804922,0.002380516744839649,70938.0,68905.64148207377,0.0,68742.0,2032.35851792623,4130481.145387302,Up,Up,2705
Ridge,H1,255,2024-08-07,2024-08-08,68752.0,0.0093670002327204,0.0003446113569566946,69396.0,68775.6927200135,0.0,68752.0,620.307279986504,384781.12160425505,Up,Up,2712
Ridge,H2,255,2024-08-07,2024-08-09,68752.0,0.0123923667675123,0.0006860712117337404,69604.0,68799.16876794913,0.0,68752.0,804.8312320508703,647753.3120845219,Up,Up,2711
Ridge,H3,255,2024-08-07,2024-08-12,68752.0,0.023301140330463,0.0010302742206076165,70354.0,68822.83341321522,0.0,68752.0,1531.1665867847769,2344471.116486144,Up,Up,2710
Ridge,H4,255,2024-08-07,2024-08-13,68752.0,0.0233302303932976,0.0013769203540670934,70356.0,68846.66602818281,0.0,68752.0,1509.333971817192,2278089.03848146,Up,Up,2709
Ridge,H5,255,2024-08-07,2024-08-14,68752.0,0.0163195252501744,0.0017148973712506341,69874.0,68869.90262406823,0.0,68752.0,1004.0973759317712,1008211.5403530687,Up,Up,2708
Ridge,H6,255,2024-08-07,2024-08-16,68752.0,0.0317954386781476,0.0020498031518325385,70938.0,68892.92806629479,0.0,68752.0,2045.0719337052142,4182319.214028784,Up,Up,2707
Ridge,H7,255,2024-08-07,2024-08-19,68752.0,0.0347044449616011,0.0023825955770843702,71138.0,68915.80821111571,0.0,68752.0,2222.1917888842872,4938136.3465847485,Up,Up,2706
Ridge,H1,256,2024-08-08,2024-08-09,69396.0,0.002997290910139,0.0003479368736209497,69604.0,69420.14542728181,0.0,69396.0,183.85457271819178,33802.50390938887,Up,Up,2713
Ridge,H2,256,2024-08-08,2024-08-12,69396.0,0.0138048302495821,0.0006893263136548353,70354.0,69443.83648886239,0.0,69396.0,910.163511137609,828397.6170063405,Up,Up,2712
Ridge,H3,256,2024-08-08,2024-08-13,69396.0,0.0138336503544873,0.0010339515439550112,70356.0,69467.7521013443,0.0,69396.0,888.2478986556962,788984.3294662599,Up,Up,2711
Ridge,H4,256,2024-08-08,2024-08-14,69396.0,0.0068880050723385,0.0013764921098826375,69874.0,69491.52304645741,0.0,69396.0,382.4769535425876,146288.6199912187,Up,Up,2710
Ridge,H5,256,2024-08-08,2024-08-16,69396.0,0.0222203008818953,0.00171417913500232,70938.0,69514.95717525262,0.0,69396.0,1423.0428247473756,2025050.8810649898,Up,Up,2709
Ridge,H6,256,2024-08-08,2024-08-19,69396.0,0.0251023113724133,0.0020507194012941337,71138.0,69538.31172357222,0.0,69396.0,1599.6882764277834,2559002.5817404925,Up,Up,2708
Ridge,H7,256,2024-08-08,2024-08-20,69396.0,0.0280131419678366,0.002385909314579144,71340.0,69561.57256279452,0.0,69396.0,1778.4274372054788,3162804.149405247,Up,Up,2707
Ridge,H1,257,2024-08-09,2024-08-12,69604.0,0.0107752428021377,0.00034891344422509455,70354.0,69628.28577137185,0.0,69604.0,725.7142286281451,526661.1416333437,Up,Up,2714
Ridge,H2,257,2024-08-09,2024-08-13,69604.0,0.0108039767829435,0.0006936405131084592,70356.0,69652.2801542744,0.0,69604.0,703.7198457256018,495221.6212680648,Up,Up,2713
Ridge,H3,257,2024-08-09,2024-08-14,69604.0,0.0038790874087695,0.0010381946054122569,69874.0,69676.26249731513,0.0,69604.0,197.73750268487493,39100.119968050916,Up,Up,2712
Ridge,H4,257,2024-08-09,2024-08-16,69604.0,0.0191655651974025,0.0013811597401685435,70938.0,69700.13424255469,0.0,69604.0,1237.86575744531,1532311.633455651,Up,Up,2711
Ridge,H5,257,2024-08-09,2024-08-19,69604.0,0.0220389632779725,0.0017147331139283884,71138.0,69723.35228366188,0.0,69604.0,1414.6477163381205,2001228.1613406595,Up,Up,2710
Ridge,H6,257,2024-08-09,2024-08-20,69604.0,0.0249410953393482,0.002050983820887463,71340.0,69746.75667786905,0.0,69604.0,1593.2433221309475,2538424.283514858,Up,Up,2709
Ridge,H7,257,2024-08-09,2024-08-21,69604.0,0.0259036836963393,0.002387813467584243,71407.0,69770.20136859774,0.0,69604.0,1636.7986314022564,2679109.7597602997,Up,Up,2708
Ridge,H1,258,2024-08-12,2024-08-13,70354.0,2.842766580446465e-05,0.00035275367449373964,70356.0,70378.81763201534,0.0,70354.0,22.817632015343406,520.6443307876244,Up,Up,2715
Ridge,H2,258,2024-08-12,2024-08-14,70354.0,-0.0068226397930466,0.0006984715362353888,69874.0,70403.14026646031,0.0,70354.0,529.1402664603083,279989.4215896861,Down,Up,2714
Ridge,H3,258,2024-08-12,2024-08-16,70354.0,0.0083008784148732,0.0010464005795509119,70938.0,70427.61846637372,0.0,70354.0,510.3815336262778,260489.30986671135,Up,Up,2713
Ridge,H4,258,2024-08-12,2024-08-19,70354.0,0.0111436449953095,0.00138929730922986,71138.0,70451.74262289355,0.0,70354.0,686.257377106449,470949.18763302296,Up,Up,2712
Ridge,H5,258,2024-08-12,2024-08-20,70354.0,0.0140148392415497,0.0017233060663663184,71340.0,70475.24147499313,0.0,70354.0,864.758525006866,747807.3065720504,Up,Up,2711
Ridge,H6,258,2024-08-12,2024-08-21,70354.0,0.014967166045996,0.002055401729163387,71407.0,70498.60573325356,0.0,70354.0,908.3942667464435,825180.1438578087,Up,Up,2710
Ridge,H7,258,2024-08-12,2024-08-22,70354.0,0.0062825141427638,0.002391941318786629,70796.0,70522.28263954193,0.0,70354.0,273.71736045807484,74921.19341613568,Up,Up,2709
Ridge,H1,259,2024-08-13,2024-08-14,70356.0,-0.0068508727045312,0.0003526345629996977,69874.0,70380.8099573144,0.0,70356.0,506.80995731439907,256856.332833023,Down,Up,2716
Ridge,H2,259,2024-08-13,2024-08-16,70356.0,0.0082722155892887,0.0007021936763076877,70938.0,70405.4035382903,0.0,70356.0,532.5964617097052,283658.99102569744,Up,Up,2715
Ridge,H3,259,2024-08-13,2024-08-19,70356.0,0.0111149013588038,0.0010511123101499538,71138.0,70429.9520576929,0.0,70356.0,708.0479423070938,501331.8886053096,Up,Up,2714
Ridge,H4,259,2024-08-13,2024-08-20,70356.0,0.0139860139860139,0.0013973846111085381,71340.0,70454.31439169915,0.0,70356.0,885.6856083008461,784438.9967512398,Up,Up,2713
Ridge,H5,259,2024-08-13,2024-08-21,70356.0,0.0149383137188015,0.001731328115683916,71407.0,70477.80932090705,0.0,70356.0,929.1906790929497,863395.318113217,Up,Up,2712
Ridge,H6,259,2024-08-13,2024-08-22,70356.0,0.0062539086929331,0.0020638596496765885,70796.0,70501.20490951264,0.0,70356.0,294.7950904873578,86904.14537544949,Up,Up,2711
Ridge,H7,259,2024-08-13,2024-08-23,70356.0,0.013346409687873,0.0023962444074794396,71295.0,70524.59017153262,0.0,70356.0,770.4098284673819,593531.3037991407,Up,Up,2710
Ridge,H1,260,2024-08-14,2024-08-16,69874.0,0.0152274093368063,0.0003499830511154337,70938.0,69898.45471571363,0.0,69874.0,1039.5452842863742,1080654.3980820386,Up,Up,2717
Ridge,H2,260,2024-08-14,2024-08-19,69874.0,0.0180897043249277,0.0006994228166438426,71138.0,69922.87146989017,0.0,69874.0,1215.128530109825,1476537.3446868642,Up,Up,2716
Ridge,H3,260,2024-08-14,2024-08-20,69874.0,0.0209806222629305,0.001052153535293147,71340.0,69947.51817612507,0.0,69874.0,1392.4818238749285,1939005.6298220474,Up,Up,2715
Ridge,H4,260,2024-08-14,2024-08-21,69874.0,0.0219394910839512,0.0013994074417388283,71407.0,69971.78219558405,0.0,69874.0,1435.2178044159518,2059850.1461125454,Up,Up,2714
Ridge,H5,260,2024-08-14,2024-08-22,69874.0,0.0131951798952401,0.001736705001369353,70796.0,69995.35052526568,0.0,69874.0,800.649474734324,641039.581392349,Up,Up,2713
Ridge,H6,260,2024-08-14,2024-08-23,69874.0,0.0203366058906031,0.0020691706893055514,71295.0,70018.58123274453,0.0,69874.0,1276.418767255469,1629244.869401971,Up,Up,2712
Ridge,H7,260,2024-08-14,2024-08-26,69874.0,0.0232704582534275,0.002401986500597103,71500.0,70041.83640474272,0.0,69874.0,1458.1635952572833,2126241.0705336463,Up,Up,2711
Ridge,H1,261,2024-08-16,2024-08-19,70938.0,0.0028193633877471,0.00035545609422704715,71138.0,70963.21534441228,0.0,70938.0,174.7846555877186,30549.675828917407,Up,Up,2718
Ridge,H2,261,2024-08-16,2024-08-20,70938.0,0.0056669204093715,0.0007022093275988973,71340.0,70987.8133252812,0.0,70938.0,352.18667471880326,124035.45384948814,Up,Up,2717
Ridge,H3,261,2024-08-16,2024-08-21,70938.0,0.0066114071442668,0.0010548218651864933,71407.0,71012.8269534726,0.0,70938.0,394.1730465274013,155372.3906086929,Up,Up,2716
Ridge,H4,261,2024-08-16,2024-08-22,70938.0,-0.0020017480053003,0.0014059504270545105,70796.0,71037.7353113944,0.0,70938.0,241.73531139439729,58435.96077494622,Down,Up,2715
Ridge,H5,261,2024-08-16,2024-08-23,70938.0,0.0050325636471284,0.0017442517340766897,71295.0,71061.73372951194,0.0,70938.0,233.26627048806404,54413.15294741066,Up,Up,2714
Ridge,H6,261,2024-08-16,2024-08-26,70938.0,0.0079224111195692,0.0020801271319500297,71500.0,71085.56005848627,0.0,70938.0,414.43994151373045,171760.4651219043,Up,Up,2713
Ridge,H7,261,2024-08-16,2024-08-27,70938.0,0.0086413487834446,0.002412879450265183,71551.0,71109.16484244291,0.0,70938.0,441.83515755708504,195218.30645349415,Up,Up,2712
Ridge,H1,262,2024-08-19,2024-08-20,71138.0,0.0028395512946666,0.0003563628751147829,71340.0,71163.35094220992,0.0,71138.0,176.64905779008404,31204.889618124453,Up,Up,2719
Ridge,H2,262,2024-08-19,2024-08-21,71138.0,0.0037813826646799,0.0007086074284444478,71407.0,71188.40891524467,0.0,71138.0,218.5910847553314,47782.06233451247,Up,Up,2718
Ridge,H3,262,2024-08-19,2024-08-22,71138.0,-0.0048075571424555,0.001058525304731577,70796.0,71213.301373128,0.0,71138.0,417.30137312799343,174140.4360145088,Down,Up,2717
Ridge,H4,262,2024-08-19,2024-08-23,71138.0,0.0022069779864488,0.0014095367404799006,71295.0,71238.27162464426,0.0,71138.0,56.72837535574217,3218.108570501976,Up,Up,2716
Ridge,H5,262,2024-08-19,2024-08-26,71138.0,0.0050887008349966,0.0017517277949945377,71500.0,71262.61441188032,0.0,71138.0,237.3855881196796,56351.91744692616,Up,Up,2715
Ridge,H6,262,2024-08-19,2024-08-27,71138.0,0.005805617250977,0.0020886106194214385,71551.0,71286.57958224439,0.0,71138.0,264.4204177556094,69918.15732605099,Up,Up,2714
Ridge,H7,262,2024-08-19,2024-08-28,71138.0,0.002670865079142,0.002424782984589684,71328.0,71310.49421195773,0.0,71138.0,17.50578804226825,306.45261498082203,Up,Up,2713
Ridge,H1,263,2024-08-20,2024-08-21,71340.0,0.0009391645640595,0.00035727578105547355,71407.0,71365.48805422049,0.0,71340.0,41.511945779508096,1723.24164240082,Up,Up,2720
Ridge,H2,263,2024-08-20,2024-08-22,71340.0,-0.0076254555649004,0.000710430811258535,70796.0,71390.68213407518,0.0,71340.0,594.6821340751776,353646.84058820753,Down,Up,2719
Ridge,H3,263,2024-08-20,2024-08-23,71340.0,-0.0006307821698906,0.001065855069011743,71295.0,71416.0381006233,0.0,71340.0,121.03810062329285,14650.221802494365,Down,Up,2718
Ridge,H4,263,2024-08-20,2024-08-26,71340.0,0.0022427810485001,0.0014141655399485483,71500.0,71440.88656961992,0.0,71340.0,59.11343038007908,3494.3976513004563,Up,Up,2717
Ridge,H5,263,2024-08-20,2024-08-27,71340.0,0.0029576675077096,0.001756242647935526,71551.0,71465.29035050372,0.0,71340.0,85.70964949627523,7346.144016774353,Up,Up,2716
Ridge,H6,263,2024-08-20,2024-08-28,71340.0,-0.0001682085786375,0.002097027880049592,71328.0,71489.60196896274,0.0,71340.0,161.60196896274283,26115.1963726353,Down,Up,2715
Ridge,H7,263,2024-08-20,2024-08-29,71340.0,0.004569666386319,0.002434211387578852,71666.0,71513.65664038988,0.0,71340.0,152.34335961012403,23208.49921729957,Up,Up,2714
Ridge,H1,264,2024-08-21,2024-08-22,71407.0,-0.0085565840883946,0.0003574896514062836,70796.0,71432.52726353797,0.0,71407.0,636.5272635379661,405166.9572271313,Down,Up,2721
Ridge,H2,264,2024-08-21,2024-08-23,71407.0,-0.0015684736790511,0.0007115600644873526,71295.0,71457.81036952484,0.0,71407.0,162.81036952484283,26507.21642481587,Down,Up,2720
Ridge,H3,264,2024-08-21,2024-08-26,71407.0,0.0013023933227835,0.0010678947587216458,71500.0,71483.25516103604,0.0,71407.0,16.74483896396123,280.38963192899416,Up,Up,2719
Ridge,H4,264,2024-08-21,2024-08-27,71407.0,0.0020166090159228,0.0014217170416729293,71551.0,71508.52054879472,0.0,71407.0,42.479451205275836,1804.5037747014107,Up,Up,2718
Ridge,H5,264,2024-08-21,2024-08-28,71407.0,-0.001106334112902,0.0017610946791579466,71328.0,71532.75448775463,0.0,71407.0,204.75448775463155,41924.40025566157,Down,Up,2717
Ridge,H6,264,2024-08-21,2024-08-29,71407.0,0.0036270953828057,0.0021017667470596304,71666.0,71557.08085810728,0.0,71407.0,108.91914189272211,11863.379470646933,Up,Up,2716
Ridge,H7,264,2024-08-21,2024-08-30,71407.0,-0.0029688966067752,0.002442855660421373,71195.0,71581.43699414372,0.0,71407.0,386.43699414371804,149333.55044283197,Down,Up,2715
Ridge,H1,265,2024-08-22,2024-08-23,70796.0,0.0070484208147352,0.0003542149468185296,71295.0,70821.07700137497,0.0,70796.0,473.9229986250284,224603.00862573867,Up,Up,2722
Ridge,H2,265,2024-08-22,2024-08-26,70796.0,0.0099440646364201,0.0007084959760841847,71500.0,70846.15868112285,0.0,70796.0,653.8413188771519,427508.4702710135,Up,Up,2721
Ridge,H3,265,2024-08-22,2024-08-27,70796.0,0.0106644443188881,0.0010657343254062116,71551.0,70871.44972730146,0.0,70796.0,679.5502726985433,461788.57312466454,Up,Up,2720
Ridge,H4,265,2024-08-22,2024-08-28,70796.0,0.0075145488445675,0.0014204580875207089,71328.0,70896.56275076412,0.0,70796.0,431.4372492358816,186138.10002822423,Up,Up,2719
Ridge,H5,265,2024-08-22,2024-08-29,70796.0,0.0122888298773942,0.0017653015646986877,71666.0,70920.97628957442,0.0,70796.0,745.0237104255793,555060.3290962975,Up,Up,2718
Ridge,H6,265,2024-08-22,2024-08-30,70796.0,0.0056359116334256,0.002103294767127566,71195.0,70944.90485633357,0.0,70796.0,250.0951436664327,62547.580885533614,Up,Up,2717
Ridge,H7,265,2024-08-22,2024-09-02,70796.0,0.0061726651223232,0.002444269539296901,71233.0,70969.04450630407,0.0,70796.0,263.9554936959321,69672.50265226324,Up,Up,2716
Ridge,H1,266,2024-08-23,2024-08-26,71295.0,0.0028753769549056,0.00035667295612968,71500.0,71320.42899840727,0.0,71295.0,179.5710015927325,32245.744613017137,Up,Up,2723
Ridge,H2,266,2024-08-23,2024-08-27,71295.0,0.00359071463637,0.0007076589408397288,71551.0,71345.45254418717,0.0,71295.0,205.5474558128335,42249.756591128746,Up,Up,2722
Ridge,H3,266,2024-08-23,2024-08-28,71295.0,0.0004628655585945,0.0010651106450259636,71328.0,71370.93706343712,0.0,71295.0,42.937063437115285,1843.5914166028622,Up,Up,2721
Ridge,H4,266,2024-08-23,2024-08-29,71295.0,0.0052037309769268,0.0014207469592252622,71666.0,71396.29215445797,0.0,71295.0,269.7078455420269,72742.32194692185,Up,Up,2720
Ridge,H5,266,2024-08-23,2024-08-30,71295.0,-0.001402622904832,0.00176650272562708,71195.0,71420.94281182358,0.0,71295.0,225.942811823581,51050.15421474613,Down,Up,2719
Ridge,H6,266,2024-08-23,2024-09-02,71295.0,-0.0008696262009958,0.0021100029879791734,71233.0,71445.43266302798,0.0,71295.0,212.43266302798293,45127.63632116054,Down,Up,2718
Ridge,H7,266,2024-08-23,2024-09-03,71295.0,-0.0068447997755803,0.002448281968066268,70807.0,71469.55026291328,0.0,71295.0,662.5502629132825,438972.85088645975,Down,Up,2717
Ridge,H1,267,2024-08-26,2024-08-27,71500.0,0.0007132867132866,0.000357597945020034,71551.0,71525.56825306894,0.0,71500.0,25.431746931062662,646.7737519656151,Up,Up,2724
Ridge,H2,267,2024-08-26,2024-08-28,71500.0,-0.0024055944055944,0.0007110518207428797,71328.0,71550.84020518312,0.0,71500.0,222.84020518312172,49657.75704605579,Down,Up,2723
Ridge,H3,267,2024-08-26,2024-08-29,71500.0,0.0023216783216784,0.0010651985705155747,71666.0,71576.16169779187,0.0,71500.0,89.83830220812524,8070.920543638441,Up,Up,2722
Ridge,H4,267,2024-08-26,2024-08-30,71500.0,-0.0042657342657342,0.0014210497701494425,71195.0,71601.60505856569,0.0,71500.0,406.60505856569216,165327.67365120995,Down,Up,2721
Ridge,H5,267,2024-08-26,2024-09-02,71500.0,-0.0037342657342657,0.0017677250745034851,71233.0,71626.39234282699,0.0,71500.0,393.3923428269918,154757.53539490944,Down,Up,2720
Ridge,H6,267,2024-08-26,2024-09-03,71500.0,-0.0096923076923076,0.002112141394719511,70807.0,71651.01810972246,0.0,71500.0,844.0181097224558,712366.5695394676,Down,Up,2719
Ridge,H7,267,2024-08-26,2024-09-04,71500.0,-0.0062517482517482,0.002455943394598272,71053.0,71675.59995271378,0.0,71500.0,622.5999527137756,387630.70111919555,Down,Up,2718
Ridge,H1,268,2024-08-27,2024-08-28,71551.0,-0.0031166580481055,0.00035772851770610317,71328.0,71576.59583317039,0.0,71551.0,248.59583317038778,61799.88826967927,Down,Up,2725
Ridge,H2,268,2024-08-27,2024-08-29,71551.0,0.0016072451817583,0.0007121088071382826,71666.0,71601.95209725955,0.0,71551.0,64.04790274045081,4102.133845450247,Up,Up,2724
Ridge,H3,268,2024-08-27,2024-08-30,71551.0,-0.0049754720409218,0.001068723709817728,71195.0,71627.46825016117,0.0,71551.0,432.4682501611678,187028.78739746244,Down,Up,2723
Ridge,H4,268,2024-08-27,2024-09-02,71551.0,-0.0044443823286886,0.0014212685193072715,71233.0,71652.69318382496,0.0,71551.0,419.6931838249584,176142.36854913033,Down,Up,2722
Ridge,H5,268,2024-08-27,2024-09-03,71551.0,-0.0103981775237242,0.0017681621238179973,70807.0,71677.5137681213,0.0,71551.0,870.5137681212946,757794.220488735,Down,Up,2721
Ridge,H6,268,2024-08-27,2024-09-04,71551.0,-0.006960070439267,0.002113499307827751,71053.0,71702.22298897439,0.0,71551.0,649.2229889743903,421490.4894128413,Down,Up,2720
Ridge,H7,268,2024-08-27,2024-09-05,71551.0,0.0047378792749228,0.002458218525037511,71890.0,71726.88799368496,0.0,71551.0,163.1120063150447,26605.526604119186,Up,Up,2719
Ridge,H1,269,2024-08-28,2024-08-29,71328.0,0.0047386720502466,0.00035645397329337754,71666.0,71353.42514900707,0.0,71328.0,312.57485099292535,97703.03747324948,Up,Up,2726
Ridge,H2,269,2024-08-28,2024-08-30,71328.0,-0.0018646253925527,0.0007109646411726483,71195.0,71378.71168592556,0.0,71328.0,183.71168592556205,33749.983545612355,Down,Up,2725
Ridge,H3,269,2024-08-28,2024-09-02,71328.0,-0.0013318752803948,0.0010685012925263947,71233.0,71404.21406019332,0.0,71328.0,171.21406019332062,29314.254407882017,Down,Up,2724
Ridge,H4,269,2024-08-28,2024-09-03,71328.0,-0.0073042844324808,0.0014235061096478244,70807.0,71429.53584378897,0.0,71328.0,622.5358437889663,387550.87680204026,Down,Up,2723
Ridge,H5,269,2024-08-28,2024-09-04,71328.0,-0.003855428443248,0.0017671061785476184,71053.0,71454.04414950345,0.0,71328.0,401.04414950344653,160836.4098509428,Down,Up,2722
Ridge,H6,269,2024-08-28,2024-09-05,71328.0,0.0078790937640196,0.0021126608606211973,71890.0,71478.6918738664,0.0,71328.0,411.3081261336047,169174.37462353724,Up,Up,2721
Ridge,H7,269,2024-08-28,2024-09-06,71328.0,0.0011355989232839,0.0024582966550797804,71409.0,71503.34538381352,0.0,71328.0,94.3453838135174,8901.051446919912,Up,Up,2720
Ridge,H1,270,2024-08-29,2024-08-30,71666.0,-0.0065721541595735,0.00035806080819802554,71195.0,71691.66078588033,0.0,71666.0,496.6607858803327,246671.93623126968,Down,Up,2727
Ridge,H2,270,2024-08-29,2024-09-02,71666.0,-0.0060419166689922,0.0007112933796340918,71233.0,71716.97555134485,0.0,71666.0,483.9755513448472,234232.33429954882,Down,Up,2726
Ridge,H3,270,2024-08-29,2024-09-03,71666.0,-0.0119861580107721,0.001068960933525487,70807.0,71742.60815426204,0.0,71666.0,935.6081542620377,875362.618321617,Down,Up,2725
Ridge,H4,270,2024-08-29,2024-09-04,71666.0,-0.0085535679401669,0.0014248938721013829,71053.0,71768.11644423801,0.0,71666.0,715.1164442380104,511391.5288196155,Down,Up,2724
Ridge,H5,270,2024-08-29,2024-09-05,71666.0,0.003125610470795,0.0017709702344182664,71890.0,71792.91835281982,0.0,71666.0,97.08164718018088,9424.846219217123,Up,Up,2723
Ridge,H6,270,2024-08-29,2024-09-06,71666.0,-0.0035860798705104,0.002113217005369739,71409.0,71817.44580990683,0.0,71666.0,408.4458099068288,166827.97963044533,Down,Up,2722
Ridge,H7,270,2024-08-29,2024-09-09,71666.0,-0.0012976864901068,0.0024590723292517353,71573.0,71842.23187754815,0.0,71666.0,269.23187754815444,72485.80388810443,Down,Up,2721
Ridge,H1,271,2024-08-30,2024-09-02,71195.0,0.0005337453472855,0.0003555207205641459,71233.0,71220.31129770057,0.0,71195.0,12.688702299434226,161.00316604366742,Up,Up,2728
Ridge,H2,271,2024-08-30,2024-09-03,71195.0,-0.00544982091439,0.0007103488330007859,70807.0,71245.57328516549,0.0,71195.0,438.57328516549023,192346.5264608504,Down,Up,2727
Ridge,H3,271,2024-08-30,2024-09-04,71195.0,-0.0019945220872252,0.0010667438250153353,71053.0,71270.94682662196,0.0,71195.0,217.94682662196283,47500.81923458393,Down,Up,2726
Ridge,H4,271,2024-08-30,2024-09-05,71195.0,0.0097619214832502,0.001422805812902959,71890.0,71296.29665984963,0.0,71195.0,593.7033401503722,352483.6561057086,Up,Up,2725
Ridge,H5,271,2024-08-30,2024-09-06,71195.0,0.0030058290610295,0.0017698052750891341,71409.0,71321.00128655997,0.0,71195.0,87.99871344002895,7743.773567100332,Up,Up,2724
Ridge,H6,271,2024-08-30,2024-09-09,71195.0,0.0053093616124728,0.00211451075691588,71573.0,71345.54259333863,0.0,71195.0,227.45740666137135,51736.87184511646,Up,Up,2723
Ridge,H7,271,2024-08-30,2024-09-10,71195.0,0.008792752300021,0.0024570786352719007,71821.0,71369.93171343819,0.0,71195.0,451.0682865618146,203462.59914181128,Up,Up,2722
Ridge,H1,272,2024-09-02,2024-09-03,71233.0,-0.0059803742647368,0.0003555857280943134,70807.0,71258.32943816934,0.0,71233.0,451.3294381693413,203698.26175825327,Down,Up,2729
Ridge,H2,272,2024-09-02,2024-09-04,71233.0,-0.0025269187034099,0.0007078736597538534,71053.0,71283.42396440524,0.0,71233.0,230.42396440524317,53095.203372228774,Down,Up,2728
Ridge,H3,272,2024-09-02,2024-09-05,71233.0,0.0092232532674463,0.0010658642141660717,71890.0,71308.9247055677,0.0,71233.0,581.075294432303,337648.49779958767,Up,Up,2727
Ridge,H4,272,2024-09-02,2024-09-06,71233.0,0.0024707649544453,0.001420653445420186,71409.0,71334.19740687762,0.0,71233.0,74.80259312238195,5595.427937832624,Up,Up,2726
Ridge,H5,272,2024-09-02,2024-09-09,71233.0,0.0047730686619964,0.0017677853430404305,71573.0,71358.9246533408,0.0,71233.0,214.07534665919957,45828.254047256465,Up,Up,2725
Ridge,H6,272,2024-09-02,2024-09-10,71233.0,0.0082546010978057,0.002113415462625866,71821.0,71383.54492364923,0.0,71233.0,437.4550763507723,191366.94382506,Up,Up,2724
Ridge,H7,272,2024-09-02,2024-09-11,71233.0,0.0090547920205523,0.0024584430050205767,71878.0,71408.12227057663,0.0,71233.0,469.87772942337324,220785.08060806475,Up,Up,2723
Ridge,H1,273,2024-09-03,2024-09-04,70807.0,0.0034742327735959,0.0003532650501634839,71053.0,70832.01363840692,0.0,70807.0,220.9863615930808,48834.97201014786,Up,Up,2730
Ridge,H2,273,2024-09-03,2024-09-05,70807.0,0.0152950979422938,0.000705617366088334,71890.0,70856.96264884062,0.0,70807.0,1033.0373511593789,1067166.168890386,Up,Up,2729
Ridge,H3,273,2024-09-03,2024-09-06,70807.0,0.0085019842670921,0.0010610798356859425,71409.0,70882.13187992542,0.0,70807.0,526.8681200745777,277590.01595091965,Up,Up,2728
Ridge,H4,273,2024-09-03,2024-09-09,70807.0,0.0108181394494895,0.0014174540796720802,71573.0,70907.36567101935,0.0,70807.0,665.6343289806537,443069.0599175251,Up,Up,2727
Ridge,H5,273,2024-09-03,2024-09-10,70807.0,0.0143206180179926,0.0017633226791502184,71821.0,70931.85558894259,0.0,70807.0,889.1444110574084,790577.7837146258,Up,Up,2726
Ridge,H6,273,2024-09-03,2024-09-11,70807.0,0.01512562317285,0.00210908315943851,71878.0,70956.33785127036,0.0,70807.0,921.6621487296361,849461.1164009299,Up,Up,2725
Ridge,H7,273,2024-09-03,2024-09-12,70807.0,0.0264663098281243,0.002455027885599008,72681.0,70980.83315949561,0.0,70807.0,1700.1668405043893,2890567.285550677,Up,Up,2724
Ridge,H1,274,2024-09-04,2024-09-05,71053.0,0.0117799389188353,0.000354407815906903,71890.0,71078.18173854364,0.0,71053.0,811.8182614563557,659048.8896340199,Up,Up,2731
Ridge,H2,274,2024-09-04,2024-09-06,71053.0,0.0050103443908069,0.0007044334486393209,71409.0,71103.05210982617,0.0,71053.0,305.947890173833,93604.11150181977,Up,Up,2730
Ridge,H3,274,2024-09-04,2024-09-09,71053.0,0.0073184805708415,0.0010599602775601693,71573.0,71128.3133576015,0.0,71053.0,444.6866423985048,197746.20992765567,Up,Up,2729
Ridge,H4,274,2024-09-04,2024-09-10,71053.0,0.0108088328430888,0.001413799113036468,71821.0,71153.45466837859,0.0,71053.0,667.5453316214116,445616.7697695404,Up,Up,2728
Ridge,H5,274,2024-09-04,2024-09-11,71053.0,0.0116110509056619,0.0017612622717555887,71878.0,71178.14296819505,0.0,71053.0,699.857031804946,489799.86496682925,Up,Up,2727
Ridge,H6,274,2024-09-04,2024-09-12,71053.0,0.0229124737871728,0.0021057562429377228,72681.0,71202.62029832945,0.0,71053.0,1478.3797016705503,2185606.5423115054,Up,Up,2726
Ridge,H7,274,2024-09-04,2024-09-13,71053.0,0.0325672385402446,0.0024518326761669806,73367.0,71227.21006713969,0.0,71053.0,2139.789932860309,4578700.956770325,Up,Up,2725
Ridge,H1,275,2024-09-05,2024-09-06,71890.0,-0.0066907775768535,0.0003585900127340548,71409.0,71915.77903601545,0.0,71890.0,506.77903601544676,256824.99134474547,Down,Up,2732
Ridge,H2,275,2024-09-05,2024-09-09,71890.0,-0.0044095145360968,0.0007097762344035716,71573.0,71941.02581349127,0.0,71890.0,368.02581349127286,135442.99939591315,Down,Up,2731
Ridge,H3,275,2024-09-05,2024-09-10,71890.0,-0.0009597996939768,0.001062950863727042,71821.0,71966.41553759333,0.0,71890.0,145.41553759333328,21145.678573558125,Down,Up,2730
Ridge,H4,275,2024-09-05,2024-09-11,71890.0,-0.000166921685909,0.0014168584565167875,71878.0,71991.857954439,0.0,71890.0,113.85795443899406,12963.633789032046,Down,Up,2729
Ridge,H5,275,2024-09-05,2024-09-12,71890.0,0.0110029211295035,0.0017617626374659208,72681.0,72016.65311600742,0.0,71890.0,664.3468839925772,441356.7822706468,Up,Up,2728
Ridge,H6,275,2024-09-05,2024-09-13,71890.0,0.0205452775073027,0.002107873410136265,73367.0,72041.53501945469,0.0,71890.0,1325.4649805453082,1756857.4146519743,Up,Up,2727
Ridge,H7,275,2024-09-05,2024-09-16,71890.0,0.0213103352343859,0.002452671258447803,73422.0,72066.32253676982,0.0,71890.0,1355.6774632301822,1837861.384310222,Up,Up,2726
Ridge,H1,276,2024-09-06,2024-09-09,71409.0,0.0022966292764217,0.00035601050305491015,71573.0,71434.42235401264,0.0,71409.0,138.57764598735957,19203.763967397954,Up,Up,2733
Ridge,H2,276,2024-09-06,2024-09-10,71409.0,0.0057695808651569,0.0007113497970751355,71821.0,71459.79677765934,0.0,71409.0,361.2032223406568,130467.76782927394,Up,Up,2732
Ridge,H3,276,2024-09-06,2024-09-11,71409.0,0.006567799577084,0.0010656738958640757,71878.0,71485.09870722976,0.0,71409.0,392.90129277024243,154371.42586052776,Up,Up,2731
Ridge,H4,276,2024-09-06,2024-09-12,71409.0,0.0178128807293198,0.0014172435271031074,72681.0,71510.2039430269,0.0,71409.0,1170.796056973093,1370763.407023742,Up,Up,2730
Ridge,H5,276,2024-09-06,2024-09-13,71409.0,0.0274195129465473,0.001762217618495016,73367.0,71534.83819791912,0.0,71409.0,1832.161802080882,3356816.8690042645,Up,Up,2729
Ridge,H6,276,2024-09-06,2024-09-16,71409.0,0.0281897239843718,0.002105785521611299,73422.0,71559.37203831275,0.0,71409.0,1862.627961687249,3469382.9236591957,Up,Up,2728
Ridge,H7,276,2024-09-06,2024-09-17,71409.0,0.0225881891638308,0.0024521879912725187,73022.0,71584.10829226878,0.0,71409.0,1437.8917077312217,2067532.563162209,Up,Up,2727
Ridge,H1,277,2024-09-09,2024-09-10,71573.0,0.0034649937825717,0.0003567203199743742,71821.0,71598.53154346152,0.0,71573.0,222.4684565384814,49492.21415461419,Up,Up,2734
Ridge,H2,277,2024-09-09,2024-09-11,71573.0,0.0042613834825981,0.0007094761819103573,71878.0,71623.77933876787,0.0,71573.0,254.22066123213153,64628.144597302184,Up,Up,2733
Ridge,H3,277,2024-09-09,2024-09-12,71573.0,0.0154806980285862,0.0010679629806447486,72681.0,71649.43731441368,0.0,71573.0,1031.562685586323,1064121.574294067,Up,Up,2732
Ridge,H4,277,2024-09-09,2024-09-13,71573.0,0.0250653179271513,0.0014206861670339477,73367.0,71674.68277103313,0.0,71573.0,1692.3172289668728,2863937.603458115,Up,Up,2731
Ridge,H5,277,2024-09-09,2024-09-16,71573.0,0.0258337641289312,0.0017633207167895232,73422.0,71699.20615366277,0.0,71573.0,1722.7938463372266,2968018.6369774155,Up,Up,2730
Ridge,H6,277,2024-09-09,2024-09-17,71573.0,0.0202450644796221,0.0021069597218450675,73022.0,71723.80142817162,0.0,71573.0,1298.1985718283831,1685319.5318972536,Up,Up,2729
Ridge,H7,277,2024-09-09,2024-09-18,71573.0,0.020342866723485,0.002450813337912803,73029.0,71748.41206303444,0.0,71573.0,1280.5879369655595,1639905.4643017077,Up,Up,2728
Ridge,H1,278,2024-09-10,2024-09-11,71821.0,0.0007936397432506,0.00035785679865312935,71878.0,71846.70163313606,0.0,71821.0,31.29836686393537,979.5877683494876,Up,Up,2735
Ridge,H2,278,2024-09-10,2024-09-12,71821.0,0.0119742136700964,0.0007113271505230105,72681.0,71872.08822727771,0.0,71821.0,808.9117727222911,654338.2560487195,Up,Up,2734
Ridge,H3,278,2024-09-10,2024-09-13,71821.0,0.0215257375976385,0.0010672209677608869,73367.0,71897.64887712555,0.0,71821.0,1469.3511228744464,2158992.7222923967,Up,Up,2733
Ridge,H4,278,2024-09-10,2024-09-16,71821.0,0.022291530332354,0.0014241224339126097,73422.0,71923.28189732604,0.0,71821.0,1498.7181026739563,2246155.951282623,Up,Up,2732
Ridge,H5,278,2024-09-10,2024-09-17,71821.0,0.0167221286253325,0.0017679189784742997,73022.0,71947.973708953,0.0,71821.0,1074.0262910470046,1153532.4738601851,Up,Up,2731
Ridge,H6,278,2024-09-10,2024-09-18,71821.0,0.0168195931552053,0.002109211469498558,73029.0,71972.48567695085,0.0,71821.0,1056.5143230491522,1116222.5148080082,Up,Up,2730
Ridge,H7,278,2024-09-10,2024-09-19,71821.0,0.0213865025549631,0.002453137104774519,73357.0,71997.186760002,0.0,71821.0,1359.813239997995,1849092.0476738447,Up,Up,2729
Ridge,H1,279,2024-09-11,2024-09-12,71878.0,0.011171707615682,0.00035801611210095174,72681.0,71903.73348210558,0.0,71878.0,777.2665178944153,604143.2398397094,Up,Up,2736
Ridge,H2,279,2024-09-11,2024-09-13,71878.0,0.0207156570856172,0.0007126249472340318,73367.0,71929.22205595729,0.0,71878.0,1437.7779440427112,2067205.4163756855,Up,Up,2735
Ridge,H3,279,2024-09-11,2024-09-16,71878.0,0.0214808425387462,0.0010692327265855988,73422.0,71954.85430992152,0.0,71878.0,1467.1456900784833,2152516.475915869,Up,Up,2734
Ridge,H4,279,2024-09-11,2024-09-17,71878.0,0.0159158574250812,0.0014235402930006472,73022.0,71980.3212291803,0.0,71878.0,1041.6787708196935,1085094.6615764275,Up,Up,2733
Ridge,H5,279,2024-09-11,2024-09-18,71878.0,0.0160132446645704,0.0017715215836613105,73029.0,72005.33342839041,0.0,71878.0,1023.6665716095886,1047893.249830929,Up,Up,2732
Ridge,H6,279,2024-09-11,2024-09-19,71878.0,0.0205765324577755,0.002113977458363632,73357.0,72029.94847175226,0.0,71878.0,1327.0515282477427,1761065.7586246694,Up,Up,2731
Ridge,H7,279,2024-09-11,2024-09-20,71878.0,0.029202259383956,0.0024555555241558813,73977.0,72054.50041996528,0.0,71878.0,1922.4995800347242,3696004.635233691,Up,Up,2730
Ridge,H1,280,2024-09-12,2024-09-13,72681.0,0.0094385052489647,0.00036196670297232783,73367.0,72707.30810193873,0.0,72681.0,659.6918980612681,435193.4003676786,Up,Up,2737
Ridge,H2,280,2024-09-12,2024-09-16,72681.0,0.0101952367193627,0.0007167407658302525,73422.0,72733.0934356013,0.0,72681.0,688.9065643986978,474592.25447161717,Up,Up,2736
Ridge,H3,280,2024-09-12,2024-09-17,72681.0,0.0046917351164679,0.0010745019676581737,73022.0,72759.09587751135,0.0,72681.0,262.90412248864595,69118.57762152495,Up,Up,2735
Ridge,H4,280,2024-09-12,2024-09-18,72681.0,0.0047880463945184,0.001429534547428418,73029.0,72784.90000044164,0.0,72681.0,244.0999995583552,59584.80978438901,Up,Up,2734
Ridge,H5,280,2024-09-12,2024-09-19,72681.0,0.0093009177088922,0.0017748989933855258,73357.0,72810.00143373825,0.0,72681.0,546.9985662617546,299207.43149241514,Up,Up,2733
Ridge,H6,280,2024-09-12,2024-09-20,72681.0,0.0178313451933793,0.0021215903925820515,73977.0,72835.19931132325,0.0,72681.0,1141.8006886767544,1303708.8126627104,Up,Up,2732
Ridge,H7,280,2024-09-12,2024-09-23,72681.0,0.02066564851887,0.0024643472086446974,74183.0,72860.11121947151,0.0,72681.0,1322.8887805284903,1750034.7256481561,Up,Up,2731
Ridge,H1,281,2024-09-13,2024-09-16,73367.0,0.000749655839819,0.0003652819422656589,73422.0,73393.7996402582,0.0,73367.0,28.200359741793363,795.2602895665599,Up,Up,2738
Ridge,H2,281,2024-09-13,2024-09-17,73367.0,-0.0047023866315918,0.0007240482622338604,73022.0,73420.12124885531,0.0,73367.0,398.12124885531375,158500.52879011465,Down,Up,2737
Ridge,H3,281,2024-09-13,2024-09-18,73367.0,-0.0046069758883421,0.0010819771781316876,73029.0,73446.38141962799,0.0,73367.0,417.38141962798545,174207.24945067248,Down,Up,2736
Ridge,H4,281,2024-09-13,2024-09-19,73367.0,-0.0001363010617853,0.0014381770564642687,73357.0,73472.51473610161,0.0,73367.0,115.51473610161338,13343.654256625381,Down,Up,2735
Ridge,H5,281,2024-09-13,2024-09-20,73367.0,0.0083143647689014,0.0017842795673223236,73977.0,73497.90723901574,0.0,73367.0,479.092760984262,229529.8736275232,Up,Up,2734
Ridge,H6,281,2024-09-13,2024-09-23,73367.0,0.011122166641678,0.002128331955321269,74183.0,73523.14933056606,0.0,73367.0,659.8506694339449,435402.90595242515,Up,Up,2733
Ridge,H7,281,2024-09-13,2024-09-24,73367.0,0.0207041312851827,0.0024753660561191936,74886.0,73548.6101814393,0.0,73367.0,1337.3898185606959,1788611.526789811,Up,Up,2732
Ridge,H1,282,2024-09-16,2024-09-17,73422.0,-0.005447958377598,0.00036542279514352796,73022.0,73448.83007246503,0.0,73422.0,426.8300724650326,182183.91076050495,Down,Up,2739
Ridge,H2,282,2024-09-16,2024-09-18,73422.0,-0.00535261910599,0.0007275077718825122,73029.0,73475.41507562716,0.0,73422.0,446.4150756271556,199286.41974719905,Down,Up,2738
Ridge,H3,282,2024-09-16,2024-09-19,73422.0,-0.0008852932363596,0.0010894307640000093,73357.0,73501.98818555441,0.0,73422.0,144.98818555440812,21021.573950359478,Down,Up,2737
Ridge,H4,282,2024-09-16,2024-09-20,73422.0,0.0075590422489171,0.0014457996720693078,73977.0,73528.15350352268,0.0,73422.0,448.84649647731567,201463.17739996096,Up,Up,2736
Ridge,H5,282,2024-09-16,2024-09-23,73422.0,0.0103647408133802,0.0017930732974436093,74183.0,73553.6510276449,0.0,73422.0,629.3489723551029,396080.12900442403,Up,Up,2735
Ridge,H6,282,2024-09-16,2024-09-24,73422.0,0.0199395276620086,0.0021378646530429584,74886.0,73578.96629855572,0.0,73422.0,1307.0337014442775,1708337.096711129,Up,Up,2734
Ridge,H7,282,2024-09-16,2024-09-25,73422.0,0.0237667184222711,0.002482258307377495,75167.0,73604.25236944428,0.0,73422.0,1562.7476305557211,2442180.1568075204,Up,Up,2733
Ridge,H1,283,2024-09-17,2024-09-18,73022.0,9.586152118545854e-05,0.00036330084568698327,73029.0,73048.52895435375,0.0,73022.0,19.528954353751033,381.3800581508914,Up,Up,2740
Ridge,H2,283,2024-09-17,2024-09-19,73022.0,0.0045876585138724,0.0007255249279661848,73357.0,73074.97928128995,0.0,73022.0,282.0207187100459,79535.68578173083,Up,Up,2739
Ridge,H3,283,2024-09-17,2024-09-20,73022.0,0.0130782503902933,0.0010907459870774067,73977.0,73101.64845346837,0.0,73022.0,875.3515465316304,766240.3300153172,Up,Up,2738
Ridge,H4,283,2024-09-17,2024-09-23,73022.0,0.0158993180137492,0.0014510857890481124,74183.0,73127.96118648788,0.0,73022.0,1055.0388135121175,1113106.8980170565,Up,Up,2737
Ridge,H5,283,2024-09-17,2024-09-24,73022.0,0.0255265536413684,0.001798529335090998,74886.0,73153.33220910701,0.0,73022.0,1732.667790892985,3002137.673597977,Up,Up,2736
Ridge,H6,283,2024-09-17,2024-09-25,73022.0,0.0293747089918106,0.002144485007876134,75167.0,73178.59458424513,0.0,73022.0,1988.4054157548671,3953756.097403286,Up,Up,2735
Ridge,H7,283,2024-09-17,2024-09-26,73022.0,0.0317301635123661,0.00248961204692273,75339.0,73203.79645089038,0.0,73022.0,2135.2035491096176,4559094.196130307,Up,Up,2734
Ridge,H1,284,2024-09-18,2024-09-19,73029.0,0.0044913664434675,0.0003632031031443619,73357.0,73055.52435941953,0.0,73029.0,301.47564058046555,90887.56186340205,Up,Up,2741
Ridge,H2,284,2024-09-18,2024-09-20,73029.0,0.0129811444768517,0.0007233065368653547,73977.0,73081.82235308073,0.0,73029.0,895.17764691927,801343.0195439213,Up,Up,2740
Ridge,H3,284,2024-09-18,2024-09-23,73029.0,0.0158019416943953,0.0010886655706991769,74183.0,73108.5041579626,0.0,73029.0,1074.4958420374023,1154541.3145556662,Up,Up,2739
Ridge,H4,284,2024-09-18,2024-09-24,73029.0,0.0254282545290227,0.0014523045619010218,74886.0,73135.06034985108,0.0,73029.0,1750.9396501489246,3065789.6584636383,Up,Up,2738
Ridge,H5,284,2024-09-18,2024-09-25,73029.0,0.0292760410247983,0.0018037229831525795,75167.0,73160.72408573666,0.0,73029.0,2006.275914263344,4025143.0441532168,Up,Up,2737
Ridge,H6,284,2024-09-18,2024-09-26,73029.0,0.0316312697695435,0.0021498487115763566,75339.0,73186.00130155771,0.0,73029.0,2152.9986984422867,4635403.395494181,Up,Up,2736
Ridge,H7,284,2024-09-18,2024-09-27,73029.0,0.0253187090060114,0.002496139700274329,74878.0,73211.29058617134,0.0,73029.0,1666.709413828663,2777920.270145085,Up,Up,2735
Ridge,H1,285,2024-09-19,2024-09-20,73357.0,0.0084518178224299,0.000364708451831808,73977.0,73383.75391790103,0.0,73357.0,593.2460820989654,351940.9139257724,Up,Up,2742
Ridge,H2,285,2024-09-19,2024-09-23,73357.0,0.0112600024537534,0.0007247159835857856,74183.0,73410.1629904079,0.0,73357.0,772.8370095920982,597277.0433952569,Up,Up,2741
Ridge,H3,285,2024-09-19,2024-09-24,73357.0,0.0208432733072507,0.0010879448477858359,74886.0,73436.80837019903,0.0,73357.0,1449.1916298009746,2100156.379885205,Up,Up,2740
Ridge,H4,285,2024-09-19,2024-09-25,73357.0,0.0246738552558039,0.0014517243935455305,75167.0,73463.49414633731,0.0,73357.0,1703.5058536626893,2901932.193463048,Up,Up,2739
Ridge,H5,285,2024-09-19,2024-09-26,73357.0,0.0270185531033166,0.0018064608939805387,75339.0,73489.51655179972,0.0,73357.0,1849.483448200277,3420589.0251667867,Up,Up,2738
Ridge,H6,285,2024-09-19,2024-09-27,73357.0,0.020734217593413,0.002156580952486807,74878.0,73515.20030893157,0.0,73357.0,1362.7996910684305,1857222.9979762097,Up,Up,2737
Ridge,H7,285,2024-09-19,2024-09-30,73357.0,0.0202707308096024,0.002503044187396766,74844.0,73540.61581245487,0.0,73357.0,1303.3841875451326,1698810.3403426853,Up,Up,2736
Ridge,H1,286,2024-09-20,2024-09-23,73977.0,0.0027846492828851,0.0003676568137903493,74183.0,74004.19814811376,0.0,73977.0,178.80185188623727,31970.102237947933,Up,Up,2743
Ridge,H2,286,2024-09-20,2024-09-24,73977.0,0.0122876029036052,0.0007291862439862418,74886.0,74030.94301077137,0.0,73977.0,855.0569892286294,731122.4548287285,Up,Up,2742
Ridge,H3,286,2024-09-20,2024-09-25,73977.0,0.0160860808089,0.0010923197276901922,75167.0,74057.80653649534,0.0,73977.0,1109.1934635046637,1230310.1394814716,Up,Up,2741
Ridge,H4,286,2024-09-20,2024-09-26,73977.0,0.0184111277829595,0.0014539535556038832,75339.0,74084.55912218291,0.0,73977.0,1254.440877817091,1573621.9159385138,Up,Up,2740
Ridge,H5,286,2024-09-20,2024-09-27,73977.0,0.0121794611838814,0.0018088371486497082,74878.0,74110.81234574567,0.0,73977.0,767.1876542543323,588576.8968402649,Up,Up,2739
Ridge,H6,286,2024-09-20,2024-09-30,73977.0,0.0117198588750557,0.002162306285861385,74844.0,74136.96093210917,0.0,73977.0,707.0390678908298,499904.24352393334,Up,Up,2738
Ridge,H7,286,2024-09-20,2024-10-01,73977.0,0.022750314286873,0.0025127994447413167,75660.0,74162.88936452364,0.0,73977.0,1497.1106354763615,2241340.254856435,Up,Up,2737
Ridge,H1,287,2024-09-23,2024-09-24,74183.0,0.0094765647115915,0.0003685378642795499,74886.0,74210.33924438585,0.0,74183.0,675.6607556141535,456517.4566770888,Up,Up,2744
Ridge,H2,287,2024-09-23,2024-09-25,74183.0,0.0132644945607485,0.0007330257310847839,75167.0,74237.37804780905,0.0,74183.0,929.6219521909516,864196.9739953158,Up,Up,2743
Ridge,H3,287,2024-09-23,2024-09-26,74183.0,0.0155830850733995,0.0010976845894184292,75339.0,74264.42953589682,0.0,74183.0,1074.570464103177,1154701.6823229173,Up,Up,2742
Ridge,H4,287,2024-09-23,2024-09-27,74183.0,0.0093687232923984,0.001459223963286239,74878.0,74291.24961126846,0.0,74183.0,586.7503887315397,344276.018676613,Up,Up,2741
Ridge,H5,287,2024-09-23,2024-09-30,74183.0,0.0089103972608279,0.0018119601013642467,74844.0,74317.4166361995,0.0,74183.0,526.5833638004988,277290.0390314484,Up,Up,2740
Ridge,H6,287,2024-09-23,2024-10-01,74183.0,0.0199102220185216,0.0021655778815212827,75660.0,74343.64906398489,0.0,74183.0,1316.3509360151074,1732779.7867478495,Up,Up,2739
Ridge,H7,287,2024-09-23,2024-10-03,74183.0,0.0221614116441772,0.0025194297482819972,75827.0,74369.8988570168,0.0,74183.0,1457.1011429831997,2123143.740882947,Up,Up,2738
Ridge,H1,288,2024-09-24,2024-09-25,74886.0,0.0037523702694761,0.00037185590157150656,75167.0,74913.84680104509,0.0,74886.0,253.1531989549112,64086.54214110485,Up,Up,2745
Ridge,H2,288,2024-09-24,2024-09-26,74886.0,0.0060491947760596,0.0007372366098006155,75339.0,74941.20870076153,0.0,74886.0,397.7912992384663,158237.91774982706,Up,Up,2744
Ridge,H3,288,2024-09-24,2024-09-27,74886.0,-0.0001068290468178,0.0011048831423210446,74878.0,74968.74027899586,0.0,74886.0,90.7402789958578,8233.798232246114,Down,Up,2743
Ridge,H4,288,2024-09-24,2024-09-30,74886.0,-0.0005608524957936,0.0014679655182542304,74844.0,74995.93006579998,0.0,74886.0,151.93006579998473,23082.74489398769,Down,Up,2742
Ridge,H5,288,2024-09-24,2024-10-01,74886.0,0.010335710279625,0.0018206120368428654,75660.0,75022.33835299102,0.0,74886.0,637.6616470089793,406612.37606620416,Up,Up,2741
Ridge,H6,288,2024-09-24,2024-10-03,74886.0,0.0125657666319471,0.0021720646995691422,75827.0,75048.65723709193,0.0,74886.0,778.3427629080688,605817.4565713663,Up,Up,2740
Ridge,H7,288,2024-09-24,2024-10-04,74886.0,0.0116577197339957,0.002526068795112138,75759.0,75075.16718779076,0.0,74886.0,683.8328122092353,467627.3150539912,Up,Up,2739
Ridge,H1,289,2024-09-25,2024-09-26,75167.0,0.0022882381896311,0.0003730873070095571,75339.0,75195.043853606,0.0,75167.0,143.95614639400446,20723.372084612045,Up,Up,2746
Ridge,H2,289,2024-09-25,2024-09-27,75167.0,-0.0038447723069964,0.0007418006121340346,74878.0,75222.75892661228,0.0,75167.0,344.75892661228136,118858.7174788524,Down,Up,2745
Ridge,H3,289,2024-09-25,2024-09-30,75167.0,-0.0042970984607606,0.0011103431665543033,74844.0,75250.46116480038,0.0,75167.0,406.46116480037745,165210.6784908796,Down,Up,2744
Ridge,H4,289,2024-09-25,2024-10-01,75167.0,0.0065587292295821,0.001476426085559259,75660.0,75277.97851957324,0.0,75167.0,382.0214804267598,145940.41150745322,Up,Up,2743
Ridge,H5,289,2024-09-25,2024-10-03,75167.0,0.0087804488671889,0.0018306254554123268,75827.0,75304.60262360697,0.0,75167.0,522.3973763930262,272899.0188623171,Up,Up,2742
Ridge,H6,289,2024-09-25,2024-10-04,75167.0,0.0078757965596605,0.002181989271694439,75759.0,75331.01358758545,0.0,75167.0,427.98641241455334,183172.36921148014,Up,Up,2741
Ridge,H7,289,2024-09-25,2024-10-07,75167.0,0.0065188180983677,0.002533821209781775,75657.0,75357.45973887567,0.0,75167.0,299.5402611243335,89724.3680344339,Up,Up,2740
Ridge,H1,290,2024-09-26,2024-09-27,75339.0,-0.0061190087471296,0.0003737841548406107,74878.0,75367.16052444154,0.0,75339.0,489.1605244415405,239278.0186719229,Down,Up,2747
Ridge,H2,290,2024-09-26,2024-09-30,75339.0,-0.0065703022339027,0.0007437328875585066,74844.0,75395.03209201578,0.0,75339.0,551.0320920157828,303636.36643129017,Down,Up,2746
Ridge,H3,290,2024-09-26,2024-10-01,75339.0,0.0042607414486521,0.0011156150267133437,75660.0,75423.04932049755,0.0,75339.0,236.95067950244993,56145.624516672746,Up,Up,2745
Ridge,H4,290,2024-09-26,2024-10-03,75339.0,0.0064773888689788,0.0014825970864655708,75827.0,75450.69738189723,0.0,75339.0,376.30261810276716,141603.660390997,Up,Up,2744
Ridge,H5,290,2024-09-26,2024-10-04,75339.0,0.0055748018954326,0.00183980744802008,75759.0,75477.60925332639,0.0,75339.0,281.39074667361274,79180.7523135333,Up,Up,2743
Ridge,H6,290,2024-09-26,2024-10-07,75339.0,0.0042209214351132,0.0021927290991691534,75657.0,75504.1980176023,0.0,75339.0,152.8019823976938,23348.445824665123,Up,Up,2742
Ridge,H7,290,2024-09-26,2024-10-08,75339.0,-0.0071676024369847,0.0025444728258034277,74799.0,75530.69803822321,0.0,75339.0,731.6980382232141,535382.0191397001,Down,Up,2741
Ridge,H1,291,2024-09-27,2024-09-30,74878.0,-0.0004540719570501,0.00037142164210531454,74844.0,74905.81130971757,0.0,74878.0,61.81130971756647,3820.6380090009275,Down,Up,2748
Ridge,H2,291,2024-09-27,2024-10-01,74878.0,0.0104436550121531,0.0007420628251963203,75660.0,74933.56418022506,0.0,74878.0,726.4358197749389,527709.0002520875,Up,Up,2747
Ridge,H3,291,2024-09-27,2024-10-03,74878.0,0.0126739496247227,0.001115170306051818,75827.0,74961.50172217656,0.0,74878.0,865.4982778234407,749087.2689153418,Up,Up,2746
Ridge,H4,291,2024-09-27,2024-10-04,74878.0,0.0117658057106226,0.0014854704792977768,75759.0,74989.22905854885,0.0,74878.0,769.7709414511482,592547.3023025871,Up,Up,2745
Ridge,H5,291,2024-09-27,2024-10-07,74878.0,0.0104035898394723,0.0018435761607302102,75657.0,75016.04329576316,0.0,74878.0,640.9567042368435,410825.49670615647,Up,Up,2744
Ridge,H6,291,2024-09-27,2024-10-08,74878.0,-0.0010550495472635,0.0021994892550544123,74799.0,75042.69335643995,0.0,74878.0,243.69335643995146,59386.45197296923,Down,Up,2743
Ridge,H7,291,2024-09-27,2024-10-09,74878.0,-0.004887951067069,0.0025527790097102446,74512.0,75069.14698668908,0.0,74878.0,557.1469866890839,310412.7647767262,Down,Up,2742
Ridge,H1,292,2024-09-30,2024-10-01,74844.0,0.0109026775693441,0.0003711212819495125,75660.0,74871.77620122622,0.0,74844.0,788.2237987737753,621296.7569533611,Up,Up,2749
Ridge,H2,292,2024-09-30,2024-10-03,74844.0,0.0131339853562075,0.0007394019739325071,75827.0,74899.339801337,0.0,74844.0,927.6601986629976,860553.4441834721,Up,Up,2748
Ridge,H3,292,2024-09-30,2024-10-04,74844.0,0.0122254288920955,0.0011132001095376226,75759.0,74927.31634899823,0.0,74844.0,831.6836510017747,691697.6953436418,Up,Up,2747
Ridge,H4,292,2024-09-30,2024-10-07,74844.0,0.0108625941959275,0.0014847253512020552,75657.0,74955.12278418537,0.0,74844.0,701.8772158146312,492631.6260796984,Up,Up,2746
Ridge,H5,292,2024-09-30,2024-10-08,74844.0,-0.0006012506012506,0.001846150782173894,74799.0,74982.17330914103,0.0,74844.0,183.17330914102786,33552.46118167456,Down,Up,2745
Ridge,H6,292,2024-09-30,2024-10-09,74844.0,-0.0044358933247822,0.002202958966953144,74512.0,75008.87826092265,0.0,74844.0,496.8782609226473,246888.00617751438,Down,Up,2744
Ridge,H7,292,2024-09-30,2024-10-10,74844.0,-0.0001336112447223,0.0025592384145903106,74834.0,75035.54363990159,0.0,74844.0,201.5436399015889,40619.838784781336,Down,Up,2743
Ridge,H1,293,2024-10-01,2024-10-03,75660.0,0.0022072429288924,0.0003749508350604257,75827.0,75688.36878018067,0.0,75660.0,138.63121981933364,19218.615108596405,Up,Up,2750
Ridge,H2,293,2024-10-01,2024-10-04,75660.0,0.0013084853291038,0.0007429319815175947,75759.0,75716.21023372162,0.0,75660.0,42.78976627837983,1830.9640981583716,Up,Up,2749
Ridge,H3,293,2024-10-01,2024-10-07,75660.0,-3.965107057890549e-05,0.0011143455077720233,75657.0,75744.31138111802,0.0,75660.0,87.31138111802284,7623.277272736635,Down,Up,2748
Ridge,H4,293,2024-10-01,2024-10-08,75660.0,-0.0113798572561458,0.0014865725242218515,74799.0,75772.47407718263,0.0,75660.0,973.4740771826328,947651.7789465784,Down,Up,2747
Ridge,H5,293,2024-10-01,2024-10-09,75660.0,-0.0151731430081945,0.0018492423932043372,74512.0,75799.91367946984,0.0,75660.0,1287.9136794698425,1658721.645765548,Down,Up,2746
Ridge,H6,293,2024-10-01,2024-10-10,75660.0,-0.0109172614327253,0.0022094096708131167,74834.0,75827.16393569372,0.0,75660.0,993.163935693723,986374.6031626456,Down,Up,2745
Ridge,H7,293,2024-10-01,2024-10-11,75660.0,0.0010309278350515,0.0025665967430437103,75738.0,75854.18870957868,0.0,75660.0,116.18870957868057,13499.816233558979,Up,Up,2744
Ridge,H1,294,2024-10-03,2024-10-04,75827.0,-0.0008967781924644,0.00037561714468991605,75759.0,75855.4819212304,0.0,75827.0,96.48192123039917,9308.761124308949,Down,Up,2751
Ridge,H2,294,2024-10-03,2024-10-07,75827.0,-0.002241945481161,0.0007474382059310613,75657.0,75883.67599684114,0.0,75827.0,226.6759968411352,51382.00754392234,Down,Up,2750
Ridge,H3,294,2024-10-03,2024-10-08,75827.0,-0.0135571762037268,0.0011185508574361514,74799.0,75911.8163558668,0.0,75827.0,1112.816355866802,1238360.241884669,Down,Up,2749
Ridge,H4,294,2024-10-03,2024-10-09,75827.0,-0.0173421076925105,0.0014883890512992616,74512.0,75939.86007659287,0.0,75827.0,1427.8600765928713,2038784.3983278004,Down,Up,2748
Ridge,H5,294,2024-10-03,2024-10-10,75827.0,-0.0130955991928995,0.0018517659081829548,74834.0,75967.41385351979,0.0,75827.0,1133.4138535197853,1284626.9633505694,Down,Up,2747
Ridge,H6,294,2024-10-03,2024-10-11,75827.0,-0.0011737243989607,0.0022131814718532998,75738.0,75994.81891146622,0.0,75827.0,256.81891146622365,65955.95328669602,Down,Up,2746
Ridge,H7,294,2024-10-03,2024-10-14,75827.0,-0.0036134885990478,0.0025737356286765875,75553.0,76022.15865151565,0.0,75827.0,469.1586515156523,220109.84029198528,Down,Up,2745
Ridge,H1,295,2024-10-04,2024-10-07,75759.0,-0.0013463746881559,0.0003751547303125003,75657.0,75787.42134721375,0.0,75759.0,130.42134721374896,17009.727809049262,Down,Up,2752
Ridge,H2,295,2024-10-04,2024-10-08,75759.0,-0.0126717617708786,0.0007476419388393903,74799.0,75815.64060564454,0.0,75759.0,1016.6406056445412,1033558.1210452996,Down,Up,2751
Ridge,H3,295,2024-10-04,2024-10-09,75759.0,-0.0164600905502976,0.0011225895937289254,74512.0,75844.04626503131,0.0,75759.0,1332.046265031313,1774347.2521838709,Down,Up,2750
Ridge,H4,295,2024-10-04,2024-10-10,75759.0,-0.0122097704563154,0.0014921273825683336,74834.0,75872.04207837599,0.0,75759.0,1038.042078375991,1077531.356479147,Down,Up,2749
Ridge,H5,295,2024-10-04,2024-10-11,75759.0,-0.0002771947887379,0.0018531204342922831,75738.0,75899.39055098154,0.0,75759.0,161.39055098153767,26046.90994612431,Down,Up,2748
Ridge,H6,295,2024-10-04,2024-10-14,75759.0,-0.002719148880001,0.002215242841869155,75553.0,75926.82458245716,0.0,75759.0,373.82458245716407,139744.81844927307,Down,Up,2747
Ridge,H7,295,2024-10-04,2024-10-15,75759.0,0.0010427803957284,0.0025770436061597324,75838.0,75954.23424655905,0.0,75759.0,116.23424655904819,13510.400073149605,Up,Up,2746
Ridge,H1,296,2024-10-07,2024-10-08,75657.0,-0.0113406558547126,0.00037452914877266836,74799.0,75685.3357518087,0.0,75657.0,886.3357518086996,785591.0649342927,Down,Up,2753
Ridge,H2,296,2024-10-07,2024-10-09,75657.0,-0.0151340920205664,0.0007465551714874584,74512.0,75713.48212460922,0.0,75657.0,1201.4821246092179,1443559.2957554802,Down,Up,2752
Ridge,H3,296,2024-10-07,2024-10-10,75657.0,-0.0108780416881452,0.0011221665407579685,74834.0,75741.89975397412,0.0,75657.0,907.8997539741249,824281.9632662765,Down,Up,2751
Ridge,H4,296,2024-10-07,2024-10-11,75657.0,0.0010706213569133,0.0014955344322910304,75738.0,75770.14764854385,0.0,75657.0,32.147648543847026,1033.4713068987098,Up,Up,2750
Ridge,H5,296,2024-10-07,2024-10-14,75657.0,-0.0013746249520864,0.0018562306725922364,75553.0,75797.43684399631,0.0,75657.0,244.43684399631456,59749.37070287862,Down,Up,2749
Ridge,H6,296,2024-10-07,2024-10-15,75657.0,0.0023923761185349,0.0022159723761893462,75838.0,75824.65382206536,0.0,75657.0,13.346177934639854,178.12046546306772,Up,Up,2748
Ridge,H7,296,2024-10-07,2024-10-16,75657.0,0.0066880790938048,0.0025784781719670803,76163.0,75852.07992305652,0.0,75657.0,310.92007694348285,96671.29424654129,Up,Up,2747
Ridge,H1,297,2024-10-08,2024-10-09,74799.0,-0.0038369496918407,0.0003702753743678783,74512.0,74826.69622772736,0.0,74799.0,314.696227727356,99033.71574582793,Down,Up,2754
Ridge,H2,297,2024-10-08,2024-10-10,74799.0,0.0004679206941269,0.0007416808110972729,74834.0,74854.47698298928,0.0,74799.0,20.47698298927571,419.30683234308685,Up,Up,2753
Ridge,H3,297,2024-10-08,2024-10-11,74799.0,0.0125536437652908,0.001116832154618322,75738.0,74882.53792833329,0.0,74799.0,855.4620716667123,731815.3560603032,Up,Up,2752
Ridge,H4,297,2024-10-08,2024-10-14,74799.0,0.0100803486677629,0.001490853902855376,75553.0,74910.51438107967,0.0,74799.0,642.4856189203274,412787.77051943616,Up,Up,2751
Ridge,H5,297,2024-10-08,2024-10-15,74799.0,0.0138905600342249,0.001855336765728206,75838.0,74937.7773347397,0.0,74799.0,900.2226652602985,810400.8470483555,Up,Up,2750
Ridge,H6,297,2024-10-08,2024-10-16,74799.0,0.0182355379082608,0.0022147820662568652,76163.0,74964.66348377394,0.0,74799.0,1198.3365162260598,1436010.4061208095,Up,Up,2749
Ridge,H7,297,2024-10-08,2024-10-17,74799.0,0.0232757122421423,0.0025749315174192736,76540.0,74991.60230257144,0.0,74799.0,1548.3976974285615,2397535.429402071,Up,Up,2748
Ridge,H1,298,2024-10-09,2024-10-10,74512.0,0.0043214515782692,0.0003687480946405644,74834.0,74539.47615802786,0.0,74512.0,294.5238419721427,86744.29349003168,Up,Up,2755
Ridge,H2,298,2024-10-09,2024-10-11,74512.0,0.0164537255744041,0.0007359161632062561,75738.0,74566.83458515283,0.0,74512.0,1171.1654148471716,1371628.4289341476,Up,Up,2754
Ridge,H3,298,2024-10-09,2024-10-14,74512.0,0.0139709040154605,0.0011104476847848663,75553.0,74594.7416778887,0.0,74512.0,958.2583221113018,918259.0118955675,Up,Up,2753
Ridge,H4,298,2024-10-09,2024-10-15,74512.0,0.017795791281941,0.001484010602924779,75838.0,74622.57659804514,0.0,74512.0,1215.4234019548603,1477254.046019526,Up,Up,2752
Ridge,H5,298,2024-10-09,2024-10-16,74512.0,0.0221575048314366,0.0018491468210694703,76163.0,74649.78362793154,0.0,74512.0,1513.216372068462,2289823.788696038,Up,Up,2751
Ridge,H6,298,2024-10-09,2024-10-17,74512.0,0.0272170925488512,0.0022123638919809615,76540.0,74676.84765831928,0.0,74512.0,1863.1523416807177,3471336.648310342,Up,Up,2750
Ridge,H7,298,2024-10-09,2024-10-18,74512.0,0.0355244792785054,0.0025722168192299686,77159.0,74703.66101963446,0.0,74512.0,2455.3389803655446,6028689.508502512,Up,Up,2749
Ridge,H1,299,2024-10-10,2024-10-11,74834.0,0.0120800705561643,0.00037018222086296603,75738.0,74861.70221631606,0.0,74834.0,876.2977836839418,767897.8056893885,Up,Up,2756
Ridge,H2,299,2024-10-10,2024-10-14,74834.0,0.0096079322233209,0.0007358191039902481,75553.0,74889.06428682801,0.0,74834.0,663.935713171988,440810.63122519635,Up,Up,2755
Ridge,H3,299,2024-10-10,2024-10-15,74834.0,0.0134163615468905,0.001106094644247321,75838.0,74916.7734866076,0.0,74834.0,921.2265133923938,848658.2889771063,Up,Up,2754
Ridge,H4,299,2024-10-10,2024-10-16,74834.0,0.0177593072667503,0.001479036425460613,76163.0,74944.68221186292,0.0,74834.0,1218.3177881370793,1484298.2328912253,Up,Up,2753
Ridge,H5,299,2024-10-10,2024-10-17,74834.0,0.0227971243017879,0.0018437164775944967,76540.0,74971.9726788843,0.0,74834.0,1568.0273211157037,2458709.67976529,Up,Up,2752
Ridge,H6,299,2024-10-10,2024-10-18,74834.0,0.0310687655343828,0.0022075912993709543,77159.0,74999.20288729711,0.0,74834.0,2159.797112702887,4664723.5680397265,Up,Up,2751
Ridge,H7,299,2024-10-10,2024-10-21,74834.0,0.0357324210920169,0.002571232832347686,77508.0,75026.4156377759,0.0,74834.0,2481.5843622240936,6158260.946835161,Up,Up,2750
Ridge,H1,300,2024-10-11,2024-10-14,75738.0,-0.0024426311758958,0.0003744296872948279,75553.0,75766.35855565633,0.0,75738.0,213.35855565633392,45521.87327175694,Down,Up,2757
Ridge,H2,300,2024-10-11,2024-10-15,75738.0,0.0013203411761599,0.0007415224489076229,75838.0,75794.16142723536,0.0,75738.0,43.83857276463823,1921.8204620404808,Up,Up,2756
Ridge,H3,300,2024-10-11,2024-10-16,75738.0,0.0056114499986796,0.001110250032615558,76163.0,75822.08811697025,0.0,75738.0,340.91188302975206,116220.91199089136,Up,Up,2755
Ridge,H4,300,2024-10-11,2024-10-17,75738.0,0.0105891362328025,0.0014788883821010713,76540.0,75850.00804828358,0.0,75738.0,689.9919517164235,476088.8934334393,Up,Up,2754
Ridge,H5,300,2024-10-11,2024-10-18,75738.0,0.0187620481132324,0.0018429461442469658,77159.0,75877.58105507298,0.0,75738.0,1281.4189449270198,1642034.5124178766,Up,Up,2753
Ridge,H6,300,2024-10-11,2024-10-21,75738.0,0.0233700388180306,0.0022063626068017754,77508.0,75905.10549111397,0.0,75738.0,1602.8945088860346,2569270.806617002,Up,Up,2752
Ridge,H7,300,2024-10-11,2024-10-22,75738.0,0.0330481396392827,0.0025706730393773637,78241.0,75932.69763465636,0.0,75738.0,2308.3023653436394,5328259.80985104,Up,Up,2751
Ridge,H1,301,2024-10-14,2024-10-15,75553.0,0.0037721864121875,0.00037340865488893755,75838.0,75581.21214410283,0.0,75553.0,256.78785589717154,65940.00293626654,Up,Up,2758
Ridge,H2,301,2024-10-14,2024-10-16,75553.0,0.0080738024962609,0.0007447387316128957,76163.0,75609.26724538955,0.0,75553.0,553.7327546104498,306619.9635284766,Up,Up,2757
Ridge,H3,301,2024-10-14,2024-10-17,75553.0,0.0130636771537859,0.001114916861958507,76540.0,75637.23531367154,0.0,75553.0,902.7646863284608,814984.0788817243,Up,Up,2756
Ridge,H4,301,2024-10-14,2024-10-18,75553.0,0.0212566013262214,0.0014820108465105433,77159.0,75664.97036548641,0.0,75553.0,1494.0296345135866,2232124.5488048014,Up,Up,2755
Ridge,H5,301,2024-10-14,2024-10-21,75553.0,0.0258758752134262,0.0018417780933284186,77508.0,75692.15186028524,0.0,75553.0,1815.8481397147552,3297304.4665055373,Up,Up,2754
Ridge,H6,301,2024-10-14,2024-10-22,75553.0,0.0355776739507365,0.0022045737348446635,78241.0,75719.56215938872,0.0,75553.0,2521.437840611281,6357648.78406648,Up,Up,2753
Ridge,H7,301,2024-10-14,2024-10-23,75553.0,0.0255317459267003,0.0025684261664585487,77482.0,75747.05230215444,0.0,75553.0,1734.947697845564,3010043.514259623,Up,Up,2752
Ridge,H1,302,2024-10-15,2024-10-16,75838.0,0.0042854505656795,0.0003746402965656528,76163.0,75866.41197081095,0.0,75838.0,296.58802918904985,87964.45905824468,Up,Up,2759
Ridge,H2,302,2024-10-15,2024-10-17,75838.0,0.0092565732218676,0.0007449472576595262,76540.0,75894.49531012638,0.0,75838.0,645.5046898736182,416676.304648836,Up,Up,2758
Ridge,H3,302,2024-10-15,2024-10-18,75838.0,0.0174187082992693,0.0011193784772303384,77159.0,75922.8914249562,0.0,75838.0,1236.108575043807,1527964.4092968309,Up,Up,2757
Ridge,H4,302,2024-10-15,2024-10-21,75838.0,0.0220206229067221,0.0014879299668286038,77508.0,75950.84163282435,0.0,75838.0,1557.1583671756525,2424742.180465144,Up,Up,2756
Ridge,H5,302,2024-10-15,2024-10-22,75838.0,0.0316859621825469,0.0018461513349621681,78241.0,75978.00842494085,0.0,75838.0,2262.9915750591463,5121130.868788675,Up,Up,2755
Ridge,H6,302,2024-10-15,2024-10-23,75838.0,0.0216777868614679,0.002204641703281775,77482.0,76005.19561749347,0.0,75838.0,1476.8043825065251,2180951.184190479,Up,Up,2754
Ridge,H7,302,2024-10-15,2024-10-24,75838.0,0.0268203275402831,0.002567871408108236,77872.0,76032.74223184813,0.0,75838.0,1839.2577681518742,3382869.137707013,Up,Up,2753
Ridge,H1,303,2024-10-16,2024-10-17,76163.0,0.0049499100613159,0.0003760572908661921,76540.0,76191.64165144424,0.0,76163.0,348.35834855576104,121353.5390084971,Up,Up,2760
Ridge,H2,303,2024-10-16,2024-10-18,76163.0,0.0130772159710095,0.0007476034621521001,77159.0,76219.93972248789,0.0,76163.0,939.0602775121079,881834.2048011171,Up,Up,2759
Ridge,H3,303,2024-10-16,2024-10-21,76163.0,0.017659493454827,0.001121007044115709,77508.0,76248.37925950099,0.0,76163.0,1259.6207404990128,1586644.4098952813,Up,Up,2758
Ridge,H4,303,2024-10-16,2024-10-22,76163.0,0.0272835891443352,0.0014938316518206484,78241.0,76276.77470009762,0.0,76163.0,1964.2252999023767,3858181.028776582,Up,Up,2757
Ridge,H5,303,2024-10-16,2024-10-23,76163.0,0.0173181203471501,0.0018535211030403878,77482.0,76304.16972777086,0.0,76163.0,1177.830272229141,1387284.1501793724,Up,Up,2756
Ridge,H6,303,2024-10-16,2024-10-24,76163.0,0.0224387169623045,0.0022104601409641063,77872.0,76331.35527571624,0.0,76163.0,1540.6447242837603,2373586.166463384,Up,Up,2755
Ridge,H7,303,2024-10-16,2024-10-25,76163.0,0.0242374906450639,0.0025693672985858253,78009.0,76358.69072156219,0.0,76163.0,1650.3092784378096,2723520.714497924,Up,Up,2754
Ridge,H1,304,2024-10-17,2024-10-18,76540.0,0.0080872746276456,0.0003777138270242671,77159.0,76568.91021632044,0.0,76540.0,590.089783679563,348205.9528029934,Up,Up,2761
Ridge,H2,304,2024-10-17,2024-10-21,76540.0,0.0126469819702117,0.0007506863974852417,77508.0,76597.45753686353,0.0,76540.0,910.5424631364731,829087.5771746355,Up,Up,2760
Ridge,H3,304,2024-10-17,2024-10-22,76540.0,0.0222236738960019,0.0011253356607876283,78241.0,76626.13319147669,0.0,76540.0,1614.8668085233076,2607794.809270253,Up,Up,2759
Ridge,H4,304,2024-10-17,2024-10-23,76540.0,0.0123072903057224,0.0014971294876447289,77482.0,76654.59029098433,0.0,76540.0,827.409709015672,684606.826573399,Up,Up,2758
Ridge,H5,304,2024-10-17,2024-10-24,76540.0,0.0174026652730598,0.0018611174610494966,77872.0,76682.44993046872,0.0,76540.0,1189.5500695312803,1415029.367921874,Up,Up,2757
Ridge,H6,304,2024-10-17,2024-10-25,76540.0,0.0191925790436373,0.0022195337268635343,78009.0,76709.88311145414,0.0,76540.0,1299.116888545861,1687704.690105079,Up,Up,2756
Ridge,H7,304,2024-10-17,2024-10-28,76540.0,0.0211523386464593,0.0025768835013676985,78159.0,76737.23466319469,0.0,76540.0,1421.7653368053143,2021416.6729411287,Up,Up,2755
Ridge,H1,305,2024-10-18,2024-10-21,77159.0,0.0045231275677497,0.00038050503698477045,77508.0,77188.3593881487,0.0,77159.0,319.64061185129685,102170.12074467141,Up,Up,2762
Ridge,H2,305,2024-10-18,2024-10-22,77159.0,0.0140229914851151,0.0007551509458814896,78241.0,77217.26669183327,0.0,77159.0,1023.7333081667311,1048029.8862499993,Up,Up,2761
Ridge,H3,305,2024-10-18,2024-10-23,77159.0,0.0041861610440778,0.001131239278418628,77482.0,77246.28529148351,0.0,77159.0,235.71470851649065,55561.423811014145,Up,Up,2760
Ridge,H4,305,2024-10-18,2024-10-24,77159.0,0.0092406588991562,0.0015042913470019867,77872.0,77275.06961604333,0.0,77159.0,596.930383956671,356325.88329065865,Up,Up,2759
Ridge,H5,305,2024-10-18,2024-10-25,77159.0,0.0110162132738889,0.0018672454790719126,78009.0,77303.07479391972,0.0,77159.0,705.9252060802828,498330.39657948975,Up,Up,2758
Ridge,H6,305,2024-10-18,2024-10-28,77159.0,0.0129602509104576,0.002229998095864344,78159.0,77331.0644230788,0.0,77159.0,827.9355769211979,685477.3195318369,Up,Up,2757
Ridge,H7,305,2024-10-18,2024-10-29,77159.0,0.0221101880532406,0.002588838626278842,78865.0,77358.75219956506,0.0,77159.0,1506.2478004349396,2268782.4363150937,Up,Up,2756
Ridge,H1,306,2024-10-21,2024-10-22,77508.0,0.0094570883005624,0.00038200454434574006,78241.0,77537.60840822314,0.0,77508.0,703.3915917768609,494759.7313823861,Up,Up,2763
Ridge,H2,306,2024-10-21,2024-10-23,77508.0,-0.000335449243949,0.000759456923151098,77482.0,77566.8639871996,0.0,77508.0,84.86398719959834,7201.896323413591,Down,Up,2762
Ridge,H3,306,2024-10-21,2024-10-24,77508.0,0.0046962894152862,0.0011372259112969797,77872.0,77596.1441059328,0.0,77508.0,275.85589406719373,76096.47429161081,Up,Up,2761
Ridge,H4,306,2024-10-21,2024-10-25,77508.0,0.0064638488930175,0.001511725143231879,78009.0,77625.17079240162,0.0,77508.0,383.82920759837725,147324.8606055982,Up,Up,2760
Ridge,H5,306,2024-10-21,2024-10-28,77508.0,0.0083991329927233,0.001875947940530666,78159.0,77653.40097297465,0.0,77508.0,505.5990270253533,255630.37612898392,Up,Up,2759
Ridge,H6,306,2024-10-21,2024-10-29,77508.0,0.0175078701553388,0.002237663439758274,78865.0,77681.43681788878,0.0,77508.0,1183.5631821112183,1400821.806049233,Up,Up,2758
Ridge,H7,306,2024-10-21,2024-10-30,77508.0,0.02256541260257,0.0026008604844424852,79257.0,77709.58749442817,0.0,77508.0,1547.4125055718323,2394485.462400096,Up,Up,2757
Ridge,H1,307,2024-10-22,2024-10-23,78241.0,-0.0097007962577165,0.0003852877497175237,77482.0,78271.14529882565,0.0,78241.0,789.1452988256497,622750.3026586239,Down,Up,2764
Ridge,H2,307,2024-10-22,2024-10-24,78241.0,-0.0047161973901151,0.0007642570394433731,77872.0,78300.79623502308,0.0,78241.0,428.79623502308095,183866.2111699693,Down,Up,2763
Ridge,H3,307,2024-10-22,2024-10-25,78241.0,-0.0029651972750859,0.001144860195689752,78009.0,78330.57500657097,0.0,78241.0,321.5750065709726,103410.48485112109,Down,Up,2762
Ridge,H4,307,2024-10-22,2024-10-28,78241.0,-0.0010480438644699,0.001521059410474499,78159.0,78360.00920933492,0.0,78241.0,201.00920933492307,40404.702237450925,Down,Up,2761
Ridge,H5,307,2024-10-22,2024-10-29,78241.0,0.0079753581881623,0.0018867484879661316,78865.0,78388.62108844696,0.0,78241.0,476.37891155303805,226936.86737245726,Up,Up,2760
Ridge,H6,307,2024-10-22,2024-10-30,78241.0,0.0129855191012384,0.0022497474266164057,79257.0,78417.02248840588,0.0,78241.0,839.9775115941156,705562.2199838427,Up,Up,2759
Ridge,H7,307,2024-10-22,2024-10-31,78241.0,0.0010863869326822,0.0026119001426842107,78326.0,78445.35767906376,0.0,78241.0,119.35767906375986,14246.255551487498,Up,Up,2758
Ridge,H1,308,2024-10-23,2024-10-24,77482.0,0.0050334271185565,0.0003816403493489524,77872.0,77511.57025754824,0.0,77482.0,360.4297424517572,129909.59924384003,Up,Up,2765
Ridge,H2,308,2024-10-23,2024-10-25,77482.0,0.0068015797217417,0.0007638594986358394,78009.0,77541.1853616733,0.0,77482.0,467.81463832670124,218850.5358327423,Up,Up,2764
Ridge,H3,308,2024-10-23,2024-10-28,77482.0,0.0087375132288789,0.0011459612608397745,78159.0,77570.7913704124,0.0,77482.0,588.208629587607,345989.39192133065,Up,Up,2763
Ridge,H4,308,2024-10-23,2024-10-29,77482.0,0.0178493069358045,0.0015249648918892523,78865.0,77600.15732975338,0.0,77482.0,1264.842670246624,1599826.9804766101,Up,Up,2762
Ridge,H5,308,2024-10-23,2024-10-30,77482.0,0.0229085465011229,0.001892337982193734,79257.0,77628.62213153634,0.0,77482.0,1628.3778684636636,2651614.4825022644,Up,Up,2761
Ridge,H6,308,2024-10-23,2024-10-31,77482.0,0.0108928525334917,0.002256786891449885,78326.0,77656.86036192332,0.0,77482.0,669.1396380766819,447747.8552453928,Up,Up,2760
Ridge,H7,308,2024-10-23,2024-11-01,77482.0,0.0173846828940915,0.0026202078287518244,78829.0,77685.01894298734,0.0,77482.0,1143.9810570126574,1308692.6588037969,Up,Up,2759
Ridge,H1,309,2024-10-24,2024-10-25,77872.0,0.0017592973084035,0.0003833216171510756,78009.0,77901.8500209708,0.0,77872.0,107.14997902920004,11481.118005958007,Up,Up,2766
Ridge,H2,309,2024-10-24,2024-10-28,77872.0,0.0036855352373124,0.0007618770888391635,78159.0,77931.32889266207,0.0,77872.0,227.67110733792651,51834.13311647766,Up,Up,2765
Ridge,H3,309,2024-10-24,2024-10-29,77872.0,0.0127516950893773,0.001147245314472763,78865.0,77961.33828712862,0.0,77872.0,903.6617128713842,816604.4913096441,Up,Up,2764
Ridge,H4,309,2024-10-24,2024-10-30,77872.0,0.0177855968769262,0.001527757090317606,79257.0,77990.96950013722,0.0,77872.0,1266.0304998627835,1602833.2265828094,Up,Up,2763
Ridge,H5,309,2024-10-24,2024-10-31,77872.0,0.0058300801314978,0.0018979532260256385,78326.0,78019.79741361707,0.0,77872.0,306.2025863829331,93760.0239075976,Up,Up,2762
Ridge,H6,309,2024-10-24,2024-11-01,77872.0,0.0122893979864393,0.002264096414399791,78829.0,78048.30971598215,0.0,77872.0,780.6902840178518,609477.3195598741,Up,Up,2761
Ridge,H7,309,2024-10-24,2024-11-04,77872.0,0.0067931990959524,0.0026289756411689773,78401.0,78076.72359112912,0.0,77872.0,324.2764088708791,105155.18935019356,Up,Up,2760
Ridge,H1,310,2024-10-25,2024-10-28,78009.0,0.0019228550551859,0.0003838193366192656,78159.0,78038.94136263033,0.0,78009.0,120.05863736967149,14414.076407062279,Up,Up,2767
Ridge,H2,310,2024-10-25,2024-10-29,78009.0,0.0109730928482612,0.0007640612590004722,78865.0,78068.60365475337,0.0,78009.0,796.3963452466269,634247.1387221845,Up,Up,2766
Ridge,H3,310,2024-10-25,2024-10-30,78009.0,0.0159981540591469,0.0011457586678701012,79257.0,78098.37948792188,0.0,78009.0,1158.6205120781233,1342401.4910081725,Up,Up,2765
Ridge,H4,310,2024-10-25,2024-10-31,78009.0,0.0040636336832928,0.0015295436072795244,78326.0,78128.31816726027,0.0,78009.0,197.6818327397341,39078.106995340204,Up,Up,2764
Ridge,H5,310,2024-10-25,2024-11-01,78009.0,0.0105116076350164,0.0019012542342060719,78829.0,78157.31494155618,0.0,78009.0,671.6850584438216,451160.81773668004,Up,Up,2763
Ridge,H6,310,2024-10-25,2024-11-04,78009.0,0.0050250612108859,0.002270226038496652,78401.0,78186.09806303708,0.0,78009.0,214.90193696292408,46182.842510416594,Up,Up,2762
Ridge,H7,310,2024-10-25,2024-11-05,78009.0,0.0061659552102961,0.002636802677021643,78490.0,78214.69434003178,0.0,78009.0,275.3056599682168,75793.20641053541,Up,Up,2761
Ridge,H1,311,2024-10-28,2024-10-29,78159.0,0.0090328688954566,0.00038437527311350675,78865.0,78189.04238697127,0.0,78159.0,675.9576130287314,456918.69461150025,Up,Up,2768
Ridge,H2,311,2024-10-28,2024-10-30,78159.0,0.0140482861858519,0.0007651170679099946,79257.0,78218.80078491077,0.0,78159.0,1038.199215089233,1077857.6102118993,Up,Up,2767
Ridge,H3,311,2024-10-28,2024-10-31,78159.0,0.0021366701211633,0.0011485032686445382,78326.0,78248.76586697398,0.0,78159.0,77.23413302602421,5965.111304281603,Up,Up,2766
Ridge,H4,311,2024-10-28,2024-11-01,78159.0,0.0085722693483796,0.001528611532407773,78829.0,78278.47474876147,0.0,78159.0,550.5252512385341,303078.0522512511,Up,Up,2765
Ridge,H5,311,2024-10-28,2024-11-04,78159.0,0.0030962525109072,0.001903605058852163,78401.0,78307.78386779482,0.0,78159.0,93.21613220518338,8689.247303294227,Up,Up,2764
Ridge,H6,311,2024-10-28,2024-11-05,78159.0,0.0042349569467368,0.002274095241593434,78490.0,78336.7410099877,0.0,78159.0,153.25899001229845,23488.3180195898,Up,Up,2763
Ridge,H7,311,2024-10-28,2024-11-06,78159.0,-0.018807814838982,0.0026435066784667002,76689.0,78365.61383848228,0.0,78159.0,1676.6138384822843,2811033.9633902996,Down,Up,2762
Ridge,H1,312,2024-10-29,2024-10-30,78865.0,0.0049705192417421,0.0003874986180267662,79257.0,78895.56007851068,0.0,78865.0,361.4399214893201,130638.81684620588,Up,Up,2769
Ridge,H2,312,2024-10-29,2024-10-31,78865.0,-0.0068344639573955,0.0007688050116708935,78326.0,78925.63180724543,0.0,78865.0,599.6318072454305,359558.30426042114,Down,Up,2768
Ridge,H3,312,2024-10-29,2024-11-01,78865.0,-0.0004564762568947,0.0011526970123439913,78829.0,78955.9074498785,0.0,78865.0,126.90744987850485,16105.500834665221,Down,Up,2767
Ridge,H4,312,2024-10-29,2024-11-04,78865.0,-0.0058834717555316,0.001534512018247762,78401.0,78986.0192903191,0.0,78865.0,585.0192903191055,342247.57004546985,Down,Up,2766
Ridge,H5,312,2024-10-29,2024-11-05,78865.0,-0.0047549610093197,0.0019058011205362114,78490.0,79015.30100537109,0.0,78865.0,525.3010053710896,275941.1462438775,Down,Up,2765
Ridge,H6,312,2024-10-29,2024-11-06,78865.0,-0.0275914537500792,0.002279606988932312,76689.0,79044.78120518215,0.0,78865.0,2355.781205182153,5549705.086689477,Down,Up,2764
Ridge,H7,312,2024-10-29,2024-11-07,78865.0,-0.0187535662207569,0.002650552219444411,77386.0,79074.03580078649,0.0,78865.0,1688.0358007864852,2849464.8647368704,Down,Up,2763
Ridge,H1,313,2024-10-30,2024-10-31,79257.0,-0.0117465965151343,0.0003891533696422617,78326.0,79287.84312861774,0.0,79257.0,961.8431286177365,925142.2040691556,Down,Up,2770
Ridge,H2,313,2024-10-30,2024-11-01,79257.0,-0.0054001539296213,0.0007736012674404471,78829.0,79318.31331565352,0.0,79257.0,489.31331565351866,239427.52087583998,Down,Up,2769
Ridge,H3,313,2024-10-30,2024-11-04,79257.0,-0.0108003078592426,0.0011580604518949599,78401.0,79348.78439723584,0.0,79257.0,947.7843972358387,898295.263643702,Down,Up,2768
Ridge,H4,313,2024-10-30,2024-11-05,79257.0,-0.0096773786542513,0.0015403855610984037,78490.0,79379.08633841599,0.0,79257.0,889.0863384159893,790474.517157951,Down,Up,2767
Ridge,H5,313,2024-10-30,2024-11-06,79257.0,-0.0324009235777281,0.0019133948271847997,76689.0,79408.64993381819,0.0,79257.0,2719.6499338181893,7396495.762517282,Down,Up,2766
Ridge,H6,313,2024-10-30,2024-11-07,79257.0,-0.0236067476689756,0.0022834791055675987,77386.0,79437.98170346998,0.0,79257.0,2051.981703469981,4210628.9113755645,Down,Up,2765
Ridge,H7,313,2024-10-30,2024-11-08,79257.0,-0.0253479187958161,0.0026577574828128194,77248.0,79467.6458848153,0.0,79257.0,2219.645884815298,4926827.8539774865,Down,Up,2764
Ridge,H1,314,2024-10-31,2024-11-01,78326.0,0.0064218777928146,0.00038477410113631693,78829.0,78356.1378162456,0.0,78326.0,472.8621837544051,223598.6448249848,Up,Up,2771
Ridge,H2,314,2024-10-31,2024-11-04,78326.0,0.0009575364502207,0.000770854443724496,78401.0,78386.37794515917,0.0,78326.0,14.62205484083097,213.8044877682684,Up,Up,2770
Ridge,H3,314,2024-10-31,2024-11-05,78326.0,0.0020938130378163,0.0011584139017420773,78490.0,78416.73392726784,0.0,78326.0,73.2660727321636,5367.917413594686,Up,Up,2769
Ridge,H4,314,2024-10-31,2024-11-06,78326.0,-0.0208998289201541,0.0015412973004962332,76689.0,78446.72365235866,0.0,78326.0,1757.7236523586616,3089592.4380610734,Down,Up,2768
Ridge,H5,314,2024-10-31,2024-11-07,78326.0,-0.0120011235094349,0.0019148102514352221,77386.0,78475.97942775392,0.0,78326.0,1089.9794277539186,1188055.1529267598,Down,Up,2767
Ridge,H6,314,2024-10-31,2024-11-08,78326.0,-0.0137629905778413,0.002286591615328234,77248.0,78505.09957486221,0.0,78326.0,1257.099574862208,1580299.3411187443,Down,Up,2766
Ridge,H7,314,2024-10-31,2024-11-11,78326.0,-0.0375864974593366,0.00265718938570676,75382.0,78534.12701582487,0.0,78326.0,3152.1270158248662,9935904.723892977,Down,Up,2765
Ridge,H1,315,2024-11-01,2024-11-04,78829.0,-0.0054294739245709,0.00038695134026903584,78401.0,78859.50298720207,0.0,78829.0,458.50298720206774,210224.9892732195,Down,Up,2772
Ridge,H2,315,2024-11-01,2024-11-05,78829.0,-0.0043004478047419,0.0007686270197377322,78490.0,78889.59009933891,0.0,78829.0,399.59009933890775,159672.24748967815,Down,Up,2771
Ridge,H3,315,2024-11-01,2024-11-06,78829.0,-0.0271473696228545,0.0011578304385576415,76689.0,78920.27061564106,0.0,78829.0,2231.270615641057,4978568.560223221,Down,Up,2770
Ridge,H4,315,2024-11-01,2024-11-07,78829.0,-0.0183054459653173,0.0015438358669755215,77386.0,78950.69903755782,0.0,78829.0,1564.699037557817,2448283.078134359,Down,Up,2769
Ridge,H5,315,2024-11-01,2024-11-08,78829.0,-0.0200560707353892,0.0019179156279787333,77248.0,78980.18737103793,0.0,78829.0,1732.1873710379296,3000473.0883832937,Down,Up,2768
Ridge,H6,315,2024-11-01,2024-11-11,78829.0,-0.0437275621915792,0.002290206508611399,75382.0,79009.53468886734,0.0,78829.0,3627.5346888673375,13159007.918935852,Down,Up,2767
Ridge,H7,315,2024-11-01,2024-11-12,78829.0,-0.0496137208387775,0.0026625132885737613,74918.0,79038.88326002499,0.0,78829.0,4120.883260024988,16981678.842754174,Down,Up,2766
Ridge,H1,316,2024-11-04,2024-11-05,78401.0,0.0011351896021734,0.00038485386330429486,78490.0,78431.17292773692,0.0,78401.0,58.82707226308412,3460.624431046121,Up,Up,2773
Ridge,H2,316,2024-11-04,2024-11-06,78401.0,-0.0218364561676509,0.0007686948707345482,76689.0,78461.26644656046,0.0,78401.0,1772.2664465604612,3140928.357604044,Down,Up,2772
Ridge,H3,316,2024-11-04,2024-11-07,78401.0,-0.0129462634405173,0.0011535144872084357,77386.0,78491.43668931162,0.0,78401.0,1105.436689311624,1221990.2740762439,Down,Up,2771
Ridge,H4,316,2024-11-04,2024-11-08,78401.0,-0.0147064450708537,0.0015411543230785109,77248.0,78521.82804008368,0.0,78401.0,1273.8280400836811,1622637.8757034324,Down,Up,2770
Ridge,H5,316,2024-11-04,2024-11-11,78401.0,-0.0385071618984451,0.0019183410686672829,75382.0,78551.39985812457,0.0,78401.0,3169.3998581245687,10045095.460680036,Down,Up,2769
Ridge,H6,316,2024-11-04,2024-11-12,78401.0,-0.0444254537569673,0.0022911941980574124,74918.0,78580.6319163219,0.0,78401.0,3662.6319163219014,13414872.554459844,Down,Up,2768
Ridge,H7,316,2024-11-04,2024-11-13,78401.0,-0.0495784492544737,0.0026640063461194907,74514.0,78609.8607615421,0.0,78401.0,4095.860761542106,16776075.37794028,Down,Up,2767
Ridge,H1,317,2024-11-05,2024-11-06,78490.0,-0.0229455981653713,0.00038512437631275047,76689.0,78520.22841229678,0.0,78490.0,1831.228412296783,3353397.4980029967,Down,Up,2774
Ridge,H2,317,2024-11-05,2024-11-07,78490.0,-0.0140654860491782,0.0007668669359435519,77386.0,78550.1913858022,0.0,78490.0,1164.1913858022017,1355341.5827760508,Down,Up,2773
Ridge,H3,317,2024-11-05,2024-11-08,78490.0,-0.0158236718053255,0.001153854024623518,77248.0,78580.56600239269,0.0,78490.0,1332.5660023926903,1775732.1507328355,Down,Up,2772
Ridge,H4,317,2024-11-05,2024-11-11,78490.0,-0.0395974009427952,0.0015371059710880789,75382.0,78610.6474476707,0.0,78490.0,3228.6474476706935,10424164.341350483,Down,Up,2771
Ridge,H5,317,2024-11-05,2024-11-12,78490.0,-0.0455089820359281,0.0019159318626116744,74918.0,78640.38149189639,0.0,78490.0,3722.381491896391,13856123.9712128,Down,Up,2770
Ridge,H6,317,2024-11-05,2024-11-13,78490.0,-0.0506561345394317,0.0022918964556354507,74514.0,78669.89095280283,0.0,78490.0,4155.890952802831,17271429.61158842,Down,Up,2769
Ridge,H7,317,2024-11-05,2024-11-14,78490.0,-0.0552809275066887,0.002665271727598149,74151.0,78699.19717789917,0.0,78490.0,4548.197177899172,20686097.56904999,Down,Up,2768
Ridge,H1,318,2024-11-06,2024-11-07,76689.0,0.0090886567825894,0.0003767166132036317,77386.0,76717.89002034997,0.0,76689.0,668.1099796500348,446370.9449079699,Up,Up,2775
Ridge,H2,318,2024-11-06,2024-11-08,76689.0,0.0072891809777151,0.0007587176268406844,77248.0,76747.18529608479,0.0,76689.0,500.81470391521,250815.36765767942,Up,Up,2774
Ridge,H3,318,2024-11-06,2024-11-11,76689.0,-0.0170428614273233,0.0011436468993645873,75382.0,76776.70513706538,0.0,76689.0,1394.705137065379,1945202.4193565575,Down,Up,2773
Ridge,H4,318,2024-11-06,2024-11-12,76689.0,-0.0230932728292193,0.0015290101670690675,74918.0,76806.25826070237,0.0,76689.0,1888.258260702365,3565519.259110721,Down,Up,2772
Ridge,H5,318,2024-11-06,2024-11-13,76689.0,-0.0283613034463873,0.0019035464667957274,74514.0,76834.9810749921,0.0,76689.0,2320.9810749921016,5386953.150471492,Down,Up,2771
Ridge,H6,318,2024-11-06,2024-11-14,76689.0,-0.0330947071939913,0.002281107347253395,74151.0,76863.93584135351,0.0,76689.0,2712.9358413535083,7360020.879300468,Down,Up,2770
Ridge,H7,318,2024-11-06,2024-11-15,76689.0,-0.0355200876266479,0.0026575162049335232,73965.0,76892.80226024015,0.0,76689.0,2927.802260240147,8572026.075067313,Down,Up,2769
Ridge,H1,319,2024-11-07,2024-11-08,77386.0,-0.0017832682914221,0.00037985442539608104,77248.0,77415.39541456371,0.0,77386.0,167.3954145637108,28021.2248169566,Down,Up,2776
Ridge,H2,319,2024-11-07,2024-11-11,77386.0,-0.0258961569276096,0.0007533756093395709,75382.0,77444.30072490436,0.0,77386.0,2062.3007249043585,4253084.279941043,Down,Up,2775
Ridge,H3,319,2024-11-07,2024-11-12,77386.0,-0.031892073501667,0.0011385673939035173,74918.0,77474.10917634462,0.0,77386.0,2556.1091763446166,6533694.121393154,Down,Up,2774
Ridge,H4,319,2024-11-07,2024-11-13,77386.0,-0.0371126560359754,0.0015218576426558916,74514.0,77503.77047553456,0.0,77386.0,2989.770475534562,8938727.496378161,Down,Up,2773
Ridge,H5,319,2024-11-07,2024-11-14,77386.0,-0.0418034269764556,0.0018985303605529229,74151.0,77532.91967048176,0.0,77386.0,3381.9196704817587,11437380.657591447,Down,Up,2772
Ridge,H6,319,2024-11-07,2024-11-15,77386.0,-0.0442069624996769,0.0022717648146178327,73965.0,77561.802791944,0.0,77386.0,3596.8027919440065,12936990.3241362,Down,Up,2771
Ridge,H7,319,2024-11-07,2024-11-18,77386.0,-0.0303284831881736,0.0026497858899085184,75039.0,77591.05633087647,0.0,77386.0,2552.0563308764686,6512991.515966663,Down,Up,2770
Ridge,H1,320,2024-11-08,2024-11-11,77248.0,-0.0241559652029825,0.00037907651461159314,75382.0,77277.28290260072,0.0,77248.0,1895.282902600724,3592097.280890625,Down,Up,2777
Ridge,H2,320,2024-11-08,2024-11-12,77248.0,-0.0301625932062965,0.0007557309851851551,74918.0,77306.37870714358,0.0,77248.0,2388.37870714358,5704352.848736838,Down,Up,2776
Ridge,H3,320,2024-11-08,2024-11-13,77248.0,-0.035392502071251,0.0011324562038671586,74514.0,77335.47997683634,0.0,77248.0,2821.4799768363446,7960749.259688419,Down,Up,2775
Ridge,H4,320,2024-11-08,2024-11-14,77248.0,-0.0400916528583263,0.0015160089801441673,74151.0,77365.10866169818,0.0,77248.0,3214.1086616981775,10330494.48920325,Down,Up,2774
Ridge,H5,320,2024-11-08,2024-11-15,77248.0,-0.042499482187241,0.0018906144828031853,73965.0,77394.04618756758,0.0,77248.0,3429.046187567583,11758357.756471774,Down,Up,2773
Ridge,H6,320,2024-11-08,2024-11-18,77248.0,-0.0285962096106048,0.0022659808769925857,75039.0,77423.04249078591,0.0,77248.0,2384.0424907859124,5683658.597872697,Down,Up,2772
Ridge,H7,320,2024-11-08,2024-11-19,77248.0,-0.0219164250207125,0.0026396831351217782,75555.0,77451.91024282189,0.0,77248.0,1896.9102428218903,3598268.4693226027,Down,Up,2771
Ridge,H1,321,2024-11-11,2024-11-12,75382.0,-0.0061553155925817,0.00037024421308440417,74918.0,75409.90974927072,0.0,75382.0,491.9097492707224,241975.20142758495,Down,Up,2778
Ridge,H2,321,2024-11-11,2024-11-13,75382.0,-0.0115146852033641,0.0007461328196643434,74514.0,75438.24498421194,0.0,75382.0,924.2449842119386,854228.7908409266,Down,Up,2777
Ridge,H3,321,2024-11-11,2024-11-14,75382.0,-0.0163301583932503,0.0011259077227547738,74151.0,75466.8731759567,0.0,75382.0,1315.8731759567017,1731522.215202377,Down,Up,2776
Ridge,H4,321,2024-11-11,2024-11-15,75382.0,-0.0187975909368284,0.001501191862936425,73965.0,75495.16284501187,0.0,75382.0,1530.1628450118733,2341398.3322548303,Down,Up,2775
Ridge,H5,321,2024-11-11,2024-11-18,75382.0,-0.0045501578626196,0.001876049898553885,75039.0,75523.42039345279,0.0,75382.0,484.42039345279045,234663.11759295632,Down,Up,2774
Ridge,H6,321,2024-11-11,2024-11-19,75382.0,0.0022949775808549,0.0022493939345888526,75555.0,75551.56381357717,0.0,75382.0,3.4361864228267223,11.807377132418706,Up,Up,2773
Ridge,H7,321,2024-11-11,2024-11-20,75382.0,0.0083043697434401,0.002625170848355823,76008.0,75579.89062889076,0.0,75382.0,428.1093711092399,183277.63363154887,Up,Up,2772
Ridge,H1,322,2024-11-12,2024-11-13,74918.0,-0.0053925625350382,0.0003678956019045624,74514.0,74945.56200270349,0.0,74918.0,431.56200270348927,186245.76217744648,Down,Up,2779
Ridge,H2,322,2024-11-12,2024-11-14,74918.0,-0.0102378600603326,0.0007350060262080691,74151.0,74973.06518147147,0.0,74918.0,822.0651814714656,675791.1625877137,Down,Up,2778
Ridge,H3,322,2024-11-12,2024-11-15,74918.0,-0.0127205744947809,0.001114017662574925,73965.0,75001.4599752448,0.0,74918.0,1036.4599752447975,1074249.2802844464,Down,Up,2777
Ridge,H4,322,2024-11-12,2024-11-18,74918.0,0.001615099175098,0.0014923316334592525,75039.0,75029.8025013155,0.0,74918.0,9.197498684501625,84.59398205140911,Up,Up,2776
Ridge,H5,322,2024-11-12,2024-11-19,74918.0,0.0085026295416321,0.001858973925244516,75555.0,75057.27060853147,0.0,74918.0,497.7293914685288,247734.54713163196,Up,Up,2775
Ridge,H6,322,2024-11-12,2024-11-20,74918.0,0.0145492405029499,0.0022325678391652884,76008.0,75085.25951737458,0.0,74918.0,922.7404826254206,851449.9982757941,Up,Up,2774
Ridge,H7,322,2024-11-12,2024-11-21,74918.0,0.0236391788355267,0.0026063315936787177,76689.0,75113.26115033521,0.0,74918.0,1575.738849664791,2482952.9223429183,Up,Up,2773
Ridge,H1,323,2024-11-13,2024-11-14,74514.0,-0.0048715677590788,0.0003658234037205941,74151.0,74541.25896510483,0.0,74514.0,390.2589651048329,152302.05984469518,Down,Up,2780
Ridge,H2,323,2024-11-13,2024-11-15,74514.0,-0.0073677429744746,0.0007305981522155432,73965.0,74568.43979071418,0.0,74514.0,603.4397907141829,364139.58101717685,Down,Up,2779
Ridge,H3,323,2024-11-13,2024-11-18,74514.0,0.0070456558499074,0.0011008758025881616,75039.0,74596.03065955405,0.0,74514.0,442.969340445954,196221.8365751235,Up,Up,2778
Ridge,H4,323,2024-11-13,2024-11-19,74514.0,0.013970529028102,0.0014784300082194067,75555.0,74624.16373363245,0.0,74514.0,930.8362663675507,866456.1547850819,Up,Up,2777
Ridge,H5,323,2024-11-13,2024-11-20,74514.0,0.0200499235043079,0.0018480878574084231,76008.0,74651.70841860694,0.0,74514.0,1356.2915813930595,1839526.853757686,Up,Up,2776
Ridge,H6,323,2024-11-13,2024-11-21,74514.0,0.0291891456639021,0.002213508384634563,76689.0,74678.93736377267,0.0,74514.0,2010.0626362273324,4040351.801557173,Up,Up,2775
Ridge,H7,323,2024-11-13,2024-11-22,74514.0,0.0411332098666021,0.0025875192225317777,77579.0,74706.80640734773,0.0,74514.0,2872.193592652271,8249496.03367276,Up,Up,2774
Ridge,H1,324,2024-11-14,2024-11-15,74151.0,-0.0025083950317594,0.00036394047060493446,73965.0,74177.98654983583,0.0,74151.0,212.98654983582674,45363.270410969104,Down,Up,2781
Ridge,H2,324,2024-11-14,2024-11-18,74151.0,0.0119755633774325,0.0007266525890876752,75039.0,74204.88201613344,0.0,74151.0,834.1179838665557,695752.8110096077,Up,Up,2780
Ridge,H3,324,2024-11-14,2024-11-19,74151.0,0.0189343366913461,0.0010946038610506082,75555.0,74232.16597090077,0.0,74151.0,1322.8340290992346,1749889.8685429147,Up,Up,2779
Ridge,H4,324,2024-11-14,2024-11-20,74151.0,0.0250434923332119,0.0014634664303057796,76008.0,74259.5174992736,0.0,74151.0,1748.4825007264008,3057191.055346448,Up,Up,2778
Ridge,H5,324,2024-11-14,2024-11-21,74151.0,0.0342274547882024,0.0018323686398730688,76689.0,74286.87196701523,0.0,74151.0,2402.128032984765,5770219.086851256,Up,Up,2777
Ridge,H6,324,2024-11-14,2024-11-22,74151.0,0.0462299901552238,0.002200789189776059,77579.0,74314.19071921108,0.0,74151.0,3264.809280788919,10658979.639925458,Up,Up,2776
Ridge,H7,324,2024-11-14,2024-11-25,74151.0,0.0165338296179418,0.0025666661580412502,75377.0,74341.32086228492,0.0,74151.0,1035.6791377150803,1072631.2762982522,Up,Up,2775
Ridge,H1,325,2024-11-15,2024-11-18,73965.0,0.0145203812614074,0.00036290795445366697,75039.0,73991.84248685116,0.0,73965.0,1047.1575131488353,1096538.8573440532,Up,Up,2782
Ridge,H2,325,2024-11-15,2024-11-19,73965.0,0.0214966538227538,0.0007237426198838355,75555.0,74018.5316228797,0.0,73965.0,1536.468377120298,2360735.073890683,Up,Up,2781
Ridge,H3,325,2024-11-15,2024-11-20,73965.0,0.0276211721760291,0.0010896349321747327,76008.0,74045.5948477583,0.0,73965.0,1962.4051522416994,3851033.9815447675,Up,Up,2780
Ridge,H4,325,2024-11-15,2024-11-21,73965.0,0.0368282295680388,0.0014561756475469072,76689.0,74072.70603177081,0.0,73965.0,2616.293968229191,6844994.128192446,Up,Up,2779
Ridge,H5,325,2024-11-15,2024-11-22,73965.0,0.0488609477455552,0.0018164107156777506,77579.0,74099.35081858511,0.0,73965.0,3479.6491814148903,12107958.425721316,Up,Up,2778
Ridge,H6,325,2024-11-15,2024-11-25,73965.0,0.0190901101872507,0.0021840782787292848,75377.0,74126.5453498862,0.0,73965.0,1250.4546501137957,1563636.831991215,Up,Up,2777
Ridge,H7,325,2024-11-15,2024-11-26,73965.0,0.0179544379098222,0.002552945956014422,75293.0,74153.82864763662,0.0,73965.0,1139.1713523633807,1297711.3700454137,Up,Up,2776
Ridge,H1,326,2024-11-18,2024-11-19,75039.0,0.006876424259385,0.0003679949606203078,75555.0,75066.61397384999,0.0,75039.0,488.38602615000855,238520.91053859683,Up,Up,2783
Ridge,H2,326,2024-11-18,2024-11-20,75039.0,0.0129132850917523,0.0007277871717590023,76008.0,75093.61242158162,0.0,75039.0,914.3875784183765,836104.6435658226,Up,Up,2782
Ridge,H3,326,2024-11-18,2024-11-21,75039.0,0.0219885659457081,0.0010917763680919025,76689.0,75120.92580688525,0.0,75039.0,1568.0741931147495,2458856.675112473,Up,Up,2781
Ridge,H4,326,2024-11-18,2024-11-22,75039.0,0.0338490651527871,0.0014562328176708406,77579.0,75148.2742544052,0.0,75039.0,2430.7257455947984,5908427.650297388,Up,Up,2780
Ridge,H5,326,2024-11-18,2024-11-25,75039.0,0.0045043244179692,0.0018141197715563816,75377.0,75175.12973353782,0.0,75039.0,201.87026646218146,40751.60448151214,Up,Up,2779
Ridge,H6,326,2024-11-18,2024-11-26,75039.0,0.0033849065152786,0.0021729976755738784,75293.0,75202.05957257737,0.0,75039.0,90.94042742262536,8270.16133980979,Up,Up,2778
Ridge,H7,326,2024-11-18,2024-11-27,75039.0,0.0099814762989911,0.0025411045580167784,75788.0,75229.68194492902,0.0,75039.0,558.3180550709803,311719.05061824224,Up,Up,2777
Ridge,H1,327,2024-11-19,2024-11-20,75555.0,0.0059956323208258,0.0003703332475811707,76008.0,75582.98052852099,0.0,75555.0,425.0194714790123,180641.55113629892,Up,Up,2784
Ridge,H2,327,2024-11-19,2024-11-21,75555.0,0.0150089338892198,0.0007352501195769119,76689.0,75610.55182278463,0.0,75555.0,1078.4481772153667,1163050.470939147,Up,Up,2783
Ridge,H3,327,2024-11-19,2024-11-22,75555.0,0.0267884322678844,0.0010981903354561468,77579.0,75637.97377079539,0.0,75555.0,1941.02622920461,3767582.822460267,Up,Up,2782
Ridge,H4,327,2024-11-19,2024-11-25,75555.0,-0.0023558996757329,0.0014607331464060642,75377.0,75665.36569287672,0.0,75555.0,288.3656928767159,83154.77282826844,Down,Up,2781
Ridge,H5,327,2024-11-19,2024-11-26,75555.0,-0.0034676725564158,0.0018165257364845166,75293.0,75692.2476020201,0.0,75555.0,399.2476020200993,159398.6477187996,Down,Up,2780
Ridge,H6,327,2024-11-19,2024-11-27,75555.0,0.0030838462047515,0.002173041277358022,75788.0,75719.18413371078,0.0,75555.0,68.81586628922378,4735.623453136325,Up,Up,2779
Ridge,H7,327,2024-11-19,2024-11-28,75555.0,0.0027264906359605,0.0025323006536113095,75761.0,75746.3279758836,0.0,75555.0,14.67202411640028,215.2682916722314,Up,Up,2778
Ridge,H1,328,2024-11-20,2024-11-21,76008.0,0.0089595832017681,0.0003723530682146476,76689.0,76036.30181200887,0.0,76008.0,652.6981879911327,426014.92460690805,Up,Up,2785
Ridge,H2,328,2024-11-20,2024-11-22,76008.0,0.02066887696032,0.0007396246974018018,77579.0,76064.21739400012,0.0,76008.0,1514.782605999877,2294566.3434397783,Up,Up,2784
Ridge,H3,328,2024-11-20,2024-11-25,76008.0,-0.0083017577097147,0.0011077209367513854,75377.0,76092.1956529606,0.0,76008.0,715.1956529605959,511504.82201373315,Down,Up,2783
Ridge,H4,328,2024-11-20,2024-11-26,76008.0,-0.0094069045363646,0.001469210042464432,75293.0,76119.67171690764,0.0,76008.0,826.6717169076437,683386.1275350314,Down,Up,2782
Ridge,H5,328,2024-11-20,2024-11-27,76008.0,-0.0028944321650352,0.0018230820358129582,75788.0,76146.56881937807,0.0,76008.0,358.5688193780661,128571.5982301802,Down,Up,2781
Ridge,H6,328,2024-11-20,2024-11-28,76008.0,-0.0032496579307441,0.00217749340053296,75761.0,76173.5069183877,0.0,76008.0,412.5069183877058,170161.95771772138,Down,Up,2780
Ridge,H7,328,2024-11-20,2024-11-29,76008.0,0.00627565519419,0.002534377626695081,76485.0,76200.63297464984,0.0,76008.0,284.3670253501623,80864.60510649985,Up,Up,2779
Ridge,H1,329,2024-11-21,2024-11-22,76689.0,0.0116053149734642,0.0003754350933640707,77579.0,76717.791741875,0.0,76689.0,861.2082581249997,741679.6638626962,Up,Up,2786
Ridge,H2,329,2024-11-21,2024-11-25,76689.0,-0.0171080598260506,0.0007447479635612314,75377.0,76746.11397657754,0.0,76689.0,1369.1139765775442,1874473.0808599764,Down,Up,2785
Ridge,H3,329,2024-11-21,2024-11-26,76689.0,-0.0182033929246697,0.0011152208085106366,75293.0,76774.52516858387,0.0,76689.0,1481.525168583874,2194916.825147476,Down,Up,2784
Ridge,H4,329,2024-11-21,2024-11-27,76689.0,-0.0117487514506643,0.0014819147958053628,75788.0,76802.64656377552,0.0,76689.0,1014.6465637755173,1029507.6493814648,Down,Up,2783
Ridge,H5,329,2024-11-21,2024-11-28,76689.0,-0.0121008228037919,0.00183472949893084,75761.0,76829.70357054351,0.0,76689.0,1068.703570543512,1142127.3216924511,Down,Up,2782
Ridge,H6,329,2024-11-21,2024-11-29,76689.0,-0.0026600946680749,0.0021872059019994003,76485.0,76856.73463341843,0.0,76689.0,371.7346334184258,138186.6376827314,Down,Up,2781
Ridge,H7,329,2024-11-21,2024-12-02,76689.0,-0.0113966800975368,0.002541968786607491,75815.0,76883.94104427614,0.0,76689.0,1068.9410442761437,1142634.9561381724,Down,Up,2780
Ridge,H1,330,2024-11-22,2024-11-25,77579.0,-0.0283839698887585,0.00037946445353454297,75377.0,77608.43847284076,0.0,77579.0,2231.4384728407604,4979317.658073905,Down,Up,2787
Ridge,H2,330,2024-11-22,2024-11-26,77579.0,-0.0294667371324713,0.0007518995060119576,75293.0,77637.33161177691,0.0,77579.0,2344.3316117769136,5495890.705976542,Down,Up,2786
Ridge,H3,330,2024-11-22,2024-11-27,77579.0,-0.0230861444463063,0.001124439144021407,75788.0,77666.23286435404,0.0,77579.0,1878.2328643540386,3527758.6927395766,Down,Up,2785
Ridge,H4,330,2024-11-22,2024-11-28,77579.0,-0.0234341767746426,0.0014935411132213044,75761.0,77694.8674260226,0.0,77579.0,1933.8674260225962,3739843.2214312614,Down,Up,2784
Ridge,H5,330,2024-11-22,2024-11-29,77579.0,-0.0141017543407365,0.0018516271954558616,76485.0,77722.64738619627,0.0,77579.0,1237.6473861962731,1531771.0525584668,Down,Up,2783
Ridge,H6,330,2024-11-22,2024-12-02,77579.0,-0.02273811211797,0.002203037145630096,75815.0,77749.90941872084,0.0,77579.0,1934.9094187208393,3743874.4586546165,Down,Up,2782
Ridge,H7,330,2024-11-22,2024-12-03,77579.0,-0.0212041918560434,0.0025558456484980657,75934.0,77777.27994956482,0.0,77579.0,1843.2799495648214,3397680.9724676907,Down,Up,2781
Ridge,H1,331,2024-11-25,2024-11-26,75377.0,-0.0011143982912559,0.00036914778400497786,75293.0,75404.82525251493,0.0,75377.0,111.82525251492916,12504.88710002767,Down,Up,2788
Ridge,H2,331,2024-11-25,2024-11-27,75377.0,0.0054525916393595,0.0007454906511438852,75788.0,75433.19284881128,0.0,75377.0,354.8071511887247,125888.11453465853,Up,Up,2787
Ridge,H3,331,2024-11-25,2024-11-28,75377.0,0.0050943921885986,0.0011210552440603272,75761.0,75461.50178113153,0.0,75377.0,299.4982188684662,89699.1831053837,Up,Up,2786
Ridge,H4,331,2024-11-25,2024-11-29,75377.0,0.014699444127519,0.0014921581680092401,76485.0,75489.47440623003,0.0,75377.0,995.5255937699694,991071.2078510502,Up,Up,2785
Ridge,H5,331,2024-11-25,2024-12-02,75377.0,0.0058107910901203,0.0018525794063631216,75815.0,75516.64187791343,0.0,75377.0,298.35812208657444,89017.56901502726,Up,Up,2784
Ridge,H6,331,2024-11-25,2024-12-03,75377.0,0.0073895220027329,0.002209104756681877,75934.0,75543.5156892444,0.0,75377.0,390.48431075559347,152477.9969462709,Up,Up,2783
Ridge,H7,331,2024-11-25,2024-12-04,75377.0,0.0087427199278293,0.002560870113840424,76036.0,75570.03070657095,0.0,75377.0,465.9692934290506,217127.38241876866,Up,Up,2782
Ridge,H1,332,2024-11-26,2024-11-27,75293.0,0.006574316337508,0.0003686151834798451,75788.0,75320.75414300975,0.0,75293.0,467.2458569902519,218318.69087455494,Up,Up,2789
Ridge,H2,332,2024-11-26,2024-11-28,75293.0,0.0062157172645531,0.0007346539973296219,75761.0,75348.31430342094,0.0,75293.0,412.6856965790648,170309.48416094796,Up,Up,2788
Ridge,H3,332,2024-11-26,2024-11-29,75293.0,0.0158314849986054,0.0011141213833365895,76485.0,75376.88554131555,0.0,75293.0,1108.1144586844457,1227917.6535455221,Up,Up,2787
Ridge,H4,332,2024-11-26,2024-12-02,75293.0,0.0069329154104631,0.001488246044910606,75815.0,75405.05450945946,0.0,75293.0,409.9454905405437,168055.305214527,Up,Up,2786
Ridge,H5,332,2024-11-26,2024-12-03,75293.0,0.0085134076208943,0.0018506692006637437,75934.0,75432.34243612557,0.0,75293.0,501.65756387442525,251660.31139242306,Up,Up,2785
Ridge,H6,332,2024-11-26,2024-12-04,75293.0,0.0098681152298354,0.0022095274222599824,76036.0,75459.36194820423,0.0,75293.0,576.6380517957732,332511.4427788248,Up,Up,2784
Ridge,H7,332,2024-11-26,2024-12-05,75293.0,0.0140783339752699,0.0025664008455700163,76353.0,75486.2320188655,0.0,75293.0,866.7679811345006,751286.733119978,Up,Up,2783
Ridge,H1,333,2024-11-27,2024-11-28,75788.0,-0.000356256927218,0.00037083949244039237,75761.0,75816.10518345308,0.0,75788.0,55.105183453080826,3036.581243397693,Down,Up,2790
Ridge,H2,333,2024-11-27,2024-11-29,75788.0,0.0091967066026283,0.0007363456577690231,76485.0,75843.80616471099,0.0,75788.0,641.1938352890138,411129.53441263497,Up,Up,2789
Ridge,H3,333,2024-11-27,2024-12-02,75788.0,0.0003562569272179,0.0011054411911016397,75815.0,75871.7791769912,0.0,75788.0,56.779176991200075,3223.874939798024,Up,Up,2788
Ridge,H4,333,2024-11-27,2024-12-03,75788.0,0.0019264263471789,0.0014834967493660765,75934.0,75900.43125164096,0.0,75788.0,33.56874835904455,1126.860866392856,Up,Up,2787
Ridge,H5,333,2024-11-27,2024-12-04,75788.0,0.0032722858500027,0.0018489664821503774,76036.0,75928.12947174921,0.0,75788.0,107.87052825078717,11636.050865103874,Up,Up,2786
Ridge,H6,333,2024-11-27,2024-12-05,75788.0,0.0074550060695623,0.002209841333939742,76353.0,75955.47945501663,0.0,75788.0,397.52054498337384,158022.58368387853,Up,Up,2785
Ridge,H7,333,2024-11-27,2024-12-06,75788.0,0.0052382963002057,0.0025690647671477887,76185.0,75982.7042805726,0.0,75788.0,202.29571942740586,40923.55809865171,Up,Up,2784
Ridge,H1,334,2024-11-28,2024-11-29,75761.0,0.0095563680521639,0.0003705795018756364,76485.0,75789.0754736416,0.0,75761.0,695.9245263584016,484310.94638716563,Up,Up,2791
Ridge,H2,334,2024-11-28,2024-12-02,75761.0,0.0007127677828961,0.0007383103188927946,75815.0,75816.93512806963,0.0,75761.0,1.935128069628263,3.744720645863207,Up,Up,2790
Ridge,H3,334,2024-11-28,2024-12-03,75761.0,0.0022834967859453,0.0011068722481492469,75934.0,75844.85774839204,0.0,75761.0,89.14225160796195,7946.341021737196,Up,Up,2789
Ridge,H4,334,2024-11-28,2024-12-04,75761.0,0.0036298359314159,0.0014745602989255403,76036.0,75872.7141628069,0.0,75761.0,163.285837193107,26662.264627853845,Up,Up,2788
Ridge,H5,334,2024-11-28,2024-12-05,75761.0,0.0078140468050844,0.001843961646672308,76353.0,75900.70037831354,0.0,75761.0,452.2996216864558,204574.94777771103,Up,Up,2787
Ridge,H6,334,2024-11-28,2024-12-06,75761.0,0.0055965470360739,0.002207882390496778,76185.0,75928.27137778643,0.0,75761.0,256.72862221357354,65909.58546367977,Up,Up,2786
Ridge,H7,334,2024-11-28,2024-12-09,75761.0,0.0163408613930651,0.0025691222599853983,76999.0,75955.63927153875,0.0,75761.0,1043.3607284612517,1088601.6096951938,Up,Up,2785
Ridge,H1,335,2024-11-29,2024-12-02,76485.0,-0.0087598875596521,0.0003738695475397723,75815.0,76513.59541234358,0.0,76485.0,698.5954123435804,488035.5501474971,Down,Up,2792
Ridge,H2,335,2024-11-29,2024-12-03,76485.0,-0.0072040269333856,0.0007413411528244266,75934.0,76541.70147807378,0.0,76485.0,607.7014780737809,369301.086453058,Down,Up,2791
Ridge,H3,335,2024-11-29,2024-12-04,76485.0,-0.0058704321108714,0.0011121504812879987,76036.0,76570.06282956131,0.0,76485.0,534.0628295613133,285223.1059190363,Down,Up,2790
Ridge,H4,335,2024-11-29,2024-12-05,76485.0,-0.0017258285938419,0.0014793021077541325,76353.0,76598.14442171158,0.0,76485.0,245.14442171157862,60095.7874963043,Down,Up,2789
Ridge,H5,335,2024-11-29,2024-12-06,76485.0,-0.0039223377132771,0.0018382424066099876,76185.0,76625.59797046956,0.0,76485.0,440.59797046956373,194126.57158189855,Down,Up,2788
Ridge,H6,335,2024-11-29,2024-12-09,76485.0,0.006720271948748,0.0022061362412216564,76999.0,76653.73633040983,0.0,76485.0,345.2636695901747,119207.00153887332,Up,Up,2787
Ridge,H7,335,2024-11-29,2024-12-10,76485.0,0.0164738183957637,0.0025704525681972856,77745.0,76681.60106467857,0.0,76485.0,1063.3989353214274,1130817.2956427454,Up,Up,2786
Ridge,H1,336,2024-12-02,2024-12-03,75815.0,0.0015696102354414,0.00037059972611625734,75934.0,75843.09701823551,0.0,75815.0,90.90298176449141,8263.35209367546,Up,Up,2793
Ridge,H2,336,2024-12-02,2024-12-04,75815.0,0.0029149904372485,0.0007413315079409185,76036.0,75871.20404827455,0.0,75815.0,164.7959517254494,27157.705705096654,Up,Up,2792
Ridge,H3,336,2024-12-02,2024-12-05,75815.0,0.0070962210644331,0.0011118796186945304,76353.0,75899.29715329134,0.0,75815.0,453.70284670866386,205846.27311154534,Up,Up,2791
Ridge,H4,336,2024-12-02,2024-12-06,75815.0,0.004880300732045,0.0014812571023737418,76185.0,75927.30150721646,0.0,75815.0,257.69849278354377,66408.51318291016,Up,Up,2790
Ridge,H5,336,2024-12-02,2024-12-09,75815.0,0.0156169623425443,0.0018396674876708294,76999.0,75954.47439057776,0.0,75815.0,1044.5256094222423,1091033.7487389066,Up,Up,2789
Ridge,H6,336,2024-12-02,2024-12-10,75815.0,0.0254567038185056,0.00219718926088355,77745.0,75981.5799038139,0.0,75815.0,1763.420096186106,3109650.435633016,Up,Up,2788
Ridge,H7,336,2024-12-02,2024-12-11,75815.0,0.0326056848908526,0.0025654410516859614,78287.0,76009.49891333358,0.0,75815.0,2277.5010866664234,5187011.199766739,Up,Up,2787
Ridge,H1,337,2024-12-03,2024-12-04,75934.0,0.0013432717886585,0.00037102868185686613,76036.0,75962.17369192811,0.0,75934.0,73.8263080718898,5450.323763525581,Up,Up,2794
Ridge,H2,337,2024-12-03,2024-12-05,75934.0,0.0055179497985091,0.0007384859414276034,76353.0,75990.07619147637,0.0,75934.0,362.9238085236284,131713.69079329527,Up,Up,2793
Ridge,H3,337,2024-12-03,2024-12-06,75934.0,0.003305502146601,0.0011122988348442003,76185.0,76018.46129972507,0.0,75934.0,166.53870027493394,27735.138689264284,Up,Up,2792
Ridge,H4,337,2024-12-03,2024-12-09,75934.0,0.0140253377933468,0.0014814165662256579,76999.0,76046.48988553978,0.0,75934.0,952.5101144602231,907275.5181490274,Up,Up,2791
Ridge,H5,337,2024-12-03,2024-12-10,75934.0,0.0238496589143202,0.001842058914919438,77745.0,76073.8749016455,0.0,75934.0,1671.1250983545033,2792659.094350348,Up,Up,2790
Ridge,H6,337,2024-12-03,2024-12-11,75934.0,0.0309874364579767,0.0021990504601953516,78287.0,76100.98269764447,0.0,75934.0,2186.0173023555253,4778671.646197728,Up,Up,2789
Ridge,H7,337,2024-12-03,2024-12-12,75934.0,0.0193062396291516,0.0025569151459575038,77400.0,76128.15679469313,0.0,75934.0,1271.8432053068682,1617585.1388852485,Up,Up,2788
Ridge,H1,338,2024-12-04,2024-12-05,76036.0,0.0041690778052501,0.00037137643053956356,76353.0,76064.2379782725,0.0,76036.0,288.7620217274962,83383.50519215097,Up,Up,2795
Ridge,H2,338,2024-12-04,2024-12-06,76036.0,0.0019595980851174,0.0007392651351788101,76185.0,76092.21076381845,0.0,76036.0,92.78923618154658,8609.842351154834,Up,Up,2794
Ridge,H3,338,2024-12-04,2024-12-09,76036.0,0.0126650533957599,0.0011097989278602586,76999.0,76120.38467127879,0.0,76036.0,878.6153287212073,771964.8958638752,Up,Up,2793
Ridge,H4,338,2024-12-04,2024-12-10,76036.0,0.0224761954863486,0.0014821859565250176,77745.0,76148.69949139033,0.0,76036.0,1596.3005086096673,2548175.3137874827,Up,Up,2792
Ridge,H5,338,2024-12-04,2024-12-11,76036.0,0.0296043979167761,0.0018425714657347209,78287.0,76176.1017639686,0.0,76036.0,2110.8982360313967,4455891.362880462,Up,Up,2791
Ridge,H6,338,2024-12-04,2024-12-12,76036.0,0.0179388710610763,0.0022017994494722306,77400.0,76203.41602294007,0.0,76036.0,1196.5839770599268,1431813.2141565515,Up,Up,2790
Ridge,H7,338,2024-12-04,2024-12-13,76036.0,0.0073123257404388,0.0025591333116293433,76592.0,76230.58626048305,0.0,76036.0,361.4137395169528,130619.89111162779,Up,Up,2789
Ridge,H1,339,2024-12-05,2024-12-06,76353.0,-0.0022003064712584,0.0003727347725623387,76185.0,76381.45941808945,0.0,76353.0,196.45941808944917,38596.30295604499,Down,Up,2796
Ridge,H2,339,2024-12-05,2024-12-09,76353.0,0.008460702264482,0.0007409751862489274,76999.0,76409.57567839566,0.0,76353.0,589.4243216043396,347421.030898736,Up,Up,2795
Ridge,H3,339,2024-12-05,2024-12-10,76353.0,0.018231110761856,0.0011119417309777382,77745.0,76437.90008698535,0.0,76353.0,1307.099913014652,1708510.1826029108,Up,Up,2794
Ridge,H4,339,2024-12-05,2024-12-11,76353.0,0.0253297185441305,0.001481037576687058,78287.0,76466.0816620928,0.0,76353.0,1820.9183379072056,3315743.59332674,Up,Up,2793
Ridge,H5,339,2024-12-05,2024-12-12,76353.0,0.0137126242583789,0.0018447103649900979,77400.0,76493.84917049808,0.0,76353.0,906.1508295019157,821109.3258070099,Up,Up,2792
Ridge,H6,339,2024-12-05,2024-12-13,76353.0,0.0031301978966118,0.0022036818287230536,76592.0,76521.25771866848,0.0,76353.0,70.74228133152064,5004.470367988014,Up,Up,2791
Ridge,H7,339,2024-12-05,2024-12-16,76353.0,0.0017419092897463,0.0025632622712724283,76486.0,76548.71276419846,0.0,76353.0,62.71276419845526,3932.890793411052,Up,Up,2790
Ridge,H1,340,2024-12-06,2024-12-09,76185.0,0.0106845179497276,0.0003718147105638695,76999.0,76213.3267037243,0.0,76185.0,785.6732962756942,617282.5284807147,Up,Up,2797
Ridge,H2,340,2024-12-06,2024-12-10,76185.0,0.0204764717464067,0.0007414104484036424,77745.0,76241.48435501163,0.0,76185.0,1503.5156449883652,2260559.29472478,Up,Up,2796
Ridge,H3,340,2024-12-06,2024-12-11,76185.0,0.0275907330839404,0.0011127261623144497,78287.0,76269.77304267594,0.0,76185.0,2017.2269573240628,4069204.5973548964,Up,Up,2795
Ridge,H4,340,2024-12-06,2024-12-12,76185.0,0.0159480212640283,0.0014822536928183125,77400.0,76297.92549758736,0.0,76185.0,1102.0745024126372,1214568.208868062,Up,Up,2794
Ridge,H5,340,2024-12-06,2024-12-13,76185.0,0.0053422589748637,0.0018426450519769212,76592.0,76325.38191328486,0.0,76185.0,266.61808671514154,71085.20416364273,Up,Up,2793
Ridge,H6,340,2024-12-06,2024-12-16,76185.0,0.0039509089715823,0.0022048968313154445,76486.0,76352.98006509377,0.0,76185.0,133.01993490623136,17694.303082458027,Up,Up,2792
Ridge,H7,340,2024-12-06,2024-12-17,76185.0,0.0016932467021066,0.002564220679890633,76314.0,76380.35515249746,0.0,76185.0,66.35515249746095,4403.0062629612985,Up,Up,2791
Ridge,H1,341,2024-12-09,2024-12-10,76999.0,0.0096884375121755,0.0003755000900999457,77745.0,77027.91313143761,0.0,76999.0,717.0868685623864,514213.5770646092,Up,Up,2798
Ridge,H2,341,2024-12-09,2024-12-11,76999.0,0.0167274899674021,0.0007441701776928892,78287.0,77056.30035951217,0.0,76999.0,1230.69964048783,1514621.605096874,Up,Up,2797
Ridge,H3,341,2024-12-09,2024-12-12,76999.0,0.0052078598423355,0.0011168574962723832,77400.0,77084.99691035548,0.0,76999.0,315.00308964452415,99226.94648559611,Up,Up,2796
Ridge,H4,341,2024-12-09,2024-12-13,76999.0,-0.0052857829322459,0.0014867408609475375,76592.0,77113.4775595521,0.0,76999.0,521.477559552106,271938.84511642024,Down,Up,2795
Ridge,H5,341,2024-12-09,2024-12-16,76999.0,-0.006662424187327,0.0018475747043292436,76486.0,77141.26140465864,0.0,76999.0,655.2614046586386,429367.5084352122,Down,Up,2794
Ridge,H6,341,2024-12-09,2024-12-17,76999.0,-0.0088962194314211,0.002206513181707238,76314.0,77168.89930847829,0.0,76999.0,854.8993084782851,730852.8276366501,Down,Up,2793
Ridge,H7,341,2024-12-09,2024-12-18,76999.0,-0.0114806685801114,0.0025691544280100624,76115.0,77196.82232180233,0.0,76999.0,1081.822321802334,1170339.5359497927,Down,Up,2792
Ridge,H1,342,2024-12-10,2024-12-11,77745.0,0.0069715094218276,0.00037882765615465647,78287.0,77774.45195612774,0.0,77745.0,512.5480438722589,262705.497277279,Up,Up,2799
Ridge,H2,342,2024-12-10,2024-12-12,77745.0,-0.004437584410573,0.0007512226520797785,77400.0,77803.40380508595,0.0,77745.0,403.4038050859526,162734.62995782527,Down,Up,2798
Ridge,H3,342,2024-12-10,2024-12-13,77745.0,-0.0148305357257702,0.0011229766448688442,76592.0,77832.30581925533,0.0,77745.0,1240.305819255329,1538358.5252786328,Down,Up,2797
Ridge,H4,342,2024-12-10,2024-12-16,77745.0,-0.0161939674577142,0.0014942483896452602,76486.0,77861.17034105296,0.0,77745.0,1375.170341052959,1891093.4669117115,Down,Up,2796
Ridge,H5,342,2024-12-10,2024-12-17,77745.0,-0.0184063283812463,0.0018554470269045876,76314.0,77889.25172910669,0.0,77745.0,1575.2517291066906,2481418.010053619,Down,Up,2795
Ridge,H6,342,2024-12-10,2024-12-18,77745.0,-0.0209659785195189,0.002214834723388765,76115.0,77917.19232556986,0.0,77745.0,1802.192325569864,3247897.178342914,Down,Up,2794
Ridge,H7,342,2024-12-10,2024-12-19,77745.0,-0.0328509872017492,0.0025741331716492505,75191.0,77945.12598342988,0.0,77745.0,2754.1259834298835,7585209.932603623,Down,Up,2793
Ridge,H1,343,2024-12-11,2024-12-12,78287.0,-0.0113301058924214,0.0003811820726889148,77400.0,78316.8416009246,0.0,78287.0,916.8416009245993,840598.5211859823,Down,Up,2800
Ridge,H2,343,2024-12-11,2024-12-13,78287.0,-0.0216511042701853,0.0007569303663574857,76592.0,78346.25780759103,0.0,78287.0,1754.2578075910278,3077420.4554940797,Down,Up,2799
Ridge,H3,343,2024-12-11,2024-12-16,78287.0,-0.0230050966316246,0.0011324359569456458,76486.0,78375.6550137614,0.0,78287.0,1889.6550137613958,3570796.071033581,Down,Up,2798
Ridge,H4,343,2024-12-11,2024-12-17,78287.0,-0.0252021408407525,0.001502769730138014,76314.0,78404.64733386331,0.0,78287.0,2090.6473338633077,4370806.2745897565,Down,Up,2797
Ridge,H5,343,2024-12-11,2024-12-18,78287.0,-0.0277440698966622,0.00186537106716048,76115.0,78433.0343047348,0.0,78287.0,2318.0343047347997,5373283.037927346,Down,Up,2796
Ridge,H6,343,2024-12-11,2024-12-19,78287.0,-0.039546795764303,0.0022251289401191924,75191.0,78461.1986693351,0.0,78287.0,3270.1986693351064,10694199.3369211,Down,Up,2795
Ridge,H7,343,2024-12-11,2024-12-20,78287.0,-0.0319465556222616,0.002584881771725626,75786.0,78489.36263926308,0.0,78287.0,2703.362639263083,7308169.559363462,Down,Up,2794
Ridge,H1,344,2024-12-12,2024-12-13,77400.0,-0.0104392764857881,0.00037700112017423153,76592.0,77429.17988670149,0.0,77400.0,837.1798867014877,700870.1626975158,Down,Up,2801
Ridge,H2,344,2024-12-12,2024-12-16,77400.0,-0.0118087855297157,0.0007550751510129124,76486.0,77458.44281668839,0.0,77400.0,972.4428166883881,945645.031728846,Down,Up,2800
Ridge,H3,344,2024-12-12,2024-12-17,77400.0,-0.0140310077519379,0.0011338920300543464,76314.0,77487.7632431262,0.0,77400.0,1173.7632431262027,1377720.1509141412,Down,Up,2799
Ridge,H4,344,2024-12-12,2024-12-18,77400.0,-0.0166020671834625,0.0015079325487937147,76115.0,77516.71397927662,0.0,77400.0,1401.7139792766247,1964802.07969951,Down,Up,2798
Ridge,H5,344,2024-12-12,2024-12-19,77400.0,-0.0285400516795865,0.0018696069673383318,75191.0,77544.70757927198,0.0,77400.0,2353.7075792719843,5539939.368722384,Down,Up,2797
Ridge,H6,344,2024-12-12,2024-12-20,77400.0,-0.0208527131782946,0.0022307491876772958,75786.0,77572.65998712623,0.0,77400.0,1786.6599871262297,3192153.9095978993,Down,Up,2796
Ridge,H7,344,2024-12-12,2024-12-23,77400.0,-0.0244702842377261,0.002590864425366567,75506.0,77600.53290652337,0.0,77400.0,2094.5329065233673,4387068.096509225,Down,Up,2795
Ridge,H1,345,2024-12-13,2024-12-16,76592.0,-0.0013839565489868,0.0003731406246855315,76486.0,76620.57958672591,0.0,76592.0,134.57958672591485,18111.665163318037,Down,Up,2802
Ridge,H2,345,2024-12-13,2024-12-17,76592.0,-0.0036296218926258,0.0007470754765324305,76314.0,76649.22000489857,0.0,76592.0,335.22000489856873,112372.45168419645,Down,Up,2801
Ridge,H3,345,2024-12-13,2024-12-18,76592.0,-0.0062278044704408,0.0011281900035919426,76115.0,76678.41032875511,0.0,76592.0,563.4103287551115,317431.19854794285,Down,Up,2800
Ridge,H4,345,2024-12-13,2024-12-19,76592.0,-0.0182917275955712,0.0015055051578875488,75191.0,76707.30965105293,0.0,76592.0,1516.3096510529285,2299194.957876254,Down,Up,2799
Ridge,H5,345,2024-12-13,2024-12-20,76592.0,-0.0105232922498432,0.0018708480292720226,75786.0,76735.291992258,0.0,76592.0,949.291992258004,901155.2865651704,Down,Up,2798
Ridge,H6,345,2024-12-13,2024-12-23,76592.0,-0.0141790265301858,0.0022310706816843894,75506.0,76762.88216565156,0.0,76592.0,1256.8821656515647,1579752.7783329673,Down,Up,2797
Ridge,H7,345,2024-12-13,2024-12-24,76592.0,-0.0134478796741174,0.00259255281342895,75562.0,76790.56880508615,0.0,76592.0,1228.56880508615,1509381.3088308102,Down,Up,2796
Ridge,H1,346,2024-12-16,2024-12-17,76486.0,-0.0022487775540621,0.00037251363935787647,76314.0,76514.49207821993,0.0,76486.0,200.49207821993332,40197.07342894786,Down,Up,2803
Ridge,H2,346,2024-12-16,2024-12-18,76486.0,-0.0048505608869596,0.0007425942492315919,76115.0,76542.79806374673,0.0,76486.0,427.79806374672626,183011.18334544805,Down,Up,2802
Ridge,H3,346,2024-12-16,2024-12-19,76486.0,-0.0169312030959913,0.0011195739905504926,75191.0,76571.63173624125,0.0,76486.0,1380.631736241252,1906143.9911165338,Down,Up,2801
Ridge,H4,346,2024-12-16,2024-12-20,76486.0,-0.0091520016735088,0.0014991839884753919,75786.0,76600.66658654253,0.0,76486.0,814.6665865425311,663681.6472288594,Down,Up,2800
Ridge,H5,346,2024-12-16,2024-12-23,76486.0,-0.0128128023429123,0.0018677993938514396,75506.0,76628.86050443811,0.0,76486.0,1122.860504438111,1260815.7124270094,Down,Up,2799
Ridge,H6,346,2024-12-16,2024-12-24,76486.0,-0.0120806422090317,0.0022316852880962697,75562.0,76656.69268094534,0.0,76486.0,1094.6926809453435,1198352.0657153034,Down,Up,2798
Ridge,H7,346,2024-12-16,2024-12-26,76486.0,-0.0048636351750647,0.0025922487703104948,76114.0,76684.27073944597,0.0,76486.0,570.2707394459721,325208.71626825584,Down,Up,2797
Ridge,H1,347,2024-12-17,2024-12-18,76314.0,-0.002607647351731,0.00037157894496507457,76115.0,76342.35667560606,0.0,76314.0,227.3566756060609,51691.0579426396,Down,Up,2804
Ridge,H2,347,2024-12-17,2024-12-19,76314.0,-0.0147155174673061,0.0007410347898626141,75191.0,76370.55132895357,0.0,76314.0,1179.5513289535738,1391341.337636142,Down,Up,2803
Ridge,H3,347,2024-12-17,2024-12-20,76314.0,-0.0069187829231858,0.001114167269915142,75786.0,76399.0265610363,0.0,76314.0,613.0265610362985,375801.56453599065,Down,Up,2802
Ridge,H4,347,2024-12-17,2024-12-23,76314.0,-0.01058783447336,0.001489651422402183,75506.0,76427.68125864919,0.0,76314.0,921.6812586491869,849496.3425451494,Down,Up,2801
Ridge,H5,347,2024-12-17,2024-12-24,76314.0,-0.0098540241633252,0.0018605588187728212,75562.0,76455.98668569583,0.0,76314.0,893.9866856958251,799212.1942014061,Down,Up,2800
Ridge,H6,347,2024-12-17,2024-12-26,76314.0,-0.0026207511072673,0.002227709933683966,76114.0,76484.00545587916,0.0,76314.0,370.00545587915985,136904.0373803449,Down,Up,2799
Ridge,H7,347,2024-12-17,2024-12-27,76314.0,-0.0069580941897947,0.002591927961627559,75783.0,76511.80039046364,0.0,76314.0,728.8003904636425,531150.0091399578,Down,Up,2798
Ridge,H1,348,2024-12-18,2024-12-19,76115.0,-0.012139525717664,0.00037051691170890606,75191.0,76143.20189473472,0.0,76115.0,952.2018947347242,906688.4483363988,Down,Up,2805
Ridge,H2,348,2024-12-18,2024-12-20,76115.0,-0.0043224068843197,0.0007390407588205178,75786.0,76171.25208735763,0.0,76115.0,385.2520873576286,148419.17081340993,Down,Up,2804
Ridge,H3,348,2024-12-18,2024-12-23,76115.0,-0.0080010510411876,0.0011115481760716884,75506.0,76199.6054894217,0.0,76115.0,693.6054894216941,481088.57495590777,Down,Up,2803
Ridge,H4,348,2024-12-18,2024-12-24,76115.0,-0.0072653222098141,0.0014831947731355026,75562.0,76227.89337015721,0.0,76115.0,665.8933701572096,443413.9804193265,Down,Up,2802
Ridge,H5,348,2024-12-18,2024-12-26,76115.0,-1.3138014845925916e-05,0.0018499895615212822,76114.0,76255.8119554752,0.0,76115.0,141.81195547520474,20110.630715701453,Down,Up,2801
Ridge,H6,348,2024-12-18,2024-12-27,76115.0,-0.0043618209288576,0.002219426793597195,75783.0,76283.93167039464,0.0,76115.0,500.9316703946388,250932.53840436303,Down,Up,2800
Ridge,H7,348,2024-12-18,2024-12-30,76115.0,-0.0078565328778821,0.002586900435057183,75517.0,76311.90192661437,0.0,76115.0,794.9019266143732,631869.0729352424,Down,Up,2799
Ridge,H1,349,2024-12-19,2024-12-20,75191.0,0.0079131810988017,0.0003660585196395924,75786.0,75218.52430615023,0.0,75191.0,567.475693849774,322028.6631102824,Up,Up,2806
Ridge,H2,349,2024-12-19,2024-12-23,75191.0,0.0041893311699539,0.0007335308081475311,75506.0,75246.15491499542,0.0,75191.0,259.8450850045774,67519.46820103606,Up,Up,2805
Ridge,H3,349,2024-12-19,2024-12-24,75191.0,0.0049341011557233,0.001105113017139684,75562.0,75274.09455287176,0.0,75191.0,287.9054471282434,82889.54648611376,Up,Up,2804
Ridge,H4,349,2024-12-19,2024-12-26,75191.0,0.0122754053011664,0.0014761395372570483,76114.0,75301.9924079459,0.0,75191.0,812.0075920540985,659356.3295534953,Up,Up,2803
Ridge,H5,349,2024-12-19,2024-12-27,75191.0,0.0078732827067069,0.0018391436260475668,75783.0,75329.28704838615,0.0,75191.0,453.71295161385206,205855.44246215365,Up,Up,2802
Ridge,H6,349,2024-12-19,2024-12-30,75191.0,0.0043356252743014,0.002204515432160894,75517.0,75356.7597198596,0.0,75191.0,160.24028014039504,25676.947379472284,Up,Up,2801
Ridge,H7,349,2024-12-19,2024-12-31,75191.0,0.013844742056895,0.002574243856897807,76232.0,75384.559969844,0.0,75191.0,847.4400301559945,718154.6047107928,Up,Up,2800
Ridge,H1,350,2024-12-20,2024-12-23,75786.0,-0.0036946137809094,0.00036874696890830925,75506.0,75813.94585778567,0.0,75786.0,307.94585778567125,94830.65132735287,Down,Up,2807
Ridge,H2,350,2024-12-20,2024-12-24,75786.0,-0.0029556910247274,0.0007317286995610851,75562.0,75841.45479122494,0.0,75786.0,279.45479122494,78094.9803385748,Down,Up,2806
Ridge,H3,350,2024-12-20,2024-12-26,75786.0,0.004327976143351,0.0011022521764353353,76114.0,75869.53528344331,0.0,75786.0,244.46471655668574,59762.997641140704,Up,Up,2805
Ridge,H4,350,2024-12-20,2024-12-27,75786.0,-3.958514765256549e-05,0.0014723490504531388,75783.0,75897.58344513764,0.0,75786.0,114.58344513764314,13129.365899611275,Down,Up,2804
Ridge,H5,350,2024-12-20,2024-12-30,75786.0,-0.0035494682395165,0.001834732919045226,75517.0,75925.04706900276,0.0,75786.0,408.0470690027578,166502.41052174137,Down,Up,2803
Ridge,H6,350,2024-12-20,2024-12-31,75786.0,0.0058849919510199,0.0021962860862539874,76232.0,75952.44773733284,0.0,75786.0,279.5522626671591,78149.46756232831,Up,Up,2802
Ridge,H7,350,2024-12-20,2025-01-01,75786.0,0.0056474810651043,0.0025619187710159857,76214.0,75980.15757598022,0.0,75786.0,233.84242401977826,54682.27927144577,Up,Up,2801
Ridge,H1,351,2024-12-23,2024-12-24,75506.0,0.0007416629142054,0.00036730061286664473,75562.0,75533.7334000751,0.0,75506.0,28.26659992490022,799.0006713143691,Up,Up,2808
Ridge,H2,351,2024-12-23,2024-12-26,75506.0,0.0080523402113739,0.0007329613892281908,76114.0,75561.34298265506,0.0,75506.0,552.6570173449436,305429.77882060927,Up,Up,2807
Ridge,H3,351,2024-12-23,2024-12-27,75506.0,0.0036685826291951,0.0010990089917823423,75783.0,75588.98177293352,0.0,75506.0,194.0182270664809,37643.07243402054,Up,Up,2806
Ridge,H4,351,2024-12-23,2024-12-30,75506.0,0.0001456837867188,0.0014680504707968636,75517.0,75616.846618848,0.0,75506.0,99.84661884799425,9969.347295376641,Up,Up,2805
Ridge,H5,351,2024-12-23,2024-12-31,75506.0,0.0096151299234497,0.0018295099622604105,76232.0,75644.13897921045,0.0,75506.0,587.8610207895545,345580.579763737,Up,Up,2804
Ridge,H6,351,2024-12-23,2025-01-01,75506.0,0.0093767382724552,0.0021904443866554084,76214.0,75671.39169385881,0.0,75506.0,542.6083061411919,294423.77389341337,Up,Up,2803
Ridge,H7,351,2024-12-23,2025-01-02,75506.0,0.0177866659603209,0.0025522718619769664,76849.0,75698.71183921043,0.0,75506.0,1150.2881607895688,1323162.8528526488,Up,Up,2802
Ridge,H1,352,2024-12-24,2024-12-26,75562.0,0.0073052592572986,0.0003674334699785025,76114.0,75589.76400785852,0.0,75562.0,524.2359921414754,274823.3754565571,Up,Up,2809
Ridge,H2,352,2024-12-24,2024-12-27,75562.0,0.0029247505359837,0.0007316473450342958,75783.0,75617.28473668548,0.0,75562.0,165.71526331451605,27461.54849539939,Up,Up,2808
Ridge,H3,352,2024-12-24,2024-12-30,75562.0,-0.0005955374394537,0.0011003747338173384,75517.0,75645.1465156367,0.0,75562.0,128.14651563670486,16421.529469828245,Down,Up,2807
Ridge,H4,352,2024-12-24,2024-12-31,75562.0,0.0088668907651994,0.0014649374423851879,76232.0,75672.69360302151,0.0,75562.0,559.3063969784853,312823.64570105495,Up,Up,2806
Ridge,H5,352,2024-12-24,2025-01-01,75562.0,0.008628675789418,0.001825343881443235,76214.0,75699.92663436962,0.0,75562.0,514.0733656303782,264271.42525054456,Up,Up,2805
Ridge,H6,352,2024-12-24,2025-01-02,75562.0,0.0170323707683757,0.0021853545380963704,76849.0,75727.12975960763,0.0,75562.0,1121.8702403923671,1258592.8362780276,Up,Up,2804
Ridge,H7,352,2024-12-24,2025-01-03,75562.0,0.0165559408168127,0.0025465631877116977,76813.0,75754.42340758987,0.0,75562.0,1058.5765924101288,1120584.40199864,Up,Up,2803
Ridge,H1,353,2024-12-26,2024-12-27,76114.0,-0.004348740047823,0.0003699025644153731,75783.0,76142.1547637879,0.0,76114.0,359.15476378789754,128992.14435154048,Down,Up,2810
Ridge,H2,353,2024-12-26,2024-12-30,76114.0,-0.0078434979110282,0.0007342538245736606,75517.0,76169.88699560359,0.0,76114.0,652.8869956035924,426261.42902828526,Down,Up,2809
Ridge,H3,353,2024-12-26,2024-12-31,76114.0,0.0015503061197676,0.0011015245577150378,76232.0,76197.84144018592,0.0,76114.0,34.158559814080945,1166.8072085721456,Up,Up,2808
Ridge,H4,353,2024-12-26,2025-01-01,76114.0,0.0013138187455659,0.0014687888124890443,76214.0,76225.7953916738,0.0,76114.0,11.79539167380426,139.13126473845088,Up,Up,2807
Ridge,H5,353,2024-12-26,2025-01-02,76114.0,0.0096565677799089,0.0018246890022275172,76849.0,76252.88437871555,0.0,76114.0,596.1156212844508,355353.8339393467,Up,Up,2806
Ridge,H6,353,2024-12-26,2025-01-03,76114.0,0.0091835930315054,0.0021836411571818535,76813.0,76280.20566303773,0.0,76114.0,532.7943369622662,283869.8054990609,Up,Up,2805
Ridge,H7,353,2024-12-26,2025-01-06,76114.0,0.0135980240166067,0.0025439201994509743,77149.0,76307.62794206102,0.0,76114.0,841.3720579389774,707906.9398804699,Up,Up,2804
Ridge,H1,354,2024-12-27,2024-12-30,75783.0,-0.0035100220366045,0.00036822403595063115,75517.0,75810.90512211644,0.0,75783.0,293.9051221164409,86380.22080628005,Down,Up,2811
Ridge,H2,354,2024-12-27,2024-12-31,75783.0,0.0059248116332157,0.000735033312624213,76232.0,75838.70302953059,0.0,75783.0,393.29697046941146,154682.50698041712,Up,Up,2810
Ridge,H3,354,2024-12-27,2025-01-01,75783.0,0.0056872913450245,0.0011024381031663807,76214.0,75866.54606677225,0.0,75783.0,347.4539332277491,120724.23571543311,Up,Up,2809
Ridge,H4,354,2024-12-27,2025-01-02,75783.0,0.0140664792895504,0.0014682516074517467,76849.0,75894.26851156751,0.0,75783.0,954.7314884324878,911512.2150045136,Up,Up,2808
Ridge,H5,354,2024-12-27,2025-01-03,75783.0,0.0135914387131679,0.0018268437059097275,76813.0,75921.44369656495,0.0,75783.0,891.5563034350489,794872.642194769,Up,Up,2807
Ridge,H6,354,2024-12-27,2025-01-06,75783.0,0.0180251507594051,0.0021813081813635065,77149.0,75948.30607790827,0.0,75783.0,1200.6939220917266,1441665.894548013,Up,Up,2806
Ridge,H7,354,2024-12-27,2025-01-07,75783.0,0.0228415343810617,0.0025405326434831863,77514.0,75975.52918532108,0.0,75783.0,1538.4708146789199,2366892.4476188193,Up,Up,2805
Ridge,H1,355,2024-12-30,2024-12-31,75517.0,0.0094680667929074,0.0003668447091260423,76232.0,75544.70301189907,0.0,75517.0,687.296988100934,472377.1498526154,Up,Up,2812
Ridge,H2,355,2024-12-30,2025-01-01,75517.0,0.0092297098666525,0.000731981113819014,76214.0,75572.27701777229,0.0,75517.0,641.722982227715,411808.38591923215,Up,Up,2811
Ridge,H3,355,2024-12-30,2025-01-02,75517.0,0.0176384125428712,0.001101833726024372,76849.0,75600.20717748819,0.0,75517.0,1248.7928225118085,1559483.5135570092,Up,Up,2810
Ridge,H4,355,2024-12-30,2025-01-03,75517.0,0.0171616986903611,0.00146778063464814,76813.0,75627.84239018672,0.0,75517.0,1185.1576098132791,1404598.5600983247,Up,Up,2809
Ridge,H5,355,2024-12-30,2025-01-06,75517.0,0.0216110279804546,0.0018249286786891957,77149.0,75654.81313902857,0.0,75517.0,1494.1868609714293,2232594.375499653,Up,Up,2808
Ridge,H6,355,2024-12-30,2025-01-07,75517.0,0.0264443767628481,0.0021820755666964666,77514.0,75681.7838005702,0.0,75517.0,1832.216199429793,3357016.201452955,Up,Up,2807
Ridge,H7,355,2024-12-30,2025-01-08,75517.0,0.0293973542381185,0.0025368271810843716,77737.0,75708.57357823395,0.0,75517.0,2028.426421766053,4114513.748518633,Up,Up,2806
Ridge,H1,356,2024-12-31,2025-01-01,76232.0,-0.0002361213138839,0.00037008007331591064,76214.0,76260.21194414902,0.0,76232.0,46.21194414902129,2135.543782032263,Down,Up,2813
Ridge,H2,356,2024-12-31,2025-01-02,76232.0,0.0080937139259102,0.0007338283674319466,76849.0,76287.94120410607,0.0,76232.0,561.0587958939286,314786.97244994505,Up,Up,2812
Ridge,H3,356,2024-12-31,2025-01-03,76232.0,0.0076214712981426,0.0011019936725333856,76813.0,76316.00718164457,0.0,76232.0,496.99281835542934,247001.8614968728,Up,Up,2811
Ridge,H4,356,2024-12-31,2025-01-06,76232.0,0.0120290691573092,0.001470413890267383,77149.0,76344.09259168287,0.0,76232.0,804.907408317129,647875.9359637975,Up,Up,2810
Ridge,H5,356,2024-12-31,2025-01-07,76232.0,0.0168170846888446,0.0018277024327865844,77514.0,76371.32941185619,0.0,76232.0,1142.6705881438102,1305696.073008921,Up,Up,2809
Ridge,H6,356,2024-12-31,2025-01-08,76232.0,0.019742365410851,0.002183394565213253,77737.0,76398.44453449533,0.0,76232.0,1338.5554655046726,1791730.7342324308,Up,Up,2808
Ridge,H7,356,2024-12-31,2025-01-09,76232.0,0.0240843740161611,0.0025408556134547985,78068.0,76425.69450512488,0.0,76232.0,1642.3054948751233,2697167.3384970236,Up,Up,2807
Ridge,H1,357,2025-01-01,2025-01-02,76214.0,0.0083318025559608,0.00036986499795984185,76849.0,76242.18889095451,0.0,76214.0,606.8111090454913,368219.72206101916,Up,Up,2814
Ridge,H2,357,2025-01-01,2025-01-03,76214.0,0.007859448395308,0.0007368487438921651,76813.0,76270.158190167,0.0,76214.0,542.8418098330003,294677.23050276726,Up,Up,2813
Ridge,H3,357,2025-01-01,2025-01-06,76214.0,0.0122680872280682,0.0011036244596267623,77149.0,76298.111634566,0.0,76214.0,850.8883654340025,724011.0104309486,Up,Up,2812
Ridge,H4,357,2025-01-01,2025-01-07,76214.0,0.0170572335791323,0.0014703586425517503,77514.0,76326.06191358344,0.0,76214.0,1187.9380864165578,1411196.897159033,Up,Up,2811
Ridge,H5,357,2025-01-01,2025-01-08,76214.0,0.0199832051853989,0.0018301229502716383,77737.0,76353.48099053201,0.0,76214.0,1383.5190094679856,1914124.8495592761,Up,Up,2810
Ridge,H6,357,2025-01-01,2025-01-09,76214.0,0.0243262392736243,0.002185955492193216,78068.0,76380.60041188201,0.0,76214.0,1687.3995881179872,2847317.3699807525,Up,Up,2809
Ridge,H7,357,2025-01-01,2025-01-10,76214.0,0.0286561524129425,0.0025419624994381254,78398.0,76407.73312993217,0.0,76214.0,1990.2668700678332,3961162.214089609,Up,Up,2808
Ridge,H1,358,2025-01-02,2025-01-03,76849.0,-0.000468451118427,0.00037269319753107077,76813.0,76877.64109953705,0.0,76849.0,64.64109953705338,4178.4717493592425,Down,Up,2815
Ridge,H2,358,2025-01-02,2025-01-06,76849.0,0.0039037593202253,0.0007394630224577081,77149.0,76905.82699381285,0.0,76849.0,243.17300618714944,59133.11093809542,Up,Up,2814
Ridge,H3,358,2025-01-02,2025-01-07,76849.0,0.0086533331598328,0.0011095025220420208,77514.0,76934.2641593164,0.0,76849.0,579.7358406835992,336093.64497311955,Up,Up,2813
Ridge,H4,358,2025-01-02,2025-01-08,76849.0,0.0115551275878671,0.0014748378899936744,77737.0,76962.33981700812,0.0,76849.0,774.66018299188,600098.399113013,Up,Up,2812
Ridge,H5,358,2025-01-02,2025-01-09,76849.0,0.0158622753711823,0.0018329068843016985,78068.0,76989.8570611517,0.0,76849.0,1078.1429388482939,1162392.196588436,Up,Up,2811
Ridge,H6,358,2025-01-02,2025-01-10,76849.0,0.0201564106234304,0.002191239002702721,78398.0,77017.3945261187,0.0,76849.0,1380.6054738812963,1906071.474510999,Up,Up,2810
Ridge,H7,358,2025-01-02,2025-01-13,76849.0,0.0170464156983174,0.002547389426659305,78159.0,77044.76433004934,0.0,76849.0,1114.2356699506636,1241521.128190404,Up,Up,2809
Ridge,H1,359,2025-01-03,2025-01-06,76813.0,0.0043742595654381,0.0003723946935918701,77149.0,76841.60475359888,0.0,76813.0,307.3952464011236,94491.83751000748,Up,Up,2816
Ridge,H2,359,2025-01-03,2025-01-07,76813.0,0.0091260593909885,0.0007419926491684717,77514.0,76869.99468136058,0.0,76813.0,644.0053186394216,414742.85043586296,Up,Up,2815
Ridge,H3,359,2025-01-03,2025-01-08,76813.0,0.0120292138049549,0.0011118168261576831,77737.0,76898.40198586765,0.0,76813.0,838.5980141323525,703246.6293067253,Up,Up,2814
Ridge,H4,359,2025-01-03,2025-01-09,76813.0,0.0163383802220977,0.0014804146045079454,78068.0,76926.71508701607,0.0,76813.0,1141.2849129839306,1302531.2526047379,Up,Up,2813
Ridge,H5,359,2025-01-03,2025-01-10,76813.0,0.0206345280095816,0.0018370888991377189,78398.0,76954.11230960947,0.0,76813.0,1443.887690390533,2084811.6624613076,Up,Up,2812
Ridge,H6,359,2025-01-03,2025-01-13,76813.0,0.0175230755210706,0.0021937267169465455,78159.0,76981.50673030881,0.0,76813.0,1177.4932696911856,1386490.4001680391,Up,Up,2811
Ridge,H7,359,2025-01-03,2025-01-14,76813.0,0.0174189264837982,0.00255237485279562,78151.0,77009.05556956779,0.0,76813.0,1141.9444304322096,1304037.0821951437,Up,Up,2810
Ridge,H1,360,2025-01-06,2025-01-07,77149.0,0.0047311047453628,0.0003738148474815055,77514.0,77177.83944166834,0.0,77149.0,336.1605583316559,113003.92097785065,Up,Up,2817
Ridge,H2,360,2025-01-06,2025-01-08,77149.0,0.0076216153158175,0.0007431144627961983,77737.0,77206.33053769027,0.0,77149.0,530.6694623097283,281610.0782280961,Up,Up,2816
Ridge,H3,360,2025-01-06,2025-01-09,77149.0,0.011912014413667,0.0011157789645371784,78068.0,77235.08123133508,0.0,77149.0,832.9187686649238,693753.6751942929,Up,Up,2815
Ridge,H4,360,2025-01-06,2025-01-10,77149.0,0.0161894515807075,0.0014841624661993005,78398.0,77263.50165010481,0.0,77149.0,1134.4983498951915,1287086.5059149123,Up,Up,2814
Ridge,H5,360,2025-01-06,2025-01-13,77149.0,0.0130915501173054,0.0018441174558454392,78159.0,77291.27181760102,0.0,77149.0,867.7281823989761,752952.1985294307,Up,Up,2813
Ridge,H6,360,2025-01-06,2025-01-14,77149.0,0.0129878546708317,0.0021993558905664986,78151.0,77318.67810760131,0.0,77149.0,832.321892398686,692759.7325661299,Up,Up,2812
Ridge,H7,360,2025-01-06,2025-01-15,77149.0,0.0195595535911028,0.00255630381114467,78658.0,77346.216282726,0.0,77149.0,1311.7837172739964,1720776.5209051843,Up,Up,2811
Ridge,H1,361,2025-01-07,2025-01-08,77514.0,0.0028768996568362,0.00037536126109844907,77737.0,77543.09575279278,0.0,77514.0,193.90424720721785,37598.85708499785,Up,Up,2818
Ridge,H2,361,2025-01-07,2025-01-09,77514.0,0.0071470960084629,0.0007460906172496158,78068.0,77571.83246810548,0.0,77514.0,496.1675318945199,246182.21970629945,Up,Up,2817
Ridge,H3,361,2025-01-07,2025-01-10,77514.0,0.0114043914647676,0.0011184561984285627,78398.0,77600.69601376499,0.0,77514.0,797.3039862350124,635693.6464662409,Up,Up,2816
Ridge,H4,361,2025-01-07,2025-01-13,77514.0,0.0083210774827773,0.0014896951298599076,78159.0,77629.47222829597,0.0,77514.0,529.5277717040299,280399.66100583517,Up,Up,2815
Ridge,H5,361,2025-01-07,2025-01-14,77514.0,0.0082178703202002,0.0018494387862620504,78151.0,77657.35739807831,0.0,77514.0,493.64260192168877,243683.01843201488,Up,Up,2814
Ridge,H6,361,2025-01-07,2025-01-15,77514.0,0.0147586242485229,0.002207975145508355,78658.0,77685.14898542894,0.0,77514.0,972.8510145710607,946439.096551942,Up,Up,2813
Ridge,H7,361,2025-01-07,2025-01-16,77514.0,0.0212348737002348,0.0025635179051528446,79160.0,77712.70852690002,0.0,77514.0,1447.2914730999764,2094652.6081078998,Up,Up,2812
Ridge,H1,362,2025-01-08,2025-01-09,77737.0,0.0042579466663237,0.0003762485489234491,78068.0,77766.24843344766,0.0,77737.0,301.7515665523388,91054.00791679054,Up,Up,2819
Ridge,H2,362,2025-01-08,2025-01-10,77737.0,0.0085030294454377,0.0007485305129934677,78398.0,77795.18851648858,0.0,77737.0,602.8114835114247,363381.6846532447,Up,Up,2818
Ridge,H3,362,2025-01-08,2025-01-13,77737.0,0.0054285604023824,0.0011223291755690166,78159.0,77824.24650312122,0.0,77737.0,334.7534968787804,112059.90367257166,Up,Up,2817
Ridge,H4,362,2025-01-08,2025-01-14,77737.0,0.0053256493047069,0.0014932691839381633,78151.0,77853.0822665518,0.0,77737.0,297.91773344819376,88754.97590290902,Up,Up,2816
Ridge,H5,362,2025-01-08,2025-01-15,77737.0,0.0118476401198914,0.0018558804067463235,78658.0,77881.27057517924,0.0,77737.0,776.7294248207618,603308.5993823914,Up,Up,2815
Ridge,H6,362,2025-01-08,2025-01-16,77737.0,0.0183053114990288,0.002214206255806944,79160.0,77909.12575170767,0.0,77737.0,1250.8742482923262,1564686.3850408923,Up,Up,2814
Ridge,H7,362,2025-01-08,2025-01-17,77737.0,0.0162856812071472,0.002573057178076366,79003.0,77937.02174585212,0.0,77737.0,1065.978254147878,1136309.638316158,Up,Up,2813
Ridge,H1,363,2025-01-09,2025-01-10,78068.0,0.0042270840805451,0.00037762524893373255,78398.0,78097.48044793376,0.0,78068.0,300.51955206623825,90312.00117409248,Up,Up,2820
Ridge,H2,363,2025-01-09,2025-01-13,78068.0,0.0011656504585746,0.00075080052490975,78159.0,78126.61349537865,0.0,78068.0,32.38650462134683,1048.8856815885197,Up,Up,2819
Ridge,H3,363,2025-01-09,2025-01-14,78068.0,0.0010631756929855,0.0011261584654466152,78151.0,78155.91693908049,0.0,78068.0,4.916939080489101,24.176289921241004,Up,Up,2818
Ridge,H4,363,2025-01-09,2025-01-15,78068.0,0.0075575139621868,0.0014985393653858857,78658.0,78184.98797117695,0.0,78068.0,473.0120288230537,223740.37941130137,Up,Up,2817
Ridge,H5,363,2025-01-09,2025-01-16,78068.0,0.0139878055028948,0.001860854605591303,79160.0,78213.2731973493,0.0,78068.0,946.7268026506936,896291.6388572053,Up,Up,2816
Ridge,H6,363,2025-01-09,2025-01-17,78068.0,0.0119767382282112,0.002222061718494457,79003.0,78241.47191423943,0.0,78068.0,761.5280857605685,579925.0254021558,Up,Up,2815
Ridge,H7,363,2025-01-09,2025-01-20,78068.0,0.0059179177127632,0.0025807019534181694,78530.0,78269.47024009944,0.0,78068.0,260.5297599005571,67875.75579384193,Up,Up,2814
Ridge,H1,364,2025-01-10,2025-01-13,78398.0,-0.0030485471568152,0.00037898959114369084,78159.0,78427.71202596648,0.0,78398.0,268.7120259664807,72206.15289901062,Down,Up,2821
Ridge,H2,364,2025-01-10,2025-01-14,78398.0,-0.0031505905762901,0.0007535492987961676,78151.0,78457.07675792703,0.0,78398.0,306.0767579270323,93682.98174312313,Down,Up,2820
Ridge,H3,364,2025-01-10,2025-01-15,78398.0,0.0033164111329371,0.0011298041086246814,78658.0,78486.57438250796,0.0,78398.0,171.4256174920447,29386.74233252882,Up,Up,2819
Ridge,H4,364,2025-01-10,2025-01-16,78398.0,0.0097196357049924,0.0015037522555831357,79160.0,78515.8911693332,0.0,78398.0,644.1088306667953,414876.18574294634,Up,Up,2818
Ridge,H5,364,2025-01-10,2025-01-17,78398.0,0.0077170335977958,0.0018675187919664261,79003.0,78544.40973825258,0.0,78398.0,458.5902617474203,210305.02816956746,Up,Up,2817
Ridge,H6,364,2025-01-10,2025-01-20,78398.0,0.0016837164213372,0.0022284302518515305,78530.0,78572.70447488467,0.0,78398.0,42.704474884667434,1823.6721751751916,Up,Up,2816
Ridge,H7,364,2025-01-10,2025-01-21,78398.0,0.0099619888262456,0.002589964833814208,79179.0,78601.04806304137,0.0,78398.0,577.9519369586342,334028.44143423706,Up,Up,2815
Ridge,H1,365,2025-01-13,2025-01-14,78159.0,-0.000102355454906,0.00037777521875409395,78151.0,78188.52653332261,0.0,78159.0,37.52653332261252,1408.240703213148,Down,Up,2822
Ridge,H2,365,2025-01-13,2025-01-15,78159.0,0.0063844214997632,0.0007536954519189037,78658.0,78217.90808282653,0.0,78159.0,440.0919171734713,193680.89556142152,Up,Up,2821
Ridge,H3,365,2025-01-13,2025-01-16,78159.0,0.0128072262951164,0.0011313286558854998,79160.0,78247.42351641537,0.0,78159.0,912.5764835846348,832795.8383916973,Up,Up,2820
Ridge,H4,365,2025-01-13,2025-01-17,78159.0,0.0107985004925856,0.0015061709404160914,79003.0,78276.72081453197,0.0,78159.0,726.2791854680254,527481.4552440984,Up,Up,2819
Ridge,H5,365,2025-01-13,2025-01-20,78159.0,0.0047467342212668,0.0018715020364617769,78530.0,78305.27472766781,0.0,78159.0,224.72527233218716,50501.44802477569,Up,Up,2818
Ridge,H6,365,2025-01-13,2025-01-21,78159.0,0.0130503205005181,0.0022338599451628242,79179.0,78333.59625945397,0.0,78159.0,845.4037405460258,714707.4845292121,Up,Up,2817
Ridge,H7,365,2025-01-13,2025-01-22,78159.0,0.0176051382438362,0.0025950989355478598,79535.0,78361.83033770349,0.0,78159.0,1173.16966229651,1376327.0565329075,Up,Up,2816
Ridge,H1,366,2025-01-14,2025-01-15,78151.0,0.006487440979642,0.0003776051253563605,78658.0,78180.51021815173,0.0,78151.0,477.4897818482714,227996.4917695098,Up,Up,2823
Ridge,H2,366,2025-01-14,2025-01-16,78151.0,0.0129109032513978,0.0007523120908544474,79160.0,78209.79394221236,0.0,78151.0,950.20605778764,902891.5522563279,Up,Up,2822
Ridge,H3,366,2025-01-14,2025-01-17,78151.0,0.010901971823777,0.0011313047151835084,79003.0,78239.4125947963,0.0,78151.0,763.5874052036961,583065.7253857136,Up,Up,2821
Ridge,H4,366,2025-01-14,2025-01-20,78151.0,0.0048495860577599,0.001507525529689558,78530.0,78268.81462767076,0.0,78151.0,261.1853723292443,68217.79871876596,Up,Up,2820
Ridge,H5,366,2025-01-14,2025-01-21,78151.0,0.0131540223413648,0.0018737535386987641,79179.0,78297.43571280285,0.0,78151.0,881.5642871971504,777155.5924614199,Up,Up,2819
Ridge,H6,366,2025-01-14,2025-01-22,78151.0,0.017709306342849,0.0022376763598948844,79535.0,78325.87664520214,0.0,78151.0,1209.1233547978627,1461979.2871176382,Up,Up,2818
Ridge,H7,366,2025-01-14,2025-01-23,78151.0,0.0184642550959039,0.002600361265397327,79594.0,78354.22083325207,0.0,78151.0,1239.7791667479323,1537052.3823021974,Up,Up,2817
Ridge,H1,367,2025-01-15,2025-01-16,78658.0,0.0063820590404026,0.00037976863041202467,79160.0,78687.87184093095,0.0,78658.0,472.1281590690487,222904.99858592896,Up,Up,2824
Ridge,H2,367,2025-01-15,2025-01-17,78658.0,0.0043860764321492,0.000754307259651572,79003.0,78717.33230042968,0.0,78658.0,285.6676995703165,81606.03457779658,Up,Up,2823
Ridge,H3,367,2025-01-15,2025-01-20,78658.0,-0.0016272979226524,0.0011320791310256587,78530.0,78747.04708028822,0.0,78658.0,217.04708028821915,47109.43506164065,Down,Up,2822
Ridge,H4,367,2025-01-15,2025-01-21,78658.0,0.0066236110757964,0.0015096703979040498,79179.0,78776.74765415833,0.0,78658.0,402.252345841669,161806.9497351257,Up,Up,2821
Ridge,H5,367,2025-01-15,2025-01-22,78658.0,0.0111495334231737,0.001877290643020084,79535.0,78805.66392739867,0.0,78658.0,729.3360726013343,531931.1067975388,Up,Up,2820
Ridge,H6,367,2025-01-15,2025-01-23,78658.0,0.0118996160593962,0.0022421180574008722,79594.0,78834.36052215904,0.0,78658.0,759.6394778409594,577052.1362944855,Up,Up,2819
Ridge,H7,367,2025-01-15,2025-01-24,78658.0,0.0163492588166493,0.0026063794789569425,79944.0,78863.0125970558,0.0,78658.0,1080.9874029441999,1168533.765324046,Up,Up,2818
Ridge,H1,368,2025-01-16,2025-01-17,79160.0,-0.0019833249115714,0.00038189360440383044,79003.0,79190.2306977246,0.0,79160.0,187.2306977246044,35055.334170442184,Down,Up,2825
Ridge,H2,368,2025-01-16,2025-01-20,79160.0,-0.0079585649317837,0.0007586123770061082,78530.0,79220.0517557638,0.0,79160.0,690.0517557637941,476171.4256326949,Down,Up,2824
Ridge,H3,368,2025-01-16,2025-01-21,79160.0,0.0002400202122283,0.0011362152471127841,79179.0,79249.94279896145,0.0,79160.0,70.94279896144872,5032.880724484529,Up,Up,2823
Ridge,H4,368,2025-01-16,2025-01-22,79160.0,0.0047372410308237,0.0015125798565954604,79535.0,79279.73582144809,0.0,79160.0,255.26417855190812,65159.80085178043,Up,Up,2822
Ridge,H5,368,2025-01-16,2025-01-23,79160.0,0.0054825669530065,0.0018815838223529785,79594.0,79308.94617537745,0.0,79160.0,285.05382462254784,81255.68293194225,Up,Up,2821
Ridge,H6,368,2025-01-16,2025-01-24,79160.0,0.0099039919151087,0.0022478144301774222,79944.0,79337.93699029284,0.0,79160.0,606.0630097071553,367312.3717352954,Up,Up,2820
Ridge,H7,368,2025-01-16,2025-01-27,79160.0,0.0044214249621019,0.002612988026959828,79510.0,79366.84413221414,0.0,79160.0,143.15586778585566,20493.602481521386,Up,Up,2819
Ridge,H1,369,2025-01-17,2025-01-20,79003.0,-0.0059871144133767,0.00038105669211006436,78530.0,79033.10462184677,0.0,79003.0,503.10462184676726,253114.26052357868,Down,Up,2826
Ridge,H2,369,2025-01-17,2025-01-21,79003.0,0.0022277635026517,0.0007598963686382602,79179.0,79063.03409281152,0.0,79003.0,115.96590718848165,13448.09163004754,Up,Up,2825
Ridge,H3,369,2025-01-17,2025-01-22,79003.0,0.0067339214966519,0.0011396733399055131,79535.0,79093.03761287256,0.0,79003.0,441.962387127438,195330.75163538335,Up,Up,2824
Ridge,H4,369,2025-01-17,2025-01-23,79003.0,0.0074807285799274,0.001515869147071085,79594.0,79122.75821022606,0.0,79003.0,471.24178977393603,222068.82442934252,Up,Up,2823
Ridge,H5,369,2025-01-17,2025-01-24,79003.0,0.0119109400908825,0.0018836515822046069,79944.0,79151.81412594892,0.0,79003.0,792.1858740510797,627558.4590460731,Up,Up,2822
Ridge,H6,369,2025-01-17,2025-01-27,79003.0,0.006417477817298,0.002251263327542788,79510.0,79180.85655666587,0.0,79003.0,329.14344333413464,108335.40628985071,Up,Up,2821
Ridge,H7,369,2025-01-17,2025-01-28,79003.0,0.0146829867220232,0.0026178366441445716,80163.0,79209.81694839735,0.0,79003.0,953.183051602653,908557.9298625458,Up,Up,2820
Ridge,H1,370,2025-01-20,2025-01-21,78530.0,0.0082643575703553,0.000378803855966839,79179.0,78559.74746680909,0.0,78530.0,619.2525331909128,383473.69986336253,Up,Up,2827
Ridge,H2,370,2025-01-20,2025-01-22,78530.0,0.0127976569463899,0.0007568109066921714,79535.0,78589.43236050254,0.0,78530.0,945.567639497458,894098.1608647947,Up,Up,2826
Ridge,H3,370,2025-01-20,2025-01-23,78530.0,0.0135489621800586,0.001138693420189216,79594.0,78619.42159428746,0.0,78530.0,974.578405712542,949803.0688812002,Up,Up,2825
Ridge,H4,370,2025-01-20,2025-01-24,78530.0,0.0180058576340251,0.0015170493669573527,79944.0,78649.13388678717,0.0,78530.0,1294.8661132128327,1676678.2511469086,Up,Up,2824
Ridge,H5,370,2025-01-20,2025-01-27,78530.0,0.0124793072711066,0.0018846656070134241,79510.0,78678.00279011877,0.0,78530.0,831.9972098812286,692219.3572501492,Up,Up,2823
Ridge,H6,370,2025-01-20,2025-01-28,78530.0,0.0207946007895072,0.002251062031566789,80163.0,78706.77590133894,0.0,78530.0,1456.224098661056,2120588.625521205,Up,Up,2822
Ridge,H7,370,2025-01-20,2025-01-29,78530.0,0.022666496880173,0.002619006181934779,80310.0,78735.67055546732,0.0,78530.0,1574.3294445326756,2478513.1999225626,Up,Up,2821
Ridge,H1,371,2025-01-21,2025-01-22,79179.0,0.0044961416537212,0.00038159210745309865,79535.0,79209.21408147602,0.0,79179.0,325.7859185239795,106136.464708513,Up,Up,2828
Ridge,H2,371,2025-01-21,2025-01-23,79179.0,0.0052412887255459,0.0007573311800832108,79594.0,79238.96472550782,0.0,79179.0,355.0352744921838,126050.04613374031,Up,Up,2827
Ridge,H3,371,2025-01-21,2025-01-24,79179.0,0.0096616527109461,0.0011383754212423327,79944.0,79269.13542747856,0.0,79179.0,674.8645725214446,455442.1912445522,Up,Up,2826
Ridge,H4,371,2025-01-21,2025-01-27,79179.0,0.0041804013690498,0.0015188571682838172,79510.0,79299.26159172754,0.0,79179.0,210.73840827246022,44410.67672121013,Up,Up,2825
Ridge,H5,371,2025-01-21,2025-01-28,79179.0,0.0124275376046678,0.0018886563165559857,80163.0,79328.54191848858,0.0,79179.0,834.4580815114168,696320.2897997143,Up,Up,2824
Ridge,H6,371,2025-01-21,2025-01-29,79179.0,0.0142840904785359,0.002254887421384708,80310.0,79357.53973113783,0.0,79179.0,952.4602688621671,907180.5637609917,Up,Up,2823
Ridge,H7,371,2025-01-21,2025-01-30,79179.0,0.0298058828729839,0.0026216081059762687,81539.0,79386.5763082231,0.0,79179.0,2152.4236917769013,4632927.7489225045,Up,Up,2822
Ridge,H1,372,2025-01-22,2025-01-23,79535.0,0.0007418117809769,0.00038304683601087766,79594.0,79565.46563010213,0.0,79535.0,28.5343698978686,814.2102654683897,Up,Up,2829
Ridge,H2,372,2025-01-22,2025-01-24,79535.0,0.0051423901427045,0.0007615891631761537,79944.0,79595.57299409322,0.0,79535.0,348.4270059067785,121401.37844516226,Up,Up,2828
Ridge,H3,372,2025-01-22,2025-01-27,79535.0,-0.0003143270258376,0.0011403552673513021,79510.0,79625.69815618878,0.0,79535.0,115.69815618878056,13386.06334548346,Down,Up,2827
Ridge,H4,372,2025-01-22,2025-01-28,79535.0,0.0078958948890426,0.0015199966427813837,80163.0,79655.89293298362,0.0,79535.0,507.10706701637537,257157.5774179506,Up,Up,2826
Ridge,H5,372,2025-01-22,2025-01-29,79535.0,0.0097441378009681,0.0018919349919280272,80310.0,79685.475049583,0.0,79535.0,624.524950417006,390031.41369336384,Up,Up,2825
Ridge,H6,372,2025-01-22,2025-01-30,79535.0,0.0251964543911484,0.002260360289407682,81539.0,79714.77775561805,0.0,79535.0,1824.2222443819483,3327786.7968979124,Up,Up,2824
Ridge,H7,372,2025-01-22,2025-01-31,79535.0,0.0289306594581002,0.0026269163457787615,81836.0,79743.93179156152,0.0,79535.0,2092.0682084384753,4376749.388758971,Up,Up,2823
Ridge,H1,373,2025-01-23,2025-01-24,79594.0,0.0043973163806316,0.00038317353173320646,79944.0,79624.49831408478,0.0,79594.0,319.5016859152238,102081.32730267031,Up,Up,2830
Ridge,H2,373,2025-01-23,2025-01-27,79594.0,-0.0010553559313516,0.0007631725527443015,79510.0,79654.74395616313,0.0,79594.0,144.74395616313268,20950.812845754874,Down,Up,2829
Ridge,H3,373,2025-01-23,2025-01-28,79594.0,0.0071487800587983,0.001144742947753117,80163.0,79685.11467018347,0.0,79594.0,477.88532981653407,228374.38845385754,Up,Up,2828
Ridge,H4,373,2025-01-23,2025-01-29,79594.0,0.0089956529386636,0.0015221048045447048,80310.0,79715.15040981292,0.0,79594.0,594.8495901870774,353846.03494573396,Up,Up,2827
Ridge,H5,373,2025-01-23,2025-01-30,79594.0,0.0244365153152248,0.0018932052081073235,81539.0,79744.6877753341,0.0,79594.0,1794.312224665904,3219556.359585506,Up,Up,2826
Ridge,H6,373,2025-01-23,2025-01-31,79594.0,0.0281679523582178,0.0022637725554163,81836.0,79774.1827127758,0.0,79594.0,2061.8172872241994,4251090.525896557,Up,Up,2825
Ridge,H7,373,2025-01-23,2025-02-01,79594.0,0.0259944216900771,0.0026325245820323744,81663.0,79803.5331615823,0.0,79594.0,1859.4668384177057,3457616.923175138,Up,Up,2824
Ridge,H1,374,2025-01-24,2025-01-27,79944.0,-0.005428800160112,0.0003845913730798148,79510.0,79974.7457727295,0.0,79944.0,464.7457727294968,215988.6332699371,Down,Up,2831
Ridge,H2,374,2025-01-24,2025-01-28,79944.0,0.0027394175923145,0.0007647199846073482,80163.0,80005.13477444944,0.0,79944.0,157.86522555055853,24921.429438128718,Up,Up,2830
Ridge,H3,374,2025-01-24,2025-01-29,79944.0,0.0045782047433202,0.0011477534978897466,80310.0,80035.7560056353,0.0,79944.0,274.2439943647041,75209.76844510787,Up,Up,2829
Ridge,H4,374,2025-01-24,2025-01-30,79944.0,0.0199514660262183,0.0015279335383691964,81539.0,80066.14911879138,0.0,79944.0,1472.850881208622,2169289.7182770143,Up,Up,2828
Ridge,H5,374,2025-01-24,2025-01-31,79944.0,0.0236665665966175,0.0018967489545452915,81836.0,80095.63369842217,0.0,79944.0,1740.3663015778293,3028874.863667692,Up,Up,2827
Ridge,H6,374,2025-01-24,2025-02-01,79944.0,0.0215025517862503,0.0022664761553118228,81663.0,80125.19116976023,0.0,79944.0,1537.8088302397664,2364855.9983633985,Up,Up,2826
Ridge,H7,374,2025-01-24,2025-02-03,79944.0,0.0335359751826278,0.002637379880639279,82625.0,80154.84269717784,0.0,79944.0,2470.157302822161,6101677.100685653,Up,Up,2825
Ridge,H1,375,2025-01-27,2025-01-28,79510.0,0.0082128034209534,0.0003825388871035558,80163.0,79540.4156669136,0.0,79510.0,622.5843330864009,387611.25180463854,Up,Up,2832
Ridge,H2,375,2025-01-27,2025-01-29,79510.0,0.010061627468243,0.0007640772023580029,80310.0,79570.75177835948,0.0,79510.0,739.2482216405188,546487.9331986696,Up,Up,2831
Ridge,H3,375,2025-01-27,2025-01-30,79510.0,0.0255188026663313,0.0011472368915604668,81539.0,79601.21680524797,0.0,79510.0,1937.7831947520317,3755003.7098633903,Up,Up,2830
Ridge,H4,375,2025-01-27,2025-01-31,79510.0,0.0292541818639164,0.0015288714268497866,81836.0,79631.56056714883,0.0,79510.0,2204.43943285117,4859553.213109188,Up,Up,2829
Ridge,H5,375,2025-01-27,2025-02-01,79510.0,0.0270783549239088,0.0019004913218497205,81663.0,79661.10806500027,0.0,79510.0,2001.8919349997304,4007571.319416965,Up,Up,2828
Ridge,H6,375,2025-01-27,2025-02-03,79510.0,0.0391774619544711,0.002267944429335522,82625.0,79690.32426157646,0.0,79510.0,2934.675738423539,8612321.689691743,Up,Up,2827
Ridge,H7,375,2025-01-27,2025-02-04,79510.0,0.0459313293925292,0.002638011340401689,83162.0,79719.74828167533,0.0,79510.0,3442.2517183246673,11849096.892309126,Up,Up,2826
Ridge,H1,376,2025-01-28,2025-01-29,80163.0,0.001833763706448,0.0003853026757388823,80310.0,80193.88701839525,0.0,80163.0,116.11298160474689,13482.22449714429,Up,Up,2833
Ridge,H2,376,2025-01-28,2025-01-30,80163.0,0.0171650262589972,0.0007647746133875022,81539.0,80224.30662733298,0.0,80163.0,1314.693372667025,1728418.664134597,Up,Up,2832
Ridge,H3,376,2025-01-28,2025-01-31,80163.0,0.0208699774210046,0.001149356926141953,81836.0,80255.13589927033,0.0,80163.0,1580.8641007296683,2499131.3049758226,Up,Up,2831
Ridge,H4,376,2025-01-28,2025-02-01,80163.0,0.0187118745555929,0.0015311210727674306,81663.0,80285.73925855626,0.0,80163.0,1377.260741443737,1896847.1499221523,Up,Up,2830
Ridge,H5,376,2025-01-28,2025-02-03,80163.0,0.0307124234372466,0.001904212154770211,82625.0,80315.64735896283,0.0,80163.0,2309.3526410371705,5333109.620665355,Up,Up,2829
Ridge,H6,376,2025-01-28,2025-02-04,80163.0,0.0374112745281489,0.0022744955633527864,83162.0,80345.33038784504,0.0,80163.0,2816.669612154961,7933627.704037179,Up,Up,2828
Ridge,H7,376,2025-01-28,2025-02-05,80163.0,0.0475655851203173,0.0026422718902039733,83976.0,80374.81244153442,0.0,80163.0,3601.187558465579,12968551.831247278,Up,Up,2827
Ridge,H1,377,2025-01-29,2025-01-30,80310.0,0.015303200099614,0.0003858137838821035,81539.0,80340.98470498358,0.0,80310.0,1198.0152950164193,1435240.6470932781,Up,Up,2834
Ridge,H2,377,2025-01-29,2025-01-31,80310.0,0.0190013696924418,0.0007680563542376446,81836.0,80371.68260580882,0.0,80310.0,1464.317394191181,2144225.4309308506,Up,Up,2833
Ridge,H3,377,2025-01-29,2025-02-01,80310.0,0.0168472170339932,0.0011505676705195705,81663.0,80402.40208961941,0.0,80310.0,1260.5979103805876,1589107.091655904,Up,Up,2832
Ridge,H4,377,2025-01-29,2025-02-03,80310.0,0.0288258000249035,0.0015337577957966813,82625.0,80433.17608858044,0.0,80310.0,2191.8239114195603,4804092.05867054,Up,Up,2831
Ridge,H5,377,2025-01-29,2025-02-04,80310.0,0.0355123894907234,0.001906982585164417,83162.0,80463.14977141455,0.0,80310.0,2698.8502285854483,7283792.556335727,Up,Up,2830
Ridge,H6,377,2025-01-29,2025-02-05,80310.0,0.0456481135599551,0.0022787408689317295,83976.0,80493.00567918392,0.0,80310.0,3482.994320816084,12131249.438837094,Up,Up,2829
Ridge,H7,377,2025-01-29,2025-02-06,80310.0,0.044153903623459,0.002649352840604229,83856.0,80522.76952662892,0.0,80310.0,3333.230473371077,11110425.388609575,Up,Up,2828
Ridge,H1,378,2025-01-30,2025-01-31,81539.0,0.0036424287764136,0.00039107559296984283,81836.0,81570.88791277517,0.0,81539.0,265.11208722482843,70284.41879270504,Up,Up,2835
Ridge,H2,378,2025-01-30,2025-02-01,81539.0,0.0015207446743277,0.0007738423582604364,81663.0,81602.0983320502,0.0,81539.0,60.90166794980178,3709.013159067913,Up,Up,2834
Ridge,H3,378,2025-01-30,2025-02-03,81539.0,0.0133187799703209,0.0011591694709200428,82625.0,81633.51751948935,0.0,81539.0,991.4824805106473,983037.5091595461,Up,Up,2833
Ridge,H4,378,2025-01-30,2025-02-04,81539.0,0.0199045855357558,0.0015402616400457955,83162.0,81664.59139386768,0.0,81539.0,1497.4086061323178,2242232.533719131,Up,Up,2832
Ridge,H5,378,2025-01-30,2025-02-05,81539.0,0.0298875384785195,0.0019149409007775185,83976.0,81695.1423661085,0.0,81539.0,2280.857633891501,5202311.546081136,Up,Up,2831
Ridge,H6,378,2025-01-30,2025-02-06,81539.0,0.0284158500840088,0.002286839160064488,83856.0,81725.4665782725,0.0,81539.0,2130.533421727494,4539172.661097864,Up,Up,2830
Ridge,H7,378,2025-01-30,2025-02-07,81539.0,0.0348176946001299,0.002658952108225924,84378.0,81755.80829595262,0.0,81539.0,2622.191704047378,6875889.332774892,Up,Up,2829
Ridge,H1,379,2025-01-31,2025-02-01,81836.0,-0.0021139840656924,0.0003922225215080583,81663.0,81868.09792227013,0.0,81836.0,205.09792227012804,42065.157719523486,Down,Up,2836
Ridge,H2,379,2025-01-31,2025-02-03,81836.0,0.009641233686886,0.0007802723207552423,82625.0,81899.85436564132,0.0,81836.0,725.145634358676,525836.1910294467,Up,Up,2835
Ridge,H3,379,2025-01-31,2025-02-04,81836.0,0.0162031379832836,0.0011661252046481193,83162.0,81931.43102224759,0.0,81836.0,1230.5689777524094,1514300.00900661,Up,Up,2834
Ridge,H4,379,2025-01-31,2025-02-05,81836.0,0.0261498606970038,0.0015500446583621755,83976.0,81962.84945466173,0.0,81836.0,2013.1505453382706,4052775.1181957764,Up,Up,2833
Ridge,H5,379,2025-01-31,2025-02-06,81836.0,0.0246835133681997,0.0019226221501974794,83856.0,81993.33970628357,0.0,81836.0,1862.660293716428,3469503.36978777,Up,Up,2832
Ridge,H6,379,2025-01-31,2025-02-07,81836.0,0.0310621242484969,0.0022959816120371895,84378.0,82023.89395120267,0.0,81836.0,2354.10604879733,5541815.288984177,Up,Up,2831
Ridge,H7,379,2025-01-31,2025-02-10,81836.0,0.0424263160467275,0.002668235887347288,85308.0,82054.35775207696,0.0,81836.0,3253.6422479230387,10586187.877469685,Up,Up,2830
Ridge,H1,380,2025-02-01,2025-02-03,81663.0,0.0117801207401149,0.0003913387881745456,82625.0,81694.9578994587,0.0,81663.0,930.0421005412936,864978.3087792617,Up,Up,2837
Ridge,H2,380,2025-02-01,2025-02-04,81663.0,0.018355926184441,0.0007805328289633571,83162.0,81726.74065241164,0.0,81663.0,1435.2593475883623,2059969.3948397713,Up,Up,2836
Ridge,H3,380,2025-02-01,2025-02-05,81663.0,0.0283237206568458,0.0011716556638113327,83976.0,81758.68091647382,0.0,81663.0,2217.3190835261776,4916503.918169368,Up,Up,2835
Ridge,H4,380,2025-02-01,2025-02-06,81663.0,0.0268542669262701,0.0015560996395075407,83856.0,81790.07576486112,0.0,81663.0,2065.924235138882,4268042.945334175,Up,Up,2834
Ridge,H5,380,2025-02-01,2025-02-07,81663.0,0.0332463906542743,0.0019315010172797262,84378.0,81820.73216757413,0.0,81663.0,2557.267832425874,6539618.766760129,Up,Up,2833
Ridge,H6,380,2025-02-01,2025-02-10,81663.0,0.0446346570662357,0.0023027631938481448,85308.0,81851.05055069922,0.0,81663.0,3456.9494493007805,11950499.49502097,Up,Up,2832
Ridge,H7,380,2025-02-01,2025-02-11,81663.0,0.0422467947540501,0.0026764751230373986,85113.0,81881.56898797261,0.0,81663.0,3231.4310120273876,10442146.385492347,Up,Up,2831
Ridge,H1,381,2025-02-03,2025-02-04,82625.0,0.0064992435703479,0.00039535139023203793,83162.0,82657.66590861791,0.0,82625.0,504.3340913820866,254352.8757301949,Up,Up,2838
Ridge,H2,381,2025-02-03,2025-02-05,82625.0,0.0163509833585475,0.0007836555012351675,83976.0,82689.74953578957,0.0,82625.0,1286.2504642104323,1654440.2566815524,Up,Up,2837
Ridge,H3,381,2025-02-03,2025-02-06,82625.0,0.0148986384266263,0.0011759384724975386,83856.0,82722.16191629012,0.0,82625.0,1133.8380837098812,1285588.8000708956,Up,Up,2836
Ridge,H4,381,2025-02-03,2025-02-07,82625.0,0.021216338880484,0.001565718066993066,84378.0,82754.3674552853,0.0,82625.0,1623.6325447146955,2636182.640256718,Up,Up,2835
Ridge,H5,381,2025-02-03,2025-02-10,82625.0,0.0324720121028745,0.0019416561649060438,85308.0,82785.42934062536,0.0,82625.0,2522.5706593746436,6363362.7315378245,Up,Up,2834
Ridge,H6,381,2025-02-03,2025-02-11,82625.0,0.0301119515885022,0.002315778884458306,85113.0,82816.34123032837,0.0,82625.0,2296.6587696716306,5274641.504309608,Up,Up,2833
Ridge,H7,381,2025-02-03,2025-02-12,82625.0,0.029034795763994,0.002687371381933147,85024.0,82847.04406043222,0.0,82625.0,2176.955939567779,4739137.162819431,Up,Up,2832
Ridge,H1,382,2025-02-04,2025-02-05,83162.0,0.0097881243837329,0.00039750176443085485,83976.0,83195.0570417336,0.0,83162.0,780.9429582664015,609871.9040658786,Up,Up,2839
Ridge,H2,382,2025-02-04,2025-02-06,83162.0,0.0083451576441162,0.0007898480249145673,83856.0,83227.68534144796,0.0,83162.0,628.3146585520444,394779.31015137216,Up,Up,2838
Ridge,H3,382,2025-02-04,2025-02-07,83162.0,0.0146220629614486,0.0011812358677554943,84378.0,83260.23393723428,0.0,83162.0,1117.766062765717,1249400.9710707727,Up,Up,2837
Ridge,H4,382,2025-02-04,2025-02-10,83162.0,0.0258050551934778,0.0015721850139163247,85308.0,83292.7460501273,0.0,83162.0,2015.2539498726983,4061248.4824775117,Up,Up,2836
Ridge,H5,382,2025-02-04,2025-02-11,83162.0,0.0234602342416008,0.0019534983287317785,85113.0,83324.45682801398,0.0,83162.0,1788.5431719860208,3198886.678057817,Up,Up,2835
Ridge,H6,382,2025-02-04,2025-02-12,83162.0,0.0223900339097182,0.002328163098752979,85024.0,83355.6146996185,0.0,83162.0,1668.385300381502,2783509.510529075,Up,Up,2834
Ridge,H7,382,2025-02-04,2025-02-13,83162.0,0.026526538563286,0.002702636453592347,85368.0,83386.75665275364,0.0,83162.0,1981.24334724636,3925325.2010079604,Up,Up,2833
Ridge,H1,383,2025-02-05,2025-02-06,83976.0,-0.001428979708488,0.00040080826670681457,83856.0,84009.65827500497,0.0,83976.0,153.65827500497107,23610.865477503317,Down,Up,2840
Ridge,H2,383,2025-02-05,2025-02-07,83976.0,0.0047870820234352,0.0007953290403355127,84378.0,84042.78855149122,0.0,83976.0,335.21144850878045,112366.71521135476,Up,Up,2839
Ridge,H3,383,2025-02-05,2025-02-10,83976.0,0.0158616747642184,0.0011908000095781565,85308.0,84075.99862160433,0.0,83976.0,1232.0013783956674,1517827.3963688244,Up,Up,2838
Ridge,H4,383,2025-02-05,2025-02-11,83976.0,0.0135395827379252,0.0015808486838562875,85113.0,84108.75334907552,0.0,83976.0,1004.2466509244841,1008511.3358930427,Up,Up,2837
Ridge,H5,383,2025-02-05,2025-02-12,83976.0,0.0124797561207963,0.001963348177178863,85024.0,84140.87412652676,0.0,83976.0,883.1258734732401,779911.3083978732,Up,Up,2836
Ridge,H6,383,2025-02-05,2025-02-13,83976.0,0.0165761646184623,0.0023434438646144267,85368.0,84172.79304197486,0.0,83976.0,1195.206958025141,1428519.672511711,Up,Up,2835
Ridge,H7,383,2025-02-05,2025-02-14,83976.0,0.0042273983042773,0.002718467124738997,84331.0,84204.28599526707,0.0,83976.0,126.71400473293033,16056.43899545709,Up,Up,2834
Ridge,H1,384,2025-02-06,2025-02-07,83856.0,0.0062249570692616,0.00040016436199665173,84378.0,83889.55618273959,0.0,83856.0,488.4438172604132,238577.36261992392,Up,Up,2841
Ridge,H2,384,2025-02-06,2025-02-10,83856.0,0.0173153978248425,0.0007979877847427173,85308.0,83922.91606367739,0.0,83856.0,1385.0839363226114,1918457.5106589398,Up,Up,2840
Ridge,H3,384,2025-02-06,2025-02-11,83856.0,0.0149899828277046,0.001195628618136811,85113.0,83956.26063340247,0.0,83856.0,1156.739366597525,1338045.9622364435,Up,Up,2839
Ridge,H4,384,2025-02-06,2025-02-12,83856.0,0.0139286395726005,0.0015897539012809396,85024.0,83989.31040314582,0.0,83856.0,1034.6895968541794,1070582.5618382643,Up,Up,2838
Ridge,H5,384,2025-02-06,2025-02-13,83856.0,0.0180309101316542,0.0019713570085706424,85368.0,84021.3101133107,0.0,83856.0,1346.6898866893025,1813573.6509112464,Up,Up,2837
Ridge,H6,384,2025-02-06,2025-02-14,83856.0,0.0056644724289258,0.0023526376120096056,84331.0,84053.28277959267,0.0,83856.0,277.71722040732857,77126.85451077271,Up,Up,2836
Ridge,H7,384,2025-02-06,2025-02-17,83856.0,0.0107684602175157,0.0027330830654015196,84759.0,84085.18541353231,0.0,83856.0,673.8145864676917,454026.09693662636,Up,Up,2835
Ridge,H1,385,2025-02-07,2025-02-10,84378.0,0.0110218303349214,0.00040221362300105727,85308.0,84411.93798108159,0.0,84378.0,896.0620189184119,802927.1417481404,Up,Up,2842
Ridge,H2,385,2025-02-07,2025-02-11,84378.0,0.0087108013937282,0.0007993914285383583,85113.0,84445.45104995722,0.0,84378.0,667.5489500427793,445621.6007032171,Up,Up,2841
Ridge,H3,385,2025-02-07,2025-02-12,84378.0,0.0076560240821066,0.0012003557309525543,85024.0,84479.28361586631,0.0,84378.0,544.7163841336878,296715.93914367934,Up,Up,2840
Ridge,H4,385,2025-02-07,2025-02-13,84378.0,0.0117329161629808,0.0015966670422465402,85368.0,84512.72357169067,0.0,84378.0,855.2764283093275,731497.7688215602,Up,Up,2839
Ridge,H5,385,2025-02-07,2025-02-14,84378.0,-0.0005570172319798,0.0019823769669503177,84331.0,84545.26900371733,0.0,84378.0,214.26900371733063,45911.20595401745,Down,Up,2838
Ridge,H6,385,2025-02-07,2025-02-17,84378.0,0.0045153950081775,0.002362757109484555,84759.0,84577.36471938409,0.0,84378.0,181.63528061591205,32991.375164421115,Up,Up,2837
Ridge,H7,385,2025-02-07,2025-02-18,84378.0,0.0161653511578847,0.00274439632251683,85742.0,84609.56667290133,0.0,84378.0,1132.433327098668,1282405.240323759,Up,Up,2836
Ridge,H1,386,2025-02-10,2025-02-11,85308.0,-0.0022858348572232,0.00040594908824482406,85113.0,85342.63070482,0.0,85308.0,229.63070481999603,52730.260596128144,Down,Up,2843
Ridge,H2,386,2025-02-10,2025-02-12,85308.0,-0.0033291133305199,0.0008052029577010518,85024.0,85376.69025391556,0.0,85308.0,352.69025391555624,124390.41520701954,Down,Up,2842
Ridge,H3,386,2025-02-10,2025-02-13,85308.0,0.0007033338022224,0.0012055166719690477,85368.0,85410.84021625234,0.0,85308.0,42.840216252341634,1835.2841285473962,Up,Up,2841
Ridge,H4,386,2025-02-10,2025-02-14,85308.0,-0.0114526187461903,0.0016051914855560309,84331.0,85444.9356752498,0.0,85308.0,1113.9356752497988,1240852.6885942253,Down,Up,2840
Ridge,H5,386,2025-02-10,2025-02-17,85308.0,-0.0064355042903362,0.0019931168771084263,84759.0,85478.02881455235,0.0,85308.0,719.0288145523518,517002.4361565604,Down,Up,2839
Ridge,H6,386,2025-02-10,2025-02-18,85308.0,0.0050874478360762,0.0023776523602135812,85742.0,85510.83276754509,0.0,85308.0,231.16723245491448,53438.289360864466,Up,Up,2838
Ridge,H7,386,2025-02-10,2025-02-19,85308.0,0.0048178365452242,0.002758384028237176,85719.0,85543.31222468086,0.0,85308.0,175.68777531913656,30866.19439658741,Up,Up,2837
Ridge,H1,387,2025-02-11,2025-02-12,85113.0,-0.0010456686992585,0.0004050026788301001,85024.0,85147.47099300325,0.0,85113.0,123.47099300325499,15245.086113209842,Down,Up,2844
Ridge,H2,387,2025-02-11,2025-02-13,85113.0,0.0029960170596736,0.0008079837498014853,85368.0,85181.76992089684,0.0,85113.0,186.23007910315937,34681.642362768995,Up,Up,2843
Ridge,H3,387,2025-02-11,2025-02-14,85113.0,-0.0091877856496657,0.0012103668838571563,84331.0,85216.01795658574,0.0,85113.0,885.0179565857397,783256.7834791983,Down,Up,2842
Ridge,H4,387,2025-02-11,2025-02-17,85113.0,-0.0041591766240174,0.001609392075790657,84759.0,85249.98018774677,0.0,85113.0,490.98018774676893,241061.54475985246,Down,Up,2841
Ridge,H5,387,2025-02-11,2025-02-18,85113.0,0.0073901754138616,0.0020006756388057656,85742.0,85283.28350564568,0.0,85113.0,458.71649435431755,210420.82219271464,Up,Up,2840
Ridge,H6,387,2025-02-11,2025-02-19,85113.0,0.0071199464241655,0.0023874216034928215,85719.0,85316.20061493809,0.0,85113.0,402.79938506190956,162247.3446062525,Up,Up,2839
Ridge,H7,387,2025-02-11,2025-02-20,85113.0,0.0084240950266116,0.0027722986455782144,85830.0,85348.9586546211,0.0,85113.0,481.0413453788933,231400.7759639357,Up,Up,2838
Ridge,H1,388,2025-02-12,2025-02-13,85024.0,0.0040459164471207,0.00040449277291902165,85368.0,85058.39159352466,0.0,85024.0,309.6084064753377,95857.36536019792,Up,Up,2845
Ridge,H2,388,2025-02-12,2025-02-14,85024.0,-0.0081506398193451,0.0008065290721282737,84331.0,85092.57432782862,0.0,85024.0,761.5743278286245,579995.4568076213,Down,Up,2844
Ridge,H3,388,2025-02-12,2025-02-17,85024.0,-0.0031167670304854,0.0012126343439907454,84759.0,85127.10302246346,0.0,85024.0,368.10302246345964,135499.83514673426,Down,Up,2843
Ridge,H4,388,2025-02-12,2025-02-18,85024.0,0.0084446744448625,0.0016137271172258474,85742.0,85161.20553441501,0.0,85024.0,580.794465584986,337322.2112541495,Up,Up,2842
Ridge,H5,388,2025-02-12,2025-02-19,85024.0,0.0081741625893865,0.0020043644864863324,85719.0,85194.41908609902,0.0,85024.0,524.5809139009798,275185.1352291872,Up,Up,2841
Ridge,H6,388,2025-02-12,2025-02-20,85024.0,0.0094796763266842,0.0023944652653994907,85830.0,85227.58701472533,0.0,85024.0,602.4129852746701,362901.40482753987,Up,Up,2840
Ridge,H7,388,2025-02-12,2025-02-21,85024.0,0.0090680278509598,0.0027815495253429357,85795.0,85260.49846684276,0.0,85024.0,534.5015331572358,285691.88894743565,Up,Up,2839
Ridge,H1,389,2025-02-13,2025-02-14,85368.0,-0.0121474088651485,0.00040577220443432374,84331.0,85402.63996154815,0.0,85368.0,1071.6399615481496,1148412.2071869196,Down,Up,2846
Ridge,H2,389,2025-02-13,2025-02-17,85368.0,-0.0071338206353668,0.0008072988248578613,84759.0,85436.91748608048,0.0,85368.0,677.9174860804778,459572.11793367483,Down,Up,2845
Ridge,H3,389,2025-02-13,2025-02-18,85368.0,0.0043810327054634,0.0012124552570709313,85742.0,85471.50488038563,0.0,85368.0,270.49511961436656,73167.60973519048,Up,Up,2844
Ridge,H4,389,2025-02-13,2025-02-19,85368.0,0.0041116109080685,0.0016172867846740374,85719.0,85506.06453823404,0.0,85368.0,212.93546176595555,45341.510877480716,Up,Up,2843
Ridge,H5,389,2025-02-13,2025-02-20,85368.0,0.0054118639302782,0.002010004188164452,85830.0,85539.59003753524,0.0,85368.0,290.40996246476425,84337.94629878578,Up,Up,2842
Ridge,H6,389,2025-02-13,2025-02-21,85368.0,0.0050018742385906,0.002399457311463756,85795.0,85572.83687176504,0.0,85368.0,222.16312823495537,49356.455547141224,Up,Up,2841
Ridge,H7,389,2025-02-13,2025-02-24,85368.0,0.007754662168494,0.002789910598034367,86030.0,85606.16908793301,0.0,85368.0,423.83091206698737,179632.64202353437,Up,Up,2840
Ridge,H1,390,2025-02-14,2025-02-17,84331.0,0.0050752392358681,0.0004013632489012776,84759.0,84364.84736414309,0.0,84331.0,394.1526358569099,155356.30035294982,Up,Up,2847
Ridge,H2,390,2025-02-14,2025-02-18,84331.0,0.0167316882285279,0.0008041511478884539,85742.0,84398.81487045258,0.0,84331.0,1343.185129547419,1804146.2922373165,Up,Up,2846
Ridge,H3,390,2025-02-14,2025-02-19,84331.0,0.0164589534097781,0.0012087995634020047,85719.0,84432.93927598126,0.0,84331.0,1286.0607240187383,1653952.1858636013,Up,Up,2845
Ridge,H4,390,2025-02-14,2025-02-20,84331.0,0.0177751953611364,0.0016126910045981165,85830.0,84466.99984510877,0.0,84331.0,1363.000154891226,1857769.422233506,Up,Up,2844
Ridge,H5,390,2025-02-14,2025-02-21,84331.0,0.0173601641152125,0.0020091010908217244,85795.0,84500.42950409008,0.0,84331.0,1294.570495909924,1675912.7688804662,Up,Up,2843
Ridge,H6,390,2025-02-14,2025-02-24,84331.0,0.0201468024807009,0.002400605961084381,86030.0,84533.4455013042,0.0,84331.0,1496.5544986957975,2239675.36756663,Up,Up,2842
Ridge,H7,390,2025-02-14,2025-02-25,84331.0,0.0149174087820611,0.002790416872210807,85589.0,84566.31864525042,0.0,84331.0,1022.681354749584,1045877.1533524444,Up,Up,2841
Ridge,H1,391,2025-02-17,2025-02-18,84759.0,0.011597588456683,0.0004030041249913938,85742.0,84793.15822663014,0.0,84759.0,948.8417733698589,900300.7108916586,Up,Up,2848
Ridge,H2,391,2025-02-17,2025-02-19,84759.0,0.0113262308427424,0.0008013631254731506,85719.0,84826.92273715197,0.0,84759.0,892.0772628480336,795801.8428904396,Up,Up,2847
Ridge,H3,391,2025-02-17,2025-02-20,84759.0,0.0126358262839345,0.0012072800939923222,85830.0,84861.3278534867,0.0,84759.0,968.6721465133014,938325.7274306869,Up,Up,2846
Ridge,H4,391,2025-02-17,2025-02-21,84759.0,0.0122228907844594,0.0016106626192209218,85795.0,84895.51815294255,0.0,84759.0,899.4818470574537,809067.5931858885,Up,Up,2845
Ridge,H5,391,2025-02-17,2025-02-24,84759.0,0.0149954577095057,0.002006132105561651,86030.0,84929.03775113529,0.0,84759.0,1100.9622488647146,1212117.87342525,Up,Up,2844
Ridge,H6,391,2025-02-17,2025-02-25,84759.0,0.0097924704161209,0.002401350352844465,85589.0,84962.53605455674,0.0,84759.0,626.4639454432618,392457.07494033803,Up,Up,2843
Ridge,H7,391,2025-02-17,2025-02-26,84759.0,0.0127184133838293,0.002793224074590296,85837.0,84995.7508793382,0.0,84759.0,841.2491206617997,707700.0830142512,Up,Up,2842
Ridge,H1,392,2025-02-18,2025-02-19,85742.0,-0.0002682466002659,0.0004069335023773299,85719.0,85776.89129236083,0.0,85742.0,57.89129236082954,3351.4017312070405,Down,Up,2849
Ridge,H2,392,2025-02-18,2025-02-20,85742.0,0.0010263348184087,0.0008069569794184607,85830.0,85811.1901053293,0.0,85742.0,18.809894670703216,353.81213752294923,Up,Up,2848
Ridge,H3,392,2025-02-18,2025-02-21,85742.0,0.000618133470178,0.0012083949743975874,85795.0,85845.61020189479,0.0,85742.0,50.61020189478586,2561.392535830986,Up,Up,2847
Ridge,H4,392,2025-02-18,2025-02-24,85742.0,0.0033589139511558,0.001613063998242745,86030.0,85880.30733333733,0.0,85742.0,149.69266666266776,22407.894452580564,Up,Up,2846
Ridge,H5,392,2025-02-18,2025-02-25,85742.0,-0.0017844230365514,0.0020080249278697257,85589.0,85914.17207336541,0.0,85742.0,325.1720733654074,105736.8772967579,Down,Up,2845
Ridge,H6,392,2025-02-18,2025-02-26,85742.0,0.0011079750880549,0.0024022948436346323,85837.0,85947.97756448292,0.0,85742.0,110.97756448292057,12316.019818560793,Up,Up,2844
Ridge,H7,392,2025-02-18,2025-02-27,85742.0,-0.0072193324158521,0.0027979276839904125,85123.0,85981.89991548071,0.0,85742.0,858.8999154807098,737709.0648127703,Down,Up,2843
Ridge,H1,393,2025-02-19,2025-02-20,85719.0,0.0012949287789172,0.0004066967203098848,85830.0,85753.86163616824,0.0,85719.0,76.13836383176385,5797.050446978046,Up,Up,2850
Ridge,H2,393,2025-02-19,2025-02-21,85719.0,0.000886617902682,0.0008106489544338142,85795.0,85788.4880177251,0.0,85719.0,6.511982274896582,42.40591314856726,Up,Up,2849
Ridge,H3,393,2025-02-19,2025-02-24,85719.0,0.0036281337859751,0.0012137495003502218,86030.0,85823.04139342051,0.0,85719.0,206.9586065794865,42831.864837322675,Up,Up,2848
Ridge,H4,393,2025-02-19,2025-02-25,85719.0,-0.0015165832545877,0.0016139414997909825,85589.0,85857.34545142058,0.0,85719.0,268.3454514205805,72009.28129811514,Down,Up,2847
Ridge,H5,393,2025-02-19,2025-02-26,85719.0,0.001376590954164,0.0020101911078832355,85837.0,85891.31157157663,0.0,85719.0,54.31157157663256,2949.7468071236817,Up,Up,2846
Ridge,H6,393,2025-02-19,2025-02-27,85719.0,-0.0069529509210326,0.0024039529091048144,85123.0,85925.06443941557,0.0,85719.0,802.0644394155679,643307.3649750092,Down,Up,2845
Ridge,H7,393,2025-02-19,2025-02-28,85719.0,-0.01691573630117,0.002798638211846817,84269.0,85958.8964688813,0.0,85719.0,1689.8964688812994,2855750.0755374846,Down,Up,2844
Ridge,H1,394,2025-02-20,2025-02-21,85830.0,-0.0004077828265175,0.0004070083103079582,85795.0,85864.93352327374,0.0,85830.0,69.93352327373577,4890.697677478143,Down,Up,2851
Ridge,H2,394,2025-02-20,2025-02-24,85830.0,0.0023301875801002,0.0008107247742441606,86030.0,85899.58450737338,0.0,85830.0,130.4154926266201,17008.200717044005,Up,Up,2850
Ridge,H3,394,2025-02-20,2025-02-25,85830.0,-0.0028078760340207,0.0012177590203156482,85589.0,85934.5202567137,0.0,85830.0,345.5202567137021,119384.24779950261,Down,Up,2849
Ridge,H4,394,2025-02-20,2025-02-26,85830.0,8.155656530339783e-05,0.0016196160206808767,85837.0,85969.01164305504,0.0,85830.0,132.01164305504062,17427.073902091455,Up,Up,2848
Ridge,H5,394,2025-02-20,2025-02-27,85830.0,-0.0082372130956541,0.0020113859915976574,85123.0,86002.63725965882,0.0,85830.0,879.637259658819,773761.7085800765,Down,Up,2847
Ridge,H6,394,2025-02-20,2025-02-28,85830.0,-0.018187114062682,0.002406439390264617,84269.0,86036.5446928664,0.0,85830.0,1767.5446928664023,3124214.2412801846,Down,Up,2846
Ridge,H7,394,2025-02-20,2025-03-03,85830.0,-0.0055341955027379,0.002800615432297742,85355.0,86070.37682255411,0.0,85830.0,715.3768225541135,511763.99824761954,Down,Up,2845
Ridge,H1,395,2025-02-21,2025-02-24,85795.0,0.0027390873594033,0.00040672270654392627,86030.0,85829.89477460794,0.0,85795.0,200.1052253920643,40042.10122920886,Up,Up,2852
Ridge,H2,395,2025-02-21,2025-02-25,85795.0,-0.002401072323562,0.0008107517344962704,85589.0,85864.5584450611,0.0,85795.0,275.5584450611059,75932.45664449451,Down,Up,2851
Ridge,H3,395,2025-02-21,2025-02-26,85795.0,0.0004895390174253,0.0012175487105954223,85837.0,85899.45959162553,0.0,85795.0,62.45959162553481,3901.2005860285785,Up,Up,2850
Ridge,H4,395,2025-02-21,2025-02-27,85795.0,-0.0078326242788041,0.0016233382407473485,85123.0,85934.27430436492,0.0,85795.0,811.2743043649243,658165.9969227918,Down,Up,2849
Ridge,H5,395,2025-02-21,2025-02-28,85795.0,-0.0177865842997844,0.0020167759468544466,84269.0,85968.02929236037,0.0,85795.0,1699.0292923603702,2886700.53629858,Down,Up,2848
Ridge,H6,395,2025-02-21,2025-03-03,85795.0,-0.005128503992074,0.0024073510820725027,85355.0,86001.53868608641,0.0,85795.0,646.5386860864091,418012.2726063403,Down,Up,2847
Ridge,H7,395,2025-02-21,2025-03-04,85795.0,0.0024710064689084,0.0028028175459264607,86007.0,86035.46773135276,0.0,85795.0,28.46773135276453,810.4117283731727,Up,Up,2846
Ridge,H1,396,2025-02-24,2025-02-25,86030.0,-0.0051261187957689,0.00040754021391663383,85589.0,86065.06068460325,0.0,86030.0,476.06068460324605,226633.77542491132,Down,Up,2853
Ridge,H2,396,2025-02-24,2025-02-26,86030.0,-0.0022434034639079,0.0008112841549134625,85837.0,86099.79477584721,0.0,86030.0,262.7947758472146,69061.09421258778,Down,Up,2852
Ridge,H3,396,2025-02-24,2025-02-27,86030.0,-0.0105428338951528,0.0012183940606738243,85123.0,86134.81844103977,0.0,86030.0,1011.8184410397662,1023776.5576281428,Down,Up,2851
Ridge,H4,396,2025-02-24,2025-02-28,86030.0,-0.0204696036266418,0.0016239470887579935,84269.0,86169.70816804585,0.0,86030.0,1900.7081680458505,3612691.540076213,Down,Up,2850
Ridge,H5,396,2025-02-24,2025-03-03,86030.0,-0.0078461001976054,0.002021331130151771,85355.0,86203.89511712696,0.0,86030.0,848.8951171269582,720622.9198819922,Down,Up,2849
Ridge,H6,396,2025-02-24,2025-03-04,86030.0,-0.0002673485993258,0.002413579584888237,86007.0,86237.64025168795,0.0,86030.0,230.64025168794615,53194.925698679144,Down,Up,2848
Ridge,H7,396,2025-02-24,2025-03-05,86030.0,-0.0021155410903173,0.002804556940549739,85848.0,86271.2760335955,0.0,86030.0,423.2760335954954,179162.60061633494,Down,Up,2847
Ridge,H1,397,2025-02-25,2025-02-26,85589.0,0.002897568612789,0.00040560119711802493,85837.0,85623.71500086015,0.0,85589.0,213.28499913985434,45490.490858087665,Up,Up,2854
Ridge,H2,397,2025-02-25,2025-02-27,85589.0,-0.0054446248933858,0.0008101580996393895,85123.0,85658.34062159003,0.0,85589.0,535.3406215900322,286589.5811244021,Down,Up,2853
Ridge,H3,397,2025-02-25,2025-02-28,85589.0,-0.0154225426164577,0.0012169822572390037,84269.0,85693.16029441483,0.0,85589.0,1424.1602944148326,2028232.5441877428,Down,Up,2852
Ridge,H4,397,2025-02-25,2025-03-03,85589.0,-0.0027339961910993,0.001622845222499836,85355.0,85727.89769974853,0.0,85589.0,372.8976997485297,139052.6944777446,Down,Up,2851
Ridge,H5,397,2025-02-25,2025-03-04,85589.0,0.0048838051618782,0.00201999556521423,86007.0,85761.88940043113,0.0,85589.0,245.11059956887038,60079.20602101112,Up,Up,2850
Ridge,H6,397,2025-02-25,2025-03-05,85589.0,0.0030260898012595,0.0024161697733176496,85848.0,85795.79755472847,0.0,85589.0,52.20244527152681,2725.095292326752,Up,Up,2849
Ridge,H7,397,2025-02-25,2025-03-06,85589.0,0.0048253864398462,0.0028088103259748475,86002.0,85829.40326698987,0.0,85589.0,172.59673301012663,29789.632245768935,Up,Up,2848
Ridge,H1,398,2025-02-26,2025-02-27,85837.0,-0.0083180912660041,0.00040647408137590323,85123.0,85871.89051572306,0.0,85837.0,748.890515723062,560837.0045399538,Down,Up,2855
Ridge,H2,398,2025-02-26,2025-02-28,85837.0,-0.0182671808194601,0.0008090886200587923,84269.0,85906.44973987997,0.0,85837.0,1637.4497398799722,2681241.6506329887,Down,Up,2854
Ridge,H3,398,2025-02-26,2025-03-03,85837.0,-0.0056152941039412,0.001216727667361492,85355.0,85941.44025278332,0.0,85837.0,586.4402527833154,343912.17008455883,Down,Up,2853
Ridge,H4,398,2025-02-26,2025-03-04,85837.0,0.0019804979204771,0.0016223052007274341,86007.0,85976.25381151483,0.0,85837.0,30.746188485165476,945.3281063653221,Up,Up,2852
Ridge,H5,398,2025-02-26,2025-03-05,85837.0,0.0001281498654426,0.0020197703948258245,85848.0,86010.37103138067,0.0,85837.0,162.37103138066595,26364.351831621207,Up,Up,2851
Ridge,H6,398,2025-02-26,2025-03-06,85837.0,0.0019222479816396,0.0024157112123132764,86002.0,86044.35740333133,0.0,85837.0,42.35740333133435,1794.1496169733346,Up,Up,2850
Ridge,H7,398,2025-02-26,2025-03-07,85837.0,0.0006873492782832,0.0028122887654944326,85896.0,86078.39843076374,0.0,85837.0,182.39843076374382,33269.187545076245,Up,Up,2849
Ridge,H1,399,2025-02-27,2025-02-28,85123.0,-0.0100325411463412,0.00040341956078764253,84269.0,85157.34028327292,0.0,85123.0,888.3402832729189,789148.4588854098,Down,Up,2856
Ridge,H2,399,2025-02-27,2025-03-03,85123.0,0.0027254678524017,0.0008068982746291437,85355.0,85191.68560183127,0.0,85123.0,163.3143981687317,26671.59264921504,Up,Up,2855
Ridge,H3,399,2025-02-27,2025-03-04,85123.0,0.0103849723341518,0.0012126074215398133,86007.0,85226.22078154373,0.0,85123.0,780.7792184562713,609616.1879731859,Up,Up,2854
Ridge,H4,399,2025-02-27,2025-03-05,85123.0,0.0085170870387556,0.0016189915336977502,85848.0,85260.81341632296,0.0,85123.0,587.1865836770448,344788.08405031916,Up,Up,2853
Ridge,H5,399,2025-02-27,2025-03-06,85123.0,0.01032623380285,0.002016174311926658,86002.0,85294.62280595413,0.0,85123.0,707.3771940458682,500382.49465620593,Up,Up,2852
Ridge,H6,399,2025-02-27,2025-03-07,85123.0,0.0090809769392525,0.002412425210987229,85896.0,85328.35287123486,0.0,85123.0,567.6471287651366,322223.26279530354,Up,Up,2851
Ridge,H7,399,2025-02-27,2025-03-10,85123.0,0.0039589770097387,0.0028087691998080785,85460.0,85362.09086059526,0.0,85123.0,97.90913940474275,9586.199578977348,Up,Up,2850
Ridge,H1,400,2025-02-28,2025-03-03,84269.0,0.0128873013801042,0.0003997660981830852,85355.0,84302.68788932779,0.0,84269.0,1052.31211067221,1107360.7782674017,Up,Up,2857
Ridge,H2,400,2025-02-28,2025-03-04,84269.0,0.0206244289121741,0.0008002183599574641,86007.0,84336.43360097524,0.0,84269.0,1670.5663990247558,2790792.0935505396,Up,Up,2856
Ridge,H3,400,2025-02-28,2025-03-05,84269.0,0.0187376140692305,0.0012067792613622828,85848.0,84370.69408157574,0.0,84269.0,1477.3059184242593,2182432.7766113444,Up,Up,2855
Ridge,H4,400,2025-02-28,2025-03-06,84269.0,0.0205650951120814,0.0016112504190411844,86002.0,84404.77846156218,0.0,84269.0,1597.2215384378214,2551116.642849681,Up,Up,2854
Ridge,H5,400,2025-02-28,2025-03-07,84269.0,0.0193072185501193,0.002009231715678183,85896.0,84438.31594744849,0.0,84269.0,1457.6840525515145,2124842.7970630066,Up,Up,2853
Ridge,H6,400,2025-02-28,2025-03-10,84269.0,0.0141333111820478,0.002405201250330928,85460.0,84471.68390416414,0.0,84269.0,988.316095835864,976768.7052882446,Up,Up,2852
Ridge,H7,400,2025-02-28,2025-03-11,84269.0,0.0218823054741363,0.0028018498150173994,86113.0,84505.1090820617,0.0,84269.0,1607.8909179383045,2585313.203988483,Up,Up,2851
Ridge,H1,401,2025-03-03,2025-03-04,85355.0,0.0076386854900123,0.00040413542168666727,86007.0,85389.49497891805,0.0,85355.0,617.5050210819463,381312.45106141496,Up,Up,2858
Ridge,H2,401,2025-03-03,2025-03-05,85355.0,0.0057758772186748,0.0008008926658787559,85848.0,85423.36019349608,0.0,85355.0,424.6398065039248,180318.96526769068,Up,Up,2857
Ridge,H3,401,2025-03-03,2025-03-06,85355.0,0.0075801066135552,0.0012043911669066018,86002.0,85457.80080805131,0.0,85355.0,544.19919194869,296152.76051760715,Up,Up,2856
Ridge,H4,401,2025-03-03,2025-03-07,85355.0,0.0063382344326636,0.001609728842420336,85896.0,85492.3984053448,0.0,85355.0,403.601594655207,162894.24720822604,Up,Up,2855
Ridge,H5,401,2025-03-03,2025-03-10,85355.0,0.0012301564056,0.0020057790220814353,85460.0,85526.20326842977,0.0,85355.0,66.20326842977374,4382.872750784677,Up,Up,2854
Ridge,H6,401,2025-03-03,2025-03-11,85355.0,0.0088805576709039,0.0024025608157956977,86113.0,85560.07057843223,0.0,85355.0,552.9294215677655,305730.9452352638,Up,Up,2853
Ridge,H7,401,2025-03-03,2025-03-12,85355.0,0.0153008025306073,0.002798926720834233,86661.0,85593.9023902568,0.0,85355.0,1067.0976097431994,1138697.3087196494,Up,Up,2852
Ridge,H1,402,2025-03-04,2025-03-05,86007.0,-0.0018486867348006,0.00040666622750146886,85848.0,86041.97614222873,0.0,86007.0,193.97614222872653,37626.74375393915,Down,Up,2859
Ridge,H2,402,2025-03-04,2025-03-06,86007.0,-5.813480298111351e-05,0.0008078293669469469,86002.0,86076.478980363,0.0,86007.0,74.47898036299739,5547.118515911751,Down,Up,2858
Ridge,H3,402,2025-03-04,2025-03-07,86007.0,-0.0012905926261815,0.0012076049002792894,85896.0,86110.86247465832,0.0,86007.0,214.86247465832275,46165.88301629839,Down,Up,2857
Ridge,H4,402,2025-03-04,2025-03-10,86007.0,-0.0063599474461381,0.0016098592050740347,85460.0,86145.45916065079,0.0,86007.0,685.4591606507893,469854.26092008455,Down,Up,2856
Ridge,H5,402,2025-03-04,2025-03-11,86007.0,0.0012324578232003,0.0020067875183929877,86113.0,86179.59777409442,0.0,86007.0,66.59777409442177,4435.263514331635,Up,Up,2855
Ridge,H6,402,2025-03-04,2025-03-12,86007.0,0.0076040322299346,0.0024016254457110715,86661.0,86213.55659970928,0.0,86007.0,447.4434002907219,200205.5964637232,Up,Up,2854
Ridge,H7,402,2025-03-04,2025-03-13,86007.0,0.0196146825258409,0.002798812184480354,87694.0,86247.7174395506,0.0,86007.0,1446.2825604493992,2091733.24466007,Up,Up,2853
Ridge,H1,403,2025-03-05,2025-03-06,85848.0,0.0017938682322244,0.00040587757108395326,86002.0,85882.84377772242,0.0,85848.0,119.15622227758286,14198.205307464734,Up,Up,2860
Ridge,H2,403,2025-03-05,2025-03-07,85848.0,0.0005591277606933,0.0008095665993279862,85896.0,85917.49967341911,0.0,85848.0,21.49967341910815,462.2359571283055,Up,Up,2859
Ridge,H3,403,2025-03-05,2025-03-10,85848.0,-0.0045196160656043,0.0012137382673774863,85460.0,85952.19700277783,0.0,85848.0,492.19700277782977,242257.88954347896,Down,Up,2858
Ridge,H4,403,2025-03-05,2025-03-11,85848.0,0.0030868511788277,0.001612276512609056,86113.0,85986.41071405445,0.0,85848.0,126.58928594554891,16024.847316203946,Up,Up,2857
Ridge,H5,403,2025-03-05,2025-03-12,85848.0,0.009470226446743,0.0020061290726064015,86661.0,86020.22216862511,0.0,85848.0,640.7778313748859,410596.22918150167,Up,Up,2856
Ridge,H6,403,2025-03-05,2025-03-13,85848.0,0.0215031217966639,0.002401844012053322,87694.0,86054.19350474674,0.0,85848.0,1639.8064952532586,2688965.3418747755,Up,Up,2855
Ridge,H7,403,2025-03-05,2025-03-14,85848.0,0.024182275649986,0.002797090149414715,87924.0,86088.12459514696,0.0,85848.0,1835.875404853039,3370438.50214431,Up,Up,2854
Ridge,H1,404,2025-03-06,2025-03-07,86002.0,-0.0012325294760586,0.00040636262659659965,85896.0,86036.94799861257,0.0,86002.0,140.94799861256615,19866.33831288795,Down,Up,2861
Ridge,H2,404,2025-03-06,2025-03-10,86002.0,-0.0063021790190925,0.0008092634170444887,85460.0,86071.59827239266,0.0,86002.0,611.5982723926572,374052.44679368293,Down,Up,2860
Ridge,H3,404,2025-03-06,2025-03-11,86002.0,0.0012906676588917,0.0012159652711130169,86113.0,86106.57544524626,0.0,86002.0,6.424554753742996,41.27490378384172,Up,Up,2859
Ridge,H4,404,2025-03-06,2025-03-12,86002.0,0.0076626124973837,0.0016189083776408165,86661.0,86141.22935829386,0.0,86002.0,519.7706417061418,270161.5199796144,Up,Up,2858
Ridge,H5,404,2025-03-06,2025-03-13,86002.0,0.0196739610706728,0.0020090417789171452,87694.0,86174.78161107043,0.0,86002.0,1519.2183889295702,2308024.5132617587,Up,Up,2857
Ridge,H6,404,2025-03-06,2025-03-14,86002.0,0.0223483174809888,0.00240167630404733,87924.0,86208.54896550068,0.0,86002.0,1715.4510344993178,2942772.2517647794,Up,Up,2856
Ridge,H7,404,2025-03-06,2025-03-17,86002.0,0.0229529545824516,0.0027978002786202476,87976.0,86242.61641956189,0.0,86002.0,1733.3835804381088,3004618.6369324373,Up,Up,2855
Ridge,H1,405,2025-03-07,2025-03-10,85896.0,-0.005075905746484,0.0004057901030947139,85460.0,85930.85574669542,0.0,85896.0,470.85574669542257,221705.13419610393,Down,Up,2862
Ridge,H2,405,2025-03-07,2025-03-11,85896.0,0.002526310887585,0.0008091759222578435,86113.0,85965.50497501827,0.0,85896.0,147.49502498173388,21754.7823943623,Up,Up,2861
Ridge,H3,405,2025-03-07,2025-03-12,85896.0,0.0089061190276613,0.0012150885658618194,86661.0,86000.37124745325,0.0,85896.0,660.6287525467487,436430.34869147337,Up,Up,2860
Ridge,H4,405,2025-03-07,2025-03-13,85896.0,0.0209322902114184,0.0016205589076363704,87694.0,86035.19952793034,0.0,85896.0,1658.8004720696626,2751619.0061385357,Up,Up,2859
Ridge,H5,405,2025-03-07,2025-03-14,85896.0,0.0236099469125454,0.0020150942705964305,87924.0,86069.08853746716,0.0,85896.0,1854.9114625328366,3440696.5338357068,Up,Up,2858
Ridge,H6,405,2025-03-07,2025-03-17,85896.0,0.0242153301667131,0.00240401376809097,87976.0,86102.49516662394,0.0,85896.0,1873.5048333760642,3510020.360683474,Up,Up,2857
Ridge,H7,405,2025-03-07,2025-03-18,85896.0,0.0321784483561515,0.0027970612353844532,88660.0,86136.25637187458,0.0,85896.0,2523.7436281254195,6369281.900503656,Up,Up,2856
Ridge,H1,406,2025-03-10,2025-03-11,85460.0,0.0076410016381933,0.00040387538238763603,86113.0,85494.51519017885,0.0,85460.0,618.4848098211514,382523.45997950586,Up,Up,2863
Ridge,H2,406,2025-03-10,2025-03-12,85460.0,0.0140533582962789,0.0008066908690102462,86661.0,85528.93980166562,0.0,85460.0,1132.0601983343804,1281560.2926528766,Up,Up,2862
Ridge,H3,406,2025-03-10,2025-03-13,85460.0,0.0261408846243855,0.001213084058185589,87694.0,85563.67016361255,0.0,85460.0,2130.329836387449,4538305.211802576,Up,Up,2861
Ridge,H4,406,2025-03-10,2025-03-14,85460.0,0.0288322021998594,0.0016177684082730476,87924.0,85598.254488171,0.0,85460.0,2325.7455118289945,5409092.185792712,Up,Up,2860
Ridge,H5,406,2025-03-10,2025-03-17,85460.0,0.0294406739995318,0.0020148193767520997,87976.0,85632.18646393724,0.0,85460.0,2343.813536062764,5493461.891831037,Up,Up,2859
Ridge,H6,406,2025-03-10,2025-03-18,85460.0,0.037444418441376,0.002408117814959762,88660.0,85665.79774846646,0.0,85460.0,2994.202251533541,8965247.123088527,Up,Up,2858
Ridge,H7,406,2025-03-10,2025-03-19,85460.0,0.0363210858881348,0.0027974681374874463,88564.0,85699.07162702967,0.0,85460.0,2864.928372970331,8207814.582250428,Up,Up,2857
Ridge,H1,407,2025-03-11,2025-03-12,86113.0,0.006363731376215,0.0004064022058518428,86661.0,86147.99651315252,0.0,86113.0,513.0034868474759,263172.57751766837,Up,Up,2864
Ridge,H2,407,2025-03-11,2025-03-13,86113.0,0.0183595972733501,0.0008072919569156382,87694.0,86182.51833228586,0.0,86113.0,1511.4816677141353,2284576.8318359037,Up,Up,2863
Ridge,H3,407,2025-03-11,2025-03-14,86113.0,0.0210305064276008,0.0012131115932867613,87924.0,86217.4646786327,0.0,86113.0,1706.5353213672934,2912262.8030741713,Up,Up,2862
Ridge,H4,407,2025-03-11,2025-03-17,86113.0,0.0216343641494316,0.0016182817924794827,87976.0,86252.35509999578,0.0,86113.0,1723.6449000042194,2970951.7413105555,Up,Up,2861
Ridge,H5,407,2025-03-11,2025-03-18,86113.0,0.0295774157212034,0.0020145460388973782,88660.0,86286.47860304757,0.0,86113.0,2373.521396952434,5633603.821791033,Up,Up,2860
Ridge,H6,407,2025-03-11,2025-03-19,86113.0,0.0284626014655162,0.002410382137942802,88564.0,86320.56523704468,0.0,86113.0,2243.434762955323,5032999.535636406,Up,Up,2859
Ridge,H7,407,2025-03-11,2025-03-20,86113.0,0.029414838642249,0.0028041459543124174,88646.0,86354.4734205637,0.0,86113.0,2291.526579436293,5251094.064262997,Up,Up,2858
Ridge,H1,408,2025-03-12,2025-03-13,86661.0,0.01192001015451,0.0004084815547245179,87694.0,86696.39942001399,0.0,86661.0,997.600579986014,995206.9171884316,Up,Up,2865
Ridge,H2,408,2025-03-12,2025-03-14,86661.0,0.0145740298404126,0.0008119168786668791,87924.0,86731.36152862215,0.0,86661.0,1192.6384713778534,1422386.5234105028,Up,Up,2864
Ridge,H3,408,2025-03-12,2025-03-17,86661.0,0.0151740690737471,0.001215798430529798,87976.0,86766.36230778815,0.0,86661.0,1209.6376922118507,1463223.346419612,Up,Up,2863
Ridge,H4,408,2025-03-12,2025-03-18,86661.0,0.0230668928353008,0.0016203939455943438,88660.0,86801.42495971915,0.0,86661.0,1858.575040280848,3454301.180354956,Up,Up,2862
Ridge,H5,408,2025-03-12,2025-03-19,86661.0,0.0219591280968372,0.002017152168351951,88564.0,86835.80842406154,0.0,86661.0,1728.1915759384574,2986646.123144649,Up,Up,2861
Ridge,H6,408,2025-03-12,2025-03-20,86661.0,0.0229053438109414,0.002412198115943664,88646.0,86870.04350092579,0.0,86661.0,1775.9564990742074,3154021.486603915,Up,Up,2860
Ridge,H7,408,2025-03-12,2025-03-21,86661.0,0.0129700788128455,0.002808517234052268,87785.0,86904.3889120202,0.0,86661.0,880.611087979807,775475.8882729795,Up,Up,2859
Ridge,H1,409,2025-03-13,2025-03-14,87694.0,0.0026227564029466,0.000412498305858902,87924.0,87730.17362643399,0.0,87694.0,193.8263735660148,37568.66308975232,Up,Up,2866
Ridge,H2,409,2025-03-13,2025-03-17,87694.0,0.0032157274157866,0.0008180419405934322,87976.0,87765.7373699384,0.0,87694.0,210.2626300615957,44210.37360041945,Up,Up,2865
Ridge,H3,409,2025-03-13,2025-03-18,87694.0,0.0110155768923758,0.0012245017065723408,88660.0,87801.38145265616,0.0,87694.0,858.6185473438381,737225.8098428429,Up,Up,2864
Ridge,H4,409,2025-03-13,2025-03-19,87694.0,0.0099208611763632,0.0016271395822303673,88564.0,87836.6903785241,0.0,87694.0,727.3096214758989,528979.2854914153,Up,Up,2863
Ridge,H5,409,2025-03-13,2025-03-20,87694.0,0.0108559308504572,0.0020233216898398083,88646.0,87871.43317226881,0.0,87694.0,774.5668277311925,599953.7706215627,Up,Up,2862
Ridge,H6,409,2025-03-13,2025-03-21,87694.0,0.0010376992724701,0.0024188711207454483,87785.0,87906.12048406265,0.0,87694.0,121.12048406264512,14670.17165956947,Up,Up,2861
Ridge,H7,409,2025-03-13,2025-03-24,87694.0,-0.0043446529979246,0.0028143936636241,87313.0,87940.80543793784,0.0,87694.0,627.8054379378445,394139.6679043288,Down,Up,2860
Ridge,H1,410,2025-03-14,2025-03-17,87924.0,0.0005914198626086,0.0004132696377969936,87976.0,87960.33631963366,0.0,87924.0,15.663680366342305,245.35088261893742,Up,Up,2867
Ridge,H2,410,2025-03-14,2025-03-18,87924.0,0.008370865747691,0.0008228423366756911,88660.0,87996.34758960987,0.0,87924.0,663.652410390132,440434.5218166322,Up,Up,2866
Ridge,H3,410,2025-03-14,2025-03-19,87924.0,0.0072790136936444,0.001231415484168963,88564.0,88032.27097503009,0.0,87924.0,531.7290249699145,282735.7559954559,Up,Up,2865
Ridge,H4,410,2025-03-14,2025-03-20,87924.0,0.0082116373231426,0.0016366391208085425,88646.0,88067.89985805796,0.0,87924.0,578.1001419420354,334199.7741134015,Up,Up,2864
Ridge,H5,410,2025-03-14,2025-03-21,87924.0,-0.0015809107865883,0.0020308622533870865,87785.0,88102.5615327668,0.0,87924.0,317.5615327668056,100845.32709320296,Down,Up,2863
Ridge,H6,410,2025-03-14,2025-03-24,87924.0,-0.0069491833856512,0.002425835162279646,87313.0,88137.28913080828,0.0,87924.0,824.2891308082762,679452.5711686636,Down,Up,2862
Ridge,H7,410,2025-03-14,2025-03-25,87924.0,-0.0040716982848824,0.0028218627865115344,87566.0,88172.10946364125,0.0,87924.0,606.1094636412454,367368.68191547814,Down,Up,2861
Ridge,H1,411,2025-03-17,2025-03-18,87976.0,0.0077748476857324,0.00041333161139866294,88660.0,88012.3632618444,0.0,87976.0,647.6367381556047,419433.3446088313,Up,Up,2868
Ridge,H2,411,2025-03-17,2025-03-19,87976.0,0.006683640992998,0.0008236766817774662,88564.0,88048.46377975606,0.0,87976.0,515.5362202439428,265777.5943834111,Up,Up,2867
Ridge,H3,411,2025-03-17,2025-03-20,87976.0,0.0076157133763754,0.0012362800183055335,88646.0,88084.76297089044,0.0,87976.0,561.2370291095576,314987.0028437224,Up,Up,2866
Ridge,H4,411,2025-03-17,2025-03-21,87976.0,-0.002171046649086,0.001643619137931064,87785.0,88120.59903727862,0.0,87976.0,335.5990372786182,112626.71382233537,Down,Up,2865
Ridge,H5,411,2025-03-17,2025-03-24,87976.0,-0.0075361462216968,0.002040432675017799,87313.0,88155.50910501737,0.0,87976.0,842.5091050173651,709821.5920371615,Down,Up,2864
Ridge,H6,411,2025-03-17,2025-03-25,87976.0,-0.0046603619168864,0.002433445801228582,87566.0,88190.08482780888,0.0,87976.0,624.0848278088815,389481.8723012413,Down,Up,2863
Ridge,H7,411,2025-03-17,2025-03-26,87976.0,-0.0053423660998453,0.002828896621262899,87506.0,88224.87500915222,0.0,87976.0,718.8750091522234,516781.2787836092,Down,Up,2862
Ridge,H1,412,2025-03-18,2025-03-19,88660.0,-0.0010827881795624,0.0004158973850947967,88564.0,88696.8734621625,0.0,88660.0,132.87346216250444,17655.3569470505,Down,Up,2869
Ridge,H2,412,2025-03-18,2025-03-20,88660.0,-0.0001579066095195,0.0008263080199761051,88646.0,88733.26046905109,0.0,88660.0,87.26046905109251,7614.389459016675,Down,Up,2868
Ridge,H3,412,2025-03-18,2025-03-21,88660.0,-0.0098691630949695,0.0012396909956774614,87785.0,88769.91100367677,0.0,88660.0,984.911003676767,970049.6851635765,Down,Up,2867
Ridge,H4,412,2025-03-18,2025-03-24,88660.0,-0.0151928716444845,0.0016510940458373646,87313.0,88806.38599810394,0.0,88660.0,1493.3859981039423,2230201.739332908,Down,Up,2866
Ridge,H5,412,2025-03-18,2025-03-25,88660.0,-0.0123392736295961,0.0020500441735869022,87566.0,88841.75691643021,0.0,88660.0,1275.7569164302113,1627555.709819521,Down,Up,2865
Ridge,H6,412,2025-03-18,2025-03-26,88660.0,-0.0130160162418226,0.002445670318353392,87506.0,88876.8331304252,0.0,88660.0,1370.833130425206,1879183.47147137,Down,Up,2864
Ridge,H7,412,2025-03-18,2025-03-27,88660.0,-0.0050417324610873,0.0028391480240710335,88213.0,88911.71886381414,0.0,88660.0,698.7188638141379,488208.0506497198,Down,Up,2863
Ridge,H1,413,2025-03-19,2025-03-20,88564.0,0.0009258841064088,0.0004153753779480866,88646.0,88600.78730497259,0.0,88564.0,45.21269502741052,2044.1877916416317,Up,Up,2870
Ridge,H2,413,2025-03-19,2025-03-21,88564.0,-0.0087958990108847,0.0008283499640744829,87785.0,88637.36198621828,0.0,88564.0,852.3619862182823,726520.9555499752,Down,Up,2869
Ridge,H3,413,2025-03-19,2025-03-24,88564.0,-0.0141253782575312,0.0012417969771242206,87313.0,88673.97850748202,0.0,88564.0,1360.9785074820247,1852262.4978279995,Down,Up,2868
Ridge,H4,413,2025-03-19,2025-03-25,88564.0,-0.011268687051172,0.0016539786605870538,87566.0,88710.48296609624,0.0,88564.0,1144.4829660962423,1309841.2596844526,Down,Up,2867
Ridge,H5,413,2025-03-19,2025-03-26,88564.0,-0.0119461632265931,0.002056991100966909,87506.0,88746.17535986603,0.0,88564.0,1240.1753598660289,1538034.9232188342,Down,Up,2866
Ridge,H6,413,2025-03-19,2025-03-27,88564.0,-0.0039632356262138,0.0024547516702116087,88213.0,88781.40262692062,0.0,88564.0,568.4026269206224,323081.5462902643,Down,Up,2865
Ridge,H7,413,2025-03-19,2025-03-28,88564.0,0.0022017975701187,0.0028508392804176812,88759.0,88816.48173003091,0.0,88564.0,57.481730030907784,3304.1492873461657,Up,Up,2864
Ridge,H1,414,2025-03-20,2025-03-21,88646.0,-0.0097127901992193,0.0004155531344569883,87785.0,88682.83712315708,0.0,88646.0,897.8371231570782,806111.4997189783,Down,Up,2871
Ridge,H2,414,2025-03-20,2025-03-24,88646.0,-0.0150373395302664,0.0008280062137556213,87313.0,88719.39943882458,0.0,88646.0,1406.3994388245774,1977959.3815260862,Down,Up,2870
Ridge,H3,414,2025-03-20,2025-03-25,88646.0,-0.0121832908422263,0.0012440187079018562,87566.0,88756.27728238067,0.0,88646.0,1190.2772823806736,1416760.0089515217,Down,Up,2869
Ridge,H4,414,2025-03-20,2025-03-26,88646.0,-0.0128601403334611,0.0016562651077638032,87506.0,88792.82127674283,0.0,88646.0,1286.821276742834,1655908.9982780574,Down,Up,2868
Ridge,H5,414,2025-03-20,2025-03-27,88646.0,-0.0048845971617444,0.002060060082349106,88213.0,88828.61608605992,0.0,88646.0,615.6160860599193,378983.165415734,Down,Up,2867
Ridge,H6,414,2025-03-20,2025-03-28,88646.0,0.0012747332084921,0.0024618875132875013,88759.0,88864.23648050289,0.0,88646.0,105.23648050289194,11074.716828635555,Up,Up,2866
Ridge,H7,414,2025-03-20,2025-03-31,88646.0,0.0168309906820387,0.002860111401457972,90138.0,88899.53743529363,0.0,88646.0,1238.4625647063658,1533789.5241790693,Up,Up,2865
Ridge,H1,415,2025-03-21,2025-03-24,87785.0,-0.0053767727971749,0.00041202638798850104,87313.0,87821.16973646957,0.0,87785.0,508.16973646957194,258236.4810635542,Down,Up,2872
Ridge,H2,415,2025-03-21,2025-03-25,87785.0,-0.0024947314461468,0.0008246537242920782,87566.0,87857.39222718697,0.0,87785.0,291.3922271869669,84909.43006498094,Down,Up,2871
Ridge,H3,415,2025-03-21,2025-03-26,87785.0,-0.0031782195135843,0.00124014596411155,87506.0,87893.86621345954,0.0,87785.0,387.8662134595361,150440.19954343842,Down,Up,2870
Ridge,H4,415,2025-03-21,2025-03-27,87785.0,0.0048755482143874,0.0016549305929110612,88213.0,87930.2780820987,0.0,87785.0,282.72191790130455,79931.682861792,Up,Up,2869
Ridge,H5,415,2025-03-21,2025-03-28,87785.0,0.0110952896280684,0.0020587903349428734,88759.0,87965.73090955296,0.0,87785.0,793.2690904470364,629275.8498586685,Up,Up,2868
Ridge,H6,415,2025-03-21,2025-03-31,87785.0,0.0268041237113401,0.002461390511067474,90138.0,88001.07316601406,0.0,87785.0,2136.926833985941,4566456.293809177,Up,Up,2867
Ridge,H7,415,2025-03-21,2025-04-01,87785.0,0.0298912114825995,0.00286363876319936,90409.0,88036.38452882745,0.0,87785.0,2372.615471172554,5629304.17404736,Up,Up,2866
Ridge,H1,416,2025-03-24,2025-03-25,87313.0,0.0028976212018829,0.00041001149077135737,87566.0,87348.79933329373,0.0,87313.0,217.20066670626693,47176.12961764685,Up,Up,2873
Ridge,H2,416,2025-03-24,2025-03-26,87313.0,0.0022104383081558,0.0008191307108972468,87506.0,87384.52075976058,0.0,87313.0,121.47924023942323,14757.205809147505,Up,Up,2872
Ridge,H3,416,2025-03-24,2025-03-27,87313.0,0.0103077434059075,0.0012347939895587352,88213.0,87420.81356761034,0.0,87313.0,792.1864323896589,627559.3436622556,Up,Up,2871
Ridge,H4,416,2025-03-24,2025-03-28,87313.0,0.0165611077388248,0.0016490605634802587,88759.0,87456.98442497915,0.0,87313.0,1302.0155750208505,1695244.557596876,Up,Up,2870
Ridge,H5,416,2025-03-24,2025-03-31,87313.0,0.0323548612463207,0.002055446188261525,90138.0,87492.46717303568,0.0,87313.0,2645.5328269643214,6998843.938545834,Up,Up,2869
Ridge,H6,416,2025-03-24,2025-04-01,87313.0,0.0354586373163217,0.0024581094206174202,90409.0,87527.62490784237,0.0,87313.0,2881.3750921576284,8302322.421706381,Up,Up,2868
Ridge,H7,416,2025-03-24,2025-04-02,87313.0,0.0349432501460262,0.0028611246782662566,90364.0,87562.81337903345,0.0,87313.0,2801.186620966546,7846646.485481976,Up,Up,2867
Ridge,H1,417,2025-03-25,2025-03-26,87566.0,-0.0006851974510654,0.00041087688714524584,87506.0,87601.97884549975,0.0,87566.0,95.97884549974697,9211.938783464298,Down,Up,2874
Ridge,H2,417,2025-03-25,2025-03-27,87566.0,0.0073887125139895,0.0008179770633963283,88213.0,87637.62697953335,0.0,87566.0,575.3730204666499,331054.1126809159,Up,Up,2873
Ridge,H3,417,2025-03-25,2025-03-28,87566.0,0.0136240093186852,0.0012301218551607042,88759.0,87673.716850369,0.0,87566.0,1085.2831496309955,1177839.5148729738,Up,Up,2872
Ridge,H4,417,2025-03-25,2025-03-31,87566.0,0.0293721307356735,0.0016445611495645913,90138.0,87710.00764162277,0.0,87566.0,2427.9923583772324,5895146.892338235,Up,Up,2871
Ridge,H5,417,2025-03-25,2025-04-01,87566.0,0.0324669392229861,0.002050430527900134,90409.0,87745.5479996061,0.0,87566.0,2663.452000393896,7093976.558402246,Up,Up,2870
Ridge,H6,417,2025-03-25,2025-04-02,87566.0,0.0319530411346868,0.00245562815819461,90364.0,87781.02953530048,0.0,87566.0,2582.9704646995233,6671736.4215100715,Up,Up,2869
Ridge,H7,417,2025-03-25,2025-04-03,87566.0,0.0250896466665144,0.002858707277134787,89763.0,87816.32556142959,0.0,87566.0,1946.6744385704078,3789541.369783412,Up,Up,2868
Ridge,H1,418,2025-03-26,2025-03-27,87506.0,0.008079445980847,0.0004104958997111585,88213.0,87541.92085420011,0.0,87506.0,671.0791457998857,450347.2199275043,Up,Up,2875
Ridge,H2,418,2025-03-26,2025-03-28,87506.0,0.0143190181244714,0.0008184620513979641,88759.0,87577.62034026964,0.0,87506.0,1181.379659730359,1395657.9004246187,Up,Up,2874
Ridge,H3,418,2025-03-26,2025-03-31,87506.0,0.0300779375128563,0.0012285877999860509,90138.0,87613.50880402558,0.0,87506.0,2524.4911959744204,6373055.798552359,Up,Up,2873
Ridge,H4,418,2025-03-26,2025-04-01,87506.0,0.0331748680090508,0.001639510991655527,90409.0,87649.46704883581,0.0,87506.0,2759.5329511641903,7615022.108560946,Up,Up,2872
Ridge,H5,418,2025-03-26,2025-04-02,87506.0,0.0326606175576531,0.0020455556235433447,90364.0,87684.99839039378,0.0,87506.0,2679.0016096062172,7177049.624272703,Up,Up,2871
Ridge,H6,418,2025-03-26,2025-04-03,87506.0,0.0257925170845427,0.0024502375590603627,89763.0,87720.41048784312,0.0,87506.0,2042.5895121568756,4172171.915173263,Up,Up,2870
Ridge,H7,418,2025-03-26,2025-04-04,87506.0,0.0049596599090349,0.0028558490695686613,87940.0,87755.90392868168,0.0,87506.0,184.0960713183158,33891.36347483842,Up,Up,2869
Ridge,H1,419,2025-03-27,2025-03-28,88213.0,0.0061895638964777,0.0004131623183060706,88759.0,88249.44628758474,0.0,88213.0,509.55371241526154,259644.98583617507,Up,Up,2876
Ridge,H2,419,2025-03-27,2025-03-31,88213.0,0.0218221804042488,0.0008207471581752223,90138.0,88285.4005690641,0.0,88213.0,1852.599430935894,3432124.651503998,Up,Up,2875
Ridge,H3,419,2025-03-27,2025-04-01,88213.0,0.0248942899572626,0.0012317468117804687,90409.0,88321.65608150758,0.0,88213.0,2087.343918492421,4357004.634067294,Up,Up,2874
Ridge,H4,419,2025-03-27,2025-04-02,88213.0,0.0243841610646957,0.0016406371857285293,90364.0,88357.72552806466,0.0,88213.0,2006.274471935336,4025137.256739411,Up,Up,2873
Ridge,H5,419,2025-03-27,2025-04-03,88213.0,0.0175711062995249,0.0020431423286758504,89763.0,88393.23171423947,0.0,88213.0,1369.768285760525,1876265.1566753273,Up,Up,2872
Ridge,H6,419,2025-03-27,2025-04-04,88213.0,-0.0030947819482388,0.0024480035412349104,87940.0,88428.94573638296,0.0,88213.0,488.94573638295697,239067.93312707206,Down,Up,2871
Ridge,H7,419,2025-03-27,2025-04-07,88213.0,-0.0158026594719599,0.0028530970436572572,86819.0,88464.68024951214,0.0,88213.0,1645.6802495121374,2708263.483634331,Down,Up,2870
Ridge,H1,420,2025-03-28,2025-03-31,88759.0,0.0155364526414223,0.0004151703160154455,90138.0,88795.8501020792,0.0,88759.0,1342.1498979207972,1801366.3484888065,Up,Up,2877
Ridge,H2,420,2025-03-28,2025-04-01,88759.0,0.0185896641467344,0.0008254410226523614,90409.0,88832.26531972959,0.0,88759.0,1576.7346802704124,2486092.2519674394,Up,Up,2876
Ridge,H3,420,2025-03-28,2025-04-02,88759.0,0.018082673306369,0.001236057457843234,90364.0,88868.7112239007,0.0,88759.0,1495.2887760993035,2235888.523928553,Up,Up,2875
Ridge,H4,420,2025-03-28,2025-04-03,88759.0,0.0113115289717098,0.0016458290261577144,89763.0,88905.08213853273,0.0,88759.0,857.917861467271,736023.0570245755,Up,Up,2874
Ridge,H5,420,2025-03-28,2025-04-04,88759.0,-0.0092272332946518,0.0020462934934058425,87940.0,88940.62696418121,0.0,88759.0,1000.6269641812105,1001254.3214465055,Down,Up,2873
Ridge,H6,420,2025-03-28,2025-04-07,88759.0,-0.0218569384513119,0.0024475950936145192,86819.0,88976.24609291412,0.0,88759.0,2157.2460929141234,4653710.705393251,Down,Up,2872
Ridge,H7,420,2025-03-28,2025-04-08,88759.0,-0.0147590666861951,0.002852870166467232,87449.0,89012.21790310545,0.0,88759.0,1563.2179031054548,2443650.212589415,Down,Up,2871
Ridge,H1,421,2025-03-31,2025-04-01,90138.0,0.0030065011426922,0.00042042478729873876,90409.0,90175.89624947753,0.0,90138.0,233.10375052246673,54337.358507640405,Up,Up,2878
Ridge,H2,421,2025-03-31,2025-04-02,90138.0,0.0025072666356031,0.0008327398783641153,90364.0,90213.06150715599,0.0,90138.0,150.93849284401222,22782.428622021926,Up,Up,2877
Ridge,H3,421,2025-03-31,2025-04-03,90138.0,-0.004160287559076,0.0012460867871938233,89763.0,90250.31977082406,0.0,90138.0,487.3197708240623,237480.55903601658,Down,Up,2876
Ridge,H4,421,2025-03-31,2025-04-04,90138.0,-0.0243848321462646,0.0016554738098989974,87940.0,90287.22109827668,0.0,90138.0,2347.2210982766846,5509446.884195206,Down,Up,2875
Ridge,H5,421,2025-03-31,2025-04-07,90138.0,-0.0368213184228627,0.002056839913460411,86819.0,90323.3994361195,0.0,90138.0,3504.3994361194927,12280815.40787462,Down,Up,2874
Ridge,H6,421,2025-03-31,2025-04-08,90138.0,-0.0298320353236148,0.002456073172243447,87449.0,90359.38552359967,0.0,90138.0,2910.3855235996743,8470343.895978551,Down,Up,2873
Ridge,H7,421,2025-03-31,2025-04-09,90138.0,-0.0072000710022409,0.002857737343438491,89489.0,90395.59072866285,0.0,90138.0,906.5907286628499,821906.749297437,Down,Up,2872
Ridge,H1,422,2025-04-01,2025-04-02,90409.0,-0.0004977380570518,0.0004213229094541772,90364.0,90447.09138292083,0.0,90409.0,83.09138292082935,6904.177915695891,Down,Up,2879
Ridge,H2,422,2025-04-01,2025-04-03,90409.0,-0.007145306330122,0.0008389092186434868,89763.0,90484.84494354833,0.0,90409.0,721.8449435483344,521060.1225262981,Down,Up,2878
Ridge,H3,422,2025-04-01,2025-04-04,90409.0,-0.0273092280635777,0.0012543059732515992,87940.0,90522.40054873569,0.0,90409.0,2582.4005487356917,6668792.594110401,Down,Up,2877
Ridge,H4,422,2025-04-01,2025-04-07,90409.0,-0.0397084361070247,0.0016664324893962653,86819.0,90559.66049493382,0.0,90409.0,3740.6604949338216,13992540.938358543,Down,Up,2876
Ridge,H5,422,2025-04-01,2025-04-08,90409.0,-0.0327401033082989,0.002067416692692553,87449.0,90595.91307576964,0.0,90409.0,3146.9130757696403,9903061.906449938,Down,Up,2875
Ridge,H6,422,2025-04-01,2025-04-09,90409.0,-0.0101759780552821,0.0024675560117490038,89489.0,90632.08927146622,0.0,90409.0,1143.0892714662186,1306653.0825411705,Down,Up,2874
Ridge,H7,422,2025-04-01,2025-04-10,90409.0,0.0136822661460696,0.0028671469346029993,91646.0,90668.21588721054,0.0,90409.0,977.7841127894644,956061.7712234801,Up,Up,2873
Ridge,H1,423,2025-04-02,2025-04-03,90364.0,-0.0066508786684963,0.00042100365282172624,89763.0,90402.0435740836,0.0,90364.0,639.0435740835965,408376.68957753706,Down,Up,2880
Ridge,H2,423,2025-04-02,2025-04-04,90364.0,-0.0268248417511398,0.0008394886365209029,87940.0,90439.85955115057,0.0,90364.0,2499.85955115057,6249297.775478729,Down,Up,2879
Ridge,H3,423,2025-04-02,2025-04-07,90364.0,-0.0392302244256562,0.0012601531517073311,86819.0,90477.87247940089,0.0,90364.0,3658.8724794008886,13387347.820517205,Down,Up,2878
Ridge,H4,423,2025-04-02,2025-04-08,90364.0,-0.0322584214952856,0.0016743289970813156,87449.0,90515.29906549226,0.0,90364.0,3066.2990654922614,9402189.959038716,Down,Up,2877
Ridge,H5,423,2025-04-02,2025-04-09,90364.0,-0.0096830596255146,0.0020780542386712162,89489.0,90551.78129322328,0.0,90364.0,1062.7812932232773,1129504.0772253417,Down,Up,2876
Ridge,H6,423,2025-04-02,2025-04-10,90364.0,0.0141870656456111,0.002477812085256722,91646.0,90587.90501127213,0.0,90364.0,1058.0949887278693,1119565.00517103,Up,Up,2875
Ridge,H7,423,2025-04-02,2025-04-11,90364.0,0.0322694878491434,0.0028783078291696853,93280.0,90624.09540867509,0.0,90364.0,2655.904591324914,7053829.198220757,Up,Up,2874
Ridge,H1,424,2025-04-03,2025-04-04,89763.0,-0.0203090360170671,0.00041854811941756306,87940.0,89800.57013484329,0.0,89763.0,1860.5701348432922,3461721.2266707863,Down,Up,2881
Ridge,H2,424,2025-04-03,2025-04-07,89763.0,-0.032797477802658,0.000836714208074418,86819.0,89838.10597745939,0.0,89763.0,3019.1059774593887,9115000.90313101,Down,Up,2880
Ridge,H3,424,2025-04-03,2025-04-08,89763.0,-0.0257789958000512,0.001258268403295992,87449.0,89875.94594668505,0.0,89763.0,2426.945946685053,5890066.628131009,Down,Up,2879
Ridge,H4,424,2025-04-03,2025-04-09,89763.0,-0.0030524826487527,0.0016776754042741866,89489.0,89913.59317731387,0.0,89763.0,424.59317731387273,180279.36622148976,Down,Up,2878
Ridge,H5,424,2025-04-03,2025-04-10,89763.0,0.0209774628744583,0.0020834375549116037,91646.0,89950.01560524154,0.0,89763.0,1695.9843947584595,2876363.0672642183,Up,Up,2877
Ridge,H6,424,2025-04-03,2025-04-11,89763.0,0.0391809542907433,0.002485917334564357,93280.0,89986.1433977025,0.0,89763.0,3293.856602297499,10849491.316498825,Up,Up,2876
Ridge,H7,424,2025-04-03,2025-04-14,89763.0,0.0342234550984259,0.002886032647127873,92835.0,90022.05894850414,0.0,89763.0,2812.941051495858,7912637.359190624,Up,Up,2875
Ridge,H1,425,2025-04-04,2025-04-07,87940.0,-0.0127473277234477,0.00041135611182931234,86819.0,87976.17465647426,0.0,87940.0,1157.1746564742643,1339053.1855863316,Down,Up,2882
Ridge,H2,425,2025-04-04,2025-04-08,87940.0,-0.0055833522856493,0.0008271129717520137,87449.0,88012.73631473588,0.0,87940.0,563.7363147358847,317798.6325519964,Down,Up,2881
Ridge,H3,425,2025-04-04,2025-04-09,87940.0,0.0176142824653171,0.001248349225494981,89489.0,88049.77983089002,0.0,87940.0,1439.2201691099763,2071354.6951729488,Up,Up,2880
Ridge,H4,425,2025-04-04,2025-04-10,87940.0,0.0421423697975893,0.0016686230720790816,91646.0,88086.73871295863,0.0,87940.0,3559.2612870413723,12668340.909431405,Up,Up,2879
Ridge,H5,425,2025-04-04,2025-04-11,87940.0,0.06072322037753,0.0020795078731629126,93280.0,88122.87192236596,0.0,87940.0,5157.128077634043,26595970.009121396,Up,Up,2878
Ridge,H6,425,2025-04-04,2025-04-14,87940.0,0.0556629520127358,0.00248397773058427,92835.0,88158.44100162758,0.0,87940.0,4676.55899837242,21870204.065258056,Up,Up,2877
Ridge,H7,425,2025-04-04,2025-04-15,87940.0,0.0583465999545145,0.002886753762198758,93071.0,88193.86112584776,0.0,87940.0,4877.138874152239,23786483.597766966,Up,Up,2876
Ridge,H1,426,2025-04-07,2025-04-08,86819.0,0.0072564761169791,0.0004067913503420146,87449.0,86854.31721824534,0.0,86819.0,594.6827817546582,353647.61091545847,Up,Up,2883
Ridge,H2,426,2025-04-07,2025-04-09,86819.0,0.0307536368767205,0.00081544500806185,89489.0,86889.79612015492,0.0,86819.0,2599.2038798450812,6755860.809001723,Up,Up,2882
Ridge,H3,426,2025-04-07,2025-04-10,86819.0,0.0555984289153295,0.0012342982390083838,91646.0,86926.16053881246,0.0,86819.0,4719.839461187541,22276884.5393831,Up,Up,2881
Ridge,H4,426,2025-04-07,2025-04-11,86819.0,0.0744191939552401,0.0016542551253659536,93280.0,86962.62077572916,0.0,86819.0,6317.379224270844,39909280.26324889,Up,Up,2880
Ridge,H5,426,2025-04-07,2025-04-14,86819.0,0.0692935878091201,0.002065995102834857,92835.0,86998.36762883302,0.0,86819.0,5836.632371166983,34066277.43615432,Up,Up,2879
Ridge,H6,426,2025-04-07,2025-04-15,86819.0,0.0720118867989725,0.0024755197418148563,93071.0,87033.92214846463,0.0,86819.0,6037.077851535374,36446308.985498965,Up,Up,2878
Ridge,H7,426,2025-04-07,2025-04-16,86819.0,0.0961079947937664,0.0028802571356937316,95163.0,87069.0610442638,0.0,86819.0,8093.938955736201,65511847.81918403,Up,Up,2877
Ridge,H1,427,2025-04-08,2025-04-09,87449.0,0.0233278825372502,0.00040916639514007195,89489.0,87484.7811920886,0.0,87449.0,2004.2188079113985,4016893.0299857873,Up,Up,2884
Ridge,H2,427,2025-04-08,2025-04-10,87449.0,0.0479936877494311,0.0008132260602317658,91646.0,87520.11580574121,0.0,87449.0,4125.88419425879,17022920.384434503,Up,Up,2883
Ridge,H3,427,2025-04-08,2025-04-11,87449.0,0.066678864252307,0.0012249254752924423,93280.0,87556.11850788885,0.0,87449.0,5723.881492111148,32762819.335732542,Up,Up,2882
Ridge,H4,427,2025-04-08,2025-04-14,87449.0,0.0615901839929557,0.0016424845474030383,92835.0,87592.63363118585,0.0,87449.0,5242.366368814153,27482405.14487369,Up,Up,2881
Ridge,H5,427,2025-04-08,2025-04-15,87449.0,0.0642888998158925,0.002053910191821179,93071.0,87628.61239236456,0.0,87449.0,5442.387607635435,29619582.871743757,Up,Up,2880
Ridge,H6,427,2025-04-08,2025-04-16,87449.0,0.0882114146531121,0.002464298230098799,95163.0,87664.50041592392,0.0,87449.0,7498.499584076082,56227496.012389176,Up,Up,2879
Ridge,H7,427,2025-04-08,2025-04-17,87449.0,0.0838774600052603,0.002874128095657032,94784.0,87700.33962783711,0.0,87449.0,7083.660372162893,50178244.26815093,Up,Up,2878
Ridge,H1,428,2025-04-09,2025-04-10,89489.0,0.0241035211031523,0.0004171105296703806,91646.0,89526.32680418968,0.0,89489.0,2119.673195810319,4493014.457036732,Up,Up,2885
Ridge,H2,428,2025-04-09,2025-04-11,89489.0,0.0423627484942283,0.0008236075782829355,93280.0,89562.70381857298,0.0,89489.0,3717.296181427024,13818290.900451932,Up,Up,2884
Ridge,H3,428,2025-04-09,2025-04-14,89489.0,0.0373900702879683,0.0012306102577979896,92835.0,89599.12608136008,0.0,89489.0,3235.873918639918,10470880.017334059,Up,Up,2883
Ridge,H4,428,2025-04-09,2025-04-15,89489.0,0.040027265920951,0.0016408552322112445,93071.0,89635.83849387534,0.0,89489.0,3435.1615061246557,11800334.573160613,Up,Up,2882
Ridge,H5,428,2025-04-09,2025-04-16,89489.0,0.0634044407692566,0.002049835785816309,95163.0,89672.43775463692,0.0,89489.0,5490.562245363079,30146273.77020645,Up,Up,2881
Ridge,H6,428,2025-04-09,2025-04-17,89489.0,0.0591692833756103,0.0024599086958083005,94784.0,89709.13476927919,0.0,89489.0,5074.86523072081,25754257.109978985,Up,Up,2880
Ridge,H7,428,2025-04-09,2025-04-21,89489.0,0.0816971918336331,0.0028706286762567395,96800.0,89745.88968960954,0.0,89489.0,7054.110310390461,49760472.271157004,Up,Up,2879
Ridge,H1,429,2025-04-10,2025-04-11,91646.0,0.0178294742814744,0.00042531890109519206,93280.0,91684.97877600977,0.0,91646.0,1595.021223990232,2544092.704979298,Up,Up,2886
Ridge,H2,429,2025-04-10,2025-04-14,91646.0,0.012973834100779,0.0008399594919553922,92835.0,91722.97892759975,0.0,91646.0,1112.0210724002536,1236590.86546221,Up,Up,2885
Ridge,H3,429,2025-04-10,2025-04-15,91646.0,0.0155489601291927,0.0012494637268340063,93071.0,91760.50835270944,0.0,91646.0,1310.4916472905606,1717388.3576183273,Up,Up,2884
Ridge,H4,429,2025-04-10,2025-04-16,91646.0,0.0383759247539445,0.0016549053683358893,95163.0,91797.66545738651,0.0,91646.0,3365.334542613491,11325476.583707554,Up,Up,2883
Ridge,H5,429,2025-04-10,2025-04-17,91646.0,0.0342404469371275,0.0020564047268546337,94784.0,91834.4612675973,0.0,91646.0,2949.538732402696,8699778.733943703,Up,Up,2882
Ridge,H6,429,2025-04-10,2025-04-21,91646.0,0.0562381336883224,0.0024639802635782393,96800.0,91871.81393523588,0.0,91646.0,4928.186064764115,24287017.888935216,Up,Up,2881
Ridge,H7,429,2025-04-10,2025-04-22,91646.0,0.059042402287061,0.002874383301451972,97057.0,91909.42573204487,0.0,91646.0,5147.574267955133,26497520.844113823,Up,Up,2880
Ridge,H1,430,2025-04-11,2025-04-14,93280.0,-0.0047705831903944,0.00043134738177013477,92835.0,93320.23608377151,0.0,93280.0,485.2360837715096,235454.05699391148,Down,Up,2887
Ridge,H2,430,2025-04-11,2025-04-15,93280.0,-0.0022405660377358,0.0008543471072730626,93071.0,93359.69349816642,0.0,93280.0,288.6934981664235,83343.93588356678,Down,Up,2886
Ridge,H3,430,2025-04-11,2025-04-16,93280.0,0.0201865351629502,0.0012721427111088784,95163.0,93398.66547209224,0.0,93280.0,1764.334527907762,3112876.326367506,Up,Up,2885
Ridge,H4,430,2025-04-11,2025-04-17,93280.0,0.0161234991423671,0.0016801359059895992,94784.0,93436.72307731071,0.0,93280.0,1347.2769226892851,1815155.10641111,Up,Up,2884
Ridge,H5,430,2025-04-11,2025-04-21,93280.0,0.0377358490566037,0.002076754187041345,96800.0,93473.71963056723,0.0,93280.0,3326.280369432774,11064141.096073832,Up,Up,2883
Ridge,H6,430,2025-04-11,2025-04-22,93280.0,0.0404909948542024,0.0024767203081047886,97057.0,93511.02847034002,0.0,93280.0,3545.971529659975,12573914.089159105,Up,Up,2882
Ridge,H7,430,2025-04-11,2025-04-23,93280.0,0.0134005145797597,0.0028845860510860093,94530.0,93549.0741868453,0.0,93280.0,980.9258131546958,962215.4509132012,Up,Up,2881
Ridge,H1,431,2025-04-14,2025-04-15,92835.0,0.0025421446652662,0.0004295466589430109,93071.0,92874.87696408297,0.0,92835.0,196.12303591702948,38464.24521731244,Up,Up,2888
Ridge,H2,431,2025-04-14,2025-04-16,92835.0,0.0250767490709322,0.0008585455750504838,95163.0,92914.70307845982,0.0,92835.0,2248.2969215401827,5054839.047407063,Up,Up,2887
Ridge,H3,431,2025-04-14,2025-04-17,92835.0,0.0209942370873055,0.0012846582639093336,94784.0,92954.26124993003,0.0,92835.0,1829.7387500699697,3347943.893507615,Up,Up,2886
Ridge,H4,431,2025-04-14,2025-04-21,92835.0,0.0427101847363602,0.0017009028216928366,96800.0,92992.90331345185,0.0,92835.0,3807.096686548146,14493985.180725873,Up,Up,2885
Ridge,H5,431,2025-04-14,2025-04-22,92835.0,0.0454785371896375,0.0021000619011694414,97057.0,93029.95924659507,0.0,92835.0,4027.04075340493,16217057.229584146,Up,Up,2884
Ridge,H6,431,2025-04-14,2025-04-23,92835.0,0.0182582000323154,0.0024951691865846555,94530.0,93066.63903143659,0.0,92835.0,1463.3609685634146,2141425.324314855,Up,Up,2883
Ridge,H7,431,2025-04-14,2025-04-24,92835.0,0.0320137879032691,0.002895460648710425,95807.0,93103.80008932303,0.0,92835.0,2703.1999106769654,7307289.757083953,Up,Up,2882
Ridge,H1,432,2025-04-15,2025-04-16,93071.0,0.0224774634418885,0.00043027771441308675,95163.0,93111.04637715814,0.0,93071.0,2051.9536228418583,4210513.670293828,Up,Up,2889
Ridge,H2,432,2025-04-15,2025-04-17,93071.0,0.0184053034779898,0.0008574723517447455,94784.0,93150.80580924923,0.0,93071.0,1633.1941907507717,2667323.264702068,Up,Up,2888
Ridge,H3,432,2025-04-15,2025-04-21,93071.0,0.0400661860300199,0.001289599245286646,96800.0,93191.02429135807,0.0,93071.0,3608.9757086419268,13024705.665567497,Up,Up,2887
Ridge,H4,432,2025-04-15,2025-04-22,93071.0,0.0428275187759881,0.0017141827524436324,97057.0,93230.54070295268,0.0,93071.0,3826.459297047317,14641790.751959845,Up,Up,2886
Ridge,H5,432,2025-04-15,2025-04-23,93071.0,0.0156762041882003,0.002121617863631476,94530.0,93268.46109618605,0.0,93071.0,1261.5389038139547,1591480.4058361144,Up,Up,2885
Ridge,H6,432,2025-04-15,2025-04-24,93071.0,0.029396912034898,0.0025192737602869365,95807.0,93305.47132814367,0.0,93071.0,2501.5286718563293,6257645.696119291,Up,Up,2884
Ridge,H7,432,2025-04-15,2025-04-25,93071.0,0.0214889707857441,0.0029146949105838555,95071.0,93342.27357002295,0.0,93071.0,1728.7264299770468,2988495.0697011854,Up,Up,2883
Ridge,H1,433,2025-04-16,2025-04-17,95163.0,-0.0039826403118858,0.0004379058587938295,94784.0,95204.6724352404,0.0,95163.0,420.67243524039804,176965.2977710869,Down,Up,2890
Ridge,H2,433,2025-04-16,2025-04-21,95163.0,0.0172020638273278,0.0008658549800692994,96800.0,95245.39735746833,0.0,95163.0,1554.6026425316668,2416789.3761664415,Up,Up,2889
Ridge,H3,433,2025-04-16,2025-04-22,95163.0,0.0199026932736463,0.0012961419078560646,97057.0,95286.3447523773,0.0,95163.0,1770.6552476226934,3135220.0059337816,Up,Up,2888
Ridge,H4,433,2025-04-16,2025-04-23,95163.0,-0.0066517449008542,0.0017268810931621668,94530.0,95327.33518546859,0.0,95163.0,797.3351854685898,635743.3979862304,Down,Up,2887
Ridge,H5,433,2025-04-16,2025-04-24,95163.0,0.0067673360444711,0.0021428520353553616,95807.0,95366.92022824053,0.0,95163.0,440.0797717594687,193670.20551186608,Up,Up,2886
Ridge,H6,433,2025-04-16,2025-04-25,95163.0,-0.0009667622920672,0.0025489764154861655,95071.0,95405.56824262692,0.0,95163.0,334.5682426269195,111935.90897446529,Down,Up,2885
Ridge,H7,433,2025-04-16,2025-04-28,95163.0,0.0104662526402068,0.0029470091738256063,96159.0,95443.44623400876,0.0,95163.0,715.553765991237,512017.19202424196,Up,Up,2884
Ridge,H1,434,2025-04-17,2025-04-21,94784.0,0.0212694125590817,0.00043637726049482065,96800.0,94825.36158225873,0.0,94784.0,1974.6384177412692,3899196.880819743,Up,Up,2891
Ridge,H2,434,2025-04-17,2025-04-22,94784.0,0.0239808406482107,0.0008719246438524755,97057.0,94866.6445054429,0.0,94784.0,2190.355494557094,4797657.192536452,Up,Up,2890
Ridge,H3,434,2025-04-17,2025-04-23,94784.0,-0.0026797771775827,0.0013029608906838387,94530.0,94907.49984506257,0.0,94784.0,377.4998450625717,142506.13302226563,Down,Up,2889
Ridge,H4,434,2025-04-17,2025-04-24,94784.0,0.0107929608372721,0.0017318667709670884,95807.0,94948.15326001935,0.0,94784.0,858.8467399806541,737617.7227753972,Up,Up,2888
Ridge,H5,434,2025-04-17,2025-04-25,94784.0,0.0030279372045916,0.0021539707863943852,95071.0,94988.16196701762,0.0,94784.0,82.8380329823849,6862.139708390689,Up,Up,2887
Ridge,H6,434,2025-04-17,2025-04-28,94784.0,0.0145066677920324,0.002568596555168537,96159.0,95027.46185588509,0.0,94784.0,1131.5381441149075,1280378.5715870091,Up,Up,2886
Ridge,H7,434,2025-04-17,2025-04-29,94784.0,0.0081764854827819,0.002975063001918008,95559.0,95065.9883715738,0.0,94784.0,493.01162842620397,243060.4657634574,Up,Up,2885
Ridge,H1,435,2025-04-21,2025-04-22,96800.0,0.002654958677686,0.00044358082375954214,97057.0,96842.93862373992,0.0,96800.0,214.06137626008422,45822.27280636135,Up,Up,2892
Ridge,H2,435,2025-04-21,2025-04-23,96800.0,-0.0234504132231404,0.0008775735453503482,94530.0,96884.94911918991,0.0,96800.0,2354.949119189914,5545785.353973352,Down,Up,2891
Ridge,H3,435,2025-04-21,2025-04-24,96800.0,-0.0102582644628098,0.0013163744413834109,95807.0,96927.4250459259,0.0,96800.0,1120.4250459259056,1255352.2835380677,Down,Up,2890
Ridge,H4,435,2025-04-21,2025-04-25,96800.0,-0.0178615702479338,0.001746051442651005,95071.0,96969.01777964862,0.0,96800.0,1898.0177796486241,3602471.491862293,Down,Up,2889
Ridge,H5,435,2025-04-21,2025-04-28,96800.0,-0.0066219008264463,0.0021662917471423375,96159.0,97009.69704112338,0.0,96800.0,850.6970411233779,723685.45577607,Down,Up,2888
Ridge,H6,435,2025-04-21,2025-04-29,96800.0,-0.0128202479338842,0.002587187497236188,95559.0,97050.43974973247,0.0,96800.0,1491.439749732468,2224392.527082047,Down,Up,2887
Ridge,H7,435,2025-04-21,2025-04-30,96800.0,-0.0215082644628099,0.0030023405062365918,94718.0,97090.6265610037,0.0,96800.0,2372.6265610036935,5629356.797980214,Down,Up,2886
Ridge,H1,436,2025-04-22,2025-04-23,97057.0,-0.0260362467416054,0.0004443451408984783,94530.0,97100.12680634018,0.0,97057.0,2570.1268063401803,6605551.800668375,Down,Up,2893
Ridge,H2,436,2025-04-22,2025-04-24,97057.0,-0.0128790298484395,0.0008855618129341438,95807.0,97142.94997287795,0.0,97057.0,1335.9499728779483,1784762.3300325908,Down,Up,2892
Ridge,H3,436,2025-04-22,2025-04-25,97057.0,-0.0204622026232007,0.0013228027701112253,95071.0,97185.3872684587,0.0,97057.0,2114.387268458697,4470633.521020229,Down,Up,2891
Ridge,H4,436,2025-04-22,2025-04-28,97057.0,-0.0092522950431189,0.0017602663822467609,96159.0,97227.84617426172,0.0,97057.0,1068.846174261722,1142432.1442339192,Down,Up,2890
Ridge,H5,436,2025-04-22,2025-04-29,97057.0,-0.0154342293703699,0.002181284562293952,95559.0,97268.70893576257,0.0,97057.0,1709.7089357625664,2923104.6450263676,Down,Up,2889
Ridge,H6,436,2025-04-22,2025-04-30,97057.0,-0.0240992406524001,0.0026003124541491116,94718.0,97309.37852586235,0.0,97057.0,2591.378525862354,6715242.664300546,Down,Up,2888
Ridge,H7,436,2025-04-22,2025-05-01,97057.0,-0.0481675716331639,0.0030217527508165547,92382.0,97350.282256736,0.0,97057.0,4968.282256735998,24683828.582597744,Down,Up,2887
Ridge,H1,437,2025-04-23,2025-04-24,94530.0,0.0135089389611764,0.00043519524345919235,95807.0,94571.13900636419,0.0,94530.0,1235.8609936358116,1527352.3955904956,Up,Up,2894
Ridge,H2,437,2025-04-23,2025-04-25,94530.0,0.0057230508833174,0.0008771494737082947,95071.0,94612.91693974964,0.0,94530.0,458.08306025035563,209840.09008833094,Up,Up,2893
Ridge,H3,437,2025-04-23,2025-04-28,94530.0,0.0172326245636305,0.0013214185452992905,96159.0,94654.91369508713,0.0,94530.0,1504.0863049128675,2262275.6126264436,Up,Up,2892
Ridge,H4,437,2025-04-23,2025-04-29,94530.0,0.0108854331958108,0.0017573566482617666,95559.0,94696.1229239602,0.0,94530.0,862.8770760398038,744556.8483550013,Up,Up,2891
Ridge,H5,437,2025-04-23,2025-04-30,94530.0,0.0019887866285834,0.0021859537084854682,94718.0,94736.63820406313,0.0,94530.0,18.638204063128796,347.3826506988308,Up,Up,2890
Ridge,H6,437,2025-04-23,2025-05-01,94530.0,-0.0227229450967946,0.002605731894952826,92382.0,94776.31983602988,0.0,94530.0,2394.3198360298848,5732767.477206174,Down,Up,2889
Ridge,H7,437,2025-04-23,2025-05-02,94530.0,-0.0194435628900877,0.003025346456415823,92692.0,94815.986000525,0.0,94530.0,2123.986000524994,4511316.5304261595,Down,Up,2888
Ridge,H1,438,2025-04-24,2025-04-25,95807.0,-0.0076821109104763,0.0004397106443481696,95071.0,95849.12735770307,0.0,95807.0,778.1273577030661,605482.1848059554,Down,Up,2895
Ridge,H2,438,2025-04-24,2025-04-28,95807.0,0.0036740530441408,0.0008723958600666368,96159.0,95890.58163016541,0.0,95807.0,268.4183698345878,72048.42126465755,Up,Up,2894
Ridge,H3,438,2025-04-24,2025-04-29,95807.0,-0.0025885373720082,0.001317416118644372,95559.0,95933.21768607896,0.0,95807.0,374.2176860789623,140038.87657429278,Down,Up,2893
Ridge,H4,438,2025-04-24,2025-04-30,95807.0,-0.0113666016053106,0.0017604808033381443,94718.0,95975.66638432542,0.0,95807.0,1257.666384325421,1581724.7342621775,Down,Up,2892
Ridge,H5,438,2025-04-24,2025-05-01,95807.0,-0.035748953625518,0.002187538297463816,92382.0,96016.58148166513,0.0,95807.0,3634.5814816651255,13210182.546863059,Down,Up,2891
Ridge,H6,438,2025-04-24,2025-05-02,95807.0,-0.0325132819105076,0.0026150024977105836,92692.0,96057.53554429815,0.0,95807.0,3365.5355442981527,11326829.499934264,Down,Up,2890
Ridge,H7,438,2025-04-24,2025-05-05,95807.0,-0.0118989217906833,0.0030353799724992963,94667.0,96097.81064902524,0.0,95807.0,1430.8106490252394,2047219.1133640269,Down,Up,2889
Ridge,H1,439,2025-04-25,2025-04-28,95071.0,0.0114440786359668,0.0004369068021486976,96159.0,95112.53716658709,0.0,95071.0,1046.4628334129084,1095084.4617145725,Up,Up,2896
Ridge,H2,439,2025-04-25,2025-04-29,95071.0,0.0051330058587792,0.0008740726064461175,95559.0,95154.09895676743,0.0,95071.0,404.901043232574,163944.85481082677,Up,Up,2895
Ridge,H3,439,2025-04-25,2025-04-30,95071.0,-0.003713014483912,0.001309890672439976,94718.0,95195.53261611954,0.0,95071.0,477.53261611954076,228037.39945797267,Down,Up,2894
Ridge,H4,439,2025-04-25,2025-05-01,95071.0,-0.028284124496429,0.0017536990349304742,92382.0,95237.72592094987,0.0,95071.0,2855.7259209498734,8155170.535585003,Down,Up,2893
Ridge,H5,439,2025-04-25,2025-05-02,95071.0,-0.0250234035615487,0.002187830142704154,92692.0,95278.99919949702,0.0,95071.0,2586.9991994970187,6692564.858198215,Down,Up,2892
Ridge,H6,439,2025-04-25,2025-05-05,95071.0,-0.0042494556699729,0.0026137639720497595,94667.0,95319.49315458674,0.0,95071.0,652.4931545867439,425747.3167825605,Down,Up,2891
Ridge,H7,439,2025-04-25,2025-05-06,95071.0,0.0251285881078351,0.003041766332240522,97460.0,95360.18376697245,0.0,95071.0,2099.816233027552,4409228.2124860175,Up,Up,2890
Ridge,H1,440,2025-04-28,2025-04-29,96159.0,-0.0062396655539262,0.00044070632227006477,95559.0,96201.37787924315,0.0,96159.0,642.3778792431549,412649.33974093327,Down,Up,2897
Ridge,H2,440,2025-04-28,2025-04-30,96159.0,-0.014985596772013,0.0008750391209965253,94718.0,96243.1428868359,0.0,96159.0,1525.1428868359071,2326060.8252661647,Down,Up,2896
Ridge,H3,440,2025-04-28,2025-05-01,96159.0,-0.039278694661966,0.0013153912037937561,92382.0,96285.4867027656,0.0,96159.0,3903.4867027656,15237208.438667856,Down,Up,2895
Ridge,H4,440,2025-04-28,2025-05-02,96159.0,-0.0360548674591042,0.0017498963803500673,92692.0,96327.26828603809,0.0,96159.0,3635.2682860380883,13215175.5114743,Down,Up,2894
Ridge,H5,440,2025-04-28,2025-05-05,96159.0,-0.0155159683440967,0.0021847844655938334,94667.0,96369.08668942703,0.0,96159.0,1702.0866894270293,2897099.098324665,Down,Up,2893
Ridge,H6,440,2025-04-28,2025-05-06,96159.0,0.0135296748094302,0.002617876655821976,97460.0,96410.7324013472,0.0,96159.0,1049.2675986528047,1100962.4935826233,Up,Up,2892
Ridge,H7,440,2025-04-28,2025-05-07,96159.0,0.0094218949864286,0.003044334735793671,97065.0,96451.74018385918,0.0,96159.0,613.2598161408241,376087.6020930774,Up,Up,2891
Ridge,H1,441,2025-04-29,2025-04-30,95559.0,-0.0088008455509162,0.0004384015486666166,94718.0,95600.89321358904,0.0,95559.0,882.8932135890354,779500.4266015742,Down,Up,2898
Ridge,H2,441,2025-04-29,2025-05-01,95559.0,-0.033246475999121,0.0008765099126194661,92382.0,95642.75841074002,0.0,95559.0,3260.758410740018,10632545.413211768,Down,Up,2897
Ridge,H3,441,2025-04-29,2025-05-02,95559.0,-0.0300024068899842,0.001314043894659055,92692.0,95684.56872052973,0.0,95559.0,2992.568720529729,8955467.547092939,Down,Up,2896
Ridge,H4,441,2025-04-29,2025-05-05,95559.0,-0.0093345472430644,0.0017530523014932622,94667.0,95726.51992487839,0.0,95559.0,1059.5199248783902,1122582.4712143096,Down,Up,2895
Ridge,H5,441,2025-04-29,2025-05-06,95559.0,0.0198934689563514,0.0021786971307439906,97460.0,95767.19411911677,0.0,95559.0,1692.8058808832284,2865591.7503528427,Up,Up,2894
Ridge,H6,441,2025-04-29,2025-05-07,95559.0,0.0157598970269676,0.0026125407549859995,97065.0,95808.6517820057,0.0,95559.0,1256.3482179942948,1578410.84485744,Up,Up,2893
Ridge,H7,441,2025-04-29,2025-05-08,95559.0,0.0062160550026684,0.0030461093554870035,96153.0,95850.08316390098,0.0,95559.0,302.9168360990152,91758.60959223764,Up,Up,2892
Ridge,H1,442,2025-04-30,2025-05-01,94718.0,-0.024662682911379,0.0004352138441123603,92382.0,94759.22258488664,0.0,94718.0,2377.2225848866365,5651187.218095101,Down,Up,2899
Ridge,H2,442,2025-04-30,2025-05-02,94718.0,-0.0213898097510505,0.0008710349097986523,92692.0,94800.50268458632,0.0,94718.0,2108.5026845863176,4445783.570907708,Down,Up,2898
Ridge,H3,442,2025-04-30,2025-05-05,94718.0,-0.0005384404231508,0.001312306831206124,94667.0,94842.29907843818,0.0,94718.0,175.29907843818364,30729.76690127646,Down,Up,2897
Ridge,H4,442,2025-04-30,2025-05-06,94718.0,0.0289490909858738,0.0017485209019877611,97460.0,94883.61640279449,0.0,94718.0,2576.3835972055094,6637752.439949601,Up,Up,2896
Ridge,H5,442,2025-04-30,2025-05-07,94718.0,0.0247788171202938,0.002178630561637162,97065.0,94924.35552953715,0.0,94718.0,2140.644470462852,4582358.748923184,Up,Up,2895
Ridge,H6,442,2025-04-30,2025-05-08,94718.0,0.0151502354357144,0.002603309663195839,96153.0,94964.58028467858,0.0,94718.0,1188.419715321419,1412341.4197646428,Up,Up,2894
Ridge,H7,442,2025-04-30,2025-05-09,94718.0,0.0187081652906522,0.0030376214930833948,96490.0,95005.71743258188,0.0,94718.0,1484.2825674181222,2203094.7399413325,Up,Up,2893
Ridge,H1,443,2025-05-01,2025-05-02,92382.0,0.0033556320495333,0.0004265595882213251,92692.0,92421.40642787906,0.0,92382.0,270.5935721209389,73220.88127316977,Up,Up,2900
Ridge,H2,443,2025-05-01,2025-05-05,92382.0,0.024734255590916,0.000859265800302639,94667.0,92461.38069316355,0.0,92382.0,2205.619306836452,4864756.52668971,Up,Up,2899
Ridge,H3,443,2025-05-01,2025-05-06,92382.0,0.054967417895261,0.0012983003316602224,97460.0,92501.93958123944,0.0,92382.0,4958.060418760564,24582363.11608018,Up,Up,2898
Ridge,H4,443,2025-05-01,2025-05-07,92382.0,0.0506916931869845,0.0017381540499935423,97065.0,92542.57414744649,0.0,92382.0,4522.4258525535115,20452335.591844354,Up,Up,2897
Ridge,H5,443,2025-05-01,2025-05-08,92382.0,0.0408196401896472,0.0021655336122989198,96153.0,92582.0563261714,0.0,92382.0,3570.943673828602,12751638.721656514,Up,Up,2896
Ridge,H6,443,2025-05-01,2025-05-09,92382.0,0.0444675369660756,0.00259456080169004,96490.0,92621.69071598172,0.0,92382.0,3868.30928401828,14963816.716822017,Up,Up,2895
Ridge,H7,443,2025-05-01,2025-05-12,92382.0,0.0061267346452771,0.00301992728059496,92948.0,92660.98692203591,0.0,92382.0,287.01307796408946,82376.50692242049,Up,Up,2894
Ridge,H1,444,2025-05-02,2025-05-05,92692.0,0.0213071246709533,0.0004275681392258262,94667.0,92731.63214596112,0.0,92692.0,1935.3678540388792,3745648.7304470562,Up,Up,2901
Ridge,H2,444,2025-05-02,2025-05-06,92692.0,0.0514391749018254,0.0008515929153866724,97460.0,92770.93585051302,0.0,92692.0,4689.064149486978,21987322.598004036,Up,Up,2900
Ridge,H3,444,2025-05-02,2025-05-07,92692.0,0.0471777499676346,0.001287501960308062,97065.0,92811.34113170487,0.0,92692.0,4253.658868295126,18093613.76782577,Up,Up,2899
Ridge,H4,444,2025-05-02,2025-05-08,92692.0,0.0373387131575539,0.0017251115207524723,96153.0,92851.90403708158,0.0,92692.0,3301.0959629184217,10897234.556396302,Up,Up,2898
Ridge,H5,444,2025-05-02,2025-05-09,92692.0,0.0409744098735598,0.0021561473098646675,96490.0,92891.85760644596,0.0,92692.0,3598.142393554037,12946628.684290774,Up,Up,2897
Ridge,H6,444,2025-05-02,2025-05-12,92692.0,0.0027618348940576,0.002582437230287036,92948.0,92931.37127174975,0.0,92692.0,16.62872825024533,276.5146032205071,Up,Up,2896
Ridge,H7,444,2025-05-02,2025-05-13,92692.0,0.0104323997756008,0.003012166910846205,93659.0,92971.20377530016,0.0,92692.0,687.7962246998359,473063.6467113471,Up,Up,2895
Ridge,H1,445,2025-05-05,2025-05-06,94667.0,0.0295034172414885,0.00043476365939267453,97460.0,94708.15777134373,0.0,94667.0,2751.842228656271,7572635.6514159115,Up,Up,2902
Ridge,H2,445,2025-05-05,2025-05-07,94667.0,0.0253308967221945,0.0008598263675031138,97065.0,94748.39718273241,0.0,94667.0,2316.602817267587,5366648.612972121,Up,Up,2901
Ridge,H3,445,2025-05-05,2025-05-08,94667.0,0.0156971278270146,0.001286873369757109,96153.0,94788.8244412948,0.0,94667.0,1364.175558705203,1860974.9549686527,Up,Up,2900
Ridge,H4,445,2025-05-05,2025-05-09,94667.0,0.019256974447273,0.0017212976643109004,96490.0,94829.95008598731,0.0,94667.0,1660.0499140126922,2755765.7170135467,Up,Up,2899
Ridge,H5,445,2025-05-05,2025-05-12,94667.0,-0.0181583867662438,0.002150050063731284,92948.0,94870.53878938325,0.0,94667.0,1922.5387893832522,3696155.3966832208,Down,Up,2898
Ridge,H6,445,2025-05-05,2025-05-13,94667.0,-0.0106478498315146,0.0025800792920121682,93659.0,94911.2483663369,0.0,94667.0,1252.2483663369057,1568125.9709934492,Down,Up,2897
Ridge,H7,445,2025-05-05,2025-05-14,94667.0,-0.0249506163710691,0.0030070183698612846,92305.0,94951.66540801967,0.0,94667.0,2646.665408019675,7004837.782007952,Down,Up,2896
Ridge,H1,446,2025-05-06,2025-05-07,97460.0,-0.0040529447978657,0.0004447773187368433,97065.0,97503.34799748409,0.0,97460.0,438.3479974840884,192148.96689831038,Down,Up,2903
Ridge,H2,446,2025-05-06,2025-05-08,97460.0,-0.0134106300020521,0.0008772563382886173,96153.0,97545.49740272961,0.0,97460.0,1392.497402729612,1939049.0166087155,Down,Up,2902
Ridge,H3,446,2025-05-06,2025-05-09,97460.0,-0.0099528011491893,0.0013053780506094104,96490.0,97587.22214481239,0.0,97460.0,1097.2221448123892,1203896.4350666995,Down,Up,2901
Ridge,H4,446,2025-05-06,2025-05-12,97460.0,-0.0462959162733429,0.0017306866941085835,92948.0,97628.67272520781,0.0,97460.0,4680.672725207813,21908697.16050433,Down,Up,2900
Ridge,H5,446,2025-05-06,2025-05-13,97460.0,-0.0390006156371844,0.002156170594649981,93659.0,97670.14038615458,0.0,97460.0,4011.140386154584,16089247.197440347,Down,Up,2899
Ridge,H6,446,2025-05-06,2025-05-14,97460.0,-0.0528934947670839,0.0025838578827117073,92305.0,97711.82278924908,0.0,97460.0,5406.822789249083,29233732.674343236,Down,Up,2898
Ridge,H7,446,2025-05-06,2025-05-15,97460.0,-0.0441719679868664,0.0030146545313837108,93155.0,97753.80823062865,0.0,97460.0,4598.808230628652,21149037.14209784,Down,Up,2897
Ridge,H1,447,2025-05-07,2025-05-08,97065.0,-0.0093957657239993,0.00044322928660035674,96153.0,97108.02205070386,0.0,97065.0,955.0220507038612,912067.1173306084,Down,Up,2904
Ridge,H2,447,2025-05-07,2025-05-09,97065.0,-0.0059238654509864,0.0008856806332796256,96490.0,97150.96859066928,0.0,97065.0,660.9685906692757,436879.47785132856,Down,Up,2903
Ridge,H3,447,2025-05-07,2025-05-12,97065.0,-0.0424148766290629,0.0013211863303116368,92948.0,97193.24095115169,0.0,97065.0,4245.240951151689,18022070.733335298,Down,Up,2902
Ridge,H4,447,2025-05-07,2025-05-13,97065.0,-0.0350898882192345,0.0017475649574095905,93659.0,97234.62739259098,0.0,97065.0,3575.6273925909773,12785111.25064695,Down,Up,2901
Ridge,H5,447,2025-05-07,2025-05-14,97065.0,-0.0490393035594705,0.0021639722864307057,92305.0,97275.04596998238,0.0,97065.0,4970.045969982384,24701356.943738136,Down,Up,2900
Ridge,H6,447,2025-05-07,2025-05-15,97065.0,-0.0402822850667078,0.002588403323295412,93155.0,97316.24336857567,0.0,97065.0,4161.24336857567,17315946.372514986,Down,Up,2899
Ridge,H7,447,2025-05-07,2025-05-16,97065.0,-0.0476175758512337,0.003016865720871844,92443.0,97357.83207119642,0.0,97065.0,4914.832071196419,24155574.28806088,Down,Up,2898
Ridge,H1,448,2025-05-08,2025-05-09,96153.0,0.0035048308425114,0.0004398414227367076,96490.0,96195.2920723204,0.0,96153.0,294.7079276795994,86852.76263720398,Up,Up,2905
Ridge,H2,448,2025-05-08,2025-05-12,96153.0,-0.0333322933241813,0.000880756277353176,92948.0,96237.68735833633,0.0,96153.0,3289.687358336334,10822042.915597888,Down,Up,2904
Ridge,H3,448,2025-05-08,2025-05-13,96153.0,-0.0259378282528885,0.0013261370890889242,93659.0,96280.51205952717,0.0,96153.0,2621.512059527173,6872325.478246399,Down,Up,2903
Ridge,H4,448,2025-05-08,2025-05-14,96153.0,-0.0400195521720591,0.0017598282116346095,92305.0,96322.2127620333,0.0,96153.0,4017.212762033305,16137998.375443254,Down,Up,2902
Ridge,H5,448,2025-05-08,2025-05-15,96153.0,-0.0311794743793745,0.0021772963724939675,93155.0,96362.35357810442,0.0,96153.0,3207.3535781044193,10287116.974979222,Down,Up,2901
Ridge,H6,448,2025-05-08,2025-05-16,96153.0,-0.0385843395421879,0.002592733994113076,92443.0,96402.29915173595,0.0,96153.0,3959.299151735948,15676049.772936996,Down,Up,2900
Ridge,H7,448,2025-05-08,2025-05-19,96153.0,-0.0295258598275665,0.0030179681732403246,93314.0,96443.18669376157,0.0,96153.0,3129.1866937615705,9791809.364414468,Down,Up,2899
Ridge,H1,449,2025-05-09,2025-05-12,96490.0,-0.0367084671986734,0.00044089626063017307,92948.0,96532.5420801882,0.0,96490.0,3584.542080188199,12848941.924639942,Down,Up,2906
Ridge,H2,449,2025-05-09,2025-05-13,96490.0,-0.0293398279614467,0.0008784140495758182,93659.0,96574.75817164358,0.0,96490.0,2915.7581716435816,8501645.715506323,Down,Up,2905
Ridge,H3,449,2025-05-09,2025-05-14,96490.0,-0.0433723701938024,0.0013222533081841054,92305.0,96617.58422170668,0.0,96490.0,4312.584221706682,18598382.669313427,Down,Up,2904
Ridge,H4,449,2025-05-09,2025-05-15,96490.0,-0.0345631671675821,0.0017658559736460435,93155.0,96660.3874428971,0.0,96490.0,3505.387442897103,12287741.12482069,Down,Up,2903
Ridge,H5,449,2025-05-09,2025-05-16,96490.0,-0.0419421701730748,0.0021906658260209006,92443.0,96701.37734555276,0.0,96490.0,4258.377345552755,18133777.61711693,Down,Up,2902
Ridge,H6,449,2025-05-09,2025-05-19,96490.0,-0.0329153280132655,0.0026071685511644244,93314.0,96741.56569350185,0.0,96490.0,3427.5656935018487,11748206.583270809,Down,Up,2901
Ridge,H7,449,2025-05-09,2025-05-20,96490.0,-0.0179189553321588,0.00302337848583608,94761.0,96781.72579009831,0.0,96490.0,2020.7257900983095,4083332.7187684374,Down,Up,2900
Ridge,H1,450,2025-05-12,2025-05-13,92948.0,0.007649438395662,0.00042811663339840185,93659.0,92987.79258484111,0.0,92948.0,671.2074151588895,450519.3941642778,Up,Up,2907
Ridge,H2,450,2025-05-12,2025-05-14,92948.0,-0.0069178465378491,0.0008666405383993566,92305.0,93028.55250476315,0.0,92948.0,723.5525047631527,523528.2271490321,Down,Up,2906
Ridge,H3,450,2025-05-12,2025-05-15,92948.0,0.002227051684813,0.0013071962819391093,93155.0,93069.50128001368,0.0,92948.0,85.49871998632443,7310.0311192999125,Up,Up,2905
Ridge,H4,450,2025-05-12,2025-05-16,92948.0,-0.0054331454146404,0.0017493046489360131,92443.0,93110.59436850931,0.0,92948.0,667.594368509308,445682.2408653417,Down,Up,2904
Ridge,H5,450,2025-05-12,2025-05-19,92948.0,0.0039376855876402,0.002183655338084789,93314.0,93150.9663963643,0.0,92948.0,163.0336036357039,26579.955914443806,Up,Up,2903
Ridge,H6,450,2025-05-12,2025-05-20,92948.0,0.0195055299737487,0.0026072216564180153,94761.0,93190.33603852073,0.0,92948.0,1570.6639614792657,2466985.27988974,Up,Up,2902
Ridge,H7,450,2025-05-12,2025-05-21,92948.0,0.0271657270732021,0.0030244489069552317,95473.0,93229.11647700368,0.0,92948.0,2243.883522996315,5035013.264774355,Up,Up,2901
Ridge,H1,451,2025-05-13,2025-05-14,93659.0,-0.0144566993027899,0.0004305991017753382,92305.0,93699.32948127316,0.0,93659.0,1394.329481273162,1944154.7023474849,Down,Up,2908
Ridge,H2,451,2025-05-13,2025-05-15,93659.0,-0.0053812233741551,0.0008562490947667863,93155.0,93739.19543396676,0.0,93659.0,584.1954339667573,341284.30506760784,Down,Up,2907
Ridge,H3,451,2025-05-13,2025-05-16,93659.0,-0.0129832690931998,0.0012978206295529609,92443.0,93780.5525823433,0.0,93659.0,1337.5525823432981,1789046.9105332254,Down,Up,2906
Ridge,H4,451,2025-05-13,2025-05-19,93659.0,-0.0036835755239752,0.001736622408376726,93314.0,93821.65031814616,0.0,93659.0,507.6503181461594,257708.84551389687,Down,Up,2905
Ridge,H5,451,2025-05-13,2025-05-20,93659.0,0.0117660876157124,0.0021694723344415083,94761.0,93862.19060937145,0.0,93659.0,898.8093906285503,807858.3206820659,Up,Up,2904
Ridge,H6,451,2025-05-13,2025-05-21,93659.0,0.0193681333347568,0.00260265573041723,95473.0,93902.76213305515,0.0,93659.0,1570.2378669448517,2465646.9587875176,Up,Up,2903
Ridge,H7,451,2025-05-13,2025-05-22,93659.0,0.0192400089687057,0.0030270009155349393,95461.0,93942.50587874808,0.0,93659.0,1518.4941212519188,2305824.396276637,Up,Up,2902
Ridge,H1,452,2025-05-14,2025-05-15,92305.0,0.0092086019175559,0.00042548206677434157,93155.0,92344.2741221736,0.0,92305.0,810.7258778263931,657276.4489773758,Up,Up,2909
Ridge,H2,452,2025-05-14,2025-05-16,92305.0,0.0014950436054383,0.0008535766135108041,92443.0,92383.7893893101,0.0,92305.0,59.21061068990093,3505.8964182710106,Up,Up,2908
Ridge,H3,452,2025-05-14,2025-05-19,92305.0,0.0109311521586046,0.0012824544297140611,93314.0,92423.37695613476,0.0,92305.0,890.6230438652419,793209.4062637887,Up,Up,2907
Ridge,H4,452,2025-05-14,2025-05-20,92305.0,0.0266074427170792,0.0017222539668913137,94761.0,92463.9726524139,0.0,92305.0,2297.027347586103,5276334.635558448,Up,Up,2906
Ridge,H5,452,2025-05-14,2025-05-21,92305.0,0.0343210010291967,0.002151845756781674,95473.0,92503.62612257974,0.0,92305.0,2969.3738774202648,8817181.223905858,Up,Up,2905
Ridge,H6,452,2025-05-14,2025-05-22,92305.0,0.0341909972374194,0.0025835456947925807,95461.0,92543.47418535785,0.0,92305.0,2917.5258146421547,8511956.879103368,Up,Up,2904
Ridge,H7,452,2025-05-14,2025-05-23,92305.0,0.0423054005741834,0.003017364010769419,96210.0,92583.51778501406,0.0,92305.0,3626.482214985939,13151373.255609324,Up,Up,2903
Ridge,H1,453,2025-05-15,2025-05-16,93155.0,-0.0076431753529064,0.0004285002476913074,92443.0,93194.91694057369,0.0,93155.0,751.9169405736902,565379.0855216983,Down,Up,2910
Ridge,H2,453,2025-05-15,2025-05-19,93155.0,0.0017068326981912,0.0008514328776480094,93314.0,93234.31522971731,0.0,93155.0,79.68477028269263,6349.6626150054935,Up,Up,2909
Ridge,H3,453,2025-05-15,2025-05-20,93155.0,0.0172400837314152,0.0012827790606024056,94761.0,93274.49728339042,0.0,93155.0,1486.5027166095824,2209690.3264876683,Up,Up,2908
Ridge,H4,453,2025-05-15,2025-05-21,93155.0,0.0248832590843217,0.0017097718035037688,95473.0,93314.2737923554,0.0,93155.0,2158.726207644606,4660098.839571662,Up,Up,2907
Ridge,H5,453,2025-05-15,2025-05-22,93155.0,0.024754441522194,0.0021403750847936586,95461.0,93354.38664102396,0.0,93155.0,2106.613358976043,4437819.844216326,Up,Up,2906
Ridge,H6,453,2025-05-15,2025-05-23,93155.0,0.0327948043583274,0.0025687891951553703,96210.0,93394.2955574747,0.0,93155.0,2815.704442525297,7928191.507656693,Up,Up,2905
Ridge,H7,453,2025-05-15,2025-05-26,93155.0,0.0285438248081155,0.0030011137942221803,95814.0,93434.56875550076,0.0,93155.0,2379.4312444992393,5661693.047299199,Up,Up,2904
Ridge,H1,454,2025-05-16,2025-05-19,92443.0,0.0094220222190972,0.00042572778474045706,93314.0,92482.35555360475,0.0,92443.0,831.6444463952503,691632.4852200623,Up,Up,2911
Ridge,H2,454,2025-05-16,2025-05-20,92443.0,0.025074911026254,0.0008516542724986381,94761.0,92521.72947591258,0.0,92443.0,2239.27052408742,5014332.480046749,Up,Up,2910
Ridge,H3,454,2025-05-16,2025-05-21,92443.0,0.0327769544476055,0.0012778752390297957,95473.0,92561.13062072164,0.0,92443.0,2911.8693792783597,8478983.28197894,Up,Up,2909
Ridge,H4,454,2025-05-16,2025-05-22,92443.0,0.0326471447270209,0.0017073151604275762,95461.0,92600.82933537541,0.0,92443.0,2860.1706646245875,8180576.230779055,Up,Up,2908
Ridge,H5,454,2025-05-16,2025-05-23,92443.0,0.0407494347868415,0.002125210623299181,96210.0,92639.46084564965,0.0,92443.0,3570.53915435035,12748749.852748914,Up,Up,2907
Ridge,H6,454,2025-05-16,2025-05-26,92443.0,0.0364657140075506,0.002554627446139274,95814.0,92679.15742500345,0.0,92443.0,3134.8425749965536,9827237.970011022,Up,Up,2906
Ridge,H7,454,2025-05-16,2025-05-27,92443.0,0.028255249180576,0.0029836885981351442,95055.0,92718.8211250774,0.0,92443.0,2336.178874922596,5457731.735634607,Up,Up,2905
Ridge,H1,455,2025-05-19,2025-05-20,93314.0,0.0155067835480207,0.00042881700936320526,94761.0,93354.01463041171,0.0,93314.0,1406.985369588292,1979607.830235503,Up,Up,2912
Ridge,H2,455,2025-05-19,2025-05-21,93314.0,0.0231369355080695,0.0008519485546808048,95473.0,93393.49872743148,0.0,93314.0,2079.501272568523,4324325.542614106,Up,Up,2911
Ridge,H3,455,2025-05-19,2025-05-22,93314.0,0.0230083374413272,0.0012811924816903345,95461.0,93433.55319523644,0.0,93314.0,2027.44680476356,4110540.546145969,Up,Up,2910
Ridge,H4,455,2025-05-19,2025-05-23,93314.0,0.031035000107165,0.0017054623299311235,96210.0,93473.14351185519,0.0,93314.0,2736.856488144811,7490383.436700348,Up,Up,2909
Ridge,H5,455,2025-05-19,2025-05-26,93314.0,0.0267912639046659,0.002125834083508206,95814.0,93512.37008166849,0.0,93314.0,2301.629918331513,5297500.280958728,Up,Up,2908
Ridge,H6,455,2025-05-19,2025-05-27,93314.0,0.0186574361832094,0.0025424253287063964,95055.0,93551.2438771229,0.0,93314.0,1503.7561228770937,2261282.477090349,Up,Up,2907
Ridge,H7,455,2025-05-19,2025-05-28,93314.0,0.019964849861757,0.0029725005709812097,95177.0,93591.37591828055,0.0,93314.0,1585.6240817194484,2514203.728528644,Up,Up,2906
Ridge,H1,456,2025-05-20,2025-05-21,94761.0,0.0075136395774633,0.0004339934255114051,95473.0,94802.12565099487,0.0,94761.0,670.8743490051274,450072.39215305354,Up,Up,2913
Ridge,H2,456,2025-05-20,2025-05-22,94761.0,0.0073870052025621,0.0008602668020098882,95461.0,94842.51974242525,0.0,94761.0,618.4802575747453,382517.8290097233,Up,Up,2912
Ridge,H3,456,2025-05-20,2025-05-23,94761.0,0.0152911007693037,0.0012866751680448282,96210.0,94882.92662559911,0.0,94761.0,1327.0733744008903,1761123.7410437656,Up,Up,2911
Ridge,H4,456,2025-05-20,2025-05-26,94761.0,0.0111121663975686,0.0017140201232297622,95814.0,94923.42226089738,0.0,94761.0,890.5777391026204,793128.709385135,Up,Up,2910
Ridge,H5,456,2025-05-20,2025-05-27,94761.0,0.0031025421850761,0.002129147875559392,95055.0,94962.76018183588,0.0,94761.0,92.23981816411833,8508.184054949614,Up,Up,2909
Ridge,H6,456,2025-05-20,2025-05-28,94761.0,0.004389991663237,0.002548258308477775,95177.0,95002.47550556966,0.0,94761.0,174.5244944303413,30458.799156166227,Up,Up,2908
Ridge,H7,456,2025-05-20,2025-05-29,94761.0,0.0056352296830974,0.0029653135800308734,95295.0,95041.99608015732,0.0,94761.0,253.00391984268208,64010.983455762296,Up,Up,2907
Ridge,H1,457,2025-05-21,2025-05-22,95473.0,-0.0001256899856504,0.00043642306694017727,95461.0,95514.66661947,0.0,95473.0,53.66661946999375,2880.106045337112,Down,Up,2914
Ridge,H2,457,2025-05-21,2025-05-23,95473.0,0.0077194599520282,0.0008679148338109074,96210.0,95555.86243292842,0.0,95473.0,654.1375670715788,427895.95665432425,Up,Up,2913
Ridge,H3,457,2025-05-21,2025-05-26,95473.0,0.0035716904255653,0.0012974893546651711,95814.0,95596.87520115795,0.0,95473.0,217.12479884205095,47143.17827220109,Up,Up,2912
Ridge,H4,457,2025-05-21,2025-05-27,95473.0,-0.004378201166822,0.001721979436458776,95055.0,95637.40254273702,0.0,95473.0,582.4025427370216,339192.72178654827,Down,Up,2911
Ridge,H5,457,2025-05-21,2025-05-28,95473.0,-0.0031003529793763,0.0021402107219166532,95177.0,95677.33233825355,0.0,95473.0,500.33233825354546,250332.44870226024,Down,Up,2910
Ridge,H6,457,2025-05-21,2025-05-29,95473.0,-0.0018644014538141,0.0025540408398410878,95295.0,95716.84194110215,0.0,95473.0,421.84194110214594,177950.62327282637,Down,Up,2909
Ridge,H7,457,2025-05-21,2025-05-30,95473.0,-0.0079708399233291,0.002973636318382245,94712.0,95756.90198022491,0.0,95473.0,1044.9019802249095,1091820.1482779372,Down,Up,2908
Ridge,H1,458,2025-05-22,2025-05-23,95461.0,0.0078461361184147,0.0004362301250573642,96210.0,95502.6429639681,0.0,95461.0,707.357036031899,500353.97642383334,Up,Up,2915
Ridge,H2,458,2025-05-22,2025-05-26,95461.0,0.0036978451933249,0.0008701514015956886,95814.0,95544.06552294773,0.0,95461.0,269.934477052273,72864.62190148409,Up,Up,2914
Ridge,H3,458,2025-05-22,2025-05-27,95461.0,-0.0042530457464304,0.0013049424659197075,95055.0,95585.57111273917,0.0,95461.0,530.5711127391696,281505.70567328064,Down,Up,2913
Ridge,H4,458,2025-05-22,2025-05-28,95461.0,-0.0029750369260744,0.001732599550201307,95177.0,95626.39568566177,0.0,95461.0,449.3956856617733,201956.48229141536,Down,Up,2912
Ridge,H5,458,2025-05-22,2025-05-29,95461.0,-0.0017389300342548,0.0021479792206980696,95295.0,95666.04824438706,0.0,95461.0,371.0482443870569,137676.79966271712,Down,Up,2911
Ridge,H6,458,2025-05-22,2025-05-30,95461.0,-0.0078461361184148,0.002564912926999876,94712.0,95705.84915292433,0.0,95461.0,993.8491529243329,987736.138768414,Down,Up,2910
Ridge,H7,458,2025-05-22,2025-06-02,95461.0,0.020238631483014,0.0029792282556988154,97393.0,95745.40010851726,0.0,95461.0,1647.599891482736,2714585.4024139233,Up,Up,2909
Ridge,H1,459,2025-05-23,2025-05-26,96210.0,-0.0041159962581852,0.0004387712671691602,95814.0,96252.21418361434,0.0,96210.0,438.2141836143419,192031.67072078414,Down,Up,2916
Ridge,H2,459,2025-05-23,2025-05-27,96210.0,-0.0120049890863735,0.0008725016919042683,95055.0,96293.94338777811,0.0,96210.0,1238.943387778112,1534980.7181191053,Down,Up,2915
Ridge,H3,459,2025-05-23,2025-05-28,96210.0,-0.0107369296330942,0.0013097424014224884,95177.0,96336.01031644086,0.0,96210.0,1159.0103164408647,1343304.9136163534,Down,Up,2914
Ridge,H4,459,2025-05-23,2025-05-29,96210.0,-0.0095104458995946,0.0017426586927210032,95295.0,96377.66119282668,0.0,96210.0,1082.6611928266793,1172155.258452888,Down,Up,2913
Ridge,H5,459,2025-05-23,2025-05-30,96210.0,-0.0155701070574784,0.0021612356715583463,94712.0,96417.93248396063,0.0,96210.0,1705.932483960627,2910205.6398320748,Down,Up,2912
Ridge,H6,459,2025-05-23,2025-06-02,96210.0,0.0122960191248311,0.002575297976446887,97393.0,96457.76941831395,0.0,96210.0,935.2305816860462,874656.2409208204,Up,Up,2911
Ridge,H7,459,2025-05-23,2025-06-03,96210.0,0.0103731420850223,0.0029927427268683898,97208.0,96497.931777752,0.0,96210.0,710.0682222479954,504196.88024642866,Up,Up,2910
Ridge,H1,460,2025-05-26,2025-05-27,95814.0,-0.0079215980963116,0.0004372103301986235,95055.0,95855.89087057766,0.0,95814.0,800.8908705776557,641426.1865746353,Down,Up,2917
Ridge,H2,460,2025-05-26,2025-05-28,95814.0,-0.0066482977435448,0.000873470972044436,95177.0,95897.69074771546,0.0,95814.0,720.69074771546,519395.15384266886,Down,Up,2916
Ridge,H3,460,2025-05-26,2025-05-29,95814.0,-0.0054167449433276,0.0013105189895887212,95295.0,95939.56606646845,0.0,95814.0,644.5660664684547,415465.4140426163,Down,Up,2915
Ridge,H4,460,2025-05-26,2025-05-30,95814.0,-0.0115014507274511,0.001745875183040786,94712.0,95981.27928478787,0.0,95814.0,1269.2792847878736,1611069.902791616,Down,Up,2914
Ridge,H5,460,2025-05-26,2025-06-02,95814.0,0.0164798463690065,0.0021696917787835763,97393.0,96021.88684809238,0.0,95814.0,1371.1131519076152,1879951.2753340353,Up,Up,2913
Ridge,H6,460,2025-05-26,2025-06-03,95814.0,0.0145490220635815,0.002586936871158935,97208.0,96061.86476937322,0.0,95814.0,1146.13523062678,1313625.966883902,Up,Up,2912
Ridge,H7,460,2025-05-26,2025-06-04,95814.0,0.0225332414887178,0.003001521068141628,97973.0,96101.58773962292,0.0,95814.0,1871.412260377081,3502183.848289656,Up,Up,2911
Ridge,H1,461,2025-05-27,2025-05-28,95055.0,0.0012834674662036,0.0004343453987983199,95177.0,95096.28670188277,0.0,95055.0,80.71329811723263,6514.636492961267,Up,Up,2918
Ridge,H2,461,2025-05-27,2025-05-29,95055.0,0.0025248540318763,0.0008690555368324467,95295.0,95137.60807405361,0.0,95055.0,157.39192594638735,24772.21835311308,Up,Up,2917
Ridge,H3,461,2025-05-27,2025-05-30,95055.0,-0.0036084372205564,0.0013086106988468428,94712.0,95179.3899899789,0.0,95055.0,467.38998997889576,218453.40273247228,Down,Up,2916
Ridge,H4,461,2025-05-27,2025-06-02,95055.0,0.024596286360528,0.001743773803644098,97393.0,95220.75441890539,0.0,95055.0,2172.245581094612,4718650.864585069,Up,Up,2915
Ridge,H5,461,2025-05-27,2025-06-03,95055.0,0.0226500447109567,0.0021700115850235295,97208.0,95261.27045121443,0.0,95055.0,1946.7295487855736,3789755.936114883,Up,Up,2914
Ridge,H6,461,2025-05-27,2025-06-04,95055.0,0.0306980169375623,0.00259245397908706,97973.0,95301.42571298213,0.0,95055.0,2671.5742870178656,7137309.171055017,Up,Up,2913
Ridge,H7,461,2025-05-27,2025-06-05,95055.0,0.0248277313134501,0.003010193646802243,97415.0,95341.1339570968,0.0,95055.0,2073.8660429032025,4300920.363906988,Up,Up,2912
Ridge,H1,462,2025-05-28,2025-05-29,95177.0,0.0012397953287033,0.0004346362506973296,95295.0,95218.36737443262,0.0,95177.0,76.63262556737754,5872.5593013498865,Up,Up,2919
Ridge,H2,462,2025-05-28,2025-05-30,95177.0,-0.0048856341342971,0.0008664795757198303,94712.0,95259.46892657828,0.0,95177.0,547.4689265782799,299722.22556877404,Down,Up,2918
Ridge,H3,462,2025-05-28,2025-06-02,95177.0,0.0232829360034461,0.001304481392544904,97393.0,95301.15662549825,0.0,95177.0,2091.8433745017537,4375808.703446885,Up,Up,2917
Ridge,H4,462,2025-05-28,2025-06-03,95177.0,0.0213391890898011,0.0017421553902895908,97208.0,95342.8131235816,0.0,95177.0,1865.1868764184037,3478922.0839634417,Up,Up,2916
Ridge,H5,462,2025-05-28,2025-06-04,95177.0,0.0293768452462255,0.00216820368140784,97973.0,95383.36312178535,0.0,95177.0,2589.6368782146455,6706219.161009295,Up,Up,2915
Ridge,H6,462,2025-05-28,2025-06-05,95177.0,0.0235140842850689,0.002593070954836866,97415.0,95423.80071426852,0.0,95177.0,1991.1992857314763,3964874.595497541,Up,Up,2914
Ridge,H7,462,2025-05-28,2025-06-06,95177.0,0.0154238944282756,0.0030160140033492788,96645.0,95464.05516479678,0.0,95177.0,1180.9448352032196,1394630.7037931595,Up,Up,2913
Ridge,H1,463,2025-05-29,2025-05-30,95295.0,-0.0061178445878588,0.00043491203070746925,94712.0,95336.44494196627,0.0,95295.0,624.4449419662706,389931.485547259,Down,Up,2920
Ridge,H2,463,2025-05-29,2025-06-02,95295.0,0.0220158455322945,0.0008670476713190783,97393.0,95377.62530783835,0.0,95295.0,2015.3746921616548,4061735.149805685,Up,Up,2919
Ridge,H3,463,2025-05-29,2025-06-03,95295.0,0.0200745054829738,0.0013021778572995311,97208.0,95419.09103891136,0.0,95295.0,1788.908961088644,3200195.2710632514,Up,Up,2918
Ridge,H4,463,2025-05-29,2025-06-04,95295.0,0.0281022089301641,0.0017382980402240256,97973.0,95460.65111174315,0.0,95295.0,2512.348888256849,6311896.936325425,Up,Up,2917
Ridge,H5,463,2025-05-29,2025-06-05,95295.0,0.0222467075922137,0.0021668639843065414,97415.0,95501.49130338448,0.0,95295.0,1913.5086966155213,3661515.532023231,Up,Up,2916
Ridge,H6,463,2025-05-29,2025-06-06,95295.0,0.0141665354950417,0.0025915418995150806,96645.0,95541.96098531429,0.0,95295.0,1103.0390146857098,1216695.0679188217,Up,Up,2915
Ridge,H7,463,2025-05-29,2025-06-09,95295.0,0.0147751718348287,0.0030169133105205424,96703.0,95582.49675392604,0.0,95295.0,1120.5032460739603,1255527.5244622822,Up,Up,2914
Ridge,H1,464,2025-05-30,2025-06-02,94712.0,0.0283068671340485,0.00043266921027887363,97393.0,94752.97896624394,0.0,94712.0,2640.0210337560566,6969711.058674398,Up,Up,2921
Ridge,H2,464,2025-05-30,2025-06-03,94712.0,0.0263535771602332,0.000865078102048427,97208.0,94793.93327720121,0.0,94712.0,2414.066722798787,5827718.142124475,Up,Up,2920
Ridge,H3,464,2025-05-30,2025-06-04,94712.0,0.0344306951600641,0.0013004963520358275,97973.0,94835.17261049402,0.0,94712.0,3137.827389505983,9845960.726333931,Up,Up,2919
Ridge,H4,464,2025-05-30,2025-06-05,94712.0,0.0285391502660696,0.0017337615404471147,97415.0,94876.20802301883,0.0,94712.0,2538.7919769811706,6445464.702383961,Up,Up,2918
Ridge,H5,464,2025-05-30,2025-06-06,94712.0,0.0204092406453246,0.0021607839193083897,96645.0,94916.65216656553,0.0,94712.0,1728.347833434469,2987186.233337623,Up,Up,2917
Ridge,H6,464,2025-05-30,2025-06-09,94712.0,0.0210216234479263,0.002587962914279835,96703.0,94957.11114353726,0.0,94712.0,1745.8888564627414,3048127.899120779,Up,Up,2916
Ridge,H7,464,2025-05-30,2025-06-10,94712.0,0.0182659008362193,0.0030131441699562827,96442.0,94997.38091062491,0.0,94712.0,1444.61908937509,2086924.313386914,Up,Up,2915
Ridge,H1,465,2025-06-02,2025-06-03,97393.0,-0.0018995204994198,0.0004422076962303702,97208.0,97436.06793415896,0.0,97393.0,228.06793415895663,52014.98259153418,Down,Up,2922
Ridge,H2,465,2025-06-02,2025-06-04,97393.0,0.0059552534576405,0.000872318177905801,97973.0,97477.95768430078,0.0,97393.0,495.0423156992183,245066.89433284453,Up,Up,2921
Ridge,H3,465,2025-06-02,2025-06-05,97393.0,0.0002258889242552,0.0013080236172940654,97415.0,97520.39234415912,0.0,97393.0,105.39234415911778,11107.546207353927,Up,Up,2920
Ridge,H4,465,2025-06-02,2025-06-06,97393.0,-0.0076802234246814,0.0017415923623313075,96645.0,97562.61890494454,0.0,97393.0,917.6189049445384,842024.4547116137,Down,Up,2919
Ridge,H5,465,2025-06-02,2025-06-09,97393.0,-0.0070846980789174,0.002165689948565511,96703.0,97603.92304116065,0.0,97393.0,900.923041160655,811662.3260941632,Down,Up,2918
Ridge,H6,465,2025-06-02,2025-06-10,97393.0,-0.0097645621348556,0.0025912901552938724,96442.0,97645.37352209452,0.0,97393.0,1203.3735220945237,1448107.833678179,Down,Up,2917
Ridge,H7,465,2025-06-02,2025-06-11,97393.0,-0.0115614058505231,0.0030190504222469944,96267.0,97687.03437777389,0.0,97393.0,1420.034377773889,2016497.634059676,Down,Up,2916
Ridge,H1,466,2025-06-03,2025-06-04,97208.0,0.0078697226565713,0.00044140755491961297,97973.0,97250.90834559861,0.0,97208.0,722.091654401389,521416.3573561349,Up,Up,2923
Ridge,H2,466,2025-06-03,2025-06-05,97208.0,0.0021294543658958,0.0008810396694329702,97415.0,97293.64410418624,0.0,97208.0,121.35589581375825,14727.253448759748,Up,Up,2922
Ridge,H3,466,2025-06-03,2025-06-06,97208.0,-0.0057917043864702,0.0013144491066291845,96645.0,97335.77496875722,0.0,97208.0,690.7749687572214,477170.05746154016,Down,Up,2921
Ridge,H4,466,2025-06-03,2025-06-09,97208.0,-0.005195045675253,0.0017483053749553464,96703.0,97377.94926888867,0.0,97208.0,674.9492688886676,455556.5155733469,Down,Up,2920
Ridge,H5,466,2025-06-03,2025-06-10,97208.0,-0.0078800098757303,0.0021727088345279127,96442.0,97419.20468038679,0.0,97208.0,977.2046803867852,954928.987369839,Down,Up,2919
Ridge,H6,466,2025-06-03,2025-06-11,97208.0,-0.0096802732285408,0.0025953886245400526,96267.0,97460.29253741428,0.0,97208.0,1193.2925374142796,1423947.07984861,Down,Up,2918
Ridge,H7,466,2025-06-03,2025-06-12,97208.0,0.0059460126738539,0.003021572347780423,97786.0,97501.72100478304,0.0,97208.0,284.2789952169551,80814.54712156157,Up,Up,2917
Ridge,H1,467,2025-06-04,2025-06-05,97973.0,-0.0056954467047043,0.0004439475442451009,97415.0,98016.49487275232,0.0,97973.0,601.4948727523151,361796.08194732375,Down,Up,2924
Ridge,H2,467,2025-06-04,2025-06-06,97973.0,-0.0135547548814469,0.0008827749673654001,96645.0,98059.4881118777,0.0,97973.0,1414.4881118776975,2000776.6186433337,Down,Up,2923
Ridge,H3,467,2025-06-04,2025-06-09,97973.0,-0.0129627550447571,0.0013257821795343606,96703.0,98102.8908574755,0.0,97973.0,1399.8908574755042,1959694.4128435024,Down,Up,2922
Ridge,H4,467,2025-06-04,2025-06-10,97973.0,-0.0156267543098609,0.00175732688922292,96442.0,98145.17058731783,0.0,97973.0,1703.170587317829,2900790.049504558,Down,Up,2921
Ridge,H5,467,2025-06-04,2025-06-11,97973.0,-0.017412960713666,0.0021820243483054724,96267.0,98186.77947147653,0.0,97973.0,1919.7794714765332,3685553.219102717,Down,Up,2920
Ridge,H6,467,2025-06-04,2025-06-12,97973.0,-0.0019086891286375,0.002605015838238551,97786.0,98228.22121671974,0.0,97973.0,442.2212167197431,195559.60451709,Down,Up,2919
Ridge,H7,467,2025-06-04,2025-06-13,97973.0,0.0161473058903984,0.00302825859400793,99555.0,98269.68757923074,0.0,97973.0,1285.31242076926,1652028.018983735,Up,Up,2918
Ridge,H1,468,2025-06-05,2025-06-06,97415.0,-0.0079043268490478,0.00044184865815902126,96645.0,97458.04268703455,0.0,97415.0,813.0426870345545,661038.4109403687,Down,Up,2925
Ridge,H2,468,2025-06-05,2025-06-09,97415.0,-0.0073089359954832,0.0008832012956867219,96703.0,97501.03705421933,0.0,97415.0,798.0370542193268,636863.1399070608,Down,Up,2924
Ridge,H3,468,2025-06-05,2025-06-10,97415.0,-0.0099881948365241,0.00132540591797695,96442.0,97544.11441749973,0.0,97415.0,1102.1144174997316,1214656.189260773,Down,Up,2923
Ridge,H4,468,2025-06-05,2025-06-11,97415.0,-0.0117846327567623,0.001766492371680721,96267.0,97587.08285438728,0.0,97415.0,1320.0828543872776,1742618.7424472624,Down,Up,2922
Ridge,H5,468,2025-06-05,2025-06-12,97415.0,0.0038084483909048,0.0021888940237081945,97786.0,97628.23111131955,0.0,97415.0,157.76888868045353,24891.022235465338,Up,Up,2921
Ridge,H6,468,2025-06-05,2025-06-13,97415.0,0.0219678694246265,0.0026121767818611955,99555.0,97669.465201205,0.0,97415.0,1885.5347987949935,3555241.4774668766,Up,Up,2920
Ridge,H7,468,2025-06-05,2025-06-16,97415.0,0.012102858902633,0.0030357270616085275,98594.0,97710.7253517066,0.0,97415.0,883.2746482934017,780174.1043178325,Up,Up,2919
Ridge,H1,469,2025-06-06,2025-06-09,96645.0,0.000600134512908,0.0004389959094416997,96703.0,96687.426759668,0.0,96645.0,15.573240331999841,242.52581443822652,Up,Up,2926
Ridge,H2,469,2025-06-06,2025-06-10,96645.0,-0.0021004707951782,0.0008782648341416238,96442.0,96729.87990489563,0.0,96645.0,287.879904895628,82874.83964271581,Down,Up,2925
Ridge,H3,469,2025-06-06,2025-06-11,96645.0,-0.0039112214806766,0.0013229712547781205,96267.0,96772.85855691804,0.0,96645.0,505.8585569180432,255892.87960720513,Down,Up,2924
Ridge,H4,469,2025-06-06,2025-06-12,96645.0,0.01180609446945,0.0017632606154285525,97786.0,96815.4103221781,0.0,96645.0,970.589677821903,942044.3226944255,Up,Up,2923
Ridge,H5,469,2025-06-06,2025-06-13,96645.0,0.0301101971131461,0.0021951294688502304,99555.0,96857.14828751703,0.0,96645.0,2697.851712482967,7278403.862547277,Up,Up,2922
Ridge,H6,469,2025-06-06,2025-06-16,96645.0,0.0201665890630657,0.002616132210978518,98594.0,96897.83609753002,0.0,96645.0,1696.1639024699834,2876971.9840422035,Up,Up,2921
Ridge,H7,469,2025-06-06,2025-06-17,96645.0,0.0234466345905117,0.003039969659543064,98911.0,96938.79786774654,0.0,96645.0,1972.2021322534565,3889581.25046508,Up,Up,2920
Ridge,H1,470,2025-06-09,2025-06-10,96703.0,-0.0026989855537056,0.0004390509027021226,96442.0,96745.457539444,0.0,96703.0,303.4575394440035,92086.47824540893,Down,Up,2927
Ridge,H2,470,2025-06-09,2025-06-11,96703.0,-0.0045086501969948,0.0008754665966462203,96267.0,96787.66024629548,0.0,96703.0,520.6602462954761,271087.0920724658,Down,Up,2926
Ridge,H3,470,2025-06-09,2025-06-12,96703.0,0.0111992389067556,0.0013180874926406597,97786.0,96830.46301480083,0.0,96703.0,955.5369851991709,913050.9300835205,Up,Up,2925
Ridge,H4,470,2025-06-09,2025-06-13,96703.0,0.0294923632152053,0.0017608808289721425,99555.0,96873.2824588041,0.0,96703.0,2681.7175411959033,7191608.970757801,Up,Up,2924
Ridge,H5,470,2025-06-09,2025-06-16,96703.0,0.0195547190883427,0.0021919544880748317,98594.0,96914.96857486031,0.0,96703.0,1679.0314251396921,2819146.5266066254,Up,Up,2923
Ridge,H6,470,2025-06-09,2025-06-17,96703.0,0.022832797327901,0.0026224314363852068,98911.0,96956.59698719275,0.0,96703.0,1954.4030128072482,3819691.1364700487,Up,Up,2922
Ridge,H7,470,2025-06-09,2025-06-18,96703.0,0.0242184833976195,0.003043987335969756,99045.0,96997.36270735029,0.0,96703.0,2047.6372926497133,4192818.4822498476,Up,Up,2921
Ridge,H1,471,2025-06-10,2025-06-11,96442.0,-0.0018145621202381,0.0004379792659339554,96267.0,96484.2395963652,0.0,96442.0,217.2395963651943,47193.04222891254,Down,Up,2928
Ridge,H2,471,2025-06-10,2025-06-12,96442.0,0.0139358370834283,0.0008744504142390337,97786.0,96526.33374685004,0.0,96442.0,1259.6662531499605,1586759.0693248606,Up,Up,2927
Ridge,H3,471,2025-06-10,2025-06-13,96442.0,0.0322784678874348,0.0013142234820864268,99555.0,96568.74634105938,0.0,96442.0,2986.2536589406227,8917710.915536257,Up,Up,2926
Ridge,H4,471,2025-06-10,2025-06-16,96442.0,0.0223139296157275,0.0017549362763717704,98594.0,96611.24956436585,0.0,96442.0,1982.7504356341524,3931299.290007421,Up,Up,2925
Ridge,H5,471,2025-06-10,2025-06-17,96442.0,0.0256008792849589,0.002188510370371277,98911.0,96653.06431713936,0.0,96442.0,2257.9356828606396,5098273.547935343,Up,Up,2924
Ridge,H6,471,2025-06-10,2025-06-18,96442.0,0.0269903154227411,0.002618194020271524,99045.0,96694.50386770301,0.0,96442.0,2350.4961322969903,5524832.06794311,Up,Up,2923
Ridge,H7,471,2025-06-10,2025-06-19,96442.0,0.0251550154497004,0.003049197158994238,98868.0,96736.07067240773,0.0,96442.0,2131.9293275922682,4545122.657848021,Up,Up,2922
Ridge,H1,472,2025-06-11,2025-06-12,96267.0,0.0157790312360415,0.0004372104362465976,97786.0,96309.08893706616,0.0,96267.0,1476.9110629338393,2181266.287816363,Up,Up,2929
Ridge,H2,472,2025-06-11,2025-06-13,96267.0,0.0341550063884821,0.0008726118079898572,99555.0,96351.00372091976,0.0,96267.0,3203.9962790802383,10265592.156360012,Up,Up,2928
Ridge,H3,472,2025-06-11,2025-06-16,96267.0,0.0241723539738436,0.0013124384684910495,98594.0,96393.34451404623,0.0,96267.0,2200.655485953772,4842884.5678584315,Up,Up,2927
Ridge,H4,472,2025-06-11,2025-06-17,96267.0,0.0274652788598377,0.001750309227718972,98911.0,96435.49701842481,0.0,96267.0,2475.5029815751914,6128115.011787662,Up,Up,2926
Ridge,H5,472,2025-06-11,2025-06-18,96267.0,0.0288572407990277,0.002181808920452232,99045.0,96477.03619934517,0.0,96267.0,2567.963800654834,6594438.08147362,Up,Up,2925
Ridge,H6,472,2025-06-11,2025-06-19,96267.0,0.027018604506217,0.0026139880625189052,98868.0,96518.6407888145,0.0,96267.0,2349.359211185496,5519488.703182136,Up,Up,2924
Ridge,H7,472,2025-06-11,2025-06-20,96267.0,0.0239645984605316,0.003044198990245442,98574.0,96560.05590419396,0.0,96267.0,2013.944095806044,4055970.8210320245,Up,Up,2923
Ridge,H1,473,2025-06-12,2025-06-13,97786.0,0.018090524205919,0.0004424462611219751,99555.0,97829.26505009006,0.0,97786.0,1725.7349499099364,2978161.117340651,Up,Up,2930
Ridge,H2,473,2025-06-12,2025-06-16,97786.0,0.0082629415253716,0.0008770717313056411,98594.0,97871.76533631745,0.0,97786.0,722.2346636825532,521622.9094246508,Up,Up,2929
Ridge,H3,473,2025-06-12,2025-06-17,97786.0,0.0115047143762911,0.0013158149162723386,98911.0,97914.66827740261,0.0,97786.0,996.3317225973879,992676.9014538783,Up,Up,2928
Ridge,H4,473,2025-06-12,2025-06-18,97786.0,0.012875053688667,0.0017537443498040982,99045.0,97957.49164498995,0.0,97786.0,1087.5083550100535,1182674.4222166725,Up,Up,2927
Ridge,H5,473,2025-06-12,2025-06-19,97786.0,0.0110649786267973,0.0021823646910373493,98868.0,97999.40471367777,0.0,97786.0,868.5952863222337,754457.7714212032,Up,Up,2926
Ridge,H6,473,2025-06-12,2025-06-20,97786.0,0.0080584132697931,0.0026124415090733157,98574.0,98041.46020540624,0.0,97786.0,532.5397945937584,283598.6328259624,Up,Up,2925
Ridge,H7,473,2025-06-12,2025-06-23,97786.0,0.0109013560223345,0.003045190791439595,98852.0,98083.77702673171,0.0,97786.0,768.2229732682899,590166.5366571717,Up,Up,2924
Ridge,H1,474,2025-06-13,2025-06-16,99555.0,-0.0096529556526543,0.00044846791432332525,98594.0,99599.64722321046,0.0,99555.0,1005.647223210457,1011326.3375509027,Down,Up,2931
Ridge,H2,474,2025-06-13,2025-06-17,99555.0,-0.0064687860981367,0.0008884299499351752,98911.0,99643.4476436658,0.0,99555.0,732.4476436658006,536479.5507115836,Down,Up,2930
Ridge,H3,474,2025-06-13,2025-06-18,99555.0,-0.0051227964441765,0.001326386422067723,99045.0,99687.04840024894,0.0,99555.0,642.0484002489393,412226.1482622221,Down,Up,2929
Ridge,H4,474,2025-06-13,2025-06-19,99555.0,-0.0069007081512731,0.0017632184521594915,98868.0,99730.53721300473,0.0,99555.0,862.5372130047326,743970.4438179715,Down,Up,2928
Ridge,H5,474,2025-06-13,2025-06-20,99555.0,-0.0098538496308573,0.0021919064865335183,98574.0,99773.21525026683,0.0,99555.0,1199.2152502668323,1438117.2164725412,Down,Up,2927
Ridge,H6,474,2025-06-13,2025-06-23,99555.0,-0.0070614233338355,0.0026190564573095308,98852.0,99815.74016560744,0.0,99555.0,963.7401656074362,928795.1068050485,Down,Up,2926
Ridge,H7,474,2025-06-13,2025-06-24,99555.0,-0.0304756164933955,0.0030496702924375056,96521.0,99858.60992596361,0.0,99555.0,3337.6099259636103,11139640.017890817,Down,Up,2925
Ridge,H1,475,2025-06-16,2025-06-17,98594.0,0.003215205793456,0.00044502297860986995,98911.0,98637.87659555307,0.0,98594.0,273.1234044469311,74596.3940566819,Up,Up,2932
Ridge,H2,475,2025-06-16,2025-06-18,98594.0,0.0045743148670305,0.0008909460718709267,99045.0,98681.84193701005,0.0,98594.0,363.1580629899545,131883.77871461576,Up,Up,2931
Ridge,H3,475,2025-06-16,2025-06-19,98594.0,0.002779073777309,0.0013341839003246016,98868.0,98725.54252746861,0.0,98594.0,142.45747253138688,20294.13148003085,Up,Up,2930
Ridge,H4,475,2025-06-16,2025-06-20,98594.0,-0.0002028521005335,0.0017702350466545522,98574.0,98768.53455418987,0.0,98594.0,194.53455418987141,37843.69277385202,Down,Up,2929
Ridge,H5,475,2025-06-16,2025-06-23,98594.0,0.0026167920968822,0.0021978364971084467,98852.0,98810.69349159591,0.0,98594.0,41.306508404086344,1706.2276365368557,Up,Up,2928
Ridge,H6,475,2025-06-16,2025-06-24,98594.0,-0.0210256202202974,0.0026250518698769268,96521.0,98852.81436405865,0.0,98594.0,2331.8143640586495,5437358.228430244,Down,Up,2927
Ridge,H7,475,2025-06-16,2025-06-25,98594.0,-0.018601537618922,0.0030527647781826935,96760.0,98894.98429054013,0.0,98594.0,2134.984290540131,4558157.920853146,Down,Up,2926
Ridge,H1,476,2025-06-17,2025-06-18,98911.0,0.0013547532630344,0.00044596692841139947,99045.0,98955.11103485609,0.0,98911.0,89.88896514390945,8080.026054642967,Up,Up,2933
Ridge,H2,476,2025-06-17,2025-06-19,98911.0,-0.0004347342560483,0.000888435565582052,98868.0,98998.87605022729,0.0,98911.0,130.87605022729258,17128.54052309681,Down,Up,2932
Ridge,H3,476,2025-06-17,2025-06-20,98911.0,-0.0034071033555418,0.0013376537446957344,98574.0,99043.30866954158,0.0,98911.0,469.3086695415841,220250.62730689178,Down,Up,2931
Ridge,H4,476,2025-06-17,2025-06-23,98911.0,-0.0005964958396942,0.001779004593868424,98852.0,99086.96312338412,0.0,98911.0,234.963123384121,55207.66935042167,Down,Up,2930
Ridge,H5,476,2025-06-17,2025-06-24,98911.0,-0.0241631365571068,0.002205826674624799,96521.0,99129.1805222138,0.0,98911.0,2608.1805222138064,6802605.636455484,Down,Up,2929
Ridge,H6,476,2025-06-17,2025-06-25,98911.0,-0.0217468229013961,0.0026319535829615764,96760.0,99171.32916084431,0.0,98911.0,2411.3291608443105,5814508.321938127,Down,Up,2928
Ridge,H7,476,2025-06-17,2025-06-26,98911.0,-0.0248607333865799,0.0030597318876307853,96452.0,99213.64114073745,0.0,98911.0,2761.6411407374544,7626661.790213669,Down,Up,2927
Ridge,H1,477,2025-06-18,2025-06-19,99045.0,-0.001787066484931,0.0004462770179188619,98868.0,99089.20150723976,0.0,99045.0,221.20150723976258,48930.106805142736,Down,Up,2934
Ridge,H2,477,2025-06-18,2025-06-20,99045.0,-0.004755414205664,0.0008896927623479346,98574.0,99133.11961964675,0.0,99045.0,559.1196196467499,312614.7490739263,Down,Up,2933
Ridge,H3,477,2025-06-18,2025-06-23,99045.0,-0.0019486092180321,0.0013354505911266216,98852.0,99177.26970379814,0.0,99045.0,325.26970379814156,105800.38020893074,Down,Up,2932
Ridge,H4,477,2025-06-18,2025-06-24,99045.0,-0.0254833661467009,0.0017827906111512447,96521.0,99221.57649608147,0.0,99045.0,2700.5764960814704,7293113.411187672,Down,Up,2931
Ridge,H5,477,2025-06-18,2025-06-25,99045.0,-0.023070321571003,0.0022149232524014983,96760.0,99264.37707353411,0.0,99045.0,2504.3770735341095,6271904.526443271,Down,Up,2930
Ridge,H6,477,2025-06-18,2025-06-26,99045.0,-0.0261800191831995,0.002640269917459679,96452.0,99306.50553397479,0.0,99045.0,2854.5055339747923,8148201.843492715,Down,Up,2929
Ridge,H7,477,2025-06-18,2025-06-27,99045.0,-0.0417688929274572,0.0030669586734975167,94908.0,99348.76692181655,0.0,99045.0,4440.766921816554,19720410.85390007,Down,Up,2928
Ridge,H1,478,2025-06-19,2025-06-20,98868.0,-0.0029736618521665,0.00044551604318274023,98574.0,98912.04728015738,0.0,98868.0,338.0472801573778,114275.96362180069,Down,Up,2935
Ridge,H2,478,2025-06-19,2025-06-23,98868.0,-0.0001618319375328,0.0008892411245618153,98852.0,98955.91749150318,0.0,98868.0,103.91749150317628,10798.845040312714,Down,Up,2934
Ridge,H3,478,2025-06-19,2025-06-24,98868.0,-0.0237387223368531,0.0013359426941503842,96521.0,99000.08198228526,0.0,98868.0,2479.0819822852645,6145847.474891436,Down,Up,2933
Ridge,H4,478,2025-06-19,2025-06-25,98868.0,-0.0213213577699559,0.0017798290949311614,96760.0,99043.96814295764,0.0,98868.0,2283.968142957645,5216510.478045393,Down,Up,2932
Ridge,H5,478,2025-06-19,2025-06-26,98868.0,-0.0244366225674637,0.0022179425249748527,96452.0,99087.28354155921,0.0,98868.0,2635.2835415592126,6944719.344412866,Down,Up,2931
Ridge,H6,478,2025-06-19,2025-06-27,98868.0,-0.0400534045393858,0.0026485904759088207,94908.0,99129.86084317215,0.0,98868.0,4221.860843172151,17824108.979110267,Down,Up,2930
Ridge,H7,478,2025-06-19,2025-06-30,98868.0,-0.0322652425456163,0.003074500446239054,95678.0,99171.96971011878,0.0,98868.0,3493.9697101187776,12207824.335227495,Down,Up,2929
Ridge,H1,479,2025-06-20,2025-06-23,98574.0,0.0028202162842128,0.000444351299310153,98852.0,98617.8014849782,0.0,98574.0,234.19851502179517,54848.94443841402,Up,Up,2936
Ridge,H2,479,2025-06-20,2025-06-24,98574.0,-0.0208269929190253,0.0008873178279393069,96521.0,98661.4664675713,0.0,98574.0,2140.4664675712993,4581596.698797156,Down,Up,2935
Ridge,H3,479,2025-06-20,2025-06-25,98574.0,-0.0184024184876336,0.001334326190083651,96760.0,98705.52986986129,0.0,98574.0,1945.5298698612896,3785086.4745224863,Down,Up,2934
Ridge,H4,479,2025-06-20,2025-06-26,98574.0,-0.021526974658632,0.0017791527822272216,96452.0,98749.37820635528,0.0,98574.0,2297.378206355279,5277946.623036198,Down,Up,2933
Ridge,H5,479,2025-06-20,2025-06-27,98574.0,-0.0371903341651956,0.002213825210251067,94908.0,98792.22560627529,0.0,98574.0,3884.225606275286,15087208.560444612,Down,Up,2932
Ridge,H6,479,2025-06-20,2025-06-30,98574.0,-0.0293789437376995,0.002650436636650361,95678.0,98835.26414102118,0.0,98574.0,3157.26414102118,9968316.85617821,Down,Up,2931
Ridge,H7,479,2025-06-20,2025-07-01,98574.0,-0.0135431249619575,0.003081630282541368,97239.0,98877.76862347123,0.0,98574.0,1638.768623471231,2685562.6012737933,Down,Up,2930
Ridge,H1,480,2025-06-23,2025-06-24,98852.0,-0.0235807065107432,0.0004451601932737552,96521.0,98896.0049754255,0.0,98852.0,2375.0049754255015,5640648.633295887,Down,Up,2937
Ridge,H2,480,2025-06-23,2025-06-25,98852.0,-0.0211629506737345,0.0008869606777172528,96760.0,98939.67783691372,0.0,98852.0,2179.6778369137173,4750995.4727328615,Down,Up,2936
Ridge,H3,480,2025-06-23,2025-06-26,98852.0,-0.0242787197021809,0.0013332075505488026,96452.0,98983.79023278685,0.0,98852.0,2531.7902327868505,6409961.782834895,Down,Up,2935
Ridge,H4,480,2025-06-23,2025-06-27,98852.0,-0.0398980293772508,0.0017783431813007313,94908.0,99027.79278015795,0.0,98852.0,4119.79278015795,16972692.55144157,Down,Up,2934
Ridge,H5,480,2025-06-23,2025-06-30,98852.0,-0.0321086068061344,0.002213962939841062,95678.0,99070.85466452916,0.0,98852.0,3392.8546645291644,11511462.774617309,Down,Up,2933
Ridge,H6,480,2025-06-23,2025-07-01,98852.0,-0.0163173228665075,0.0026471242086489083,97239.0,99113.67352227337,0.0,98852.0,1874.6735222733696,3514400.815112842,Down,Up,2932
Ridge,H7,480,2025-06-23,2025-07-02,98852.0,-0.0151843159470723,0.0030842982349863356,97351.0,99156.88904912487,0.0,98852.0,1805.8890491248749,3261235.257749145,Down,Up,2931
Ridge,H1,481,2025-06-24,2025-06-25,96521.0,0.0024761450875974,0.0004369828544122599,96760.0,96563.17802209072,0.0,96521.0,196.82197790927603,38738.89098811954,Up,Up,2938
Ridge,H2,481,2025-06-24,2025-06-26,96521.0,-0.0007148703390972,0.0008795669367829419,96452.0,96605.89668030523,0.0,96521.0,153.8966803052317,23684.188208970696,Down,Up,2937
Ridge,H3,481,2025-06-24,2025-06-27,96521.0,-0.0167113892313589,0.0013246677823584817,94908.0,96648.85825902101,0.0,96521.0,1740.8582590210135,3030587.478001674,Down,Up,2936
Ridge,H4,481,2025-06-24,2025-06-30,96521.0,-0.0087338506646221,0.001769054789632342,95678.0,96691.7509373501,0.0,96521.0,1013.7509373500943,1027690.9629781948,Down,Up,2935
Ridge,H5,481,2025-06-24,2025-07-01,96521.0,0.0074387957024895,0.002204972665600543,97239.0,96733.82616665644,0.0,96521.0,505.1738333435642,255200.60189503117,Up,Up,2934
Ridge,H6,481,2025-06-24,2025-07-02,96521.0,0.0085991649485603,0.0026390527782977837,97351.0,96775.72401321409,0.0,96521.0,575.2759867859131,330942.4609725061,Up,Up,2933
Ridge,H7,481,2025-06-24,2025-07-03,96521.0,0.002900923115177,0.003072852337871273,96801.0,96817.59478050368,0.0,96521.0,16.594780503684888,275.38673996548005,Up,Up,2932
Ridge,H1,482,2025-06-25,2025-06-26,96760.0,-0.0031831335262505,0.00043767626582174614,96452.0,96802.34955548092,0.0,96760.0,350.34955548091966,122744.811025678,Down,Up,2939
Ridge,H2,482,2025-06-25,2025-06-27,96760.0,-0.0191401405539478,0.0008720643987254808,94908.0,96844.38095122068,0.0,96760.0,1936.380951220679,3749571.1882503014,Down,Up,2938
Ridge,H3,482,2025-06-25,2025-06-30,96760.0,-0.0111823067383216,0.0013179511841420481,95678.0,96887.52495657759,0.0,96760.0,1209.5249565775885,1462950.6205840171,Down,Up,2937
Ridge,H4,482,2025-06-25,2025-07-01,96760.0,0.0049503927242662,0.0017611902947726145,97239.0,96930.4127729222,0.0,96760.0,308.58722707780544,95226.07671556906,Up,Up,2936
Ridge,H5,482,2025-06-25,2025-07-02,96760.0,0.0061078958247209,0.002196360894249626,97351.0,96972.5198801276,0.0,96760.0,378.4801198724017,143247.20113862757,Up,Up,2935
Ridge,H6,482,2025-06-25,2025-07-03,96760.0,0.0004237288135593,0.0026307412586037016,96801.0,97014.5505241825,0.0,96760.0,213.55052418250125,45603.82637862105,Up,Up,2934
Ridge,H7,482,2025-06-25,2025-07-04,96760.0,0.002139313766019,0.003065461634997963,96967.0,97056.6140678024,0.0,96760.0,89.61406780239486,8030.681148092222,Up,Up,2933
Ridge,H1,483,2025-06-26,2025-06-27,96452.0,-0.0160079625098494,0.0004364450201029007,94908.0,96494.09599507897,0.0,96452.0,1586.0959950789693,2515700.505605546,Down,Up,2940
Ridge,H2,483,2025-06-26,2025-06-30,96452.0,-0.0080247169576577,0.000871524848703468,95678.0,96536.06031470715,0.0,96452.0,858.0603147071524,736267.5036753374,Down,Up,2939
Ridge,H3,483,2025-06-26,2025-07-01,96452.0,0.0081594990254219,0.0013092389634441358,97239.0,96578.27871650211,0.0,96452.0,660.7212834978855,436552.61446709314,Up,Up,2938
Ridge,H4,483,2025-06-26,2025-07-02,96452.0,0.0093206983784679,0.0017532610195740432,97351.0,96621.10553185995,0.0,96452.0,729.8944681400462,532745.934621441,Up,Up,2937
Ridge,H5,483,2025-06-26,2025-07-03,96452.0,0.0036183801269025,0.002187289850148649,96801.0,96662.96848062654,0.0,96452.0,138.03151937345683,19052.700340544987,Up,Up,2936
Ridge,H6,483,2025-06-26,2025-07-04,96452.0,0.0053394434537386,0.0026209247313176563,96967.0,96704.79343218505,0.0,96452.0,262.206567814952,68752.28420529702,Up,Up,2935
Ridge,H7,483,2025-06-26,2025-07-07,96452.0,0.0080765562144902,0.0030559435519524744,97231.0,96746.7518674729,0.0,96452.0,484.2481325270928,234496.25385597686,Up,Up,2934
Ridge,H1,484,2025-06-27,2025-06-30,94908.0,0.008113120074177,0.00043085369041256157,95678.0,94948.89146204967,0.0,94908.0,729.1085379503347,531599.2601120747,Up,Up,2941
Ridge,H2,484,2025-06-27,2025-07-01,94908.0,0.0245606271336451,0.0008647178887024822,97239.0,94990.06864538098,0.0,94908.0,2248.931354619024,5057692.237788559,Up,Up,2940
Ridge,H3,484,2025-06-27,2025-07-02,94908.0,0.0257407173262527,0.0013031071690350383,97351.0,95031.67529519877,0.0,94908.0,2319.324704801227,5379267.0863013,Up,Up,2939
Ridge,H4,484,2025-06-27,2025-07-03,94908.0,0.0199456315589834,0.0017390842465813668,96801.0,95073.05300767455,0.0,94908.0,1727.946992325451,2985800.8082865723,Up,Up,2938
Ridge,H5,484,2025-06-27,2025-07-04,94908.0,0.021694693808741,0.002173882061309125,96967.0,95114.31879867472,0.0,94908.0,1852.6812013252784,3432427.633744077,Up,Up,2937
Ridge,H6,484,2025-06-27,2025-07-07,94908.0,0.0244763349770302,0.0026063896367095694,97231.0,95155.36722764085,0.0,94908.0,2075.632772359153,4308251.405691343,Up,Up,2936
Ridge,H7,484,2025-06-27,2025-07-08,94908.0,0.0166160913726978,0.0030406709208719413,96485.0,95196.5839957581,0.0,94908.0,1288.4160042418953,1660015.7999866514,Up,Up,2935
Ridge,H1,485,2025-06-30,2025-07-01,95678.0,0.0163151403666463,0.00043346451892132913,97239.0,95719.47301824135,0.0,95678.0,1519.5269817586523,2308962.2482925593,Up,Up,2942
Ridge,H2,485,2025-06-30,2025-07-02,95678.0,0.0174857333974371,0.0008616951559084766,97351.0,95760.445269127,0.0,95678.0,1590.554730873002,2529864.3519024877,Up,Up,2941
Ridge,H3,485,2025-06-30,2025-07-03,95678.0,0.0117372854783754,0.0012988604575533617,96801.0,95802.2723708578,0.0,95678.0,998.7276291422022,997456.8772120042,Up,Up,2940
Ridge,H4,485,2025-06-30,2025-07-04,95678.0,0.0134722715775832,0.0017355203226708843,96967.0,95844.05111343252,0.0,95678.0,1122.9488865674793,1261014.2018431416,Up,Up,2939
Ridge,H5,485,2025-06-30,2025-07-07,95678.0,0.0162315265787327,0.0021622127963324867,97231.0,95884.8761959275,0.0,95678.0,1346.1238040725002,1812049.2958906188,Up,Up,2938
Ridge,H6,485,2025-06-30,2025-07-08,95678.0,0.008434540855787,0.0025954987113546595,96485.0,95926.33212570498,0.0,95678.0,558.6678742950171,312109.793769313,Up,Up,2937
Ridge,H7,485,2025-06-30,2025-07-09,95678.0,0.0080791822571542,0.0030286445378024172,96451.0,95967.77465208787,0.0,95678.0,483.2253479121282,233506.73686479733,Up,Up,2936
Ridge,H1,486,2025-07-01,2025-07-02,97239.0,0.0011518012320159,0.00043886091321906754,97351.0,97281.67439634052,0.0,97239.0,69.32560365948302,4806.039322751726,Up,Up,2943
Ridge,H2,486,2025-07-01,2025-07-03,97239.0,-0.0045043655323481,0.0008697506816838996,96801.0,97323.57368653627,0.0,97239.0,522.5736865362705,273083.25786010834,Down,Up,2942
Ridge,H3,486,2025-07-01,2025-07-04,97239.0,-0.0027972315634673,0.0013011927730178332,96967.0,97365.52668405547,0.0,97239.0,398.52668405546865,158823.51790424733,Down,Up,2941
Ridge,H4,486,2025-07-01,2025-07-07,97239.0,-8.227151657258513e-05,0.0017366133006045965,97231.0,97407.8665407375,0.0,97239.0,176.86654073749378,31281.773232447547,Down,Up,2940
Ridge,H5,486,2025-07-01,2025-07-08,97239.0,-0.0077540904369646,0.002164008100987182,96485.0,97449.4259837319,0.0,97239.0,964.4259837318968,930117.478097237,Down,Up,2939
Ridge,H6,486,2025-07-01,2025-07-09,97239.0,-0.008103744382398,0.0025890606928420036,96451.0,97490.75767271126,0.0,97239.0,1039.757672711261,1081096.0179619377,Down,Up,2938
Ridge,H7,486,2025-07-01,2025-07-10,97239.0,-0.0057692900996513,0.003023001816060445,96678.0,97532.9536735919,0.0,97239.0,854.9536735918955,730945.7839882774,Down,Up,2937
Ridge,H1,487,2025-07-02,2025-07-03,97351.0,-0.005649659479615,0.0004391037037343754,96801.0,97393.74718466224,0.0,97351.0,592.7471846622357,351349.2249250065,Down,Up,2944
Ridge,H2,487,2025-07-02,2025-07-04,97351.0,-0.0039444895275857,0.0008753968361419037,96967.0,97436.22075739525,0.0,97351.0,469.22075739524735,220168.11917056958,Down,Up,2943
Ridge,H3,487,2025-07-02,2025-07-07,97351.0,-0.0012326529773705,0.001309500362310288,97231.0,97478.48116977127,0.0,97351.0,247.4811697712721,61246.929391357204,Down,Up,2942
Ridge,H4,487,2025-07-02,2025-07-08,97351.0,-0.0088956456533574,0.0017391927251204833,96485.0,97520.3121509832,0.0,97351.0,1035.312150983198,1071871.2499734564,Down,Up,2941
Ridge,H5,487,2025-07-02,2025-07-09,97351.0,-0.0092448973302791,0.0021653494392226105,96451.0,97561.79893325776,0.0,97351.0,1110.7989332577563,1233874.2701265693,Down,Up,2940
Ridge,H6,487,2025-07-02,2025-07-10,97351.0,-0.0069131287814198,0.0025911056806540572,96678.0,97603.24672911735,0.0,97351.0,925.2467291173525,856081.5097423595,Down,Up,2939
Ridge,H7,487,2025-07-02,2025-07-11,97351.0,0.0041910201230599,0.0030168049086361963,97759.0,97644.68897466063,0.0,97351.0,114.31102533936792,13067.010514137613,Up,Up,2938
Ridge,H1,488,2025-07-03,2025-07-04,96801.0,0.0017148583175794,0.00043703558016327843,96967.0,96843.30548119539,0.0,96801.0,123.69451880460838,15300.333982303615,Up,Up,2945
Ridge,H2,488,2025-07-03,2025-07-07,96801.0,0.0044421028708381,0.0008735687300608523,97231.0,96885.56232663862,0.0,96801.0,345.43767336137535,119327.18617732024,Up,Up,2944
Ridge,H3,488,2025-07-03,2025-07-08,96801.0,-0.0032644290864763,0.0013130429522156936,96485.0,96928.10387081743,0.0,96801.0,443.103870817431,196341.04033339059,Down,Up,2943
Ridge,H4,488,2025-07-03,2025-07-09,96801.0,-0.0036156651274263,0.00174538014156833,96451.0,96969.95454308395,0.0,96801.0,518.9545430839498,269313.8177874711,Down,Up,2942
Ridge,H5,488,2025-07-03,2025-07-10,96801.0,-0.0012706480304955,0.0021658428559608233,96678.0,97010.65575429986,0.0,96801.0,332.6557542998635,110659.85086881113,Down,Up,2941
Ridge,H6,488,2025-07-03,2025-07-11,96801.0,0.0098965919773557,0.002590368365357343,97759.0,97051.75024813497,0.0,96801.0,707.2497518650343,500202.21151315264,Up,Up,2940
Ridge,H7,488,2025-07-03,2025-07-14,96801.0,0.009793287259429,0.0030167650041233703,97749.0,97093.02586916414,0.0,96801.0,655.9741308358643,430302.0603258677,Up,Up,2939
Ridge,H1,489,2025-07-04,2025-07-07,96967.0,0.0027225757216373,0.00043746945143147354,97231.0,97009.42010029696,0.0,96967.0,221.57989970303606,49097.65195240752,Up,Up,2946
Ridge,H2,489,2025-07-04,2025-07-08,96967.0,-0.0049707632493528,0.0008719332592770539,96485.0,97051.54875235232,0.0,96967.0,566.5487523523188,320977.4887919691,Down,Up,2945
Ridge,H3,489,2025-07-04,2025-07-09,96967.0,-0.0053213980013818,0.001311647155908563,96451.0,97094.18648976697,0.0,96967.0,643.186489766973,413688.8606187604,Down,Up,2944
Ridge,H4,489,2025-07-04,2025-07-10,96967.0,-0.0029803953922468,0.0017493655435132406,96678.0,97136.63072865785,0.0,96967.0,458.63072865785216,210342.14526923242,Down,Up,2943
Ridge,H5,489,2025-07-04,2025-07-11,96967.0,0.0081677271649118,0.0021724815339014152,97759.0,97177.65901689783,0.0,96967.0,581.3409831021709,337957.33863419853,Up,Up,2942
Ridge,H6,489,2025-07-04,2025-07-14,96967.0,0.0080645992966679,0.002591303045731093,97749.0,97218.27088243542,0.0,96967.0,530.7291175645805,281673.3962308783,Up,Up,2941
Ridge,H7,489,2025-07-04,2025-07-15,96967.0,0.0025472583456227,0.0030164662137883882,97214.0,97259.49767935241,0.0,96967.0,45.49767935241107,2070.0388264548124,Up,Up,2940
Ridge,H1,490,2025-07-07,2025-07-08,97231.0,-0.0076724501445012,0.0004382448851320312,96485.0,97273.61098842628,0.0,97231.0,788.6109884262842,621907.2910666809,Down,Up,2947
Ridge,H2,490,2025-07-07,2025-07-09,97231.0,-0.0080221328588618,0.0008731448397422654,96451.0,97315.89674591299,0.0,97231.0,864.8967459129926,748046.3810908837,Down,Up,2946
Ridge,H3,490,2025-07-07,2025-07-10,97231.0,-0.0056874865012187,0.0013107830162672855,96678.0,97358.44874345469,0.0,97231.0,680.44874345469,463010.4924690665,Down,Up,2945
Ridge,H4,490,2025-07-07,2025-07-11,97231.0,0.0054303668583064,0.001748743294085808,97759.0,97401.03205922725,0.0,97231.0,357.9679407727526,128141.04662108493,Up,Up,2944
Ridge,H5,490,2025-07-07,2025-07-14,97231.0,0.0053275190011417,0.0021772583496322056,97749.0,97442.6970065931,0.0,97231.0,306.30299340690544,93821.52377003076,Up,Up,2943
Ridge,H6,490,2025-07-07,2025-07-15,97231.0,-0.0001748413571803,0.002598741697050725,97214.0,97483.67825394594,0.0,97231.0,269.6782539459382,72726.36065132993,Down,Up,2942
Ridge,H7,490,2025-07-07,2025-07-16,97231.0,0.00542008207259,0.003018187104164871,97758.0,97524.46135032504,0.0,97231.0,233.5386496749561,54540.30089200188,Up,Up,2941
Ridge,H1,491,2025-07-08,2025-07-09,96485.0,-0.0003523863813027,0.0004354934385130471,96451.0,96527.01858441494,0.0,96485.0,76.01858441493823,5778.82517645109,Down,Up,2948
Ridge,H2,491,2025-07-08,2025-07-10,96485.0,0.0020003109291599,0.0008711615508683401,96678.0,96569.05402223553,0.0,96485.0,108.94597776446608,11869.226071055537,Up,Up,2947
Ridge,H3,491,2025-07-08,2025-07-11,96485.0,0.0132041249935224,0.001309229704595358,97759.0,96611.32102804788,0.0,96485.0,1147.6789719521184,1317167.0226610715,Up,Up,2946
Ridge,H4,491,2025-07-08,2025-07-14,96485.0,0.0131004819401978,0.0017451282122538472,97749.0,96653.37869555931,0.0,96485.0,1095.6213044406904,1200386.0427443201,Up,Up,2945
Ridge,H5,491,2025-07-08,2025-07-15,96485.0,0.0075555785873451,0.002173884433425255,97214.0,96694.74723955903,0.0,96485.0,519.2527604409697,269623.4292255671,Up,Up,2944
Ridge,H6,491,2025-07-08,2025-07-16,96485.0,0.0131937606881897,0.002600724912436955,97758.0,96735.93094317647,0.0,96485.0,1022.0690568235295,1044625.1569161393,Up,Up,2943
Ridge,H7,491,2025-07-08,2025-07-17,96485.0,0.0100430118671295,0.003022809526541615,97454.0,96776.65577716837,0.0,96485.0,677.3442228316271,458795.19620338094,Up,Up,2942
Ridge,H1,492,2025-07-09,2025-07-10,96451.0,0.0023535266612062,0.0004352261062101997,96678.0,96492.97799317008,0.0,96451.0,185.02200682992407,34233.14301137247,Up,Up,2949
Ridge,H2,492,2025-07-09,2025-07-11,96451.0,0.0135612901888004,0.0008681448931708991,97759.0,96534.73344309123,0.0,96451.0,1224.2665569087694,1498828.6023652533,Up,Up,2948
Ridge,H3,492,2025-07-09,2025-07-14,96451.0,0.0134576106002011,0.0013069798147796346,97749.0,96577.0595101153,0.0,96451.0,1171.9404898846988,1373444.5118311876,Up,Up,2947
Ridge,H4,492,2025-07-09,2025-07-15,96451.0,0.0079107526101336,0.0017433085417598248,97214.0,96619.14385216127,0.0,96451.0,594.8561478387273,353853.83662152983,Up,Up,2946
Ridge,H5,492,2025-07-09,2025-07-16,96451.0,0.0135509222299405,0.002170007264390266,97758.0,96660.2993706577,0.0,96451.0,1097.7006293423037,1204946.6716584896,Up,Up,2945
Ridge,H6,492,2025-07-09,2025-07-17,96451.0,0.0103990627365191,0.002597089030005565,97454.0,96701.49183403306,0.0,96451.0,752.5081659669377,566268.5398469243,Up,Up,2944
Ridge,H7,492,2025-07-09,2025-07-18,96451.0,0.0156970897139481,0.0030245273853557117,97965.0,96742.71869084495,0.0,96451.0,1222.2813091550488,1493971.59870978,Up,Up,2943
Ridge,H1,493,2025-07-10,2025-07-11,96678.0,0.0111814476923395,0.0004358768226857756,97759.0,96720.13969946362,0.0,96678.0,1038.8603005363839,1079230.724030546,Up,Up,2950
Ridge,H2,493,2025-07-10,2025-07-14,96678.0,0.0110780115434743,0.0008685293748689053,97749.0,96761.96768290357,0.0,96678.0,987.0323170964257,974232.794992739,Up,Up,2949
Ridge,H3,493,2025-07-10,2025-07-15,96678.0,0.0055441775791804,0.001304607751761999,97214.0,96804.12686822485,0.0,96678.0,409.8731317751517,167995.98415117088,Up,Up,2948
Ridge,H4,493,2025-07-10,2025-07-16,96678.0,0.0111711040774529,0.0017417063380508622,97758.0,96846.38468535009,0.0,96678.0,911.6153146499128,831042.4819042594,Up,Up,2947
Ridge,H5,493,2025-07-10,2025-07-17,96678.0,0.0080266451519477,0.0021688400178052542,97454.0,96887.67911524138,0.0,96678.0,566.3208847586211,320719.3445137874,Up,Up,2946
Ridge,H6,493,2025-07-10,2025-07-18,96678.0,0.0133122323589647,0.002593859894797592,97965.0,96928.76918690925,0.0,96678.0,1036.2308130907477,1073774.2979987122,Up,Up,2945
Ridge,H7,493,2025-07-10,2025-07-21,96678.0,0.0262624381969009,0.003021540605987837,99217.0,96970.1165027057,0.0,96678.0,2246.8834972943005,5048485.450413466,Up,Up,2944
Ridge,H1,494,2025-07-11,2025-07-14,97759.0,-0.0001022923720578,0.0004395179242094522,97749.0,97801.96683275279,0.0,97759.0,52.96683275279065,2805.4853718620966,Down,Up,2951
Ridge,H2,494,2025-07-11,2025-07-15,97759.0,-0.0055749342771509,0.0008728316066436907,97214.0,97844.32714503388,0.0,97759.0,630.3271450338798,397312.3097665617,Down,Up,2950
Ridge,H3,494,2025-07-11,2025-07-16,97759.0,-1.022923720572777e-05,0.001308642445868431,97758.0,97886.93157686565,0.0,97759.0,128.93157686565246,16623.351513063648,Down,Up,2949
Ridge,H4,494,2025-07-11,2025-07-17,97759.0,-0.0031199173477634,0.0017429571667541873,97454.0,97929.38974966473,0.0,97759.0,475.38974966472597,225995.4140862908,Down,Up,2948
Ridge,H5,494,2025-07-11,2025-07-18,97759.0,0.002107222864391,0.0021708749880675715,97965.0,97971.2225679585,0.0,97759.0,6.222567958495347,38.72035199809295,Up,Up,2947
Ridge,H6,494,2025-07-11,2025-07-21,97759.0,0.0149142278460294,0.00259633833532244,99217.0,98012.81543932279,0.0,97759.0,1204.1845606772113,1450060.4561733683,Up,Up,2946
Ridge,H7,494,2025-07-11,2025-07-22,97759.0,0.0246422324287278,0.003021937497367331,100168.0,98054.42158780512,0.0,97759.0,2113.578412194882,4467213.704496237,Up,Up,2945
Ridge,H1,495,2025-07-14,2025-07-15,97749.0,-0.0054732017718851,0.0004393346789921725,97214.0,97791.9445255368,0.0,97749.0,577.9445255368046,334019.87459796213,Down,Up,2952
Ridge,H2,495,2025-07-14,2025-07-16,97749.0,9.207255317189578e-05,0.0008762902380792327,97758.0,97834.65649448201,0.0,97749.0,76.65649448201293,5876.218146270879,Up,Up,2951
Ridge,H3,495,2025-07-14,2025-07-17,97749.0,-0.0030179336873011,0.0013127611809682492,97454.0,97877.32109267847,0.0,97749.0,423.3210926784668,179200.74750649108,Down,Up,2950
Ridge,H4,495,2025-07-14,2025-07-18,97749.0,0.0022097412761254,0.0017468089111409037,97965.0,97919.74882425512,0.0,97749.0,45.25117574488104,2047.66890629411,Up,Up,2949
Ridge,H5,495,2025-07-14,2025-07-21,97749.0,0.0150180564507054,0.002171946193729545,99217.0,97961.30556849086,0.0,97749.0,1255.6944315091387,1576768.505323059,Up,Up,2948
Ridge,H6,495,2025-07-14,2025-07-22,97749.0,0.0247470562358693,0.00259819440733445,100168.0,98002.97090512255,0.0,97749.0,2165.029094877449,4687350.981665866,Up,Up,2947
Ridge,H7,495,2025-07-14,2025-07-23,97749.0,0.0159080911313671,0.0030242364395360348,99304.0,98044.61608772821,0.0,97749.0,1259.383912271791,1586047.8384890018,Up,Up,2946
Ridge,H1,496,2025-07-15,2025-07-16,97214.0,0.0055959018248399,0.00043733235727820205,97758.0,97256.51482778044,0.0,97214.0,501.4851722195599,251487.37795608165,Up,Up,2953
Ridge,H2,496,2025-07-15,2025-07-17,97214.0,0.0024687802168412,0.0008741046573516538,97454.0,97298.97521015978,0.0,97214.0,155.02478984021582,24032.68546500308,Up,Up,2952
Ridge,H3,496,2025-07-15,2025-07-18,97214.0,0.0077252247618655,0.001314194839385621,97965.0,97341.75813711603,0.0,97214.0,623.241862883966,388430.4196510762,Up,Up,2951
Ridge,H4,496,2025-07-15,2025-07-21,97214.0,0.020604028226387,0.001748898078435082,99217.0,97384.01737779699,0.0,97214.0,1832.9826222030097,3359825.293298221,Up,Up,2950
Ridge,H5,496,2025-07-15,2025-07-22,97214.0,0.0303865698356204,0.002173771608051238,100168.0,97425.3210331051,0.0,97214.0,2742.678966894906,7522287.915447708,Up,Up,2949
Ridge,H6,496,2025-07-15,2025-07-23,97214.0,0.021498961054992,0.0025972535571517396,99304.0,97466.48940730494,0.0,97214.0,1837.5105926950637,3376445.1782665644,Up,Up,2948
Ridge,H7,496,2025-07-15,2025-07-24,97214.0,0.0149566934803628,0.003024074312180349,98668.0,97507.9823601843,0.0,97214.0,1160.0176398157055,1345640.9246835997,Up,Up,2947
Ridge,H1,497,2025-07-16,2025-07-17,97758.0,-0.0031097199206202,0.0004390783286147534,97454.0,97800.92341924872,0.0,97758.0,346.92341924872017,120355.85882322326,Down,Up,2954
Ridge,H2,497,2025-07-16,2025-07-18,97758.0,0.0021174737617382,0.0008738393983955766,97965.0,97843.42479190836,0.0,97758.0,121.57520809164271,14780.531222526226,Up,Up,2953
Ridge,H3,497,2025-07-16,2025-07-21,97758.0,0.0149246097506086,0.0013137458509862377,99217.0,97886.4291669007,0.0,97758.0,1330.570833099293,1770418.7418945464,Up,Up,2952
Ridge,H4,497,2025-07-16,2025-07-22,97758.0,0.0246527138443912,0.0017520908295779868,100168.0,97929.28089531789,0.0,97758.0,2238.71910468211,5011863.229668668,Up,Up,2951
Ridge,H5,497,2025-07-16,2025-07-23,97758.0,0.0158145624910492,0.0021776280804318158,99304.0,97970.88056588685,0.0,97758.0,1333.1194341131486,1777207.4256101616,Up,Up,2950
Ridge,H6,497,2025-07-16,2025-07-24,97758.0,0.0093087010781727,0.0026008465088123134,98668.0,98012.25355300847,0.0,97758.0,655.7464469915285,430003.4027420135,Up,Up,2949
Ridge,H7,497,2025-07-16,2025-07-25,97758.0,0.0008592647149081,0.0030248867405714376,97842.0,98053.70687798478,0.0,97758.0,211.70687798477593,44819.802186060806,Up,Up,2948
Ridge,H1,498,2025-07-17,2025-07-18,97454.0,0.0052434994971986,0.0004378778143597933,97965.0,97496.67294452063,0.0,97454.0,468.32705547937076,219330.23089397763,Up,Up,2955
Ridge,H2,498,2025-07-17,2025-07-21,97454.0,0.0180905863279086,0.0008743798972047243,99217.0,97539.21181850218,0.0,97454.0,1677.7881814978173,2814973.1819737526,Up,Up,2954
Ridge,H3,498,2025-07-17,2025-07-22,97454.0,0.0278490364684877,0.001312279444851543,100168.0,97581.88688101855,0.0,97454.0,2586.1131189814478,6687981.064167952,Up,Up,2953
Ridge,H4,498,2025-07-17,2025-07-23,97454.0,0.0189833152051224,0.0017504408667827988,99304.0,97624.58746423144,0.0,97454.0,1679.4125357685552,2820426.465296569,Up,Up,2952
Ridge,H5,498,2025-07-17,2025-07-24,97454.0,0.0124571592751452,0.0021796106230312488,98668.0,97666.41177365689,0.0,97454.0,1001.5882263431122,1003178.9751491413,Up,Up,2951
Ridge,H6,498,2025-07-17,2025-07-25,97454.0,0.0039813655673446,0.0026034903248632916,97842.0,97707.72054611922,0.0,97454.0,134.27945388077933,18030.971734520343,Up,Up,2950
Ridge,H7,498,2025-07-17,2025-07-28,97454.0,0.0005233238245736,0.003027267122814995,97505.0,97749.01929018683,0.0,97454.0,244.01929018682858,59545.41398328366,Up,Up,2949
Ridge,H1,499,2025-07-18,2025-07-21,97965.0,0.0127800745164088,0.00043950338004803395,99217.0,98008.0559486264,0.0,97965.0,1208.9440513736045,1461545.7193516244,Up,Up,2956
Ridge,H2,499,2025-07-18,2025-07-22,97965.0,0.0224876231307098,0.0008748004775614199,100168.0,98050.6998287843,0.0,97965.0,2117.3001712156984,4482960.0150300255,Up,Up,2955
Ridge,H3,499,2025-07-18,2025-07-23,97965.0,0.0136681467871178,0.0013144504298775726,99304.0,98093.77013636296,0.0,97965.0,1210.2298636370397,1464656.3228389276,Up,Up,2954
Ridge,H4,499,2025-07-18,2025-07-24,97965.0,0.007176032256418,0.0017505962700893,98668.0,98136.49716359928,0.0,97965.0,531.5028364007158,282495.26510200603,Up,Up,2953
Ridge,H5,499,2025-07-18,2025-07-25,97965.0,-0.0012555504516919,0.0021795857653923896,97842.0,98178.52311950666,0.0,97965.0,336.523119506659,113247.80996249309,Down,Up,2952
Ridge,H6,499,2025-07-18,2025-07-28,97965.0,-0.0046955545347828,0.0026071192669215007,97505.0,98220.40643898396,0.0,97965.0,715.4064389839623,511806.37293971376,Down,Up,2951
Ridge,H7,499,2025-07-18,2025-07-29,97965.0,0.0016332363599245,0.003031561921591497,98125.0,98261.98696364871,0.0,97965.0,136.98696364871284,18765.428209693775,Up,Up,2950
Ridge,H1,500,2025-07-21,2025-07-22,99217.0,0.0095850509489301,0.0004436766155559428,100168.0,99261.02026276563,0.0,99217.0,906.9797372343746,822612.2437537352,Up,Up,2957
Ridge,H2,500,2025-07-21,2025-07-23,99217.0,0.0008768658596813,0.0008806245784049437,99304.0,99304.37292879561,0.0,99217.0,0.37292879560845904,0.13907588659397582,Up,Up,2956
Ridge,H3,500,2025-07-21,2025-07-24,99217.0,-0.0055333259421268,0.001319056236624104,98668.0,99347.87280262914,0.0,99217.0,679.8728026291355,462227.0277547955,Down,Up,2955
Ridge,H4,500,2025-07-21,2025-07-25,99217.0,-0.0138585121501355,0.001756978506235712,97842.0,99391.3221364532,0.0,99217.0,1549.3221364531928,2400399.082503886,Down,Up,2954
Ridge,H5,500,2025-07-21,2025-07-28,99217.0,-0.0172551074916597,0.0021839335623138993,97505.0,99433.6833362521,0.0,99217.0,1928.6833362520993,3719819.4115365283,Down,Up,2953
Ridge,H6,500,2025-07-21,2025-07-29,99217.0,-0.0110061783766894,0.0026112884168867758,98125.0,99476.08420285826,0.0,99217.0,1351.0842028582556,1825428.5232131279,Down,Up,2952
Ridge,H7,500,2025-07-21,2025-07-30,99217.0,-0.0122358063638288,0.0030394340460906635,98003.0,99518.56352775097,0.0,99217.0,1515.5635277509718,2296932.8066489706,Down,Up,2951
Ridge,H1,501,2025-07-22,2025-07-23,100168.0,-0.008625509144637,0.00044676739889044296,99304.0,100212.75179681205,0.0,100168.0,908.7517968120519,825829.8282091329,Down,Up,2958
Ridge,H2,501,2025-07-22,2025-07-24,100168.0,-0.0149748422649947,0.0008879320512352749,98668.0,100256.94237770814,0.0,100168.0,1588.9423777081392,2524737.879676795,Down,Up,2957
Ridge,H3,501,2025-07-22,2025-07-25,100168.0,-0.0232209887389186,0.0013280315486660828,97842.0,100301.0262641668,0.0,100168.0,2459.026264166794,6046810.1678621,Down,Up,2956
Ridge,H4,501,2025-07-22,2025-07-28,100168.0,-0.0265853366344541,0.0017647271358803849,97505.0,100344.76918774688,0.0,100168.0,2839.769187746875,8064289.039676547,Down,Up,2955
Ridge,H5,501,2025-07-22,2025-07-29,100168.0,-0.0203957351649228,0.0021934811998872905,98125.0,100387.71662483033,0.0,100168.0,2262.7166248303256,5119886.52428354,Down,Up,2954
Ridge,H6,501,2025-07-22,2025-07-30,100168.0,-0.0216136890024758,0.0026187845569924017,98003.0,100430.31841150482,0.0,100168.0,2427.3184115048207,5891874.670830286,Down,Up,2953
Ridge,H7,501,2025-07-22,2025-07-31,100168.0,-0.0180696429997604,0.0030467524238060187,98358.0,100473.1870967878,0.0,100168.0,2115.187096787806,4474016.454417626,Down,Up,2952
Ridge,H1,502,2025-07-23,2025-07-24,99304.0,-0.0064045758479014,0.00044370146970003414,98668.0,99348.06133074709,0.0,99304.0,680.0613307470921,462483.41357750585,Down,Up,2959
Ridge,H2,502,2025-07-23,2025-07-25,99304.0,-0.0147224683799243,0.0008879280419159131,97842.0,99392.17480627442,0.0,99304.0,1550.1748062744155,2403041.9300079215,Down,Up,2958
Ridge,H3,502,2025-07-23,2025-07-28,99304.0,-0.0181160879722871,0.0013322046953776142,97505.0,99436.29325506979,0.0,99304.0,1931.2932550697878,3729893.6370780566,Down,Up,2957
Ridge,H4,502,2025-07-23,2025-07-29,99304.0,-0.0118726335293644,0.0017705521531861852,98125.0,99479.82291101999,0.0,99304.0,1354.82291101999,1835545.1202246798,Down,Up,2956
Ridge,H5,502,2025-07-23,2025-07-30,99304.0,-0.0131011842423266,0.00219809068552219,98003.0,99522.27919743508,0.0,99304.0,1519.279197435084,2308209.2797589926,Down,Up,2955
Ridge,H6,502,2025-07-23,2025-07-31,99304.0,-0.0095263030693627,0.00262517615281373,98358.0,99564.69049267902,0.0,99304.0,1206.6904926790157,1456101.9451219258,Down,Up,2954
Ridge,H7,502,2025-07-23,2025-08-01,99304.0,-0.0006444856199145,0.0030511079638622972,99240.0,99606.98722524337,0.0,99304.0,366.98722524337063,134679.62349182845,Down,Up,2953
Ridge,H1,503,2025-07-24,2025-07-25,98668.0,-0.0083715084931285,0.0004413873350270224,97842.0,98711.55080557245,0.0,98668.0,869.5508055724495,756118.6034716958,Down,Up,2960
Ridge,H2,503,2025-07-24,2025-07-28,98668.0,-0.0117870028783394,0.0008825667441012511,97505.0,98755.08109550698,0.0,98668.0,1250.0810955069755,1562702.74534392,Down,Up,2959
Ridge,H3,503,2025-07-24,2025-07-29,98668.0,-0.0055033040094052,0.0013298831906298153,98125.0,98799.21691465307,0.0,98668.0,674.216914653065,454568.4480042984,Down,Up,2958
Ridge,H4,503,2025-07-24,2025-07-30,98668.0,-0.0067397737868407,0.0017723799564850799,98003.0,98842.87718554647,0.0,98668.0,839.8771855464729,705393.6868014644,Down,Up,2957
Ridge,H5,503,2025-07-24,2025-07-31,98668.0,-0.003141849434467,0.002201561221163007,98358.0,98885.2236425697,0.0,98668.0,527.2236425697047,277964.76928446774,Down,Up,2956
Ridge,H6,503,2025-07-24,2025-08-01,98668.0,0.0057972189565005,0.0026274378645375854,99240.0,98927.2440392182,0.0,98668.0,312.7559607817966,97816.29100454469,Up,Up,2955
Ridge,H7,503,2025-07-24,2025-08-04,98668.0,0.0196517614626829,0.003055137967460561,100607.0,98969.4443529734,0.0,98668.0,1637.555647026602,2681588.497108713,Up,Up,2954
Ridge,H1,504,2025-07-25,2025-07-28,97842.0,-0.0034443286114347,0.00043841125607565546,97505.0,97884.89503411694,0.0,97842.0,379.8950341169402,144320.23694671117,Down,Up,2961
Ridge,H2,504,2025-07-25,2025-07-29,97842.0,0.002892418388831,0.0008772949468308227,98125.0,97927.83629218781,0.0,97842.0,197.16370781218575,38873.52767824895,Up,Up,2960
Ridge,H3,504,2025-07-25,2025-07-30,97842.0,0.0016455101081336,0.0013215864136767999,98003.0,97971.30665788698,0.0,97842.0,31.69334211302339,1004.467934293142,Up,Up,2959
Ridge,H4,504,2025-07-25,2025-07-31,97842.0,0.0052738087937695,0.0017670958785480995,98358.0,98014.8961949489,0.0,97842.0,343.1038050510979,117720.22104054177,Up,Up,2958
Ridge,H5,504,2025-07-25,2025-08-01,97842.0,0.0142883424296313,0.0022003924102796516,99240.0,98057.29079420658,0.0,97842.0,1182.7092057934206,1398801.0654685036,Up,Up,2957
Ridge,H6,504,2025-07-25,2025-08-04,97842.0,0.0282598475092497,0.002627896000700632,100607.0,98099.11860050056,0.0,97842.0,2507.8813994994416,6289469.113955278,Up,Up,2956
Ridge,H7,504,2025-07-25,2025-08-05,97842.0,0.0298746959383495,0.003054395251781476,100765.0,98140.8481402248,0.0,97842.0,2624.1518597752,6886172.983161641,Up,Up,2955
Ridge,H1,505,2025-07-28,2025-07-29,97505.0,0.0063586482744475,0.0004371003498592811,98125.0,97547.61946961304,0.0,97505.0,577.3805303869594,333368.2768699266,Up,Up,2962
Ridge,H2,505,2025-07-28,2025-07-30,97505.0,0.0051074303881852,0.0008730179890566026,98003.0,97590.12361902297,0.0,97505.0,412.87638097703166,170466.905968691,Up,Up,2961
Ridge,H3,505,2025-07-28,2025-07-31,97505.0,0.0087482693195219,0.001315019650794758,98358.0,97633.22099105074,0.0,97505.0,724.7790089492628,525304.6118134755,Up,Up,2960
Ridge,H4,505,2025-07-28,2025-08-01,97505.0,0.0177939592841391,0.0017575140384834815,99240.0,97676.36640632234,0.0,97505.0,1563.6335936776595,2444950.015277312,Up,Up,2959
Ridge,H5,505,2025-07-28,2025-08-04,97505.0,0.0318137531408646,0.002193814924756082,100607.0,97718.90792423833,0.0,97505.0,2888.0920757616695,8341075.83807735,Up,Up,2958
Ridge,H6,505,2025-07-28,2025-08-05,97505.0,0.0334341828624173,0.002625419439491853,100765.0,97760.99152244766,0.0,97505.0,3004.008477552343,9024066.933206344,Up,Up,2957
Ridge,H7,505,2025-07-28,2025-08-06,97505.0,0.0326342238859544,0.0030535391628267994,100687.0,97802.73533607143,0.0,97505.0,2884.2646639285667,8318982.651586968,Up,Up,2956
Ridge,H1,506,2025-07-29,2025-07-30,98125.0,-0.0012433121019108,0.0004390987446756566,98003.0,98168.08656432129,0.0,98125.0,165.0865643212892,27253.57371940715,Down,Up,2963
Ridge,H2,506,2025-07-29,2025-07-31,98125.0,0.0023745222929936,0.0008736998184733877,98358.0,98210.73179468769,0.0,98125.0,147.2682053123135,21687.924295909725,Up,Up,2962
Ridge,H3,506,2025-07-29,2025-08-01,98125.0,0.0113630573248406,0.0013127169646602436,99240.0,98253.81035215729,0.0,98125.0,986.1896478427079,972570.0215121242,Up,Up,2961
Ridge,H4,506,2025-07-29,2025-08-04,98125.0,0.0252942675159235,0.0017529090063104944,100607.0,98297.0041962442,0.0,98125.0,2309.9958037557954,5336080.613369383,Up,Up,2960
Ridge,H5,506,2025-07-29,2025-08-05,98125.0,0.0269044585987261,0.00218618054946585,100765.0,98339.51896641633,0.0,98125.0,2425.4810335836664,5882958.244274091,Up,Up,2959
Ridge,H6,506,2025-07-29,2025-08-06,98125.0,0.0261095541401272,0.002620811098242752,100687.0,98382.16708901509,0.0,98125.0,2304.8329109849146,5312254.747559195,Up,Up,2958
Ridge,H7,506,2025-07-29,2025-08-07,98125.0,0.0276178343949045,0.003053058729646143,100835.0,98424.58138784654,0.0,98125.0,2410.4186121534585,5810117.885815805,Up,Up,2957
Ridge,H1,507,2025-07-30,2025-07-31,98003.0,0.0036223380916911,0.0004385317484047509,98358.0,98045.97742693892,0.0,98003.0,312.0225730610837,97358.0860996593,Up,Up,2964
Ridge,H2,507,2025-07-30,2025-08-01,98003.0,0.0126220625899207,0.0008751295265084785,99240.0,98088.76531898642,0.0,98003.0,1151.2346810135787,1325341.2907684362,Up,Up,2963
Ridge,H3,507,2025-07-30,2025-08-04,98003.0,0.0265706151852493,0.0013128300071032365,100607.0,98131.66127918614,0.0,98003.0,2475.3387208138593,6127301.782760393,Up,Up,2962
Ridge,H4,507,2025-07-30,2025-08-05,98003.0,0.0281828107302837,0.001750041513956326,100765.0,98174.50931849227,0.0,98003.0,2590.4906815077265,6710641.970978365,Up,Up,2961
Ridge,H5,507,2025-07-30,2025-08-06,98003.0,0.027386916727039,0.002181016601535964,100687.0,98216.74617000032,0.0,98003.0,2470.2538299996813,6102153.984628094,Up,Up,2960
Ridge,H6,507,2025-07-30,2025-08-07,98003.0,0.0288970745793495,0.0026126212647784026,100835.0,98259.04472181207,0.0,98003.0,2575.955278187932,6635545.595224266,Up,Up,2959
Ridge,H7,507,2025-07-30,2025-08-08,98003.0,0.0327438955950327,0.003047890279448491,101212.0,98301.70239105678,0.0,98003.0,2910.2976089432195,8469832.17262062,Up,Up,2958
Ridge,H1,508,2025-07-31,2025-08-01,98358.0,0.0089672421155371,0.00043960507630018343,99240.0,98401.23867609474,0.0,98358.0,838.7613239052589,703520.5584793027,Up,Up,2965
Ridge,H2,508,2025-07-31,2025-08-04,98358.0,0.0228654507005021,0.0008756344718134956,100607.0,98444.12565537864,0.0,98358.0,2162.874344621363,4678025.430621291,Up,Up,2964
Ridge,H3,508,2025-07-31,2025-08-05,98358.0,0.0244718274060067,0.0013153386558916217,100765.0,98487.3740795162,0.0,98358.0,2277.625920483799,5187579.833659672,Up,Up,2963
Ridge,H4,508,2025-07-31,2025-08-06,98358.0,0.0236788059944286,0.0017512306517338781,100687.0,98530.24754444323,0.0,98358.0,2156.752455556765,4651581.154550136,Up,Up,2962
Ridge,H5,508,2025-07-31,2025-08-07,98358.0,0.0251835132881921,0.0021792182202508012,100835.0,98572.34354570744,0.0,98358.0,2262.6564542925626,5119614.230151791,Up,Up,2961
Ridge,H6,508,2025-07-31,2025-08-08,98358.0,0.0290164501108196,0.0026085196709174294,101212.0,98614.56877779208,0.0,98358.0,2597.431222207917,6746648.954100514,Up,Up,2960
Ridge,H7,508,2025-07-31,2025-08-11,98358.0,0.0145082250554098,0.0030407530670389323,99785.0,98657.08239016781,0.0,98358.0,1127.9176098321914,1272198.1345695634,Up,Up,2959
Ridge,H1,509,2025-08-01,2025-08-04,99240.0,0.0137746876259572,0.0004424799955819261,100607.0,99283.91171476156,0.0,99240.0,1323.0882852384384,1750562.6105351914,Up,Up,2966
Ridge,H2,509,2025-08-01,2025-08-05,99240.0,0.0153667875856509,0.0008795958981410542,100765.0,99327.29109693153,0.0,99240.0,1437.7089030684729,2067006.8899623514,Up,Up,2965
Ridge,H3,509,2025-08-01,2025-08-06,99240.0,0.0145808141878274,0.001318728209388134,100687.0,99370.87058749967,0.0,99240.0,1316.1294125003333,1732196.6304484725,Up,Up,2964
Ridge,H4,509,2025-08-01,2025-08-07,99240.0,0.0160721483272874,0.0017566444543977429,100835.0,99414.32939565442,0.0,99240.0,1420.6706043455779,2018304.9660516295,Up,Up,2963
Ridge,H5,509,2025-08-01,2025-08-08,99240.0,0.0198710197501008,0.0021833060142787157,101212.0,99456.67128885702,0.0,99240.0,1755.3287111429818,3081178.8841628814,Up,Up,2962
Ridge,H6,509,2025-08-01,2025-08-11,99240.0,0.0054917372027407,0.0026095960703532033,99785.0,99498.97631402184,0.0,99240.0,286.023685978158,81809.54894053195,Up,Up,2961
Ridge,H7,509,2025-08-01,2025-08-12,99240.0,0.0038291011688835,0.0030395075710904647,99620.0,99541.64073135502,0.0,99240.0,78.3592686449847,6140.174982576882,Up,Up,2960
Ridge,H1,510,2025-08-04,2025-08-05,100607.0,0.0015704672637093,0.00044697387649636803,100765.0,100651.96870079265,0.0,100607.0,113.031299207345,12776.074600500351,Up,Up,2967
Ridge,H2,510,2025-08-04,2025-08-06,100607.0,0.0007951732980806,0.0008870090848911575,100687.0,100696.23932300364,0.0,100607.0,9.239323003639583,85.36508956558357,Up,Up,2966
Ridge,H3,510,2025-08-04,2025-08-07,100607.0,0.0022662438995297,0.0013272454376436716,100835.0,100740.53018174501,0.0,100607.0,94.46981825499097,8924.546561131025,Up,Up,2965
Ridge,H4,510,2025-08-04,2025-08-08,100607.0,0.006013498066735,0.0017645861634920218,101212.0,100784.52972015044,0.0,100607.0,427.4702798495564,182730.84015465804,Up,Up,2964
Ridge,H5,510,2025-08-04,2025-08-11,100607.0,-0.0081704056377787,0.002193306544691904,99785.0,100827.66199154183,0.0,100607.0,1042.6619915418269,1087144.0286059687,Down,Up,2963
Ridge,H6,510,2025-08-04,2025-08-12,100607.0,-0.00981045056507,0.0026182560189549173,99620.0,100870.414883299,0.0,100607.0,1250.4148832990031,1563537.3803756596,Down,Up,2962
Ridge,H7,510,2025-08-04,2025-08-13,100607.0,-0.0094526225809337,0.003045118072105715,99656.0,100913.36019388033,0.0,100607.0,1257.360193880333,1580954.6571547887,Down,Up,2961
Ridge,H1,511,2025-08-05,2025-08-06,100765.0,-0.0007740783009974,0.0004473525221756822,100687.0,100810.07747689704,0.0,100765.0,123.07747689704411,15148.065319342426,Down,Up,2968
Ridge,H2,511,2025-08-05,2025-08-07,100765.0,0.0006946856547411,0.0008918893989995512,100835.0,100854.8712352902,0.0,100765.0,19.871235290193,394.8659919582116,Up,Up,2967
Ridge,H3,511,2025-08-05,2025-08-08,100765.0,0.0044360641095617,0.0013350488444991845,101212.0,100899.52619681596,0.0,100765.0,312.47380318403884,97639.87767629744,Up,Up,2966
Ridge,H4,511,2025-08-05,2025-08-11,100765.0,-0.0097255991663771,0.001773496178490049,99785.0,100943.70634242556,0.0,100765.0,1158.7063424255612,1342600.3879772217,Down,Up,2965
Ridge,H5,511,2025-08-05,2025-08-12,100765.0,-0.0113630724954101,0.0022016436173187682,99620.0,100986.84861909911,0.0,100765.0,1366.8486190991098,1868275.1475331434,Down,Up,2964
Ridge,H6,511,2025-08-05,2025-08-13,100765.0,-0.0110058055872575,0.002628656565050228,99656.0,101029.87657877729,0.0,100765.0,1373.8765787772863,1887536.853712781,Down,Up,2963
Ridge,H7,511,2025-08-05,2025-08-14,100765.0,-0.0139234853371706,0.0030541764240882814,99362.0,101072.75408737327,0.0,100765.0,1710.754087373265,2926679.547464333,Down,Up,2962
Ridge,H1,512,2025-08-06,2025-08-07,100687.0,0.0014699017748069,0.00044694085340622665,100835.0,100732.00113370692,0.0,100687.0,102.99886629308457,10608.766457660713,Up,Up,2969
Ridge,H2,512,2025-08-06,2025-08-08,100687.0,0.0052141785930657,0.0008918566407479388,101212.0,100776.79836958698,0.0,100687.0,435.20163041302294,189400.4591141534,Up,Up,2968
Ridge,H3,512,2025-08-06,2025-08-11,100687.0,-0.0089584554113242,0.0013395130292176679,99785.0,100821.87154837284,0.0,100687.0,1036.8715483728447,1075102.6078251004,Down,Up,2967
Ridge,H4,512,2025-08-06,2025-08-12,100687.0,-0.010597197254859,0.0017808816409409837,99620.0,100866.31162978143,0.0,100687.0,1246.3116297814267,1553292.6785284362,Down,Up,2966
Ridge,H5,512,2025-08-06,2025-08-13,100687.0,-0.010239653579906,0.0022101378976264185,99656.0,100909.53215449832,0.0,100687.0,1253.5321544983162,1571342.8623611906,Down,Up,2965
Ridge,H6,512,2025-08-06,2025-08-14,100687.0,-0.0131595935920227,0.0026365787672153283,99362.0,100952.46920633462,0.0,100687.0,1590.4692063346156,2529592.296298662,Down,Up,2964
Ridge,H7,512,2025-08-06,2025-08-18,100687.0,-0.0165562585040769,0.003064159544101949,99020.0,100995.52103201699,0.0,100687.0,1975.5210320169863,3902683.3479414587,Down,Up,2963
Ridge,H1,513,2025-08-07,2025-08-08,100835.0,0.0037387811771705,0.0004472850555100027,101212.0,100880.10198857235,0.0,100835.0,331.8980114276492,110156.28998962794,Up,Up,2970
Ridge,H2,513,2025-08-07,2025-08-11,100835.0,-0.01041305102395,0.0008917897788908219,99785.0,100924.92362235447,0.0,100835.0,1139.9236223544722,1299425.8648017412,Down,Up,2969
Ridge,H3,513,2025-08-07,2025-08-12,100835.0,-0.0120493876134278,0.0013398249369759251,99620.0,100970.10124751995,0.0,100835.0,1350.1012475199532,1822773.378554934,Down,Up,2968
Ridge,H4,513,2025-08-07,2025-08-13,100835.0,-0.0116923687211781,0.0017856982830868563,99656.0,101015.06088637507,0.0,100835.0,1359.0608863750676,1847046.4928745846,Down,Up,2967
Ridge,H5,513,2025-08-07,2025-08-14,100835.0,-0.0146080230078842,0.002217883518368868,99362.0,101058.64028457472,0.0,100835.0,1696.6402845747216,2878588.255241792,Down,Up,2966
Ridge,H6,513,2025-08-07,2025-08-18,100835.0,-0.0179997024842564,0.002645435577868681,99020.0,101101.75249649439,0.0,100835.0,2081.7524964943877,4333693.456660616,Down,Up,2965
Ridge,H7,513,2025-08-07,2025-08-19,100835.0,-0.0245549660336192,0.0030724437161003784,98359.0,101144.80986211298,0.0,100835.0,2785.8098621129757,7760736.587845917,Down,Up,2964
Ridge,H1,514,2025-08-08,2025-08-11,101212.0,-0.0140991186815793,0.00044839306443778746,99785.0,101257.38275883789,0.0,101212.0,1472.3827588378917,2167910.9885230814,Down,Up,2971
Ridge,H2,514,2025-08-08,2025-08-12,101212.0,-0.0157293601549223,0.0008932454534775219,99620.0,101302.40715883738,0.0,101212.0,1682.4071588373772,2830493.848107256,Down,Up,2970
Ridge,H3,514,2025-08-08,2025-08-13,101212.0,-0.0153736711061929,0.0013408680660163335,99656.0,101347.71193869764,0.0,101212.0,1691.711938697641,2861889.283532131,Down,Up,2969
Ridge,H4,514,2025-08-08,2025-08-14,101212.0,-0.0182784650041497,0.0017871229593790338,99362.0,101392.87828896468,0.0,101212.0,2030.8782889646827,4124466.6245881175,Down,Up,2968
Ridge,H5,514,2025-08-08,2025-08-18,101212.0,-0.021657510967079,0.0022238335465877513,99020.0,101437.07864091724,0.0,101212.0,2417.0786409172433,5842269.156378348,Down,Up,2967
Ridge,H6,514,2025-08-08,2025-08-19,101212.0,-0.0281883571118048,0.0026543269914088086,98359.0,101480.64974345446,0.0,101212.0,3121.649743454458,9744697.120809283,Down,Up,2966
Ridge,H7,514,2025-08-08,2025-08-20,101212.0,-0.0228135003754496,0.0030824514176687186,98903.0,101523.98107288507,0.0,101212.0,2620.9810728850716,6869541.784421781,Down,Up,2965
Ridge,H1,515,2025-08-11,2025-08-12,99785.0,-0.0016535551435586,0.00044349830180532684,99620.0,99829.25447804565,0.0,99785.0,209.25447804565192,43787.436582158225,Down,Up,2972
Ridge,H2,515,2025-08-11,2025-08-13,99785.0,-0.0012927794758731,0.0008894397685215831,99656.0,99873.75274730191,0.0,99785.0,217.7527473019145,47416.258957531434,Down,Up,2971
Ridge,H3,515,2025-08-11,2025-08-14,99785.0,-0.0042391140953048,0.001337400263780777,99362.0,99918.45248532135,0.0,99785.0,556.4524853213516,309639.368420309,Down,Up,2970
Ridge,H4,515,2025-08-11,2025-08-18,99785.0,-0.0076664829383173,0.0017832453121558601,99020.0,99962.94113347346,0.0,99785.0,942.9411334734614,889137.9811962161,Down,Up,2969
Ridge,H5,515,2025-08-11,2025-08-19,99785.0,-0.0142907250588766,0.0022203315482963045,98359.0,100006.55578354675,0.0,99785.0,1647.555783546748,2714440.0598983387,Down,Up,2968
Ridge,H6,515,2025-08-11,2025-08-20,99785.0,-0.0088390038582952,0.0026552836847164507,98903.0,100049.95748247943,0.0,99785.0,1146.9574824794254,1315511.4666155414,Down,Up,2967
Ridge,H7,515,2025-08-11,2025-08-21,99785.0,-0.0075161597434484,0.003086304061777739,99035.0,100092.96685080449,0.0,99785.0,1057.9668508044851,1119293.8574011598,Down,Up,2966
Ridge,H1,516,2025-08-12,2025-08-13,99620.0,0.0003613732182292,0.00044279265419932824,99656.0,99664.11100421133,0.0,99620.0,8.11100421132869,65.78838931619175,Up,Up,2973
Ridge,H2,516,2025-08-12,2025-08-14,99620.0,-0.0025898413973097,0.000883847916243512,99362.0,99708.04892941617,0.0,99620.0,346.0489294161671,119749.8615500754,Down,Up,2972
Ridge,H3,516,2025-08-12,2025-08-18,99620.0,-0.0060228869704878,0.001332894388100259,99020.0,99752.78293894256,0.0,99620.0,732.7829389425606,536970.8356052964,Down,Up,2971
Ridge,H4,516,2025-08-12,2025-08-19,99620.0,-0.0126581007829753,0.001779076661390677,98359.0,99797.23161700775,0.0,99620.0,1438.2316170077538,2068510.1841607383,Down,Up,2970
Ridge,H5,516,2025-08-12,2025-08-20,99620.0,-0.0071973499297329,0.0022157564269589206,98903.0,99840.73365525364,0.0,99620.0,937.7336552536435,879344.4081953592,Down,Up,2969
Ridge,H6,516,2025-08-12,2025-08-21,99620.0,-0.0058723147962256,0.0026510836727442707,99035.0,99884.10095547879,0.0,99620.0,849.1009554787888,720972.4325949921,Down,Up,2968
Ridge,H7,516,2025-08-12,2025-08-22,99620.0,0.0023790403533427,0.003086554137408268,99857.0,99927.48252316861,0.0,99620.0,70.4825231686118,4967.7860722139,Up,Up,2967
Ridge,H1,517,2025-08-13,2025-08-14,99656.0,-0.0029501485108773,0.00044276559193857375,99362.0,99700.12424783023,0.0,99656.0,338.12424783023016,114328.0069707589,Down,Up,2974
Ridge,H2,517,2025-08-13,2025-08-18,99656.0,-0.0063819539214898,0.0008831161959052521,99020.0,99744.00782761913,0.0,99656.0,724.0078276191343,524187.3344537781,Down,Up,2973
Ridge,H3,517,2025-08-13,2025-08-19,99656.0,-0.0130147708115918,0.0013272734398665673,98359.0,99788.27076192334,0.0,99656.0,1429.2707619233406,2042814.9108889266,Down,Up,2972
Ridge,H4,517,2025-08-13,2025-08-20,99656.0,-0.0075559926145941,0.001774543152002713,98903.0,99832.84387235598,0.0,99656.0,929.8438723559811,864609.6269579661,Down,Up,2971
Ridge,H5,517,2025-08-13,2025-08-21,99656.0,-0.0062314361403227,0.0022115633944356354,99035.0,99876.39556163589,0.0,99656.0,841.3955616358871,707946.4911405699,Down,Up,2970
Ridge,H6,517,2025-08-13,2025-08-22,99656.0,0.0020169382676407,0.0026464840060715644,99857.0,99919.73801010907,0.0,99656.0,62.738010109067545,3936.0579124454616,Up,Up,2969
Ridge,H7,517,2025-08-13,2025-08-25,99656.0,0.0046359476599502,0.003082329557956358,100118.0,99963.1726344277,0.0,99656.0,154.82736557230237,23971.51313005936,Up,Up,2968
Ridge,H1,518,2025-08-14,2025-08-18,99362.0,-0.0034419597029045,0.0004416253430242032,99020.0,99405.88077733357,0.0,99362.0,385.88077733357204,148903.97431556182,Down,Up,2975
Ridge,H2,518,2025-08-14,2025-08-19,99362.0,-0.0100944022865884,0.0008819485704314194,98359.0,99449.6321738552,0.0,99362.0,1090.632173855207,1189478.5386481343,Down,Up,2974
Ridge,H3,518,2025-08-14,2025-08-20,99362.0,-0.0046194722328455,0.0013254012374695557,98903.0,99493.69451775744,0.0,99362.0,590.694517757438,348920.01330869226,Down,Up,2973
Ridge,H4,518,2025-08-14,2025-08-21,99362.0,-0.0032909965580403,0.0017677957460362009,99035.0,99537.65172091765,0.0,99362.0,502.6517209176527,252658.75254147782,Down,Up,2972
Ridge,H5,518,2025-08-14,2025-08-22,99362.0,0.0049817837805197,0.0022059018912616653,99857.0,99581.18282371954,0.0,99362.0,275.8171762804559,76075.11473132408,Up,Up,2971
Ridge,H6,518,2025-08-14,2025-08-25,99362.0,0.0076085425011573,0.0026411619957607954,100118.0,99624.43113822278,0.0,99362.0,493.5688617772248,243610.22131606526,Up,Up,2970
Ridge,H7,518,2025-08-14,2025-08-26,99362.0,0.0117650610897526,0.003076601893689047,100531.0,99667.69731736073,0.0,99362.0,863.3026826392743,745291.5218521676,Up,Up,2969
Ridge,H1,519,2025-08-18,2025-08-19,99020.0,-0.0066754191072511,0.0004403202556394283,98359.0,99063.6005117134,0.0,99020.0,704.6005117134046,496461.88110679155,Down,Up,2976
Ridge,H2,519,2025-08-18,2025-08-20,99020.0,-0.0011815794788931,0.0008795067918817622,98903.0,99107.08876253215,0.0,99020.0,204.0887625321484,41652.222991903654,Down,Up,2975
Ridge,H3,519,2025-08-18,2025-08-21,99020.0,0.0001514845485759,0.0013229303797713582,99035.0,99150.99656620495,0.0,99020.0,115.9965662049508,13455.203371339532,Up,Up,2974
Ridge,H4,519,2025-08-18,2025-08-22,99020.0,0.0084528378105432,0.0017646224164620176,99857.0,99194.73291167807,0.0,99020.0,662.2670883219253,438597.69627440075,Up,Up,2973
Ridge,H5,519,2025-08-18,2025-08-25,99020.0,0.0110886689557665,0.002197872372240631,100118.0,99237.63332229927,0.0,99020.0,880.3666777007311,775045.487205823,Up,Up,2972
Ridge,H6,519,2025-08-18,2025-08-26,99020.0,0.0152595435265603,0.002634214569385626,100531.0,99280.83992666057,0.0,99020.0,1250.1600733394298,1562900.2089720485,Up,Up,2971
Ridge,H7,519,2025-08-18,2025-08-27,99020.0,0.0196626944051707,0.0030699911486367906,100967.0,99323.99052353801,0.0,99020.0,1643.0094764619862,2699480.13974389,Up,Up,2970
Ridge,H1,520,2025-08-19,2025-08-20,98359.0,0.0055307597677893,0.0004379299285120658,98903.0,98402.07434983851,0.0,98359.0,500.9256501614873,250926.50698970875,Up,Up,2977
Ridge,H2,520,2025-08-19,2025-08-21,98359.0,0.006872782358503,0.0008758192484538431,99035.0,98445.14470545868,0.0,98359.0,589.8552945413248,347929.26849843306,Up,Up,2976
Ridge,H3,520,2025-08-19,2025-08-22,98359.0,0.0152299230370378,0.0013181106366877348,99857.0,98488.64804411397,0.0,98359.0,1368.351955886028,1872387.0751771184,Up,Up,2975
Ridge,H4,520,2025-08-19,2025-08-25,98359.0,0.0178834677050396,0.0017597724130414352,100118.0,98532.08945477434,0.0,98359.0,1585.9105452256626,2515112.2574579585,Up,Up,2974
Ridge,H5,520,2025-08-19,2025-08-26,98359.0,0.0220823717199238,0.002192326090801016,100531.0,98574.6350019651,0.0,98359.0,1956.3649980349,3827364.0055360943,Up,Up,2973
Ridge,H6,520,2025-08-19,2025-08-27,98359.0,0.0265151130044023,0.0026238431167457258,100967.0,98617.07858512,0.0,98359.0,2349.9214148799947,5522130.656111596,Up,Up,2972
Ridge,H7,520,2025-08-19,2025-08-28,98359.0,0.0317408676379384,0.0030606925287002275,101481.0,98660.04665643042,0.0,98359.0,2820.9533435695776,7957777.766596379,Up,Up,2971
Ridge,H1,521,2025-08-20,2025-08-21,98903.0,0.0013346410119006,0.0004396401104830704,99035.0,98946.48172584712,0.0,98903.0,88.51827415288426,7835.484859005178,Up,Up,2978
Ridge,H2,521,2025-08-20,2025-08-22,98903.0,0.0096458145860085,0.0008751280934688092,99857.0,98989.55279382835,0.0,98903.0,867.4472061716515,752464.6554950037,Up,Up,2977
Ridge,H3,521,2025-08-20,2025-08-25,98903.0,0.0122847638595391,0.0013161155553483106,100118.0,99033.16777677061,0.0,98903.0,1084.8322232293867,1176860.952556814,Up,Up,2976
Ridge,H4,521,2025-08-20,2025-08-26,98903.0,0.0164605724801067,0.00175664114471711,100531.0,99076.73707913596,0.0,98903.0,1454.2629208640428,2114880.6430000174,Up,Up,2975
Ridge,H5,521,2025-08-20,2025-08-27,98903.0,0.0208689321860813,0.002189168552642283,100967.0,99119.51533736198,0.0,98903.0,1847.4846626380167,3413199.5786827067,Up,Up,2974
Ridge,H6,521,2025-08-20,2025-08-28,98903.0,0.0260659433990879,0.002619987033816869,101481.0,99162.12457760559,0.0,98903.0,2318.8754223944125,5377183.224584864,Up,Up,2973
Ridge,H7,521,2025-08-20,2025-08-29,98903.0,0.04308261630082,0.003051986095047604,103164.0,99204.85058075849,0.0,98903.0,3959.149419241512,15674864.123880403,Up,Up,2972
Ridge,H1,522,2025-08-21,2025-08-22,99035.0,0.0083000959256829,0.0004399406503155133,99857.0,99078.569522304,0.0,99035.0,778.4304776960053,605954.008606031,Up,Up,2979
Ridge,H2,522,2025-08-21,2025-08-25,99035.0,0.0109355278436915,0.0008771422734851816,100118.0,99121.86778505461,0.0,99035.0,996.1322149453918,992279.3896520121,Up,Up,2978
Ridge,H3,522,2025-08-21,2025-08-26,99035.0,0.0151057706871307,0.0013157244066534632,100531.0,99165.30276661293,0.0,99035.0,1365.6972333870654,1865128.9332810845,Up,Up,2977
Ridge,H4,522,2025-08-21,2025-08-27,99035.0,0.0195082546574443,0.0017549448875538388,100967.0,99208.80096693888,0.0,99035.0,1758.1990330611152,3091263.8398570404,Up,Up,2976
Ridge,H5,522,2025-08-21,2025-08-28,99035.0,0.0246983389710708,0.0021863380298286937,101481.0,99251.52398678407,0.0,99035.0,2229.476013215928,4970563.293505189,Up,Up,2975
Ridge,H6,522,2025-08-21,2025-08-29,99035.0,0.041692330994093,0.0026171315503833274,103164.0,99294.18762309222,0.0,99035.0,3869.8123769077793,14975447.832468636,Up,Up,2974
Ridge,H7,522,2025-08-21,2025-09-01,99035.0,0.0491644368152672,0.003048431499431181,103904.0,99336.90141354618,0.0,99035.0,4567.098586453823,20858389.49838851,Up,Up,2973
Ridge,H1,523,2025-08-22,2025-08-25,99857.0,0.002613737644832,0.0004425780785818265,100118.0,99901.19451919294,0.0,99857.0,216.8054808070592,47004.61650798012,Up,Up,2980
Ridge,H2,523,2025-08-22,2025-08-26,99857.0,0.0067496520023633,0.0008800855585997606,100531.0,99944.8827036251,0.0,99857.0,586.1172963748977,343533.4851098197,Up,Up,2979
Ridge,H3,523,2025-08-22,2025-08-27,99857.0,0.0111158957308952,0.0013203964813913941,100967.0,99988.85083144231,0.0,99857.0,978.1491685576912,956775.7959501025,Up,Up,2978
Ridge,H4,523,2025-08-22,2025-08-28,99857.0,0.0162632564567331,0.0017571943478143263,101481.0,100032.46815598969,0.0,99857.0,1448.5318440103147,2098244.5031119226,Up,Up,2977
Ridge,H5,523,2025-08-22,2025-08-29,99857.0,0.033117357821685,0.002187276870446516,103164.0,100075.41490645218,0.0,99857.0,3088.585093547823,9539357.880085815,Up,Up,2976
Ridge,H6,523,2025-08-22,2025-09-01,99857.0,0.0405279549756152,0.0026169294765830855,103904.0,100118.31872674315,0.0,99857.0,3785.6812732568505,14331382.70268761,Up,Up,2975
Ridge,H7,523,2025-08-22,2025-09-02,99857.0,0.0584636029522216,0.00304820601884956,105695.0,100161.38470842426,0.0,99857.0,5533.615291575741,30620898.195160873,Up,Up,2974
Ridge,H1,524,2025-08-25,2025-08-26,100118.0,0.0041251323438342,0.0004433069273327782,100531.0,100162.38300295071,0.0,100118.0,368.61699704929197,135878.49051363772,Up,Up,2981
Ridge,H2,524,2025-08-25,2025-08-27,100118.0,0.008479993607543,0.0008834605123226524,100967.0,100206.45029957272,0.0,100118.0,760.5497004272765,578435.8468200201,Up,Up,2980
Ridge,H3,524,2025-08-25,2025-08-28,100118.0,0.0136139355560438,0.001324077794420974,101481.0,100250.56402062184,0.0,100118.0,1230.4359793781623,1513972.6993482974,Up,Up,2979
Ridge,H4,524,2025-08-25,2025-08-29,100118.0,0.0304240995625162,0.0017626102707954938,103164.0,100294.4690150915,0.0,100118.0,2869.5309849085024,8234208.07334996,Up,Up,2978
Ridge,H5,524,2025-08-25,2025-09-01,100118.0,0.0378153778541321,0.002190267706814554,103904.0,100337.28522227086,0.0,100118.0,3566.7147777291393,12721454.305671424,Up,Up,2977
Ridge,H6,524,2025-08-25,2025-09-02,100118.0,0.0557042689626241,0.002618607164789551,105695.0,100380.1697121244,0.0,100118.0,5314.830287875593,28247420.98891976,Up,Up,2976
Ridge,H7,524,2025-08-25,2025-09-03,100118.0,0.0695379452246349,0.003048739848938727,107080.0,100423.23373619605,0.0,100118.0,6656.766263803947,44312537.09091836,Up,Up,2975
Ridge,H1,525,2025-08-26,2025-08-27,100531.0,0.004336970685659,0.00044454125112904975,100967.0,100575.69017651727,0.0,100531.0,391.3098234827339,153123.37795408838,Up,Up,2982
Ridge,H2,525,2025-08-26,2025-08-28,100531.0,0.0094498214481104,0.0008854279681368419,101481.0,100620.01295906476,0.0,100531.0,860.9870409352443,741298.6846584281,Up,Up,2981
Ridge,H3,525,2025-08-26,2025-08-29,100531.0,0.0261909261819737,0.0013287019605931283,103164.0,100664.5757368004,0.0,100531.0,2499.424263199602,6247121.647470874,Up,Up,2980
Ridge,H4,525,2025-08-26,2025-09-01,100531.0,0.0335518397310281,0.00176754373239031,103904.0,100708.69293896093,0.0,100531.0,3195.3070610390714,10209987.214326149,Up,Up,2979
Ridge,H5,525,2025-08-26,2025-09-02,100531.0,0.0513672399558344,0.002196946925719123,105695.0,100751.86127138945,0.0,100531.0,4943.1387286105455,24434620.49028948,Up,Up,2978
Ridge,H6,525,2025-08-26,2025-09-03,100531.0,0.0651440849091324,0.0026228529854484474,107080.0,100794.67803348012,0.0,100531.0,6285.321966519885,39505272.22281739,Up,Up,2977
Ridge,H7,525,2025-08-26,2025-09-04,100531.0,0.057484755945927,0.0030516685030789257,106310.0,100837.78728628304,0.0,100531.0,5472.212713716959,29945111.984165527,Up,Up,2976
Ridge,H1,526,2025-08-27,2025-08-28,100967.0,0.0050907722325115,0.000445846297587582,101481.0,101012.01576312853,0.0,100967.0,468.9842368714744,219946.21443391923,Up,Up,2983
Ridge,H2,526,2025-08-27,2025-08-29,100967.0,0.0217595848148404,0.0008879749707250449,103164.0,101056.6561688692,0.0,100967.0,2107.343831130798,4440898.02260503,Up,Up,2982
Ridge,H3,526,2025-08-27,2025-09-01,100967.0,0.0290887121534759,0.0013319854944932035,103904.0,101101.48657942249,0.0,100967.0,2802.5134205775103,7854081.472517057,Up,Up,2981
Ridge,H4,526,2025-08-27,2025-09-02,100967.0,0.0468271811582001,0.0017734971743722965,105695.0,101146.06468920485,0.0,100967.0,4548.9353107951465,20692812.461798936,Up,Up,2980
Ridge,H5,526,2025-08-27,2025-09-03,100967.0,0.0605445343528083,0.0022032149304416094,107080.0,101189.4520018819,0.0,100967.0,5890.547998118098,34698555.71813313,Up,Up,2979
Ridge,H6,526,2025-08-27,2025-09-04,100967.0,0.0529182802301742,0.002630876060121946,106310.0,101232.63166316233,0.0,100967.0,5077.368336837666,25779669.227921687,Up,Up,2978
Ridge,H7,526,2025-08-27,2025-09-05,100967.0,0.065744253072786,0.003057248416469757,107605.0,101275.6812008657,0.0,100967.0,6329.3187991343,40060276.46107486,Up,Up,2977
Ridge,H1,527,2025-08-28,2025-08-29,101481.0,0.0165843852543825,0.0004474028516586715,103164.0,101526.40288878916,0.0,101481.0,1637.5971112108382,2681724.298646082,Up,Up,2984
Ridge,H2,527,2025-08-28,2025-09-01,101481.0,0.0238763906544081,0.000890845295580243,103904.0,101571.40387144078,0.0,101481.0,2332.5961285592202,5441004.698969462,Up,Up,2983
Ridge,H3,527,2025-08-28,2025-09-02,101481.0,0.0415250145347405,0.0013361041892978145,105695.0,101616.58918923413,0.0,101481.0,4078.4108107658685,16633434.74137191,Up,Up,2982
Ridge,H4,527,2025-08-28,2025-09-03,101481.0,0.05517288950641,0.0017783578503265279,107080.0,101661.46953300899,0.0,101481.0,5418.530466991011,29360472.421709824,Up,Up,2981
Ridge,H5,527,2025-08-28,2025-09-04,101481.0,0.0475852622658428,0.002210763728708626,106310.0,101705.35051395308,0.0,101481.0,4604.649486046925,21202796.889352206,Up,Up,2980
Ridge,H6,527,2025-08-28,2025-09-05,101481.0,0.0603462717158878,0.0026387430408246443,107605.0,101748.78228252592,0.0,101481.0,5856.217717474079,34295285.95445731,Up,Up,2979
Ridge,H7,527,2025-08-28,2025-09-08,101481.0,0.0681112720607799,0.0030668805918201802,108393.0,101792.2301093385,0.0,101481.0,6600.769890661497,43570163.14946339,Up,Up,2978
Ridge,H1,528,2025-08-29,2025-09-01,103164.0,0.0071730448606102,0.00045280876151697824,103904.0,103210.71356307314,0.0,103164.0,693.2864369268646,480646.08362674736,Up,Up,2985
Ridge,H2,528,2025-08-29,2025-09-02,103164.0,0.0245337520840602,0.0008978387205493154,105695.0,103256.62463376675,0.0,103164.0,2438.3753662332456,5945674.426653114,Up,Up,2984
Ridge,H3,528,2025-08-29,2025-09-03,103164.0,0.0379589779380404,0.0013444363767606353,107080.0,103302.69743437214,0.0,103164.0,3777.3025656278624,14268014.672298832,Up,Up,2983
Ridge,H4,528,2025-08-29,2025-09-04,103164.0,0.0304951339614594,0.0017879641711468822,106310.0,103348.4535357522,0.0,103164.0,2961.5464642478037,8770757.459898667,Up,Up,2982
Ridge,H5,528,2025-08-29,2025-09-05,103164.0,0.0430479624675275,0.002221131583301867,107605.0,103393.14081865975,0.0,103164.0,4211.859181340245,17739757.76344012,Up,Up,2981
Ridge,H6,528,2025-08-29,2025-09-08,103164.0,0.0506862859136907,0.00265184832154365,108393.0,103437.57528024373,0.0,103164.0,4955.424719756265,24556234.15317146,Up,Up,2980
Ridge,H7,528,2025-08-29,2025-09-09,103164.0,0.0556686441006553,0.0030803131384675533,108907.0,103481.77742461687,0.0,103164.0,5425.22257538313,29433039.99244676,Up,Up,2979
Ridge,H1,529,2025-09-01,2025-09-02,103904.0,0.0172370649830613,0.0004550597744452299,105695.0,103951.28253080396,0.0,103904.0,1743.717469196039,3040550.612379439,Up,Up,2986
Ridge,H2,529,2025-09-01,2025-09-03,103904.0,0.0305666769325532,0.0009055374791768668,107080.0,103998.08896623639,0.0,103904.0,3081.9110337636084,9498175.620033873,Up,Up,2985
Ridge,H3,529,2025-09-01,2025-09-04,103904.0,0.0231559901447488,0.0013537346713678438,106310.0,104044.65844729381,0.0,103904.0,2265.341552706188,5131772.350417282,Up,Up,2984
Ridge,H4,529,2025-09-01,2025-09-05,103904.0,0.0356194179242377,0.0017986130756394198,107605.0,104090.88309301123,0.0,103904.0,3514.116906988769,12349017.635984315,Up,Up,2983
Ridge,H5,529,2025-09-01,2025-09-08,103904.0,0.0432033415460424,0.002233068634335258,108393.0,104136.02476338197,0.0,103904.0,4256.975236618033,18121838.165179156,Up,Up,2982
Ridge,H6,529,2025-09-01,2025-09-09,103904.0,0.0481502155836155,0.002664554781180441,108907.0,104180.85789998378,0.0,103904.0,4726.142100016223,22336419.14954575,Up,Up,2981
Ridge,H7,529,2025-09-01,2025-09-10,103904.0,0.047928857406837,0.0030957782967530258,108884.0,104225.66374814583,0.0,103904.0,4658.336251854169,21700096.635338746,Up,Up,2980
Ridge,H1,530,2025-09-02,2025-09-03,105695.0,0.0131037418988599,0.0004606776210758491,107080.0,105743.69132115961,0.0,105695.0,1336.308678840389,1785720.8851441457,Up,Up,2987
Ridge,H2,530,2025-09-02,2025-09-04,105695.0,0.005818629074223,0.0009134496388528462,106310.0,105791.54705957854,0.0,105695.0,518.4529404214554,268793.45143165323,Up,Up,2986
Ridge,H3,530,2025-09-02,2025-09-05,105695.0,0.0180708642792941,0.0013671917364135755,107605.0,105839.50533058023,0.0,105695.0,1765.4946694197715,3116971.427749628,Up,Up,2985
Ridge,H4,530,2025-09-02,2025-09-08,105695.0,0.0255262784426888,0.0018137023433107337,108393.0,105886.69926917623,0.0,105695.0,2506.300730823772,6281543.3533277735,Up,Up,2984
Ridge,H5,530,2025-09-02,2025-09-09,105695.0,0.0303893277827711,0.002249539436400772,108907.0,105932.76507073038,0.0,105695.0,2974.2349292696163,8846073.41448744,Up,Up,2983
Ridge,H6,530,2025-09-02,2025-09-10,105695.0,0.0301717205165807,0.0026823412160519528,108884.0,105978.5100548306,0.0,105695.0,2905.4899451693927,8441871.82148044,Up,Up,2982
Ridge,H7,530,2025-09-02,2025-09-11,105695.0,0.030039263919769,0.00311435191558888,108870.0,106024.17142571817,0.0,105695.0,2845.828574281826,8098740.274198932,Up,Up,2981
Ridge,H1,531,2025-09-03,2025-09-04,107080.0,-0.0071908853193873,0.0004649091215365056,106310.0,107129.78246873413,0.0,107080.0,819.7824687341345,672043.2960438321,Down,Up,2988
Ridge,H2,531,2025-09-03,2025-09-05,107080.0,0.0049028763541276,0.0009233774855966412,107605.0,107178.87526115768,0.0,107080.0,426.1247388423217,181582.29305343685,Up,Up,2987
Ridge,H3,531,2025-09-03,2025-09-08,107080.0,0.0122618602913708,0.0013794465699642025,108393.0,107227.71113871176,0.0,107080.0,1165.288861288238,1357898.1302424383,Up,Up,2986
Ridge,H4,531,2025-09-03,2025-09-09,107080.0,0.0170620097123646,0.0018315785160007948,108907.0,107276.12542749336,0.0,107080.0,1630.87457250664,2659751.871248716,Up,Up,2985
Ridge,H5,531,2025-09-03,2025-09-10,107080.0,0.0168472170339932,0.0022690758305431748,108884.0,107322.97263993457,0.0,107080.0,1561.0273600654327,2436806.418872854,Up,Up,2984
Ridge,H6,531,2025-09-03,2025-09-11,107080.0,0.0167164736645499,0.0027032809232131316,108870.0,107369.46732125765,0.0,107080.0,1500.5326787423546,2251598.3199737063,Up,Up,2983
Ridge,H7,531,2025-09-03,2025-09-12,107080.0,0.0201438177063877,0.0031366273192780045,109237.0,107415.8700533483,0.0,107080.0,1821.129946651694,3316514.2825916014,Up,Up,2982
Ridge,H1,532,2025-09-04,2025-09-05,106310.0,0.0121813564104975,0.00046234809186407663,107605.0,106359.15222564609,0.0,106310.0,1245.8477743539115,1552136.676862595,Up,Up,2989
Ridge,H2,532,2025-09-04,2025-09-08,106310.0,0.0195936412378892,0.000925015937022458,108393.0,106408.33844426485,0.0,106310.0,1984.661555735147,3938881.4908130537,Up,Up,2988
Ridge,H3,532,2025-09-04,2025-09-09,106310.0,0.0244285579907816,0.0013867373151808739,108907.0,106457.42404397688,0.0,106310.0,2449.5759560231236,6000422.3643266,Up,Up,2987
Ridge,H4,532,2025-09-04,2025-09-10,106310.0,0.024212209575769,0.0018411784102491447,108884.0,106505.7356767936,0.0,106310.0,2378.2643232064,5656141.191036397,Up,Up,2986
Ridge,H5,532,2025-09-04,2025-09-11,106310.0,0.0240805192361961,0.0022842578075799765,108870.0,106552.83944752382,0.0,106310.0,2317.1605524761835,5369233.025951732,Up,Up,2985
Ridge,H6,532,2025-09-04,2025-09-12,106310.0,0.0275326874235726,0.002720109667540093,109237.0,106599.17485875617,0.0,106310.0,2637.825141243826,6958121.47577801,Up,Up,2984
Ridge,H7,532,2025-09-04,2025-09-15,106310.0,0.0351331013074969,0.003154847447530537,110045.0,106645.39183214697,0.0,106310.0,3399.608167853032,11557335.694933048,Up,Up,2983
Ridge,H1,533,2025-09-05,2025-09-08,107605.0,0.0073230797825378,0.00046626696465737754,108393.0,107655.17265673196,0.0,107605.0,737.8273432680435,544389.1884739792,Up,Up,2990
Ridge,H2,533,2025-09-05,2025-09-09,107605.0,0.0120998094884066,0.0009263462575376696,108907.0,107704.67948904235,0.0,107605.0,1202.320510957652,1445574.6110694695,Up,Up,2989
Ridge,H3,533,2025-09-05,2025-09-10,107605.0,0.0118860647739418,0.0013923208701914107,108884.0,107754.82068723695,0.0,107605.0,1129.1793127630517,1275045.9203720377,Up,Up,2988
Ridge,H4,533,2025-09-05,2025-09-11,107605.0,0.0117559592955718,0.0018524865057533018,108870.0,107804.33681045157,0.0,107605.0,1065.6631895484315,1135638.0335585363,Up,Up,2987
Ridge,H5,533,2025-09-05,2025-09-12,107605.0,0.0151665814785557,0.0022979092246839922,109237.0,107852.26652212213,0.0,107605.0,1384.733477877875,1917486.8047557552,Up,Up,2986
Ridge,H6,533,2025-09-05,2025-09-15,107605.0,0.0226755262301938,0.0027394151869128227,110045.0,107899.77477118776,0.0,107605.0,2145.22522881224,4601991.282332527,Up,Up,2985
Ridge,H7,533,2025-09-05,2025-09-16,107605.0,0.0226290599879188,0.0031758225470543524,110040.0,107946.73438517579,0.0,107605.0,2093.2656148242095,4381760.934205376,Up,Up,2984
Ridge,H1,534,2025-09-08,2025-09-09,108393.0,0.004742003634921,0.0004685599042346825,108907.0,108443.78861369971,0.0,108393.0,463.2113863002887,214564.7883982353,Up,Up,2991
Ridge,H2,534,2025-09-08,2025-09-10,108393.0,0.0045298128107904,0.0009325903743890523,108884.0,108494.08626845115,0.0,108393.0,389.91373154884786,152032.718050347,Up,Up,2990
Ridge,H3,534,2025-09-08,2025-09-11,108393.0,0.0044006531787108,0.0013959580343860765,108870.0,108544.31207922121,0.0,108393.0,325.68792077878607,106072.62174120883,Up,Up,2989
Ridge,H4,534,2025-09-08,2025-09-12,108393.0,0.0077864806767964,0.0018604104444288091,109237.0,108594.65546930298,0.0,108393.0,642.3445306970243,412606.4961163804,Up,Up,2988
Ridge,H5,534,2025-09-08,2025-09-15,108393.0,0.0152408365853884,0.002311605012121472,110045.0,108643.56180207888,0.0,108393.0,1401.4381979211175,1964029.0225923895,Up,Up,2987
Ridge,H6,534,2025-09-08,2025-09-16,108393.0,0.0151947081453598,0.002755473344441412,110040.0,108691.67402222405,0.0,108393.0,1348.3259777759522,1817982.9423454776,Up,Up,2986
Ridge,H7,534,2025-09-08,2025-09-17,108393.0,0.0119841687193822,0.0031975775848059364,109692.0,108739.59502714986,0.0,108393.0,952.4049728501413,907075.2323096785,Up,Up,2985
Ridge,H1,535,2025-09-09,2025-09-10,108907.0,-0.0002111893634018,0.00046998817600363947,108884.0,108958.18500228404,0.0,108907.0,74.18500228403718,5503.414563882602,Down,Up,2992
Ridge,H2,535,2025-09-09,2025-09-11,108907.0,-0.0003397394106898,0.0009363236851547973,108870.0,109008.97220357915,0.0,108907.0,138.9722035791492,19313.27336764449,Down,Up,2991
Ridge,H3,535,2025-09-09,2025-09-12,108907.0,0.0030301082575041,0.001403661219529139,109237.0,109059.86853243527,0.0,108907.0,177.13146756472997,31375.556801634986,Up,Up,2990
Ridge,H4,535,2025-09-09,2025-09-15,108907.0,0.0104492824152717,0.0018654962893275057,110045.0,109110.16560438178,0.0,108907.0,934.8343956182216,873915.3472308856,Up,Up,2989
Ridge,H5,535,2025-09-09,2025-09-16,108907.0,0.0104033716840974,0.0023210017317280246,110040.0,109159.77333559732,0.0,108907.0,880.2266644026822,774798.9807254721,Up,Up,2988
Ridge,H6,535,2025-09-09,2025-09-17,108907.0,0.0072079847943657,0.0027706713031439628,109692.0,109208.7454996115,0.0,108907.0,483.2545003885025,233534.91214574117,Up,Up,2987
Ridge,H7,535,2025-09-09,2025-09-18,108907.0,0.0004040144343337,0.003215151015641604,108951.0,109257.15245166047,0.0,108907.0,306.1524516604695,93729.32365771613,Up,Up,2986
Ridge,H1,536,2025-09-10,2025-09-11,108884.0,-0.0001285772014253,0.0004697606918696464,108870.0,108935.14942317353,0.0,108884.0,65.14942317352688,4244.447339843282,Down,Up,2993
Ridge,H2,536,2025-09-10,2025-09-12,108884.0,0.0032419822930824,0.000937525148529911,109237.0,108986.08148827254,0.0,108884.0,250.918511727461,62960.09952752399,Up,Up,2992
Ridge,H3,536,2025-09-10,2025-09-15,108884.0,0.0106627236324896,0.0014071664140304745,110045.0,109037.2179078253,0.0,108884.0,1007.7820921747043,1015624.7453080242,Up,Up,2991
Ridge,H4,536,2025-09-10,2025-09-16,108884.0,0.010616803203409,0.0018729706646531611,110040.0,109087.9365378501,0.0,108884.0,952.0634621499048,906424.8359608633,Up,Up,2990
Ridge,H5,536,2025-09-10,2025-09-17,108884.0,0.0074207413394071,0.002325862299012501,109692.0,109137.24919056568,0.0,108884.0,554.7508094343211,307748.4605680345,Up,Up,2989
Ridge,H6,536,2025-09-10,2025-09-18,108884.0,0.0006153337496785,0.0027798424695553007,108951.0,109186.68036745506,0.0,108884.0,235.68036745506106,55545.235603752604,Up,Up,2988
Ridge,H7,536,2025-09-10,2025-09-19,108884.0,0.0076319753131772,0.003230120751565599,109715.0,109235.70846791349,0.0,108884.0,479.29153208651405,229720.37272983792,Up,Up,2987
Ridge,H1,537,2025-09-11,2025-09-12,108870.0,0.0033709929273444,0.00046956087358260366,109237.0,108921.12109230693,0.0,108870.0,315.8789076930698,99779.4843253669,Up,Up,2994
Ridge,H2,537,2025-09-11,2025-09-15,108870.0,0.0107926885276017,0.000937098486730972,110045.0,108972.0219122504,0.0,108870.0,1072.9780877495941,1151281.9767907758,Up,Up,2993
Ridge,H3,537,2025-09-11,2025-09-16,108870.0,0.0107467621934416,0.001408166879057936,110040.0,109023.30712812304,0.0,108870.0,1016.6928718769632,1033664.3957254271,Up,Up,2992
Ridge,H4,537,2025-09-11,2025-09-17,108870.0,0.0075502893359051,0.0018762752129151204,109692.0,109074.27008243007,0.0,108870.0,617.72991756993,381590.2510609525,Up,Up,2991
Ridge,H5,537,2025-09-11,2025-09-18,108870.0,0.0007440066133921,0.0023331386628418736,108951.0,109124.00880622359,0.0,108870.0,173.00880622358818,29932.047030911086,Up,Up,2990
Ridge,H6,537,2025-09-11,2025-09-19,108870.0,0.0077615504730412,0.002784505247047403,109715.0,109173.14908624605,0.0,108870.0,541.8509137539513,293602.412735992,Up,Up,2989
Ridge,H7,537,2025-09-11,2025-09-22,108870.0,0.0293928538624046,0.0032390933561447155,112070.0,109222.64009368348,0.0,108870.0,2847.3599063165166,8107458.436098802,Up,Up,2988
Ridge,H1,538,2025-09-12,2025-09-15,109237.0,0.0073967611706655,0.00047052986976177104,110045.0,109288.39927138317,0.0,109237.0,756.6007286168315,572444.6625435202,Up,Up,2995
Ridge,H2,538,2025-09-12,2025-09-16,109237.0,0.0073509891337184,0.0009378684347776855,110040.0,109339.4499342098,0.0,109237.0,700.5500657902012,490770.3946786552,Up,Up,2994
Ridge,H3,538,2025-09-12,2025-09-17,109237.0,0.004165255362194,0.0014087091990173475,109692.0,109390.88316677306,0.0,109237.0,301.11683322694444,90671.34725262347,Up,Up,2993
Ridge,H4,538,2025-09-12,2025-09-18,109237.0,-0.0026181605133791,0.0018782511724723138,108951.0,109442.17452332737,0.0,109237.0,491.17452332736866,241252.4123658678,Down,Up,2992
Ridge,H5,538,2025-09-12,2025-09-19,109237.0,0.0043758067321511,0.0023374296862873106,109715.0,109492.33380664096,0.0,109237.0,222.6661933590367,49580.23366500392,Up,Up,2991
Ridge,H6,538,2025-09-12,2025-09-22,109237.0,0.0259344361342768,0.002792782612670786,112070.0,109542.07519426032,0.0,109237.0,2527.9248057396762,6390403.82347398,Up,Up,2990
Ridge,H7,538,2025-09-12,2025-09-23,109237.0,0.0409934362899018,0.003244749529638579,113715.0,109591.44670436913,0.0,109237.0,4123.553295630874,17003691.781908244,Up,Up,2989
Ridge,H1,539,2025-09-15,2025-09-16,110045.0,-4.543595801720368e-05,0.0004728414687566268,110040.0,110097.03383942934,0.0,110045.0,57.033839429335785,3252.858840051257,Down,Up,2996
Ridge,H2,539,2025-09-15,2025-09-17,110045.0,-0.0032077786360125,0.0009411588226992168,109692.0,110148.56982264394,0.0,110045.0,456.56982264394173,208456.00294912042,Down,Up,2995
Ridge,H3,539,2025-09-15,2025-09-18,110045.0,-0.0099413876141578,0.0014117998815504629,108951.0,110200.36151796521,0.0,110045.0,1249.3615179652115,1560904.2025723376,Down,Up,2994
Ridge,H4,539,2025-09-15,2025-09-19,110045.0,-0.0029987732291335,0.0018811145479454283,109715.0,110252.00725042865,0.0,110045.0,537.0072504286509,288376.78701293975,Down,Up,2993
Ridge,H5,539,2025-09-15,2025-09-22,110045.0,0.0184015629969558,0.0023417422530334488,112070.0,110302.69702623507,0.0,110045.0,1767.302973764934,3123359.801078379,Up,Up,2992
Ridge,H6,539,2025-09-15,2025-09-23,110045.0,0.0333499931846064,0.002799430457867227,113715.0,110353.063324736,0.0,110045.0,3361.9366752640053,11302618.208485194,Up,Up,2991
Ridge,H7,539,2025-09-15,2025-09-24,110045.0,0.022081875596347,0.0032554149799482028,112475.0,110403.24214146839,0.0,110045.0,2071.757858531608,4292180.624387474,Up,Up,2990
Ridge,H1,540,2025-09-16,2025-09-17,110040.0,-0.0031624863685932,0.0004726689310244549,109692.0,110092.01248916992,0.0,110040.0,400.01248916992336,160009.99149191804,Down,Up,2997
Ridge,H2,540,2025-09-16,2025-09-18,110040.0,-0.009896401308615,0.0009432986862217156,108951.0,110143.80058743183,0.0,110040.0,1192.8005874318333,1422773.2413777264,Down,Up,2996
Ridge,H3,540,2025-09-16,2025-09-19,110040.0,-0.0029534714649218,0.001414917271796563,109715.0,110195.69749658849,0.0,110040.0,480.6974965884874,231070.08322643887,Down,Up,2995
Ridge,H4,540,2025-09-16,2025-09-22,110040.0,0.0184478371501273,0.0018840329313639845,112070.0,110247.3189837673,0.0,110040.0,1822.681016232702,3322166.086935075,Up,Up,2994
Ridge,H5,540,2025-09-16,2025-09-23,110040.0,0.0333969465648855,0.002344436419200692,113715.0,110297.98178356884,0.0,110040.0,3417.0182164311555,11676013.491422355,Up,Up,2993
Ridge,H6,540,2025-09-16,2025-09-24,110040.0,0.0221283169756452,0.002803573890457701,112475.0,110348.50527090597,0.0,110040.0,2126.4947290940327,4521979.832864704,Up,Up,2992
Ridge,H7,540,2025-09-16,2025-09-25,110040.0,0.0233187931661214,0.003261892974329519,112606.0,110398.93870289522,0.0,110040.0,2207.0612971047813,4871119.56917784,Up,Up,2991
Ridge,H1,541,2025-09-17,2025-09-18,109692.0,-0.0067552784159282,0.00047145629126914507,108951.0,109743.7149835019,0.0,109692.0,792.7149835018936,628397.0450684074,Down,Up,2998
Ridge,H2,541,2025-09-17,2025-09-19,109692.0,0.000209678007512,0.0009419133992085394,109715.0,109795.32036458599,0.0,109692.0,80.32036458599032,6451.360967226407,Up,Up,2997
Ridge,H3,541,2025-09-17,2025-09-22,109692.0,0.0216788826897129,0.0014158351188620845,112070.0,109847.30578585822,0.0,109692.0,2222.694214141782,4940369.5695793545,Up,Up,2996
Ridge,H4,541,2025-09-17,2025-09-23,109692.0,0.0366754184443716,0.0018859247824732632,113715.0,109898.87086123905,0.0,109692.0,3816.1291387609526,14562841.60370041,Up,Up,2995
Ridge,H5,541,2025-09-17,2025-09-24,109692.0,0.0253710389089449,0.0023461318814045878,112475.0,109949.35189833504,0.0,109692.0,2525.648101664963,6378898.333443833,Up,Up,2994
Ridge,H6,541,2025-09-17,2025-09-25,109692.0,0.0265652919082521,0.0028050454151027685,112606.0,109999.69104167345,0.0,109692.0,2606.3089583265537,6792846.386253245,Up,Up,2993
Ridge,H7,541,2025-09-17,2025-09-26,109692.0,0.0362104802538014,0.0032648080570569778,113664.0,110050.1233253947,0.0,109692.0,3613.8766746053007,13060104.619256265,Up,Up,2992
Ridge,H1,542,2025-09-18,2025-09-19,108951.0,0.0070123266422519,0.0004690462570103841,109715.0,109002.10305874753,0.0,108951.0,712.8969412524748,508222.0488471345,Up,Up,2999
Ridge,H2,542,2025-09-18,2025-09-22,108951.0,0.0286275481638533,0.0009382975960157812,112070.0,109053.2284613835,0.0,108951.0,3016.7715386164928,9100910.516206522,Up,Up,2998
Ridge,H3,542,2025-09-18,2025-09-23,108951.0,0.0437260786959274,0.0014120449483662927,113715.0,109104.84370916947,0.0,108951.0,4610.156290830535,21253541.025884356,Up,Up,2997
Ridge,H4,542,2025-09-18,2025-09-24,108951.0,0.032344815559288,0.001884420848024605,112475.0,109156.30953581314,0.0,108951.0,3318.6904641868605,11013706.397084799,Up,Up,2996
Ridge,H5,542,2025-09-18,2025-09-25,108951.0,0.0335471909390459,0.0023455965446186854,112606.0,109206.55508913274,0.0,108951.0,3399.444910867256,11556225.702021288,Up,Up,2995
Ridge,H6,542,2025-09-18,2025-09-26,108951.0,0.0432579783572431,0.0028043136476701147,113664.0,109256.53277622731,0.0,108951.0,4407.467223772692,19425767.32863056,Up,Up,2994
Ridge,H7,542,2025-09-18,2025-09-29,108951.0,0.0622573450450203,0.0032638520185126045,115734.0,109306.59994126897,0.0,108951.0,6427.400058731029,41311471.51497564,Up,Up,2993
Ridge,H1,543,2025-09-19,2025-09-22,109715.0,0.0214647040058333,0.0004712272926158202,112070.0,109766.70070240933,0.0,109715.0,2303.2992975906673,5305187.654281661,Up,Up,3000
Ridge,H2,543,2025-09-19,2025-09-23,109715.0,0.0364580959759377,0.000938054847774718,113715.0,109817.91868762359,0.0,109715.0,3897.081312376409,15187242.755273435,Up,Up,2999
Ridge,H3,543,2025-09-19,2025-09-24,109715.0,0.025156086223397,0.0014105889236519379,112475.0,109869.76276375848,0.0,109715.0,2605.237236241519,6787261.057099348,Up,Up,2998
Ridge,H4,543,2025-09-19,2025-09-25,109715.0,0.0263500888666088,0.0018827916093933628,112606.0,109921.57048142458,0.0,109715.0,2684.4295185754163,7206161.840199041,Up,Up,2997
Ridge,H5,543,2025-09-19,2025-09-26,109715.0,0.0359932552522443,0.002346274131615532,113664.0,109972.4214663502,0.0,109715.0,3691.578533649794,13627752.070103962,Up,Up,2996
Ridge,H6,543,2025-09-19,2025-09-29,109715.0,0.0548603199197921,0.0028059687267087082,115734.0,110022.85685885085,0.0,109715.0,5711.14314114915,32617155.978694983,Up,Up,2995
Ridge,H7,543,2025-09-19,2025-09-30,109715.0,0.062507405550745,0.0032653107795812776,116573.0,110073.25357218175,0.0,109715.0,6499.746427818245,42246703.62593604,Up,Up,2994
Ridge,H1,544,2025-09-22,2025-09-23,112070.0,0.0146783260462211,0.0004782228724112476,113715.0,112123.59443731113,0.0,112070.0,1591.405562688873,2532571.6649570884,Up,Up,3001
Ridge,H2,544,2025-09-22,2025-09-24,112070.0,0.0036138127955742,0.0009472849226164429,112475.0,112176.16222127763,0.0,112070.0,298.8377787223726,89304.01799172173,Up,Up,3000
Ridge,H3,544,2025-09-22,2025-09-25,112070.0,0.0047827250825376,0.001417347497609101,112606.0,112228.84213405705,0.0,112070.0,377.1578659429506,142248.0558426407,Up,Up,2999
Ridge,H4,544,2025-09-22,2025-09-26,112070.0,0.0142232533238155,0.0018883169174475029,113664.0,112281.62367693834,0.0,112070.0,1382.3763230616605,1910964.2985614764,Up,Up,2998
Ridge,H5,544,2025-09-22,2025-09-29,112070.0,0.0326938520567503,0.0023516312714318777,115734.0,112333.54731658936,0.0,112070.0,3400.4526834106364,11563078.452114597,Up,Up,2997
Ridge,H6,544,2025-09-22,2025-09-30,112070.0,0.0401802444900507,0.0028136886508946437,116573.0,112385.33008710577,0.0,112070.0,4187.669912894227,17536579.299359545,Up,Up,2996
Ridge,H7,544,2025-09-22,2025-10-01,112070.0,0.0437048273400553,0.003274034705548331,116968.0,112436.92106945081,0.0,112070.0,4531.078930549193,20530676.274866816,Up,Up,2995
Ridge,H1,545,2025-09-23,2025-09-24,113715.0,-0.0109044541177505,0.0004829534297667635,112475.0,113769.91904926593,0.0,113715.0,1294.9190492659254,1676815.3441517681,Down,Up,3002
Ridge,H2,545,2025-09-23,2025-09-25,113715.0,-0.0097524513036978,0.0009591183666827894,112606.0,113824.06614506734,0.0,113715.0,1218.066145067336,1483685.1337592006,Down,Up,3001
Ridge,H3,545,2025-09-23,2025-09-26,113715.0,-0.0004484896451655,0.001431450838384764,113664.0,113877.77743208692,0.0,113715.0,213.77743208692118,45700.7904696782,Down,Up,3000
Ridge,H4,545,2025-09-23,2025-09-29,113715.0,0.0177549135997889,0.001899916823127703,115734.0,113931.04904154198,0.0,113715.0,1802.9509584580228,3250632.158604703,Up,Up,2999
Ridge,H5,545,2025-09-23,2025-09-30,113715.0,0.0251330079584928,0.002361987011019517,116573.0,113983.59335295808,0.0,113715.0,2589.40664704192,6705026.78374488,Up,Up,2998
Ridge,H6,545,2025-09-23,2025-10-01,113715.0,0.0286066042298729,0.002823878153371241,116968.0,114036.1173042106,0.0,113715.0,2931.8826957894053,8595936.14186935,Up,Up,2997
Ridge,H7,545,2025-09-23,2025-10-03,113715.0,0.0321417579035308,0.0032866253669931794,117370.0,114088.73860360764,0.0,113715.0,3281.261396392365,10766676.351454772,Up,Up,2996
Ridge,H1,546,2025-09-24,2025-09-25,112475.0,0.0011647032673927,0.0004791618413010097,112606.0,112528.89372810032,0.0,112475.0,77.10627189968363,5945.377166267942,Up,Up,3003
Ridge,H2,546,2025-09-24,2025-09-26,112475.0,0.0105712380529006,0.0009600030660895627,113664.0,112582.97634485841,0.0,112475.0,1081.0236551415874,1168612.1429756775,Up,Up,3002
Ridge,H3,546,2025-09-24,2025-09-29,112475.0,0.0289753278506335,0.0014393570406844257,115734.0,112636.89168315097,0.0,112475.0,3097.1083168490295,9592079.92629543,Up,Up,3001
Ridge,H4,546,2025-09-24,2025-09-30,112475.0,0.0364347632807291,0.0019100659242229806,116573.0,112689.834664827,0.0,112475.0,3883.1653351730056,15078973.020289281,Up,Up,3000
Ridge,H5,546,2025-09-24,2025-10-01,112475.0,0.0399466548121805,0.0023696598869245374,116968.0,112741.52749578183,0.0,112475.0,4226.472504218167,17863069.828912184,Up,Up,2999
Ridge,H6,546,2025-09-24,2025-10-03,112475.0,0.0435207823960879,0.002830317651329568,117370.0,112793.3399778333,0.0,112475.0,4576.660022166703,20945816.95849893,Up,Up,2998
Ridge,H7,546,2025-09-24,2025-10-06,112475.0,0.0626717048232941,0.0032928967938402115,119524.0,112845.36856688718,0.0,112475.0,6678.631433112823,44604117.81936264,Up,Up,2997
Ridge,H1,547,2025-09-25,2025-09-26,112606.0,0.009395591709145,0.00047938938962437545,113664.0,112659.98212160805,0.0,112606.0,1004.0178783919546,1008051.9001306817,Up,Up,3004
Ridge,H2,547,2025-09-25,2025-09-29,112606.0,0.0277782711400813,0.0009564351191127128,115734.0,112713.7003330228,0.0,112606.0,3020.2996669771965,9122210.078342564,Up,Up,3003
Ridge,H3,547,2025-09-25,2025-09-30,112606.0,0.0352290286485621,0.001440470109675744,116573.0,112768.20557717014,0.0,112606.0,3804.7944228298584,14476460.599997194,Up,Up,3002
Ridge,H4,547,2025-09-25,2025-10-01,112606.0,0.0387368346269292,0.0019182094421158285,116968.0,112822.00189243889,0.0,112606.0,4145.998107561114,17189300.30790034,Up,Up,3001
Ridge,H5,547,2025-09-25,2025-10-03,112606.0,0.0423068042555458,0.002380052085290337,117370.0,112874.00814511621,0.0,112606.0,4495.991854883789,20213942.75918137,Up,Up,3000
Ridge,H6,547,2025-09-25,2025-10-06,112606.0,0.0614354474894764,0.0028382315133867585,119524.0,112925.60189779644,0.0,112606.0,6598.398102203559,43538857.515163526,Up,Up,2999
Ridge,H7,547,2025-09-25,2025-10-07,112606.0,0.0688062803047795,0.0032995758797639135,120354.0,112977.55204151668,0.0,112606.0,7376.447958483317,54411984.4842127,Up,Up,2998
Ridge,H1,548,2025-09-26,2025-09-29,113664.0,0.018211570945946,0.00048235689630469954,115734.0,113718.82661426156,0.0,113664.0,2015.1733857384388,4060923.7745885225,Up,Up,3005
Ridge,H2,548,2025-09-26,2025-09-30,113664.0,0.0255929757882882,0.0009596365006625093,116573.0,113773.07612321131,0.0,113664.0,2799.9238767886854,7839573.715811382,Up,Up,3004
Ridge,H3,548,2025-09-26,2025-10-01,113664.0,0.0290681306306306,0.001439841655623627,116968.0,113827.6581619448,0.0,113664.0,3140.341838055203,9861746.859839931,Up,Up,3003
Ridge,H4,548,2025-09-26,2025-10-03,113664.0,0.0326048704954955,0.0019223092284165635,117370.0,113882.49735613875,0.0,113664.0,3487.502643861255,12162674.690939244,Up,Up,3002
Ridge,H5,548,2025-09-26,2025-10-06,113664.0,0.0515554617117117,0.0023912535443101094,119524.0,113935.79944286046,0.0,113664.0,5588.200557139542,31227985.46681469,Up,Up,3001
Ridge,H6,548,2025-09-26,2025-10-07,113664.0,0.0588576858108107,0.002851705165897968,120354.0,113988.13621597664,0.0,113664.0,6365.863784023357,40524221.71674017,Up,Up,3000
Ridge,H7,548,2025-09-26,2025-10-08,113664.0,0.0781074042792793,0.0033105504001540724,122542.0,114040.29040068311,0.0,113664.0,8501.709599316891,72279066.11111698,Up,Up,2999
Ridge,H1,549,2025-09-29,2025-09-30,115734.0,0.0072493822040196,0.0004882547250333279,116573.0,115790.50767234701,0.0,115734.0,782.492327652988,612294.2428357912,Up,Up,3006
Ridge,H2,549,2025-09-29,2025-10-01,115734.0,0.010662380977068,0.0009685609756240833,116968.0,115846.09543595287,0.0,115734.0,1121.9045640471304,1258669.8508297817,Up,Up,3005
Ridge,H3,549,2025-09-29,2025-10-03,115734.0,0.0141358632726769,0.001449007958246432,117370.0,115901.6994870397,0.0,115734.0,1468.300512960297,2155906.3963594716,Up,Up,3004
Ridge,H4,549,2025-09-29,2025-10-06,115734.0,0.0327475072148202,0.0019275813690812864,119524.0,115957.08670216925,0.0,115734.0,3566.913297830746,12722870.47424181,Up,Up,3003
Ridge,H5,549,2025-09-29,2025-10-07,115734.0,0.0399191248898336,0.002401347745398506,120354.0,116011.91757996596,0.0,115734.0,4342.082420034043,18853679.74236869,Up,Up,3002
Ridge,H6,549,2025-09-29,2025-10-08,115734.0,0.0588245459415557,0.0028690365996073834,122542.0,116066.04508181896,0.0,115734.0,6475.9549181810435,41937992.10231324,Up,Up,3001
Ridge,H7,549,2025-09-29,2025-10-09,115734.0,0.0357284808267233,0.0033302009054598752,119869.0,116119.41747159249,0.0,115734.0,3749.582528407511,14059369.137338862,Up,Up,3000
Ridge,H1,550,2025-09-30,2025-10-01,116573.0,0.0033884347147281,0.000490503218106672,116968.0,116630.17943164434,0.0,116573.0,337.8205683556589,114122.7364041404,Up,Up,3007
Ridge,H2,550,2025-09-30,2025-10-03,116573.0,0.0068369176395906,0.0009767527048345748,117370.0,116686.86299306068,0.0,116573.0,683.137006939316,466676.1702500071,Up,Up,3006
Ridge,H3,550,2025-09-30,2025-10-06,116573.0,0.0253146097295255,0.0014602495073132308,119524.0,116743.22566581603,0.0,116573.0,2780.774334183967,7732705.897656284,Up,Up,3005
Ridge,H4,550,2025-09-30,2025-10-07,116573.0,0.0324346117883214,0.0019390683713838837,120354.0,116799.04301725733,0.0,116573.0,3554.956982742675,12637719.149150902,Up,Up,3004
Ridge,H5,550,2025-09-30,2025-10-08,116573.0,0.0512039666131951,0.0024089177945877385,122542.0,116853.81477406847,0.0,116573.0,5688.185225931535,32355451.164505783,Up,Up,3003
Ridge,H6,550,2025-09-30,2025-10-09,116573.0,0.0282741286575793,0.002881466440764633,119869.0,116908.90118739926,0.0,116573.0,2960.0988126007433,8762184.980360331,Up,Up,3002
Ridge,H7,550,2025-09-30,2025-10-10,116573.0,0.0356343235569127,0.0033499212769846102,120727.0,116963.51037302191,0.0,116573.0,3763.4896269780875,14163854.172371663,Up,Up,3001
Ridge,H1,551,2025-10-01,2025-10-03,116968.0,0.0034368374256206,0.0004914668683335317,117370.0,117025.48589665524,0.0,116968.0,344.51410334475804,118689.96740344263,Up,Up,3008
Ridge,H2,551,2025-10-01,2025-10-06,116968.0,0.0218521304972301,0.0009799743518768003,119524.0,117082.62563999032,0.0,116968.0,2441.3743600096786,5960308.765712668,Up,Up,3007
Ridge,H3,551,2025-10-01,2025-10-07,116968.0,0.0289480883660488,0.0014694342980726637,120354.0,117139.87679097695,0.0,116968.0,3214.123209023048,10330588.002780614,Up,Up,3006
Ridge,H4,551,2025-10-01,2025-10-08,116968.0,0.0476540592298748,0.0019513148083496318,122542.0,117196.24139050304,0.0,116968.0,5345.758609496959,28577135.111010864,Up,Up,3005
Ridge,H5,551,2025-10-01,2025-10-09,116968.0,0.0248016551535463,0.002421414614514096,119869.0,117251.22802463049,0.0,116968.0,2617.771975369513,6852730.115030001,Up,Up,3004
Ridge,H6,551,2025-10-01,2025-10-10,116968.0,0.0321369947336023,0.002890033296780854,120727.0,117306.04141465787,0.0,116968.0,3420.9585853421304,11702957.64262603,Up,Up,3003
Ridge,H7,551,2025-10-01,2025-10-13,116968.0,0.0598112304219957,0.0033633641198704905,123964.0,117361.40597437302,0.0,116968.0,6602.594025626982,43594247.86724512,Up,Up,3002
Ridge,H1,552,2025-10-03,2025-10-06,117370.0,0.0183522194768679,0.0004924459472163525,119524.0,117427.7983808248,0.0,117370.0,2096.2016191752045,4394061.228232749,Up,Up,3009
Ridge,H2,552,2025-10-03,2025-10-07,117370.0,0.0254238732214364,0.000981921590748907,120354.0,117485.2481371062,0.0,117370.0,2868.751862893798,8229737.250856635,Up,Up,3008
Ridge,H3,552,2025-10-03,2025-10-08,117370.0,0.0440657748998891,0.001473646922450185,122542.0,117542.96193928797,0.0,117370.0,4999.038060712031,24990381.53244751,Up,Up,3007
Ridge,H4,552,2025-10-03,2025-10-09,117370.0,0.0212916418164779,0.001961512865591951,119869.0,117600.22276503452,0.0,117370.0,2268.7772349654842,5147350.141897628,Up,Up,3006
Ridge,H5,552,2025-10-03,2025-10-10,117370.0,0.028601857374116,0.0024346880853303673,120727.0,117655.75934057521,0.0,117370.0,3071.2406594247877,9432519.188104006,Up,Up,3005
Ridge,H6,552,2025-10-03,2025-10-13,117370.0,0.0561813069779331,0.002903558977971789,123964.0,117710.79071724456,0.0,117370.0,6253.209282755444,39102626.33393886,Up,Up,3004
Ridge,H7,552,2025-10-03,2025-10-14,117370.0,0.0714237028201414,0.0033729475782853353,125753.0,117765.88285726335,0.0,117370.0,7987.11714273665,63794040.25179767,Up,Up,3003
Ridge,H1,553,2025-10-06,2025-10-07,119524.0,0.0069442120410962,0.000498379309863337,120354.0,119583.56828863212,0.0,119524.0,770.4317113678844,593565.0218812472,Up,Up,3010
Ridge,H2,553,2025-10-06,2025-10-08,119524.0,0.02525015896389,0.0009888576178208204,122542.0,119642.19221791241,0.0,119524.0,2899.8077820875915,8408885.173055757,Up,Up,3009
Ridge,H3,553,2025-10-06,2025-10-09,119524.0,0.0028864495833473,0.0014815730113949877,119869.0,119701.08353261398,0.0,119524.0,167.9164673860214,28195.940019400787,Up,Up,3008
Ridge,H4,553,2025-10-06,2025-10-10,119524.0,0.010064924199324,0.0019717514599528743,120727.0,119759.67162149941,0.0,119524.0,967.3283785005915,935724.1918525835,Up,Up,3007
Ridge,H5,553,2025-10-06,2025-10-13,119524.0,0.0371473511595996,0.002451029663890986,123964.0,119816.95686954689,0.0,119524.0,4147.0431304531085,17197966.72583832,Up,Up,3006
Ridge,H6,553,2025-10-06,2025-10-14,119524.0,0.0521150563903483,0.0029230382344319497,125753.0,119873.37322193223,0.0,119524.0,5879.626778067774,34570011.04937163,Up,Up,3005
Ridge,H7,553,2025-10-06,2025-10-15,119524.0,0.0595445266222682,0.003392688850475293,126641.0,119929.50774216422,0.0,119524.0,6711.49225783578,45044128.32698961,Up,Up,3004
Ridge,H1,554,2025-10-07,2025-10-08,120354.0,0.018179703208867,0.000500520379344339,122542.0,120414.23962973562,0.0,120354.0,2127.760370264383,4527364.193267623,Up,Up,3011
Ridge,H2,554,2025-10-07,2025-10-09,120354.0,-0.0040297788191501,0.0009969759940357894,119869.0,120473.99004878619,0.0,120354.0,604.9900487861887,366012.959130315,Down,Up,3010
Ridge,H3,554,2025-10-07,2025-10-10,120354.0,0.0030991907207071,0.0014907016968306803,120727.0,120533.41191202035,0.0,120354.0,193.58808797964593,37476.34780761514,Up,Up,3009
Ridge,H4,554,2025-10-07,2025-10-13,120354.0,0.0299948485301693,0.001981879180714217,123964.0,120592.52708691568,0.0,120354.0,3371.472913084319,11366829.603661263,Up,Up,3008
Ridge,H5,554,2025-10-07,2025-10-14,120354.0,0.0448593316383336,0.00246349059448324,125753.0,120650.49094700842,0.0,120354.0,5102.509052991576,26035598.63586099,Up,Up,3007
Ridge,H6,554,2025-10-07,2025-10-15,120354.0,0.0522375658474167,0.0029416470395875888,126641.0,120708.03898780252,0.0,120354.0,5932.961012197484,35200026.37225539,Up,Up,3006
Ridge,H7,554,2025-10-07,2025-10-16,120354.0,0.0696362397593766,0.0034144587567237843,128735.0,120764.94376920673,0.0,120354.0,7970.0562307932705,63521796.322006635,Up,Up,3005
Ridge,H1,555,2025-10-08,2025-10-09,122542.0,-0.0218129294445985,0.0005063902053051949,119869.0,122604.05406853852,0.0,122542.0,2735.0540685385204,7480520.757829113,Down,Up,3012
Ridge,H2,555,2025-10-08,2025-10-10,122542.0,-0.0148112483883077,0.0010050315462918815,120727.0,122665.1585757457,0.0,122542.0,1938.158575745707,3756458.664736627,Down,Up,3011
Ridge,H3,555,2025-10-08,2025-10-13,122542.0,0.0116041846876988,0.0015048471964690328,123964.0,122726.40698514969,0.0,122542.0,1237.5930148503103,1531636.4704062804,Up,Up,3010
Ridge,H4,555,2025-10-08,2025-10-14,122542.0,0.0262032609227855,0.0019970584885034962,125753.0,122786.72354129818,0.0,122542.0,2966.2764587018173,8798796.029448595,Up,Up,3009
Ridge,H5,555,2025-10-08,2025-10-15,122542.0,0.0334497560020237,0.002479695269948125,126641.0,122845.86681776999,0.0,122542.0,3795.1331822300126,14403035.870863302,Up,Up,3008
Ridge,H6,555,2025-10-08,2025-10-16,122542.0,0.0505377748037407,0.002960232604768857,128735.0,122904.75282385359,0.0,122542.0,5830.247176146411,33991782.1349632,Up,Up,3007
Ridge,H7,555,2025-10-08,2025-10-17,122542.0,0.0278190334742374,0.003439307724937503,125951.0,122963.45964722929,0.0,122542.0,2987.5403527707094,8925397.359433334,Up,Up,3006
Ridge,H1,556,2025-10-09,2025-10-10,119869.0,0.0071578139468919,0.0004989822640923491,120727.0,119928.81250501449,0.0,119869.0,798.1874949855119,637103.2771512466,Up,Up,3013
Ridge,H2,556,2025-10-09,2025-10-13,119869.0,0.0341622938374392,0.0010033590771279046,123964.0,119989.27164921624,0.0,119869.0,3974.7283507837565,15798465.46252416,Up,Up,3012
Ridge,H3,556,2025-10-09,2025-10-14,119869.0,0.0490869198875438,0.0015053053008606992,125753.0,120049.43944110887,0.0,119869.0,5703.560558891128,32530603.04893847,Up,Up,3011
Ridge,H4,556,2025-10-09,2025-10-15,119869.0,0.0564950070493621,0.0020034683953557646,126641.0,120109.15375308291,0.0,119869.0,6531.846246917092,42665015.3933649,Up,Up,3010
Ridge,H5,556,2025-10-09,2025-10-16,119869.0,0.0739640774512175,0.0024871138782201177,128735.0,120167.12785346837,0.0,119869.0,8567.872146531634,73408433.11931258,Up,Up,3009
Ridge,H6,556,2025-10-09,2025-10-17,119869.0,0.0507387231060574,0.002968648234571266,125951.0,120224.84889522982,0.0,119869.0,5726.151104770179,32788806.47466074,Up,Up,3008
Ridge,H7,556,2025-10-09,2025-10-20,119869.0,0.0802876473483553,0.0034500463864484163,129493.0,120282.55361029718,0.0,119869.0,9210.446389702818,84832322.69758968,Up,Up,3007
Ridge,H1,557,2025-10-10,2025-10-13,120727.0,0.0268125605705433,0.0005011909194803811,123964.0,120787.5072761361,0.0,120727.0,3176.4927238639066,10090106.024760341,Up,Up,3014
Ridge,H2,557,2025-10-10,2025-10-14,120727.0,0.0416311181425861,0.0009981095179473285,125753.0,120847.49876777324,0.0,120727.0,4905.501232226758,24063942.339378238,Up,Up,3013
Ridge,H3,557,2025-10-10,2025-10-15,120727.0,0.048986556445534,0.0015058340037001656,126641.0,120908.7948217647,0.0,120727.0,5732.205178235294,32858176.205387514,Up,Up,3012
Ridge,H4,557,2025-10-10,2025-10-16,120727.0,0.0663314751464048,0.0020061455695988446,128735.0,120969.19593618096,0.0,120727.0,7765.804063819043,60307712.75762837,Up,Up,3011
Ridge,H5,557,2025-10-10,2025-10-17,120727.0,0.0432711820885136,0.0024957896349397254,125951.0,121028.30919525737,0.0,120727.0,4922.690804742626,24232884.759097602,Up,Up,3010
Ridge,H6,557,2025-10-10,2025-10-20,120727.0,0.072610103787885,0.0029783419792549126,129493.0,121086.5662921295,0.0,120727.0,8406.4337078705,70668127.68482135,Up,Up,3009
Ridge,H7,557,2025-10-10,2025-10-21,120727.0,0.0549835579447846,0.003460745712178503,127365.0,121144.80544759418,0.0,120727.0,6220.194552405825,38690820.26977909,Up,Up,3008
Ridge,H1,558,2025-10-13,2025-10-14,123964.0,0.0144316091768577,0.0005099187038349747,125753.0,124027.21156220218,0.0,123964.0,1725.788437797819,2978345.732036636,Up,Up,3015
Ridge,H2,558,2025-10-13,2025-10-15,123964.0,0.021594979187506,0.0010091146142139457,126641.0,124089.09388403641,0.0,123964.0,2551.9061159635894,6512224.824692372,Up,Up,3014
Ridge,H3,558,2025-10-13,2025-10-16,123964.0,0.0384869800909941,0.001509187002058634,128735.0,124151.08485752321,0.0,123964.0,4583.9151424767915,21012278.033428025,Up,Up,3013
Ridge,H4,558,2025-10-13,2025-10-17,123964.0,0.0160288470846374,0.002015439269121305,125951.0,124213.84191355736,0.0,123964.0,1737.158086442636,3017718.217293041,Up,Up,3012
Ridge,H5,558,2025-10-13,2025-10-20,123964.0,0.0446016585460296,0.0025072994519538603,129493.0,124274.81486926202,0.0,123964.0,5218.185130737984,27229456.05865499,Up,Up,3011
Ridge,H6,558,2025-10-13,2025-10-21,123964.0,0.0274353844664581,0.0029960185181147404,127365.0,124335.39843957959,0.0,123964.0,3029.601560420415,9178485.614901813,Up,Up,3010
Ridge,H7,558,2025-10-13,2025-10-22,123964.0,-0.0233535542576877,0.003479474050526135,121069.0,124395.32952119943,0.0,123964.0,3326.3295211994264,11064468.083602805,Down,Up,3009
Ridge,H1,559,2025-10-14,2025-10-15,125753.0,0.0070614617543915,0.0005145352147325877,126641.0,125817.70434685827,0.0,125753.0,823.2956531417294,677815.7324820668,Up,Up,3016
Ridge,H2,559,2025-10-14,2025-10-16,125753.0,0.0237131519725175,0.001022588908943634,128735.0,125881.5936230664,0.0,125753.0,2853.406376933606,8141927.951925369,Up,Up,3015
Ridge,H3,559,2025-10-14,2025-10-17,125753.0,0.0015745151209116,0.001524973590568021,125951.0,125944.7700039347,0.0,125753.0,6.229996065303567,38.81285097369793,Up,Up,3014
Ridge,H4,559,2025-10-14,2025-10-20,125753.0,0.0297408411727753,0.002023468063632863,129493.0,126007.45717940602,0.0,125753.0,3485.5428205939825,12149008.754194256,Up,Up,3013
Ridge,H5,559,2025-10-14,2025-10-21,125753.0,0.0128187796712604,0.002521361854336095,127365.0,126070.06881726831,0.0,125753.0,1294.931182731685,1676846.7680108808,Up,Up,3012
Ridge,H6,559,2025-10-14,2025-10-22,125753.0,-0.0372476203351013,0.003012333548265228,121069.0,126131.809980695,0.0,125753.0,5062.809980695005,25632044.900624957,Down,Up,3011
Ridge,H7,559,2025-10-14,2025-10-23,125753.0,-0.0194667324039983,0.003502049636050987,123305.0,126193.39324788231,0.0,125753.0,2888.3932478823117,8342815.554412129,Down,Up,3010
Ridge,H1,560,2025-10-15,2025-10-16,126641.0,0.0165349294462298,0.0005167055088074507,128735.0,126706.4361023409,0.0,126641.0,2028.5638976591,4115071.486885879,Up,Up,3017
Ridge,H2,560,2025-10-15,2025-10-17,126641.0,-0.0054484724536287,0.0010294103619984138,125951.0,126771.36555765383,0.0,126641.0,820.3655576538295,672999.6481846786,Down,Up,3016
Ridge,H3,560,2025-10-15,2025-10-20,126641.0,0.0225203528083322,0.0015407166804569062,129493.0,126836.11790112974,0.0,126641.0,2656.8820988702646,7059022.487297262,Up,Up,3015
Ridge,H4,560,2025-10-15,2025-10-21,126641.0,0.0057169479078655,0.0020415420289802873,127365.0,126899.5429240921,0.0,126641.0,465.457075907907,216650.28951273908,Up,Up,3014
Ridge,H5,560,2025-10-15,2025-10-22,126641.0,-0.0439983891472746,0.002531627290486615,121069.0,126961.6078116945,0.0,126641.0,5892.607811694499,34722826.82244303,Down,Up,3013
Ridge,H6,560,2025-10-15,2025-10-23,126641.0,-0.0263421798627616,0.0030286776311385447,123305.0,127024.55476388503,0.0,126641.0,3719.5547638850257,13835087.64153979,Down,Up,3012
Ridge,H7,560,2025-10-15,2025-10-24,126641.0,-0.0323118105510853,0.0035206627043460554,122549.0,127086.86024554109,0.0,126641.0,4537.860245541087,20592175.60806222,Down,Up,3011
Ridge,H1,561,2025-10-16,2025-10-17,128735.0,-0.0216258204839399,0.0005220129840187745,125951.0,128802.20134149767,0.0,128735.0,2851.201341497668,8129349.089758103,Down,Up,3018
Ridge,H2,561,2025-10-16,2025-10-20,128735.0,0.0058880646288888,0.0010369296172025558,129493.0,128868.48913427058,0.0,128735.0,624.5108657294186,390013.82141410786,Up,Up,3017
Ridge,H3,561,2025-10-16,2025-10-21,128735.0,-0.0106420165456169,0.0015529671693674714,127365.0,128934.92122854853,0.0,128735.0,1569.9212285485264,2464652.6638473147,Down,Up,3016
Ridge,H4,561,2025-10-16,2025-10-22,128735.0,-0.0595486852837223,0.0020628666323416504,121069.0,129000.5631359145,0.0,128735.0,7931.5631359145045,62909693.77899793,Down,Up,3015
Ridge,H5,561,2025-10-16,2025-10-23,128735.0,-0.0421796714180292,0.0025553294476819213,123305.0,129063.96033644733,0.0,128735.0,5758.96033644733,33165624.15677354,Down,Up,3014
Ridge,H6,561,2025-10-16,2025-10-24,128735.0,-0.0480522002563404,0.003044446679128698,122549.0,129126.92684323763,0.0,128735.0,6577.926843237627,43269121.55498613,Down,Up,3013
Ridge,H7,561,2025-10-16,2025-10-27,128735.0,-0.0678370295568415,0.003542614436902732,120002.0,129191.05846953466,0.0,128735.0,9189.058469534662,84438795.5565267,Down,Up,3012
Ridge,H1,562,2025-10-17,2025-10-20,125951.0,0.0281220474629022,0.0005146769343147031,129493.0,126015.82407455388,0.0,125951.0,3477.1759254461213,12090752.41650209,Up,Up,3019
Ridge,H2,562,2025-10-17,2025-10-21,125951.0,0.0112265881176012,0.001034779848093399,127365.0,126081.33155664722,0.0,125951.0,1283.6684433527844,1647804.6724597607,Up,Up,3018
Ridge,H3,562,2025-10-17,2025-10-22,125951.0,-0.0387611055092853,0.0015529740429748664,121069.0,126146.59863368674,0.0,125951.0,5077.598633686735,25782007.884817403,Down,Up,3017
Ridge,H4,562,2025-10-17,2025-10-23,125951.0,-0.0210081698438281,0.0020674977789976543,123305.0,126211.40341276253,0.0,125951.0,2906.4034127625346,8447180.797717707,Down,Up,3016
Ridge,H5,562,2025-10-17,2025-10-24,125951.0,-0.0270105040849218,0.0025688349922078006,122549.0,126274.54733610355,0.0,125951.0,3725.5473361035547,13879702.953548294,Down,Up,3015
Ridge,H6,562,2025-10-17,2025-10-27,125951.0,-0.0472326539686068,0.0030602721543202573,120002.0,126336.44433810879,0.0,125951.0,6334.444338108791,40125185.072598524,Down,Up,3014
Ridge,H7,562,2025-10-17,2025-10-28,125951.0,-0.0575779469793809,0.0035506739834447365,118699.0,126398.21093888885,0.0,125951.0,7699.210938888849,59277849.081505716,Down,Up,3013
Ridge,H1,563,2025-10-20,2025-10-21,129493.0,-0.0164333207200388,0.0005238180315321814,127365.0,129560.83076835719,0.0,129493.0,2195.830768357191,4821672.763264133,Down,Up,3020
Ridge,H2,563,2025-10-20,2025-10-22,129493.0,-0.065053709466921,0.0010363873471502347,121069.0,129627.20490674452,0.0,129493.0,8558.204906744519,73242871.22582595,Down,Up,3019
Ridge,H3,563,2025-10-20,2025-10-23,129493.0,-0.0477863668306395,0.0015599216901152307,123305.0,129694.99893941809,0.0,129493.0,6389.998939418088,40832086.445764296,Down,Up,3018
Ridge,H4,563,2025-10-20,2025-10-24,129493.0,-0.0536245202443375,0.002076670169841337,122549.0,129761.91425030326,0.0,129493.0,7212.9142503032635,52026131.98222789,Down,Up,3017
Ridge,H5,563,2025-10-20,2025-10-27,129493.0,-0.0732935371023916,0.002582771204701945,120002.0,129827.45079161048,0.0,129493.0,9825.450791610478,96539483.25835896,Down,Up,3016
Ridge,H6,563,2025-10-20,2025-10-28,129493.0,-0.0833558570733553,0.003083341057836415,118699.0,129892.2710836024,0.0,129493.0,11193.271083602405,125289317.55100976,Down,Up,3015
Ridge,H7,563,2025-10-20,2025-10-29,129493.0,-0.0777570988393194,0.0035761340849315066,119424.0,129956.08433106002,0.0,129493.0,10532.084331060018,110924800.35655993,Down,Up,3014
Ridge,H1,564,2025-10-21,2025-10-22,127365.0,-0.0494327326973658,0.0005182057674898152,121069.0,127431.00127757633,0.0,127365.0,6362.001277576332,40475060.255882874,Down,Up,3021
Ridge,H2,564,2025-10-21,2025-10-23,127365.0,-0.0318768892552898,0.001039762998019106,123305.0,127497.4294142427,0.0,127365.0,4192.429414242695,17576464.39340735,Down,Up,3020
Ridge,H3,564,2025-10-21,2025-10-24,127365.0,-0.0378125858752405,0.0015558802455848866,122549.0,127563.16468747891,0.0,127365.0,5014.164687478915,25141847.513160523,Down,Up,3019
Ridge,H4,564,2025-10-21,2025-10-27,127365.0,-0.0578102304400738,0.00207787638379693,120002.0,127629.6487256223,0.0,127365.0,7627.6487256223045,58181025.081487566,Down,Up,3018
Ridge,H5,564,2025-10-21,2025-10-28,127365.0,-0.0680406705138774,0.0025861641592649347,118699.0,127694.38679814477,0.0,127365.0,8995.38679814477,80916983.6482372,Down,Up,3017
Ridge,H6,564,2025-10-21,2025-10-29,127365.0,-0.0623483688611471,0.003091414229474914,119424.0,127758.73797333708,0.0,127365.0,8334.737973337076,69467857.08418703,Down,Up,3016
Ridge,H7,564,2025-10-21,2025-10-30,127365.0,-0.0558552192517567,0.0035931837989703055,120251.0,127822.64585455584,0.0,127365.0,7571.645854555842,57329820.94681266,Down,Up,3015
Ridge,H1,565,2025-10-22,2025-10-23,121069.0,0.0184688070439171,0.0005016755019259445,123305.0,121129.73735134269,0.0,121069.0,2175.2626486573135,4731767.590643631,Up,Up,3022
Ridge,H2,565,2025-10-22,2025-10-24,121069.0,0.012224434000446,0.001017882140221527,122549.0,121192.23397283448,0.0,121069.0,1356.7660271655186,1840814.0524705048,Up,Up,3021
Ridge,H3,565,2025-10-22,2025-10-27,121069.0,-0.0088131561341053,0.0015425276796019352,120002.0,121255.75228364173,0.0,121069.0,1253.7522836417338,1571894.7887368626,Down,Up,3020
Ridge,H4,565,2025-10-22,2025-10-28,121069.0,-0.0195756139061196,0.0020574613920332904,118699.0,121318.09479327207,0.0,121069.0,2619.0947932720737,6859657.536144886,Down,Up,3019
Ridge,H5,565,2025-10-22,2025-10-29,121069.0,-0.0135872931964416,0.0025707261408490383,119424.0,121380.23524314644,0.0,121069.0,1956.2352431464387,3826856.3265282065,Down,Up,3018
Ridge,H6,565,2025-10-22,2025-10-30,121069.0,-0.0067564777110573,0.0030780420534438193,120251.0,121441.65547336839,0.0,121069.0,1190.655473368388,1417660.4562620998,Down,Up,3017
Ridge,H7,565,2025-10-22,2025-10-31,121069.0,0.0011563653784205,0.003584248372895932,121209.0,121502.94136625812,0.0,121069.0,293.941366258121,86401.52679769082,Up,Up,3016
Ridge,H1,566,2025-10-23,2025-10-24,123305.0,-0.0061311382344593,0.0005076179561607753,122549.0,123367.59183208439,0.0,123305.0,818.5918320843921,670092.5875552816,Down,Up,3023
Ridge,H2,566,2025-10-23,2025-10-27,123305.0,-0.026787234905316,0.0010069959261389979,120002.0,123429.16763267256,0.0,123305.0,3427.1676326725574,11745477.98243842,Down,Up,3022
Ridge,H3,566,2025-10-23,2025-10-28,123305.0,-0.0373545273914277,0.001526198308431385,118699.0,123493.18788242113,0.0,123305.0,4794.187882421131,22984237.451953605,Down,Up,3021
Ridge,H4,566,2025-10-23,2025-10-29,123305.0,-0.0314747982644662,0.0020498223418823685,119424.0,123557.7533438658,0.0,123305.0,4133.753343865799,17087916.707921676,Down,Up,3020
Ridge,H5,566,2025-10-23,2025-10-30,123305.0,-0.0247678520741251,0.0025559019887004724,120251.0,123620.15549471672,0.0,123305.0,3369.155494716717,11351208.747579847,Down,Up,3019
Ridge,H6,566,2025-10-23,2025-10-31,123305.0,-0.0169984996553261,0.0030682927582357474,121209.0,123683.33583855425,0.0,123305.0,2474.3358385542524,6122337.841953975,Down,Up,3018
Ridge,H7,566,2025-10-23,2025-11-03,123305.0,-0.0153278455861481,0.003576605197890241,121415.0,123746.01330392587,0.0,123305.0,2331.0133039258653,5433623.0230793785,Down,Up,3017
Ridge,H1,567,2025-10-24,2025-10-27,122549.0,-0.0207835233253637,0.0005054233709911695,120002.0,122610.93912869159,0.0,122549.0,2608.9391286915925,6806563.377218046,Down,Up,3024
Ridge,H2,567,2025-10-24,2025-10-28,122549.0,-0.0314160050265608,0.0010107081076058627,118699.0,122672.861267879,0.0,122549.0,3973.861267878994,15791573.376348848,Down,Up,3023
Ridge,H3,567,2025-10-24,2025-10-29,122549.0,-0.0255000040800006,0.0015131802097571243,119424.0,122734.43872152554,0.0,122549.0,3310.438721525541,10959004.528975658,Down,Up,3022
Ridge,H4,567,2025-10-24,2025-10-30,122549.0,-0.0187516830002693,0.002031393337228828,120251.0,122797.94522208406,0.0,122549.0,2546.9452220840612,6486929.964296828,Down,Up,3021
Ridge,H5,567,2025-10-24,2025-10-31,122549.0,-0.0109344017495043,0.0025461124659175893,121209.0,122861.02353658574,0.0,122549.0,1652.023536585737,2729181.765433246,Down,Up,3020
Ridge,H6,567,2025-10-24,2025-11-03,122549.0,-0.0092534414805506,0.0030513587182600175,121415.0,122922.94095956406,0.0,122549.0,1507.940959564061,2273885.937530981,Down,Up,3019
Ridge,H7,567,2025-10-24,2025-11-04,122549.0,-0.0221870435499269,0.0035647142500601194,119830.0,122985.85216663062,0.0,122549.0,3155.8521666306187,9959402.897627171,Down,Up,3018
Ridge,H1,568,2025-10-27,2025-10-28,120002.0,-0.0108581523641272,0.0004983860435987935,118699.0,120061.80732200394,0.0,120002.0,1362.8073220039369,1857243.796907542,Down,Up,3025
Ridge,H2,568,2025-10-27,2025-10-29,120002.0,-0.0048165863902268,0.0010015143224406434,119424.0,120122.18372172152,0.0,120002.0,698.1837217215216,487460.5092769151,Down,Up,3024
Ridge,H3,568,2025-10-27,2025-10-30,120002.0,0.0020749654172429,0.001509764136792495,120251.0,120183.17471594337,0.0,120002.0,67.82528405662742,4600.269157362199,Up,Up,3023
Ridge,H4,568,2025-10-27,2025-10-31,120002.0,0.0100581656972382,0.002011590654316295,121209.0,120243.39490169927,0.0,120002.0,965.6050983007299,932393.2058643622,Up,Up,3022
Ridge,H5,568,2025-10-27,2025-11-03,120002.0,0.0117748037532707,0.0025210055542036047,121415.0,120304.52570851553,0.0,120002.0,1110.4742914844683,1233153.1520479317,Up,Up,3021
Ridge,H6,568,2025-10-27,2025-11-04,120002.0,-0.0014333094448425,0.0030347071702590644,119830.0,120366.17092984542,0.0,120002.0,536.1709298454225,287479.266011305,Down,Up,3020
Ridge,H7,568,2025-10-27,2025-11-05,120002.0,0.0040999316678056,0.0035410623749984617,120494.0,120426.93456712457,0.0,120002.0,67.06543287543172,4497.772286769038,Up,Up,3019
Ridge,H1,569,2025-10-28,2025-10-29,118699.0,0.0061078863343415,0.0004946316505880154,119424.0,118757.71228229316,0.0,118699.0,666.287717706844,443939.322766995,Up,Up,3026
Ridge,H2,569,2025-10-28,2025-10-30,118699.0,0.0130750890908937,0.0009907970582985419,120251.0,118816.60662002297,0.0,118699.0,1434.3933799770311,2057484.3685219316,Up,Up,3025
Ridge,H3,569,2025-10-28,2025-10-31,118699.0,0.0211459237230304,0.00149691125485943,121209.0,118876.68186904056,0.0,118699.0,2332.3181309594365,5439707.86400212,Up,Up,3024
Ridge,H4,569,2025-10-28,2025-11-03,118699.0,0.022881405909064,0.002004447559797009,121415.0,118936.92592090036,0.0,118699.0,2478.074079099635,6140851.141505505,Up,Up,3023
Ridge,H5,569,2025-10-28,2025-11-04,118699.0,0.0095283026815726,0.0024976550458506615,119830.0,118995.46915628742,0.0,118699.0,834.5308437125786,696441.7291076283,Up,Up,3022
Ridge,H6,569,2025-10-28,2025-11-05,118699.0,0.0151222840967488,0.0030061088597542096,120494.0,119055.82211554395,0.0,118699.0,1438.1778844560467,2068355.6273384702,Up,Up,3021
Ridge,H7,569,2025-10-28,2025-11-06,118699.0,0.0159057784817058,0.003520820818346618,120587.0,119116.91791031692,0.0,118699.0,1470.0820896830846,2161141.350406985,Up,Up,3020
Ridge,H1,570,2025-10-29,2025-10-30,119424.0,0.0069249062165059,0.0004964865906742425,120251.0,119483.29241460469,0.0,119424.0,767.7075853953138,589374.936673503,Up,Up,3027
Ridge,H2,570,2025-10-29,2025-10-31,119424.0,0.0149467443729902,0.000988878505036888,121209.0,119542.09582658553,0.0,119424.0,1666.9041734144703,2778569.5233465782,Up,Up,3026
Ridge,H3,570,2025-10-29,2025-11-03,119424.0,0.0166716907824222,0.0014879861198167036,121415.0,119601.701254373,0.0,119424.0,1813.2987456270057,3288052.3408924723,Up,Up,3025
Ridge,H4,570,2025-10-29,2025-11-04,119424.0,0.0033996516613075,0.001993376874645898,119830.0,119662.0570398777,0.0,119424.0,167.9429601222946,28204.837854638638,Up,Up,3024
Ridge,H5,570,2025-10-29,2025-11-05,119424.0,0.0089596730975347,0.002492334631032579,120494.0,119721.64457097644,0.0,119424.0,772.3554290235625,596532.9087421712,Up,Up,3023
Ridge,H6,570,2025-10-29,2025-11-06,119424.0,0.009738411039657,0.0029844809576550398,120587.0,119780.41865388701,0.0,119424.0,806.5813461129874,650573.4678974388,Up,Up,3022
Ridge,H7,570,2025-10-29,2025-11-07,119424.0,0.0136655948553054,0.003493915201127196,121056.0,119841.25732897942,0.0,119424.0,1214.7426710205764,1475599.7567982043,Up,Up,3021
Ridge,H1,571,2025-10-30,2025-10-31,120251.0,0.0079666697158442,0.0004986101922399835,121209.0,120310.95837422705,0.0,120251.0,898.0416257729521,806478.7616209269,Up,Up,3028
Ridge,H2,571,2025-10-30,2025-11-03,120251.0,0.0096797531829257,0.0009928712447940214,121415.0,120370.39376005772,0.0,120251.0,1044.6062399422808,1091202.19652635,Up,Up,3027
Ridge,H3,571,2025-10-30,2025-11-04,120251.0,-0.0035010103866079,0.0014881806403163297,119830.0,120429.95521017868,0.0,120251.0,599.955210178683,359946.25422054774,Down,Up,3026
Ridge,H4,571,2025-10-30,2025-11-05,120251.0,0.0020207732160231,0.0019865191881717134,120494.0,120489.88091889683,0.0,120251.0,4.119081103170174,16.96682913449362,Up,Up,3025
Ridge,H5,571,2025-10-30,2025-11-06,120251.0,0.002794155557958,0.0024833188536694173,120587.0,120549.62157547261,0.0,120251.0,37.378424527385505,1397.1466201494543,Up,Up,3024
Ridge,H6,571,2025-10-30,2025-11-07,120251.0,0.0066943310242741,0.002981258142499138,121056.0,120609.49927289365,0.0,120251.0,446.5007271063514,199362.89930650048,Up,Up,3023
Ridge,H7,571,2025-10-30,2025-11-10,120251.0,0.0303199141795078,0.0034742756133205226,123897.0,120668.78511677742,0.0,120251.0,3228.2148832225794,10421371.332259772,Up,Up,3022
Ridge,H1,572,2025-10-31,2025-11-03,121209.0,0.0016995437632518,0.0005010751813845639,121415.0,121269.73482166044,0.0,121209.0,145.26517833955586,21101.97203802297,Up,Up,3029
Ridge,H2,572,2025-10-31,2025-11-04,121209.0,-0.0113770429588562,0.0009974798733328632,119830.0,121329.90353796679,0.0,121209.0,1499.9035379667912,2249710.6232052976,Down,Up,3028
Ridge,H3,572,2025-10-31,2025-11-05,121209.0,-0.0058989018967238,0.0014946750703802671,120494.0,121390.16807060574,0.0,121209.0,896.1680706057377,803117.2107732105,Down,Up,3027
Ridge,H4,572,2025-10-31,2025-11-06,121209.0,-0.0051316321395276,0.0019891858368232293,120587.0,121450.10722609551,0.0,121209.0,863.1072260955116,744954.0837382885,Down,Up,3026
Ridge,H5,572,2025-10-31,2025-11-07,121209.0,-0.0012622825037744,0.0024788831366682096,121056.0,121509.46294611241,0.0,121209.0,453.4629461124132,205628.64349694934,Down,Up,3025
Ridge,H6,572,2025-10-31,2025-11-10,121209.0,0.0221765710467045,0.0029746519644113607,123897.0,121569.55458995434,0.0,121209.0,2327.445410045664,5417002.13674263,Up,Up,3024
Ridge,H7,572,2025-10-31,2025-11-11,121209.0,0.0221765710467045,0.00347350982508228,123897.0,121630.02065238838,0.0,121209.0,2266.9793476116174,5139195.362497594,Up,Up,3023
Ridge,H1,573,2025-11-03,2025-11-04,121415.0,-0.0130544001976691,0.000501471218274772,119830.0,121475.88612796682,0.0,121415.0,1645.88612796682,2708941.1462336113,Down,Up,3030
Ridge,H2,573,2025-11-03,2025-11-05,121415.0,-0.0075855536795288,0.0010003467887494558,120494.0,121536.457105356,0.0,121415.0,1042.4571053560067,1086716.8165072245,Down,Up,3029
Ridge,H3,573,2025-11-03,2025-11-06,121415.0,-0.0068195857184037,0.0014996877894898305,120587.0,121597.08459296089,0.0,121415.0,1010.0845929608913,1020270.8849369695,Down,Up,3028
Ridge,H4,573,2025-11-03,2025-11-07,121415.0,-0.0029568010542354,0.0019960885891047086,121056.0,121657.35509604613,0.0,121415.0,601.3550960461289,361627.9515406489,Down,Up,3027
Ridge,H5,573,2025-11-03,2025-11-10,121415.0,0.02044228472594,0.0024819557576847974,123897.0,121716.3466583193,0.0,121415.0,2180.653341680707,4755248.996583234,Up,Up,3026
Ridge,H6,573,2025-11-03,2025-11-11,121415.0,0.02044228472594,0.002970609302356239,123897.0,121775.67652844559,0.0,121415.0,2121.3234715544095,4500013.270967651,Up,Up,3025
Ridge,H7,573,2025-11-03,2025-11-12,121415.0,0.0407527900177078,0.0034672919603546044,126363.0,121835.98125336647,0.0,121415.0,4527.018746633534,20493898.73237145,Up,Up,3024
Ridge,H1,574,2025-11-04,2025-11-05,119830.0,0.0055411833430694,0.0004969987179857435,120494.0,119889.55535637622,0.0,119830.0,604.4446436237777,365353.3272054756,Up,Up,3031
Ridge,H2,574,2025-11-04,2025-11-06,119830.0,0.0063172828173245,0.0009962612106148149,120587.0,119949.38198086798,0.0,119830.0,637.6180191320163,406556.73832183634,Up,Up,3030
Ridge,H3,574,2025-11-04,2025-11-07,119830.0,0.0102311608111491,0.0014980361507006578,121056.0,120009.50967193846,0.0,119830.0,1046.49032806154,1095142.0067263495,Up,Up,3029
Ridge,H4,574,2025-11-04,2025-11-10,119830.0,0.0339397479762997,0.001996551843117971,123897.0,120069.24680736083,0.0,119830.0,3827.7531926391675,14651694.50375934,Up,Up,3028
Ridge,H5,574,2025-11-04,2025-11-11,119830.0,0.0339397479762997,0.002484283211046692,123897.0,120127.69165717973,0.0,119830.0,3769.3083428202663,14207685.383254461,Up,Up,3027
Ridge,H6,574,2025-11-04,2025-11-12,119830.0,0.054518901777518,0.0029691532803649214,126363.0,120185.79363758612,0.0,119830.0,6177.206362413883,38157878.44384655,Up,Up,3026
Ridge,H7,574,2025-11-04,2025-11-13,119830.0,0.0570641742468496,0.0034588106328702715,126668.0,120244.46927813685,0.0,119830.0,6423.53072186315,41261746.93471972,Up,Up,3025
Ridge,H1,575,2025-11-05,2025-11-06,120494.0,0.000771822663369,0.0004986621305747208,120587.0,120554.08579476147,0.0,120494.0,32.914205238528666,1083.3449064839879,Up,Up,3032
Ridge,H2,575,2025-11-05,2025-11-07,120494.0,0.004664132653908,0.0009934298777914633,121056.0,120613.7023396946,0.0,120494.0,442.2976603053976,195627.2203116289,Up,Up,3031
Ridge,H3,575,2025-11-05,2025-11-10,120494.0,0.0282420701445715,0.001495595106070871,123897.0,120674.2102367109,0.0,120494.0,3222.7897632890963,10386373.858360989,Up,Up,3030
Ridge,H4,575,2025-11-05,2025-11-11,120494.0,0.0282420701445715,0.0019965596761574228,123897.0,120734.57346161893,0.0,120494.0,3162.4265383810707,10000941.610656882,Up,Up,3029
Ridge,H5,575,2025-11-05,2025-11-12,120494.0,0.0487078194764885,0.0024864213674366353,126363.0,120793.59885624792,0.0,120494.0,5569.401143752082,31018229.100027002,Up,Up,3028
Ridge,H6,575,2025-11-05,2025-11-13,120494.0,0.0512390658456023,0.0029731681633392714,126668.0,120852.24892467342,0.0,120494.0,5815.7510753265815,33822960.57016229,Up,Up,3027
Ridge,H7,575,2025-11-05,2025-11-14,120494.0,0.024565538533039,0.0034590218542681316,123454.0,120910.79137930817,0.0,120494.0,2543.208620691832,6467910.088361251,Up,Up,3026
Ridge,H1,576,2025-11-06,2025-11-07,120587.0,0.003889308134376,0.0004987520030244424,121056.0,120647.1430077887,0.0,120587.0,408.8569922112947,167164.0400800667,Up,Up,3033
Ridge,H2,576,2025-11-06,2025-11-10,120587.0,0.0274490616733147,0.0009951856282122086,123897.0,120707.00644934922,0.0,120587.0,3189.9935506507754,10176058.853193542,Up,Up,3032
Ridge,H3,576,2025-11-06,2025-11-11,120587.0,0.0274490616733147,0.0014928513521189088,123897.0,120767.01846599796,0.0,120587.0,3129.981534002043,9796784.403193783,Up,Up,3031
Ridge,H4,576,2025-11-06,2025-11-12,120587.0,0.0478990272583279,0.0019942070114657164,126363.0,120827.47544089162,0.0,120587.0,5535.52455910838,30642032.14449203,Up,Up,3030
Ridge,H5,576,2025-11-06,2025-11-13,120587.0,0.050428321460854,0.002486523297593086,126668.0,120886.84238488686,0.0,120587.0,5781.157615113145,33421783.370780706,Up,Up,3029
Ridge,H6,576,2025-11-06,2025-11-14,120587.0,0.0237753655037442,0.0029754027832399293,123454.0,120945.79489542254,0.0,120587.0,2508.205104577457,6291092.846628412,Up,Up,3028
Ridge,H7,576,2025-11-06,2025-11-17,120587.0,0.0182606748654499,0.003463134588412861,122789.0,121004.60901061294,0.0,120587.0,1784.3909893870587,3184051.203005726,Up,Up,3027
Ridge,H1,577,2025-11-07,2025-11-10,121056.0,0.0234684773988897,0.0004998698200449879,123897.0,121116.51224093535,0.0,121056.0,2780.48775906465,7731112.17830836,Up,Up,3034
Ridge,H2,577,2025-11-07,2025-11-11,121056.0,0.0234684773988897,0.0009963956041343423,123897.0,121176.61966625409,0.0,121056.0,2720.3803337459103,7400469.16023151,Up,Up,3033
Ridge,H3,577,2025-11-07,2025-11-12,121056.0,0.0438392149088024,0.0014957338969007893,126363.0,121237.06756262323,0.0,121056.0,5125.932437376774,26275183.352551397,Up,Up,3032
Ridge,H4,577,2025-11-07,2025-11-13,121056.0,0.0463587100185038,0.0019925738126406176,126668.0,121297.21301546301,0.0,121056.0,5370.786984536986,28845352.83327189,Up,Up,3031
Ridge,H5,577,2025-11-07,2025-11-14,121056.0,0.0198090140100448,0.0024852860824921825,123454.0,121356.85879200218,0.0,121056.0,2097.141207997818,4398001.246282548,Up,Up,3030
Ridge,H6,577,2025-11-07,2025-11-17,121056.0,0.0143156886069257,0.002976630867406234,122789.0,121416.33902628472,0.0,121056.0,1372.6609737152758,1884198.148760969,Up,Up,3029
Ridge,H7,577,2025-11-07,2025-11-18,121056.0,0.0126800819455459,0.003466504327849792,122591.0,121475.6411479122,0.0,121056.0,1115.3588520877965,1244025.3689306073,Up,Up,3028
Ridge,H1,578,2025-11-10,2025-11-11,123897.0,0.0,0.000507437658915373,123897.0,123959.87000362664,0.0,123897.0,62.87000362663821,3952.6373560135016,No Change,Up,3035
Ridge,H2,578,2025-11-10,2025-11-12,123897.0,0.019903629627836,0.0010051145770832814,126363.0,124021.53068075688,0.0,123897.0,2341.469319243115,5482478.572956816,Up,Up,3034
Ridge,H3,578,2025-11-10,2025-11-13,123897.0,0.0223653518648554,0.0015045527385791977,126668.0,124083.40957065175,0.0,123897.0,2584.5904293482454,6680107.687478547,Up,Up,3033
Ridge,H4,578,2025-11-10,2025-11-14,123897.0,-0.0035755506590151,0.0020031106943185187,123454.0,124145.17940569398,0.0,123897.0,691.1794056939834,477728.97085548815,Down,Up,3032
Ridge,H5,578,2025-11-10,2025-11-17,123897.0,-0.0089429122577624,0.002491210854399912,122789.0,124205.65355122759,0.0,123897.0,1416.6535512275877,2006907.2842057357,Down,Up,3031
Ridge,H6,578,2025-11-10,2025-11-18,123897.0,-0.0105410139067128,0.002982967857496567,122591.0,124266.58076864025,0.0,123897.0,1675.580768640255,2807570.9122370677,Down,Up,3030
Ridge,H7,578,2025-11-10,2025-11-19,123897.0,-0.0080147219060994,0.003475369697551655,122904.0,124327.58787941755,0.0,123897.0,1423.5878794175514,2026602.450424561,Down,Up,3029
Ridge,H1,579,2025-11-11,2025-11-12,123897.0,0.019903629627836,0.0005072710964783276,126363.0,123959.84936704038,0.0,123897.0,2403.150632959616,5775132.964694203,Up,Up,3036
Ridge,H2,579,2025-11-11,2025-11-13,123897.0,0.0223653518648554,0.0010125168926121227,126668.0,124022.44780544395,0.0,123897.0,2645.5521945560467,6998946.414120315,Up,Up,3035
Ridge,H3,579,2025-11-11,2025-11-14,123897.0,-0.0035755506590151,0.0015131044466506237,123454.0,124084.46910162666,0.0,123897.0,630.4691016266588,397491.28810592624,Down,Up,3034
Ridge,H4,579,2025-11-11,2025-11-17,123897.0,-0.0089429122577624,0.0020117626510673557,122789.0,124146.2513571793,0.0,123897.0,1357.2513571792952,1842131.2465650386,Down,Up,3033
Ridge,H5,579,2025-11-11,2025-11-18,123897.0,-0.0105410139067128,0.002501583989331447,122591.0,124206.93875152619,0.0,123897.0,1615.9387515261915,2611258.0486840266,Down,Up,3032
Ridge,H6,579,2025-11-11,2025-11-19,123897.0,-0.0080147219060994,0.0029887283628263345,122904.0,124267.29447796909,0.0,123897.0,1363.294477969088,1858571.833661008,Down,Up,3031
Ridge,H7,579,2025-11-11,2025-11-20,123897.0,-0.010645939772553,0.003481542511086311,122578.0,124328.35267249607,0.0,123897.0,1750.3526724960684,3063734.478114129,Down,Up,3030
Ridge,H1,580,2025-11-12,2025-11-13,126363.0,0.0024136812199773,0.0005136577733195857,126668.0,126427.90733720998,0.0,126363.0,240.09266279001895,57644.486725601746,Up,Up,3037
Ridge,H2,580,2025-11-12,2025-11-14,126363.0,-0.0230209792423414,0.001018738922675871,123454.0,126491.73090648609,0.0,126363.0,3037.730906486089,9227809.060220797,Down,Up,3036
Ridge,H3,580,2025-11-12,2025-11-17,126363.0,-0.0282835956727839,0.0015270508202070378,122789.0,126555.96272279382,0.0,126363.0,3766.962722793818,14190008.154918216,Down,Up,3035
Ridge,H4,580,2025-11-12,2025-11-18,126363.0,-0.0298505100385397,0.002026887391100857,122591.0,126619.12357140168,0.0,126363.0,4028.1235714016802,16225779.506481828,Down,Up,3034
Ridge,H5,580,2025-11-12,2025-11-19,126363.0,-0.0273735191472187,0.0025168185007174606,122904.0,126681.03273620615,0.0,126363.0,3777.0327362061507,14265976.290372921,Down,Up,3033
Ridge,H6,580,2025-11-12,2025-11-20,126363.0,-0.0299533882544732,0.003005724485472021,122578.0,126742.81236315769,0.0,126363.0,4164.812363157689,17345662.020311136,Down,Up,3032
Ridge,H7,580,2025-11-12,2025-11-21,126363.0,-0.0198950642197478,0.003493839587367068,123849.0,126804.49205177848,0.0,126363.0,2955.4920517784776,8734933.268125756,Down,Up,3031
Ridge,H1,581,2025-11-13,2025-11-14,126668.0,-0.0253734171219249,0.0005142833827508306,123454.0,126733.14324752627,0.0,126668.0,3279.14324752627,10752780.437797133,Down,Up,3038
Ridge,H2,581,2025-11-13,2025-11-17,126668.0,-0.0306233618593488,0.0010257684877979,122789.0,126797.93204281239,0.0,126668.0,4008.93204281239,16071536.123887923,Down,Up,3037
Ridge,H3,581,2025-11-13,2025-11-18,126668.0,-0.0321865032999653,0.0015339151117637908,122591.0,126862.29795937688,0.0,126668.0,4271.297959376883,18243986.25777713,Down,Up,3036
Ridge,H4,581,2025-11-13,2025-11-19,126668.0,-0.0297154766791928,0.0020414948332700728,122904.0,126926.59206754065,0.0,126668.0,4022.5920675406524,16181246.94184098,Down,Up,3035
Ridge,H5,581,2025-11-13,2025-11-20,126668.0,-0.0322891337985915,0.002532611311793931,122578.0,126988.8008096423,0.0,126668.0,4410.8008096423,19455163.78234117,Down,Up,3034
Ridge,H6,581,2025-11-13,2025-11-21,126668.0,-0.0222550288944326,0.003021628338927054,123849.0,127050.74361843521,0.0,126668.0,3201.743618435212,10251162.198190603,Down,Up,3033
Ridge,H7,581,2025-11-13,2025-11-24,126668.0,-0.0241102725234471,0.0035115092282996868,123614.0,127112.79585093028,0.0,126668.0,3498.7958509302844,12241572.406486973,Down,Up,3032
Ridge,H1,582,2025-11-14,2025-11-17,123454.0,-0.0053866217376512,0.0005057644715960035,122789.0,123516.43864707641,0.0,123454.0,727.4386470764148,529166.9852603647,Down,Up,3039
Ridge,H2,582,2025-11-14,2025-11-18,123454.0,-0.0069904579843504,0.001017851882535493,122591.0,123579.65788630654,0.0,123454.0,988.657886306537,977444.4161561094,Down,Up,3038
Ridge,H3,582,2025-11-14,2025-11-19,123454.0,-0.0044551006852754,0.001532231431855495,122904.0,123643.16009918829,0.0,123454.0,739.1600991882879,546357.6522320396,Down,Up,3037
Ridge,H4,582,2025-11-14,2025-11-20,123454.0,-0.0070957603641842,0.002039644207487541,122578.0,123705.80223599116,0.0,123454.0,1127.8022359911556,1271937.8835066503,Down,Up,3036
Ridge,H5,582,2025-11-14,2025-11-21,123454.0,0.0031995723103341,0.0025383032018378242,123849.0,123767.36368347968,0.0,123454.0,81.636316520322,6664.488175006199,Up,Up,3035
Ridge,H6,582,2025-11-14,2025-11-24,123454.0,0.0012960292902619,0.003028468464699129,123614.0,123827.87654584096,0.0,123454.0,213.87654584096163,45743.17686086096,Up,Up,3034
Ridge,H7,582,2025-11-14,2025-11-25,123454.0,0.0118424676397685,0.0035184511897119494,124916.0,123888.3668731747,0.0,123454.0,1027.633126825298,1056029.843348739,Up,Up,3033
Ridge,H1,583,2025-11-17,2025-11-18,122789.0,-0.0016125222943422,0.0005038254083779999,122591.0,122850.86421806933,0.0,122789.0,259.86421806932776,67529.41183278314,Down,Up,3040
Ridge,H2,583,2025-11-17,2025-11-19,122789.0,0.0009365659790372,0.0010074391190297558,122904.0,122912.70244198655,0.0,122789.0,8.702441986548365,75.73249652923985,Up,Up,3039
Ridge,H3,583,2025-11-17,2025-11-20,122789.0,-0.0017183949702335,0.0015224165768642905,122578.0,122975.9360090566,0.0,122789.0,397.93600905660423,158353.0673038978,Down,Up,3038
Ridge,H4,583,2025-11-17,2025-11-21,122789.0,0.0086326951111255,0.002036026887410636,123849.0,123039.00170547827,0.0,122789.0,809.9982945217344,656097.2371281183,Up,Up,3037
Ridge,H5,583,2025-11-17,2025-11-24,122789.0,0.0067188428930931,0.002534520334872414,123614.0,123100.21121739864,0.0,122789.0,513.7887826013612,263978.91312698874,Up,Up,3036
Ridge,H6,583,2025-11-17,2025-11-25,122789.0,0.0173223985861925,0.003032186974186699,124916.0,123161.31920637342,0.0,122789.0,1754.6807936265832,3078904.687522016,Up,Up,3035
Ridge,H7,583,2025-11-17,2025-11-26,122789.0,0.0234955899958464,0.003523308783690735,125674.0,123221.62356224061,0.0,122789.0,2452.3764377593907,6014150.192477439,Up,Up,3034
Ridge,H1,584,2025-11-18,2025-11-19,122591.0,0.0025532053739671,0.000503129367600213,122904.0,122652.67913230347,0.0,122591.0,251.3208676965296,63162.17853973654,Up,Up,3041
Ridge,H2,584,2025-11-18,2025-11-20,122591.0,-0.0001060436736791,0.0010048086317104568,122578.0,122714.18049497002,0.0,122591.0,136.1804949700163,18545.127210278635,Down,Up,3040
Ridge,H3,584,2025-11-18,2025-11-21,122591.0,0.0102617647298741,0.0015113239713871291,123849.0,122776.27471697632,0.0,122591.0,1072.725283023683,1150739.5328382407,Up,Up,3039
Ridge,H4,584,2025-11-18,2025-11-24,122591.0,0.0083448213979819,0.0020255306270801784,123614.0,122839.31182510439,0.0,122591.0,774.6881748956075,600141.7683230874,Up,Up,3038
Ridge,H5,584,2025-11-18,2025-11-25,122591.0,0.0189655031772315,0.0025302153256998674,124916.0,122901.18162699287,0.0,122591.0,2014.8183730071323,4059493.076207108,Up,Up,3037
Ridge,H6,584,2025-11-18,2025-11-26,122591.0,0.0251486650732923,0.0030277159638463884,125674.0,122962.17072772389,0.0,122591.0,2711.8292722761107,7354018.001973581,Up,Up,3036
Ridge,H7,584,2025-11-18,2025-11-27,122591.0,0.0234438090887585,0.0035263260134602466,125465.0,123023.29583231609,0.0,122591.0,2441.7041676839144,5961919.242484997,Up,Up,3035
Ridge,H1,585,2025-11-19,2025-11-20,122904.0,-0.0026524767298053,0.0005038039037106207,122578.0,122965.91951498165,0.0,122904.0,387.91951498165145,150481.5501035997,Down,Up,3042
Ridge,H2,585,2025-11-19,2025-11-21,122904.0,0.007688927943761,0.0010047863889878612,123849.0,123027.49226635217,0.0,122904.0,821.507733647828,674874.9564431907,Up,Up,3041
Ridge,H3,585,2025-11-19,2025-11-24,122904.0,0.0057768664974289,0.00150936185180256,123614.0,123089.50660903394,0.0,122904.0,524.4933909660613,275093.3171670776,Up,Up,3040
Ridge,H4,585,2025-11-19,2025-11-25,122904.0,0.0163705005532772,0.002015086582658795,124916.0,123151.66220135508,0.0,122904.0,1764.3377986449195,3112887.8677272005,Up,Up,3039
Ridge,H5,585,2025-11-19,2025-11-26,122904.0,0.0225379157716592,0.0025203718518436585,125674.0,123213.76378207898,0.0,122904.0,2460.2362179210177,6052762.247970313,Up,Up,3038
Ridge,H6,585,2025-11-19,2025-11-27,122904.0,0.0208374015491765,0.0030240802846093562,125465.0,123275.67156329962,0.0,122904.0,2189.32843670038,4793159.003744929,Up,Up,3037
Ridge,H7,585,2025-11-19,2025-11-28,122904.0,0.0328630475818525,0.003522525337957789,126943.0,123336.93245413637,0.0,122904.0,3606.067545863625,13003723.145330908,Up,Up,3036
Ridge,H1,586,2025-11-20,2025-11-21,122578.0,0.0103689079606454,0.0005027664300515584,123849.0,122639.62810346288,0.0,122578.0,1209.3718965371227,1462580.384133797,Up,Up,3043
Ridge,H2,586,2025-11-20,2025-11-24,122578.0,0.0084517613274812,0.0010044212938856009,123614.0,122701.11995336191,0.0,122578.0,912.8800466380926,833349.9795499662,Up,Up,3042
Ridge,H3,586,2025-11-20,2025-11-25,122578.0,0.0190735694822887,0.0015083005341852021,124916.0,122762.88446287934,0.0,122578.0,2153.115537120655,4635906.516190367,Up,Up,3041
Ridge,H4,586,2025-11-20,2025-11-26,122578.0,0.0252573871330907,0.0020120889836195577,125674.0,122824.6378434341,0.0,122578.0,2849.3621565658977,8118864.699269864,Up,Up,3040
Ridge,H5,586,2025-11-20,2025-11-27,122578.0,0.0235523503401915,0.0025089170442260324,125465.0,122885.53803344714,0.0,122578.0,2579.461966552859,6653624.036892742,Up,Up,3039
Ridge,H6,586,2025-11-20,2025-11-28,122578.0,0.0356099789521773,0.003013225036812548,126943.0,122947.3550985624,0.0,122578.0,3995.6449014375976,15965178.178384269,Up,Up,3038
Ridge,H7,586,2025-11-20,2025-12-01,122578.0,0.0445104341725268,0.003517859487765646,128034.0,123009.21218029133,0.0,122578.0,5024.787819708668,25248492.633092593,Up,Up,3037
Ridge,H1,587,2025-11-21,2025-11-24,123849.0,-0.0018974719214527,0.000506007785844703,123614.0,123911.66855826908,0.0,123849.0,297.6685582690843,88606.57058199524,Down,Up,3044
Ridge,H2,587,2025-11-21,2025-11-25,123849.0,0.0086153299582556,0.0010066183261767743,124916.0,123973.66867307866,0.0,123849.0,942.3313269213395,887988.3296973325,Up,Up,3043
Ridge,H3,587,2025-11-21,2025-11-26,123849.0,0.0147356861985159,0.00151117813627296,125674.0,124036.15790099926,0.0,123849.0,1637.8420990007435,2682526.7412591614,Up,Up,3042
Ridge,H4,587,2025-11-21,2025-11-27,123849.0,0.0130481473407133,0.0020142664018339366,125465.0,124098.46487960072,0.0,123849.0,1366.535120399276,1867418.2352846635,Up,Up,3041
Ridge,H5,587,2025-11-21,2025-11-28,123849.0,0.0249820345743607,0.0025091445543699137,126943.0,124159.75504391416,0.0,123849.0,2783.2449560858367,7746452.485577252,Up,Up,3040
Ridge,H6,587,2025-11-21,2025-12-01,123849.0,0.0337911488990625,0.003004909870527614,128034.0,124221.15508255498,0.0,123849.0,3812.8449174450216,14537786.364486333,Up,Up,3039
Ridge,H7,587,2025-11-21,2025-12-02,123849.0,0.03889413721548,0.0035101522107495566,128666.0,124283.72884114912,0.0,123849.0,4382.271158850883,19204300.50969626,Up,Up,3038
Ridge,H1,588,2025-11-24,2025-11-25,123614.0,0.0105327875483358,0.0005052191386386758,124916.0,123676.45215860369,0.0,123614.0,1239.5478413963137,1536478.851110261,Up,Up,3045
Ridge,H2,588,2025-11-24,2025-11-26,123614.0,0.0166647790703318,0.0010090647037216192,125674.0,123738.73452428583,0.0,123614.0,1935.2654757141718,3745252.4614911997,Up,Up,3044
Ridge,H3,588,2025-11-24,2025-11-27,123614.0,0.014974032067565,0.001512580446348661,125465.0,123800.97611929495,0.0,123614.0,1664.0238807050482,2768975.4755566884,Up,Up,3043
Ridge,H4,588,2025-11-24,2025-11-28,123614.0,0.0269306065655994,0.0020163480708959855,126943.0,123863.24885043573,0.0,123614.0,3079.7511495642684,9484867.143242434,Up,Up,3042
Ridge,H5,588,2025-11-24,2025-12-01,123614.0,0.0357564677140129,0.0025105290024109695,128034.0,123924.33653210403,0.0,123614.0,4109.663467895967,16889333.819358706,Up,Up,3041
Ridge,H6,588,2025-11-24,2025-12-02,123614.0,0.0408691572152022,0.0030043473101235,128666.0,123985.37938839362,0.0,123614.0,4680.620611606384,21908209.30979452,Up,Up,3040
Ridge,H7,588,2025-11-24,2025-12-03,123614.0,0.0460384746064361,0.0035010630805275412,129305.0,124046.78041163633,0.0,123614.0,5258.219588363674,27648873.239451446,Up,Up,3039
Ridge,H1,589,2025-11-25,2025-11-26,124916.0,0.0060680777482469,0.0005085108640081066,125674.0,124979.52114308844,0.0,124916.0,694.4788569115626,482300.8826971907,Up,Up,3046
Ridge,H2,589,2025-11-25,2025-11-27,124916.0,0.0043949534086906,0.001011562484930239,125465.0,125042.36033936756,0.0,124916.0,422.6396606324415,178624.28273950535,Up,Up,3045
Ridge,H3,589,2025-11-25,2025-11-28,124916.0,0.0162269044798104,0.0015183495685197365,126943.0,125105.66615470122,0.0,124916.0,1837.333845298781,3375795.659080405,Up,Up,3044
Ridge,H4,589,2025-11-25,2025-12-01,124916.0,0.024960773639886,0.002021065166557846,128034.0,125168.46337634572,0.0,124916.0,2865.536623654276,8211300.141503947,Up,Up,3043
Ridge,H5,589,2025-11-25,2025-12-02,124916.0,0.0300201735566301,0.002515938241507408,128666.0,125230.28094137614,0.0,124916.0,3435.7190586238576,11804165.449791206,Up,Up,3042
Ridge,H6,589,2025-11-25,2025-12-03,124916.0,0.0351356111306797,0.003009056150109046,129305.0,125291.87925804702,0.0,124916.0,4013.120741952982,16105138.089493252,Up,Up,3041
Ridge,H7,589,2025-11-25,2025-12-04,124916.0,0.0318454001088732,0.0035038072858895224,128894.0,125353.68159092417,0.0,124916.0,3540.3184090758295,12533854.437641213,Up,Up,3040
Ridge,H1,590,2025-11-26,2025-11-27,125674.0,-0.0016630329264605,0.0005103356414778834,125465.0,125738.1359214071,0.0,125674.0,273.13592140709807,74603.23156290445,Down,Up,3047
Ridge,H2,590,2025-11-26,2025-11-28,125674.0,0.0100975539888918,0.00101670185885128,126943.0,125801.77298940929,0.0,125674.0,1141.2270105907082,1302399.0897018046,Up,Up,3046
Ridge,H3,590,2025-11-26,2025-12-01,125674.0,0.0187787450069227,0.001522690686190777,128034.0,125865.36262929633,0.0,125674.0,2168.637370703669,4702988.045612523,Up,Up,3045
Ridge,H4,590,2025-11-26,2025-12-02,125674.0,0.0238076292630138,0.0020286990195670282,128666.0,125928.95472058507,0.0,125674.0,2737.0452794149314,7491416.86156756,Up,Up,3044
Ridge,H5,590,2025-11-26,2025-12-03,125674.0,0.0288922131864983,0.0025225184198726207,129305.0,125991.01497989909,0.0,125674.0,3313.9850201009103,10982496.713453231,Up,Up,3043
Ridge,H6,590,2025-11-26,2025-12-04,125674.0,0.0256218470009708,0.003016334454866191,128894.0,126053.07481628084,0.0,125674.0,2840.925183719155,8070855.899489715,Up,Up,3042
Ridge,H7,590,2025-11-26,2025-12-05,125674.0,0.0281044607476486,0.003510381575401221,129206.0,126115.16369410697,0.0,125674.0,3090.8363058930263,9553269.069826448,Up,Up,3041
Ridge,H1,591,2025-11-27,2025-11-28,125465.0,0.0117801777388115,0.0005096227101142724,126943.0,125528.93981332448,0.0,125465.0,1414.060186675517,1999566.2115407977,Up,Up,3048
Ridge,H2,591,2025-11-27,2025-12-01,125465.0,0.0204758299127245,0.0010178107998292075,128034.0,125592.69963200056,0.0,125465.0,2441.3003679994436,5959947.486794218,Up,Up,3047
Ridge,H3,591,2025-11-27,2025-12-02,125465.0,0.0255130913003627,0.0015271068742664928,128666.0,125656.59846397986,0.0,125465.0,3009.4015360201447,9056497.605000407,Up,Up,3046
Ridge,H4,591,2025-11-27,2025-12-03,125465.0,0.0306061451400789,0.0020323181995057266,129305.0,125719.98480290097,0.0,125465.0,3585.0151970990264,12852333.96343097,Up,Up,3045
Ridge,H5,591,2025-11-27,2025-12-04,125465.0,0.0273303311680548,0.002529427218831435,128894.0,125782.35458601068,0.0,125465.0,3111.6454139893176,9682337.182400752,Up,Up,3044
Ridge,H6,591,2025-11-27,2025-12-05,125465.0,0.0298170804606863,0.003022190964988125,129206.0,125844.17918942224,0.0,125465.0,3361.8208105777594,11301839.162433702,Up,Up,3043
Ridge,H7,591,2025-11-27,2025-12-08,125465.0,0.0260710158211452,0.003516934452017659,128736.0,125906.25218102238,0.0,125465.0,2829.7478189776157,8007472.719008572,Up,Up,3042
Ridge,H1,592,2025-11-28,2025-12-01,126943.0,0.0085944085140574,0.0005133190076596254,128034.0,127008.16225478933,0.0,126943.0,1025.8377452106652,1052343.0794989015,Up,Up,3049
Ridge,H2,592,2025-11-28,2025-12-02,126943.0,0.013573020962164,0.00102078934803995,128666.0,127072.58206220822,0.0,126943.0,1593.4179377917753,2538980.724476594,Up,Up,3048
Ridge,H3,592,2025-11-28,2025-12-03,126943.0,0.0186067762696642,0.0015319313177493928,129305.0,127137.46795726905,0.0,126943.0,2167.532042730949,4698195.1562654,Up,Up,3047
Ridge,H4,592,2025-11-28,2025-12-04,126943.0,0.0153691026681266,0.0020404923119648364,128894.0,127202.02621555775,0.0,126943.0,1691.9737844422489,2862775.287239826,Up,Up,3046
Ridge,H5,592,2025-11-28,2025-12-05,126943.0,0.0178268986868121,0.0025368009616288487,129206.0,127265.02912447206,0.0,126943.0,1940.9708755279426,3767367.939647708,Up,Up,3045
Ridge,H6,592,2025-11-28,2025-12-08,126943.0,0.0141244495560999,0.0030328971282207323,128736.0,127328.00506014773,0.0,126943.0,1407.994939852273,1982449.750649606,Up,Up,3044
Ridge,H7,592,2025-11-28,2025-12-09,126943.0,0.0150461230631071,0.0035265787551502954,128853.0,127390.67448691506,0.0,126943.0,1462.325513084943,2138395.9062191416,Up,Up,3043
Ridge,H1,593,2025-12-01,2025-12-02,128034.0,0.0049361888248433,0.0005159686996294641,128666.0,128100.06153648836,0.0,128034.0,565.9384635116439,320286.34448192036,Up,Up,3050
Ridge,H2,593,2025-12-01,2025-12-03,128034.0,0.0099270506271771,0.0010271709220768459,129305.0,128165.51280183719,0.0,128034.0,1139.4871981628094,1298431.0747769296,Up,Up,3049
Ridge,H3,593,2025-12-01,2025-12-04,128034.0,0.0067169658059578,0.001537590126982398,128894.0,128230.86381431806,0.0,128034.0,663.1361856819422,439749.60076079523,Up,Up,3048
Ridge,H4,593,2025-12-01,2025-12-05,128034.0,0.0091538185169564,0.0020480150678267015,129206.0,128296.21556119411,0.0,128034.0,909.7844388058875,827707.7250933436,Up,Up,3047
Ridge,H5,593,2025-12-01,2025-12-08,128034.0,0.0054829185997469,0.002547707699124984,128736.0,128360.19320754976,0.0,128034.0,375.8067924502393,141230.74525173724,Up,Up,3046
Ridge,H6,593,2025-12-01,2025-12-09,128034.0,0.0063967383663714,0.0030429988087141376,128853.0,128423.60730947492,0.0,128034.0,429.3926905250846,184378.0826763711,Up,Up,3045
Ridge,H7,593,2025-12-01,2025-12-10,128034.0,0.0036396582157864,0.0035400430996024588,128500.0,128487.2458782145,0.0,128034.0,12.75412178550323,162.6676225194481,Up,Up,3044
Ridge,H1,594,2025-12-02,2025-12-03,128666.0,0.0049663469758911,0.0005174176269838562,129305.0,128732.5740563935,0.0,128666.0,572.425943606504,327671.4609137965,Up,Up,3051
Ridge,H2,594,2025-12-02,2025-12-04,128666.0,0.0017720299068906,0.0010312840363854731,128894.0,128798.69119182558,0.0,128666.0,95.30880817442085,9083.76891562855,Up,Up,3050
Ridge,H3,594,2025-12-02,2025-12-05,128666.0,0.0041969129373726,0.0015454536101527083,129206.0,128864.8473342039,0.0,128666.0,341.15266579609306,116385.14137978076,Up,Up,3049
Ridge,H4,594,2025-12-02,2025-12-08,128666.0,0.0005440442696593,0.0020551545047652565,128736.0,128930.42850951014,0.0,128666.0,194.4285095101368,37802.44531033335,Up,Up,3048
Ridge,H5,594,2025-12-02,2025-12-09,128666.0,0.0014533754060901,0.002556724310517581,128853.0,128994.96349013706,0.0,128666.0,141.96349013705913,20153.632531894884,Up,Up,3047
Ridge,H6,594,2025-12-02,2025-12-10,128666.0,-0.0012901621251923,0.0030554179875243678,128500.0,129059.12841078281,0.0,128666.0,559.1284107828105,312624.57974451134,Down,Up,3046
Ridge,H7,594,2025-12-02,2025-12-11,128666.0,0.0174016445681066,0.003551655084689139,130905.0,129122.97725312662,0.0,128666.0,1782.0227468733792,3175605.070374144,Up,Up,3045
Ridge,H1,595,2025-12-03,2025-12-04,129305.0,-0.003178531379297,0.0005188753187881447,128894.0,129372.0931730959,0.0,129305.0,478.09317309589824,228573.0821609045,Down,Up,3052
Ridge,H2,595,2025-12-03,2025-12-05,129305.0,-0.0007656316461079,0.0010342000424100027,129206.0,129438.72723648381,0.0,129305.0,232.7272364838136,54161.96660139291,Down,Up,3051
Ridge,H3,595,2025-12-03,2025-12-08,129305.0,-0.0044004485518734,0.0015510480342535236,128736.0,129505.55826606916,0.0,129305.0,769.558266069158,592219.924875369,Down,Up,3050
Ridge,H4,595,2025-12-03,2025-12-09,129305.0,-0.0034956111519276,0.00206451875828857,128853.0,129571.95259804052,0.0,129305.0,718.952598040516,516892.8382292078,Down,Up,3049
Ridge,H5,595,2025-12-03,2025-12-10,129305.0,-0.0062255906577471,0.002565365070593103,128500.0,129636.71453045303,0.0,129305.0,1136.7145304530277,1292119.9237430473,Down,Up,3048
Ridge,H6,595,2025-12-03,2025-12-11,129305.0,0.0123738447855845,0.0030659472382456553,130905.0,129701.44230764137,0.0,129305.0,1203.557692358634,1448551.1188356404,Up,Up,3047
Ridge,H7,595,2025-12-03,2025-12-12,129305.0,0.0180967479989173,0.0035656041062468325,131645.0,129766.05043895825,0.0,129305.0,1878.9495610417507,3530451.452938988,Up,Up,3046
Ridge,H1,596,2025-12-04,2025-12-05,128894.0,0.0024205936661132,0.0005176644272184235,129206.0,128960.7238386819,0.0,128894.0,245.27616131810646,60160.39531094579,Up,Up,3053
Ridge,H2,596,2025-12-04,2025-12-08,128894.0,-0.0012258134591214,0.001034442059890395,128736.0,129027.33337486752,0.0,128894.0,291.33337486752134,84875.13531169972,Down,Up,3052
Ridge,H3,596,2025-12-04,2025-12-09,128894.0,-0.0003180908343289,0.0015527413117842294,128853.0,129094.13903864111,0.0,128894.0,241.13903864110762,58148.035956757594,Down,Up,3051
Ridge,H4,596,2025-12-04,2025-12-10,128894.0,-0.0030567753347712,0.002068881373004072,128500.0,129160.666395692,0.0,128894.0,660.6663956919947,436480.0863966513,Down,Up,3050
Ridge,H5,596,2025-12-04,2025-12-11,128894.0,0.0156019675081851,0.002573487939073331,130905.0,129225.70715441891,0.0,128894.0,1679.2928455810907,2820024.461219837,Up,Up,3049
Ridge,H6,596,2025-12-04,2025-12-12,128894.0,0.0213431191521715,0.0030733475427366483,131645.0,129290.1360581735,0.0,128894.0,2354.863941826494,5545384.184514613,Up,Up,3048
Ridge,H7,596,2025-12-04,2025-12-15,128894.0,0.0279066519775939,0.003574885419883064,132491.0,129354.78128131042,0.0,128894.0,3136.2187186895753,9835867.851458881,Up,Up,3047
Ridge,H1,597,2025-12-05,2025-12-08,129206.0,-0.0036376019689488,0.0005182873399589264,128736.0,129272.96583404674,0.0,129206.0,536.9658340467431,288332.3069335145,Down,Up,3054
Ridge,H2,597,2025-12-05,2025-12-09,129206.0,-0.0027320712660402,0.001033851956186881,128853.0,129339.57987585106,0.0,129206.0,486.57987585106457,236759.97558323742,Down,Up,3053
Ridge,H3,597,2025-12-05,2025-12-10,129206.0,-0.0054641425320806,0.001553607433470357,128500.0,129406.73540204897,0.0,129206.0,906.7354020489729,822169.0893289126,Down,Up,3052
Ridge,H4,597,2025-12-05,2025-12-11,129206.0,0.0131495441388171,0.0020712034962256176,130905.0,129473.61191893333,0.0,129206.0,1431.3880810666742,2048871.8386197358,Up,Up,3051
Ridge,H5,597,2025-12-05,2025-12-12,129206.0,0.018876832345247,0.002578488961660726,131645.0,129539.15624478033,0.0,129206.0,2105.84375521967,4434577.921397682,Up,Up,3050
Ridge,H6,597,2025-12-05,2025-12-15,129206.0,0.0254245158893549,0.0030821191703887555,132491.0,129604.22828952924,0.0,129206.0,2886.7717104707554,8333450.908374251,Up,Up,3049
Ridge,H7,597,2025-12-05,2025-12-16,129206.0,0.0264770985867528,0.0035829336610092915,132627.0,129668.93652660438,0.0,129206.0,2958.063473395625,8750139.512637388,Up,Up,3048
Ridge,H1,598,2025-12-08,2025-12-09,128736.0,0.0009088366890379,0.0005169268949708538,128853.0,128802.54710075098,0.0,128736.0,50.452899249023176,2545.4950426320834,Up,Up,3055
Ridge,H2,598,2025-12-08,2025-12-10,128736.0,-0.0018332090479741,0.001033112212683581,128500.0,128868.99873381204,0.0,128736.0,368.9987338120409,136160.0655548894,Down,Up,3054
Ridge,H3,598,2025-12-08,2025-12-11,128736.0,0.0168484340044743,0.0015516572126115541,130905.0,128935.75414292276,0.0,128736.0,1969.2458570772433,3877929.2456158865,Up,Up,3053
Ridge,H4,598,2025-12-08,2025-12-12,128736.0,0.022596631866766,0.002070702982984089,131645.0,129002.57401921744,0.0,128736.0,2642.4259807825583,6982415.063914665,Up,Up,3052
Ridge,H5,598,2025-12-08,2025-12-15,128736.0,0.0291682202336565,0.0025794409345591385,132491.0,129068.0669081514,0.0,128736.0,3422.933091848594,11716470.951272175,Up,Up,3051
Ridge,H6,598,2025-12-08,2025-12-16,128736.0,0.0302246457867263,0.003085739642497649,132627.0,129133.24577861659,0.0,128736.0,3493.7542213834095,12206318.559434393,Up,Up,3050
Ridge,H7,598,2025-12-08,2025-12-17,128736.0,0.0340153492418593,0.0035903091993131995,133115.0,129198.20204508278,0.0,128736.0,3916.797954917216,15341306.219643686,Up,Up,3049
Ridge,H1,599,2025-12-09,2025-12-10,128853.0,-0.002739555928073,0.0005170551204325578,128500.0,128919.62410343309,0.0,128853.0,419.62410343308875,176084.38818202357,Down,Up,3056
Ridge,H2,599,2025-12-09,2025-12-11,128853.0,0.0159251239784872,0.0010318796399048002,130905.0,128985.96078724063,0.0,128853.0,1919.039212759366,3682711.500108087,Up,Up,3055
Ridge,H3,599,2025-12-09,2025-12-12,128853.0,0.0216681024112748,0.0015510449358347752,131645.0,129052.85679311711,0.0,128853.0,2592.143206882887,6719206.404989098,Up,Up,3054
Ridge,H4,599,2025-12-09,2025-12-15,128853.0,0.0282337237006511,0.0020688797868429433,132491.0,129119.58136717406,0.0,128853.0,3371.4186328259384,11366463.597765919,Up,Up,3053
Ridge,H5,599,2025-12-09,2025-12-16,128853.0,0.0292891900072176,0.002579071996870494,132627.0,129185.32116401277,0.0,128853.0,3441.67883598723,11845153.210082414,Up,Up,3052
Ridge,H6,599,2025-12-09,2025-12-17,128853.0,0.0330764514601911,0.0030868250387444027,133115.0,129250.74666671733,0.0,128853.0,3864.2533332826715,14932453.823786238,Up,Up,3051
Ridge,H7,599,2025-12-09,2025-12-18,128853.0,0.0297315545621754,0.003594065532611514,132684.0,129316.10612607359,0.0,128853.0,3367.893873926412,11342709.146031056,Up,Up,3050
Ridge,H1,600,2025-12-10,2025-12-11,128500.0,0.018715953307393,0.0005159899655681597,130905.0,128566.30471057552,0.0,128500.0,2338.695289424475,5469495.656776229,Up,Up,3057
Ridge,H2,600,2025-12-10,2025-12-12,128500.0,0.0244747081712062,0.0010309423084011282,131645.0,128632.47608662955,0.0,128500.0,3012.5239133704454,9075300.328628782,Up,Up,3056
Ridge,H3,600,2025-12-10,2025-12-15,128500.0,0.0310583657587548,0.0015487488232329447,132491.0,128699.01422378542,0.0,128500.0,3791.985776214584,14379156.12701372,Up,Up,3055
Ridge,H4,600,2025-12-10,2025-12-16,128500.0,0.0321167315175097,0.002067201526333474,132627.0,128765.63539613385,0.0,128500.0,3861.3646038661536,14910136.603990417,Up,Up,3054
Ridge,H5,600,2025-12-10,2025-12-17,128500.0,0.0359143968871595,0.002576188061101412,133115.0,128831.04016585155,0.0,128500.0,4283.9598341484525,18352311.860597238,Up,Up,3053
Ridge,H6,600,2025-12-10,2025-12-18,128500.0,0.0325603112840466,0.0030853907619190503,132684.0,128896.4727129066,0.0,128500.0,3787.5272870933986,14345362.95047708,Up,Up,3052
Ridge,H7,600,2025-12-10,2025-12-19,128500.0,0.0305603112840466,0.0035940802290025347,132427.0,128961.83930942681,0.0,128500.0,3465.1606905731896,12007338.611493664,Up,Up,3051
Ridge,H1,601,2025-12-11,2025-12-12,130905.0,0.0056529544326038,0.0005219415307052114,131645.0,130973.32475607697,0.0,130905.0,671.6752439230331,451147.63329906604,Up,Up,3058
Ridge,H2,601,2025-12-11,2025-12-15,130905.0,0.0121156563920399,0.0010358145714000416,132491.0,131040.59330646912,0.0,130905.0,1450.4066935308801,2103679.5766391805,Up,Up,3057
Ridge,H3,601,2025-12-11,2025-12-16,130905.0,0.0131545777472212,0.0015537554009249438,132627.0,131108.39435075806,0.0,130905.0,1518.6056492419448,2306163.117909549,Up,Up,3056
Ridge,H4,601,2025-12-11,2025-12-17,130905.0,0.0168824720216951,0.002070829161801725,133115.0,131176.08189142565,0.0,130905.0,1938.9181085743476,3759403.4317575255,Up,Up,3055
Ridge,H5,601,2025-12-11,2025-12-18,130905.0,0.013590008021084,0.002580453440265438,132684.0,131242.79425759794,0.0,130905.0,1441.2057424020604,2077073.991932674,Up,Up,3054
Ridge,H6,601,2025-12-11,2025-12-19,130905.0,0.0116267522248958,0.0030884334204100967,132427.0,131309.29137689876,0.0,130905.0,1117.7086231012363,1249272.5661548616,Up,Up,3053
Ridge,H7,601,2025-12-11,2025-12-22,130905.0,0.0285168633742025,0.00359860460042297,134638.0,131376.07533521837,0.0,130905.0,3261.9246647816326,10640152.518710766,Up,Up,3052
Ridge,H1,602,2025-12-12,2025-12-15,131645.0,0.0064263739602719,0.0005236192425230673,132491.0,131713.93185518196,0.0,131645.0,777.0681448180403,603834.9016909509,Up,Up,3059
Ridge,H2,602,2025-12-12,2025-12-16,131645.0,0.0074594553534126,0.0010434795328168793,132627.0,131782.36886309768,0.0,131645.0,844.6311369023169,713401.7574249004,Up,Up,3058
Ridge,H3,602,2025-12-12,2025-12-17,131645.0,0.011166394469976,0.0015603354207962105,133115.0,131850.41035647073,0.0,131645.0,1264.589643529267,1599186.9665214787,Up,Up,3057
Ridge,H4,602,2025-12-12,2025-12-18,131645.0,0.007892437996126,0.002077546424679024,132684.0,131918.49859907685,0.0,131645.0,765.5014009231527,585992.3948153093,Up,Up,3056
Ridge,H5,602,2025-12-12,2025-12-19,131645.0,0.0059402180105587,0.0025857886811536247,132427.0,131985.40615093047,0.0,131645.0,441.5938490695262,195005.12753603948,Up,Up,3055
Ridge,H6,602,2025-12-12,2025-12-22,131645.0,0.0227353868358084,0.0030944115965018675,134638.0,132052.3638146215,0.0,131645.0,2585.6361853785056,6685514.48313871,Up,Up,3054
Ridge,H7,602,2025-12-12,2025-12-23,131645.0,0.0315545596110753,0.0036033549342029307,135799.0,132119.36366031316,0.0,131645.0,3679.63633968684,13539723.592343966,Up,Up,3053
Ridge,H1,603,2025-12-15,2025-12-16,132491.0,0.0010264848178367,0.0005255482424568086,132627.0,132560.63041219136,0.0,132491.0,66.3695878086437,4404.922185889266,Up,Up,3060
Ridge,H2,603,2025-12-15,2025-12-17,132491.0,0.0047097538700742,0.0010470993377544886,133115.0,132629.73123835842,0.0,132491.0,485.26876164157875,235485.77102515136,Up,Up,3059
Ridge,H3,603,2025-12-15,2025-12-18,132491.0,0.0014567027194301,0.001569981909081771,132684.0,132699.00847311615,0.0,132491.0,15.008473116147798,225.2542652781312,Up,Up,3058
Ridge,H4,603,2025-12-15,2025-12-19,132491.0,-0.0004830516789819,0.002086102653396174,132427.0,132767.3898266511,0.0,132491.0,340.3898266511096,115865.23408757245,Down,Up,3057
Ridge,H5,603,2025-12-15,2025-12-22,132491.0,0.0162048742933482,0.002594486799584955,134638.0,132834.7461505638,0.0,132491.0,1803.2538494362088,3251724.445506505,Up,Up,3056
Ridge,H6,603,2025-12-15,2025-12-23,132491.0,0.0249677336573805,0.0031017208655348765,135799.0,132901.9500991956,0.0,132491.0,2897.0499008044135,8392898.127750862,Up,Up,3055
Ridge,H7,603,2025-12-15,2025-12-24,132491.0,0.0272697768150289,0.003611312364879517,136104.0,132969.46638653526,0.0,132491.0,3134.533613464737,9825300.9739403,Up,Up,3054
Ridge,H1,604,2025-12-16,2025-12-17,132627.0,0.0036794921094498,0.0005257119810502464,133115.0,132696.72360291076,0.0,132627.0,418.2763970892411,174955.14436195648,Up,Up,3061
Ridge,H2,604,2025-12-16,2025-12-18,132627.0,0.0004297767422922,0.0010491950055826391,132684.0,132766.1515860054,0.0,132627.0,82.15158600540599,6748.883083203617,Up,Up,3060
Ridge,H3,604,2025-12-16,2025-12-19,132627.0,-0.0015079885694466,0.0015737692377986163,132427.0,132835.72429270152,0.0,132627.0,408.7242927015177,167055.5474443559,Down,Up,3059
Ridge,H4,604,2025-12-16,2025-12-22,132627.0,0.015162825065786,0.0020959232765051967,134638.0,132904.97601639305,0.0,132627.0,1733.0239836069522,3003372.12775691,Up,Up,3058
Ridge,H5,604,2025-12-16,2025-12-23,132627.0,0.0239166987114238,0.002603219555108242,135799.0,132972.25719993535,0.0,132627.0,2826.742800064647,7990474.85771732,Up,Up,3057
Ridge,H6,604,2025-12-16,2025-12-24,132627.0,0.0262163812798299,0.0031105963815355074,136104.0,133039.5490662939,0.0,132627.0,3064.4509337061027,9390859.525092205,Up,Up,3056
Ridge,H7,604,2025-12-16,2025-12-26,132627.0,0.0389211849774178,0.0036187970600993066,137789.0,133106.9501976898,0.0,132627.0,4682.049802310212,21921590.35131309,Up,Up,3055
Ridge,H1,605,2025-12-17,2025-12-18,133115.0,-0.0032378019006122,0.0005267419095347234,132684.0,133185.11724928772,0.0,133115.0,501.1172492877231,251118.49753369403,Down,Up,3062
Ridge,H2,605,2025-12-17,2025-12-19,133115.0,-0.0051684633587499,0.001050390929974656,132427.0,133254.82278864356,0.0,133115.0,827.8227886435634,685290.5693976058,Down,Up,3061
Ridge,H3,605,2025-12-17,2025-12-22,133115.0,0.0114412350223491,0.001576904007185835,134638.0,133324.90957691654,0.0,133115.0,1313.0904230834567,1724206.4591934914,Up,Up,3060
Ridge,H4,605,2025-12-17,2025-12-23,133115.0,0.0201630169402395,0.002100757274816836,135799.0,133394.64230463724,0.0,133115.0,2404.3576953627635,5780935.927250139,Up,Up,3059
Ridge,H5,605,2025-12-17,2025-12-24,133115.0,0.0224542688652669,0.0026141130992806566,136104.0,133462.97766521075,0.0,133115.0,2641.022334789246,6974998.972855641,Up,Up,3058
Ridge,H6,605,2025-12-17,2025-12-26,133115.0,0.0351124967133682,0.0031203990830586032,137789.0,133530.37192394133,0.0,133115.0,4258.628076058667,18135913.09019514,Up,Up,3057
Ridge,H7,605,2025-12-17,2025-12-29,133115.0,-0.0039063967246365,0.0036287440903696945,132595.0,133598.04026958958,0.0,133115.0,1003.0402695895755,1006089.7824183282,Down,Up,3056
Ridge,H1,606,2025-12-18,2025-12-19,132684.0,-0.0019369328630429,0.000525512896271417,132427.0,132753.72715312886,0.0,132684.0,326.727153128857,106750.6325916876,Down,Up,3063
Ridge,H2,606,2025-12-18,2025-12-22,132684.0,0.0147267191221247,0.001050188004635923,134638.0,132823.3431452071,0.0,132684.0,1814.6568547929055,3292979.5006468804,Up,Up,3062
Ridge,H3,606,2025-12-18,2025-12-23,132684.0,0.023476832172681,0.0015768647386419114,135799.0,132893.22472098196,0.0,132684.0,2905.7752790180384,8443529.97215236,Up,Up,3061
Ridge,H4,606,2025-12-18,2025-12-24,132684.0,0.0257755268155919,0.002102649944140487,136104.0,132962.98800518835,0.0,132684.0,3141.011994811648,9865956.351550648,Up,Up,3060
Ridge,H5,606,2025-12-18,2025-12-26,132684.0,0.0384748726297066,0.002617701032188299,137789.0,133031.3270437549,0.0,132684.0,4757.672956245107,22635451.95858606,Up,Up,3059
Ridge,H6,606,2025-12-18,2025-12-29,132684.0,-0.0006707666335051,0.0031300265472481432,132595.0,133099.30444239505,0.0,132684.0,504.3044423950487,254322.97061938097,Down,Up,3058
Ridge,H7,606,2025-12-18,2025-12-30,132684.0,0.0097223478339514,0.0036372832573519855,133974.0,133166.6092917185,0.0,132684.0,807.3907082815131,651879.7558193234,Up,Up,3057
Ridge,H1,607,2025-12-19,2025-12-22,132427.0,0.0166959909988144,0.0005247089939836373,134638.0,132496.4856379463,0.0,132427.0,2141.514362053713,4586083.76288232,Up,Up,3064
Ridge,H2,607,2025-12-19,2025-12-23,132427.0,0.0254630853224795,0.0010481578081906295,135799.0,132565.80439406526,0.0,132427.0,3233.195605934743,10453553.82623573,Up,Up,3063
Ridge,H3,607,2025-12-19,2025-12-24,132427.0,0.0277662410233563,0.0015758572749534961,136104.0,132635.6860513503,0.0,132427.0,3468.3139486497093,12029201.646398138,Up,Up,3062
Ridge,H4,607,2025-12-19,2025-12-26,132427.0,0.0404902323544291,0.0021018050325281195,137789.0,132705.3357350426,0.0,132427.0,5083.664264957391,25843642.358804774,Up,Up,3061
Ridge,H5,607,2025-12-19,2025-12-29,132427.0,0.0012686234680239,0.002618786823014515,132595.0,132773.79808261135,0.0,132427.0,178.79808261134895,31968.754345494763,Up,Up,3060
Ridge,H6,607,2025-12-19,2025-12-30,132427.0,0.0116819077680534,0.00313280427056792,133974.0,132841.8678711385,0.0,132427.0,1132.1321288615,1281723.157200472,Up,Up,3059
Ridge,H7,607,2025-12-19,2025-12-31,132427.0,0.0228578764149305,0.0036460872693901076,135454.0,132909.84039882352,0.0,132427.0,2544.1596011764777,6472748.0762584545,Up,Up,3058
Ridge,H1,608,2025-12-22,2025-12-23,134638.0,0.0086231227439503,0.0005299851107187433,135799.0,134709.35613533694,0.0,134638.0,1089.6438646630559,1187323.75179784,Up,Up,3065
Ridge,H2,608,2025-12-22,2025-12-24,134638.0,0.0108884564536015,0.0010526221354899806,136104.0,134779.7229390781,0.0,134638.0,1324.277060921886,1753709.7340839086,Up,Up,3064
Ridge,H3,608,2025-12-22,2025-12-26,134638.0,0.0234034967839689,0.0015790782547842896,137789.0,134850.60393806762,0.0,134638.0,2938.396061932377,8634171.416779703,Up,Up,3063
Ridge,H4,608,2025-12-22,2025-12-29,134638.0,-0.015174022192843,0.002106070907937452,132595.0,134921.55717490287,0.0,134638.0,2326.557174902875,5412868.288092047,Down,Up,3062
Ridge,H5,608,2025-12-22,2025-12-30,134638.0,-0.0049317428957649,0.002623225675426441,133974.0,134991.18585848805,0.0,134638.0,1017.1858584880538,1034667.070708079,Down,Up,3061
Ridge,H6,608,2025-12-22,2025-12-31,134638.0,0.0060606960887714,0.0031392108595685,135454.0,135060.6570717106,0.0,134638.0,393.3429282894067,154718.65923528533,Up,Up,3060
Ridge,H7,608,2025-12-22,2026-01-01,134638.0,0.0084151576820807,0.0036542182382424864,135771.0,135129.9966351605,0.0,134638.0,641.0033648395038,410885.313735566,Up,Up,3059
Ridge,H1,609,2025-12-23,2025-12-24,135799.0,0.0022459664651433,0.000532625282455076,136104.0,135871.32998073212,0.0,135799.0,232.67001926788362,54135.337866117334,Up,Up,3066
Ridge,H2,609,2025-12-23,2025-12-26,135799.0,0.0146540107070007,0.0010605872507404993,137789.0,135943.0266880633,0.0,135799.0,1845.9733119366865,3407617.468382499,Up,Up,3065
Ridge,H3,609,2025-12-23,2025-12-29,135799.0,-0.0235936936207188,0.001586225739394025,132595.0,136014.40786918395,0.0,135799.0,3419.407869183953,11692350.175837142,Down,Up,3064
Ridge,H4,609,2025-12-23,2025-12-30,135799.0,-0.0134389796684806,0.0021119669076229545,133974.0,136085.8029940883,0.0,135799.0,2111.802994088299,4459711.885840303,Down,Up,3063
Ridge,H5,609,2025-12-23,2025-12-31,135799.0,-0.0025405194441785,0.002630180684954239,135454.0,136156.1759068361,0.0,135799.0,702.1759068361134,493051.00414111826,Down,Up,3062
Ridge,H6,609,2025-12-23,2026-01-01,135799.0,-0.0002061870853246,0.003146342715985345,135771.0,136226.27019448808,0.0,135799.0,455.2701944880828,207270.94998921672,Down,Up,3061
Ridge,H7,609,2025-12-23,2026-01-02,135799.0,-4.418294685526458e-05,0.0036633370652783383,135793.0,136296.47751012773,0.0,135799.0,503.4775101277337,253489.6032044222,Down,Up,3060
