Model,Horizon,Evaluation_Step,Origin_Date,Target_Date,Current_Price,Actual_Return,Predicted_Return,Actual_Price,Predicted_Price,Persistence_Return,Persistence_Price,Absolute_Price_Error,Squared_Price_Error,Actual_Direction,Predicted_Direction,Eligible_Training_Rows
SVR,H1,1,2023-08-11,2023-08-14,58629.0,0.0005799177881253,0.000421776409898,58663.0,58653.72832913592,0.0,58629.0,9.27167086408008,85.96388061183144,1,1,2458
SVR,H2,1,2023-08-11,2023-08-16,58629.0,-0.0036841835951491,0.0006110818351674,58413.0,58664.82711691404,0.0,58629.0,251.8271169140353,63416.8968132352,-1,1,2457
SVR,H3,1,2023-08-11,2023-08-17,58629.0,-0.010267956130925,0.0013791436817285,58027.0,58709.85781491606,0.0,58629.0,682.8578149160603,466294.7953919365,-1,1,2456
SVR,H4,1,2023-08-11,2023-08-18,58629.0,-0.009056951338075,0.0016726107718505,58098.0,58727.06349694283,0.0,58629.0,629.0634969428284,395720.8831859398,-1,1,2455
SVR,H5,1,2023-08-11,2023-08-21,58629.0,-0.0079312285728905,0.0018513165715841,58164.0,58737.5408392754,0.0,58629.0,573.5408392754034,328949.0943167341,-1,1,2454
SVR,H6,1,2023-08-11,2023-08-22,58629.0,-0.0069590134575039,0.002152317734976,58221.0,58755.18823648391,0.0,58629.0,534.1882364839112,285357.071997791,-1,1,2453
SVR,H7,1,2023-08-11,2023-08-23,58629.0,-0.0033942247010865,0.0024467553755509,58430.0,58772.450820913175,0.0,58629.0,342.45082091317454,117272.56474410712,-1,1,2452
SVR,H1,2,2023-08-14,2023-08-16,58663.0,-0.0042616299882378,0.0003203605657393,58413.0,58681.793311867965,0.0,58663.0,268.7933118679648,72249.84450494898,-1,1,2459
SVR,H2,2,2023-08-14,2023-08-17,58663.0,-0.0108415866900771,0.000611081987098,58027.0,58698.84790260914,0.0,58663.0,671.8479026091372,451379.6042402968,-1,1,2458
SVR,H3,2,2023-08-14,2023-08-18,58663.0,-0.0096312837734177,0.0013791324260763,58098.0,58743.90404551091,0.0,58663.0,645.9040455109134,417192.0360073641,-1,1,2457
SVR,H4,2,2023-08-14,2023-08-21,58663.0,-0.0085062134565228,0.0016726111925964,58164.0,58761.12039039128,0.0,58663.0,597.1203903912829,356552.76062103803,-1,1,2456
SVR,H5,2,2023-08-14,2023-08-22,58663.0,-0.0075345618192046,0.0018512899852276,58221.0,58771.60222440341,0.0,58663.0,550.6022244034102,303162.8095179833,-1,1,2455
SVR,H6,2,2023-08-14,2023-08-23,58663.0,-0.0039718391490377,0.0021525785011367,58430.0,58789.27671261218,0.0,58663.0,359.2767126121835,129079.75622541748,-1,1,2454
SVR,H7,2,2023-08-14,2023-08-24,58663.0,-0.00386956002932,0.0024469977101047,58436.0,58806.548226667874,0.0,58663.0,370.5482266678737,137305.9882867059,-1,1,2453
SVR,H1,3,2023-08-16,2023-08-17,58413.0,-0.0066081180559122,0.0002776150451466,58027.0,58429.21632763215,0.0,58413.0,402.21632763215166,161777.97421389437,-1,1,2460
SVR,H2,3,2023-08-16,2023-08-18,58413.0,-0.0053926352010682,0.0006091707756926,58098.0,58448.58349252053,0.0,58413.0,350.5834925205272,122908.78522789056,-1,1,2459
SVR,H3,3,2023-08-16,2023-08-21,58413.0,-0.0042627497303682,0.0013483233531695,58164.0,58491.75961202869,0.0,58413.0,327.75961202869075,107426.36327719787,-1,1,2458
SVR,H4,3,2023-08-16,2023-08-22,58413.0,-0.0032869395511273,0.001643263837395,58221.0,58508.98797053376,0.0,58413.0,287.9879705337589,82937.0711721532,-1,1,2457
SVR,H5,3,2023-08-16,2023-08-23,58413.0,0.0002910311060893,0.0018294249546353,58430.0,58519.86219987511,0.0,58413.0,89.8621998751114,8075.214966394471,1,1,2456
SVR,H6,3,2023-08-16,2023-08-24,58413.0,0.0003937479670621,0.0020928123044842,58436.0,58535.247445141846,0.0,58413.0,99.24744514184567,9850.055367183666,1,1,2455
SVR,H7,3,2023-08-16,2023-08-25,58413.0,-0.0023967267560303,0.0023562267928764,58273.0,58550.63427565229,0.0,58413.0,277.6342756522936,77080.79101697373,-1,1,2454
SVR,H1,4,2023-08-17,2023-08-18,58027.0,0.0012235683388768,0.000275471212839,58098.0,58042.98476806741,0.0,58027.0,55.01523193259345,3026.67574459705,1,1,2461
SVR,H2,4,2023-08-17,2023-08-21,58027.0,0.0023609698933255,0.0006044207957108,58164.0,58062.07272551271,0.0,58027.0,101.9272744872942,10389.169284408215,1,1,2460
SVR,H3,4,2023-08-17,2023-08-22,58027.0,0.0033432712358039,0.0013756342538082,58221.0,58106.82392884573,0.0,58027.0,114.17607115426654,13036.175224224136,1,1,2459
SVR,H4,4,2023-08-17,2023-08-23,58027.0,0.0069450428248918,0.0016692931809315,58430.0,58123.86407540991,0.0,58027.0,306.1359245900894,93719.20432462892,1,1,2458
SVR,H5,4,2023-08-17,2023-08-24,58027.0,0.0070484429662054,0.0018443294294064,58436.0,58134.02090380016,0.0,58027.0,301.97909619983693,91191.37454167036,1,1,2457
SVR,H6,4,2023-08-17,2023-08-25,58027.0,0.0042394057938546,0.0021251479605615,58273.0,58150.3159607075,0.0,58027.0,122.68403929250051,15051.373497123814,1,1,2456
SVR,H7,4,2023-08-17,2023-08-28,58027.0,0.0080996777362263,0.0024049485629582,58497.0,58166.55195026278,0.0,58027.0,330.4480497372206,109195.9135751326,1,1,2455
SVR,H1,5,2023-08-18,2023-08-21,58098.0,0.0011360115666632,0.0002666222731009,58164.0,58113.49022082262,0.0,58098.0,50.50977917738055,2551.237792547746,1,1,2462
SVR,H2,5,2023-08-18,2023-08-22,58098.0,0.0021171124651451,0.0006019018290243,58221.0,58132.96929246266,0.0,58098.0,88.0307075373421,7749.405469525059,1,1,2461
SVR,H3,5,2023-08-18,2023-08-23,58098.0,0.0057144824262453,0.0013790345306282,58430.0,58178.11914816043,0.0,58098.0,251.8808518395672,63443.963523426,1,1,2460
SVR,H4,5,2023-08-18,2023-08-24,58098.0,0.0058177562050327,0.0016725271724142,58436.0,58195.17048366292,0.0,58098.0,240.82951633707853,57998.85593915117,1,1,2459
SVR,H5,5,2023-08-18,2023-08-25,58098.0,0.0030121518813039,0.0018491411040316,58273.0,58205.43139986203,0.0,58098.0,67.56860013797268,4565.515724605241,1,1,2458
SVR,H6,5,2023-08-18,2023-08-28,58098.0,0.0068677062893731,0.0021426679755517,58497.0,58222.484724043614,0.0,58098.0,274.5152759563862,75358.63673341085,1,1,2457
SVR,H7,5,2023-08-18,2023-08-29,58098.0,0.0128231608661226,0.0024332964773605,58843.0,58239.36965874169,0.0,58098.0,603.6303412583075,364369.5888876207,1,1,2456
SVR,H1,6,2023-08-21,2023-08-22,58164.0,0.000979987621209,0.0002698574948588,58221.0,58179.69599133098,0.0,58164.0,41.30400866902346,1706.0211321307652,1,1,2463
SVR,H2,6,2023-08-21,2023-08-23,58164.0,0.004573275565642,0.0006026302465695,58430.0,58199.05138566147,0.0,58164.0,230.9486143385293,53337.26246488674,1,1,2462
SVR,H3,6,2023-08-21,2023-08-24,58164.0,0.0046764321573482,0.0013791345284133,58436.0,58244.21598071063,0.0,58164.0,191.7840192893709,36781.11005478579,1,1,2461
SVR,H4,6,2023-08-21,2023-08-25,58164.0,0.001874011415996,0.0016722700777534,58273.0,58261.26591680245,0.0,58164.0,11.734083197552536,137.68870848708474,1,1,2460
SVR,H5,6,2023-08-21,2023-08-28,58164.0,0.0057251908396946,0.0018463106195883,58497.0,58271.38881087773,0.0,58164.0,225.6111891222681,50900.40865716383,1,1,2459
SVR,H6,6,2023-08-21,2023-08-29,58164.0,0.0116738876280861,0.0021376136340367,58843.0,58288.332159410114,0.0,58164.0,554.6678405898856,307656.4133846468,1,1,2458
SVR,H7,6,2023-08-21,2023-08-30,58164.0,0.0163847053160031,0.0024303346271242,59117.0,58305.35798325205,0.0,58164.0,811.6420167479519,658762.7633506826,1,1,2457
SVR,H1,7,2023-08-22,2023-08-23,58221.0,0.0035897700142559,0.0003092773453886,58430.0,58239.00643632588,0.0,58221.0,190.9935636741211,36478.54136494055,1,1,2464
SVR,H2,7,2023-08-22,2023-08-24,58221.0,0.0036928256127513,0.0006021287440748,58436.0,58256.056537608776,0.0,58221.0,179.94346239122387,32379.6496573418,1,1,2463
SVR,H3,7,2023-08-22,2023-08-25,58221.0,0.0008931485202934,0.0013737812329262,58273.0,58300.9829171622,0.0,58221.0,27.982917162196827,783.0436529063697,1,1,2462
SVR,H4,7,2023-08-22,2023-08-28,58221.0,0.0047405575307879,0.0016675292425865,58497.0,58318.08522003263,0.0,58221.0,178.91477996737376,32010.498490773767,1,1,2461
SVR,H5,7,2023-08-22,2023-08-29,58221.0,0.0106834303773553,0.0018465052370552,58843.0,58328.5053814066,0.0,58221.0,514.4946185934023,264704.71256157046,1,1,2460
SVR,H6,7,2023-08-22,2023-08-30,58221.0,0.015389636041978,0.0021351290492966,59117.0,58345.30934837909,0.0,58221.0,771.6906516209056,595506.4617990978,1,1,2459
SVR,H7,7,2023-08-22,2023-08-31,58221.0,0.0153209323096477,0.002418540758865,59113.0,58361.80986152189,0.0,58221.0,751.1901384781158,564286.6241467708,1,1,2458
SVR,H1,8,2023-08-23,2023-08-24,58430.0,0.0001026869758684,0.0002982774186923,58436.0,58447.4283495742,0.0,58430.0,11.428349574198364,130.60717399007993,1,1,2465
SVR,H2,8,2023-08-23,2023-08-25,58430.0,-0.0026869758685607,0.0006049215826734,58273.0,58465.3455680756,0.0,58430.0,192.34556807560148,36996.81755832584,-1,1,2464
SVR,H3,8,2023-08-23,2023-08-28,58430.0,0.0011466712305323,0.0013777110226241,58497.0,58510.49965505193,0.0,58430.0,13.49965505192813,182.24068652104867,1,1,2463
SVR,H4,8,2023-08-23,2023-08-29,58430.0,0.0070682868389526,0.0016697623344452,58843.0,58527.56421320164,0.0,58430.0,315.43578679836355,99499.73559310268,1,1,2462
SVR,H5,8,2023-08-23,2023-08-30,58430.0,0.0117576587369501,0.0018487087673325,59117.0,58538.02005327524,0.0,58430.0,578.9799467247649,335217.7787094116,1,1,2461
SVR,H6,8,2023-08-23,2023-08-31,58430.0,0.0116892007530378,0.0021422304599916,59113.0,58555.170525777314,0.0,58430.0,557.8294742226863,311173.7223115586,1,1,2460
SVR,H7,8,2023-08-23,2023-09-01,58430.0,0.0115693992811911,0.0024314467193298,59106.0,58572.06943181044,0.0,58430.0,533.9305681895567,285081.8516472228,1,1,2459
SVR,H1,9,2023-08-24,2023-08-25,58436.0,-0.0027893764118009,-0.0002878123909236,58273.0,58419.18139512399,0.0,58436.0,146.1813951239892,21369.000280395856,-1,-1,2466
SVR,H2,9,2023-08-24,2023-08-28,58436.0,0.001043877062085,0.0006062028248741,58497.0,58471.42406827434,0.0,58436.0,25.57593172565976,654.1282836356093,1,1,2465
SVR,H3,9,2023-08-24,2023-08-29,58436.0,0.0069648846601411,0.0013791354155031,58843.0,58516.59115714035,0.0,58436.0,326.4088428596515,106542.73269697666,1,1,2464
SVR,H4,9,2023-08-24,2023-08-30,58436.0,0.0116537750701621,0.0016725870786443,59117.0,58533.73929852765,0.0,58436.0,583.2607014723471,340193.04588201444,1,1,2463
SVR,H5,9,2023-08-24,2023-08-31,58436.0,0.0115853241152714,0.0018922418441544,59113.0,58546.57504440501,0.0,58436.0,566.4249555949864,320837.2303207823,1,1,2462
SVR,H6,9,2023-08-24,2023-09-01,58436.0,0.0114655349442125,0.0021815613994705,59106.0,58563.48172193945,0.0,58436.0,542.5182780605464,294326.0820297804,1,1,2461
SVR,H7,9,2023-08-24,2023-09-04,58436.0,0.0162399890478472,0.0025056377604726,59385.0,58582.41944817098,0.0,58436.0,802.5805518290217,644135.542174177,1,1,2460
SVR,H1,10,2023-08-25,2023-08-28,58273.0,0.0038439757692241,0.0003333662950204,58497.0,58292.42625410973,0.0,58273.0,204.57374589027316,41850.41750757805,1,1,2467
SVR,H2,10,2023-08-25,2023-08-29,58273.0,0.0097815454841865,0.000604841135162,58843.0,58308.245907469296,0.0,58273.0,534.7540925307039,285961.93947833666,1,1,2466
SVR,H3,10,2023-08-25,2023-08-30,58273.0,0.0144835515590411,0.0013786215255875,59117.0,58353.33641216056,0.0,58273.0,763.6635878394372,583182.0753918019,1,1,2465
SVR,H4,10,2023-08-25,2023-08-31,58273.0,0.0144149091345906,0.0016725464821207,59113.0,58370.46430115263,0.0,58273.0,742.5356988473723,551359.2640627555,1,1,2464
SVR,H5,10,2023-08-25,2023-09-01,58273.0,0.0142947848918024,0.0018502324599795,59106.0,58380.8185961404,0.0,58273.0,725.1814038596058,525888.0685037887,1,1,2463
SVR,H6,10,2023-08-25,2023-09-04,58273.0,0.0190825939972199,0.0021459904812778,59385.0,58398.05330331549,0.0,58273.0,986.9466966845066,974063.7820964596,1,1,2462
SVR,H7,10,2023-08-25,2023-09-05,58273.0,0.0176411030837608,0.0024342724685067,59301.0,58414.85235955729,0.0,58273.0,886.1476404427085,785257.6406621798,1,1,2461
SVR,H1,11,2023-08-28,2023-08-29,58497.0,0.0059148332393115,0.0003277665057163,58843.0,58516.1733572849,0.0,58497.0,326.82664271510293,106815.65438842557,1,1,2468
SVR,H2,11,2023-08-28,2023-08-30,58497.0,0.0105988341282459,0.0006048353054112,59117.0,58532.38105086065,0.0,58497.0,584.6189491393525,341779.3156928008,1,1,2467
SVR,H3,11,2023-08-28,2023-08-31,58497.0,0.0105304545532249,0.0013791291410475,59113.0,58577.67491736385,0.0,58497.0,535.3250826361473,286572.9440993979,1,1,2466
SVR,H4,11,2023-08-28,2023-09-01,58497.0,0.0104107902969383,0.0016726450694836,59106.0,58594.84471862957,0.0,58497.0,511.15528137042566,261279.721672879,1,1,2465
SVR,H5,11,2023-08-28,2023-09-04,58497.0,0.0151802656546489,0.0018507205378473,59385.0,58605.26159930245,0.0,58497.0,779.7384006975481,607991.97352237,1,1,2464
SVR,H6,11,2023-08-28,2023-09-05,58497.0,0.0137442945792092,0.0021457242882053,59301.0,58622.518433687146,0.0,58497.0,678.4815663128538,460337.2358263435,1,1,2463
SVR,H7,11,2023-08-28,2023-09-06,58497.0,0.0104962647657145,0.0024333072888919,59111.0,58639.34117647832,0.0,58497.0,471.6588235216841,222462.04580585915,1,1,2462
SVR,H1,12,2023-08-29,2023-08-30,58843.0,0.0046564587121662,0.0002533128217196,59117.0,58857.90568636845,0.0,58843.0,259.09431363154727,67129.86335620258,1,1,2469
SVR,H2,12,2023-08-29,2023-08-31,58843.0,0.0045884812127185,0.000610415553591,59113.0,58878.91868241997,0.0,58843.0,234.08131758003583,54794.06324000559,1,1,2468
SVR,H3,12,2023-08-29,2023-09-01,58843.0,0.0044695205886851,0.0013791247778023,59106.0,58924.15183930023,0.0,58843.0,181.84816069977387,33068.75354989078,1,1,2467
SVR,H4,12,2023-08-29,2023-09-04,58843.0,0.009210951175161,0.0016726465094405,59385.0,58941.42353855501,0.0,58843.0,443.5764614449872,196760.07714805624,1,1,2466
SVR,H5,12,2023-08-29,2023-09-05,58843.0,0.0077834236867597,0.0018513017123118,59301.0,58951.936146657565,0.0,58843.0,349.0638533424353,121845.5737102692,1,1,2465
SVR,H6,12,2023-08-29,2023-09-06,58843.0,0.0045544924629947,0.0021426201425861,59111.0,58969.07819705019,0.0,58843.0,141.9218029498079,20141.7981525241,1,1,2464
SVR,H7,12,2023-08-29,2023-09-07,58843.0,0.0029400268511123,0.0024288971110434,59016.0,58985.92359270512,0.0,58843.0,30.07640729488048,904.59027576754,1,1,2463
SVR,H1,13,2023-08-30,2023-08-31,59117.0,-6.766243212608103e-05,0.0002978425090632,59113.0,59134.60755560829,0.0,59117.0,21.60755560828693,466.886459365212,-1,1,2470
SVR,H2,13,2023-08-30,2023-09-01,59117.0,-0.0001860716883468,0.0006128101237823,59106.0,59153.22749608764,0.0,59117.0,47.22749608763843,2230.4363867079032,-1,1,2469
SVR,H3,13,2023-08-30,2023-09-04,59117.0,0.0045333829524503,0.0013791238638171,59385.0,59198.52966545728,0.0,59117.0,186.4703345427188,34771.18566447346,1,1,2468
SVR,H4,13,2023-08-30,2023-09-05,59117.0,0.0031124718778017,0.0016724264369279,59301.0,59215.86883367186,0.0,59117.0,85.13116632813762,7247.315480389033,1,1,2467
SVR,H5,13,2023-08-30,2023-09-06,59117.0,-0.0001014936481892,0.0018506912235099,59111.0,59226.40731306024,0.0,59117.0,115.40731306023372,13318.847907782792,-1,1,2466
SVR,H6,13,2023-08-30,2023-09-07,59117.0,-0.0017084764111845,0.0021465860683485,59016.0,59243.89972860256,0.0,59117.0,227.89972860255511,51938.28629711828,-1,1,2465
SVR,H7,13,2023-08-30,2023-09-08,59117.0,-0.0035861089026845,0.002435218313802,58905.0,59260.96280105704,0.0,59117.0,355.9628010570377,126709.5157363722,-1,1,2464
SVR,H1,14,2023-08-31,2023-09-01,59113.0,-0.0001184172686211,0.0003602840128968,59106.0,59134.297468854376,0.0,59113.0,28.297468854376348,800.7467435643995,-1,1,2471
SVR,H2,14,2023-08-31,2023-09-04,59113.0,0.0046013567235634,0.0006144707149724,59385.0,59149.32320737417,0.0,59113.0,235.6767926258326,55543.55058239971,1,1,2470
SVR,H3,14,2023-08-31,2023-09-05,59113.0,0.0031803495001099,0.0013791209917838,59301.0,59194.523979187325,0.0,59113.0,106.47602081267542,11337.143008101288,1,1,2469
SVR,H4,14,2023-08-31,2023-09-06,59113.0,-3.383350532026874e-05,0.0016726381860149,59111.0,59211.874661089896,0.0,59113.0,100.87466108989612,10175.6972500014,-1,1,2468
SVR,H5,14,2023-08-31,2023-09-07,59113.0,-0.0016409250080354,0.001850330805501,59016.0,59222.37860490559,0.0,59113.0,206.37860490558523,42592.12856277565,-1,1,2467
SVR,H6,14,2023-08-31,2023-09-08,59113.0,-0.0035186845533131,0.0021472036088641,58905.0,59239.92764693079,0.0,59113.0,334.9276469307879,112176.5286785945,-1,1,2466
SVR,H7,14,2023-08-31,2023-09-11,59113.0,-0.0029096814575474,0.0024372193187713,58941.0,59257.071345590535,0.0,59113.0,316.0713455905352,99901.09550341152,-1,1,2465
SVR,H1,15,2023-09-01,2023-09-04,59106.0,0.0047203329611207,0.0003234378894916,59385.0,59125.11711989629,0.0,59106.0,259.8828801037089,67539.11137099873,1,1,2472
SVR,H2,15,2023-09-01,2023-09-05,59106.0,0.0032991574459446,0.0006141525970803,59301.0,59142.30010340304,0.0,59106.0,158.69989659696148,25185.657179886264,1,1,2471
SVR,H3,15,2023-09-01,2023-09-06,59106.0,8.459378066527634e-05,0.0013789430583739,59111.0,59187.50380840825,0.0,59106.0,76.503808408248,5852.832700965918,1,1,2470
SVR,H4,15,2023-09-01,2023-09-07,59106.0,-0.0015226880519744,0.0016726463270212,59016.0,59204.86343380492,0.0,59106.0,188.8634338049233,35669.39662858663,-1,1,2469
SVR,H5,15,2023-09-01,2023-09-08,59106.0,-0.0034006699827429,0.0018503456169302,58905.0,59215.36652803428,0.0,59106.0,310.36652803428296,96327.38172405536,-1,1,2468
SVR,H6,15,2023-09-01,2023-09-11,59106.0,-0.0027915947619531,0.0021463282560567,58941.0,59232.860877902494,0.0,59106.0,291.8608779024944,85182.77205001474,-1,1,2467
SVR,H7,15,2023-09-01,2023-09-12,59106.0,-0.0078503028457347,0.0024353152402597,58642.0,59249.9417425908,0.0,59106.0,607.9417425907959,369593.1623843336,-1,1,2466
SVR,H1,16,2023-09-04,2023-09-05,59385.0,-0.0014144986107602,0.0003285590242304,59301.0,59404.51147765392,0.0,59385.0,103.51147765391944,10714.62600609786,-1,1,2473
SVR,H2,16,2023-09-04,2023-09-06,59385.0,-0.0046139597541466,0.0006158168240359,59111.0,59421.57028209538,0.0,59385.0,310.5702820953811,96453.9001208046,-1,1,2472
SVR,H3,16,2023-09-04,2023-09-07,59385.0,-0.0062136903258398,0.0013791226444675,59016.0,59466.8991982417,0.0,59385.0,450.8991982416992,203310.08697500717,-1,1,2471
SVR,H4,16,2023-09-04,2023-09-08,59385.0,-0.0080828492043445,0.0016726495820592,58905.0,59484.3302954306,0.0,59385.0,579.3302954305982,335623.5912037042,-1,1,2470
SVR,H5,16,2023-09-04,2023-09-11,59385.0,-0.0074766355140186,0.0018510565273822,58941.0,59494.9249918786,0.0,59385.0,553.9249918786008,306832.896627708,-1,1,2469
SVR,H6,16,2023-09-04,2023-09-12,59385.0,-0.0125115769975583,0.002149125855812,58642.0,59512.6258389474,0.0,59385.0,870.6258389474024,757989.3514428682,-1,1,2468
SVR,H7,16,2023-09-04,2023-09-13,59385.0,-0.0130504336111813,0.0024357715085984,58610.0,59529.64829103813,0.0,59385.0,919.6482910381236,845752.9792093415,-1,1,2467
SVR,H1,17,2023-09-05,2023-09-06,59301.0,-0.0032039931872986,0.0003350010956236,59111.0,59320.865899971584,0.0,59301.0,209.86589997158444,44043.69597088309,-1,1,2474
SVR,H2,17,2023-09-05,2023-09-07,59301.0,-0.004805989780948,0.0006169329945025,59016.0,59337.584743507,0.0,59301.0,321.58474350699544,103416.74725646005,-1,1,2473
SVR,H3,17,2023-09-05,2023-09-08,59301.0,-0.0066777963272119,0.0013791237910141,58905.0,59382.78341993093,0.0,59301.0,477.7834199309291,228276.99636089453,-1,1,2472
SVR,H4,17,2023-09-05,2023-09-11,59301.0,-0.0060707239338291,0.0016726501444999,58941.0,59400.189826218986,0.0,59301.0,459.1898262189861,210855.2965030227,-1,1,2471
SVR,H5,17,2023-09-05,2023-09-12,59301.0,-0.0111127974233149,0.0018510577273958,58642.0,59410.769574292295,0.0,59301.0,768.7695742922951,591006.6583575567,-1,1,2470
SVR,H6,17,2023-09-05,2023-09-13,59301.0,-0.0116524173285441,0.0021491172805917,58610.0,59428.44480385638,0.0,59301.0,818.4448038563787,669851.8969595062,-1,1,2469
SVR,H7,17,2023-09-05,2023-09-14,59301.0,-0.0116861435726209,0.0024378839158711,58608.0,59445.56895409508,0.0,59301.0,837.5689540950771,701521.7528639213,-1,1,2468
SVR,H1,18,2023-09-06,2023-09-07,59111.0,-0.0016071458780937,0.0003145194720347,59016.0,59129.59156051145,0.0,59111.0,113.59156051144964,12903.042619426324,-1,1,2475
SVR,H2,18,2023-09-06,2023-09-08,59111.0,-0.0034849689567085,0.0006147421047604,58905.0,59147.338020554496,0.0,59111.0,242.33802055449632,58727.716206271485,-1,1,2474
SVR,H3,18,2023-09-06,2023-09-11,59111.0,-0.0028759452555362,0.0013791233566865,58941.0,59192.52136073709,0.0,59111.0,251.5213607370897,63262.99490703721,-1,1,2473
SVR,H4,18,2023-09-06,2023-09-12,59111.0,-0.0079342254402733,0.0016726516314816,58642.0,59209.872110588505,0.0,59111.0,567.8721105885052,322478.7339842434,-1,1,2472
SVR,H5,18,2023-09-06,2023-09-13,59111.0,-0.0084755798413155,0.0018510642804839,58610.0,59220.41826068368,0.0,59111.0,610.4182606836839,372610.45297609386,-1,1,2471
SVR,H6,18,2023-09-06,2023-09-14,59111.0,-0.0085094144913806,0.0021491331978444,58608.0,59238.03741245779,0.0,59111.0,630.0374124577866,396947.1410965031,-1,1,2470
SVR,H7,18,2023-09-06,2023-09-15,59111.0,-0.0020131616788753,0.0024378958217464,58992.0,59255.10645991925,0.0,59111.0,263.10645991924684,69225.00925123824,-1,1,2469
SVR,H1,19,2023-09-07,2023-09-08,59016.0,-0.0018808458723058,0.0003396003483071,58905.0,59036.041854155694,0.0,59016.0,131.04185415569373,17171.967540562106,-1,1,2476
SVR,H2,19,2023-09-07,2023-09-11,59016.0,-0.0012708418056119,0.0006142969179634,58941.0,59052.25334691053,0.0,59016.0,111.25334691053284,12377.30719879537,-1,1,2475
SVR,H3,19,2023-09-07,2023-09-12,59016.0,-0.006337264470652,0.00137910418104,58642.0,59097.38921234826,0.0,59016.0,455.3892123482583,207379.3347231671,-1,1,2474
SVR,H4,19,2023-09-07,2023-09-13,59016.0,-0.0068794903077131,0.0016726520441637,58610.0,59114.71323303836,0.0,59016.0,504.71323303836107,254735.44760403497,-1,1,2473
SVR,H5,19,2023-09-07,2023-09-14,59016.0,-0.0069133794225294,0.0018698770335457,58608.0,59126.35266301173,0.0,59016.0,518.352663011734,268689.4832513562,-1,1,2472
SVR,H6,19,2023-09-07,2023-09-15,59016.0,-0.0004066693777958,0.0021488658587017,58992.0,59142.81746751714,0.0,59016.0,150.81746751713945,22745.908508283414,-1,1,2471
SVR,H7,19,2023-09-07,2023-09-18,59016.0,0.0033211332519995,0.0024374484637566,59212.0,59159.84845853706,0.0,59016.0,52.15154146293935,2719.783276960682,1,1,2470
SVR,H1,20,2023-09-08,2023-09-11,58905.0,0.0006111535523301,0.0002759290699161,58941.0,58921.25360186341,0.0,58905.0,19.74639813658723,389.9202393686157,1,1,2477
SVR,H2,20,2023-09-08,2023-09-12,58905.0,-0.0044648162295221,0.0006108537755108,58642.0,58940.98234164647,0.0,58905.0,298.98234164647147,89390.44061640739,-1,1,2476
SVR,H3,20,2023-09-08,2023-09-13,58905.0,-0.0050080638315932,0.0013791220965039,58610.0,58986.23718709456,0.0,58905.0,376.2371870945572,141554.42095282482,-1,1,2475
SVR,H4,20,2023-09-08,2023-09-14,58905.0,-0.0050420168067226,0.0016722940653543,58608.0,59003.5064819197,0.0,58905.0,395.5064819196996,156425.37724049765,-1,1,2474
SVR,H5,20,2023-09-08,2023-09-15,58905.0,0.0014769544181307,0.0018500837164754,58992.0,59013.97918131899,0.0,58905.0,21.979181318987685,483.0844114529372,1,1,2473
SVR,H6,20,2023-09-08,2023-09-18,58905.0,0.00521178168237,0.0021492808069147,59212.0,59031.60338593132,0.0,58905.0,180.3966140686825,32542.93836744519,1,1,2472
SVR,H7,20,2023-09-08,2023-09-19,58905.0,0.0061115355233001,0.0024490856207227,59265.0,59049.26338848867,0.0,58905.0,215.73661151133277,46542.28554639171,1,1,2471
SVR,H1,21,2023-09-11,2023-09-12,58941.0,-0.0050728694796491,0.000315663037039,58642.0,58959.60549506612,0.0,58941.0,317.60549506612006,100873.2504961952,-1,1,2478
SVR,H2,21,2023-09-11,2023-09-13,58941.0,-0.0056157852768021,0.0006099903115936,58610.0,58976.95343895564,0.0,58941.0,366.9534389556429,134654.82636137275,-1,1,2477
SVR,H3,21,2023-09-11,2023-09-14,58941.0,-0.0056497175141242,0.0013791151841356,58608.0,59022.28642806815,0.0,58941.0,414.2864280681461,171633.24448146316,-1,1,2476
SVR,H4,21,2023-09-11,2023-09-15,58941.0,0.0008652720517128,0.0016718669440996,58992.0,59039.541509552175,0.0,58941.0,47.54150955217483,2260.1951304995305,1,1,2475
SVR,H5,21,2023-09-11,2023-09-18,58941.0,0.0045978181571402,0.0018510894980144,59212.0,59050.105066102464,0.0,58941.0,161.89493389753625,26209.969621687636,1,1,2474
SVR,H6,21,2023-09-11,2023-09-19,58941.0,0.005497022446175,0.0021465093448619,59265.0,59067.51740729551,0.0,58941.0,197.4825927044876,38999.37442128654,1,1,2473
SVR,H7,21,2023-09-11,2023-09-20,58941.0,0.0071597020749563,0.0024539641821892,59363.0,59085.63910286241,0.0,58941.0,277.360897137587,76929.06726096713,1,1,2472
SVR,H1,22,2023-09-12,2023-09-13,58642.0,-0.0005456839807645,0.0003163862003141,58610.0,58660.55351955882,0.0,58642.0,50.55351955882361,2555.658339784361,-1,1,2479
SVR,H2,22,2023-09-12,2023-09-14,58642.0,-0.0005797892295624,0.0006079650238627,58608.0,58677.65228492936,0.0,58642.0,69.65228492936149,4851.440795880957,-1,1,2478
SVR,H3,22,2023-09-12,2023-09-15,58642.0,0.0059684185396131,0.0013787877127137,58992.0,58722.85486904896,0.0,58642.0,269.1451309510376,72439.10151465116,1,1,2477
SVR,H4,22,2023-09-12,2023-09-18,58642.0,0.0097199959073701,0.0016723394260651,59212.0,58740.06932862332,0.0,58642.0,471.9306713766855,222718.55858604916,1,1,2476
SVR,H5,22,2023-09-12,2023-09-19,58642.0,0.0106237850005115,0.0018508379310021,59265.0,58750.53683794983,0.0,58642.0,514.463162050175,264672.34510666464,1,1,2475
SVR,H6,22,2023-09-12,2023-09-20,58642.0,0.0122949421916032,0.00214735749907,59363.0,58767.92533846047,0.0,58642.0,595.0746615395328,354113.8528063896,1,1,2474
SVR,H7,22,2023-09-12,2023-09-21,58642.0,0.0035981037481669,0.0024371717023667,58853.0,58784.9206229702,0.0,58642.0,68.07937702980416,4634.801576766226,1,1,2473
SVR,H1,23,2023-09-13,2023-09-14,58610.0,-3.4123869646851546e-05,0.000304023518746,58608.0,58627.81881843371,0.0,58610.0,19.81881843371229,392.7855641084543,-1,1,2480
SVR,H2,23,2023-09-13,2023-09-15,58610.0,0.0065176591025422,0.0006052539487832,58992.0,58645.47393393819,0.0,58610.0,346.5260660618078,120080.31446027238,1,1,2479
SVR,H3,23,2023-09-13,2023-09-18,58610.0,0.0102712847636921,0.0013785223784476,59212.0,58690.79519660082,0.0,58610.0,521.2048033991814,271654.44708637934,1,1,2478
SVR,H4,23,2023-09-13,2023-09-19,58610.0,0.0111755673093327,0.0016719345095606,59265.0,58707.99208160535,0.0,58610.0,557.0079183946509,310257.8211543421,1,1,2477
SVR,H5,23,2023-09-13,2023-09-20,58610.0,0.0128476369220269,0.001850157423034,59363.0,58718.43772656403,0.0,58610.0,644.5622734359713,415460.5243369478,1,1,2476
SVR,H6,23,2023-09-13,2023-09-21,58610.0,0.0041460501620884,0.0021443136355699,58853.0,58735.67822218075,0.0,58610.0,117.32177781924838,13764.39955066908,1,1,2475
SVR,H7,23,2023-09-13,2023-09-22,58610.0,0.0048797133594948,0.0024344966260798,58896.0,58752.68584725454,0.0,58610.0,143.31415274545725,20538.94637714825,1,1,2474
SVR,H1,24,2023-09-14,2023-09-15,58608.0,0.0065520065520066,0.000281354720498,58992.0,58624.48963745895,0.0,58608.0,367.5103625410484,135063.86657505282,1,1,2481
SVR,H2,24,2023-09-14,2023-09-18,58608.0,0.0103057603057603,0.0006063748128535,59212.0,58643.53841503172,0.0,58608.0,568.4615849682814,323148.5735846506,1,1,2480
SVR,H3,24,2023-09-14,2023-09-19,58608.0,0.0112100737100737,0.0013790944007416,59265.0,58688.82596463867,0.0,58608.0,576.1740353613277,331976.5190245565,1,1,2479
SVR,H4,24,2023-09-14,2023-09-20,58608.0,0.0128822003822004,0.0016725380381127,59363.0,58706.0241093377,0.0,58608.0,656.9758906622956,431617.32091151655,1,1,2478
SVR,H5,24,2023-09-14,2023-09-21,58608.0,0.0041803166803167,0.0018509134965152,58853.0,58716.47833820376,0.0,58608.0,136.521661796236,18638.164139605844,1,1,2477
SVR,H6,24,2023-09-14,2023-09-22,58608.0,0.0049140049140048,0.0021462921748348,58896.0,58733.789891782726,0.0,58608.0,162.21010821727396,26312.119207859727,1,1,2476
SVR,H7,24,2023-09-14,2023-09-25,58608.0,0.0016891891891892,0.0024707674771108,58707.0,58752.8067402985,0.0,58608.0,45.80674029850343,2098.257456774538,1,1,2475
SVR,H1,25,2023-09-15,2023-09-18,58992.0,0.003729319229726,0.000314928118699,59212.0,59010.57823957829,0.0,58992.0,201.42176042171195,40570.725571381525,1,1,2482
SVR,H2,25,2023-09-15,2023-09-19,58992.0,0.0046277461350692,0.0006074341439392,59265.0,59027.83375501927,0.0,58992.0,237.1662449807336,56247.82775826135,1,1,2481
SVR,H3,25,2023-09-15,2023-09-20,58992.0,0.0062889883374017,0.0013791151782412,59363.0,59073.356762594805,0.0,58992.0,289.64323740519467,83893.20497456196,1,1,2480
SVR,H4,25,2023-09-15,2023-09-21,58992.0,-0.002356251695145,0.001672659843411,58853.0,59090.67354948251,0.0,58992.0,237.6735494825116,56488.716123615886,-1,1,2479
SVR,H5,25,2023-09-15,2023-09-22,58992.0,-0.001627339300244,0.0018512374822375,58896.0,59101.20820155215,0.0,58992.0,205.20820155215188,42110.40598426859,-1,1,2478
SVR,H6,25,2023-09-15,2023-09-25,58992.0,-0.0048311635475997,0.0021559921819892,58707.0,59119.18629079992,0.0,58992.0,412.1862907999166,169897.5383233934,-1,1,2477
SVR,H7,25,2023-09-15,2023-09-26,58992.0,-0.0087130458367236,0.0024347651415283,58478.0,59135.63166522904,0.0,58992.0,657.6316652290407,432479.407111921,-1,1,2476
SVR,H1,26,2023-09-18,2023-09-19,59212.0,0.0008950888333445,0.0003167907548581,59265.0,59230.75781417666,0.0,59212.0,34.2421858233356,1172.5272899598458,1,1,2483
SVR,H2,26,2023-09-18,2023-09-20,59212.0,0.0025501587516043,0.0006113092797593,59363.0,59248.19684507311,0.0,59212.0,114.8031549268926,13179.764381168105,1,1,2482
SVR,H3,26,2023-09-18,2023-09-21,59212.0,-0.0060629602107681,0.0013789491175228,58853.0,59293.65033514677,0.0,59212.0,440.65033514676907,194172.7178649599,-1,1,2481
SVR,H4,26,2023-09-18,2023-09-22,59212.0,-0.0053367560629602,0.0016724951501516,58896.0,59311.03178283078,0.0,59212.0,415.0317828307816,172251.38075969706,-1,1,2480
SVR,H5,26,2023-09-18,2023-09-25,59212.0,-0.0085286766196041,0.0018509875059071,58707.0,59321.60067219978,0.0,59212.0,614.6006721997765,377733.9862684171,-1,1,2479
SVR,H6,26,2023-09-18,2023-09-26,59212.0,-0.0123961359183949,0.0021455802907033,58478.0,59339.04410017312,0.0,59212.0,861.0441001731233,741396.9424429436,-1,1,2478
SVR,H7,26,2023-09-18,2023-09-27,59212.0,-0.0245389448084847,0.002434266394416,57759.0,59356.13778174617,0.0,59212.0,1597.137781746169,2550849.093881073,-1,1,2477
SVR,H1,27,2023-09-19,2023-09-20,59265.0,0.0016535898084872,0.0003157849058633,59363.0,59283.71499244599,0.0,59265.0,79.28500755401183,6286.112422839712,1,1,2484
SVR,H2,27,2023-09-19,2023-09-21,59265.0,-0.0069518265418037,0.0006129801672546,58853.0,59301.32826961235,0.0,59265.0,448.3282696123497,200998.2373336037,-1,1,2483
SVR,H3,27,2023-09-19,2023-09-22,59265.0,-0.0062262718299165,0.0013791177545758,58896.0,59346.73341372494,0.0,59265.0,450.7334137249418,203160.61024813956,-1,1,2482
SVR,H4,27,2023-09-19,2023-09-25,59265.0,-0.0094153378891419,0.001672639094783,58707.0,59364.12895595232,0.0,59265.0,657.1289559523138,431818.4647509781,-1,1,2481
SVR,H5,27,2023-09-19,2023-09-26,59265.0,-0.0132793385640765,0.0018524150353921,58478.0,59374.78337707252,0.0,59265.0,896.7833770725192,804220.4253935922,-1,1,2480
SVR,H6,27,2023-09-19,2023-09-27,59265.0,-0.0254112882814477,0.0021497114552038,57759.0,59392.40264939266,0.0,59265.0,1633.4026493926576,2668004.2150429534,-1,1,2479
SVR,H7,27,2023-09-19,2023-09-28,59265.0,-0.0357546612671897,0.0024363617324541,57146.0,59409.39097807389,0.0,59265.0,2263.3909780738904,5122938.719626282,-1,1,2478
SVR,H1,28,2023-09-20,2023-09-21,59363.0,-0.008591210012971,0.0003996851120528,58853.0,59386.7265073068,0.0,59363.0,533.7265073067974,284863.9846019129,-1,1,2485
SVR,H2,28,2023-09-20,2023-09-22,59363.0,-0.0078668530903087,0.000613787006532,58896.0,59399.43623806877,0.0,59363.0,503.4362380687671,253448.0458008324,-1,1,2484
SVR,H3,28,2023-09-20,2023-09-25,59363.0,-0.0110506544480568,0.0013790905193553,58707.0,59444.866950500495,0.0,59363.0,737.8669505004946,544447.6366408993,-1,1,2483
SVR,H4,28,2023-09-20,2023-09-26,59363.0,-0.0149082761989791,0.0016726602852348,58478.0,59462.2941325124,0.0,59363.0,984.2941325123976,968834.9392983333,-1,1,2482
SVR,H5,28,2023-09-20,2023-09-27,59363.0,-0.0270201977662853,0.0018512948212325,57759.0,59472.89841447283,0.0,59363.0,1713.898414472831,2937447.7751324843,-1,1,2481
SVR,H6,28,2023-09-20,2023-09-28,59363.0,-0.0373464952916799,0.002151487370491,57146.0,59490.71874477447,0.0,59363.0,2344.718744774465,5497705.9920967445,-1,1,2480
SVR,H7,28,2023-09-20,2023-09-29,59363.0,-0.0387783636271751,0.0024395506322271,57061.0,59507.819044180906,0.0,59363.0,2446.8190441809056,5986923.43496636,-1,1,2479
SVR,H1,29,2023-09-21,2023-09-22,58853.0,0.0007306339523898,0.0003108131041172,58896.0,58871.29228361661,0.0,58853.0,24.7077163833892,610.4712488819989,1,1,2486
SVR,H2,29,2023-09-21,2023-09-25,58853.0,-0.0024807571406725,0.0006106160038093,58707.0,58888.93658367219,0.0,58853.0,181.93658367219177,33100.920478308435,-1,1,2485
SVR,H3,29,2023-09-21,2023-09-26,58853.0,-0.0063718077243301,0.0013791450826837,58478.0,58934.16682555118,0.0,58853.0,456.1668255511832,208088.1727334436,-1,1,2484
SVR,H4,29,2023-09-21,2023-09-27,58853.0,-0.018588687067779,0.0016728352146768,57759.0,58951.45137088938,0.0,58853.0,1192.4513708893792,1421940.2719359598,-1,1,2483
SVR,H5,29,2023-09-21,2023-09-28,58853.0,-0.0290044687611507,0.0018512803721116,57146.0,58961.953403739884,0.0,58853.0,1815.9534037398844,3297686.764554472,-1,1,2482
SVR,H6,29,2023-09-21,2023-09-29,58853.0,-0.0304487451786654,0.0021470544092918,57061.0,58979.36059315006,0.0,58853.0,1918.360593150057,3680107.365351039,-1,1,2481
SVR,H7,29,2023-09-21,2023-10-03,58853.0,-0.0419349905697246,0.002434571207668,56385.0,58996.28181928489,0.0,58853.0,2611.2818192848936,6818792.739727824,-1,1,2480
SVR,H1,30,2023-09-22,2023-09-25,58896.0,-0.0032090464547677,0.0003110759193316,58707.0,58914.32112734496,0.0,58896.0,207.32112734495604,42982.04984358348,-1,1,2487
SVR,H2,30,2023-09-22,2023-09-26,58896.0,-0.0070972561803858,0.0006071751852527,58478.0,58931.76018971065,0.0,58896.0,453.7601897106506,205898.30976624563,-1,1,2486
SVR,H3,30,2023-09-22,2023-09-27,58896.0,-0.01930521597392,0.0013791299417425,57759.0,58977.225237048864,0.0,58896.0,1218.225237048864,1484072.728182761,-1,1,2485
SVR,H4,30,2023-09-22,2023-09-28,58896.0,-0.0297133930997011,0.0016726857353041,57146.0,58994.51449906648,0.0,58896.0,1848.5144990664776,3417005.8532589907,-1,1,2484
SVR,H5,30,2023-09-22,2023-09-29,58896.0,-0.0311566150502581,0.0018511488576509,57061.0,59005.02526312021,0.0,58896.0,1944.0252631202093,3779234.223649599,-1,1,2483
SVR,H6,30,2023-09-22,2023-10-03,58896.0,-0.0426344743276283,0.002146707222343,56385.0,59022.43246856712,0.0,58896.0,2637.432468567124,6956050.026252071,-1,1,2482
SVR,H7,30,2023-09-22,2023-10-04,58896.0,-0.0452832110839446,0.0024341612186228,56229.0,59039.362359132014,0.0,58896.0,2810.362359132014,7898136.589626058,-1,1,2481
SVR,H1,31,2023-09-25,2023-09-26,58707.0,-0.0039007273408622,0.0002854456692039,58478.0,58723.757658901966,0.0,58707.0,245.75765890196635,60396.82690897524,-1,1,2488
SVR,H2,31,2023-09-25,2023-09-27,58707.0,-0.0161479891665389,0.000605893533994,57759.0,58742.57019170019,0.0,58707.0,983.5701917001934,967410.3220011552,-1,1,2487
SVR,H3,31,2023-09-25,2023-09-28,58707.0,-0.0265896741444802,0.0013791186549481,57146.0,58787.96391887604,0.0,58707.0,1641.9639188760411,2696045.5108907665,-1,1,2486
SVR,H4,31,2023-09-25,2023-09-29,58707.0,-0.0280375423714378,0.0016726773961592,57061.0,58805.19787189632,0.0,58707.0,1744.197871896322,3042226.216327658,-1,1,2485
SVR,H5,31,2023-09-25,2023-10-03,58707.0,-0.0395523532117123,0.0018511369454581,56385.0,58815.67469665701,0.0,58707.0,2430.6746966570136,5908179.480968664,-1,1,2484
SVR,H6,31,2023-09-25,2023-10-04,58707.0,-0.0422096172517757,0.0021468295450313,56229.0,58833.03392210016,0.0,58707.0,2604.033922100156,6780992.66744832,-1,1,2483
SVR,H7,31,2023-09-25,2023-10-05,58707.0,-0.0442025652818233,0.0024346369062885,56112.0,58849.93022885749,0.0,58707.0,2737.930228857491,7496261.938091632,-1,1,2482
SVR,H1,32,2023-09-26,2023-09-27,58478.0,-0.0122952221348199,0.0003084095896112,57759.0,58496.03517598129,0.0,58478.0,737.0351759812911,543220.8506337728,-1,1,2489
SVR,H2,32,2023-09-26,2023-09-28,58478.0,-0.0227777967782756,0.0006026774282462,57146.0,58513.24337064899,0.0,58478.0,1367.24337064899,1869354.434583612,-1,1,2488
SVR,H3,32,2023-09-26,2023-09-29,58478.0,-0.0242313348609733,0.0013791204074251,57061.0,58558.64820318541,0.0,58478.0,1497.6482031854102,2242950.140504488,-1,1,2487
SVR,H4,32,2023-09-26,2023-10-03,58478.0,-0.0357912377304285,0.0016681998787636,56385.0,58575.55299251033,0.0,58478.0,2190.552992510333,4798522.412995975,-1,1,2486
SVR,H5,32,2023-09-26,2023-10-04,58478.0,-0.0384589076233797,0.00184864259219,56229.0,58586.1049215061,0.0,58478.0,2357.1049215061,5555943.610988275,-1,1,2485
SVR,H6,32,2023-09-26,2023-10-05,58478.0,-0.040459660043093,0.0021451278501107,56112.0,58603.44278641878,0.0,58478.0,2491.442786418782,6207287.157998184,-1,1,2484
SVR,H7,32,2023-09-26,2023-10-06,58478.0,-0.032422449468176,0.0024344081522992,56582.0,58620.35931993016,0.0,58478.0,2038.3593199301613,4154908.71714615,-1,1,2483
SVR,H1,33,2023-09-27,2023-09-28,57759.0,-0.0106130646306202,0.0003047623481564,57146.0,57776.60276846717,0.0,57759.0,630.6027684671717,397659.8515984613,-1,1,2490
SVR,H2,33,2023-09-27,2023-09-29,57759.0,-0.0120846967572153,0.0005956660186466,57061.0,57793.40507357101,0.0,57759.0,732.4050735710043,536417.1917925483,-1,1,2489
SVR,H3,33,2023-09-27,2023-10-03,57759.0,-0.0237885004934296,0.0013686014034178,56385.0,57838.04904846001,0.0,57759.0,1453.0490484600086,2111351.5372305363,-1,1,2488
SVR,H4,33,2023-09-27,2023-10-04,57759.0,-0.0264893782787097,0.0016609342792675,56229.0,57854.93390303621,0.0,57759.0,1625.9339030362098,2643661.057042563,-1,1,2487
SVR,H5,33,2023-09-27,2023-10-05,57759.0,-0.0285150366176699,0.001832792913855,56112.0,57864.86028591135,0.0,57759.0,1752.8602859113523,3072519.181925229,-1,1,2486
SVR,H6,33,2023-09-27,2023-10-06,57759.0,-0.0203777766235565,0.0021319683720184,56582.0,57882.14036119942,0.0,57759.0,1300.1403611994174,1690364.9588197514,-1,1,2485
SVR,H7,33,2023-09-27,2023-10-09,57759.0,-0.0085008396959781,0.0024221805640603,57268.0,57898.90272719956,0.0,57759.0,630.9027271995583,398038.2511878402,-1,1,2484
SVR,H1,34,2023-09-28,2023-09-29,57146.0,-0.0014874181919994,0.0002782283109892,57061.0,57161.89963505979,0.0,57146.0,100.89963505978812,10180.736355198424,-1,1,2491
SVR,H2,34,2023-09-28,2023-10-03,57146.0,-0.0133167675777832,0.0005858769397601,56385.0,57179.48052359954,0.0,57146.0,794.4805235995373,631199.3023789949,-1,1,2490
SVR,H3,34,2023-09-28,2023-10-04,57146.0,-0.0160466174360409,0.0013468318266889,56229.0,57222.96605156797,0.0,57146.0,993.9660515679644,987968.5116696092,-1,1,2489
SVR,H4,34,2023-09-28,2023-10-05,57146.0,-0.0180940048297343,0.0016396761645755,56112.0,57239.70093410084,0.0,57146.0,1127.700934100838,1271709.3967719025,-1,1,2488
SVR,H5,34,2023-09-28,2023-10-06,57146.0,-0.0098694571798551,0.0018146045795121,56582.0,57249.697393300805,0.0,57146.0,667.6973933008048,445819.8090206896,-1,1,2487
SVR,H6,34,2023-09-28,2023-10-09,57146.0,0.0021348825814579,0.0021085256460255,57268.0,57266.49380656778,0.0,57146.0,1.5061934322220625,2.268618655268876,1,1,2486
SVR,H7,34,2023-09-28,2023-10-10,57146.0,0.0038147901865397,0.0024026997708593,57364.0,57283.304681105525,0.0,57146.0,80.69531889447535,6511.73449148107,1,1,2485
SVR,H1,35,2023-09-29,2023-10-03,57061.0,-0.0118469707856504,0.000294667256194,56385.0,57077.81400830569,0.0,57061.0,692.8140083056933,479991.25010460126,-1,1,2492
SVR,H2,35,2023-09-29,2023-10-04,57061.0,-0.0145808871208005,0.0005806829815359,56229.0,57094.13435160943,0.0,57061.0,865.1343516094275,748457.4463346646,-1,1,2491
SVR,H3,35,2023-09-29,2023-10-05,57061.0,-0.016631324372163,0.0013303965338865,56112.0,57136.913756620095,0.0,57061.0,1024.9137566200952,1050448.2085091155,-1,1,2490
SVR,H4,35,2023-09-29,2023-10-06,57061.0,-0.0083945251572877,0.0016210599431024,56582.0,57153.499301413365,0.0,57061.0,571.4993014133652,326611.4515159644,-1,1,2489
SVR,H5,35,2023-09-29,2023-10-09,57061.0,0.0036276966754875,0.0017943000223877,57268.0,57163.38455357746,0.0,57061.0,104.61544642254012,10944.39163018736,1,1,2488
SVR,H6,35,2023-09-29,2023-10-10,57061.0,0.0053101067278877,0.0020913516192259,57364.0,57180.33461474466,0.0,57061.0,183.6653852553427,33732.97374099345,1,1,2487
SVR,H7,35,2023-09-29,2023-10-11,57061.0,0.0100769352096878,0.0023812326427123,57636.0,57196.87551582581,0.0,57061.0,439.1244841741864,192830.31260124524,1,1,2486
SVR,H1,36,2023-10-03,2023-10-04,56385.0,-0.0027666932694865,0.0002871355244375,56229.0,56401.19013654541,0.0,56385.0,172.1901365454105,29649.44312352711,-1,1,2493
SVR,H2,36,2023-10-03,2023-10-05,56385.0,-0.0048417132216015,0.0005755038910029,56112.0,56417.4497868942,0.0,56385.0,305.44978689419804,93299.572313711,-1,1,2492
SVR,H3,36,2023-10-03,2023-10-06,56385.0,0.0034938370133901,0.0013132396904713,56582.0,56459.047019947226,0.0,56385.0,122.95298005277436,15117.43530385793,1,1,2491
SVR,H4,36,2023-10-03,2023-10-09,56385.0,0.0156601933138245,0.0015955668056389,57268.0,56474.96603433595,0.0,56385.0,793.0339656640499,628902.8706968494,1,1,2490
SVR,H5,36,2023-10-03,2023-10-10,56385.0,0.0173627737873547,0.0017682738799427,57364.0,56484.70412272057,0.0,56385.0,879.29587727943,773161.2398006024,1,1,2489
SVR,H6,36,2023-10-03,2023-10-11,56385.0,0.0221867517956904,0.0020628891457113,57636.0,56501.31600448093,0.0,56385.0,1134.6839955190662,1287507.7696871124,1,1,2488
SVR,H7,36,2023-10-03,2023-10-12,56385.0,0.0217788418905737,0.0023558219151727,57613.0,56517.833018687015,0.0,56385.0,1095.1669813129847,1199390.7169581954,1,1,2487
SVR,H1,37,2023-10-04,2023-10-05,56229.0,-0.0020807768233473,0.0002885291556689,56112.0,56245.22370589411,0.0,56229.0,133.22370589411003,17748.555812160328,-1,1,2494
SVR,H2,37,2023-10-04,2023-10-06,56229.0,0.0062778993046292,0.0005698052528484,56582.0,56261.03957956241,0.0,56229.0,320.96042043758644,103015.59148747224,1,1,2493
SVR,H3,37,2023-10-04,2023-10-09,56229.0,0.0184780095680165,0.001307000274556,57268.0,56302.49131843801,0.0,56229.0,965.508681561987,932207.0141715663,1,1,2492
SVR,H4,37,2023-10-04,2023-10-10,56229.0,0.0201853136281988,0.001579882027002,57364.0,56317.835186496304,0.0,56229.0,1046.1648135036958,1094460.8170132225,1,1,2491
SVR,H5,37,2023-10-04,2023-10-11,56229.0,0.0250226751320492,0.0017442415915496,57636.0,56327.076960451246,0.0,56229.0,1308.923039548754,1713279.5234615486,1,1,2490
SVR,H6,37,2023-10-04,2023-10-12,56229.0,0.0246136335342972,0.0020356959099979,57613.0,56343.46514532327,0.0,56229.0,1269.5348546767273,1611718.747239059,1,1,2489
SVR,H7,37,2023-10-04,2023-10-13,56229.0,0.0491561293994202,0.0023278295974919,58993.0,56359.89153043738,0.0,56229.0,2633.10846956262,6933260.2124824,1,1,2488
SVR,H1,38,2023-10-05,2023-10-06,56112.0,0.0083761049329911,0.0002738728038111,56582.0,56127.367550767456,0.0,56112.0,454.6324492325439,206690.6638951816,1,1,2495
SVR,H2,38,2023-10-05,2023-10-09,56112.0,0.0206016538351867,0.0005675589185787,57268.0,56143.84686603929,0.0,56112.0,1124.15313396071,1263720.268593686,1,1,2494
SVR,H3,38,2023-10-05,2023-10-10,56112.0,0.0223125178214997,0.0013013737157623,57364.0,56185.022681938855,0.0,56112.0,1178.9773180611446,1389987.5165026493,1,1,2493
SVR,H4,38,2023-10-05,2023-10-11,56112.0,0.0271599657827201,0.0015718967754634,57636.0,56200.20227186481,0.0,56112.0,1435.7977281351923,2061515.11611818,1,1,2492
SVR,H5,38,2023-10-05,2023-10-12,56112.0,0.0267500712859993,0.0017272160323245,57613.0,56208.9175460058,0.0,56112.0,1404.082453994204,1971447.5376143863,1,1,2491
SVR,H6,38,2023-10-05,2023-10-13,56112.0,0.0513437410892501,0.0020102348322843,58993.0,56224.79829690914,0.0,56112.0,2768.201703090861,7662940.668995143,1,1,2490
SVR,H7,38,2023-10-05,2023-10-16,56112.0,0.0513437410892501,0.0023007235120084,58993.0,56241.09819770582,0.0,56112.0,2751.901802294182,7572963.529469966,1,1,2489
SVR,H1,39,2023-10-06,2023-10-09,56582.0,0.0121239970308579,0.0002915514288634,57268.0,56598.49656294796,0.0,56582.0,669.5034370520443,448234.8522245007,1,1,2496
SVR,H2,39,2023-10-06,2023-10-10,56582.0,0.0138206496765755,0.0005699293638099,57364.0,56614.24774326309,0.0,56582.0,749.7522567369087,562128.4464820875,1,1,2495
SVR,H3,39,2023-10-06,2023-10-11,56582.0,0.0186278321727757,0.001301372262696,57636.0,56655.634245367866,0.0,56582.0,980.3657546321338,961117.012855433,1,1,2494
SVR,H4,39,2023-10-06,2023-10-12,56582.0,0.0182213424764059,0.0015718950084637,57613.0,56670.9409633689,0.0,56582.0,942.0590366311008,887475.2284983177,1,1,2493
SVR,H5,39,2023-10-06,2023-10-13,56582.0,0.0426107242585982,0.0017272175640243,58993.0,56679.72942420763,0.0,56582.0,2313.2705757923686,5351220.7568267565,1,1,2492
SVR,H6,39,2023-10-06,2023-10-16,56582.0,0.0426107242585982,0.0020014429271134,58993.0,56695.24564370193,0.0,56582.0,2297.754356298072,5279675.081886767,1,1,2491
SVR,H7,39,2023-10-06,2023-10-17,56582.0,0.0413559082393695,0.0022827935418569,58922.0,56711.16502418536,0.0,56582.0,2210.8349758146437,4887791.290285334,1,1,2490
SVR,H1,40,2023-10-09,2023-10-10,57268.0,0.0016763288398407,0.0002951984838026,57364.0,57284.90542677041,0.0,57268.0,79.0945732295877,6255.95151437061,1,1,2497
SVR,H2,40,2023-10-09,2023-10-11,57268.0,0.0064259272193896,0.0005773466280201,57636.0,57301.063486693456,0.0,57268.0,334.936513306544,112182.46794594468,1,1,2496
SVR,H3,40,2023-10-09,2023-10-12,57268.0,0.0060243067681777,0.0013059152260612,57613.0,57342.78715316608,0.0,57268.0,270.2128468339215,73014.98259409232,1,1,2495
SVR,H4,40,2023-10-09,2023-10-13,57268.0,0.0301215338408884,0.0015735437789856,58993.0,57358.11370513495,0.0,57268.0,1634.8862948650494,2672853.197137569,1,1,2494
SVR,H5,40,2023-10-09,2023-10-16,57268.0,0.0301215338408884,0.0017272135031055,58993.0,57366.91406289584,0.0,57268.0,1626.0859371041588,2644155.4748479105,1,1,2493
SVR,H6,40,2023-10-09,2023-10-17,57268.0,0.0288817489697561,0.0020014431113976,58922.0,57382.61864410352,0.0,57268.0,1539.3813558964755,2369694.958881672,1,1,2492
SVR,H7,40,2023-10-09,2023-10-18,57268.0,0.0421177621009987,0.0022827972993092,59680.0,57398.73123573684,0.0,57268.0,2281.2687642631645,5204187.174802786,1,1,2491
SVR,H1,41,2023-10-10,2023-10-11,57364.0,0.004741649815215,0.0002944323782726,57636.0,57380.88981894722,0.0,57364.0,255.11018105277617,65081.20447678024,1,1,2498
SVR,H2,41,2023-10-10,2023-10-12,57364.0,0.0043407014852521,0.0005825565783521,57613.0,57397.41777556059,0.0,57364.0,215.5822244394076,46475.695494243104,1,1,2497
SVR,H3,41,2023-10-10,2023-10-13,57364.0,0.0283976012830347,0.0013170137548976,58993.0,57439.54917703595,0.0,57364.0,1553.4508229640487,2413209.4593676804,1,1,2496
SVR,H4,41,2023-10-10,2023-10-16,57364.0,0.0283976012830347,0.0015798631577659,58993.0,57454.627270182085,0.0,57364.0,1538.372729817915,2366590.655847423,1,1,2495
SVR,H5,41,2023-10-10,2023-10-17,57364.0,0.0271598912209747,0.0017296337074439,58922.0,57463.218707993816,0.0,57364.0,1458.7812920061842,2128042.8579072324,1,1,2494
SVR,H6,41,2023-10-10,2023-10-18,57364.0,0.0403737535736699,0.0020014362806747,59680.0,57478.81039080463,0.0,57364.0,2201.189609195368,4845235.695629655,1,1,2493
SVR,H7,41,2023-10-10,2023-10-19,57364.0,0.0448190502754339,0.002283755111033,59935.0,57495.0053281893,0.0,57364.0,2439.994671810702,5953573.998464616,1,1,2492
SVR,H1,42,2023-10-11,2023-10-12,57636.0,-0.0003990561454646,0.0002930395223451,57613.0,57652.88962590988,0.0,57636.0,39.889625909876486,1591.1822552298895,-1,1,2499
SVR,H2,42,2023-10-11,2023-10-13,57636.0,0.0235443125824137,0.0005849832043408,58993.0,57669.71609196538,0.0,57636.0,1323.2839080346166,1751080.3012633678,1,1,2498
SVR,H3,42,2023-10-11,2023-10-16,57636.0,0.0235443125824137,0.0013233564142559,58993.0,57712.27297029205,0.0,57636.0,1280.7270297079522,1640261.7246245537,1,1,2497
SVR,H4,42,2023-10-11,2023-10-17,57636.0,0.0223124436116315,0.0015949361612162,58922.0,57727.92574058786,0.0,57636.0,1194.0742594121402,1425813.3369906512,1,1,2496
SVR,H5,42,2023-10-11,2023-10-18,57636.0,0.0354639461447705,0.0017398772732273,59680.0,57736.27956651973,0.0,57636.0,1943.7204334802664,3778049.1235287143,1,1,2495
SVR,H6,42,2023-10-11,2023-10-19,57636.0,0.0398882642792699,0.002008226251833,59935.0,57751.74612825065,0.0,57636.0,2183.253871749352,4766597.468508534,1,1,2494
SVR,H7,42,2023-10-11,2023-10-20,57636.0,0.0480428898605038,0.0022827901708503,60405.0,57767.570894287135,0.0,57636.0,2637.429105712865,6956032.287661362,1,1,2493
SVR,H1,43,2023-10-12,2023-10-13,57613.0,0.0239529272907157,0.0002682227101538,58993.0,57628.45311500009,0.0,57613.0,1364.5468849999088,1861988.2013629545,1,1,2500
SVR,H2,43,2023-10-12,2023-10-16,57613.0,0.0239529272907157,0.0005865364630017,58993.0,57646.79212524292,0.0,57613.0,1346.2078747570777,1812275.642057968,1,1,2499
SVR,H3,43,2023-10-12,2023-10-17,57613.0,0.0227205665388019,0.0013233559954131,58922.0,57689.24250896373,0.0,57613.0,1232.7574910362673,1519691.0317060326,1,1,2498
SVR,H4,43,2023-10-12,2023-10-18,57613.0,0.0358773193550066,0.0015994607576348,59680.0,57705.149732629616,0.0,57613.0,1974.850267370384,3900033.5785328783,1,1,2497
SVR,H5,43,2023-10-12,2023-10-19,57613.0,0.0403034037456824,0.001752202243247,59935.0,57713.94962784019,0.0,57613.0,2221.050372159807,4933064.755671217,1,1,2496
SVR,H6,43,2023-10-12,2023-10-20,57613.0,0.0484612847794767,0.0020161885408419,60405.0,57729.158670403536,0.0,57613.0,2675.841329596464,7160126.821176571,1,1,2495
SVR,H7,43,2023-10-12,2023-10-23,57613.0,0.0484092131984101,0.0022883495140373,60402.0,57744.83868055223,0.0,57613.0,2657.1613194477686,7060506.277569407,1,1,2494
SVR,H1,44,2023-10-13,2023-10-16,58993.0,0.0,0.0003195339709182,58993.0,59011.85026754638,0.0,58993.0,18.850267546382383,355.3325865701969,0,1,2501
SVR,H2,44,2023-10-13,2023-10-17,58993.0,-0.0012035326225144,0.0005960073898456,58922.0,59028.16026394917,0.0,58993.0,106.16026394916844,11270.001641757111,-1,1,2500
SVR,H3,44,2023-10-13,2023-10-18,58993.0,0.0116454494601054,0.0013416899793248,59680.0,59072.15031695031,0.0,58993.0,607.8496830496879,369481.237183606,1,1,2499
SVR,H4,44,2023-10-13,2023-10-19,58993.0,0.0159679962029393,0.0016140454725071,59935.0,59088.21738455961,0.0,58993.0,846.7826154403883,717040.7978120645,1,1,2498
SVR,H5,44,2023-10-13,2023-10-20,58993.0,0.0239350431407117,0.0017771215360852,60405.0,59097.83773077828,0.0,58993.0,1307.1622692217206,1708673.198076878,1,1,2497
SVR,H6,44,2023-10-13,2023-10-23,58993.0,0.0238841896496193,0.0020482340398999,60402.0,59113.83147071582,0.0,58993.0,1288.1685292841794,1659378.1598381656,1,1,2496
SVR,H7,44,2023-10-13,2023-10-24,58993.0,0.0230196803010527,0.0023156358243307,60351.0,59129.606304184745,0.0,58993.0,1221.3936958152551,1491802.5601772484,1,1,2495
SVR,H1,45,2023-10-16,2023-10-17,58993.0,-0.0012035326225144,0.0003194601548665,58922.0,59011.84591291605,0.0,58993.0,89.84591291604738,8072.28806771797,-1,1,2502
SVR,H2,45,2023-10-16,2023-10-18,58993.0,0.0116454494601054,0.0006057436311344,59680.0,59028.73463403151,0.0,58993.0,651.2653659684875,424146.5769100679,1,1,2501
SVR,H3,45,2023-10-16,2023-10-19,58993.0,0.0159679962029393,0.0013551219724111,59935.0,59072.94271051845,0.0,58993.0,862.0572894815559,743142.7703482871,1,1,2500
SVR,H4,45,2023-10-16,2023-10-20,58993.0,0.0239350431407117,0.0016291961204529,60405.0,59089.11116673388,0.0,58993.0,1315.888833266123,1731563.4215144776,1,1,2499
SVR,H5,45,2023-10-16,2023-10-23,58993.0,0.0238841896496193,0.001792326839837,60402.0,59098.7347372625,0.0,58993.0,1303.2652627374991,1698500.3450582426,1,1,2498
SVR,H6,45,2023-10-16,2023-10-24,58993.0,0.0230196803010527,0.0020718877883412,60351.0,59115.22687629762,0.0,58993.0,1235.7731237023836,1527135.2132651466,1,1,2497
SVR,H7,45,2023-10-16,2023-10-25,58993.0,0.0281219805739663,0.0023450296053515,60652.0,59131.3403315085,0.0,58993.0,1520.6596684914985,2312405.827376674,1,1,2496
SVR,H1,46,2023-10-17,2023-10-18,58922.0,0.0128644648857811,0.000319467238258,59680.0,58940.82364861264,0.0,58922.0,739.1763513873593,546381.6784503289,1,1,2503
SVR,H2,46,2023-10-17,2023-10-19,58922.0,0.0171922202233461,0.0006050054439394,59935.0,58957.64813076781,0.0,58922.0,977.351869232196,955216.6762916674,1,1,2502
SVR,H3,46,2023-10-17,2023-10-20,58922.0,0.0251688673161127,0.0013664116620311,60405.0,59002.511707950194,0.0,58922.0,1402.4882920498058,1966973.409336781,1,1,2501
SVR,H4,46,2023-10-17,2023-10-23,58922.0,0.0251179525474356,0.0016382121589125,60402.0,59018.52673682744,0.0,58922.0,1383.4732631725565,1913998.2699133216,1,1,2500
SVR,H5,46,2023-10-17,2023-10-24,58922.0,0.0242524014799225,0.0018049864762055,60351.0,59028.35341315098,0.0,58922.0,1322.6465868490195,1749393.993703361,1,1,2499
SVR,H6,46,2023-10-17,2023-10-25,58922.0,0.0293608499372051,0.0020845622165551,60652.0,59044.826574923856,0.0,58922.0,1607.1734250761438,2583006.4182709837,1,1,2498
SVR,H7,46,2023-10-17,2023-10-26,58922.0,0.0307694918706085,0.0023655990249646,60735.0,59061.38582574897,0.0,58922.0,1673.61417425103,2800984.404253957,1,1,2497
SVR,H1,47,2023-10-18,2023-10-19,59680.0,0.0042727882037534,0.0003266235838434,59935.0,59699.49289548378,0.0,59680.0,235.50710451621853,55463.59627761308,1,1,2504
SVR,H2,47,2023-10-18,2023-10-20,59680.0,0.0121481233243967,0.0006095945616493,60405.0,59716.38060343923,0.0,59680.0,688.6193965607672,474196.67331971513,1,1,2503
SVR,H3,47,2023-10-18,2023-10-23,59680.0,0.012097855227882,0.0013664097124756,60402.0,59761.54733164055,0.0,59680.0,640.4526683594522,410179.6204087425,1,1,2502
SVR,H4,47,2023-10-18,2023-10-24,59680.0,0.0112432975871312,0.0016612992668485,60351.0,59779.14634024552,0.0,59680.0,571.8536597544808,327016.6081745934,1,1,2501
SVR,H5,47,2023-10-18,2023-10-25,59680.0,0.0162868632707775,0.0018246216680779,60652.0,59788.89342115089,0.0,59680.0,863.1065788491105,744952.9664526158,1,1,2500
SVR,H6,47,2023-10-18,2023-10-26,59680.0,0.0176776139410188,0.0021071479374211,60735.0,59805.754588905285,0.0,59680.0,929.2454110947148,863497.0340405853,1,1,2499
SVR,H7,47,2023-10-18,2023-10-27,59680.0,0.021313672922252,0.0023875505655481,60952.0,59822.48901775191,0.0,59680.0,1129.510982248088,1275795.0590190408,1,1,2498
SVR,H1,48,2023-10-19,2023-10-20,59935.0,0.0078418286477017,0.000326702132456,60405.0,59954.58089230875,0.0,59935.0,450.4191076912466,202877.3725733788,1,1,2505
SVR,H2,48,2023-10-19,2023-10-23,59935.0,0.0077917744222908,0.0006163886470013,60402.0,59971.94325355803,0.0,59935.0,430.0567464419728,184948.8051602553,1,1,2504
SVR,H3,48,2023-10-19,2023-10-24,59935.0,0.006940852590306,0.0013691728642649,60351.0,60017.06137561971,0.0,59935.0,333.93862438028737,111515.00485299864,1,1,2503
SVR,H4,48,2023-10-19,2023-10-25,59935.0,0.011962959873196,0.0016631727214394,60652.0,60034.68225705948,0.0,59935.0,617.3177429405187,381081.19574917626,1,1,2502
SVR,H5,48,2023-10-19,2023-10-26,59935.0,0.0133477934428964,0.0018476184743933,60735.0,60045.73701326277,0.0,59935.0,689.2629867372307,475083.4648859279,1,1,2501
SVR,H6,48,2023-10-19,2023-10-27,59935.0,0.0169683824142821,0.0021284487689892,60952.0,60062.56857696937,0.0,59935.0,889.4314230306336,791088.256274298,1,1,2500
SVR,H7,48,2023-10-19,2023-10-30,59935.0,0.0190539751397347,0.00241003618986,61077.0,60079.44551903926,0.0,59935.0,997.554480960738,995114.9424848476,1,1,2499
SVR,H1,49,2023-10-20,2023-10-23,60405.0,-4.966476285073185e-05,0.0003266530383123,60402.0,60424.731476779256,0.0,60405.0,22.7314767792559,516.7200365658501,-1,1,2506
SVR,H2,49,2023-10-20,2023-10-24,60405.0,-0.0008939657313136,0.0006211773037929,60351.0,60442.52221503561,0.0,60405.0,91.52221503561304,8376.315845024994,-1,1,2505
SVR,H3,49,2023-10-20,2023-10-25,60405.0,0.0040890654747123,0.0013843405555749,60652.0,60488.62109125951,0.0,60405.0,163.3789087404948,26692.66782123493,1,1,2504
SVR,H4,49,2023-10-20,2023-10-26,60405.0,0.0054631239135833,0.0016739377214764,60735.0,60506.11420806579,0.0,60405.0,228.8857919342117,52388.70574935127,1,1,2503
SVR,H5,49,2023-10-20,2023-10-27,60405.0,0.0090555417597881,0.0018569598862317,60952.0,60517.16966192782,0.0,60405.0,434.83033807217726,189077.422907964,1,1,2502
SVR,H6,49,2023-10-20,2023-10-30,60405.0,0.0111249068785697,0.002157738198691,61077.0,60535.338175891935,0.0,60405.0,541.661824108065,293397.5316960764,1,1,2501
SVR,H7,49,2023-10-20,2023-10-31,60405.0,0.0078470325304196,0.002435863830342,60879.0,60552.13835467181,0.0,60405.0,326.86164532818657,106838.53518664924,1,1,2500
SVR,H1,50,2023-10-23,2023-10-24,60402.0,-0.0008443429025528,0.0003266337677491,60351.0,60421.72933283959,0.0,60402.0,70.72933283958992,5002.638523933492,-1,1,2507
SVR,H2,50,2023-10-23,2023-10-25,60402.0,0.004138935796828,0.0006241470999679,60652.0,60439.69973313226,0.0,60402.0,212.30026686773635,45071.40331211208,1,1,2506
SVR,H3,50,2023-10-23,2023-10-26,60402.0,0.0055130624813748,0.0013843397648726,60735.0,60485.616890477846,0.0,60402.0,249.383109522154,62191.93531493864,1,1,2505
SVR,H4,50,2023-10-23,2023-10-27,60402.0,0.0091056587530213,0.0016859901851317,60952.0,60503.837179162336,0.0,60402.0,448.1628208376642,200849.91398117229,1,1,2504
SVR,H5,50,2023-10-23,2023-10-30,60402.0,0.0111751266514352,0.0018662319301206,61077.0,60514.724141043145,0.0,60402.0,562.2758589568548,316154.14156566886,1,1,2503
SVR,H6,50,2023-10-23,2023-10-31,60402.0,0.0078970895003476,0.0021658814095697,60879.0,60532.82356890083,0.0,60402.0,346.1764310991712,119838.1214485592,1,1,2502
SVR,H7,50,2023-10-23,2023-11-01,60402.0,0.0058772888314957,0.0024624264633638,60757.0,60550.73548324011,0.0,60402.0,206.26451675988935,42545.05087419068,1,1,2501
SVR,H1,51,2023-10-24,2023-10-25,60351.0,0.004987489851038,0.0003435752088459,60652.0,60371.73510742906,0.0,60351.0,280.26489257094363,78548.41000780258,1,1,2508
SVR,H2,51,2023-10-24,2023-10-26,60351.0,0.0063627777501615,0.000623532027778,60735.0,60388.63078140844,0.0,60351.0,346.3692185915643,119971.63558773084,1,1,2507
SVR,H3,51,2023-10-24,2023-10-27,60351.0,0.0099584099683518,0.0013843380344491,60952.0,60434.54618471704,0.0,60351.0,517.4538152829628,267758.45095089456,1,1,2506
SVR,H4,51,2023-10-24,2023-10-30,60351.0,0.0120296266838992,0.0016859885375519,61077.0,60452.7510942298,0.0,60351.0,624.2489057702041,389686.6963552972,1,1,2505
SVR,H5,51,2023-10-24,2023-10-31,60351.0,0.0087488194064722,0.0018758483367649,60879.0,60464.2093229721,0.0,60351.0,414.7906770279005,172051.30574926408,1,1,2504
SVR,H6,51,2023-10-24,2023-11-01,60351.0,0.0067273118920978,0.0021732164337945,60757.0,60482.15578499594,0.0,60351.0,274.84421500405733,75539.3425211965,1,1,2503
SVR,H7,51,2023-10-24,2023-11-02,60351.0,0.0075226591108681,0.0024688340114772,60805.0,60499.996601426654,0.0,60351.0,305.0033985733462,93027.07314129148,1,1,2502
SVR,H1,52,2023-10-25,2023-10-26,60652.0,0.0013684627052694,0.0003267803621047,60735.0,60671.81988252238,0.0,60652.0,63.180117477619206,3991.727244485764,1,1,2509
SVR,H2,52,2023-10-25,2023-10-27,60652.0,0.0049462507419375,0.000624978155788,60952.0,60689.90617510486,0.0,60652.0,262.09382489514246,68693.1730481656,1,1,2508
SVR,H3,52,2023-10-25,2023-10-30,60652.0,0.0070071885510782,0.0013843342848851,61077.0,60735.962643046856,0.0,60652.0,341.0373569531439,116306.47883758608,1,1,2507
SVR,H4,52,2023-10-25,2023-10-31,60652.0,0.0037426630613994,0.001685987209253,60879.0,60754.25849621561,0.0,60652.0,124.74150378438937,15560.442766390825,1,1,2506
SVR,H5,52,2023-10-25,2023-11-01,60652.0,0.0017311877596781,0.0018776051268071,60757.0,60765.88050615112,0.0,60652.0,8.880506151115696,78.86338950000372,1,1,2505
SVR,H6,52,2023-10-25,2023-11-02,60652.0,0.0025225878783881,0.0021857178826654,60805.0,60784.56816101942,0.0,60652.0,20.431838980577595,417.4600441282501,1,1,2504
SVR,H7,52,2023-10-25,2023-11-03,60652.0,0.0029182879377431,0.0024792960919266,60829.0,60802.37426656754,0.0,60652.0,26.625733432461857,708.929680816517,1,1,2503
SVR,H1,53,2023-10-26,2023-10-27,60735.0,0.0035728986581049,0.0003281763820301,60952.0,60754.9317925626,0.0,60735.0,197.0682074373981,38835.87838258936,1,1,2510
SVR,H2,53,2023-10-26,2023-10-30,60735.0,0.0056310200049394,0.000627348171868,61077.0,60773.1019912184,0.0,60735.0,303.8980087816017,92353.99974142243,1,1,2509
SVR,H3,53,2023-10-26,2023-10-31,60735.0,0.0023709557915534,0.0013843333340903,60879.0,60819.07748504598,0.0,60735.0,59.92251495402161,3590.707798414943,1,1,2508
SVR,H4,53,2023-10-26,2023-11-01,60735.0,0.0003622293570428,0.0016859843634532,60757.0,60837.39826031434,0.0,60735.0,80.39826031433768,6463.880261572004,1,1,2507
SVR,H5,53,2023-10-26,2023-11-02,60735.0,0.0011525479542273,0.0018775988675606,60805.0,60849.0359672213,0.0,60735.0,44.03596722130169,1939.166409115557,1,1,2506
SVR,H6,53,2023-10-26,2023-11-03,60735.0,0.0015477072528196,0.0021877571474012,60829.0,60867.87343034742,0.0,60735.0,38.873430347419344,1511.1435869756633,1,1,2505
SVR,H7,53,2023-10-26,2023-11-06,60735.0,0.0013665925742982,0.0024911371282034,60818.0,60886.29921348144,0.0,60735.0,68.29921348144126,4664.782562183487,1,1,2504
SVR,H1,54,2023-10-27,2023-10-30,60952.0,0.002050794067463,0.0003267968681488,61077.0,60971.91892270741,0.0,60952.0,105.08107729259063,11042.032804971408,1,1,2511
SVR,H2,54,2023-10-27,2023-10-31,60952.0,-0.0011976637353983,0.0006291272384263,60879.0,60990.34656343656,0.0,60952.0,111.3465634365566,12398.057189131125,-1,1,2510
SVR,H3,54,2023-10-27,2023-11-01,60952.0,-0.0031992387452421,0.0013843331345478,60757.0,61036.37787321696,0.0,60952.0,279.3778732169594,78051.99604323145,-1,1,2509
SVR,H4,54,2023-10-27,2023-11-02,60952.0,-0.0024117338233363,0.0016859845508444,60805.0,61054.764130343065,0.0,60952.0,249.7641303430646,62382.12080602736,-1,1,2508
SVR,H5,54,2023-10-27,2023-11-03,60952.0,-0.0020179813623835,0.0018776012547124,60829.0,61066.44355167723,0.0,60952.0,237.44355167722824,56379.44023309656,-1,1,2507
SVR,H6,54,2023-10-27,2023-11-06,60952.0,-0.0021984512403202,0.0021896666178258,60818.0,61085.46455968972,0.0,60952.0,267.46455968971713,71537.29069001426,-1,1,2506
SVR,H7,54,2023-10-27,2023-11-07,60952.0,-0.0096305289408058,0.0024961908450473,60365.0,61104.14782438733,0.0,60952.0,739.147824387328,546339.5062965202,-1,1,2505
SVR,H1,55,2023-10-30,2023-10-31,61077.0,-0.0032418095191315,0.0003242018655145,60879.0,61096.80127734003,0.0,61077.0,217.80127734003327,47437.39641095009,-1,1,2512
SVR,H2,55,2023-10-30,2023-11-01,61077.0,-0.0052392881117278,0.0006311894080197,60757.0,61115.55115547362,0.0,61077.0,358.5511554736222,128558.9310914696,-1,1,2511
SVR,H3,55,2023-10-30,2023-11-02,61077.0,-0.0044533948949686,0.0013843340688094,60805.0,61161.55097192067,0.0,61077.0,356.5509719206675,127128.59557757265,-1,1,2510
SVR,H4,55,2023-10-30,2023-11-03,61077.0,-0.004060448286589,0.0016859867008069,60829.0,61179.97500972519,0.0,61077.0,350.975009725189,123183.45745159652,-1,1,2509
SVR,H5,55,2023-10-30,2023-11-06,61077.0,-0.0042405488154296,0.0018776003755355,60818.0,61191.67819813659,0.0,61077.0,373.678198136593,139635.39576261083,-1,1,2508
SVR,H6,55,2023-10-30,2023-11-07,61077.0,-0.0116574160485943,0.0021896725766449,60365.0,61210.73863196375,0.0,61077.0,845.7386319637517,715273.8335959183,-1,1,2507
SVR,H7,55,2023-10-30,2023-11-08,61077.0,-0.0169294497110205,0.0024988865127412,60043.0,61229.624491538685,0.0,61077.0,1186.624491538685,1408077.683919443,-1,1,2506
SVR,H1,56,2023-10-31,2023-11-01,60879.0,-0.0020039750981455,0.0005466214612228,60757.0,60912.27776793778,0.0,60879.0,155.2777679377832,24111.185215740057,-1,1,2513
SVR,H2,56,2023-10-31,2023-11-02,60879.0,-0.001215525879203,0.0006304465951601,60805.0,60917.38095826675,0.0,60879.0,112.38095826675271,12629.479780953616,-1,1,2512
SVR,H3,56,2023-10-31,2023-11-03,60879.0,-0.0008213012697317,0.0013855562879131,60829.0,60963.35128125188,0.0,60879.0,134.35128125187475,18050.26677402035,-1,1,2511
SVR,H4,56,2023-10-31,2023-11-06,60879.0,-0.0010019875490727,0.0016859688811904,60818.0,60981.640099518,0.0,60879.0,163.64009951800108,26778.082170261296,-1,1,2510
SVR,H5,56,2023-10-31,2023-11-07,60879.0,-0.0084429770528424,0.0018776311104764,60365.0,60993.308304374696,0.0,60879.0,628.3083043746956,394771.3253462051,-1,1,2509
SVR,H6,56,2023-10-31,2023-11-08,60879.0,-0.013732157229915,0.0021902285502823,60043.0,61012.33892391264,0.0,60879.0,969.3389239126408,939617.9494121168,-1,1,2508
SVR,H7,56,2023-10-31,2023-11-09,60879.0,-0.0099870234399382,0.0024991585163099,60271.0,61031.14627131443,0.0,60879.0,760.1462713144283,577822.3537932284,-1,1,2507
SVR,H1,57,2023-11-01,2023-11-02,60757.0,0.0007900324242473,0.000341125486422,60805.0,60777.72576117855,0.0,60757.0,27.274238821453764,743.8841032896956,1,1,2514
SVR,H2,57,2023-11-01,2023-11-03,60757.0,0.0011850486363711,0.0006280258290768,60829.0,60795.156965297225,0.0,60757.0,33.843034702775185,1145.3509978932454,1,1,2513
SVR,H3,57,2023-11-01,2023-11-06,60757.0,0.0010039995391477,0.001384332351022,60818.0,60841.10788065105,0.0,60757.0,23.107880651048617,533.9741481831071,1,1,2512
SVR,H4,57,2023-11-01,2023-11-07,60757.0,-0.0064519314646871,0.0016859899399627,60365.0,60859.43569078232,0.0,60757.0,494.435690782324,244466.65231939385,-1,1,2511
SVR,H5,57,2023-11-01,2023-11-08,60757.0,-0.0117517323106802,0.0018776188222262,60043.0,60871.078486782,0.0,60757.0,828.0784867820039,685713.9802711734,-1,1,2510
SVR,H6,57,2023-11-01,2023-11-09,60757.0,-0.007999078295505,0.0021896796192817,60271.0,60890.0383646287,0.0,60757.0,619.038364628701,383208.4968821765,-1,1,2509
SVR,H7,57,2023-11-01,2023-11-10,60757.0,-0.0174465493687969,0.0024988787655816,59697.0,60908.82437716044,0.0,60757.0,1211.824377160439,1468518.3210802868,-1,1,2508
SVR,H1,58,2023-11-02,2023-11-03,60805.0,0.0003947043828631,0.0003269086383642,60829.0,60824.877679755744,0.0,60805.0,4.122320244256116,16.993524196203804,1,1,2515
SVR,H2,58,2023-11-02,2023-11-06,60805.0,0.0002137982073842,0.0006272775170141,60818.0,60843.14160942205,0.0,60805.0,25.141609422047623,632.1005243307937,1,1,2514
SVR,H3,58,2023-11-02,2023-11-07,60805.0,-0.0072362470191595,0.0013843306930599,60365.0,60889.174227791504,0.0,60805.0,524.1742277915037,274758.6210808192,-1,1,2513
SVR,H4,58,2023-11-02,2023-11-08,60805.0,-0.0125318641559082,0.0016859940369136,60043.0,60907.51686741453,0.0,60805.0,864.5168674145316,747389.4140442348,-1,1,2512
SVR,H5,58,2023-11-02,2023-11-09,60805.0,-0.0087821725187073,0.0018776145014338,60271.0,60919.16834975969,0.0,60805.0,648.1683497596896,420122.2096301993,-1,1,2511
SVR,H6,58,2023-11-02,2023-11-10,60805.0,-0.0182221856755201,0.002189687353866,59697.0,60938.14393955183,0.0,60805.0,1241.1439395518246,1540438.278686223,-1,1,2510
SVR,H7,58,2023-11-02,2023-11-12,60805.0,-0.0167749362716881,0.0024988869416535,59785.0,60956.944820487246,0.0,60805.0,1171.944820487246,1373454.6622668833,-1,1,2509
SVR,H1,59,2023-11-03,2023-11-06,60829.0,-0.0001808347991911,0.000325715349975,60818.0,60848.81293902363,0.0,60829.0,30.81293902362813,949.4372112738254,-1,1,2516
SVR,H2,59,2023-11-03,2023-11-07,60829.0,-0.0076279406204277,0.0006272775977199,60365.0,60867.15666899172,0.0,60829.0,502.1566689917163,252161.3202128561,-1,1,2515
SVR,H3,59,2023-11-03,2023-11-08,60829.0,-0.0129214683785694,0.0013843339464119,60043.0,60913.20764962629,0.0,60829.0,870.2076496262889,757261.35346811,-1,1,2514
SVR,H4,59,2023-11-03,2023-11-09,60829.0,-0.0091732561771523,0.0016859980150283,60271.0,60931.55757325616,0.0,60829.0,660.5575732561556,436336.30758606136,-1,1,2513
SVR,H5,59,2023-11-03,2023-11-10,60829.0,-0.0186095447894918,0.0018776185317985,59697.0,60943.21365767078,0.0,60829.0,1246.213657670778,1553048.4805651791,-1,1,2512
SVR,H6,59,2023-11-03,2023-11-12,60829.0,-0.0171628663959624,0.002189687615574,59785.0,60962.19650796776,0.0,60829.0,1177.196507967754,1385791.618371474,-1,1,2511
SVR,H7,59,2023-11-03,2023-11-13,60829.0,-0.0161929342912098,0.0024988925203392,59844.0,60981.00513311972,0.0,60829.0,1137.0051331197174,1292780.672740586,-1,1,2510
SVR,H1,60,2023-11-06,2023-11-07,60818.0,-0.0074484527606958,0.0003262266082568,60365.0,60837.84044986097,0.0,60818.0,472.8404498609671,223578.0910247217,-1,1,2517
SVR,H2,60,2023-11-06,2023-11-08,60818.0,-0.0127429379460027,0.0006271230114407,60043.0,60856.1403673098,0.0,60818.0,813.140367309803,661197.2569487212,-1,1,2516
SVR,H3,60,2023-11-06,2023-11-09,60818.0,-0.0089940478147916,0.0013843336503775,60271.0,60902.19240394866,0.0,60818.0,631.1924039486621,398403.850802491,-1,1,2515
SVR,H4,60,2023-11-06,2023-11-10,60818.0,-0.0184320431451214,0.0016860009366,59697.0,60920.53920496214,0.0,60818.0,1223.5392049621369,1497048.186079378,-1,1,2514
SVR,H5,60,2023-11-06,2023-11-12,60818.0,-0.0169851030944786,0.0018776258178129,59785.0,60932.19344698775,0.0,60818.0,1147.1934469877524,1316052.804811641,-1,1,2513
SVR,H6,60,2023-11-06,2023-11-13,60818.0,-0.0160149955605248,0.0021896896904091,59844.0,60951.17254759131,0.0,60818.0,1107.1725475913115,1225831.0501398356,-1,1,2512
SVR,H7,60,2023-11-06,2023-11-14,60818.0,-0.0120852379229833,0.0024988896578747,60083.0,60969.97747121263,0.0,60818.0,886.9774712126309,786729.0344387535,-1,1,2511
SVR,H1,61,2023-11-07,2023-11-08,60365.0,-0.005334216847511,0.0003347916338842,60043.0,60385.20969697942,0.0,60365.0,342.209696979422,117107.47670674782,-1,1,2518
SVR,H2,61,2023-11-07,2023-11-09,60365.0,-0.0015571937380932,0.0006237158817955,60271.0,60402.65060920458,0.0,60365.0,131.650609204582,17331.88290393757,-1,1,2517
SVR,H3,61,2023-11-07,2023-11-10,60365.0,-0.0110660150749606,0.0013843631169661,59697.0,60448.56707955566,0.0,60365.0,751.567079555658,564853.0750718208,-1,1,2516
SVR,H4,61,2023-11-07,2023-11-12,60365.0,-0.009608216681852,0.0016862098561956,59785.0,60466.78805796925,0.0,60365.0,681.7880579692501,464834.9559894815,-1,1,2515
SVR,H5,61,2023-11-07,2023-11-13,60365.0,-0.008630829122836,0.0018776382356043,59844.0,60478.343632092256,0.0,60365.0,634.3436320922556,402391.8435759949,-1,1,2514
SVR,H6,61,2023-11-07,2023-11-14,60365.0,-0.0046715812142797,0.0021885578740382,60083.0,60497.11229606631,0.0,60365.0,414.1122960663124,171488.99375331317,-1,1,2513
SVR,H7,61,2023-11-07,2023-11-15,60365.0,-0.0040586432535409,0.0024988195566979,60120.0,60515.84124254008,0.0,60365.0,395.8412425400748,156690.28929567029,-1,1,2512
SVR,H1,62,2023-11-08,2023-11-09,60043.0,0.003797278616991,0.0003281691770551,60271.0,60062.704261897925,0.0,60043.0,208.29573810207512,43387.11451148827,1,1,2519
SVR,H2,62,2023-11-08,2023-11-10,60043.0,-0.0057625368485918,0.0006181907505414,59697.0,60080.11802723477,0.0,60043.0,383.1180272347701,146779.42279226208,-1,1,2518
SVR,H3,62,2023-11-08,2023-11-12,60043.0,-0.0042969205402794,0.0013819914069409,59785.0,60125.97891004696,0.0,60043.0,340.9789100469643,116266.61709681575,-1,1,2517
SVR,H4,62,2023-11-08,2023-11-13,60043.0,-0.0033142914244791,0.0016842333734908,59844.0,60144.126424444505,0.0,60043.0,300.12642444450466,90075.87064984295,-1,1,2516
SVR,H5,62,2023-11-08,2023-11-14,60043.0,0.0006661892310511,0.0018765649316103,60083.0,60155.67458818868,0.0,60043.0,72.67458818868181,5281.59576839449,1,1,2515
SVR,H6,62,2023-11-08,2023-11-15,60043.0,0.0012824142697733,0.0021861937838415,60120.0,60174.26563336319,0.0,60043.0,54.26563336318941,2944.7589643080955,1,1,2514
SVR,H7,62,2023-11-08,2023-11-16,60043.0,0.0101760405043052,0.0024938071499001,60654.0,60192.73566270145,0.0,60043.0,461.2643372985476,212764.7888634683,1,1,2513
SVR,H1,63,2023-11-09,2023-11-10,60271.0,-0.0095236515073584,0.0003073033181686,59697.0,60289.52147828935,0.0,60271.0,592.5214782893454,351081.7022341912,-1,1,2520
SVR,H2,63,2023-11-09,2023-11-12,60271.0,-0.0080635794992616,0.0006173049599136,59785.0,60308.20558723896,0.0,60271.0,523.2055872389537,273744.08651805844,-1,1,2519
SVR,H3,63,2023-11-09,2023-11-13,60271.0,-0.0070846675847422,0.0013819893191785,59844.0,60354.29387825622,0.0,60271.0,510.2938782562196,260399.84218577348,-1,1,2518
SVR,H4,63,2023-11-09,2023-11-14,60271.0,-0.0031192447445703,0.0016842286939449,60083.0,60372.51014761275,0.0,60271.0,289.5101476127529,83816.12557075798,-1,1,2517
SVR,H5,63,2023-11-09,2023-11-15,60271.0,-0.0025053508320751,0.0018766512571168,60120.0,60384.10764791769,0.0,60271.0,264.1076479176918,69752.84968861545,-1,1,2516
SVR,H6,63,2023-11-09,2023-11-16,60271.0,0.0063546315806939,0.0021878149443453,60654.0,60402.86179451063,0.0,60271.0,251.13820548936928,63070.398256420674,1,1,2515
SVR,H7,63,2023-11-09,2023-11-17,60271.0,0.0067528330374475,0.0025131293178735,60678.0,60422.46881711755,0.0,60271.0,255.5311828824488,65296.18542530348,1,1,2514
SVR,H1,64,2023-11-10,2023-11-12,59697.0,0.0014741109268472,0.000321938910275,59785.0,59716.21878712669,0.0,59697.0,68.78121287330578,4730.855244323005,1,1,2521
SVR,H2,64,2023-11-10,2023-11-13,59697.0,0.0024624352982562,0.0006146800412051,59844.0,59733.69455441983,0.0,59697.0,110.30544558016844,12167.291324639504,1,1,2520
SVR,H3,64,2023-11-10,2023-11-14,59697.0,0.006465986565489,0.0013819899045786,60083.0,59779.50065133363,0.0,59697.0,303.4993486663734,92111.85464091288,1,1,2519
SVR,H4,64,2023-11-10,2023-11-15,59697.0,0.0070857832051862,0.0016758930922155,60120.0,59797.04578992599,0.0,59697.0,322.9542100740073,104299.42180452602,1,1,2518
SVR,H5,64,2023-11-10,2023-11-16,59697.0,0.0160309563294638,0.0018689167242318,60654.0,59808.56872168647,0.0,59697.0,845.431278313532,714754.0463508527,1,1,2517
SVR,H6,64,2023-11-10,2023-11-17,59697.0,0.0164329865822403,0.0021797531098598,60678.0,59827.1247213993,0.0,59697.0,850.8752786007026,723988.7397338232,1,1,2516
SVR,H7,64,2023-11-10,2023-11-20,59697.0,0.0160812101110607,0.0024879491996194,60657.0,59845.52310336968,0.0,59697.0,811.4768966303163,658494.7537647691,1,1,2515
SVR,H1,65,2023-11-12,2023-11-13,59785.0,0.0009868696161243,0.0003152665992494,59844.0,59803.84821363613,0.0,59785.0,40.151786363872816,1612.165948210083,1,1,2522
SVR,H2,65,2023-11-12,2023-11-14,59785.0,0.0049845278916116,0.0006112050149141,60083.0,59821.54089181664,0.0,59785.0,261.4591081833641,68360.86525204012,1,1,2521
SVR,H3,65,2023-11-12,2023-11-15,59785.0,0.0056034122271473,0.0013819898029784,60120.0,59867.62226037107,0.0,59785.0,252.3777396289297,63694.52346020784,1,1,2520
SVR,H4,65,2023-11-12,2023-11-16,59785.0,0.0145354185832566,0.0016759403347936,60654.0,59885.19609291564,0.0,59785.0,768.8039070843588,591059.4475481753,1,1,2519
SVR,H5,65,2023-11-12,2023-11-17,59785.0,0.0149368570711716,0.001863123662675,60678.0,59896.386848173024,0.0,59785.0,781.6131518269758,610919.1191088991,1,1,2518
SVR,H6,65,2023-11-12,2023-11-20,59785.0,0.014585598394246,0.0021737759732073,60657.0,59914.95919655819,0.0,59785.0,742.0408034418069,550624.5539725623,1,1,2517
SVR,H7,65,2023-11-12,2023-11-21,59785.0,0.023868863427281,0.0024833158282556,61212.0,59933.46503679226,0.0,59785.0,1278.5349632077414,1634651.652144621,1,1,2516
SVR,H1,66,2023-11-13,2023-11-14,59844.0,0.0039937169975268,0.0002779026362827,60083.0,59860.630805365705,0.0,59844.0,222.36919463429516,49448.05872230503,1,1,2523
SVR,H2,66,2023-11-13,2023-11-15,59844.0,0.0046119911770603,0.0006119549182564,60120.0,59880.62183012813,0.0,59844.0,239.3781698718667,57301.908211204274,1,1,2522
SVR,H3,66,2023-11-13,2023-11-16,59844.0,0.0135351914978945,0.0013819929504493,60654.0,59926.7039861267,0.0,59844.0,727.2960138733033,528959.4917959962,1,1,2521
SVR,H4,66,2023-11-13,2023-11-17,59844.0,0.0139362342089432,0.0016758986959941,60678.0,59944.29248156308,0.0,59844.0,733.7075184369241,538326.7226108694,1,1,2520
SVR,H5,66,2023-11-13,2023-11-20,59844.0,0.0135853218367756,0.0018629320674972,60657.0,59955.4853066473,0.0,59844.0,701.5146933526994,492122.8649897319,1,1,2519
SVR,H6,66,2023-11-13,2023-11-21,59844.0,0.0228594345297774,0.0021688618210501,61212.0,59973.79336681893,0.0,59844.0,1238.206633181071,1533155.6664536034,1,1,2518
SVR,H7,66,2023-11-13,2023-11-22,59844.0,0.020403047924604,0.0024784727166078,61065.0,59992.32172125268,0.0,59844.0,1072.6782787473203,1150638.6896963138,1,1,2517
SVR,H1,67,2023-11-14,2023-11-15,60083.0,0.0006158147895412,0.0002856521000698,60120.0,60100.162835128496,0.0,60083.0,19.837164871503774,393.5131101392233,1,1,2524
SVR,H2,67,2023-11-14,2023-11-16,60083.0,0.009503520130486,0.0006137479905144,60654.0,60119.87582051408,0.0,60083.0,534.1241794859234,285288.6391115109,1,1,2523
SVR,H3,67,2023-11-14,2023-11-17,60083.0,0.0099029675615398,0.0013819697838983,60678.0,60166.03289052597,0.0,60083.0,511.96710947403335,262110.32118319685,1,1,2522
SVR,H4,67,2023-11-14,2023-11-20,60083.0,0.0095534510593677,0.0016759000350363,60657.0,60183.69310180509,0.0,60083.0,473.3068981949109,224019.4198788877,1,1,2521
SVR,H5,67,2023-11-14,2023-11-21,60083.0,0.0187906729024849,0.0018629870831674,61212.0,60194.93385291795,0.0,60083.0,1017.0661470820488,1034423.5475403236,1,1,2520
SVR,H6,67,2023-11-14,2023-11-22,60083.0,0.0163440573872808,0.0021689804549204,61065.0,60213.318852672994,0.0,60083.0,851.6811473270063,725360.7767122459,1,1,2519
SVR,H7,67,2023-11-14,2023-11-23,60083.0,0.0168100793901768,0.0024769776242694,61093.0,60231.82424659898,0.0,60083.0,861.1757534010176,741623.6782458102,1,1,2518
SVR,H1,68,2023-11-15,2023-11-16,60120.0,0.0088822355289421,0.0003233350916555,60654.0,60139.43890571033,0.0,60120.0,514.5610942896674,264773.11975658,1,1,2525
SVR,H2,68,2023-11-15,2023-11-17,60120.0,0.0092814371257485,0.0006153855328479,60678.0,60156.99697823481,0.0,60120.0,521.0030217651874,271444.1486884564,1,1,2524
SVR,H3,68,2023-11-15,2023-11-20,60120.0,0.008932135728543,0.0013819922292332,60657.0,60203.08537282151,0.0,60120.0,453.9146271784921,206038.48876658943,1,1,2523
SVR,H4,68,2023-11-15,2023-11-21,60120.0,0.0181636726546905,0.0016758977341591,61212.0,60220.75497177764,0.0,60120.0,991.245028222358,982566.7059755436,1,1,2522
SVR,H5,68,2023-11-15,2023-11-22,60120.0,0.0157185628742515,0.0018629966179891,61065.0,60232.00335667352,0.0,60120.0,832.9966433264854,693883.4077931918,1,1,2521
SVR,H6,68,2023-11-15,2023-11-23,60120.0,0.0161842980705255,0.0021689886274484,61093.0,60250.39959628221,0.0,60120.0,842.6004037177918,709975.4403453857,1,1,2520
SVR,H7,68,2023-11-15,2023-11-24,60120.0,0.0204923486360613,0.0024769978978516,61352.0,60268.91711361884,0.0,60120.0,1083.082886381162,1173068.5387717492,1,1,2519
SVR,H1,69,2023-11-16,2023-11-17,60654.0,0.0003956870115737,0.0003244203955395,60678.0,60673.67739467105,0.0,60654.0,4.322605328947248,18.684916829843143,1,1,2526
SVR,H2,69,2023-11-16,2023-11-20,60654.0,4.946087644674968e-05,0.0006189398991233,60657.0,60691.54118064144,0.0,60654.0,34.54118064143404,1193.0931601041775,1,1,2525
SVR,H3,69,2023-11-16,2023-11-21,60654.0,0.0091997230190918,0.0013819949053432,61212.0,60737.82351898869,0.0,60654.0,474.1764810113091,224843.33514426835,1,1,2524
SVR,H4,69,2023-11-16,2023-11-22,60654.0,0.006776140073202,0.0016759129380236,61065.0,60755.65082334289,0.0,60654.0,309.34917665710964,95696.91309843164,1,1,2523
SVR,H5,69,2023-11-16,2023-11-23,60654.0,0.0072377749200382,0.0018644961830972,61093.0,60767.08915148959,0.0,60654.0,325.91084851041524,106217.88117677884,1,1,2522
SVR,H6,69,2023-11-16,2023-11-24,60654.0,0.0115078972532727,0.0021689961447963,61352.0,60785.55829216648,0.0,60654.0,566.4417078335173,320856.2083733518,1,1,2521
SVR,H7,69,2023-11-16,2023-11-27,60654.0,0.0148877238104658,0.0024770057166161,61557.0,60804.24030473564,0.0,60654.0,752.7596952643653,566647.1588145001,1,1,2520
SVR,H1,70,2023-11-17,2023-11-20,60678.0,-0.0003460891921289,0.0003236117204032,60657.0,60697.63611197064,0.0,60678.0,40.63611197063437,1651.2935960899342,-1,1,2527
SVR,H2,70,2023-11-17,2023-11-21,60678.0,0.0088005537427073,0.0006225028710268,61212.0,60715.772229208174,0.0,60678.0,496.2277707918256,246242.0005050246,1,1,2526
SVR,H3,70,2023-11-17,2023-11-22,60678.0,0.0063779293978047,0.0013819940198249,61065.0,60761.85663313494,0.0,60678.0,303.14336686505703,91895.90087428255,1,1,2525
SVR,H4,70,2023-11-17,2023-11-23,60678.0,0.0068393816539766,0.0016759048491312,61093.0,60779.69055443559,0.0,60678.0,313.30944556440954,98162.80867987772,1,1,2524
SVR,H5,70,2023-11-17,2023-11-24,60678.0,0.011107815023567,0.0018649381882739,61352.0,60791.16071938809,0.0,60678.0,560.8392806119082,314540.69867728266,1,1,2523
SVR,H6,70,2023-11-17,2023-11-27,60678.0,0.0144863047562542,0.0021704377462722,61557.0,60809.69782156831,0.0,60678.0,747.3021784316879,558460.5458887464,1,1,2522
SVR,H7,70,2023-11-17,2023-11-28,60678.0,0.028527637694057,0.0024770065427567,62409.0,60828.29980300138,0.0,60678.0,1580.700196998616,2498613.112791463,1,1,2521
SVR,H1,71,2023-11-20,2023-11-21,60657.0,0.0091498095850437,0.0002896190670649,61212.0,60674.56742375096,0.0,60657.0,537.4325762490407,288833.774013681,1,1,2528
SVR,H2,71,2023-11-20,2023-11-22,60657.0,0.0067263465057618,0.0006222830978964,61065.0,60694.7458258691,0.0,60657.0,370.25417413090327,137088.15346135723,1,1,2527
SVR,H3,71,2023-11-20,2023-11-23,60657.0,0.0071879585208631,0.0013819964458892,61093.0,60740.8277584183,0.0,60657.0,352.1722415816985,124025.2877406782,1,1,2526
SVR,H4,71,2023-11-20,2023-11-24,60657.0,0.0114578696605502,0.0016760252928938,61352.0,60758.662666191056,0.0,60657.0,593.3373338089441,352049.1916915064,1,1,2525
SVR,H5,71,2023-11-20,2023-11-27,60657.0,0.0148375290568276,0.0018649428027986,61557.0,60770.12183558935,0.0,60657.0,786.8781644106493,619177.2456262729,1,1,2524
SVR,H6,71,2023-11-20,2023-11-28,60657.0,0.0288837232306247,0.0021697350756059,62409.0,60788.60962048104,0.0,60657.0,1620.3903795189617,2625664.982037605,1,1,2523
SVR,H7,71,2023-11-20,2023-11-29,60657.0,0.0298893779778095,0.0024767914069293,62470.0,60807.234736370105,0.0,60657.0,1662.7652636298951,2764788.3219341952,1,1,2522
SVR,H1,72,2023-11-21,2023-11-22,61212.0,-0.0024014899039404,0.0003320455513459,61065.0,61232.32517228899,0.0,61212.0,167.32517228899087,27997.71328154048,-1,1,2529
SVR,H2,72,2023-11-21,2023-11-23,61212.0,-0.0019440632555708,0.0006256432146135,61093.0,61250.29687245292,0.0,61212.0,157.29687245292007,24742.306083470205,-1,1,2528
SVR,H3,72,2023-11-21,2023-11-24,61212.0,0.0022871332418479,0.0013819896796294,61352.0,61296.59435226948,0.0,61212.0,55.405647730520286,3069.7858004385075,1,1,2527
SVR,H4,72,2023-11-21,2023-11-27,61212.0,0.005636149774554,0.00168019044665,61557.0,61314.84781762035,0.0,61212.0,242.15218237965016,58637.67943122736,1,1,2526
SVR,H5,72,2023-11-21,2023-11-28,61212.0,0.0195549892178004,0.0018691619547351,62409.0,61326.41514157324,0.0,61212.0,1082.5848584267587,1171989.9756948852,1,1,2525
SVR,H6,72,2023-11-21,2023-11-29,61212.0,0.0205515258446056,0.0021775861285957,62470.0,61345.2944021036,0.0,61212.0,1124.705597896398,1264962.6819394943,1,1,2524
SVR,H7,72,2023-11-21,2023-11-30,61212.0,0.0233124224008365,0.0024847474578689,62639.0,61364.09636139108,0.0,61212.0,1274.903638608921,1625379.2877382664,1,1,2523
SVR,H1,73,2023-11-22,2023-11-23,61065.0,0.0004585277982478,0.0003530983001138,61093.0,61086.56194769646,0.0,61065.0,6.4380523035433725,41.44851746316012,1,1,2530
SVR,H2,73,2023-11-22,2023-11-24,61065.0,0.0046999099320397,0.0006281444929057,61352.0,61103.35764345929,0.0,61065.0,248.64235654070944,61823.02146611728,1,1,2529
SVR,H3,73,2023-11-22,2023-11-27,61065.0,0.008056988454925,0.0013819925077258,61557.0,61149.39137248428,0.0,61065.0,407.6086275157213,166144.79322525003,1,1,2528
SVR,H4,73,2023-11-22,2023-11-28,61065.0,0.0220093343158929,0.0016801921402779,62409.0,61167.60093304608,0.0,61065.0,1241.3990669539198,1541071.6434340628,1,1,2527
SVR,H5,73,2023-11-22,2023-11-29,61065.0,0.0230082698763611,0.0018697296108199,62470.0,61179.17503868471,0.0,61065.0,1290.8249613152875,1666229.0807546135,1,1,2526
SVR,H6,73,2023-11-22,2023-11-30,61065.0,0.0257758126586424,0.0021788968978145,62639.0,61198.05433906504,0.0,61065.0,1440.945660934958,2076324.3977672835,1,1,2525
SVR,H7,73,2023-11-22,2023-12-01,61065.0,0.029656922950954,0.0024890309014013,62876.0,61216.99267199408,0.0,61065.0,1659.0073280059223,2752305.31437735,1,1,2524
SVR,H1,74,2023-11-23,2023-11-24,61093.0,0.0042394382335129,0.0003275639674857,61352.0,61113.01186546561,0.0,61093.0,238.98813453438925,57115.32844822734,1,1,2531
SVR,H2,74,2023-11-23,2023-11-27,61093.0,0.0075949781480693,0.000627100185607,61557.0,61131.3114316393,0.0,61093.0,425.68856836070336,181210.75723298523,1,1,2530
SVR,H3,74,2023-11-23,2023-11-28,61093.0,0.0215409294027137,0.0013819893478753,62409.0,61177.42987522974,0.0,61093.0,1231.57012477026,1516764.9722266337,1,1,2529
SVR,H4,74,2023-11-23,2023-11-29,61093.0,0.0225394071333868,0.0016801971427302,62470.0,61195.64828404082,0.0,61093.0,1274.3517159591793,1623972.2959681046,1,1,2528
SVR,H5,74,2023-11-23,2023-11-30,61093.0,0.0253056815019723,0.0018696489450099,62639.0,61207.2224629975,0.0,61093.0,1431.7775370024974,2049986.915464938,1,1,2527
SVR,H6,74,2023-11-23,2023-12-01,61093.0,0.0291850130129474,0.0021801441553614,62876.0,61226.1915468835,0.0,61093.0,1649.8084531165005,2721867.93197466,1,1,2526
SVR,H7,74,2023-11-23,2023-12-04,61093.0,0.0197895012521893,0.0024898340214821,62302.0,61245.11142987441,0.0,61093.0,1056.888570125593,1117013.4496621208,1,1,2525
SVR,H1,75,2023-11-24,2023-11-27,61352.0,0.0033413743643238,0.0003243525864554,61557.0,61371.899679884205,0.0,61352.0,185.1003201157946,34262.12850696964,1,1,2532
SVR,H2,75,2023-11-24,2023-11-28,61352.0,0.0172284522101968,0.0006287631659202,62409.0,61390.575877755546,0.0,61352.0,1018.4241222444545,1037187.6927693872,1,1,2531
SVR,H3,75,2023-11-24,2023-11-29,61352.0,0.0182227148259226,0.0013819888397978,62470.0,61436.78777929928,0.0,61352.0,1033.2122207007196,1067527.4930053125,1,1,2530
SVR,H4,75,2023-11-24,2023-11-30,61352.0,0.0209773112530968,0.0016801973682447,62639.0,61455.08346893655,0.0,61352.0,1183.916531063449,1401658.3525253104,1,1,2529
SVR,H5,75,2023-11-24,2023-12-01,61352.0,0.024840266005998,0.0018697412812138,62876.0,61466.71236708504,0.0,61352.0,1409.2876329149658,1986091.6322870676,1,1,2528
SVR,H6,75,2023-11-24,2023-12-04,61352.0,0.0154844177858912,0.0021801496285296,62302.0,61485.75654000955,0.0,61352.0,816.2434599904518,666253.3859771843,1,1,2527
SVR,H7,75,2023-11-24,2023-12-05,61352.0,0.0203416351545182,0.0024939320528792,62600.0,61505.00771930824,0.0,61352.0,1094.9922806917602,1199008.0947745426,1,1,2526
SVR,H1,76,2023-11-27,2023-11-28,61557.0,0.0138408304498269,0.0003745201655625,62409.0,61580.054337831534,0.0,61557.0,828.9456621684658,687150.9108279162,1,1,2533
SVR,H2,76,2023-11-27,2023-11-29,61557.0,0.0148317819256948,0.0006316180122112,62470.0,61595.88050997769,0.0,61557.0,874.1194900223127,764084.8828368679,1,1,2532
SVR,H3,76,2023-11-27,2023-11-30,61557.0,0.0175772048670337,0.0013819931146969,62639.0,61642.0713501614,0.0,61557.0,996.9286498385992,993866.7328690122,1,1,2531
SVR,H4,76,2023-11-27,2023-12-01,61557.0,0.021427295027373,0.0016801984922043,62876.0,61660.42797858462,0.0,61557.0,1215.572021415377,1477615.339247866,1,1,2530
SVR,H5,76,2023-11-27,2023-12-04,61557.0,0.0121026040905176,0.001869747582662,62302.0,61672.09605194593,0.0,61557.0,629.9039480540669,396778.98377410055,1,1,2529
SVR,H6,76,2023-11-27,2023-12-05,61557.0,0.0169436457267249,0.0021800765308539,62600.0,61691.19897100978,0.0,61557.0,908.8010289902232,825919.3102936884,1,1,2528
SVR,H7,76,2023-11-27,2023-12-06,61557.0,0.0115665155871793,0.0024939355829927,62269.0,61710.51919268228,0.0,61557.0,558.4808073177192,311900.8121422513,1,1,2527
SVR,H1,77,2023-11-28,2023-11-29,62409.0,0.0009774231280745,0.000328192617508,62470.0,62429.48217306606,0.0,62409.0,40.51782693393761,1641.6942994485205,1,1,2534
SVR,H2,77,2023-11-28,2023-11-30,62409.0,0.0036853658927398,0.0006380285803054,62639.0,62448.81872566828,0.0,62409.0,190.1812743317205,36168.917106437126,1,1,2533
SVR,H3,77,2023-11-28,2023-12-01,62409.0,0.0074828950952587,0.0013924758289003,62876.0,62495.90302400584,0.0,62409.0,380.0969759941581,144473.7111599036,1,1,2532
SVR,H4,77,2023-11-28,2023-12-04,62409.0,-0.0017144963066224,0.0016887424469125,62302.0,62514.39272736936,0.0,62409.0,212.39272736936252,45110.67063939637,-1,1,2531
SVR,H5,77,2023-11-28,2023-12-05,62409.0,0.0030604560239708,0.0018743027542919,62600.0,62525.97336059261,0.0,62409.0,74.02663940739149,5479.943341951966,1,1,2530
SVR,H6,77,2023-11-28,2023-12-06,62409.0,-0.0022432661955807,0.0021916140002936,62269.0,62545.77643814432,0.0,62409.0,276.7764381443194,76605.19671185626,-1,1,2529
SVR,H7,77,2023-11-28,2023-12-07,62409.0,-0.0019067762662436,0.0025042664234246,62290.0,62565.28876321951,0.0,62409.0,275.2887632195125,75783.9031549288,-1,1,2528
SVR,H1,78,2023-11-29,2023-11-30,62470.0,0.0027052985433007,0.0003353793031735,62639.0,62490.95114506925,0.0,62470.0,148.04885493074835,21918.46344630577,1,1,2535
SVR,H2,78,2023-11-29,2023-12-01,62470.0,0.0064991195773971,0.0006428206708713,62876.0,62510.15700730933,0.0,62470.0,365.8429926906683,133841.0953008644,1,1,2534
SVR,H3,78,2023-11-29,2023-12-04,62470.0,-0.0026892908596125,0.0013983223586748,62302.0,62557.35319774642,0.0,62470.0,255.3531977464227,65205.25559932364,-1,1,2533
SVR,H4,78,2023-11-29,2023-12-05,62470.0,0.0020809988794621,0.0016964347089253,62600.0,62575.97627626657,0.0,62470.0,24.023723733429502,577.1393020201441,1,1,2532
SVR,H5,78,2023-11-29,2023-12-06,62470.0,-0.0032175444213222,0.0018822345300719,62269.0,62587.5831910936,0.0,62470.0,318.5831910935958,101495.2496473786,-1,1,2531
SVR,H6,78,2023-11-29,2023-12-07,62470.0,-0.0028813830638706,0.0021966631557874,62290.0,62607.225547342045,0.0,62470.0,317.2255473420446,100632.04788645975,-1,1,2530
SVR,H7,78,2023-11-29,2023-12-08,62470.0,-0.0139747078597727,0.0025160452405068,61597.0,62627.17734617447,0.0,62470.0,1030.177346174467,1061265.3645710675,-1,1,2529
SVR,H1,79,2023-11-30,2023-12-01,62639.0,0.0037835853062788,0.0003266075976851,62876.0,62659.4583733114,0.0,62639.0,216.54162668860224,46890.27608894598,1,1,2536
SVR,H2,79,2023-11-30,2023-12-04,62639.0,-0.0053800348025989,0.0006440576945752,62302.0,62679.343129930494,0.0,62639.0,377.3431299304939,142387.83770574158,-1,1,2535
SVR,H3,79,2023-11-30,2023-12-05,62639.0,-0.0006226153035648,0.001403276652382,62600.0,62726.89984622857,0.0,62639.0,126.89984622856718,16103.570972833995,-1,1,2534
SVR,H4,79,2023-11-30,2023-12-06,62639.0,-0.0059068631363846,0.0017023928778932,62269.0,62745.636187478354,0.0,62639.0,476.6361874783543,227182.0552139009,-1,1,2533
SVR,H5,79,2023-11-30,2023-12-07,62639.0,-0.0055716087421574,0.0018921984331824,62290.0,62757.52541765611,0.0,62639.0,467.5254176561066,218580.0161545169,-1,1,2532
SVR,H6,79,2023-11-30,2023-12-08,62639.0,-0.0166350037516562,0.002206310611145,61597.0,62777.20109037151,0.0,62639.0,1180.2010903715054,1392874.6137140903,-1,1,2531
SVR,H7,79,2023-11-30,2023-12-11,62639.0,-0.0263893101741726,0.0025225677602854,60986.0,62797.01112193651,0.0,62639.0,1811.0111219365133,3279761.2837777496,-1,1,2530
SVR,H1,80,2023-12-01,2023-12-04,62876.0,-0.0091290794579808,0.0003354608959184,62302.0,62897.09243929177,0.0,62876.0,595.0924392917732,354135.01130223274,-1,1,2537
SVR,H2,80,2023-12-01,2023-12-05,62876.0,-0.004389592213245,0.000646352652612,62600.0,62916.64006938564,0.0,62876.0,316.64006938564125,100260.9335405437,-1,1,2536
SVR,H3,80,2023-12-01,2023-12-06,62876.0,-0.0096539220052166,0.0014032619265017,62269.0,62964.23149689072,0.0,62876.0,695.2314968907158,483346.8342689053,-1,1,2535
SVR,H4,80,2023-12-01,2023-12-07,62876.0,-0.0093199312933393,0.0017094889047297,62290.0,62983.48582437379,0.0,62876.0,693.4858243737908,480922.5886073962,-1,1,2534
SVR,H5,80,2023-12-01,2023-12-08,62876.0,-0.0203416247852916,0.0019016432675857,61597.0,62995.567722092725,0.0,62876.0,1398.5677220927246,1955991.6732796328,-1,1,2533
SVR,H6,80,2023-12-01,2023-12-11,62876.0,-0.0300591640689611,0.0022180213739801,60986.0,63015.46031191038,0.0,62876.0,2029.4603119103776,4118709.157619368,-1,1,2532
SVR,H7,80,2023-12-01,2023-12-12,62876.0,-0.0300909727081875,0.0025337400311508,60984.0,63035.311438198645,0.0,62876.0,2051.311438198645,4207878.6164845945,-1,1,2531
SVR,H1,81,2023-12-04,2023-12-05,62302.0,0.0047831530287951,0.0003339647181305,62600.0,62322.80666986897,0.0,62302.0,277.1933301310273,76836.1422691287,1,1,2538
SVR,H2,81,2023-12-04,2023-12-06,62302.0,-0.0005296780199672,0.0006439882671524,62269.0,62342.12175702013,0.0,62302.0,73.12175702013337,5346.791349711424,-1,1,2537
SVR,H3,81,2023-12-04,2023-12-07,62302.0,-0.000192610189079,0.0014032602315665,62290.0,62389.42591894706,0.0,62302.0,99.42591894706128,9885.513358467602,-1,1,2536
SVR,H4,81,2023-12-04,2023-12-08,62302.0,-0.0113158486083914,0.0017094908717936,61597.0,62408.504700294485,0.0,62302.0,811.5047002944848,658539.8786000416,-1,1,2535
SVR,H5,81,2023-12-04,2023-12-11,62302.0,-0.0211229174023306,0.0019016459557456,60986.0,62420.47634633487,0.0,62302.0,1434.4763463348718,2057722.388194243,-1,1,2534
SVR,H6,81,2023-12-04,2023-12-12,62302.0,-0.0211550191005104,0.0022186187337843,60984.0,62440.22438435223,0.0,62302.0,1456.22438435223,2120589.457582032,-1,1,2533
SVR,H7,81,2023-12-04,2023-12-13,62302.0,-0.0210266123077911,0.0025366737944663,60992.0,62460.03985074284,0.0,62302.0,1468.03985074284,2155141.00336906,-1,1,2532
SVR,H1,82,2023-12-05,2023-12-06,62600.0,-0.0052875399361022,0.0003305144538039,62269.0,62620.690204808125,0.0,62600.0,351.6902048081247,123686.00015798068,-1,1,2539
SVR,H2,82,2023-12-05,2023-12-07,62600.0,-0.0049520766773163,0.0006423447606507,62290.0,62640.21078201674,0.0,62600.0,350.21078201673663,122647.5918407742,-1,1,2538
SVR,H3,82,2023-12-05,2023-12-08,62600.0,-0.0160223642172524,0.0014032565876871,61597.0,62687.843862389214,0.0,62600.0,1090.8438623892143,1189940.3321122192,-1,1,2537
SVR,H4,82,2023-12-05,2023-12-11,62600.0,-0.0257827476038338,0.0017094776971021,60986.0,62707.01330383859,0.0,62600.0,1721.0133038385902,2961886.79198942,-1,1,2536
SVR,H5,82,2023-12-05,2023-12-12,62600.0,-0.0258146964856229,0.0019016410642138,60984.0,62719.04273061979,0.0,62600.0,1735.042730619789,3010373.2770765736,-1,1,2535
SVR,H6,82,2023-12-05,2023-12-13,62600.0,-0.0256869009584664,0.0022204417868069,60992.0,62738.99965585412,0.0,62600.0,1746.999655854117,3052007.797554403,-1,1,2534
SVR,H7,82,2023-12-05,2023-12-14,62600.0,-0.005926517571885,0.0025399234006411,62229.0,62758.999204880136,0.0,62600.0,529.999204880136,280899.1571735763,-1,1,2533
SVR,H1,83,2023-12-06,2023-12-07,62269.0,0.0003372464629269,0.0003336588565217,62290.0,62289.77660333675,0.0,62269.0,0.2233966632484225,0.0499060691505291,1,1,2540
SVR,H2,83,2023-12-06,2023-12-08,62269.0,-0.0107918868136632,0.0006418795064651,61597.0,62308.96919498807,0.0,62269.0,711.9691949880726,506900.1346119641,-1,1,2539
SVR,H3,83,2023-12-06,2023-12-11,62269.0,-0.0206041529493006,0.0014032127059748,60986.0,62356.37665198835,0.0,62269.0,1370.3766519883502,1877932.1683148,-1,1,2538
SVR,H4,83,2023-12-06,2023-12-12,62269.0,-0.0206362716600555,0.0017094513760117,60984.0,62375.44582773288,0.0,62269.0,1391.4458277328813,1936121.4915152432,-1,1,2537
SVR,H5,83,2023-12-06,2023-12-13,62269.0,-0.0205077968170357,0.0019015856280313,60992.0,62387.40983547188,0.0,62269.0,1395.4098354718808,1947168.6089316611,-1,1,2536
SVR,H6,83,2023-12-06,2023-12-14,62269.0,-0.000642374215099,0.0022203976138632,62229.0,62407.261939017655,0.0,62269.0,178.2619390176551,31777.318902334184,-1,1,2535
SVR,H7,83,2023-12-06,2023-12-15,62269.0,-0.004464500794938,0.0025398770157572,61991.0,62427.155601894185,0.0,62269.0,436.1556018941847,190231.70906367849,-1,1,2534
SVR,H1,84,2023-12-07,2023-12-08,62290.0,-0.0111253812811045,0.0003713422186647,61597.0,62313.13090680062,0.0,62290.0,716.130906800623,512843.47567508265,-1,1,2541
SVR,H2,84,2023-12-07,2023-12-11,62290.0,-0.0209343393803178,0.0006402219326885,60986.0,62329.87942418717,0.0,62290.0,1343.8794241871728,1806011.9067536471,-1,1,2540
SVR,H3,84,2023-12-07,2023-12-12,62290.0,-0.020966447262803,0.0014032541028058,60984.0,62377.40869806378,0.0,62290.0,1393.4086980637803,1941587.7998397995,-1,1,2539
SVR,H4,84,2023-12-07,2023-12-13,62290.0,-0.0208380157328623,0.0017094902626616,60992.0,62396.48414846119,0.0,62290.0,1404.4841484611898,1972575.7232787528,-1,1,2538
SVR,H5,84,2023-12-07,2023-12-14,62290.0,-0.000979290415797,0.0019016513314304,62229.0,62408.453861434806,0.0,62290.0,179.45386143480573,32203.688383862456,-1,1,2537
SVR,H6,84,2023-12-07,2023-12-15,62290.0,-0.0048001284315299,0.0022204774202341,61991.0,62428.31353850639,0.0,62290.0,437.313538506387,191243.1309609772,-1,1,2536
SVR,H7,84,2023-12-07,2023-12-18,62290.0,-0.0037405683095199,0.0025399481346385,62057.0,62448.21336930664,0.0,62290.0,391.21336930664256,153047.9003242555,-1,1,2535
SVR,H1,85,2023-12-08,2023-12-11,61597.0,-0.0099193142523175,0.0003015666388698,60986.0,61615.57560025447,0.0,61597.0,629.5756002544731,396365.43643578014,-1,1,2542
SVR,H2,85,2023-12-08,2023-12-12,61597.0,-0.009951783366073,0.0006356432870456,60984.0,61636.15371955216,0.0,61597.0,652.1537195521596,425304.4739257168,-1,1,2541
SVR,H3,85,2023-12-08,2023-12-13,61597.0,-0.0098219069110508,0.0013965690318849,60992.0,61683.02446265701,0.0,61597.0,691.0244626570129,477514.8079904135,-1,1,2540
SVR,H4,85,2023-12-08,2023-12-14,61597.0,0.0102602399467506,0.0017094603041098,62229.0,61702.29762635226,0.0,61597.0,526.7023736477422,277415.39040616585,1,1,2539
SVR,H5,85,2023-12-08,2023-12-15,61597.0,0.0063964154098414,0.001892862150969,61991.0,61713.59462991324,0.0,61597.0,277.4053700867589,76953.73935297168,1,1,2538
SVR,H6,85,2023-12-08,2023-12-18,61597.0,0.0074678961637741,0.0022153646907101,62057.0,61733.45981885368,0.0,61597.0,323.54018114632345,104678.2488161958,1,1,2537
SVR,H7,85,2023-12-08,2023-12-19,61597.0,0.0099680179229508,0.0025353604139799,62211.0,61753.17059541992,0.0,61597.0,457.8294045800794,209607.76369815005,1,1,2536
SVR,H1,86,2023-12-11,2023-12-12,60986.0,-3.2794411832237635e-05,0.0003205796425999,60984.0,61005.55087008361,0.0,60986.0,21.55087008360715,464.4400013605137,-1,1,2543
SVR,H2,86,2023-12-11,2023-12-13,60986.0,9.838323549660188e-05,0.0006271164258403,60992.0,61024.24532234629,0.0,60986.0,32.245322346294415,1039.760813216434,1,1,2542
SVR,H3,86,2023-12-11,2023-12-14,60986.0,0.0203817269537269,0.0013834562547241,62229.0,61070.37146315061,0.0,60986.0,1158.6285368493918,1342420.0864017624,1,1,2541
SVR,H4,86,2023-12-11,2023-12-15,60986.0,0.0164791919456923,0.0016942843204059,61991.0,61089.32762356428,0.0,60986.0,901.672376435723,813013.0744272441,1,1,2540
SVR,H5,86,2023-12-11,2023-12-18,60986.0,0.0175614075361558,0.0018833745375329,62057.0,61100.85947954598,0.0,60986.0,956.1405204540206,914204.6948540852,1,1,2539
SVR,H6,86,2023-12-11,2023-12-19,60986.0,0.0200865772472371,0.002198672612858,62211.0,61120.08824796776,0.0,60986.0,1090.9117520322395,1190088.4507220509,1,1,2538
SVR,H7,86,2023-12-11,2023-12-20,60986.0,0.0191027448922702,0.0025258979929835,62151.0,61140.04441500008,0.0,60986.0,1010.955584999916,1022031.1948425224,1,1,2537
SVR,H1,87,2023-12-12,2023-12-13,60984.0,0.0001311819493636,0.0003181671463872,60992.0,61003.40310525528,0.0,60984.0,11.403105255274568,130.03080946287045,1,1,2544
SVR,H2,87,2023-12-12,2023-12-14,60984.0,0.0204151908697363,0.0006227919769633,62229.0,61021.98034592314,0.0,60984.0,1207.0196540768593,1456896.4453278212,1,1,2543
SVR,H3,87,2023-12-12,2023-12-15,60984.0,0.0165125278761641,0.0013701708761788,61991.0,61067.55850071289,0.0,60984.0,923.4414992871098,852744.2026056251,1,1,2542
SVR,H4,87,2023-12-12,2023-12-18,60984.0,0.0175947789584152,0.0016852363719928,62057.0,61086.77245490961,0.0,60984.0,970.2275450903908,941341.4892521264,1,1,2541
SVR,H5,87,2023-12-12,2023-12-19,60984.0,0.0201200314836678,0.0018691140750512,62211.0,61097.98605275293,0.0,60984.0,1113.0139472470692,1238800.0467665016,1,1,2540
SVR,H6,87,2023-12-12,2023-12-20,60984.0,0.0191361668634395,0.002189261205492,62151.0,61117.509905355735,0.0,60984.0,1033.490094644265,1068101.7757278115,1,1,2539
SVR,H7,87,2023-12-12,2023-12-21,60984.0,0.0208743276925094,0.0025100203685156,62257.0,61137.071082153554,0.0,60984.0,1119.928917846446,1254240.7810287117,1,1,2538
SVR,H1,88,2023-12-13,2023-12-14,60992.0,0.0202813483735571,0.0003190526000008,62229.0,61011.45965617925,0.0,60992.0,1217.5403438207504,1482404.488831151,1,1,2545
SVR,H2,88,2023-12-13,2023-12-15,60992.0,0.0163791972717732,0.0006225976502989,61991.0,61029.97347588703,0.0,60992.0,961.0265241129672,923571.9800486516,1,1,2544
SVR,H3,88,2023-12-13,2023-12-18,60992.0,0.0174613064008395,0.0013701706599122,62057.0,61075.56944888937,0.0,60992.0,981.4305511106286,963205.9266533122,1,1,2543
SVR,H4,88,2023-12-13,2023-12-19,60992.0,0.0199862277019937,0.0016750227056571,62211.0,61094.16298486345,0.0,60992.0,1116.8370151365525,1247324.918379124,1,1,2542
SVR,H5,88,2023-12-13,2023-12-20,60992.0,0.0190024921301155,0.0018600514244883,62151.0,61105.4482564824,0.0,60992.0,1045.5517435176007,1093178.448372695,1,1,2541
SVR,H6,88,2023-12-13,2023-12-21,60992.0,0.020740424973767,0.0021768739469611,62257.0,61124.771895773054,0.0,60992.0,1132.228104226946,1281940.480001344,1,1,2540
SVR,H7,88,2023-12-13,2023-12-22,60992.0,0.0272986621196222,0.0025013489365979,62657.0,61144.56227434098,0.0,60992.0,1512.437725659016,2287467.873996617,1,1,2539
SVR,H1,89,2023-12-14,2023-12-15,62229.0,-0.0038245833935945,0.00034259373642,61991.0,62250.319265623686,0.0,62229.0,259.3192656236861,67246.48152360786,-1,1,2546
SVR,H2,89,2023-12-14,2023-12-18,62229.0,-0.0027639846373876,0.0006306928024609,62057.0,62268.24738240435,0.0,62229.0,211.24738240434817,44625.45657268891,-1,1,2545
SVR,H3,89,2023-12-14,2023-12-19,62229.0,-0.0002892542062382,0.0013789850927703,62211.0,62314.812863338,0.0,62229.0,103.8128633380038,10777.110594435057,-1,1,2544
SVR,H4,89,2023-12-14,2023-12-20,62229.0,-0.0012534348936991,0.0016750257597209,62151.0,62333.23517800167,0.0,62229.0,182.23517800166883,33209.66010129992,-1,1,2543
SVR,H5,89,2023-12-14,2023-12-21,62229.0,0.0004499509874817,0.0018600584554204,62257.0,62344.74957762236,0.0,62229.0,87.74957762235863,7699.988372902342,1,1,2542
SVR,H6,89,2023-12-14,2023-12-22,62229.0,0.0068778222372205,0.0021768875629357,62657.0,62364.46553615393,0.0,62229.0,292.5344638460665,85576.41253770559,1,1,2541
SVR,H7,89,2023-12-14,2023-12-26,62229.0,0.007922351315303,0.0025013399223188,62722.0,62384.65588202598,0.0,62229.0,337.34411797401845,113801.05393166847,1,1,2540
SVR,H1,90,2023-12-15,2023-12-18,61991.0,0.0010646706780017,0.0003425084734012,62057.0,62012.23244277461,0.0,61991.0,44.76755722538656,2004.13417992826,1,1,2547
SVR,H2,90,2023-12-15,2023-12-19,61991.0,0.0035489022600054,0.0006371311019459,62211.0,62030.49639414073,0.0,61991.0,180.50360585926683,32581.551728197544,1,1,2546
SVR,H3,90,2023-12-15,2023-12-20,61991.0,0.0025810198254585,0.0013824404341649,62151.0,62076.69886495432,0.0,61991.0,74.30113504567998,5520.658669076374,1,1,2545
SVR,H4,90,2023-12-15,2023-12-21,61991.0,0.0042909454598247,0.0016774271249752,62257.0,62094.98538490434,0.0,61991.0,162.01461509565706,26248.73550459391,1,1,2544
SVR,H5,90,2023-12-15,2023-12-22,61991.0,0.010743495023471,0.0018600662678355,62657.0,62106.3073680094,0.0,61991.0,550.6926319905979,303262.37492873205,1,1,2543
SVR,H6,90,2023-12-15,2023-12-26,61991.0,0.0117920343275637,0.0021768947789367,62722.0,62125.94788424106,0.0,61991.0,596.0521157589392,355278.12470070785,1,1,2542
SVR,H7,90,2023-12-15,2023-12-27,61991.0,0.0209869174557597,0.0025013403756746,63292.0,62146.060591228445,0.0,61991.0,1145.9394087715557,1313177.1285757022,1,1,2541
SVR,H1,91,2023-12-18,2023-12-19,62057.0,0.0024815895064214,0.0003428595802255,62211.0,62078.27683697006,0.0,62057.0,132.72316302994295,17615.438004672815,1,1,2548
SVR,H2,91,2023-12-18,2023-12-20,62057.0,0.0015147364519716,0.0006357544677564,62151.0,62096.45301500556,0.0,62057.0,54.54698499444203,2975.373571983884,1,1,2547
SVR,H3,91,2023-12-18,2023-12-21,62057.0,0.0032228435148331,0.0013872067465533,62257.0,62143.08588907087,0.0,62057.0,113.9141109291304,12976.424668774229,1,1,2546
SVR,H4,91,2023-12-18,2023-12-22,62057.0,0.0096685305444994,0.0016810518861435,62657.0,62161.3210368984,0.0,62057.0,495.6789631016,245697.63446147728,1,1,2545
SVR,H5,91,2023-12-18,2023-12-26,62057.0,0.01071595468682,0.0018626498630907,62722.0,62172.59046255382,0.0,62057.0,549.4095374461831,301850.8398368289,1,1,2544
SVR,H6,91,2023-12-18,2023-12-27,62057.0,0.0199010587040946,0.0021769036646111,63292.0,62192.09211071477,0.0,62057.0,1099.9078892852267,1209797.3649118824,1,1,2543
SVR,H7,91,2023-12-18,2023-12-28,62057.0,0.0171132990637639,0.0025013447781712,63119.0,62212.225952898974,0.0,62057.0,906.7740471010256,822239.1724959731,1,1,2542
SVR,H1,92,2023-12-19,2023-12-20,62211.0,-0.0009644596614746,0.0003409689286719,62151.0,62232.212018021615,0.0,62211.0,81.21201802161522,6595.391871143155,-1,1,2549
SVR,H2,92,2023-12-19,2023-12-21,62211.0,0.0007394190737972,0.000636930825123,62257.0,62250.62410356173,0.0,62211.0,6.375896438272321,40.65205539157366,1,1,2548
SVR,H3,92,2023-12-19,2023-12-22,62211.0,0.007169150150295,0.0013872054582569,62657.0,62297.29943876362,0.0,62211.0,359.70056123637914,129384.49375376616,1,1,2547
SVR,H4,92,2023-12-19,2023-12-26,62211.0,0.0082139814502257,0.001687293142567,62722.0,62315.96819369224,0.0,62211.0,406.0318063077575,164861.8277335403,1,1,2546
SVR,H5,92,2023-12-19,2023-12-27,62211.0,0.017376348234235,0.0018677194421227,63292.0,62327.1926942139,0.0,62211.0,964.8073057860964,930853.1372982264,1,1,2545
SVR,H6,92,2023-12-19,2023-12-28,62211.0,0.0145954895436497,0.002181524973012,63119.0,62346.71485009606,0.0,62211.0,772.2851499039389,596424.3527621493,1,1,2544
SVR,H7,92,2023-12-19,2023-12-29,62211.0,0.0119432254745945,0.0025013514252241,62954.0,62366.611573514616,0.0,62211.0,587.3884264853841,345025.1635689755,1,1,2543
SVR,H1,93,2023-12-20,2023-12-21,62151.0,0.0017055236440282,0.00037399143659,62257.0,62174.24394177552,0.0,62151.0,82.75605822448415,6848.565172854211,1,1,2550
SVR,H2,93,2023-12-20,2023-12-22,62151.0,0.0081414619233801,0.0006372734089294,62657.0,62190.60717963838,0.0,62151.0,466.3928203616233,217522.2628848694,1,1,2549
SVR,H3,93,2023-12-20,2023-12-26,62151.0,0.0091873018937749,0.0013872011427411,62722.0,62237.21593822251,0.0,62151.0,484.7840617774928,235015.5865534839,1,1,2548
SVR,H4,93,2023-12-20,2023-12-27,62151.0,0.0183585139418513,0.0016872898214897,63292.0,62255.86674969541,0.0,62151.0,1036.1332503045924,1073572.1123867591,1,1,2547
SVR,H5,93,2023-12-20,2023-12-28,62151.0,0.0155749706360315,0.0018715117500413,63119.0,62267.316326776825,0.0,62151.0,851.683673223175,725365.07923492,1,1,2546
SVR,H6,93,2023-12-20,2023-12-29,62151.0,0.0129201460957988,0.0021848558631466,62954.0,62286.79097675042,0.0,62151.0,667.209023249583,445167.88070566254,1,1,2545
SVR,H7,93,2023-12-20,2024-01-01,62151.0,0.0136763688436227,0.0025045049783125,63001.0,62306.65748890711,0.0,62151.0,694.3425110928947,482111.5227107866,1,1,2544
SVR,H1,94,2023-12-21,2023-12-22,62257.0,0.0064249803234976,0.0003423838803204,62657.0,62278.31579323711,0.0,62257.0,378.6842067628895,143401.72845163886,1,1,2551
SVR,H2,94,2023-12-21,2023-12-26,62257.0,0.0074690396260661,0.0006372734912823,62722.0,62296.67473574676,0.0,62257.0,425.32526425323886,180901.58041208747,1,1,2550
SVR,H3,94,2023-12-21,2023-12-27,62257.0,0.0166246365870503,0.0013871986598853,63292.0,62343.36282696849,0.0,62257.0,948.6371730315076,899912.4860572107,1,1,2549
SVR,H4,94,2023-12-21,2023-12-28,62257.0,0.0138458325971375,0.0016872737500242,63119.0,62362.04460185525,0.0,62257.0,756.9553981447461,572981.4747804712,1,1,2548
SVR,H5,94,2023-12-21,2023-12-29,62257.0,0.0111955282136948,0.0018714920509539,62954.0,62373.51348061624,0.0,62257.0,580.4865193837613,336964.59918627393,1,1,2547
SVR,H6,94,2023-12-21,2024-01-01,62257.0,0.0119504634017058,0.0021895327589991,63001.0,62393.313740977006,0.0,62257.0,607.6862590229939,369282.5894053613,1,1,2546
SVR,H7,94,2023-12-21,2024-01-02,62257.0,0.0125608365324381,0.0025090454392157,63039.0,62413.20564190926,0.0,62257.0,625.7943580907377,391618.5786181984,1,1,2545
SVR,H1,95,2023-12-22,2023-12-26,62657.0,0.0010373940661059,0.0003356676177922,62722.0,62678.031925928,0.0,62657.0,43.96807407199958,1933.191537600842,1,1,2552
SVR,H2,95,2023-12-22,2023-12-27,62657.0,0.0101345420304195,0.0006399176021723,63292.0,62697.09531719931,0.0,62657.0,594.9046828006904,353911.58161819,1,1,2551
SVR,H3,95,2023-12-22,2023-12-28,62657.0,0.0073734778237068,0.0013871984670956,63119.0,62743.917694352815,0.0,62657.0,375.0823056471854,140686.73600960863,1,1,2550
SVR,H4,95,2023-12-22,2023-12-29,62657.0,0.0047400928866687,0.0016872727620079,62954.0,62762.71944944913,0.0,62657.0,191.2805505508732,36588.24901904514,1,1,2549
SVR,H5,95,2023-12-22,2024-01-01,62657.0,0.0054902085960069,0.0018714480913877,63001.0,62774.25932306208,0.0,62657.0,226.74067693791585,51411.33457826432,1,1,2548
SVR,H6,95,2023-12-22,2024-01-02,62657.0,0.006096685126961,0.0021895048079081,63039.0,62794.1878027491,0.0,62657.0,244.8121972509034,59933.01192281524,1,1,2547
SVR,H7,95,2023-12-22,2024-01-03,62657.0,-0.0057934468614839,0.0025187290949389,62294.0,62814.81600890159,0.0,62657.0,520.8160089015873,271249.3151281783,-1,1,2546
SVR,H1,96,2023-12-26,2023-12-27,62722.0,0.0090877204170785,0.0009837179967515,63292.0,62783.70076019225,0.0,62722.0,508.29923980774765,258368.11718913412,1,1,2553
SVR,H2,96,2023-12-26,2023-12-28,62722.0,0.0063295175536495,0.0006426921219766,63119.0,62762.31093527462,0.0,62722.0,356.6890647253822,127227.08889466788,1,1,2552
SVR,H3,96,2023-12-26,2023-12-29,62722.0,0.0036988616434425,0.0013902352932356,62954.0,62809.198338062335,0.0,62722.0,144.8016619376649,20967.521299909797,1,1,2551
SVR,H4,96,2023-12-26,2024-01-01,62722.0,0.0044481999936225,0.0016897728871572,63001.0,62827.98593502827,0.0,62722.0,173.01406497172866,29933.866678041544,1,1,2550
SVR,H5,96,2023-12-26,2024-01-02,62722.0,0.0050540480214278,0.001871962177435,63039.0,62839.41321169308,0.0,62722.0,199.58678830692224,39834.8860666722,1,1,2549
SVR,H6,96,2023-12-26,2024-01-03,62722.0,-0.0068237619973853,0.0021837804565261,62294.0,62858.97107779423,0.0,62722.0,564.971077794231,319192.31874397496,-1,1,2548
SVR,H7,96,2023-12-26,2024-01-04,62722.0,-0.0044322566244698,0.0025242765761984,62444.0,62880.32767541232,0.0,62722.0,436.3276754123144,190381.840330714,-1,1,2547
SVR,H1,97,2023-12-27,2023-12-28,63292.0,-0.0027333628262655,0.0004428683393394,63119.0,63320.03002293347,0.0,63292.0,201.030022933468,40413.07012063067,-1,1,2554
SVR,H2,97,2023-12-27,2023-12-29,63292.0,-0.0053403273715477,0.0006454331626308,62954.0,63332.85075572923,0.0,63292.0,378.85075572923233,143527.89511661045,-1,1,2553
SVR,H3,97,2023-12-27,2024-01-01,63292.0,-0.0045977374707704,0.0013907925332218,63001.0,63380.02604101269,0.0,63292.0,379.0260410126866,143660.7397657508,-1,1,2552
SVR,H4,97,2023-12-27,2024-01-02,63292.0,-0.0039973456360993,0.0016917128638871,63039.0,63399.071890581145,0.0,63292.0,360.07189058114454,129651.76638667972,-1,1,2551
SVR,H5,97,2023-12-27,2024-01-03,63292.0,-0.0157681855526764,0.0018737311608044,62294.0,63410.59219262963,0.0,63292.0,1116.5921926296287,1246778.1246414415,-1,1,2550
SVR,H6,97,2023-12-27,2024-01-04,63292.0,-0.0133982177842381,0.002202105105944,62444.0,63431.37563636541,0.0,63292.0,987.3756363654102,974910.6472879988,-1,1,2549
SVR,H7,97,2023-12-27,2024-01-05,63292.0,-0.0105068571067433,0.0025305142064214,62627.0,63452.16130515282,0.0,63292.0,825.1613051528184,680891.1795215027,-1,1,2548
SVR,H1,98,2023-12-28,2023-12-29,63119.0,-0.0026141098559863,0.0003645808855055,62954.0,63142.01198091222,0.0,63119.0,188.0119809122189,35348.50496653655,-1,1,2555
SVR,H2,98,2023-12-28,2024-01-01,63119.0,-0.0018694846242811,0.0006474312085215,63001.0,63159.86521045066,0.0,63119.0,158.86521045066183,25238.155091533077,-1,1,2554
SVR,H3,98,2023-12-28,2024-01-02,63119.0,-0.0012674472029025,0.0013907919415759,63039.0,63206.78539656033,0.0,63119.0,167.78539656032808,28151.939298906556,-1,1,2553
SVR,H4,98,2023-12-28,2024-01-03,63119.0,-0.0130705492799315,0.0016917108798209,62294.0,63225.77909902341,0.0,63119.0,931.7790990234134,868212.2893768841,-1,1,2552
SVR,H5,98,2023-12-28,2024-01-04,63119.0,-0.0106940857744894,0.0018743095504421,62444.0,63237.30454451436,0.0,63119.0,793.304544514358,629332.100347133,-1,1,2551
SVR,H6,98,2023-12-28,2024-01-05,63119.0,-0.00779480029785,0.0021937962427316,62627.0,63257.47022504498,0.0,63119.0,630.4702250449773,397492.70466826425,-1,1,2550
SVR,H7,98,2023-12-28,2024-01-08,63119.0,-0.0155103851455188,0.0025223853229575,62140.0,63278.21043919975,0.0,63119.0,1138.210439199749,1295523.0039032858,-1,1,2549
SVR,H1,99,2023-12-29,2024-01-01,62954.0,0.0007465768656478,0.0004489852113134,63001.0,62982.265414993024,0.0,62954.0,18.734585006975976,350.98467538360904,1,1,2556
SVR,H2,99,2023-12-29,2024-01-02,62954.0,0.0013501922038314,0.0006453097653294,63039.0,62994.62483096655,0.0,62954.0,44.37516903345386,1969.155626747602,1,1,2555
SVR,H3,99,2023-12-29,2024-01-03,62954.0,-0.0104838453473965,0.0013908046693481,62294.0,63041.55671715415,0.0,62954.0,747.5567171541479,558841.0453622867,-1,1,2554
SVR,H4,99,2023-12-29,2024-01-04,62954.0,-0.0081011532229882,0.001691741307257,62444.0,63060.50188225706,0.0,62954.0,616.5018822570564,380074.57082649344,-1,1,2553
SVR,H5,99,2023-12-29,2024-01-05,62954.0,-0.0051942688312101,0.0018743219772302,62627.0,63071.99606575455,0.0,62954.0,444.99606575454527,198021.4985370236,-1,1,2552
SVR,H6,99,2023-12-29,2024-01-08,62954.0,-0.0129300759284557,0.0021910992314071,62140.0,63091.938461014,0.0,62954.0,951.938461014004,906186.8335577106,-1,1,2551
SVR,H7,99,2023-12-29,2024-01-09,62954.0,-0.0118022683229024,0.0025252695191379,62211.0,63112.975817307815,0.0,62954.0,901.9758173078152,813560.3750081015,-1,1,2550
SVR,H1,100,2024-01-01,2024-01-02,63001.0,0.0006031650291264,0.0003334770242026,63039.0,63022.0093860018,0.0,63001.0,16.990613998204935,288.6809640359975,1,1,2557
SVR,H2,100,2024-01-01,2024-01-03,63001.0,-0.0112220440945381,0.0006443978775697,62294.0,63041.59771068477,0.0,63001.0,747.597710684764,558902.3370211001,-1,1,2556
SVR,H3,100,2024-01-01,2024-01-04,63001.0,-0.0088411295058808,0.0013908039015504,62444.0,63088.62203660158,0.0,63001.0,644.6220366015768,415537.57007236464,-1,1,2555
SVR,H4,100,2024-01-01,2024-01-05,63001.0,-0.0059364137077189,0.001691723864621,62627.0,63107.58029519499,0.0,63001.0,480.58029519498814,230957.42012970196,-1,1,2554
SVR,H5,100,2024-01-01,2024-01-08,63001.0,-0.013666449738893,0.001874177718877,62140.0,63119.07507046698,0.0,63001.0,979.0750704669772,958587.9936099164,-1,1,2553
SVR,H6,100,2024-01-01,2024-01-09,63001.0,-0.0125394835002619,0.0021937606289661,62211.0,63139.2091133855,0.0,63001.0,928.2091133854992,861572.1581718945,-1,1,2552
SVR,H7,100,2024-01-01,2024-01-10,63001.0,-0.0151426167838605,0.0025232782988681,62047.0,63159.969056107,0.0,63001.0,1112.969056106995,1238700.119851695,-1,1,2551
SVR,H1,101,2024-01-02,2024-01-03,63039.0,-0.0118180808705722,0.0005749589135957,62294.0,63075.24483495416,0.0,63039.0,781.2448349541592,610343.4921425513,-1,1,2558
SVR,H2,101,2024-01-02,2024-01-04,63039.0,-0.0094386015006583,0.0006443980069658,62444.0,63079.622205961125,0.0,63039.0,635.6222059611246,404015.5887108863,-1,1,2557
SVR,H3,101,2024-01-02,2024-01-05,63039.0,-0.0065356366693634,0.001391003483394,62627.0,63126.68746858968,0.0,63039.0,499.6874685896837,249687.56626556613,-1,1,2556
SVR,H4,101,2024-01-02,2024-01-08,63039.0,-0.0142610130236837,0.0016955457176676,62140.0,63145.88550649606,0.0,63039.0,1005.885506496059,1011805.652178833,-1,1,2555
SVR,H5,101,2024-01-02,2024-01-09,63039.0,-0.0131347261219245,0.0018779777622385,62211.0,63157.38584015376,0.0,63039.0,946.3858401537582,895646.1584435347,-1,1,2554
SVR,H6,101,2024-01-02,2024-01-10,63039.0,-0.0157362902330303,0.0021985967170395,62047.0,63177.59733844545,0.0,63039.0,1130.5973384454485,1278250.3416999315,-1,1,2553
SVR,H7,101,2024-01-02,2024-01-11,63039.0,-0.0191786037215057,0.0025301743116198,61830.0,63198.49965843021,0.0,63039.0,1368.4996584302137,1872791.315123611,-1,1,2552
SVR,H1,102,2024-01-03,2024-01-04,62294.0,0.002407936558898,0.0003353813089378,62444.0,62314.89224325898,0.0,62294.0,129.1077567410175,16668.812850697752,1,1,2559
SVR,H2,102,2024-01-03,2024-01-05,62294.0,0.0053456191607539,0.0006405965389298,62627.0,62333.90532079609,0.0,62294.0,293.09467920391035,85904.49097764312,1,1,2558
SVR,H3,102,2024-01-03,2024-01-08,62294.0,-0.0024721482004687,0.001390791217394,62140.0,62380.63794809634,0.0,62294.0,240.6379480963442,57906.62206401884,-1,1,2557
SVR,H4,102,2024-01-03,2024-01-09,62294.0,-0.0013323915625903,0.0016893788525429,62211.0,62399.23816624031,0.0,62294.0,188.23816624031315,35433.60722951577,-1,1,2556
SVR,H5,102,2024-01-03,2024-01-10,62294.0,-0.0039650688669855,0.0018698965550966,62047.0,62410.4833360032,0.0,62294.0,363.4833360031989,132120.1355520144,-1,1,2555
SVR,H6,102,2024-01-03,2024-01-11,62294.0,-0.0074485504221915,0.0021938777251768,61830.0,62430.66541901217,0.0,62294.0,600.6654190121699,360798.9455970656,-1,1,2554
SVR,H7,102,2024-01-03,2024-01-12,62294.0,0.0012521270106269,0.0025240079147162,62372.0,62451.23054903933,0.0,62294.0,79.23054903933371,6277.479901074264,1,1,2553
SVR,H1,103,2024-01-04,2024-01-05,62444.0,0.0029306258407533,0.0003338634456118,62627.0,62464.84776899778,0.0,62444.0,162.1522310022192,26293.346018997057,1,1,2560
SVR,H2,103,2024-01-04,2024-01-08,62444.0,-0.0048683620523989,0.0006369096236572,62140.0,62483.77118453965,0.0,62444.0,343.77118453964795,118178.62731979268,-1,1,2559
SVR,H3,103,2024-01-04,2024-01-09,62444.0,-0.003731343283582,0.0013907909115205,62211.0,62530.846547678986,0.0,62444.0,319.8465476789861,102301.81406216593,-1,1,2558
SVR,H4,103,2024-01-04,2024-01-10,62444.0,-0.0063576964960604,0.0016893812465726,62047.0,62549.491722560975,0.0,62444.0,502.4917225609752,252497.93124229604,-1,1,2557
SVR,H5,103,2024-01-04,2024-01-11,62444.0,-0.0098328101979373,0.001869898868601,61830.0,62560.76396495092,0.0,62444.0,730.763964950922,534015.9724707922,-1,1,2556
SVR,H6,103,2024-01-04,2024-01-12,62444.0,-0.0011530331176734,0.0021913058697312,62372.0,62580.83390372951,0.0,62444.0,208.83390372950817,43611.59934690548,-1,1,2555
SVR,H7,103,2024-01-04,2024-01-15,62444.0,0.0019697649093588,0.002524017932718,62567.0,62601.60977579064,0.0,62444.0,34.609775790639105,1197.8365802783087,1,1,2554
SVR,H1,104,2024-01-05,2024-01-08,62627.0,-0.0077761987641112,0.0003417237864733,62140.0,62648.40113557546,0.0,62627.0,508.4011355754628,258471.71465442007,-1,1,2561
SVR,H2,104,2024-01-05,2024-01-09,62627.0,-0.0066425024350519,0.0006388136060265,62211.0,62667.006979704616,0.0,62627.0,456.0069797046162,207942.3655393263,-1,1,2560
SVR,H3,104,2024-01-05,2024-01-10,62627.0,-0.0092611812796398,0.0013908174859409,62047.0,62714.10272669202,0.0,62627.0,667.102726692021,445026.0479599292,-1,1,2559
SVR,H4,104,2024-01-05,2024-01-11,62627.0,-0.0127261404825395,0.001689499076767,61830.0,62732.80825868069,0.0,62627.0,902.8082586806922,815062.7519420637,-1,1,2558
SVR,H5,104,2024-01-05,2024-01-12,62627.0,-0.0040717262522553,0.0018699040766033,62372.0,62744.10648260544,0.0,62627.0,372.1064826054353,138463.23439698914,-1,1,2557
SVR,H6,104,2024-01-05,2024-01-15,62627.0,-0.0009580532358247,0.0021913107802149,62567.0,62764.23522023252,0.0,62627.0,197.23522023252008,38901.732100170695,-1,1,2556
SVR,H7,104,2024-01-05,2024-01-16,62627.0,-0.0089737653088923,0.0025240822584914,62065.0,62785.07569960255,0.0,62627.0,720.075699602552,518509.0131581048,-1,1,2555
SVR,H1,105,2024-01-08,2024-01-09,62140.0,0.0011425812681042,0.0003540648712109,62211.0,62162.00159109704,0.0,62140.0,48.99840890296037,2400.844075021705,1,1,2562
SVR,H2,105,2024-01-08,2024-01-10,62140.0,-0.0014966205342774,0.0006365850196295,62047.0,62179.55739311978,0.0,62140.0,132.5573931197796,17571.46247071179,-1,1,2561
SVR,H3,105,2024-01-08,2024-01-11,62140.0,-0.0049887351142581,0.0013907894643651,61830.0,62226.42365731565,0.0,62140.0,396.4236573156522,157151.71607951768,-1,1,2560
SVR,H4,105,2024-01-08,2024-01-12,62140.0,0.003733504988735,0.0016857408077659,62372.0,62244.75193379458,0.0,62140.0,127.24806620542222,16192.070353019515,1,1,2559
SVR,H5,105,2024-01-08,2024-01-15,62140.0,0.0068715803025425,0.0018676704239793,62567.0,62256.05704014607,0.0,62140.0,310.9429598539282,96685.5242827216,1,1,2558
SVR,H6,105,2024-01-08,2024-01-16,62140.0,-0.001206952043772,0.002189292383363,62065.0,62276.04262870218,0.0,62140.0,211.0426287021837,44538.99112952778,-1,1,2557
SVR,H7,105,2024-01-08,2024-01-17,62140.0,-0.0093176697779208,0.0025190480061136,61561.0,62296.5336430999,0.0,62140.0,735.5336430999014,541009.7401318131,-1,1,2556
SVR,H1,106,2024-01-09,2024-01-10,62211.0,-0.002636189741364,0.0003160781479343,62047.0,62230.663537661145,0.0,62211.0,183.6635376611448,33732.29506620675,-1,1,2563
SVR,H2,106,2024-01-09,2024-01-11,62211.0,-0.0061243188503641,0.0006336353598437,61830.0,62250.41908937124,0.0,62211.0,420.4190893712366,176752.21070773984,-1,1,2562
SVR,H3,106,2024-01-09,2024-01-12,62211.0,0.0025879667582904,0.0013907883923228,62372.0,62297.52233667479,0.0,62211.0,74.47766332521132,5546.922334383528,1,1,2561
SVR,H4,106,2024-01-09,2024-01-15,62211.0,0.005722460658083,0.0016858360569166,62567.0,62315.877546936834,0.0,62211.0,251.12245306316615,63062.4864324621,1,1,2560
SVR,H5,106,2024-01-09,2024-01-16,62211.0,-0.0023468518429217,0.0018662562757199,62065.0,62327.10166916881,0.0,62211.0,262.1016691688128,68697.2849810778,-1,1,2559
SVR,H6,106,2024-01-09,2024-01-17,62211.0,-0.0104483129993088,0.0021882907623752,61561.0,62347.13575661813,0.0,62211.0,786.1357566181323,618009.4278335633,-1,1,2558
SVR,H7,106,2024-01-09,2024-01-18,62211.0,-0.0067512176303226,0.0025193139209016,61791.0,62367.729038333215,0.0,62211.0,576.7290383332147,332616.3836567546,-1,1,2557
SVR,H1,107,2024-01-10,2024-01-11,62047.0,-0.0034973487839863,0.0005783133781992,61830.0,62082.88261017712,0.0,62047.0,252.8826101771192,63949.61452999283,-1,1,2564
SVR,H2,107,2024-01-10,2024-01-12,62047.0,0.0052379647686431,0.0006327849016841,62372.0,62086.26240479479,0.0,62047.0,285.7375952052098,81645.97331365633,1,1,2563
SVR,H3,107,2024-01-10,2024-01-15,62047.0,0.0083807436298291,0.0013907880800117,62567.0,62133.294228000486,0.0,62047.0,433.7057719995137,188100.69666569412,1,1,2562
SVR,H4,107,2024-01-10,2024-01-16,62047.0,0.0002901026641095,0.001685740137654,62065.0,62151.59511832102,0.0,62047.0,86.59511832101998,7498.714517031451,1,1,2561
SVR,H5,107,2024-01-10,2024-01-17,62047.0,-0.0078327719309555,0.0018659580453765,61561.0,62162.777098841485,0.0,62047.0,601.777098841485,362135.6766900744,-1,1,2560
SVR,H6,107,2024-01-10,2024-01-18,62047.0,-0.0041259045562235,0.0021835230790079,61791.0,62182.48105648321,0.0,62047.0,391.4810564832078,153257.41758520852,-1,1,2559
SVR,H7,107,2024-01-10,2024-01-19,62047.0,-0.0004190371814914,0.0025150593635253,62021.0,62203.05188832865,0.0,62047.0,182.0518883286495,33142.89004402707,-1,1,2558
SVR,H1,108,2024-01-11,2024-01-12,61830.0,0.0087659712113861,0.0003920575737537,62372.0,61854.24091978519,0.0,61830.0,517.7590802148115,268074.4651448877,1,1,2565
SVR,H2,108,2024-01-11,2024-01-15,61830.0,0.0119197800420507,0.0006300449788283,62567.0,61868.95568104096,0.0,61830.0,698.0443189590442,487265.8712309958,1,1,2564
SVR,H3,108,2024-01-11,2024-01-16,61830.0,0.0038007439754164,0.0013910730316328,62065.0,61916.01004554586,0.0,61830.0,148.9899544541404,22198.006528246828,1,1,2563
SVR,H4,108,2024-01-11,2024-01-17,61830.0,-0.0043506388484554,0.0016837888666133,61561.0,61934.10866562271,0.0,61830.0,373.1086656227126,139210.07636276114,-1,1,2562
SVR,H5,108,2024-01-11,2024-01-18,61830.0,-0.0006307617661329,0.0018659780451845,61791.0,61945.37342253377,0.0,61830.0,154.37342253376846,23831.15358478941,-1,1,2561
SVR,H6,108,2024-01-11,2024-01-19,61830.0,0.0030891153161896,0.0021725648054967,62021.0,61964.32968192386,0.0,61830.0,56.67031807613967,3211.5249508508423,1,1,2560
SVR,H7,108,2024-01-11,2024-01-22,61830.0,0.0009380559598899,0.0024923706341981,61888.0,61984.10327631248,0.0,61830.0,96.10327631247492,9235.839717991905,1,1,2559
SVR,H1,109,2024-01-12,2024-01-15,62372.0,0.0031264028730839,0.000313065731123,62567.0,62391.5265357816,0.0,62372.0,175.47346421839757,30790.93664480525,1,1,2566
SVR,H2,109,2024-01-12,2024-01-16,62372.0,-0.0049220804207016,0.000631908607769,62065.0,62411.41340368377,0.0,62372.0,346.4134036837713,120002.2462517755,-1,1,2565
SVR,H3,109,2024-01-12,2024-01-17,62372.0,-0.0130026293849804,0.0013907860858658,61561.0,62458.74610974762,0.0,62372.0,897.7461097476189,805948.0775669838,-1,1,2564
SVR,H4,109,2024-01-12,2024-01-18,62372.0,-0.0093150772782658,0.0016837908440951,61791.0,62477.02140252791,0.0,62372.0,686.0214025279056,470625.36472635466,-1,1,2563
SVR,H5,109,2024-01-12,2024-01-19,62372.0,-0.0056275251715512,0.0018659645887794,62021.0,62488.38394333136,0.0,62372.0,467.3839433313551,218447.75048396736,-1,1,2562
SVR,H6,109,2024-01-12,2024-01-22,62372.0,-0.0077598922593471,0.0021836896450354,61888.0,62508.20109054016,0.0,62372.0,620.2010905401621,384649.3927072064,-1,1,2561
SVR,H7,109,2024-01-12,2024-01-23,62372.0,-0.0059161162059898,0.0025080764111529,62003.0,62528.43374191643,0.0,62372.0,525.4337419164294,276080.6171443009,-1,1,2560
SVR,H1,110,2024-01-15,2024-01-16,62567.0,-0.0080233989163616,0.0003015036015338,62065.0,62585.86417583717,0.0,62567.0,520.8641758371741,271299.48967053863,-1,1,2567
SVR,H2,110,2024-01-15,2024-01-17,62567.0,-0.0160787635654577,0.0006360766150183,61561.0,62606.79740557186,0.0,62567.0,1045.7974055718587,1093692.2135008306,-1,1,2566
SVR,H3,110,2024-01-15,2024-01-18,62567.0,-0.0124027043009893,0.0013907898441396,61791.0,62654.017548178286,0.0,62567.0,863.0175481782862,744799.2884636606,-1,1,2565
SVR,H4,110,2024-01-15,2024-01-19,62567.0,-0.0087266450365208,0.0016837907771867,62021.0,62672.34973755624,0.0,62567.0,651.3497375562438,424256.48061458766,-1,1,2564
SVR,H5,110,2024-01-15,2024-01-22,62567.0,-0.0108523662633657,0.001865803762923,61888.0,62683.737744034814,0.0,62567.0,795.7377440348137,633198.5572816146,-1,1,2563
SVR,H6,110,2024-01-15,2024-01-23,62567.0,-0.0090143366311313,0.0021819906264822,62003.0,62703.52060752711,0.0,62567.0,700.5206075271126,490729.1215701549,-1,1,2562
SVR,H7,110,2024-01-15,2024-01-24,62567.0,-0.0079115188517908,0.0025022354971365,62072.0,62723.557368349335,0.0,62567.0,651.5573683493349,424527.0042503108,-1,1,2561
SVR,H1,111,2024-01-16,2024-01-17,62065.0,-0.008120518810924,0.0003409607123298,61561.0,62086.16172661076,0.0,62065.0,525.1617266107569,275794.83909679134,-1,1,2568
SVR,H2,111,2024-01-16,2024-01-18,62065.0,-0.004414726496415,0.000633930056156,61791.0,62104.34486893532,0.0,62065.0,313.3448689353172,98185.00688809111,-1,1,2567
SVR,H3,111,2024-01-16,2024-01-19,62065.0,-0.000708934181906,0.0013907902378603,62021.0,62151.3193961128,0.0,62065.0,130.31939611279813,16983.145003204383,-1,1,2566
SVR,H4,111,2024-01-16,2024-01-22,62065.0,-0.0028518488681221,0.0016837944516699,61888.0,62169.504702642895,0.0,62065.0,281.5047026428947,79244.89761006457,-1,1,2565
SVR,H5,111,2024-01-16,2024-01-23,62065.0,-0.0009989527108675,0.0018659700841913,62003.0,62180.81143327534,0.0,62065.0,177.81143327533937,31616.905803430465,-1,1,2564
SVR,H6,111,2024-01-16,2024-01-24,62065.0,0.0001127849834849,0.0021837017708069,62072.0,62200.53145040514,0.0,62065.0,128.5314504051421,16520.333743249503,1,1,2563
SVR,H7,111,2024-01-16,2024-01-25,62065.0,-0.000467252074438,0.002508075310082,62036.0,62220.663694120245,0.0,62065.0,184.66369412024503,34100.679926135424,-1,1,2562
SVR,H1,112,2024-01-17,2024-01-18,61561.0,0.0037361316417861,0.0003332014499049,61791.0,61581.5122144576,0.0,61561.0,209.4877855424056,43885.132291460926,1,1,2569
SVR,H2,112,2024-01-17,2024-01-19,61561.0,0.0074722632835724,0.0006274624118224,62021.0,61599.62721353419,0.0,61561.0,421.3727864658067,177555.02517395833,1,1,2568
SVR,H3,112,2024-01-17,2024-01-22,61561.0,0.0053118045515829,0.0013883650355133,61888.0,61646.46913995124,0.0,61561.0,241.5308600487624,58337.156355894855,1,1,2567
SVR,H4,112,2024-01-17,2024-01-23,61561.0,0.0071798703724761,0.0016837974651275,62003.0,61664.65625575072,0.0,61561.0,338.34374424927955,114476.4892726219,1,1,2566
SVR,H5,112,2024-01-17,2024-01-24,61561.0,0.0083007098650118,0.0018659763835217,62072.0,61675.87137214599,0.0,61561.0,396.12862785401376,156917.8898055037,1,1,2565
SVR,H6,112,2024-01-17,2024-01-25,61561.0,0.0077159240428192,0.0021837048681954,62036.0,61695.431055390975,0.0,61561.0,340.5689446090255,115987.20603210547,1,1,2564
SVR,H7,112,2024-01-17,2024-01-29,61561.0,0.0109322460648786,0.0025080778672275,62234.0,61715.39978158439,0.0,61561.0,518.6002184156096,268946.186540718,1,1,2563
SVR,H1,113,2024-01-18,2024-01-19,61791.0,0.0037222249194865,0.0003133117698213,62021.0,61810.35984756903,0.0,61791.0,210.6401524309695,44369.27381614205,1,1,2570
SVR,H2,113,2024-01-18,2024-01-22,61791.0,0.001569807900827,0.0006254300933335,61888.0,61829.64595089717,0.0,61791.0,58.354049102832505,3405.195046695787,1,1,2569
SVR,H3,113,2024-01-18,2024-01-23,61791.0,0.0034309203605702,0.001386756745968,62003.0,61876.68908609011,0.0,61791.0,126.31091390988875,15954.446972751331,1,1,2568
SVR,H4,113,2024-01-18,2024-01-24,61791.0,0.0045475878364162,0.0016837997961658,62072.0,61895.04367320488,0.0,61791.0,176.95632679511618,31313.541592819955,1,1,2567
SVR,H5,113,2024-01-18,2024-01-25,61791.0,0.0039649787185835,0.0018659833993282,62036.0,61906.30098022789,0.0,61791.0,129.69901977210975,16821.835729846116,1,1,2566
SVR,H6,113,2024-01-18,2024-01-29,61791.0,0.0071693288666634,0.0021837103347665,62234.0,61925.93364529556,0.0,61791.0,308.0663547044387,94904.87890088104,1,1,2565
SVR,H7,113,2024-01-18,2024-01-30,61791.0,0.0093864802317489,0.0025080777385887,62371.0,61945.97663154514,0.0,61791.0,425.0233684548584,180644.86373271435,1,1,2564
SVR,H1,114,2024-01-19,2024-01-22,62021.0,-0.0021444349494526,0.0004042202845418,61888.0,62046.07014626757,0.0,62021.0,158.07014626756427,24986.171141049163,-1,1,2571
SVR,H2,114,2024-01-19,2024-01-23,62021.0,-0.0002902242788732,0.0006281297718009,62003.0,62059.95723657687,0.0,62021.0,56.95723657686904,3244.126798473428,-1,1,2570
SVR,H3,114,2024-01-19,2024-01-24,62021.0,0.0008223021234743,0.0013867841561086,62072.0,62107.00974014601,0.0,62021.0,35.00974014600797,1225.681905091002,1,1,2569
SVR,H4,114,2024-01-19,2024-01-25,62021.0,0.0002418535657278,0.0016838005597309,62036.0,62125.43099451508,0.0,62021.0,89.4309945150817,7997.902779956572,1,1,2568
SVR,H5,114,2024-01-19,2024-01-29,62021.0,0.0034343206333338,0.0018659484257214,62234.0,62136.72798731167,0.0,62021.0,97.27201268832869,9461.844452438378,1,1,2567
SVR,H6,114,2024-01-19,2024-01-30,62021.0,0.0056432498669805,0.0021836946979548,62371.0,62156.434928861854,0.0,62021.0,214.56507113814587,46038.1697525176,1,1,2566
SVR,H7,114,2024-01-19,2024-01-31,62021.0,0.0136082939649473,0.0024934201310328,62865.0,62175.64440994679,0.0,62021.0,689.3555900532083,475211.12953760696,1,1,2565
SVR,H1,115,2024-01-22,2024-01-23,61888.0,0.0018581954498448,0.0003262556029901,62003.0,61908.19130675786,0.0,61888.0,94.80869324214292,8988.688314282754,1,1,2572
SVR,H2,115,2024-01-22,2024-01-24,61888.0,0.0029731127197518,0.0006285605773144,62072.0,61926.90035700883,0.0,61888.0,145.09964299116837,21053.906396164515,1,1,2571
SVR,H3,115,2024-01-22,2024-01-25,61888.0,0.0023914167528438,0.0013867581188836,62036.0,61973.82368646148,0.0,61888.0,62.17631353851903,3865.893965240224,1,1,2570
SVR,H4,115,2024-01-22,2024-01-29,61888.0,0.0055907445708376,0.0016838010183099,62234.0,61992.20707742117,0.0,61888.0,241.79292257883208,58463.81740921308,1,1,2569
SVR,H5,115,2024-01-22,2024-01-30,61888.0,0.0078044208893484,0.0018659884223698,62371.0,62003.48229148362,0.0,61888.0,367.5177085163814,135069.26607313188,1,1,2568
SVR,H6,115,2024-01-22,2024-01-31,61888.0,0.01578658221303,0.0021837250906119,62865.0,62023.146378407786,0.0,61888.0,841.853621592214,708717.5201879267,1,1,2567
SVR,H7,115,2024-01-22,2024-02-01,61888.0,0.0192444415718717,0.0025080872102535,63079.0,62043.22050126818,0.0,61888.0,1035.779498731819,1072839.1699931389,1,1,2566
SVR,H1,116,2024-01-23,2024-01-24,62003.0,0.0011128493782559,0.000324668175445,62072.0,62023.13040088212,0.0,62003.0,48.8695991178829,2388.237717942581,1,1,2573
SVR,H2,116,2024-01-23,2024-01-25,62003.0,0.0005322323113396,0.0006282039836065,62036.0,62041.950531595554,0.0,62003.0,5.950531595553912,35.408826269685385,1,1,2572
SVR,H3,116,2024-01-23,2024-01-29,62003.0,0.0037256261793783,0.0013867458496868,62234.0,62088.98240291813,0.0,62003.0,145.01759708186728,21030.1034633988,1,1,2571
SVR,H4,116,2024-01-23,2024-01-30,62003.0,0.0059351966840313,0.001683799368581,62371.0,62107.40061225012,0.0,62003.0,263.5993877498768,69484.63722210989,1,1,2570
SVR,H5,116,2024-01-23,2024-01-31,62003.0,0.0139025531022691,0.0018659943249432,62865.0,62118.69724612946,0.0,62003.0,746.3027538705428,556967.800434756,1,1,2569
SVR,H6,116,2024-01-23,2024-02-01,62003.0,0.0173539990000484,0.0021836452838505,63079.0,62138.39255853459,0.0,62003.0,940.6074414654069,884742.3589400986,1,1,2568
SVR,H7,116,2024-01-23,2024-02-02,62003.0,0.0102575681821848,0.0025079907303535,62639.0,62158.502949254114,0.0,62003.0,480.4970507458856,230877.4157754942,1,1,2567
SVR,H1,117,2024-01-24,2024-01-25,62072.0,-0.0005799716458306,0.0002463951825586,62036.0,62087.29424177178,0.0,62072.0,51.294241771778616,2631.0992389416783,-1,1,2574
SVR,H2,117,2024-01-24,2024-01-29,62072.0,0.002609872406238,0.0006291391478645,62234.0,62111.05192518625,0.0,62072.0,122.94807481375028,15116.229100407536,1,1,2573
SVR,H3,117,2024-01-24,2024-01-30,62072.0,0.0048169867250933,0.0013866116321866,62371.0,62158.06975723308,0.0,62072.0,212.9302427669172,45339.288284778304,1,1,2572
SVR,H4,117,2024-01-24,2024-01-31,62072.0,0.0127754865317695,0.0016838082297717,62865.0,62176.51734443838,0.0,62072.0,688.4826555616164,474008.36700917536,1,1,2571
SVR,H5,117,2024-01-24,2024-02-01,62072.0,0.0162230957597628,0.0018659686957356,63079.0,62187.8244088817,0.0,62072.0,891.175591118299,794193.9342050498,1,1,2570
SVR,H6,117,2024-01-24,2024-02-02,62072.0,0.0091345534218327,0.0021836972288131,62639.0,62207.546454386895,0.0,62072.0,431.4535456131052,186152.16202211988,1,1,2569
SVR,H7,117,2024-01-24,2024-02-05,62072.0,0.0075718520427889,0.002507984986193,62542.0,62227.675644062976,0.0,62072.0,314.32435593702394,98799.80073522493,1,1,2568
SVR,H1,118,2024-01-25,2024-01-29,62036.0,0.0031916951447545,0.0008346472318584,62234.0,62087.778175675565,0.0,62036.0,146.22182432443515,21380.82190876597,1,1,2575
SVR,H2,118,2024-01-25,2024-01-30,62036.0,0.0054000902701656,0.0006291394098595,62371.0,62075.02929243005,0.0,62036.0,295.970707569948,87598.65973945567,1,1,2574
SVR,H3,118,2024-01-25,2024-01-31,62036.0,0.013363208459604,0.0013931612978495,62865.0,62122.4261542734,0.0,62036.0,742.5738457266052,551415.9163572001,1,1,2573
SVR,H4,118,2024-01-25,2024-02-01,62036.0,0.0168128183635307,0.0016838979327237,63079.0,62140.46229215446,0.0,62036.0,938.5377078455422,880853.0290479643,1,1,2572
SVR,H5,118,2024-01-25,2024-02-02,62036.0,0.0097201624862983,0.0018664140974207,62639.0,62151.78486494759,0.0,62036.0,487.2151350524073,237378.58782413547,1,1,2571
SVR,H6,118,2024-01-25,2024-02-05,62036.0,0.0081565542588175,0.0021866051806568,62542.0,62171.64823898723,0.0,62036.0,370.3517610127674,137160.42688525797,1,1,2570
SVR,H7,118,2024-01-25,2024-02-06,62036.0,0.0046102263202012,0.0025093892218581,62322.0,62191.6724697672,0.0,62036.0,130.32753023280384,16985.2651365824,1,1,2569
SVR,H1,119,2024-01-29,2024-01-30,62234.0,0.0022013690265771,0.0002989636270435,62371.0,62252.60570236544,0.0,62234.0,118.39429763456428,14017.209712381791,1,1,2576
SVR,H2,119,2024-01-29,2024-01-31,62234.0,0.0101391522318989,0.0006299275022848,62865.0,62273.202908177205,0.0,62234.0,591.7970918227948,350223.7978899174,1,1,2575
SVR,H3,119,2024-01-29,2024-02-01,62234.0,0.0135777870617348,0.0013867269414839,63079.0,62320.30156447632,0.0,62234.0,758.6984355236855,575623.3160660879,1,1,2574
SVR,H4,119,2024-01-29,2024-02-02,62234.0,0.0065076967573995,0.001683757335801,62639.0,62338.78695403624,0.0,62234.0,300.2130459637556,90127.87296683602,1,1,2573
SVR,H5,119,2024-01-29,2024-02-05,62234.0,0.0049490632130346,0.0018665431561118,62542.0,62350.16244677746,0.0,62234.0,191.83755322254,36801.64682641087,1,1,2572
SVR,H6,119,2024-01-29,2024-02-06,62234.0,0.001414018060867,0.0021843398019807,62322.0,62369.94020323647,0.0,62234.0,47.940203236466914,2298.263086353753,1,1,2571
SVR,H7,119,2024-01-29,2024-02-07,62234.0,0.0011408554809269,0.0025073351249158,62305.0,62390.04149416401,0.0,62234.0,85.04149416401197,7232.055729647681,1,1,2570
SVR,H1,120,2024-01-30,2024-01-31,62371.0,0.0079203475974412,0.0003140456313518,62865.0,62390.58734007304,0.0,62371.0,474.4126599269584,225067.3718989719,1,1,2577
SVR,H2,120,2024-01-30,2024-02-01,62371.0,0.0113514293501788,0.0006318433103739,63079.0,62410.408699111336,0.0,62371.0,668.5913008886637,447014.3276239956,1,1,2576
SVR,H3,120,2024-01-30,2024-02-02,62371.0,0.0042968687370732,0.0013867270091946,62639.0,62457.49155029047,0.0,62371.0,181.5084497095304,32945.31731595712,1,1,2575
SVR,H4,120,2024-01-30,2024-02-05,62371.0,0.0027416587837296,0.0016836504474482,62542.0,62476.01096205779,0.0,62371.0,65.98903794220678,4354.553128538006,1,1,2574
SVR,H5,120,2024-01-30,2024-02-06,62371.0,-0.0007856215228231,0.0018659206048711,62322.0,62487.379334046425,0.0,62371.0,165.37933404642536,27350.324129639142,-1,1,2573
SVR,H6,120,2024-01-30,2024-02-07,62371.0,-0.0010581840919657,0.0021827949534489,62305.0,62507.14310404156,0.0,62371.0,202.1431040415628,40861.83451155807,-1,1,2572
SVR,H7,120,2024-01-30,2024-02-08,62371.0,-0.0024370300299818,0.0025070268273462,62219.0,62527.365770248405,0.0,62371.0,308.3657702484052,95089.4482608922,-1,1,2571
SVR,H1,121,2024-01-31,2024-02-01,62865.0,0.0034041199395529,0.0005808374362862,63079.0,62901.514345432144,0.0,62865.0,177.48565456785582,31501.15757738024,1,1,2578
SVR,H2,121,2024-01-31,2024-02-02,62865.0,-0.0035950051698083,0.0006352737387631,62639.0,62904.93648358734,0.0,62865.0,265.9364835873421,70722.21330280066,-1,1,2577
SVR,H3,121,2024-01-31,2024-02-05,62865.0,-0.0051379941143721,0.0013870806617782,62542.0,62952.19882580268,0.0,62865.0,410.19882580268313,168263.0766899,-1,1,2576
SVR,H4,121,2024-01-31,2024-02-06,62865.0,-0.0086375566690527,0.0016843165140862,62322.0,62970.88455765804,0.0,62865.0,648.8845576580352,421051.169167064,-1,1,2575
SVR,H5,121,2024-01-31,2024-02-07,62865.0,-0.0089079774119144,0.0018633610386559,62305.0,62982.14019169512,0.0,62865.0,677.1401916951145,458518.8392088964,-1,1,2574
SVR,H6,121,2024-01-31,2024-02-08,62865.0,-0.010275988228744,0.0021822867074559,62219.0,63002.189453864215,0.0,62865.0,783.1894538642155,613385.720644128,-1,1,2573
SVR,H7,121,2024-01-31,2024-02-09,62865.0,-0.0120893979161695,0.0025062000521908,62105.0,63022.55226628098,0.0,62865.0,917.5522662809816,841902.1613573655,-1,1,2572
SVR,H1,122,2024-02-01,2024-02-02,63079.0,-0.0069753800789486,0.0003309112987904,62639.0,63099.8735538164,0.0,63079.0,460.87355381639645,212404.4326073549,-1,1,2579
SVR,H2,122,2024-02-01,2024-02-05,63079.0,-0.0085131343236258,0.0006386719756881,62542.0,63119.28678955443,0.0,63079.0,577.2867895544332,333260.0373940644,-1,1,2578
SVR,H3,122,2024-02-01,2024-02-06,63079.0,-0.0120008243631002,0.0013867419287262,62322.0,63166.47429412213,0.0,63079.0,844.4742941221266,713136.8334330639,-1,1,2577
SVR,H4,122,2024-02-01,2024-02-07,63079.0,-0.0122703276843323,0.0016862638716495,62305.0,63185.367838759776,0.0,63079.0,880.3678387597756,775047.5315225583,-1,1,2576
SVR,H5,122,2024-02-01,2024-02-08,63079.0,-0.0136336974270359,0.0018671002196368,62219.0,63196.77481475448,0.0,63079.0,977.7748147544772,956043.588368152,-1,1,2575
SVR,H6,122,2024-02-01,2024-02-09,63079.0,-0.0154409549929454,0.0021867345092237,62105.0,63216.93702610732,0.0,63079.0,1111.93702610732,1236403.9500283909,-1,1,2574
SVR,H7,122,2024-02-01,2024-02-12,63079.0,-0.0193883859921685,0.0025104284507304,61856.0,63237.35531624363,0.0,63079.0,1381.3553162436292,1908142.5097145368,-1,1,2573
SVR,H1,123,2024-02-02,2024-02-05,62639.0,-0.0015485560114305,0.0003513375344615,62542.0,62661.007431821134,0.0,62639.0,119.00743182113364,14162.768828661774,-1,1,2580
SVR,H2,123,2024-02-02,2024-02-06,62639.0,-0.0050607449033349,0.0006369710332266,62322.0,62678.89922855028,0.0,62639.0,356.8992285502827,127377.05933978694,-1,1,2579
SVR,H3,123,2024-02-02,2024-02-07,62639.0,-0.0053321413177094,0.0013867445398625,62305.0,62725.86429123245,0.0,62639.0,420.8642912324504,177126.75163459277,-1,1,2578
SVR,H4,123,2024-02-02,2024-02-08,62639.0,-0.0067050878845448,0.0016865153476368,62219.0,62744.64163486063,0.0,62639.0,525.641634860629,276299.1282989548,-1,1,2577
SVR,H5,123,2024-02-02,2024-02-09,62639.0,-0.0085250403103497,0.0018669459564615,62105.0,62755.94362776679,0.0,62639.0,650.9436277667919,423727.6065301917,-1,1,2576
SVR,H6,123,2024-02-02,2024-02-12,62639.0,-0.012500199556187,0.0021861332383884,61856.0,62775.93719991942,0.0,62639.0,919.9371999194192,846284.4517955813,-1,1,2575
SVR,H7,123,2024-02-02,2024-02-13,62639.0,-0.0219032870895129,0.0025101274278005,61267.0,62796.23187195,0.0,62639.0,1529.2318719499965,2338550.1181876897,-1,1,2574
SVR,H1,124,2024-02-05,2024-02-06,62542.0,-0.0035176361485081,0.0003283149458232,62322.0,62562.53347334168,0.0,62542.0,240.5334733416821,57856.351797813695,-1,1,2581
SVR,H2,124,2024-02-05,2024-02-07,62542.0,-0.0037894534872565,0.0006342126185334,62305.0,62581.66492558832,0.0,62542.0,276.6649255883167,76543.48105078882,-1,1,2580
SVR,H3,124,2024-02-05,2024-02-08,62542.0,-0.0051645294362188,0.0013856741254318,62219.0,62628.66283115276,0.0,62542.0,409.6628311527602,167823.6352280949,-1,1,2579
SVR,H4,124,2024-02-05,2024-02-09,62542.0,-0.0069873045313548,0.0016840830571695,62105.0,62647.325922561504,0.0,62542.0,542.3259225615038,294117.4062821863,-1,1,2578
SVR,H5,124,2024-02-05,2024-02-12,62542.0,-0.0109686290812573,0.0018644463268292,61856.0,62658.60620217255,0.0,62542.0,802.6062021725447,644176.7157658357,-1,1,2577
SVR,H6,124,2024-02-05,2024-02-13,62542.0,-0.0203863004061271,0.0021825003995367,61267.0,62678.49793998783,0.0,62542.0,1411.4979399878284,1992326.4345898835,-1,1,2576
SVR,H7,124,2024-02-05,2024-02-14,62542.0,-0.0219372581625147,0.0025066629478623,61170.0,62698.7717140852,0.0,62542.0,1528.7717140852037,2337142.953787012,-1,1,2575
SVR,H1,125,2024-02-06,2024-02-07,62322.0,-0.0002727768685215,0.0003009514597953,62305.0,62340.75589687737,0.0,62322.0,35.75589687736647,1278.4841615048651,-1,1,2582
SVR,H2,125,2024-02-06,2024-02-08,62322.0,-0.0016527069092776,0.0006319253718445,62219.0,62361.38285302409,0.0,62322.0,142.3828530240935,20272.87683528061,-1,1,2581
SVR,H3,125,2024-02-06,2024-02-09,62322.0,-0.0034819164981868,0.0013856909458787,62105.0,62408.35903112905,0.0,62322.0,303.3590311290536,92026.70176755812,-1,1,2580
SVR,H4,125,2024-02-06,2024-02-12,62322.0,-0.0074772953371201,0.0016865215276409,61856.0,62427.10739464564,0.0,62322.0,571.1073946456381,326163.65621892863,-1,1,2579
SVR,H5,125,2024-02-06,2024-02-13,62322.0,-0.0169282115464843,0.0018670925083301,61267.0,62438.36093930416,0.0,62322.0,1171.3609393041552,1372086.450127513,-1,1,2578
SVR,H6,125,2024-02-06,2024-02-14,62322.0,-0.018484644266872,0.0021867555202079,61170.0,62458.2829775304,0.0,62322.0,1288.282977530398,1659673.030194588,-1,1,2577
SVR,H7,125,2024-02-06,2024-02-15,62322.0,-0.0163024293186996,0.0025112699731504,61306.0,62478.50736726669,0.0,62322.0,1172.507367266684,1374773.5262946507,-1,1,2576
SVR,H1,126,2024-02-07,2024-02-08,62305.0,-0.0013803065564561,-0.0001086290161171,62219.0,62298.231869150826,0.0,62305.0,79.23186915082624,6277.689089133651,-1,-1,2583
SVR,H2,126,2024-02-07,2024-02-09,62305.0,-0.0032100152475724,0.0006305461629797,62105.0,62344.28617868445,0.0,62305.0,239.28617868444417,57257.87530940374,-1,1,2582
SVR,H3,126,2024-02-07,2024-02-12,62305.0,-0.0072064842308,0.0013632603580399,61856.0,62389.93793660768,0.0,62305.0,533.9379366076828,285089.7201488699,-1,1,2581
SVR,H4,126,2024-02-07,2024-02-13,62305.0,-0.0166599791349009,0.00166283208807,61267.0,62408.60275324721,0.0,62305.0,1141.6027532472071,1303256.8462216037,-1,1,2580
SVR,H5,126,2024-02-07,2024-02-14,62305.0,-0.0182168365299735,0.0018671057367057,61170.0,62421.33002292546,0.0,62305.0,1251.33002292546,1565826.8262746325,-1,1,2579
SVR,H6,126,2024-02-07,2024-02-15,62305.0,-0.0160340261616243,0.0021868095879721,61306.0,62441.24917137859,0.0,62305.0,1135.249171378593,1288790.681115782,-1,1,2578
SVR,H7,126,2024-02-07,2024-02-16,62305.0,-0.0129524115239547,0.0025113282800323,61498.0,62461.468308487405,0.0,62305.0,963.468308487405,928271.1814595816,-1,1,2577
SVR,H1,127,2024-02-08,2024-02-09,62219.0,-0.001832237740883,0.0002575964342797,62105.0,62235.02739254445,0.0,62219.0,130.02739254444896,16907.12281190822,-1,1,2584
SVR,H2,127,2024-02-08,2024-02-12,62219.0,-0.0058342307012327,0.0006296514803913,61856.0,62258.17628545848,0.0,62219.0,402.176285458474,161745.764585176,-1,1,2583
SVR,H3,127,2024-02-08,2024-02-13,62219.0,-0.0153007923624616,0.0013853800550481,61267.0,62305.19696164504,0.0,62219.0,1038.196961645037,1077852.9311689865,-1,1,2582
SVR,H4,127,2024-02-08,2024-02-14,62219.0,-0.0168598016683007,0.0016847720018336,61170.0,62323.824829182086,0.0,62219.0,1153.8248291820855,1331311.7364370688,-1,1,2581
SVR,H5,127,2024-02-08,2024-02-15,62219.0,-0.014673974187949,0.0018644438912557,61306.0,62335.00383447005,0.0,62219.0,1029.0038344700442,1058848.8913540542,-1,1,2580
SVR,H6,127,2024-02-08,2024-02-16,62219.0,-0.0115881000980407,0.0021864176926832,61498.0,62355.03672242106,0.0,62219.0,857.036722421064,734511.94357824,-1,1,2579
SVR,H7,127,2024-02-08,2024-02-19,62219.0,-0.0092897667914945,0.0025111525134232,61641.0,62375.24139823268,0.0,62219.0,734.2413982326761,539110.4308786753,-1,1,2578
SVR,H1,128,2024-02-09,2024-02-12,62105.0,-0.004009339022623,0.0003116430658508,61856.0,62124.35459260466,0.0,62105.0,268.3545926046572,72014.18737201155,-1,1,2585
SVR,H2,128,2024-02-09,2024-02-13,62105.0,-0.0134932775138877,0.0006280744491532,61267.0,62144.00656366467,0.0,62105.0,877.0065636646686,769140.5127109105,-1,1,2584
SVR,H3,128,2024-02-09,2024-02-14,62105.0,-0.0150551485387649,0.0013831547095493,61170.0,62190.90082323656,0.0,62105.0,1020.9008232365596,1042238.490885085,-1,1,2583
SVR,H4,128,2024-02-09,2024-02-15,62105.0,-0.0128653087513083,0.0016826777048805,61306.0,62209.50269886161,0.0,62105.0,903.5026988616082,816317.1268502099,-1,1,2582
SVR,H5,128,2024-02-09,2024-02-16,62105.0,-0.0097737702278399,0.0018630117595946,61498.0,62220.70234532964,0.0,62105.0,722.7023453296351,522298.6799449552,-1,1,2581
SVR,H6,128,2024-02-09,2024-02-19,62105.0,-0.0074712180983818,0.0021765903309454,61641.0,62240.177142503366,0.0,62105.0,599.1771425033658,359013.2480984987,-1,1,2580
SVR,H7,128,2024-02-09,2024-02-20,62105.0,-0.0047500201272039,0.0025009378305966,61810.0,62260.320743969205,0.0,62105.0,450.320743969205,202788.77244897836,-1,1,2579
SVR,H1,129,2024-02-12,2024-02-13,61856.0,-0.0095221158820486,0.0003777483384071,61267.0,61879.36600122051,0.0,61856.0,612.3660012205073,374992.1194507944,-1,1,2586
SVR,H2,129,2024-02-12,2024-02-14,61856.0,-0.0110902741852043,0.000625518135985,61170.0,61894.692049819496,0.0,61856.0,724.6920498194959,525178.5670715827,-1,1,2585
SVR,H3,129,2024-02-12,2024-02-15,61856.0,-0.0088916192446973,0.0013768566332472,61306.0,61941.16684390614,0.0,61856.0,635.1668439061395,403436.9195976863,-1,1,2584
SVR,H4,129,2024-02-12,2024-02-16,61856.0,-0.0057876357992757,0.0016766742649904,61498.0,61959.71236333525,0.0,61856.0,461.712363335253,213178.3064566247,-1,1,2583
SVR,H5,129,2024-02-12,2024-02-19,61856.0,-0.0034758147956543,0.0018571411599131,61641.0,61970.87532358759,0.0,61856.0,329.8753235875847,108817.72911201372,-1,1,2582
SVR,H6,129,2024-02-12,2024-02-20,61856.0,-0.0007436627004655,0.0021588115041753,61810.0,61989.53544440227,0.0,61856.0,179.53544440226688,32232.97579671946,-1,1,2581
SVR,H7,129,2024-02-12,2024-02-21,61856.0,-0.0018106570098292,0.0024698792678335,61744.0,62008.77685199111,0.0,61856.0,264.77685199111147,70106.78135032296,-1,1,2580
SVR,H1,130,2024-02-13,2024-02-14,61267.0,-0.0015832340411641,-0.0001214872533202,61170.0,61259.55684045082,0.0,61267.0,89.55684045082307,8020.42767153418,-1,-1,2587
SVR,H2,130,2024-02-13,2024-02-15,61267.0,0.0006365580165506,0.0006196585984089,61306.0,61304.96462334873,0.0,61267.0,1.0353766512707807,1.072004809996696,1,1,2586
SVR,H3,130,2024-02-13,2024-02-16,61267.0,0.0037703820980299,0.0013796210193884,61498.0,61351.52524099487,0.0,61267.0,146.47475900513382,21454.855025612032,1,1,2585
SVR,H4,130,2024-02-13,2024-02-19,61267.0,0.006104428158715,0.0016784033728132,61641.0,61369.83073944215,0.0,61267.0,271.16926055785007,73532.76787149117,1,1,2584
SVR,H5,130,2024-02-13,2024-02-20,61267.0,0.008862846230434,0.0018451299531379,61810.0,61380.0455768389,0.0,61267.0,429.95442316109984,184860.8059957941,1,1,2583
SVR,H6,130,2024-02-13,2024-02-21,61267.0,0.0077855942024254,0.0021185146698174,61744.0,61396.79503827571,0.0,61267.0,347.2049617242883,120551.2854459645,1,1,2582
SVR,H7,130,2024-02-13,2024-02-22,61267.0,0.0064308681672025,0.0024039494047726,61661.0,61414.28276818221,0.0,61267.0,246.7172318177909,60869.39247583357,1,1,2581
SVR,H1,131,2024-02-14,2024-02-15,61170.0,0.0022233120810855,0.0002625750661298,61306.0,61186.06171679517,0.0,61170.0,119.9382832048359,14385.19177812342,1,1,2588
SVR,H2,131,2024-02-14,2024-02-16,61170.0,0.0053621056073238,0.0006151312006446,61498.0,61207.62757554343,0.0,61170.0,290.3724244565674,84316.14488478494,1,1,2587
SVR,H3,131,2024-02-14,2024-02-19,61170.0,0.0076998528690535,0.001374917380628,61641.0,61254.10369617302,0.0,61170.0,386.8963038269794,149688.74991497837,1,1,2586
SVR,H4,131,2024-02-14,2024-02-20,61170.0,0.0104626450874611,0.001672402031139,61810.0,61272.30083224477,0.0,61170.0,537.6991677552287,289120.3950046656,1,1,2585
SVR,H5,131,2024-02-14,2024-02-21,61170.0,0.0093836848128168,0.0018525693747843,61744.0,61283.32166865556,0.0,61170.0,460.67833134443936,212224.52497029703,1,1,2584
SVR,H6,131,2024-02-14,2024-02-22,61170.0,0.0080268105280365,0.002165057762644,61661.0,61302.43658334093,0.0,61170.0,358.563416659068,128567.72376622442,1,1,2583
SVR,H7,131,2024-02-14,2024-02-23,61170.0,0.0120974333823768,0.00248432172702,61910.0,61321.965960041816,0.0,61170.0,588.0340399581837,345784.0321495428,1,1,2582
SVR,H1,132,2024-02-15,2024-02-16,61306.0,0.0031318304896748,0.000543526617899,61498.0,61339.32144283692,0.0,61306.0,158.6785571630826,25178.88450335767,1,1,2589
SVR,H2,132,2024-02-15,2024-02-19,61306.0,0.0054643917397971,0.0006153827007275,61641.0,61343.7266518508,0.0,61306.0,297.27334814919595,88371.44351983306,1,1,2588
SVR,H3,132,2024-02-15,2024-02-20,61306.0,0.0082210550353962,0.0013748342924965,61810.0,61390.28559113578,0.0,61306.0,419.7144088642162,176160.18500823848,1,1,2587
SVR,H4,132,2024-02-15,2024-02-21,61306.0,0.0071444883045705,0.0016703020083395,61744.0,61408.39953492327,0.0,61306.0,335.6004650767354,112627.67215972111,1,1,2586
SVR,H5,132,2024-02-15,2024-02-22,61306.0,0.0057906240824714,0.0018491544507628,61661.0,61419.36426275846,0.0,61306.0,241.63573724153684,58387.82951226104,1,1,2585
SVR,H6,132,2024-02-15,2024-02-23,61306.0,0.0098522167487684,0.0021603483907643,61910.0,61438.442318444206,0.0,61306.0,471.5576815557943,222366.64703427587,1,1,2584
SVR,H7,132,2024-02-15,2024-02-26,61306.0,0.0075033438815124,0.0024961306862838,61766.0,61459.02778785332,0.0,61306.0,306.9722121466839,94231.93903022868,1,1,2583
SVR,H1,133,2024-02-16,2024-02-19,61498.0,0.0023252788708576,0.0006080413373303,61641.0,61535.39332616315,0.0,61498.0,105.6066738368536,11152.769558883576,1,1,2590
SVR,H2,133,2024-02-16,2024-02-20,61498.0,0.0050733357182346,0.0006170470868248,61810.0,61535.94716174557,0.0,61498.0,274.0528382544362,75104.95815531217,1,1,2589
SVR,H3,133,2024-02-16,2024-02-21,61498.0,0.0040001300855312,0.0013750426078209,61744.0,61582.562370295775,0.0,61498.0,161.4376297042254,26062.1082845186,1,1,2588
SVR,H4,133,2024-02-16,2024-02-22,61498.0,0.0026504926989494,0.0016704847225216,61661.0,61600.73146946563,0.0,61498.0,60.26853053436935,3632.2957727722105,1,1,2587
SVR,H5,133,2024-02-16,2024-02-23,61498.0,0.0066994048586945,0.0018494755715682,61910.0,61611.73904870031,0.0,61498.0,298.26095129969326,88959.59507019799,1,1,2586
SVR,H6,133,2024-02-16,2024-02-26,61498.0,0.0043578652964324,0.0021595639901261,61766.0,61630.80886626478,0.0,61498.0,135.19113373522123,18276.64264061447,1,1,2585
SVR,H7,133,2024-02-16,2024-02-27,61498.0,0.0055448957689681,0.0024807451719774,61839.0,61650.56086658628,0.0,61498.0,188.43913341372536,35509.30700171579,1,1,2584
SVR,H1,134,2024-02-19,2024-02-20,61641.0,0.0027416816729124,0.0002181481752816,61810.0,61654.44687167254,0.0,61641.0,155.5531283274613,24196.77573245965,1,1,2591
SVR,H2,134,2024-02-19,2024-02-21,61641.0,0.0016709657533136,0.0006189448984974,61744.0,61679.15238248828,0.0,61641.0,64.84761751171754,4205.213496946016,1,1,2590
SVR,H3,134,2024-02-19,2024-02-22,61641.0,0.0003244593695754,0.0013574130632443,61661.0,61724.67229863144,0.0,61641.0,63.67229863144166,4054.161613011488,1,1,2589
SVR,H4,134,2024-02-19,2024-02-23,61641.0,0.0043639785207896,0.0016540072009727,61910.0,61742.95465787516,0.0,61641.0,167.0453421248385,27904.146325604343,1,1,2588
SVR,H5,134,2024-02-19,2024-02-26,61641.0,0.0020278710598464,0.0018375473025459,61766.0,61754.26825327624,0.0,61641.0,11.731746723758988,137.63388119042975,1,1,2587
SVR,H6,134,2024-02-19,2024-02-27,61641.0,0.0032121477587969,0.0021253890922452,61839.0,61772.01110903509,0.0,61641.0,66.98889096490893,4487.511512708457,1,1,2586
SVR,H7,134,2024-02-19,2024-02-28,61641.0,0.0024496682402945,0.0024019859643357,61792.0,61789.06081682762,0.0,61641.0,2.939183172376943,8.63879772078379,1,1,2585
SVR,H1,135,2024-02-20,2024-02-21,61810.0,-0.0010677883837566,0.0001868231452495,61744.0,61821.54753860788,0.0,61810.0,77.54753860787605,6013.6207441400265,-1,1,2592
SVR,H2,135,2024-02-20,2024-02-22,61810.0,-0.00241061316939,0.0006207467622642,61661.0,61848.36835737556,0.0,61810.0,187.3683573755552,35106.901345613776,-1,1,2591
SVR,H3,135,2024-02-20,2024-02-23,61810.0,0.0016178611875101,0.0013741929436641,61910.0,61894.93886584788,0.0,61810.0,15.061134152121667,226.83776194820567,1,1,2590
SVR,H4,135,2024-02-20,2024-02-26,61810.0,-0.0007118589225044,0.0016682895063664,61766.0,61913.11697438851,0.0,61810.0,147.11697438851115,21643.404153229847,-1,1,2589
SVR,H5,135,2024-02-20,2024-02-27,61810.0,0.0004691797443778,0.0018425022609633,61839.0,61923.88506475015,0.0,61810.0,84.88506475014583,7205.47421763645,1,1,2588
SVR,H6,135,2024-02-20,2024-02-28,61810.0,-0.0002912150137518,0.002146987464512,61792.0,61942.70529518149,0.0,61810.0,150.70529518148396,22712.085995738213,-1,1,2587
SVR,H7,135,2024-02-20,2024-02-29,61810.0,0.0078142695356737,0.0024622643791546,62293.0,61962.19256127556,0.0,61810.0,330.80743872444145,109433.56151542508,1,1,2586
SVR,H1,136,2024-02-21,2024-02-22,61744.0,-0.0013442601710287,0.0004634393016163,61661.0,61772.614596239,0.0,61744.0,111.6145962390001,12457.818093595011,-1,1,2593
SVR,H2,136,2024-02-21,2024-02-23,61744.0,0.0026885203420574,0.000621153586169,61910.0,61782.35250702442,0.0,61744.0,127.64749297557864,16293.8824629504,1,1,2592
SVR,H3,136,2024-02-21,2024-02-26,61744.0,0.0003563099248509,0.0013785025785379,61766.0,61829.11426320925,0.0,61744.0,63.11426320925239,3983.410220446789,1,1,2591
SVR,H4,136,2024-02-21,2024-02-27,61744.0,0.0015386110391293,0.0016698894378943,61839.0,61847.10565345335,0.0,61744.0,8.105653453349078,65.70161790578983,1,1,2590
SVR,H5,136,2024-02-21,2024-02-28,61744.0,0.0007774034724021,0.0018479303426553,61792.0,61858.09861107691,0.0,61744.0,66.09861107690813,4369.026386296362,1,1,2589
SVR,H6,136,2024-02-21,2024-02-29,61744.0,0.0088915522155998,0.0021583723552709,62293.0,61877.26654270385,0.0,61744.0,415.7334572961481,172834.3075154082,1,1,2588
SVR,H7,136,2024-02-21,2024-03-01,61744.0,0.022528504793988,0.0024743704106908,63135.0,61896.7775266377,0.0,61744.0,1238.222473362301,1533194.8935394534,1,1,2587
SVR,H1,137,2024-02-22,2024-02-23,61661.0,0.0040382089164949,0.0001118018527374,61910.0,61667.89381404165,0.0,61661.0,242.10618595834967,58615.40527929899,1,1,2594
SVR,H2,137,2024-02-22,2024-02-26,61661.0,0.0017028591816545,0.000619923891885,61766.0,61699.22512709752,0.0,61661.0,66.77487290248246,4458.883651142686,1,1,2593
SVR,H3,137,2024-02-22,2024-02-27,61661.0,0.0028867517555666,0.0013748638792354,61839.0,61745.77548165754,0.0,61661.0,93.2245183424602,8690.8108201837,1,1,2592
SVR,H4,137,2024-02-22,2024-02-28,61661.0,0.0021245195504451,0.0016492590617665,61792.0,61762.69496300758,0.0,61661.0,29.30503699241672,858.7851931269122,1,1,2591
SVR,H5,137,2024-02-22,2024-02-29,61661.0,0.0102495905029111,0.0017665130410145,62293.0,61769.924960622,0.0,61661.0,523.0750393780036,273607.4968203,1,1,2590
SVR,H6,137,2024-02-22,2024-03-01,61661.0,0.0239048993691313,0.0020250394276822,63135.0,61785.86595615031,0.0,61661.0,1349.1340438496918,1820162.6682742224,1,1,2589
SVR,H7,137,2024-02-22,2024-03-04,61661.0,0.0315272214203468,0.0023319143799912,63605.0,61804.788172584646,0.0,61661.0,1800.2118274153545,3240762.62356613,1,1,2588
SVR,H1,138,2024-02-23,2024-02-26,61910.0,-0.0023259570344047,0.0002699887935332,61766.0,61926.71500620763,0.0,61910.0,160.71500620763254,25829.313220319367,-1,1,2595
SVR,H2,138,2024-02-23,2024-02-27,61910.0,-0.0011468260377968,0.0006209218794743,61839.0,61948.44127355826,0.0,61910.0,109.44127355825913,11977.392358053708,-1,1,2594
SVR,H3,138,2024-02-23,2024-02-28,61910.0,-0.0019059925698594,0.0013749752795061,61792.0,61995.12471955423,0.0,61910.0,203.12471955423095,41259.65169398498,-1,1,2593
SVR,H4,138,2024-02-23,2024-02-29,61910.0,0.0061863996123405,0.0016690109686808,62293.0,62013.32846907103,0.0,61910.0,279.67153092897206,78216.16521215497,1,1,2592
SVR,H5,138,2024-02-23,2024-03-01,61910.0,0.0197867872718462,0.0018486868966525,63135.0,62024.45220577176,0.0,61910.0,1110.547794228245,1233316.4032652206,1,1,2591
SVR,H6,138,2024-02-23,2024-03-04,61910.0,0.0273784525924729,0.0021503260421937,63605.0,62043.12668527222,0.0,61910.0,1561.8733147277817,2439448.251258748,1,1,2590
SVR,H7,138,2024-02-23,2024-03-05,61910.0,0.0368761104829591,0.0024669122795915,64193.0,62062.72653922951,0.0,61910.0,2130.2734607704915,4538065.017663087,1,1,2589
SVR,H1,139,2024-02-26,2024-02-27,61766.0,0.0011818799987048,0.0002980752967099,61839.0,61784.410918776586,0.0,61766.0,54.58908122341381,2979.9677888164706,1,1,2596
SVR,H2,139,2024-02-26,2024-02-28,61766.0,0.0004209435611826,0.000621265471605,61792.0,61804.37308311917,0.0,61766.0,12.37308311916422,153.09318587374662,1,1,2595
SVR,H3,139,2024-02-26,2024-02-29,61766.0,0.0085322021824305,0.0013666811595557,62293.0,61850.41442850111,0.0,61766.0,442.58557149888657,195881.988098996,1,1,2594
SVR,H4,139,2024-02-26,2024-03-01,61766.0,0.0221642975099569,0.0016607186365648,63135.0,61868.57594730607,0.0,61766.0,1266.424052693932,1603829.8812417232,1,1,2593
SVR,H5,139,2024-02-26,2024-03-04,61766.0,0.0297736618851796,0.0018333138481435,63605.0,61879.23646314444,0.0,61766.0,1725.7635368555566,2978259.7851402,1,1,2592
SVR,H6,139,2024-02-26,2024-03-05,61766.0,0.0392934624226921,0.0021404201800811,64193.0,61898.2051928429,0.0,61766.0,2294.794807157101,5266083.206955195,1,1,2591
SVR,H7,139,2024-02-26,2024-03-06,61766.0,0.0530388887089985,0.0024535128952483,65042.0,61917.54367748791,0.0,61766.0,3124.456322512094,9762227.311285803,1,1,2590
SVR,H1,140,2024-02-27,2024-02-28,61839.0,-0.0007600381636184,0.0001896611691368,61792.0,61850.72845703825,0.0,61839.0,58.72845703824714,3449.0316660932403,-1,1,2597
SVR,H2,140,2024-02-27,2024-02-29,61839.0,0.0073416452400587,0.0006260609289967,62293.0,61877.71498178823,0.0,61839.0,415.28501821176906,172461.64635114936,1,1,2596
SVR,H3,140,2024-02-27,2024-03-01,61839.0,0.0209576480861592,0.0013736232453999,63135.0,61923.94348787229,0.0,61839.0,1211.0565121277104,1466657.8755669354,1,1,2595
SVR,H4,140,2024-02-27,2024-03-04,61839.0,0.0285580297223435,0.0016682220524129,63605.0,61942.16118349916,0.0,61839.0,1662.8388165008364,2765032.929661902,1,1,2594
SVR,H5,140,2024-02-27,2024-03-05,61839.0,0.0380665922799527,0.001851594967548,64193.0,61953.50078119821,0.0,61839.0,2239.499218801786,5015356.751013809,1,1,2593
SVR,H6,140,2024-02-27,2024-03-06,61839.0,0.0517957922993579,0.0021610857339291,65042.0,61972.63938070044,0.0,61839.0,3069.3606192995576,9420974.611306963,1,1,2592
SVR,H7,140,2024-02-27,2024-03-07,61839.0,0.0550946813499571,0.0024748491396693,65246.0,61992.042195948015,0.0,61839.0,3253.957804051985,10588241.390550813,1,1,2591
SVR,H1,141,2024-02-28,2024-02-29,61792.0,0.0081078456758156,0.0002400755798278,62293.0,61806.83475022873,0.0,61792.0,486.1652497712712,236356.6500851625,1,1,2598
SVR,H2,141,2024-02-28,2024-03-01,61792.0,0.0217342050750906,0.0006206294801365,63135.0,61830.3499368366,0.0,61792.0,1304.6500631634044,1702111.787312275,1,1,2597
SVR,H3,141,2024-02-28,2024-03-04,61792.0,0.0293403676851371,0.0013696668233737,63605.0,61876.63445234992,0.0,61792.0,1728.3655476500862,2987247.4663037825,1,1,2596
SVR,H4,141,2024-02-28,2024-03-05,61792.0,0.0388561626100465,0.0016606643006606,64193.0,61894.61576846643,0.0,61792.0,2298.3842315335714,5282570.075762166,1,1,2595
SVR,H5,141,2024-02-28,2024-03-06,61792.0,0.0525958052822372,0.0018347641839067,65042.0,61905.373748451966,0.0,61792.0,3136.626251548034,9838424.24190027,1,1,2594
SVR,H6,141,2024-02-28,2024-03-07,61792.0,0.0558972035214915,0.0021366246538566,65246.0,61924.0263106111,0.0,61792.0,3321.9736893888985,11035509.19299209,1,1,2593
SVR,H7,141,2024-02-28,2024-03-08,61792.0,0.0656233816675297,0.002443219984691,65847.0,61942.97144929403,0.0,61792.0,3904.028550705967,15241438.924727334,1,1,2592
SVR,H1,142,2024-02-29,2024-03-01,62293.0,0.0135167675340728,0.0002844157621753,63135.0,62310.71711107319,0.0,62293.0,824.282888926813,679442.2809775327,1,1,2599
SVR,H2,142,2024-02-29,2024-03-04,62293.0,0.0210617565376527,0.0006231836393253,63605.0,62331.819978444495,0.0,62293.0,1273.180021555505,1620987.367288076,1,1,2598
SVR,H3,142,2024-02-29,2024-03-05,62293.0,0.0305010193761738,0.001374948753877,64193.0,62378.64968272526,0.0,62293.0,1814.3503172747369,3291867.073794938,1,1,2597
SVR,H4,142,2024-02-29,2024-03-06,62293.0,0.0441301590868958,0.0016704113593352,65042.0,62397.05493480708,0.0,62293.0,2644.945065192922,6995734.39788839,1,1,2596
SVR,H5,142,2024-02-29,2024-03-07,62293.0,0.0474050053778112,0.0018493971010966,65246.0,62408.20449361861,0.0,62293.0,2837.795506381386,8053083.336038387,1,1,2595
SVR,H6,142,2024-02-29,2024-03-08,62293.0,0.0570529594015378,0.0021590728229298,65847.0,62427.49512335877,0.0,62293.0,3419.504876641229,11693013.601373147,1,1,2594
SVR,H7,142,2024-02-29,2024-03-11,62293.0,0.057454288603856,0.0024764848031869,65872.0,62447.26766784492,0.0,62293.0,3424.73233215508,11728791.54690837,1,1,2593
SVR,H1,143,2024-03-01,2024-03-04,63135.0,0.0074443652490694,0.0004044684671757,63605.0,63160.536116675146,0.0,63135.0,444.46388332485367,197548.14358020917,1,1,2600
SVR,H2,143,2024-03-01,2024-03-05,63135.0,0.0167577413479051,0.000631641328286,64193.0,63174.87867526135,0.0,63135.0,1018.121324738655,1036571.0318875936,1,1,2599
SVR,H3,143,2024-03-01,2024-03-06,63135.0,0.0302051160212244,0.0013844365241534,65042.0,63222.40639995242,0.0,63135.0,1819.5936000475776,3310920.869334104,1,1,2598
SVR,H4,143,2024-03-01,2024-03-07,63135.0,0.0334362873208204,0.0016789709226809,65246.0,63241.001829203466,0.0,63135.0,2004.9981707965344,4020017.664897449,1,1,2597
SVR,H5,143,2024-03-01,2024-03-08,63135.0,0.0429555713946305,0.0018540239496844,65847.0,63252.05380206333,0.0,63135.0,2594.946197936668,6733745.770185968,1,1,2596
SVR,H6,143,2024-03-01,2024-03-11,63135.0,0.0433515482695809,0.002167340818621,65872.0,63271.83506258365,0.0,63135.0,2600.164937416353,6760857.701769389,1,1,2595
SVR,H7,143,2024-03-01,2024-03-12,63135.0,0.0348301259206462,0.0024837858737554,65334.0,63291.81382113955,0.0,63135.0,2042.186178860451,4170524.38912865,1,1,2594
SVR,H1,144,2024-03-04,2024-03-05,63605.0,0.009244556245578,0.0003162202931303,64193.0,63625.11319174456,0.0,63605.0,567.88680825544,322495.4269905508,1,1,2601
SVR,H2,144,2024-03-04,2024-03-06,63605.0,0.0225925634777139,0.0006394315865133,65042.0,63645.67104606019,0.0,63605.0,1396.3289539398102,1949734.5476106445,1,1,2600
SVR,H3,144,2024-03-04,2024-03-07,63605.0,0.02579985850169,0.001404046375488,65246.0,63694.30436971292,0.0,63605.0,1551.6956302870822,2407759.329052025,1,1,2599
SVR,H4,144,2024-03-04,2024-03-08,63605.0,0.0352488011948746,0.0016921120527375,65847.0,63712.62678711437,0.0,63605.0,2134.373212885628,4555549.011883719,1,1,2598
SVR,H5,144,2024-03-04,2024-03-11,63605.0,0.035641852055656,0.0018677343446985,65872.0,63723.797242994544,0.0,63605.0,2148.202757005456,4614775.085205843,1,1,2597
SVR,H6,144,2024-03-04,2024-03-12,63605.0,0.0271833975316406,0.0021765786479343,65334.0,63743.44128490187,0.0,63605.0,1590.55871509813,2529877.0261746147,1,1,2596
SVR,H7,144,2024-03-04,2024-03-13,63605.0,0.0332049367188114,0.0024940732578252,65717.0,63763.63552956398,0.0,63605.0,1953.3644704360197,3815632.754361791,1,1,2595
SVR,H1,145,2024-03-05,2024-03-06,64193.0,0.0132257411244216,0.0003365447587173,65042.0,64214.60381769634,0.0,64193.0,827.3961823036589,684584.4424906694,1,1,2602
SVR,H2,145,2024-03-05,2024-03-07,64193.0,0.0164036577196891,0.0006444783916182,65246.0,64234.37100139315,0.0,64193.0,1011.6289986068514,1023393.2308223008,1,1,2601
SVR,H3,145,2024-03-05,2024-03-08,64193.0,0.0257660492577072,0.0014266348663884,65847.0,64284.57997197808,0.0,64193.0,1562.420028021923,2441156.3439640263,1,1,2600
SVR,H4,145,2024-03-05,2024-03-11,64193.0,0.0261554998208526,0.0017165918781359,65872.0,64303.19318243318,0.0,64193.0,1568.8068175668232,2461154.8308441434,1,1,2599
SVR,H5,145,2024-03-05,2024-03-12,64193.0,0.0177745237019613,0.0018867082363294,65334.0,64314.1134618147,0.0,64193.0,1019.8865381853028,1040168.5507716014,1,1,2598
SVR,H6,145,2024-03-05,2024-03-13,64193.0,0.0237409063293505,0.0021976444449072,65717.0,64334.07338985193,0.0,64193.0,1382.926610148068,1912486.0090556263,1,1,2597
SVR,H7,145,2024-03-05,2024-03-14,64193.0,0.0193479039770692,0.0025115709066391,65435.0,64354.22527120989,0.0,64193.0,1080.7747287901077,1168074.0143913303,1,1,2596
SVR,H1,146,2024-03-06,2024-03-07,65042.0,0.0031364349189755,0.0003519251297245,65246.0,65064.889914287545,0.0,65042.0,181.11008571245475,32800.8631467727,1,1,2603
SVR,H2,146,2024-03-06,2024-03-08,65042.0,0.0123766181851725,0.0006529751291775,65847.0,65084.470808351965,0.0,65042.0,762.5291916480346,581450.7681154051,1,1,2602
SVR,H3,146,2024-03-06,2024-03-11,65042.0,0.0127609852095569,0.0014472348754334,65872.0,65136.131050767945,0.0,65042.0,735.8689492320555,541503.1104438894,1,1,2601
SVR,H4,146,2024-03-06,2024-03-12,65042.0,0.004489406844808,0.0017468625227081,65334.0,65155.61943220199,0.0,65042.0,178.38056779801263,31819.62696794138,1,1,2600
SVR,H5,146,2024-03-06,2024-03-13,65042.0,0.0103779096583744,0.0019189196675557,65717.0,65166.81037301717,0.0,65042.0,550.1896269828358,302708.625639512,1,1,2599
SVR,H6,146,2024-03-06,2024-03-14,65042.0,0.0060422496233203,0.0022260813901146,65435.0,65186.78878577584,0.0,65042.0,248.2112142241604,61608.806866632025,1,1,2598
SVR,H7,146,2024-03-06,2024-03-15,65042.0,0.0049967713169951,0.0025395955198221,65367.0,65207.18037180028,0.0,65042.0,159.8196281997225,25542.31355789753,1,1,2597
SVR,H1,147,2024-03-07,2024-03-08,65246.0,0.0092112926462923,0.0003511429778354,65847.0,65268.91067473184,0.0,65246.0,578.0893252681562,334187.26798899216,1,1,2604
SVR,H2,147,2024-03-07,2024-03-11,65246.0,0.0095944578978022,0.0006586775527197,65872.0,65288.976075604754,0.0,65246.0,583.0239243952456,339916.896417233,1,1,2603
SVR,H3,147,2024-03-07,2024-03-12,65246.0,0.0013487416853139,0.0014631500814167,65334.0,65341.46469021211,0.0,65246.0,7.464690212109417,55.72159996276213,1,1,2602
SVR,H4,147,2024-03-07,2024-03-13,65246.0,0.0072188333384421,0.0017659907938935,65717.0,65361.22383533838,0.0,65246.0,355.77616466162,126576.67934133214,1,1,2601
SVR,H5,147,2024-03-07,2024-03-14,65246.0,0.002896729301413,0.0019487476057825,65435.0,65373.147986286895,0.0,65246.0,61.85201371310541,3825.67160036618,1,1,2600
SVR,H6,147,2024-03-07,2024-03-15,65246.0,0.0018545198173067,0.0022588384775972,65367.0,65393.38017530931,0.0,65246.0,26.38017530930665,695.9136493497523,1,1,2599
SVR,H7,147,2024-03-07,2024-03-18,65246.0,0.0028047696410506,0.0025687743381593,65429.0,65413.60225046756,0.0,65246.0,15.397749532443411,237.09069066386132,1,1,2598
SVR,H1,148,2024-03-08,2024-03-11,65847.0,0.0003796680182848,0.0003576053340383,65872.0,65870.54723843043,0.0,65847.0,1.4527615695697025,2.110516178018625,1,1,2605
SVR,H2,148,2024-03-08,2024-03-12,65847.0,-0.0077907877352043,0.0006626637700527,65334.0,65890.63442126667,0.0,65847.0,556.6344212666736,309841.87893888465,-1,1,2604
SVR,H3,148,2024-03-08,2024-03-13,65847.0,-0.001974273695081,0.0014780734778826,65717.0,65944.32670429813,0.0,65847.0,227.32670429813152,51677.43048705013,-1,1,2603
SVR,H4,148,2024-03-08,2024-03-14,65847.0,-0.0062569289413336,0.0017872577764399,65435.0,65964.68556280524,0.0,65847.0,529.6855628052435,280566.7954443076,-1,1,2602
SVR,H5,148,2024-03-08,2024-03-15,65847.0,-0.0072896259510684,0.0019730146467124,65367.0,65976.91709544208,0.0,65847.0,609.9170954420842,371998.8633125085,-1,1,2601
SVR,H6,148,2024-03-08,2024-03-18,65847.0,-0.006348049265722,0.0022916520660058,65429.0,65997.89841359029,0.0,65847.0,568.8984135902865,323645.4049855447,-1,1,2600
SVR,H7,148,2024-03-08,2024-03-19,65847.0,-0.0063176758242592,0.0026055229629412,65431.0,66018.5658705408,0.0,65847.0,587.5658705407986,345233.6522243665,-1,1,2599
SVR,H1,149,2024-03-11,2024-03-12,65872.0,-0.008167354870051,0.0003568848580379,65334.0,65895.50871936868,0.0,65872.0,561.5087193686777,315292.0419270524,-1,1,2606
SVR,H2,149,2024-03-11,2024-03-13,65872.0,-0.0023530483361671,0.0006662377360439,65717.0,65915.8864121487,0.0,65872.0,198.88641214869855,39555.804937382,-1,1,2605
SVR,H3,149,2024-03-11,2024-03-14,65872.0,-0.0066340782122904,0.0014780722765705,65435.0,65969.36357700225,0.0,65872.0,534.363577002252,285544.4324266417,-1,1,2604
SVR,H4,149,2024-03-11,2024-03-15,65872.0,-0.0076663832888025,0.0017991413733241,65367.0,65990.5130405436,0.0,65872.0,623.5130405436066,388768.5117279333,-1,1,2603
SVR,H5,149,2024-03-11,2024-03-18,65872.0,-0.0067251639543356,0.0019924912487426,65429.0,66003.24938353717,0.0,65872.0,574.2493835371715,329762.3544928215,-1,1,2602
SVR,H6,149,2024-03-11,2024-03-19,65872.0,-0.0066948020403205,0.0023135693087712,65431.0,66024.39943750738,0.0,65872.0,593.3994375073817,352122.89243407693,-1,1,2601
SVR,H7,149,2024-03-11,2024-03-20,65872.0,-0.0047971824143794,0.0026363562006715,65556.0,66045.66205565064,0.0,65872.0,489.66205565063865,239768.92874400917,-1,1,2600
SVR,H1,150,2024-03-12,2024-03-13,65334.0,0.005862185079744,0.0003499736487782,65717.0,65356.86517836928,0.0,65334.0,360.1348216307233,129697.08975099288,1,1,2607
SVR,H2,150,2024-03-12,2024-03-14,65334.0,0.0015459025928306,0.0006628561953402,65435.0,65377.30704666635,0.0,65334.0,57.69295333365153,3328.476864358893,1,1,2606
SVR,H3,150,2024-03-12,2024-03-15,65334.0,0.0005050968867663,0.0014780704676026,65367.0,65430.56825593036,0.0,65334.0,63.56825593036047,4040.923162027808,1,1,2605
SVR,H4,150,2024-03-12,2024-03-18,65334.0,0.0014540667952367,0.0017991418220744,65429.0,65451.54513180341,0.0,65334.0,22.545131803410182,508.2829680331374,1,1,2604
SVR,H5,150,2024-03-12,2024-03-19,65334.0,0.001484678727768,0.0019950571040416,65431.0,65464.34506083546,0.0,65334.0,33.34506083546148,1111.8930821206272,1,1,2603
SVR,H6,150,2024-03-12,2024-03-20,65334.0,0.0033979245109743,0.0023234860762974,65556.0,65485.80263930882,0.0,65334.0,70.19736069117789,4927.669448007327,1,1,2602
SVR,H7,150,2024-03-12,2024-03-21,65334.0,0.0092601095907185,0.0026495940228717,65939.0,65507.1085758903,0.0,65334.0,431.8914241097009,186530.20221950556,1,1,2601
SVR,H1,151,2024-03-13,2024-03-14,65717.0,-0.0042911271056195,0.0003493725087859,65435.0,65739.95971315989,0.0,65717.0,304.9597131598857,93000.42665055978,-1,1,2608
SVR,H2,151,2024-03-13,2024-03-15,65717.0,-0.0053258669750597,0.0006619676793464,65367.0,65760.50252998361,0.0,65717.0,393.5025299836125,154844.24110350382,-1,1,2607
SVR,H3,151,2024-03-13,2024-03-18,65717.0,-0.0043824276823348,0.0014780512387594,65429.0,65814.13309325757,0.0,65717.0,385.1330932575656,148327.49952214074,-1,1,2606
SVR,H4,151,2024-03-13,2024-03-19,65717.0,-0.0043519941567631,0.0017991361102293,65431.0,65835.23382775595,0.0,65717.0,404.23382775594655,163404.98750222425,-1,1,2605
SVR,H5,151,2024-03-13,2024-03-20,65717.0,-0.0024498988085275,0.0019950437993547,65556.0,65848.1082933622,0.0,65717.0,292.1082933621947,85327.25505097398,-1,1,2604
SVR,H6,151,2024-03-13,2024-03-21,65717.0,0.0033781213384664,0.0023309392407343,65939.0,65870.18233408335,0.0,65717.0,68.81766591664928,4735.871142215551,1,1,2603
SVR,H7,151,2024-03-13,2024-03-22,65717.0,-0.0004717196463623,0.0026631489674473,65686.0,65892.01416069374,0.0,65717.0,206.01416069373957,42441.83440634594,-1,1,2602
SVR,H1,152,2024-03-14,2024-03-15,65435.0,-0.0010391992053182,0.0002787679767732,65367.0,65453.24118256016,0.0,65435.0,86.24118256015936,7437.5415693747345,-1,1,2609
SVR,H2,152,2024-03-14,2024-03-18,65435.0,-9.169404752806808e-05,0.0006620001688428,65429.0,65478.31798104823,0.0,65435.0,49.31798104823247,2432.263254673817,-1,1,2608
SVR,H3,152,2024-03-14,2024-03-19,65435.0,-6.112936501867505e-05,0.0014780539878178,65431.0,65531.716462692864,0.0,65435.0,100.7164626928643,10143.805857363126,-1,1,2607
SVR,H4,152,2024-03-14,2024-03-20,65435.0,0.0018491632918162,0.0017991300746252,65556.0,65552.7260764331,0.0,65435.0,3.273923566899612,10.718575521900677,1,1,2606
SVR,H5,152,2024-03-14,2024-03-21,65435.0,0.0077022999923588,0.0019950479829305,65939.0,65565.54596476306,0.0,65435.0,373.4540352369368,139467.9164347512,1,1,2605
SVR,H6,152,2024-03-14,2024-03-22,65435.0,0.0038358676549248,0.0023309230983913,65686.0,65587.52395294323,0.0,65435.0,98.47604705677077,9697.53184392733,1,1,2604
SVR,H7,152,2024-03-14,2024-03-25,65435.0,0.0065255597157485,0.002665857268719,65862.0,65609.44037037864,0.0,65435.0,252.55962962136252,63786.36651447983,1,1,2603
SVR,H1,153,2024-03-15,2024-03-18,65367.0,0.0009484908287056,0.000344702100157,65429.0,65389.53214218096,0.0,65367.0,39.467857819036,1557.711800823641,1,1,2610
SVR,H2,153,2024-03-15,2024-03-19,65367.0,0.0009790873070509,0.0006599213994461,65431.0,65410.13708211759,0.0,65367.0,20.862917882412148,435.2613425682726,1,1,2609
SVR,H3,153,2024-03-15,2024-03-20,65367.0,0.0028913672036348,0.0014780524834827,65556.0,65463.615856687815,0.0,65367.0,92.3841433121852,8534.829935526372,1,1,2608
SVR,H4,153,2024-03-15,2024-03-21,65367.0,0.0087505928067679,0.0017991440782119,65939.0,65484.60465096048,0.0,65367.0,454.39534903952153,206475.1332287486,1,1,2607
SVR,H5,153,2024-03-15,2024-03-22,65367.0,0.0048801382960821,0.0019950560545208,65686.0,65497.41082911588,0.0,65367.0,188.58917088412272,35565.87537476084,1,1,2606
SVR,H6,153,2024-03-15,2024-03-25,65367.0,0.0075726283904722,0.0023309427958122,65862.0,65519.36673773386,0.0,65367.0,342.633262266143,117397.55241113952,1,1,2605
SVR,H7,153,2024-03-15,2024-03-26,65367.0,0.0100968378539629,0.0026658961724739,66027.0,65541.2616351061,0.0,65367.0,485.7383648938994,235941.75912979897,1,1,2604
SVR,H1,154,2024-03-18,2024-03-19,65429.0,3.0567485365784464e-05,0.0003376642038616,65431.0,65451.09303119447,0.0,65429.0,20.09303119446849,403.729902581884,1,1,2611
SVR,H2,154,2024-03-18,2024-03-20,65429.0,0.0019410353207294,0.0006596364471713,65556.0,65472.159353101975,0.0,65429.0,83.84064689802472,7029.254072279261,1,1,2610
SVR,H3,154,2024-03-18,2024-03-21,65429.0,0.0077947087682832,0.0014781025146288,65939.0,65525.71076942965,0.0,65429.0,413.2892305703499,170807.98810543184,1,1,2609
SVR,H4,154,2024-03-18,2024-03-22,65429.0,0.0039279218695074,0.0017992187011281,65686.0,65546.72108039612,0.0,65429.0,139.27891960387933,19398.617446023884,1,1,2608
SVR,H5,154,2024-03-18,2024-03-25,65429.0,0.0066178605816993,0.0019951912038801,65862.0,65559.54336527867,0.0,65429.0,302.4566347213258,91480.01588694952,1,1,2607
SVR,H6,154,2024-03-18,2024-03-26,65429.0,0.0091396781243791,0.0023309572813516,66027.0,65581.51220396155,0.0,65429.0,445.4877960384474,198459.3764191933,1,1,2606
SVR,H7,154,2024-03-18,2024-03-27,65429.0,0.0132357211633984,0.0026659596044895,66295.0,65603.43107096215,0.0,65429.0,691.5689290378505,478267.58361055946,1,1,2605
SVR,H1,155,2024-03-19,2024-03-20,65431.0,0.001910409438951,0.00028202292274,65556.0,65449.45304185781,0.0,65431.0,106.54695814219303,11352.254289354234,1,1,2612
SVR,H2,155,2024-03-19,2024-03-21,65431.0,0.0077639039598966,0.0006596365678117,65939.0,65474.16068026849,0.0,65431.0,464.839319731509,216075.5931684521,1,1,2611
SVR,H3,155,2024-03-19,2024-03-22,65431.0,0.00389723525546,0.0014780455673138,65686.0,65527.70999951491,0.0,65431.0,158.29000048508897,25055.724253569464,1,1,2610
SVR,H4,155,2024-03-19,2024-03-25,65431.0,0.0065870917455028,0.001799119043529,65862.0,65548.71815813716,0.0,65431.0,313.2818418628449,98145.51244097656,1,1,2609
SVR,H5,155,2024-03-19,2024-03-26,65431.0,0.0091088322049182,0.0019950773648894,66027.0,65561.53990706208,0.0,65431.0,465.46009293792304,216653.09811777997,1,1,2608
SVR,H6,155,2024-03-19,2024-03-27,65431.0,0.0132047500420289,0.0023308990192818,66295.0,65583.51305373062,0.0,65431.0,711.486946269375,506213.67471172055,1,1,2607
SVR,H7,155,2024-03-19,2024-03-28,65431.0,0.0330271583805841,0.0026658226831878,67592.0,65605.42744398367,0.0,65431.0,1986.5725560163264,3946470.52031724,1,1,2606
SVR,H1,156,2024-03-20,2024-03-21,65556.0,0.0058423332723167,0.0003532377002087,65939.0,65579.15685067487,0.0,65556.0,359.84314932512643,129487.09211622523,1,1,2613
SVR,H2,156,2024-03-20,2024-03-22,65556.0,0.0019830374031362,0.0006601339288993,65686.0,65599.27573984292,0.0,65556.0,86.72426015707606,7521.09729979221,1,1,2612
SVR,H3,156,2024-03-20,2024-03-25,65556.0,0.0046677649643054,0.00147805165042,65862.0,65652.89515399493,0.0,65556.0,209.1048460050661,43724.8366228024,1,1,2611
SVR,H4,156,2024-03-20,2024-03-26,65556.0,0.0071846970529012,0.0017991477980039,66027.0,65673.94493304595,0.0,65556.0,353.0550669540535,124647.88030193116,1,1,2610
SVR,H5,156,2024-03-20,2024-03-27,65556.0,0.011272804930136,0.0019950699471054,66295.0,65686.78880545244,0.0,65556.0,608.2111945475626,369920.85717297305,1,1,2609
SVR,H6,156,2024-03-20,2024-03-28,65556.0,0.0310574165598878,0.0023309506086462,67592.0,65708.8077981004,0.0,65556.0,1883.1922018995972,3546412.869295454,1,1,2608
SVR,H7,156,2024-03-20,2024-04-01,65556.0,0.0412929403868449,0.0026659062066826,68263.0,65730.76614728529,0.0,65556.0,2532.233852714708,6412208.284834372,1,1,2607
SVR,H1,157,2024-03-21,2024-03-22,65939.0,-0.003836879540181,0.0003514139575429,65686.0,65962.17188494642,0.0,65939.0,276.17188494642323,76270.91003486043,-1,1,2614
SVR,H2,157,2024-03-21,2024-03-25,65939.0,-0.0011677459470116,0.0006626589259647,65862.0,65982.6950669192,0.0,65939.0,120.69506691920104,14567.29917863042,-1,1,2613
SVR,H3,157,2024-03-21,2024-03-26,65939.0,0.0013345667965847,0.0014780509897395,66027.0,66036.46120421242,0.0,65939.0,9.461204212420853,89.51438514913009,1,1,2612
SVR,H4,157,2024-03-21,2024-03-27,65939.0,0.0053989293134564,0.0017991466268621,66295.0,66057.63392942866,0.0,65939.0,237.36607057134097,56342.65145847882,1,1,2611
SVR,H5,157,2024-03-21,2024-03-28,65939.0,0.0250686240313016,0.0019950676296628,67592.0,66070.55276443234,0.0,65939.0,1521.4472355676553,2314801.6906164605,1,1,2610
SVR,H6,157,2024-03-21,2024-04-01,65939.0,0.0352446958552601,0.0023309533608539,68263.0,66092.70073366135,0.0,65939.0,2170.299266338654,4710198.905470099,1,1,2609
SVR,H7,157,2024-03-21,2024-04-02,65939.0,0.0434189174843415,0.0026658908706257,68802.0,66114.7861781182,0.0,65939.0,2687.2138218818,7221118.1245125905,1,1,2608
SVR,H1,158,2024-03-22,2024-03-25,65686.0,0.0026794141826265,0.000410058561824,65862.0,65712.93510669198,0.0,65686.0,149.06489330802287,22220.34241693224,1,1,2615
SVR,H2,158,2024-03-22,2024-03-26,65686.0,0.0051913649788386,0.0006631720957993,66027.0,65729.56112228466,0.0,65686.0,297.4388777153363,88469.88597655877,1,1,2614
SVR,H3,158,2024-03-22,2024-03-27,65686.0,0.0092713820296561,0.0014780509162253,66295.0,65783.08725248318,0.0,65686.0,511.9127475168207,262054.6610702202,1,1,2613
SVR,H4,158,2024-03-22,2024-03-28,65686.0,0.0290168376823067,0.0017991384661548,67592.0,65804.17820928784,0.0,65686.0,1787.821790712158,3196306.755345227,1,1,2612
SVR,H5,158,2024-03-22,2024-04-01,65686.0,0.0392321042535699,0.001995072747259,68263.0,65817.04834847646,0.0,65686.0,2445.951651523545,5982679.481590755,1,1,2611
SVR,H6,158,2024-03-22,2024-04-02,65686.0,0.0474378101878634,0.0023309858642038,68802.0,65839.11313747609,0.0,65686.0,2962.886862523912,8778698.56011679,1,1,2610
SVR,H7,158,2024-03-22,2024-04-03,65686.0,0.0614895107024326,0.0026663922384564,69725.0,65861.14464057525,0.0,65686.0,3863.8553594247496,14929378.23855536,1,1,2609
SVR,H1,159,2024-03-25,2024-03-26,65862.0,0.0025052382253802,0.0003908183497661,66027.0,65887.74007815229,0.0,65862.0,139.25992184771167,19393.32583303076,1,1,2616
SVR,H2,159,2024-03-25,2024-03-27,65862.0,0.0065743524338768,0.0006624549536176,66295.0,65905.63060815516,0.0,65862.0,389.3693918448407,151608.52330562111,1,1,2615
SVR,H3,159,2024-03-25,2024-03-28,65862.0,0.0262670432115634,0.0014780662983806,67592.0,65959.34840254395,0.0,65862.0,1632.651597456046,2665551.238675779,1,1,2614
SVR,H4,159,2024-03-25,2024-04-01,65862.0,0.0364550119947768,0.0017991794540219,68263.0,65980.4975572008,0.0,65862.0,2282.502442799203,5209817.4013843285,1,1,2613
SVR,H5,159,2024-03-25,2024-04-02,65862.0,0.0446387901976861,0.0019951112274826,68802.0,65993.40201566445,0.0,65862.0,2808.5979843355453,7888222.637613689,1,1,2612
SVR,H6,159,2024-03-25,2024-04-03,65862.0,0.058652940997844,0.0023309512098012,69725.0,66015.52110857994,0.0,65862.0,3709.4788914200617,13760233.64589101,1,1,2611
SVR,H7,159,2024-03-25,2024-04-04,65862.0,0.0569372323950077,0.0026658103387398,69612.0,66037.57560053008,0.0,65862.0,3574.424399469921,12776509.787525903,1,1,2610
SVR,H1,160,2024-03-26,2024-03-27,66027.0,0.0040589455828676,0.0003706179903822,66295.0,66051.47079405097,0.0,66027.0,243.5292059490312,59306.47415016564,1,1,2617
SVR,H2,160,2024-03-26,2024-03-28,66027.0,0.0237024247656261,0.0006642518030676,67592.0,66070.85855380115,0.0,66027.0,1521.141446198846,2313871.299343917,1,1,2616
SVR,H3,160,2024-03-26,2024-04-01,66027.0,0.0338649340421342,0.0014780539300231,68263.0,66124.59146683764,0.0,66027.0,2138.4085331623646,4572791.054701616,1,1,2615
SVR,H4,160,2024-03-26,2024-04-02,66027.0,0.0420282611658866,0.001799159584177,68802.0,66145.79310986446,0.0,66027.0,2656.206890135538,7055435.043203505,1,1,2614
SVR,H5,160,2024-03-26,2024-04-03,66027.0,0.0560073909158373,0.0019950820692891,69725.0,66158.72928378895,0.0,66027.0,3566.270716211045,12718286.821304444,1,1,2613
SVR,H6,160,2024-03-26,2024-04-04,66027.0,0.0542959698305238,0.0023309676370494,69612.0,66180.90680017146,0.0,66027.0,3431.0931998285378,11772400.545909634,1,1,2612
SVR,H7,160,2024-03-26,2024-04-05,66027.0,0.0707892225907582,0.0026658844303069,70701.0,66203.02035127988,0.0,66027.0,4497.979648720124,20231820.92030041,1,1,2611
SVR,H1,161,2024-03-27,2024-03-28,66295.0,0.0195640696885135,0.0003640811330787,67592.0,66319.13675871746,0.0,66295.0,1272.863241282539,1620180.831008291,1,1,2618
SVR,H2,161,2024-03-27,2024-04-01,66295.0,0.0296854966437891,0.0006666007992523,68263.0,66339.19229998643,0.0,66295.0,1923.8077000135672,3701036.0666314913,1,1,2617
SVR,H3,161,2024-03-27,2024-04-02,66295.0,0.0378158232144203,0.001478052139933,68802.0,66392.98746661686,0.0,66295.0,2409.0125333831384,5803341.385997047,1,1,2616
SVR,H4,161,2024-03-27,2024-04-03,66295.0,0.0517384418131081,0.0017991574117196,69725.0,66414.27514060994,0.0,66295.0,3310.7248593900586,10960899.094583323,1,1,2615
SVR,H5,161,2024-03-27,2024-04-04,66295.0,0.0500339392111019,0.0019949951341914,69612.0,66427.25820242123,0.0,66295.0,3184.7417975787685,10142580.317245243,1,1,2614
SVR,H6,161,2024-03-27,2024-04-05,66295.0,0.0664605173844181,0.0023309284118271,70701.0,66449.52889906208,0.0,66295.0,4251.471100937924,18075006.522110328,1,1,2613
SVR,H7,161,2024-03-27,2024-04-08,66295.0,0.06504261256505,0.0026659051585203,70607.0,66471.73618248412,0.0,66295.0,4135.263817515879,17100406.840456,1,1,2612
SVR,H1,162,2024-03-28,2024-04-01,67592.0,0.0099272103207479,0.0003681788647421,68263.0,67616.88594582566,0.0,67592.0,646.1140541743371,417463.3710015982,1,1,2619
SVR,H2,162,2024-03-28,2024-04-02,67592.0,0.0179015268079063,0.0006754955839458,68802.0,67637.65809751007,0.0,67592.0,1164.341902489934,1355692.065893879,1,1,2618
SVR,H3,162,2024-03-28,2024-04-03,67592.0,0.0315569889927802,0.0014936155455386,69725.0,67692.95646195405,0.0,67592.0,2032.043538045953,4129200.9405143145,1,1,2617
SVR,H4,162,2024-03-28,2024-04-04,67592.0,0.0298851935140254,0.0018133747112645,69612.0,67714.5696234838,0.0,67592.0,1897.430376516204,3600242.0337264235,1,1,2616
SVR,H5,162,2024-03-28,2024-04-05,67592.0,0.0459965676411409,0.0020050133383488,70701.0,67727.52286156568,0.0,67592.0,2973.4771384343185,8841566.292791544,1,1,2615
SVR,H6,162,2024-03-28,2024-04-08,67592.0,0.0446058705172209,0.0023446680415586,70607.0,67750.48080226502,0.0,67592.0,2856.519197734975,8159701.927028465,1,1,2614
SVR,H7,162,2024-03-28,2024-04-09,67592.0,0.0523434726003078,0.0026792378808095,71130.0,67773.09504683968,0.0,67592.0,3356.904953160323,11268810.864552312,1,1,2613
SVR,H1,163,2024-04-01,2024-04-02,68263.0,0.0078959319104052,0.0003705998068383,68802.0,68288.29825461422,0.0,68263.0,513.7017453857843,263889.4832124012,1,1,2620
SVR,H2,163,2024-04-01,2024-04-03,68263.0,0.0214171659610624,0.0006867840367732,69725.0,68309.88193870225,0.0,68263.0,1415.1180612977478,2002559.127411096,1,1,2619
SVR,H3,163,2024-04-01,2024-04-04,68263.0,0.0197618036124986,0.0015194876243031,69612.0,68366.7247836978,0.0,68263.0,1245.2752163021942,1550710.3643364764,1,1,2618
SVR,H4,163,2024-04-01,2024-04-05,68263.0,0.0357148089008687,0.0018360054672677,70701.0,68388.3312412121,0.0,68263.0,2312.6687587878987,5348436.78787356,1,1,2617
SVR,H5,163,2024-04-01,2024-04-08,68263.0,0.034337781814453,0.0020268992116132,70607.0,68401.36222088235,0.0,68263.0,2205.637779117649,4864838.012671036,1,1,2616
SVR,H6,163,2024-04-01,2024-04-09,68263.0,0.041999326135681,0.0023606832196603,71130.0,68424.14731862367,0.0,68263.0,2705.852681376331,7321638.73331148,1,1,2615
SVR,H7,163,2024-04-01,2024-04-10,68263.0,0.0419553784627104,0.0026993854306568,71127.0,68447.26814765293,0.0,68263.0,2679.731852347075,7180962.800483485,1,1,2614
SVR,H1,164,2024-04-02,2024-04-03,68802.0,0.0134153076945437,0.0003698233050174,69725.0,68827.44458303181,0.0,68802.0,897.5554169681855,805605.7265289333,1,1,2621
SVR,H2,164,2024-04-02,2024-04-04,68802.0,0.0117729135780937,0.0006929520965373,69612.0,68849.67649014595,0.0,68802.0,762.3235098540463,581137.1336761921,1,1,2620
SVR,H3,164,2024-04-02,2024-04-05,68802.0,0.0276009418330862,0.0015511176898772,70701.0,68908.71999929893,0.0,68802.0,1792.2800007010665,3212267.6009130147,1,1,2619
SVR,H4,164,2024-04-02,2024-04-08,68802.0,0.026234702479579,0.0018646726788338,70607.0,68930.29320964913,0.0,68802.0,1676.7067903508723,2811345.6608087244,1,1,2618
SVR,H5,164,2024-04-02,2024-04-09,68802.0,0.0338362256911135,0.0020539465842141,71130.0,68943.31563288711,0.0,68802.0,2186.684367112888,4781588.521375892,1,1,2617
SVR,H6,164,2024-04-02,2024-04-10,68802.0,0.0337926223074911,0.0023873569066969,71127.0,68966.25492989457,0.0,68802.0,2160.745070105433,4668819.257984933,1,1,2616
SVR,H7,164,2024-04-02,2024-04-11,68802.0,0.0394174587948024,0.0027203499205997,71514.0,68989.1655152371,0.0,68802.0,2524.834484762905,6374789.175447964,1,1,2615
SVR,H1,165,2024-04-03,2024-04-04,69725.0,-0.0016206525636428,0.0003780920208702,69612.0,69751.36246615517,0.0,69725.0,139.36246615517302,19421.896972851748,-1,1,2622
SVR,H2,165,2024-04-03,2024-04-05,69725.0,0.0139978486912872,0.0007008243797185,70701.0,69773.86497987589,0.0,69725.0,927.1350201241148,859579.3455405427,1,1,2621
SVR,H3,165,2024-04-03,2024-04-08,69725.0,0.0126496952312655,0.0015737109421161,70607.0,69834.72699543905,0.0,69725.0,772.2730045609496,596405.5935735966,1,1,2620
SVR,H4,165,2024-04-03,2024-04-09,69725.0,0.020150591609896,0.0019014543043583,71130.0,69857.57890137138,0.0,69725.0,1272.4210986286198,1619055.4522352638,1,1,2619
SVR,H5,165,2024-04-03,2024-04-10,69725.0,0.0201075654356399,0.0020901548297116,71127.0,69870.73604550165,0.0,69725.0,1256.263954498354,1578199.1233718426,1,1,2618
SVR,H6,165,2024-04-03,2024-04-11,69725.0,0.0256579419146647,0.0024224477184573,71514.0,69893.90516716943,0.0,69725.0,1620.0948328305676,2624707.267364305,1,1,2617
SVR,H7,165,2024-04-03,2024-04-12,69725.0,0.0305772678379347,0.002754803487877,71857.0,69917.07867319223,0.0,69725.0,1939.9213268077729,3763294.7542036297,1,1,2616
SVR,H1,166,2024-04-04,2024-04-05,69612.0,0.0156438545078434,0.0003782703745009,70701.0,69638.33215730976,0.0,69612.0,1062.6678426902365,1129262.9438879208,1,1,2623
SVR,H2,166,2024-04-04,2024-04-08,69612.0,0.0142935126127679,0.0007050398354853,70607.0,69661.0792330278,0.0,69612.0,945.9207669721944,894766.0973892647,1,1,2622
SVR,H3,166,2024-04-04,2024-04-09,69612.0,0.0218065850715394,0.0015811978344264,71130.0,69722.07034365009,0.0,69612.0,1407.9296563499083,1982265.917229571,1,1,2621
SVR,H4,166,2024-04-04,2024-04-10,69612.0,0.0217634890536113,0.0019173555236559,71127.0,69745.47095271274,0.0,69612.0,1381.5290472872584,1908622.50849844,1,1,2620
SVR,H5,166,2024-04-04,2024-04-11,69612.0,0.0273228753663161,0.0021217888293011,71514.0,69759.70196398532,0.0,69612.0,1754.2980360146755,3077561.5991649483,1,1,2619
SVR,H6,166,2024-04-04,2024-04-12,69612.0,0.0322501867494109,0.0024543900810956,71857.0,69782.85500232523,0.0,69612.0,2074.144997674768,4302077.471379263,1,1,2618
SVR,H7,166,2024-04-04,2024-04-15,69612.0,0.0390306269034075,0.0027842073115555,72329.0,69805.814239372,0.0,69612.0,2523.1857606279955,6366466.382635877,1,1,2617
SVR,H1,167,2024-04-05,2024-04-08,70701.0,-0.001329542722168,0.0003906065520099,70607.0,70728.61627383364,0.0,70701.0,121.61627383364248,14790.518061179511,-1,1,2624
SVR,H2,167,2024-04-05,2024-04-09,70701.0,0.0060678066788306,0.0007103326807067,71130.0,70751.22123085865,0.0,70701.0,378.7787691413541,143473.35595223925,1,1,2623
SVR,H3,167,2024-04-05,2024-04-10,70701.0,0.0060253744642932,0.0015978685730286,71127.0,70813.9709059817,0.0,70701.0,313.029094018304,97987.21370192022,1,1,2622
SVR,H4,167,2024-04-05,2024-04-11,70701.0,0.0114991301396019,0.0019390644442712,71514.0,70838.09379527443,0.0,70701.0,675.906204725572,456849.19758652686,1,1,2621
SVR,H5,167,2024-04-05,2024-04-12,70701.0,0.0163505466683639,0.0021502492342818,71857.0,70853.02477111295,0.0,70701.0,1003.9752288870512,1007966.2602188071,1,1,2620
SVR,H6,167,2024-04-05,2024-04-15,70701.0,0.0230265484222287,0.0024969488944643,72329.0,70877.53678378752,0.0,70701.0,1451.4632162124765,2106745.468017865,1,1,2619
SVR,H7,167,2024-04-05,2024-04-16,70701.0,0.0340589242019206,0.002825836645417,73109.0,70900.78947666763,0.0,70701.0,2208.2105233323678,4876193.715355808,1,1,2618
SVR,H1,168,2024-04-08,2024-04-09,70607.0,0.0074071975866416,0.0003905181269655,71130.0,70634.57331339066,0.0,70607.0,495.4266866093385,245447.6018047077,1,1,2625
SVR,H2,168,2024-04-08,2024-04-10,70607.0,0.0073647088815556,0.0007156411039283,71127.0,70657.52927142507,0.0,70607.0,469.4707285749319,220402.7649886773,1,1,2624
SVR,H3,168,2024-04-08,2024-04-11,70607.0,0.0128457518376365,0.0015978653986499,71514.0,70719.82048220247,0.0,70607.0,794.1795177975291,630721.1064891159,1,1,2623
SVR,H4,168,2024-04-08,2024-04-12,70607.0,0.0177036271191242,0.0019507656088638,71857.0,70744.73770734505,0.0,70607.0,1112.262292654952,1237127.40766205,1,1,2622
SVR,H5,168,2024-04-08,2024-04-15,70607.0,0.0243885167193054,0.0021669814022793,72329.0,70760.00405587074,0.0,70607.0,1568.9959441292594,2461748.272694066,1,1,2621
SVR,H6,168,2024-04-08,2024-04-16,70607.0,0.0354355800416388,0.0025204937567816,73109.0,70784.96450268508,0.0,70607.0,2324.0354973149224,5401140.992779818,1,1,2620
SVR,H7,168,2024-04-08,2024-04-17,70607.0,0.0295721387397849,0.0028633328629956,72695.0,70809.17134345754,0.0,70607.0,1885.828656542464,3556349.721836755,1,1,2619
SVR,H1,169,2024-04-09,2024-04-10,71130.0,-4.2176296921159206e-05,0.0003904938853792,71127.0,71157.77583006702,0.0,71130.0,30.7758300670248,947.1517163143876,-1,1,2626
SVR,H2,169,2024-04-09,2024-04-11,71130.0,0.0053985660059046,0.0007173620632565,71514.0,71181.02596355944,0.0,71130.0,332.97403644055885,110871.7089435186,1,1,2625
SVR,H3,169,2024-04-09,2024-04-12,71130.0,0.0102207226205539,0.0016080466583944,71857.0,71244.3803588116,0.0,71130.0,612.6196411884011,375302.82476980536,1,1,2624
SVR,H4,169,2024-04-09,2024-04-15,71130.0,0.0168564600028118,0.0019566676973916,72329.0,71269.17777331547,0.0,71130.0,1059.822226684526,1123223.1521745466,1,1,2623
SVR,H5,169,2024-04-09,2024-04-16,71130.0,0.0278222972023056,0.0021848377636049,73109.0,71285.40751012521,0.0,71130.0,1823.5924898747908,3325489.569127739,1,1,2622
SVR,H6,169,2024-04-09,2024-04-17,71130.0,0.0220019682271896,0.0025430813414658,72695.0,71310.88937581847,0.0,71130.0,1384.1106241815287,1915762.219972181,1,1,2621
SVR,H7,169,2024-04-09,2024-04-18,71130.0,0.0265148319977506,0.0028906644989456,73016.0,71335.61296581001,0.0,71130.0,1680.3870341899892,2823700.584673828,1,1,2620
SVR,H1,170,2024-04-10,2024-04-11,71127.0,0.0054409717828671,0.0003904340615807,71514.0,71154.77040349806,0.0,71127.0,359.2295965019439,129045.90300294942,1,1,2627
SVR,H2,170,2024-04-10,2024-04-12,71127.0,0.0102633317868039,0.0007199977776093,71857.0,71178.21128192802,0.0,71127.0,678.7887180719845,460754.123781808,1,1,2626
SVR,H3,170,2024-04-10,2024-04-15,71127.0,0.0168993490516962,0.0016080416984045,72329.0,71241.37518188242,0.0,71127.0,1087.624818117576,1182927.7449852903,1,1,2625
SVR,H4,170,2024-04-10,2024-04-16,71127.0,0.0278656487691031,0.0019642648824613,73109.0,71266.71226829482,0.0,71127.0,1842.2877317051752,3394024.0863914,1,1,2624
SVR,H5,170,2024-04-10,2024-04-17,71127.0,0.0220450743037101,0.0021898087991049,72695.0,71282.75453045394,0.0,71127.0,1412.245469546062,1994437.266253377,1,1,2623
SVR,H6,170,2024-04-10,2024-04-18,71127.0,0.0265581284181815,0.0025587132612529,73016.0,71308.99359813314,0.0,71127.0,1707.0064018668636,2913870.856014456,1,1,2622
SVR,H7,170,2024-04-10,2024-04-19,71127.0,0.0297917808989554,0.0029102865499533,73246.0,71333.99995143853,0.0,71127.0,1912.0000485614728,3655744.1856990745,1,1,2621
SVR,H1,171,2024-04-11,2024-04-12,71514.0,0.0047962636686522,0.0003911152937032,71857.0,71541.9702191139,0.0,71514.0,315.0297808861069,99243.76284514852,1,1,2628
SVR,H2,171,2024-04-11,2024-04-15,71514.0,0.0113963699415498,0.0007215437596428,72329.0,71565.60048042709,0.0,71514.0,763.3995195729076,582778.8264841462,1,1,2627
SVR,H3,171,2024-04-11,2024-04-16,71514.0,0.0223033252230333,0.0016080386634157,73109.0,71628.99727697551,0.0,71514.0,1480.002723024489,2190408.060159901,1,1,2626
SVR,H4,171,2024-04-11,2024-04-17,71514.0,0.0165142489582459,0.0019642608664946,72695.0,71654.4721516065,0.0,71514.0,1040.5278483934962,1082698.2032823986,1,1,2625
SVR,H5,171,2024-04-11,2024-04-18,71514.0,0.0210028805548563,0.0022009608132279,73016.0,71671.39951159718,0.0,71514.0,1344.6004884028223,1807950.4734131088,1,1,2624
SVR,H6,171,2024-04-11,2024-04-19,71514.0,0.0242190340352936,0.0025670434417776,73246.0,71697.5795446953,0.0,71514.0,1548.420455304702,2397605.9064060207,1,1,2623
SVR,H7,171,2024-04-11,2024-04-22,71514.0,0.0059009424728024,0.0029287230481858,71936.0,71723.44470006796,0.0,71514.0,212.55529993203527,45179.75552919747,1,1,2622
SVR,H1,172,2024-04-12,2024-04-15,71857.0,0.0065686015280348,0.0003910380636184,72329.0,71885.09882213743,0.0,71857.0,443.9011778625718,197048.2557077786,1,1,2629
SVR,H2,172,2024-04-12,2024-04-16,71857.0,0.0174234938836856,0.0007253311133775,73109.0,71909.12011781396,0.0,71857.0,1199.87988218604,1439711.7316747853,1,1,2628
SVR,H3,172,2024-04-12,2024-04-17,71857.0,0.0116620510179941,0.0016080365601197,72695.0,71972.54868310054,0.0,71857.0,722.4513168994599,521935.9052897639,1,1,2627
SVR,H4,172,2024-04-12,2024-04-18,71857.0,0.0161292567182043,0.0019675547024164,73016.0,71998.38257825155,0.0,71857.0,1017.6174217484512,1035545.2170459654,1,1,2626
SVR,H5,172,2024-04-12,2024-04-19,71857.0,0.0193300583102551,0.0022023849048013,73246.0,72015.25677210432,0.0,71857.0,1230.743227895684,1514728.8930110876,1,1,2625
SVR,H6,172,2024-04-12,2024-04-22,71857.0,0.0010994057642261,0.0025803811372807,71936.0,72042.41844738157,0.0,71857.0,106.41844738156942,11324.88594310386,1,1,2624
SVR,H7,172,2024-04-12,2024-04-23,71857.0,-0.0037157131525112,0.0029395410459449,71590.0,72068.22660093846,0.0,71857.0,478.22660093846207,228700.68184515505,-1,1,2623
SVR,H1,173,2024-04-15,2024-04-16,72329.0,0.0107840561876979,0.0003903369002611,73109.0,72357.23267765899,0.0,72329.0,751.7673223410093,565154.106939771,1,1,2630
SVR,H2,173,2024-04-15,2024-04-17,72329.0,0.0050602109803812,0.0007291677820981,72695.0,72381.73997651138,0.0,72329.0,313.2600234886195,98131.84231609043,1,1,2629
SVR,H3,173,2024-04-15,2024-04-18,72329.0,0.0094982648730108,0.0016116099313371,73016.0,72445.56613472367,0.0,72329.0,570.4338652763254,325394.7946540889,1,1,2628
SVR,H4,173,2024-04-15,2024-04-19,72329.0,0.0126781788770755,0.0019695656525318,73246.0,72471.45671408197,0.0,72329.0,774.5432859180291,599917.3017606979,1,1,2627
SVR,H5,173,2024-04-15,2024-04-22,72329.0,-0.0054335052330324,0.0022113366006935,71936.0,72488.94376499156,0.0,72329.0,552.9437649915635,305746.8072430454,-1,1,2626
SVR,H6,173,2024-04-15,2024-04-23,72329.0,-0.0102172019521906,0.002586915037074,71590.0,72516.10897771653,0.0,72329.0,926.1089777165324,857677.838607161,-1,1,2625
SVR,H7,173,2024-04-15,2024-04-24,72329.0,-0.0088069792199532,0.00295603766095,71692.0,72542.80724797885,0.0,72329.0,850.8072479788534,723872.9732133502,-1,1,2624
SVR,H1,174,2024-04-16,2024-04-17,73109.0,-0.0056627774966145,0.0003951153704653,72695.0,73137.88648961936,0.0,73109.0,442.8864896193554,196148.44268735545,-1,1,2631
SVR,H2,174,2024-04-16,2024-04-18,73109.0,-0.0012720732057612,0.0007355148030293,73016.0,73162.77275173468,0.0,73109.0,146.77275173467933,21542.24065176981,-1,1,2630
SVR,H3,174,2024-04-16,2024-04-19,73109.0,0.001873914292358,0.0016219495919264,73246.0,73227.57911271615,0.0,73109.0,18.42088728384988,339.3290883243022,1,1,2629
SVR,H4,174,2024-04-16,2024-04-22,73109.0,-0.0160445362404081,0.001983577532607,71936.0,73254.01736983137,0.0,73109.0,1318.0173698313738,1737169.7871772123,-1,1,2628
SVR,H5,174,2024-04-16,2024-04-23,73109.0,-0.0207771956941006,0.0022231062584794,71590.0,73271.52907545117,0.0,73109.0,1681.529075451166,2827540.031587654,-1,1,2627
SVR,H6,174,2024-04-16,2024-04-24,73109.0,-0.0193820186297172,0.0026038056124292,71692.0,73299.3616245191,0.0,73109.0,1607.3616245190933,2583611.3919766587,-1,1,2626
SVR,H7,174,2024-04-16,2024-04-25,73109.0,-0.0189306378147697,0.0029699264041504,71725.0,73326.12834948103,0.0,73109.0,1601.128349481034,2563611.9915118604,-1,1,2625
SVR,H1,175,2024-04-17,2024-04-18,72695.0,0.0044157094710777,0.0003954917096252,73016.0,72723.7502698312,0.0,72695.0,292.2497301687981,85409.90478373531,1,1,2632
SVR,H2,175,2024-04-17,2024-04-19,72695.0,0.00757961345347,0.0007372194591116,73246.0,72748.59216858013,0.0,72695.0,497.4078314198705,247414.5507578183,1,1,2631
SVR,H3,175,2024-04-17,2024-04-22,72695.0,-0.0104408831418941,0.0016219479693981,71936.0,72812.9075076354,0.0,72695.0,876.9075076354056,768966.776947339,-1,1,2630
SVR,H4,175,2024-04-17,2024-04-23,72695.0,-0.0152004952197537,0.001985578533608,71590.0,72839.34163150063,0.0,72695.0,1249.3416315006325,1560854.5122006622,-1,1,2629
SVR,H5,175,2024-04-17,2024-04-24,72695.0,-0.0137973725840842,0.002229836848846,71692.0,72857.09798972686,0.0,72695.0,1165.0979897268553,1357453.3256655594,-1,1,2628
SVR,H6,175,2024-04-17,2024-04-25,72695.0,-0.0133434211431322,0.0026093439621858,71725.0,72884.68625933111,0.0,72695.0,1159.6862593311089,1344872.22008138,-1,1,2627
SVR,H7,175,2024-04-17,2024-04-26,72695.0,-0.008088589311507,0.0029802558053587,72107.0,72911.64969577057,0.0,72695.0,804.6496957705676,647461.132903667,-1,1,2626
SVR,H1,176,2024-04-18,2024-04-19,73016.0,0.0031499945217485,0.0003962836438135,73246.0,73044.93504653669,0.0,73016.0,201.0649534633121,40427.11551120387,1,1,2633
SVR,H2,176,2024-04-18,2024-04-22,73016.0,-0.0147912786238633,0.0007364374132023,71936.0,73069.77171416239,0.0,73016.0,1133.771714162387,1285438.2998347175,-1,1,2632
SVR,H3,176,2024-04-18,2024-04-23,73016.0,-0.0195299660348416,0.0016219458479586,71590.0,73134.42799803456,0.0,73016.0,1544.42799803456,2385257.841113039,-1,1,2631
SVR,H4,176,2024-04-18,2024-04-24,73016.0,-0.0181330119425878,0.0019871753700973,71692.0,73161.09559682303,0.0,73016.0,1469.0955968230264,2158241.872604804,-1,1,2630
SVR,H5,176,2024-04-18,2024-04-25,73016.0,-0.0176810562068587,0.0022355479322755,71725.0,73179.23076782303,0.0,73016.0,1454.230767823028,2114787.1260831538,-1,1,2629
SVR,H6,176,2024-04-18,2024-04-26,73016.0,-0.0124493261750848,0.0026187880339609,72107.0,73207.2134270877,0.0,73016.0,1100.2134270876995,1210469.585144061,-1,1,2628
SVR,H7,176,2024-04-18,2024-04-29,73016.0,-0.0104908513202586,0.0029886228689295,72250.0,73234.21728739775,0.0,73016.0,984.2172873977544,968683.6688125936,-1,1,2627
SVR,H1,177,2024-04-19,2024-04-22,73246.0,-0.0178849356961472,0.0003952163695387,71936.0,73274.94801820324,0.0,73246.0,1338.948018203242,1792781.7954503896,-1,1,2634
SVR,H2,177,2024-04-19,2024-04-23,73246.0,-0.022608743139557,0.0007391405297633,71590.0,73300.13908724305,0.0,73246.0,1710.1390872430493,2924575.69771649,-1,1,2633
SVR,H3,177,2024-04-19,2024-04-24,73246.0,-0.021216175627338,0.001621940809661,71692.0,73364.80067654444,0.0,73246.0,1672.8006765444445,2798262.1034475504,-1,1,2632
SVR,H4,177,2024-04-19,2024-04-25,73246.0,-0.020765639079267,0.0019871749254839,71725.0,73391.55261459199,0.0,73246.0,1666.5526145919866,2777397.617203387,-1,1,2631
SVR,H5,177,2024-04-19,2024-04-26,73246.0,-0.0155503372197799,0.0022397196969965,72107.0,73410.05050892622,0.0,73246.0,1303.0505089262151,1697940.628812868,-1,1,2630
SVR,H6,177,2024-04-19,2024-04-29,73246.0,-0.0135980121781393,0.0026262394130309,72250.0,73438.36153204687,0.0,73246.0,1188.361532046867,1412203.130848777,-1,1,2629
SVR,H7,177,2024-04-19,2024-04-30,73246.0,-0.031087021816891,0.0029987486504249,70969.0,73465.64634364903,0.0,73246.0,2496.6463436490303,6233242.965256072,-1,1,2628
SVR,H1,178,2024-04-22,2024-04-23,71936.0,-0.004809830960854,0.0003771413537329,71590.0,71963.13004042214,0.0,71936.0,373.13004042214015,139226.02706542794,-1,1,2635
SVR,H2,178,2024-04-22,2024-04-24,71936.0,-0.0033919039145907,0.0007329889648423,71692.0,71988.7282941749,0.0,71936.0,296.7282941749,88047.68056394595,-1,1,2634
SVR,H3,178,2024-04-22,2024-04-25,71936.0,-0.0029331628113878,0.0016219389225904,71725.0,72052.67579833546,0.0,71936.0,327.6757983354619,107371.42881478228,-1,1,2633
SVR,H4,178,2024-04-22,2024-04-26,71936.0,0.0023771129893237,0.0019814870624079,72107.0,72078.54025332138,0.0,71936.0,28.45974667862174,809.9571810113213,1,1,2632
SVR,H5,178,2024-04-22,2024-04-29,71936.0,0.0043649911032028,0.0022397212508392,72250.0,72097.11658790037,0.0,71936.0,152.88341209963255,23373.337695226077,1,1,2631
SVR,H6,178,2024-04-22,2024-04-30,71936.0,-0.0134425044483985,0.0026262374715541,70969.0,72124.92101875372,0.0,71936.0,1155.9210187537246,1336153.4015966486,-1,1,2630
SVR,H7,178,2024-04-22,2024-05-01,71936.0,-0.0092026245551601,0.0029987162787994,71274.0,72151.71565423171,0.0,71936.0,877.7156542317098,770384.7696833983,-1,1,2629
SVR,H1,179,2024-04-23,2024-04-24,71590.0,0.0014247799972062,0.000377132273693,71692.0,71616.99889947368,0.0,71590.0,75.00110052632226,5625.165080159498,1,1,2636
SVR,H2,179,2024-04-23,2024-04-25,71590.0,0.0018857382315966,0.0007244063908027,71725.0,71641.86025351757,0.0,71590.0,83.13974648242583,6912.217445162039,1,1,2635
SVR,H3,179,2024-04-23,2024-04-26,71590.0,0.0072216790054477,0.0016109935480276,72107.0,71705.3310281033,0.0,71590.0,401.6689718966954,161337.9629845483,1,1,2634
SVR,H4,179,2024-04-23,2024-04-29,71590.0,0.0092191646878054,0.001976694635825,72250.0,71731.51156897872,0.0,71590.0,518.4884310212801,268830.2531029087,1,1,2633
SVR,H5,179,2024-04-23,2024-04-30,71590.0,-0.0086743958653443,0.0022300492938311,70969.0,71749.64922894537,0.0,71590.0,780.6492289453745,609413.2186530078,-1,1,2632
SVR,H6,179,2024-04-23,2024-05-01,71590.0,-0.0044140243050705,0.0026262335255413,71274.0,71778.0120580935,0.0,71590.0,504.0120580935036,254028.15470364923,-1,1,2631
SVR,H7,179,2024-04-23,2024-05-02,71590.0,-0.0065791311635703,0.002998713541527,71119.0,71804.67790243792,0.0,71590.0,685.6779024379211,470154.1858916673,-1,1,2630
SVR,H1,180,2024-04-24,2024-04-25,71692.0,0.0004603024047313,0.0003771021469565,71725.0,71719.03520711961,0.0,71692.0,5.964792880389723,35.57875410594793,1,1,2637
SVR,H2,180,2024-04-24,2024-04-26,71692.0,0.0057886514534397,0.0007227873523032,72107.0,71743.81807086132,0.0,71692.0,363.18192913867824,131901.11365289192,1,1,2636
SVR,H3,180,2024-04-24,2024-04-29,71692.0,0.0077832952072756,0.0015973650500322,72250.0,71806.51829516691,0.0,71692.0,443.4817048330879,196676.0225216621,1,1,2635
SVR,H4,180,2024-04-24,2024-04-30,71692.0,-0.0100848072309323,0.001968835826671,70969.0,71833.14977808572,0.0,71692.0,864.1497780857171,746754.8389655942,-1,1,2634
SVR,H5,180,2024-04-24,2024-05-01,71692.0,-0.0058304971265971,0.0022268825154312,71274.0,71851.6496612963,0.0,71692.0,577.6496612962947,333679.13119572395,-1,1,2633
SVR,H6,180,2024-04-24,2024-05-02,71692.0,-0.0079925235730625,0.0026185165457844,71119.0,71879.72668820038,0.0,71692.0,760.7266882003751,578705.0941403107,-1,1,2632
SVR,H7,180,2024-04-24,2024-05-03,71692.0,-0.0096802990570774,0.0029987094332853,70998.0,71906.9834766911,0.0,71692.0,908.9834766910936,826250.9608974278,-1,1,2631
SVR,H1,181,2024-04-25,2024-04-26,71725.0,0.0053258975252701,0.0003771834545537,72107.0,71752.05348327788,0.0,71725.0,354.9465167221206,125987.02973316662,1,1,2638
SVR,H2,181,2024-04-25,2024-04-29,71725.0,0.0073196235622168,0.0007232333162927,72250.0,71776.8739096111,0.0,71725.0,473.12609038890514,223848.29740669043,1,1,2637
SVR,H3,181,2024-04-25,2024-04-30,71725.0,-0.0105402579295922,0.0015973632793616,70969.0,71839.5708812122,0.0,71725.0,870.570881212203,757893.6592145916,-1,1,2636
SVR,H4,181,2024-04-25,2024-05-01,71725.0,-0.0062879051934472,0.001958619286936,71274.0,71865.4819683555,0.0,71725.0,591.4819683554961,349850.91888969205,-1,1,2635
SVR,H5,181,2024-04-25,2024-05-02,71725.0,-0.0084489369118159,0.002220125307414,71119.0,71884.23848767427,0.0,71725.0,765.2384876742726,585589.9430180079,-1,1,2634
SVR,H6,181,2024-04-25,2024-05-03,71725.0,-0.0101359358661554,0.0026157454542446,70998.0,71912.6143427057,0.0,71725.0,914.614342705696,836519.3958829722,-1,1,2633
SVR,H7,181,2024-04-25,2024-05-06,71725.0,-0.0056326246078772,0.0029915722386619,71321.0,71939.57051881803,0.0,71725.0,618.5705188180291,382629.4867508057,-1,1,2632
SVR,H1,182,2024-04-26,2024-04-29,72107.0,0.0019831639091905,0.0003770655358238,72250.0,72134.18906459164,0.0,72107.0,115.81093540835718,13412.17276015868,1,1,2639
SVR,H2,182,2024-04-26,2024-04-30,72107.0,-0.0157821015990126,0.0007252283348542,70969.0,72159.29403954133,0.0,72107.0,1190.2940395413316,1416799.900567621,-1,1,2638
SVR,H3,182,2024-04-26,2024-05-01,72107.0,-0.0115522764780118,0.0015973614304323,71274.0,72222.18094066418,0.0,72107.0,948.1809406641842,899047.0962388171,-1,1,2637
SVR,H4,182,2024-04-26,2024-05-02,72107.0,-0.0137018597362252,0.0019586209592544,71119.0,72248.23028150895,0.0,72107.0,1129.2302815089497,1275161.0286767818,-1,1,2636
SVR,H5,182,2024-04-26,2024-05-03,72107.0,-0.0153799215055403,0.0022153476857044,70998.0,72266.7420755731,0.0,72107.0,1268.7420755731,1609706.454329538,-1,1,2635
SVR,H6,182,2024-04-26,2024-05-06,72107.0,-0.0109004673610051,0.0026137204259158,71321.0,72295.46753875152,0.0,72107.0,974.4675387515164,949586.9840804378,-1,1,2634
SVR,H7,182,2024-04-26,2024-05-07,72107.0,-0.013466098991776,0.0029915709740607,71136.0,72322.71320822659,0.0,72107.0,1186.713208226589,1408288.2385794434,-1,1,2633
SVR,H1,183,2024-04-29,2024-04-30,72250.0,-0.0177301038062284,0.0003770855011244,70969.0,72277.24442745624,0.0,72250.0,1308.244427456244,1711503.4819703158,-1,1,2640
SVR,H2,183,2024-04-29,2024-05-01,72250.0,-0.0135086505190311,0.000727829367965,71274.0,72302.58567183548,0.0,72250.0,1028.5856718354771,1057988.4843052395,-1,1,2639
SVR,H3,183,2024-04-29,2024-05-02,72250.0,-0.0156539792387543,0.0015973586520113,71119.0,72365.40916260783,0.0,72250.0,1246.4091626078298,1553535.8006327515,-1,1,2638
SVR,H4,183,2024-04-29,2024-05-03,72250.0,-0.0173287197231833,0.0019586225290802,70998.0,72391.51047772604,0.0,72250.0,1393.5104777260422,1941871.451532262,-1,1,2637
SVR,H5,183,2024-04-29,2024-05-06,72250.0,-0.0128581314878892,0.0022153536174091,71321.0,72410.05929885781,0.0,72250.0,1089.0592988578137,1186050.1564286728,-1,1,2636
SVR,H6,183,2024-04-29,2024-05-07,72250.0,-0.0154186851211072,0.0026107427457558,71136.0,72438.62616338086,0.0,72250.0,1302.6261633808608,1696834.921524341,-1,1,2635
SVR,H7,183,2024-04-29,2024-05-08,72250.0,-0.015515570934256,0.0029909167026584,71129.0,72466.09373176708,0.0,72250.0,1337.093731767076,1787819.647530805,-1,1,2634
SVR,H1,184,2024-04-30,2024-05-01,70969.0,0.0042976510870944,0.0003630401962465,71274.0,70994.76459968743,0.0,70969.0,279.2354003125656,77972.40878771877,1,1,2641
SVR,H2,184,2024-04-30,2024-05-02,70969.0,0.0021135988952922,0.0007212965698075,71119.0,71020.18969626268,0.0,70969.0,98.8103037373221,9763.476124661853,1,1,2640
SVR,H3,184,2024-04-30,2024-05-03,70969.0,0.0004086291197564,0.0015973579400213,70998.0,71082.36289564536,0.0,70969.0,84.36289564536128,7117.0981616701165,1,1,2639
SVR,H4,184,2024-04-30,2024-05-06,70969.0,0.004959912074286,0.0019586259253133,71321.0,71108.00172329358,0.0,70969.0,212.9982767064212,45368.26587990516,1,1,2638
SVR,H5,184,2024-04-30,2024-05-07,70969.0,0.0023531401034253,0.0022153565558966,71136.0,71126.22163941542,0.0,70969.0,9.778360584576149,95.6163357219924,1,1,2637
SVR,H6,184,2024-04-30,2024-05-08,70969.0,0.0022545054883118,0.0026077946199,71129.0,71154.0725763797,0.0,70969.0,25.07257637969451,628.634086315615,1,1,2636
SVR,H7,184,2024-04-30,2024-05-09,70969.0,0.0086939367893024,0.0029752312865988,71586.0,71180.14918917864,0.0,70969.0,405.8508108213573,164714.88064435316,1,1,2635
SVR,H1,185,2024-05-01,2024-05-02,71274.0,-0.0021747060639223,0.0003630386862882,71119.0,71299.87521932651,0.0,71274.0,180.87521932651,32715.84496641309,-1,1,2642
SVR,H2,185,2024-05-01,2024-05-03,71274.0,-0.003872379829952,0.0007159739478266,70998.0,71325.0303271574,0.0,71274.0,327.0303271573939,106948.83488067208,-1,1,2641
SVR,H3,185,2024-05-01,2024-05-06,71274.0,0.0006594270000279,0.0015966607498567,71321.0,71387.8003982853,0.0,71274.0,66.80039828529698,4462.293211074308,1,1,2640
SVR,H4,185,2024-05-01,2024-05-07,71274.0,-0.001936189914976,0.0019586274434672,71136.0,71413.5992124057,0.0,71274.0,277.59921240569383,77061.32272826153,-1,1,2639
SVR,H5,185,2024-05-01,2024-05-08,71274.0,-0.0020344024468951,0.0022153599694834,71129.0,71431.89756646496,0.0,71274.0,302.89756646496244,91746.93577039632,-1,1,2638
SVR,H6,185,2024-05-01,2024-05-09,71274.0,0.00437747285125,0.0026077937209885,71586.0,71459.86788966974,0.0,71274.0,126.13211033026164,15909.309256365295,1,1,2637
SVR,H7,185,2024-05-01,2024-05-10,71274.0,0.0185341078092993,0.002975232680283,72595.0,71486.0567340545,0.0,71274.0,1108.9432659455051,1229755.1670858832,1,1,2636
SVR,H1,186,2024-05-02,2024-05-03,71119.0,-0.0017013737538491,0.0003629751998723,70998.0,71144.81443323972,0.0,71119.0,146.81443323972053,21554.47780750036,-1,1,2643
SVR,H2,186,2024-05-02,2024-05-06,71119.0,0.0028403099031202,0.0007165118322883,71321.0,71169.95760500051,0.0,71119.0,151.04239499948744,22813.80508718119,1,1,2642
SVR,H3,186,2024-05-02,2024-05-07,71119.0,0.0002390359819457,0.0015904883071524,71136.0,71232.11393791638,0.0,71119.0,96.11393791637964,9237.889061793683,1,1,2641
SVR,H4,186,2024-05-02,2024-05-08,71119.0,0.0001406094011444,0.0019554516807349,71129.0,71258.06976808219,0.0,71119.0,129.06976808219042,16659.00503279042,1,1,2640
SVR,H5,186,2024-05-02,2024-05-09,71119.0,0.0065664590334508,0.0022153658582534,71586.0,71276.55460447313,0.0,71119.0,309.4453955268691,95756.45281278048,1,1,2639
SVR,H6,186,2024-05-02,2024-05-10,71119.0,0.0207539476089371,0.0026077928826115,72595.0,71304.46362201845,0.0,71119.0,1290.5363779815525,1665484.1428937446,1,1,2638
SVR,H7,186,2024-05-02,2024-05-13,71119.0,0.0098426580801191,0.0029752319740904,71819.0,71330.59552276533,0.0,71119.0,488.4044772346679,238538.9333828692,1,1,2637
SVR,H1,187,2024-05-03,2024-05-06,70998.0,0.0045494239274346,0.0003629481846401,71321.0,71023.76859521309,0.0,70998.0,297.23140478691494,88346.50799160288,1,1,2644
SVR,H2,187,2024-05-03,2024-05-07,70998.0,0.0019437167244147,0.0007147106200305,71136.0,71048.74302460092,0.0,70998.0,87.25697539908288,7613.779755796154,1,1,2643
SVR,H3,187,2024-05-03,2024-05-08,70998.0,0.0018451223978139,0.0015904864846766,71129.0,71110.92135943906,0.0,70998.0,18.078640560939675,326.8372445316532,1,1,2642
SVR,H4,187,2024-05-03,2024-05-09,70998.0,0.0082819234344628,0.0019491576930556,71586.0,71136.38629789157,0.0,70998.0,449.6137021084287,202152.48112364687,1,1,2641
SVR,H5,187,2024-05-03,2024-05-10,70998.0,0.0224935913687709,0.002210763094151,72595.0,71154.95975815854,0.0,70998.0,1440.0402418414596,2073715.8981228096,1,1,2640
SVR,H6,187,2024-05-03,2024-05-13,70998.0,0.0115637060198878,0.0026077960890342,71819.0,71183.14830672926,0.0,70998.0,635.8516932707425,404307.3758352705,1,1,2639
SVR,H7,187,2024-05-03,2024-05-14,70998.0,0.0171131581171299,0.0029752293218361,72213.0,71209.23533139173,0.0,70998.0,1003.7646686082736,1007543.5099462772,1,1,2638
SVR,H1,188,2024-05-06,2024-05-07,71321.0,-0.0025939064230731,0.0003629690979042,71136.0,71346.88731903162,0.0,71321.0,210.8873190316226,44473.46132834537,-1,1,2645
SVR,H2,188,2024-05-06,2024-05-08,71321.0,-0.0026920542336759,0.0007155361866797,71129.0,71372.03275637019,0.0,71321.0,243.0327563701867,59064.92066889052,-1,1,2644
SVR,H3,188,2024-05-06,2024-05-09,71321.0,0.0037155956871048,0.0015904848237329,71586.0,71434.43496811346,0.0,71321.0,151.56503188653733,22971.95889076708,1,1,2643
SVR,H4,188,2024-05-06,2024-05-10,71321.0,0.0178629015297038,0.0019491582120244,72595.0,71460.01591283981,0.0,71321.0,1134.9840871601918,1288188.878106854,1,1,2642
SVR,H5,188,2024-05-06,2024-05-13,71321.0,0.0069825156685969,0.0022085053768403,71819.0,71478.51281198164,0.0,71321.0,340.48718801836367,115931.52520465251,1,1,2641
SVR,H6,188,2024-05-06,2024-05-14,71321.0,0.0125068352939528,0.00260706443631,72213.0,71506.93844266207,0.0,71321.0,706.0615573379328,498522.9227504669,1,1,2640
SVR,H7,188,2024-05-06,2024-05-15,71321.0,0.0235554745446642,0.0029752310284477,73001.0,71533.19645217991,0.0,71321.0,1467.803547820091,2154447.254993246,1,1,2639
SVR,H1,189,2024-05-07,2024-05-08,71136.0,-9.840305892938606e-05,0.0001623877656071,71129.0,71147.55161609424,0.0,71136.0,18.55161609423521,344.162459707887,-1,1,2646
SVR,H2,189,2024-05-07,2024-05-09,71136.0,0.0063259109311741,0.0007160063384212,71586.0,71186.93382688993,0.0,71136.0,399.06617311006994,159253.8105207163,1,1,2645
SVR,H3,189,2024-05-07,2024-05-10,71136.0,0.020510008996851,0.0015904303026382,72595.0,71249.13685000848,0.0,71136.0,1345.863149991521,1811347.618505099,1,1,2644
SVR,H4,189,2024-05-07,2024-05-13,71136.0,0.0096013270355375,0.0019490721168037,71819.0,71274.64919410096,0.0,71136.0,544.350805899041,296317.7998829354,1,1,2643
SVR,H5,189,2024-05-07,2024-05-14,71136.0,0.0151400134952766,0.0022084799202767,72213.0,71293.10242760881,0.0,71136.0,919.8975723911864,846211.5436911978,1,1,2642
SVR,H6,189,2024-05-07,2024-05-15,71136.0,0.0262173864147547,0.0026026458556134,73001.0,71321.14181558491,0.0,71136.0,1679.8581844150904,2821923.519746364,1,1,2641
SVR,H7,189,2024-05-07,2024-05-16,71136.0,0.0247413405308141,0.0029723083279965,72896.0,71347.43812522037,0.0,71136.0,1548.5618747796252,2398043.880020988,1,1,2640
SVR,H1,190,2024-05-08,2024-05-09,71129.0,0.0064249462244654,0.0003629617894436,71586.0,71154.81710912133,0.0,71129.0,431.18289087867015,185918.6853864872,1,1,2647
SVR,H2,190,2024-05-08,2024-05-10,71129.0,0.0206104401861406,0.0007146744880876,72595.0,71179.8340816632,0.0,71129.0,1415.1659183368029,2002694.5764220464,1,1,2646
SVR,H3,190,2024-05-08,2024-05-13,71129.0,0.0097006846715124,0.0015904849611893,71819.0,71242.12960480445,0.0,71129.0,576.870395195554,332779.45285307465,1,1,2645
SVR,H4,190,2024-05-08,2024-05-14,71129.0,0.0152399162085787,0.0019491565520185,72213.0,71267.64155638852,0.0,71129.0,945.358443611476,893702.5869075124,1,1,2644
SVR,H5,190,2024-05-08,2024-05-15,71129.0,0.0263183792827117,0.0022085083584534,73001.0,71286.08899102843,0.0,71129.0,1714.911008971569,2940919.7686918834,1,1,2643
SVR,H6,190,2024-05-08,2024-05-16,71129.0,0.0248421881370468,0.0026025996967243,72896.0,71314.1203138283,0.0,71129.0,1581.8796861716985,2502343.341522671,1,1,2642
SVR,H7,190,2024-05-08,2024-05-17,71129.0,0.0346412855516033,0.0029678236620043,73593.0,71340.0983292547,0.0,71129.0,2252.901670745297,5075565.938046953,1,1,2641
SVR,H1,191,2024-05-09,2024-05-10,71586.0,0.0140949347637806,0.0003458690439133,72595.0,71610.75938137757,0.0,71586.0,984.2406186224252,968729.5953462544,1,1,2648
SVR,H2,191,2024-05-09,2024-05-13,71586.0,0.0032548263626965,0.0007168774847892,71819.0,71637.31839162612,0.0,71586.0,181.6816083738813,33008.20682132038,1,1,2647
SVR,H3,191,2024-05-09,2024-05-14,71586.0,0.008758695834381,0.0015904927492287,72213.0,71699.85701394628,0.0,71586.0,513.1429860537173,263315.7241361256,1,1,2646
SVR,H4,191,2024-05-09,2024-05-15,71586.0,0.0197664347777497,0.0019491664652254,73001.0,71725.53303057962,0.0,71586.0,1275.4669694203767,1626815.9900824002,1,1,2645
SVR,H5,191,2024-05-09,2024-05-16,71586.0,0.0182996675327578,0.0022085336497454,72896.0,71744.10008985068,0.0,71586.0,1151.8999101493246,1326873.403002022,1,1,2644
SVR,H6,191,2024-05-09,2024-05-17,71586.0,0.0280362081971334,0.0026026172170758,73593.0,71772.31095610159,0.0,71586.0,1820.689043898412,3314908.5945717134,1,1,2643
SVR,H7,191,2024-05-09,2024-05-20,71586.0,0.0376749643785097,0.002967855915951,74283.0,71798.45693359927,0.0,71586.0,2484.543066400729,6172954.248799937,1,1,2642
SVR,H1,192,2024-05-10,2024-05-13,72595.0,-0.0106894414215854,0.0003915473918581,71819.0,72623.42438291194,0.0,72595.0,804.4243829119368,647098.5878232504,-1,1,2649
SVR,H2,192,2024-05-10,2024-05-14,72595.0,-0.0052620703905227,0.0007244258141702,72213.0,72647.58969197968,0.0,72595.0,434.5896919796796,188868.20037499283,-1,1,2648
SVR,H3,192,2024-05-10,2024-05-15,72595.0,0.0055926716716028,0.0015988674296588,73001.0,72711.0697810561,0.0,72595.0,289.93021894390404,84059.53185686014,1,1,2647
SVR,H4,192,2024-05-10,2024-05-16,72595.0,0.0041462910668779,0.0019525920478522,72896.0,72736.74841971384,0.0,72595.0,159.25158028615988,25361.065823639223,1,1,2646
SVR,H5,192,2024-05-10,2024-05-17,72595.0,0.0137475032715752,0.0022156066684643,73593.0,72755.84196609716,0.0,72595.0,837.1580339028442,700833.5737280756,1,1,2645
SVR,H6,192,2024-05-10,2024-05-20,72595.0,0.0232522901026241,0.0026071649797996,74283.0,72784.26714170855,0.0,72595.0,1498.7328582914488,2246200.180522456,1,1,2644
SVR,H7,192,2024-05-10,2024-05-21,72595.0,0.0189406983952062,0.0029700673527787,73970.0,72810.61203947497,0.0,72595.0,1159.3879605250258,1344180.4430103789,1,1,2643
SVR,H1,193,2024-05-13,2024-05-14,71819.0,0.0054860134504797,0.0003673537676412,72213.0,71845.38298023822,0.0,71819.0,367.6170197617757,135142.27321852982,1,1,2650
SVR,H2,193,2024-05-13,2024-05-15,71819.0,0.0164580403514389,0.0007254101992237,73001.0,71871.09823509805,0.0,71819.0,1129.9017649019515,1276677.998328545,1,1,2649
SVR,H3,193,2024-05-13,2024-05-16,71819.0,0.0149960316907782,0.0015988533340367,72896.0,71933.82804759718,0.0,71819.0,962.1719524028158,925774.8659906464,1,1,2648
SVR,H4,193,2024-05-13,2024-05-17,71819.0,0.0247009844191647,0.0019525931451479,73593.0,71959.23328709137,0.0,71819.0,1633.766712908633,2669193.67220828,1,1,2647
SVR,H5,193,2024-05-13,2024-05-20,71819.0,0.0343084699035074,0.0022156091219534,74283.0,71978.12283152957,0.0,71819.0,2304.877168470426,5312458.761736249,1,1,2646
SVR,H6,193,2024-05-13,2024-05-21,71819.0,0.0299502917055374,0.0026071648503814,73970.0,72006.24397238955,0.0,71819.0,1963.7560276104489,3856337.735976369,1,1,2645
SVR,H7,193,2024-05-13,2024-05-22,71819.0,0.0168200615436027,0.0029700658067362,73027.0,72032.30715617399,0.0,71819.0,994.6928438260074,989413.85355867,1,1,2644
SVR,H1,194,2024-05-14,2024-05-15,72213.0,0.0109121626299972,0.0003682619113793,73001.0,72239.59329740643,0.0,72213.0,761.4067025935656,579740.1667544064,1,1,2651
SVR,H2,194,2024-05-14,2024-05-16,72213.0,0.0094581308074723,0.0007230606729129,72896.0,72265.21438037306,0.0,72213.0,630.7856196269422,397890.4979281454,1,1,2650
SVR,H3,194,2024-05-14,2024-05-17,72213.0,0.0191101325246145,0.001598852932802,73593.0,72328.45796683645,0.0,72213.0,1264.5420331635542,1599066.5536374154,1,1,2649
SVR,H4,194,2024-05-14,2024-05-20,72213.0,0.0286651987869219,0.0019532839950904,74283.0,72354.05249713747,0.0,72213.0,1928.947502862531,3720838.4687995934,1,1,2648
SVR,H5,194,2024-05-14,2024-05-21,72213.0,0.0243307991635854,0.002215615974796,73970.0,72372.99627638793,0.0,72213.0,1597.0037236120695,2550420.893230816,1,1,2647
SVR,H6,194,2024-05-14,2024-05-22,72213.0,0.0112722086050987,0.0026071629731792,73027.0,72401.27105978219,0.0,72213.0,625.7289402178139,391536.70662610856,1,1,2646
SVR,H7,194,2024-05-14,2024-05-23,72213.0,-0.0080456427513051,0.0029712234558762,71632.0,72427.56095941919,0.0,72213.0,795.5609594191919,632917.2401519852,-1,1,2645
SVR,H1,195,2024-05-15,2024-05-16,73001.0,-0.0014383364611443,0.0003696116533522,72896.0,73027.98202030637,0.0,73001.0,131.98202030637185,17419.25368415155,-1,1,2652
SVR,H2,195,2024-05-15,2024-05-17,73001.0,0.0081094779523567,0.0007289597635408,73593.0,73054.21479169825,0.0,73001.0,538.7852083017497,290289.5006847597,1,1,2651
SVR,H3,195,2024-05-15,2024-05-20,73001.0,0.0175614032684483,0.0015988521646415,74283.0,73117.71780687099,0.0,73001.0,1165.282193129009,1357882.5896235532,1,1,2650
SVR,H4,195,2024-05-15,2024-05-21,73001.0,0.0132737907699893,0.0019587011989321,73970.0,73143.98714622324,0.0,73001.0,826.0128537767596,682297.2346044264,1,1,2649
SVR,H5,195,2024-05-15,2024-05-22,73001.0,0.0003561595046643,0.0022262434843908,73027.0,73163.518000604,0.0,73001.0,136.51800060400274,18637.16448891449,1,1,2648
SVR,H6,195,2024-05-15,2024-05-23,73001.0,-0.0187531677648251,0.0026162618615186,71632.0,73191.98973215272,0.0,73001.0,1559.9897321527242,2433567.964421928,-1,1,2647
SVR,H7,195,2024-05-15,2024-05-24,73001.0,-0.0222051752715716,0.002977295987359,71380.0,73218.3455843732,0.0,73001.0,1838.3455843731936,3379514.4875844186,-1,1,2646
SVR,H1,196,2024-05-16,2024-05-17,72896.0,0.0095615671641791,0.0003722564562799,73593.0,72923.13600663697,0.0,72896.0,669.8639933630329,448717.7696042694,1,1,2653
SVR,H2,196,2024-05-16,2024-05-20,72896.0,0.0190271071115013,0.0007320169132031,74283.0,72949.36110490485,0.0,72896.0,1333.6388950951514,1778592.7025106165,1,1,2652
SVR,H3,196,2024-05-16,2024-05-21,72896.0,0.0147333187006146,0.0015998734567447,73970.0,73012.62437550287,0.0,72896.0,957.37562449713,916568.0863812696,1,1,2651
SVR,H4,196,2024-05-16,2024-05-22,72896.0,0.0017970807726075,0.0019587039761004,73027.0,73038.78168504182,0.0,72896.0,11.781685041816672,138.80810242456673,1,1,2650
SVR,H5,196,2024-05-16,2024-05-23,72896.0,-0.0173397717295873,0.0022294367763245,71632.0,73058.51702324695,0.0,72896.0,1426.5170232469536,2034950.8176133493,-1,1,2649
SVR,H6,196,2024-05-16,2024-05-24,72896.0,-0.0207967515364354,0.0026242078052363,71380.0,73087.29425217051,0.0,72896.0,1707.2942521705118,2914853.663494467,-1,1,2648
SVR,H7,196,2024-05-16,2024-05-27,72896.0,-0.0122777655838455,0.0029842678333436,72001.0,73113.54118797941,0.0,72896.0,1112.541187979412,1237747.894950641,-1,1,2647
SVR,H1,197,2024-05-17,2024-05-20,73593.0,0.0093758917288329,0.0003744777739018,74283.0,73620.55894281477,0.0,73593.0,662.441057185235,438828.1542446917,1,1,2654
SVR,H2,197,2024-05-17,2024-05-21,73593.0,0.0051227698286522,0.000734907635847,73970.0,73647.08405764488,0.0,73593.0,322.9159423551173,104274.70582709344,1,1,2653
SVR,H3,197,2024-05-17,2024-05-22,73593.0,-0.0076909488674195,0.0016063657815642,73027.0,73711.21727696265,0.0,73593.0,684.2172769626486,468153.2820941818,-1,1,2652
SVR,H4,197,2024-05-17,2024-05-23,73593.0,-0.0266465560583207,0.0019685664374841,71632.0,73737.87270983377,0.0,73593.0,2105.872709833769,4434699.870022624,-1,1,2651
SVR,H5,197,2024-05-17,2024-05-24,73593.0,-0.0300707947766771,0.0022294436702882,71380.0,73757.0714480275,0.0,73593.0,2377.071448027505,5650468.669027582,-1,1,2650
SVR,H6,197,2024-05-17,2024-05-27,73593.0,-0.0216324922207274,0.0026347977380059,72001.0,73786.90266993307,0.0,73593.0,1785.9026699330716,3189448.346474074,-1,1,2649
SVR,H7,197,2024-05-17,2024-05-28,73593.0,-0.0196757843816667,0.002998037089784,72145.0,73813.63454354847,0.0,73593.0,1668.634543548469,2784341.239923208,-1,1,2648
SVR,H1,198,2024-05-20,2024-05-21,74283.0,-0.0042136154974893,0.0003756368107568,73970.0,74310.90342921345,0.0,74283.0,340.90342921344563,116215.14804948674,-1,1,2655
SVR,H2,198,2024-05-20,2024-05-22,74283.0,-0.0169083101113309,0.000741706244987,73027.0,74338.09616499637,0.0,74283.0,1311.096164996372,1718973.1538681935,-1,1,2654
SVR,H3,198,2024-05-20,2024-05-23,74283.0,-0.0356878424403969,0.0016103340877372,71632.0,74402.62044703937,0.0,74283.0,2770.620447039372,7676337.661552646,-1,1,2653
SVR,H4,198,2024-05-20,2024-05-24,74283.0,-0.0390802740869378,0.0019828490718401,71380.0,74430.2919776035,0.0,74283.0,3050.291977603498,9304281.148632258,-1,1,2652
SVR,H5,198,2024-05-20,2024-05-27,74283.0,-0.0307203532436761,0.0022474016122398,72001.0,74449.943733962,0.0,74283.0,2448.9437339620054,5997325.412111769,-1,1,2651
SVR,H6,198,2024-05-20,2024-05-28,74283.0,-0.0287818208742242,0.0026414019529274,72145.0,74479.21126126932,0.0,74283.0,2334.2112612693163,5448542.212236493,-1,1,2650
SVR,H7,198,2024-05-20,2024-05-29,74283.0,-0.0308280494864235,0.0030133658981599,71993.0,74506.84185901302,0.0,74283.0,2513.841859013017,6319400.89212602,-1,1,2649
SVR,H1,199,2024-05-21,2024-05-22,73970.0,-0.012748411518183,0.000375864782865,73027.0,73997.80271798854,0.0,73970.0,970.8027179885394,942457.9172539356,-1,1,2656
SVR,H2,199,2024-05-21,2024-05-23,73970.0,-0.0316074084088143,0.0007431158535469,71632.0,74024.96827968686,0.0,73970.0,2392.9682796868583,5726297.187587482,-1,1,2655
SVR,H3,199,2024-05-21,2024-05-24,73970.0,-0.0350141949438961,0.0016103324680776,71380.0,74089.1162926637,0.0,73970.0,2709.1162926637044,7339311.087175934,-1,1,2654
SVR,H4,199,2024-05-21,2024-05-27,73970.0,-0.0266188995538732,0.0019828503816593,72001.0,74116.67144273136,0.0,73970.0,2115.6714427313564,4476065.653588979,-1,1,2653
SVR,H5,199,2024-05-21,2024-05-28,73970.0,-0.0246721643909693,0.0022561456589134,72145.0,74136.88709438982,0.0,73970.0,1991.8870943898216,3967614.196796728,-1,1,2652
SVR,H6,199,2024-05-21,2024-05-29,73970.0,-0.0267270515073678,0.0026525133496286,71993.0,74166.20641247203,0.0,73970.0,2173.2064124720346,4722826.11120957,-1,1,2651
SVR,H7,199,2024-05-21,2024-05-30,73970.0,-0.0286332296877112,0.0030158847754906,71852.0,74193.08499684304,0.0,73970.0,2341.084996843041,5480678.962443582,-1,1,2650
SVR,H1,200,2024-05-22,2024-05-23,73027.0,-0.019102523724102,0.0003675802163639,71632.0,73053.84328046041,0.0,73027.0,1421.843280460409,2021638.3141904173,-1,1,2657
SVR,H2,200,2024-05-22,2024-05-24,73027.0,-0.0225533022032946,0.0007368753447593,71380.0,73080.81179580174,0.0,73027.0,1700.8117958017392,2892760.764738337,-1,1,2656
SVR,H3,200,2024-05-22,2024-05-27,73027.0,-0.0140495980938556,0.0016103303815707,72001.0,73144.59759677498,0.0,73027.0,1143.5975967749837,1307815.463349518,-1,1,2655
SVR,H4,200,2024-05-22,2024-05-28,73027.0,-0.0120777246771741,0.0019828491202001,72145.0,73171.80152270087,0.0,73027.0,1026.8015227008727,1054321.367020831,-1,1,2654
SVR,H5,200,2024-05-22,2024-05-29,73027.0,-0.0141591466170046,0.0022561496756651,71993.0,73191.7598423648,0.0,73027.0,1198.7598423648014,1437025.1596664835,-1,1,2653
SVR,H6,200,2024-05-22,2024-05-30,73027.0,-0.0160899393375053,0.0026525148721766,71852.0,73220.70520357045,0.0,73027.0,1368.7052035704546,1873353.9342808395,-1,1,2652
SVR,H7,200,2024-05-22,2024-05-31,73027.0,-0.0181302805811549,0.0030167804870836,71703.0,73247.30642863025,0.0,73027.0,1544.3064286302542,2384882.3455087305,-1,1,2651
SVR,H1,201,2024-05-23,2024-05-24,71632.0,-0.003517980790708,0.0003492238512283,71380.0,71657.0156029112,0.0,71632.0,277.0156029111968,76737.64425625384,-1,1,2658
SVR,H2,201,2024-05-23,2024-05-27,71632.0,0.0051513290149654,0.0007245227190212,72001.0,71683.89901140894,0.0,71632.0,317.10098859106074,100553.03696542804,1,1,2657
SVR,H3,201,2024-05-23,2024-05-28,71632.0,0.0071616037525128,0.0015794319671492,72145.0,71745.13787067083,0.0,71632.0,399.8621293291653,159889.72247165412,1,1,2656
SVR,H4,201,2024-05-23,2024-05-29,71632.0,0.0050396470851017,0.0019665798851056,71993.0,71772.87005032989,0.0,71632.0,220.1299496701104,48457.19474176532,1,1,2655
SVR,H5,201,2024-05-23,2024-05-30,71632.0,0.0030712530712531,0.0022497164194054,71852.0,71793.15168655486,0.0,71632.0,58.84831344513805,3463.1239953372155,1,1,2654
SVR,H6,201,2024-05-23,2024-05-31,71632.0,0.0009911771275408,0.0026452958002832,71703.0,71821.48782876588,0.0,71632.0,118.4878287658794,14039.365565652355,1,1,2653
SVR,H7,201,2024-05-23,2024-06-03,71632.0,0.0025966048693322,0.0030167823097119,71818.0,71848.09815040929,0.0,71632.0,30.09815040929243,905.89865806039,1,1,2652
SVR,H1,202,2024-05-24,2024-05-27,71380.0,0.0086999159428411,0.000349266668133,72001.0,71404.93065477133,0.0,71380.0,596.069345228665,355298.66432132944,1,1,2659
SVR,H2,202,2024-05-24,2024-05-28,71380.0,0.0107172877556738,0.0007156710110461,72145.0,71431.08459676847,0.0,71380.0,713.9154032315273,509675.2029712342,1,1,2658
SVR,H3,202,2024-05-24,2024-05-29,71380.0,0.008587839731017,0.0015490191491528,71993.0,71490.56898686654,0.0,71380.0,502.43101313346415,252436.9229583192,1,1,2657
SVR,H4,202,2024-05-24,2024-05-30,71380.0,0.0066124964976184,0.0019380961345468,71852.0,71518.34130208395,0.0,71380.0,333.6586979160493,111328.12669503342,1,1,2656
SVR,H5,202,2024-05-24,2024-05-31,71380.0,0.0045250770523956,0.002231594045592,71703.0,71539.29118297437,0.0,71380.0,163.70881702563202,26800.576771931865,1,1,2655
SVR,H6,202,2024-05-24,2024-06-03,71380.0,0.0061361725973663,0.0026363980357984,71818.0,71568.18609179529,0.0,71380.0,249.8139082047128,62406.98873251267,1,1,2654
SVR,H7,202,2024-05-24,2024-06-04,71380.0,0.0056318296441579,0.0030072071692461,71782.0,71594.65444774079,0.0,71380.0,187.34555225921213,35098.35595130918,1,1,2653
SVR,H1,203,2024-05-27,2024-05-28,72001.0,0.001999972222608,0.0003505257986968,72145.0,72026.23820803198,0.0,72001.0,118.76179196801968,14104.363231455183,1,1,2660
SVR,H2,203,2024-05-27,2024-05-29,72001.0,-0.0001111095679227,0.0007174017267733,71993.0,72052.6536417294,0.0,72001.0,59.65364172939735,3558.5569715792967,-1,1,2659
SVR,H3,203,2024-05-27,2024-05-30,72001.0,-0.0020694157025596,0.001545077204434,71852.0,72112.24710379646,0.0,72001.0,260.24710379645694,67728.55503444384,-1,1,2658
SVR,H4,203,2024-05-27,2024-05-31,72001.0,-0.0041388314051193,0.0019219558154646,71703.0,72139.38274066927,0.0,72001.0,436.3827406692726,190429.89635402564,-1,1,2657
SVR,H5,203,2024-05-27,2024-06-03,72001.0,-0.0025416313662309,0.0022132600627475,71818.0,72160.35693777789,0.0,72001.0,342.3569377778913,117208.27284465492,-1,1,2656
SVR,H6,203,2024-05-27,2024-06-04,72001.0,-0.003041624421883,0.0026268390224428,71782.0,72190.13503645491,0.0,72001.0,408.1350364549144,166574.20798205427,-1,1,2655
SVR,H7,203,2024-05-27,2024-06-05,72001.0,0.0067221288593213,0.0030055255403657,72485.0,72217.40084443188,0.0,72001.0,267.59915556812484,71609.30806077349,1,1,2654
SVR,H1,204,2024-05-28,2024-05-29,72145.0,-0.0021068681128283,0.0003505120958421,71993.0,72170.28769515452,0.0,72145.0,177.2876951545186,31430.926853201512,-1,1,2661
SVR,H2,204,2024-05-28,2024-05-30,72145.0,-0.0040612655069651,0.0007213214375338,71852.0,72197.03973511088,0.0,72145.0,345.03973511088407,119052.41880538904,-1,1,2660
SVR,H3,204,2024-05-28,2024-05-31,72145.0,-0.0061265506965139,0.0015450782780045,71703.0,72256.46967236664,0.0,72145.0,553.469672366642,306328.6782296381,-1,1,2659
SVR,H4,204,2024-05-28,2024-06-03,72145.0,-0.0045325386374661,0.0019209007638687,71818.0,72283.58338560931,0.0,72145.0,465.5833856093086,216767.8889554261,-1,1,2658
SVR,H5,204,2024-05-28,2024-06-04,72145.0,-0.0050315337168203,0.0022007067782633,71782.0,72303.76999051782,0.0,72145.0,521.769990517816,272243.92300496186,-1,1,2657
SVR,H6,204,2024-05-28,2024-06-05,72145.0,0.0047127313050108,0.0026123525122709,72485.0,72333.4681719978,0.0,72145.0,151.53182800220384,22961.894897689486,1,1,2656
SVR,H7,204,2024-05-28,2024-06-06,72145.0,0.0113382770808787,0.0029978951300465,72963.0,72361.2831441572,0.0,72145.0,601.7168558427948,362063.17460533866,1,1,2655
SVR,H1,205,2024-05-29,2024-05-30,71993.0,-0.001958523745364,0.0003504917946128,71852.0,72018.23295576956,0.0,71993.0,166.23295576956298,27633.39558388548,-1,1,2662
SVR,H2,205,2024-05-29,2024-05-31,71993.0,-0.0040281694053588,0.0007210100446581,71703.0,72044.90767614507,0.0,71993.0,341.9076761450706,116900.85900692247,-1,1,2661
SVR,H3,205,2024-05-29,2024-06-03,71993.0,-0.0024307918825441,0.0015450759938725,71818.0,72104.23465602686,0.0,71993.0,286.2346560268634,81930.2783108168,-1,1,2660
SVR,H4,205,2024-05-29,2024-06-04,71993.0,-0.0029308404983817,0.0019209018996965,71782.0,72131.29149046485,0.0,71993.0,349.29149046484963,122004.54531115614,-1,1,2659
SVR,H5,205,2024-05-29,2024-06-05,71993.0,0.0068339977497813,0.0021972764765353,72485.0,72151.18852537521,0.0,71993.0,333.8114746247884,111430.10059117574,1,1,2658
SVR,H6,205,2024-05-29,2024-06-06,71993.0,0.0134735321489589,0.0025986214271135,72963.0,72180.0825524022,0.0,71993.0,782.917447597807,612959.7297530649,1,1,2657
SVR,H7,205,2024-05-29,2024-06-07,71993.0,-0.0095148139402442,0.0029832954924267,71308.0,72207.77639238628,0.0,71993.0,899.7763923862803,809597.5562956695,-1,1,2656
SVR,H1,206,2024-05-30,2024-05-31,71852.0,-0.0020737070645214,0.0003504558648879,71703.0,71877.18095480393,0.0,71852.0,174.18095480393094,30339.005016409035,-1,1,2663
SVR,H2,206,2024-05-30,2024-06-03,71852.0,-0.000473194900629,0.0007191454850742,71818.0,71903.67204139357,0.0,71852.0,85.67204139356909,7339.698676541415,-1,1,2662
SVR,H3,206,2024-05-30,2024-06-04,71852.0,-0.0009742247954127,0.0015450749375289,71782.0,71963.01672441133,0.0,71852.0,181.0167244113254,32767.05451660573,-1,1,2661
SVR,H4,206,2024-05-30,2024-06-05,71852.0,0.008809775649947,0.0019208999128494,72485.0,71990.02050053806,0.0,71852.0,494.9794994619442,245004.70488759683,1,1,2660
SVR,H5,206,2024-05-30,2024-06-06,71852.0,0.0154623392529087,0.0021972790008303,72963.0,72009.87889076765,0.0,71852.0,953.12110923235,908439.8488643056,1,1,2659
SVR,H6,206,2024-05-30,2024-06-07,71852.0,-0.007571118410065,0.0025936526413263,71308.0,72038.35912958458,0.0,71852.0,730.3591295845836,533424.4581675505,-1,1,2658
SVR,H7,206,2024-05-30,2024-06-10,71852.0,-0.0076407058954517,0.0029693133691425,71303.0,72065.35110419962,0.0,71852.0,762.3511041996244,581179.2060743866,-1,1,2657
SVR,H1,207,2024-05-31,2024-06-03,71703.0,0.0016038380541958,0.0003504182549859,71818.0,71728.12604013724,0.0,71703.0,89.87395986275806,8077.328661412646,1,1,2664
SVR,H2,207,2024-05-31,2024-06-04,71703.0,0.0011017670111432,0.0007172955278073,71782.0,71754.43224123037,0.0,71703.0,27.56775876962638,759.9813235803122,1,1,2663
SVR,H3,207,2024-05-31,2024-06-05,71703.0,0.0109060987685312,0.0015450735536991,72485.0,71813.7864090209,0.0,71703.0,671.2135909790959,450527.68471505307,1,1,2662
SVR,H4,207,2024-05-31,2024-06-06,71703.0,0.0175724865068407,0.0019208980302171,72963.0,71840.73415146067,0.0,71703.0,1122.265848539333,1259480.6347977093,1,1,2661
SVR,H5,207,2024-05-31,2024-06-07,71703.0,-0.0055088350557159,0.0021972736225331,71308.0,71860.5511105565,0.0,71703.0,552.5511105564947,305312.72977721563,-1,1,2660
SVR,H6,207,2024-05-31,2024-06-10,71703.0,-0.0055785671450288,0.0025936502353926,71303.0,71888.97250282836,0.0,71703.0,585.9725028283574,343363.7740709293,-1,1,2659
SVR,H7,207,2024-05-31,2024-06-11,71703.0,-0.0049788711769381,0.002962901220535,71346.0,71915.44890621601,0.0,71703.0,569.4489062160137,324272.0567906144,-1,1,2658
SVR,H1,208,2024-06-03,2024-06-04,71818.0,-0.0005012670918154,0.0003507152003137,71782.0,71843.18766425613,0.0,71818.0,61.18766425612557,3743.930257120347,-1,1,2665
SVR,H2,208,2024-06-03,2024-06-05,71818.0,0.0092873652844691,0.0007168439075961,72485.0,71869.48229575575,0.0,71818.0,615.517704244252,378862.0442381144,1,1,2664
SVR,H3,208,2024-06-03,2024-06-06,71818.0,0.0159430783369072,0.0015450715914636,72963.0,71928.96395155574,0.0,71818.0,1034.0360484442645,1069230.5494822292,1,1,2663
SVR,H4,208,2024-06-03,2024-06-07,71818.0,-0.0071012838007185,0.0019208979118389,71308.0,71955.95504623246,0.0,71818.0,647.9550462324551,419845.741938103,-1,1,2662
SVR,H5,208,2024-06-03,2024-06-10,71818.0,-0.0071709042301373,0.0021972741057247,71303.0,71975.80383172494,0.0,71818.0,672.8038317249448,452664.9959837678,-1,1,2661
SVR,H6,208,2024-06-03,2024-06-11,71818.0,-0.0065721685371354,0.0025936380514033,71346.0,72004.26989757568,0.0,71818.0,658.2698975756794,433319.2580542954,-1,1,2660
SVR,H7,208,2024-06-03,2024-06-12,71818.0,-0.0003063298894427,0.0029628993276895,71796.0,72030.789503916,0.0,71818.0,234.78950391600665,55126.1111491245,-1,1,2659
SVR,H1,209,2024-06-04,2024-06-05,71782.0,0.009793541556379,0.0003504507703405,72485.0,71807.15605719658,0.0,71782.0,677.843942803418,459472.41079528345,1,1,2666
SVR,H2,209,2024-06-04,2024-06-06,71782.0,0.0164525925719538,0.0007168440368124,72963.0,71833.45649865047,0.0,71782.0,1129.5435013495298,1275868.521440955,1,1,2665
SVR,H3,209,2024-06-04,2024-06-07,71782.0,-0.0066033267392939,0.0015450682691967,71308.0,71892.90809049948,0.0,71782.0,584.9080904994771,342117.4743317445,-1,1,2664
SVR,H4,209,2024-06-04,2024-06-10,71782.0,-0.0066729820846451,0.0019208971948804,71303.0,71919.88584244292,0.0,71782.0,616.88584244292,380548.1426065111,-1,1,2663
SVR,H5,209,2024-06-04,2024-06-11,71782.0,-0.0060739461146248,0.0021972766515142,71346.0,71939.72491259899,0.0,71782.0,593.7249125989911,352509.2718406796,-1,1,2662
SVR,H6,209,2024-06-04,2024-06-12,71782.0,0.0001950349669834,0.0025936328490117,71796.0,71968.17615316776,0.0,71782.0,172.1761531677621,29644.627719648677,1,1,2661
SVR,H7,209,2024-06-04,2024-06-13,71782.0,-0.0104761639408208,0.0029628872113542,71030.0,71994.68196980543,0.0,71782.0,964.6819698054314,930611.3028676872,-1,1,2660
SVR,H1,210,2024-06-05,2024-06-06,72485.0,0.0065944678209284,0.0004274017724816,72963.0,72515.98021747834,0.0,72485.0,447.0197825216601,199826.68596571227,1,1,2667
SVR,H2,210,2024-06-05,2024-06-07,72485.0,-0.0162378423122024,0.0007197141517963,71308.0,72537.16848029295,0.0,72485.0,1229.1684802929522,1510855.1529456854,-1,1,2666
SVR,H3,210,2024-06-05,2024-06-10,72485.0,-0.0163068221011243,0.0015450677843449,71303.0,72596.99423834824,0.0,72485.0,1293.9942383482412,1674421.0888784449,-1,1,2665
SVR,H4,210,2024-06-05,2024-06-11,72485.0,-0.0157135959163965,0.0019208940647559,71346.0,72624.23600628383,0.0,72485.0,1278.236006283827,1633887.287760428,-1,1,2664
SVR,H5,210,2024-06-05,2024-06-12,72485.0,-0.0095054149134303,0.0021972764933174,71796.0,72644.2695866181,0.0,72485.0,848.269586618102,719561.2915812457,-1,1,2663
SVR,H6,210,2024-06-05,2024-06-13,72485.0,-0.0200731185762571,0.002593741063904,71030.0,72673.00732101708,0.0,72485.0,1643.0073210170813,2699473.0569157265,-1,1,2662
SVR,H7,210,2024-06-05,2024-06-14,72485.0,-0.0109539904807891,0.0029628795894983,71691.0,72699.7643270448,0.0,72485.0,1008.7643270448024,1017605.4675181533,-1,1,2661
SVR,H1,211,2024-06-06,2024-06-07,72963.0,-0.0226827296026753,0.0003379150441447,71308.0,72987.65529536593,0.0,72963.0,1679.6552953659266,2821241.911250798,-1,1,2668
SVR,H2,211,2024-06-06,2024-06-10,72963.0,-0.0227512574866712,0.0007256944235005,71303.0,73015.94884222187,0.0,72963.0,1712.948842221871,2934193.7360692485,-1,1,2667
SVR,H3,211,2024-06-06,2024-06-11,72963.0,-0.0221619176843057,0.0015474110003911,71346.0,73075.90374882153,0.0,72963.0,1729.9037488215254,2992566.980186767,-1,1,2666
SVR,H4,211,2024-06-06,2024-06-12,72963.0,-0.0159944081246659,0.00192366136098,71796.0,73103.35610388119,0.0,72963.0,1307.3561038811897,1709179.9823554037,-1,1,2665
SVR,H5,211,2024-06-06,2024-06-13,72963.0,-0.0264928799528527,0.0021978588795637,71030.0,73123.3623774296,0.0,72963.0,2093.3623774295997,4382166.043237704,-1,1,2664
SVR,H6,211,2024-06-06,2024-06-14,72963.0,-0.0174334936885819,0.0025937442224789,71691.0,73152.24735970474,0.0,72963.0,1461.2473597047356,2135243.846244061,-1,1,2663
SVR,H7,211,2024-06-06,2024-06-17,72963.0,-0.0229979578690568,0.0029628783303787,71285.0,73179.18049161942,0.0,72963.0,1894.1804916194235,3587919.7348316,-1,1,2662
SVR,H1,212,2024-06-07,2024-06-10,71308.0,-7.011835979131575e-05,0.0003320353779279,71303.0,71331.67677872928,0.0,71308.0,28.67677872927743,822.3576382879385,-1,1,2669
SVR,H2,212,2024-06-07,2024-06-11,71308.0,0.000532899534414,0.0007192339944716,71346.0,71359.28713767779,0.0,71308.0,13.28713767779118,176.54802766857796,1,1,2668
SVR,H3,212,2024-06-07,2024-06-12,71308.0,0.0068435519156335,0.0015474100544192,71796.0,71418.34271616054,0.0,71308.0,377.65728383946407,142625.02403700154,1,1,2667
SVR,H4,212,2024-06-07,2024-06-13,71308.0,-0.0038985808043978,0.0019236637147694,71030.0,71445.17261217278,0.0,71308.0,415.1726121727843,172368.29789837316,-1,1,2666
SVR,H5,212,2024-06-07,2024-06-14,71308.0,0.0053710663600157,0.002197861097955,71691.0,71464.72507917297,0.0,71308.0,226.2749208270252,51200.33979527652,1,1,2665
SVR,H6,212,2024-06-07,2024-06-17,71308.0,-0.00032254445504,0.002593729278257,71285.0,71492.95364737394,0.0,71308.0,207.95364737394263,43244.71945612609,-1,1,2664
SVR,H7,212,2024-06-07,2024-06-18,71308.0,0.0027346160318617,0.0029628687713137,71503.0,71519.27624634483,0.0,71308.0,16.276246344830724,264.9161950776155,1,1,2663
SVR,H1,213,2024-06-10,2024-06-11,71303.0,0.0006030601797961,0.0003317261880863,71346.0,71326.65307238912,0.0,71303.0,19.34692761088081,374.3036079806623,1,1,2670
SVR,H2,213,2024-06-10,2024-06-12,71303.0,0.0069141550846387,0.0007105186469586,71796.0,71353.6621110841,0.0,71303.0,442.33788891590666,195662.807970581,1,1,2669
SVR,H3,213,2024-06-10,2024-06-13,71303.0,-0.0038287309089378,0.0015404758856228,71030.0,71412.84055207256,0.0,71303.0,382.8405520725646,146566.88831122604,-1,1,2668
SVR,H4,213,2024-06-10,2024-06-14,71303.0,0.0054415662735087,0.0019236648488743,71691.0,71440.16307471928,0.0,71303.0,250.83692528071697,62919.16308428399,1,1,2667
SVR,H5,213,2024-06-10,2024-06-17,71303.0,-0.0002524437961937,0.0021978688009683,71285.0,71459.71463911544,0.0,71303.0,174.71463911543833,30525.205121237854,-1,1,2666
SVR,H6,213,2024-06-10,2024-06-18,71303.0,0.0028049310688189,0.0025937279420637,71503.0,71487.94058345298,0.0,71303.0,15.05941654702474,226.7860267368025,1,1,2665
SVR,H7,213,2024-06-10,2024-06-19,71303.0,0.0030293255543245,0.0029628608419459,71519.0,71514.26086661329,0.0,71303.0,4.739133386712638,22.4593852570544,1,1,2664
SVR,H1,214,2024-06-11,2024-06-12,71346.0,0.0063072912286603,0.0003316437731296,71796.0,71369.6614566377,0.0,71346.0,426.33854336230434,181764.55355629144,1,1,2671
SVR,H2,214,2024-06-11,2024-06-13,71346.0,-0.0044291200627926,0.0007105187794372,71030.0,71396.69267283773,0.0,71346.0,366.6926728377293,134463.516312878,-1,1,2670
SVR,H3,214,2024-06-11,2024-06-14,71346.0,0.0048355899419729,0.0015267467985036,71691.0,71454.92727708604,0.0,71346.0,236.0727229139593,55730.330504011006,1,1,2669
SVR,H4,214,2024-06-11,2024-06-17,71346.0,-0.0008549883665517,0.0019188537012777,71285.0,71482.90253617136,0.0,71346.0,197.9025361713575,39165.41382305546,-1,1,2668
SVR,H5,214,2024-06-11,2024-06-18,71346.0,0.0022005438286658,0.0021978776508388,71503.0,71502.80977887675,0.0,71346.0,0.1902211232518311,0.0361840757311883,1,1,2667
SVR,H6,214,2024-06-11,2024-06-19,71346.0,0.0024248030723517,0.0025937379912413,71519.0,71531.0528307231,0.0,71346.0,12.05283072309976,145.27072843969748,1,1,2666
SVR,H7,214,2024-06-11,2024-06-20,71346.0,0.012782776890085,0.0029628583042137,72258.0,71557.38808857244,0.0,71346.0,700.6119114275643,490857.0504341853,1,1,2665
SVR,H1,215,2024-06-12,2024-06-13,71796.0,-0.0106691180567162,0.00033164529449,71030.0,71819.81080556322,0.0,71796.0,789.8108055632183,623801.1085844198,-1,1,2672
SVR,H2,215,2024-06-12,2024-06-14,71796.0,-0.0014624770182183,0.0007129356926321,71691.0,71847.18593098821,0.0,71796.0,156.18593098821293,24394.04503865481,-1,1,2671
SVR,H3,215,2024-06-12,2024-06-17,71796.0,-0.007117388155329,0.0015267449545496,71285.0,71905.61418075683,0.0,71796.0,620.6141807568347,385161.96135647706,-1,1,2670
SVR,H4,215,2024-06-12,2024-06-18,71796.0,-0.0040810072984567,0.0019134071992821,71503.0,71933.37498327966,0.0,71796.0,430.3749832796602,185222.62623296783,-1,1,2669
SVR,H5,215,2024-06-12,2024-06-19,71796.0,-0.0038581536575853,0.0021978822937857,71519.0,71953.79915716464,0.0,71796.0,434.79915716464166,189050.3070710828,-1,1,2668
SVR,H6,215,2024-06-12,2024-06-20,71796.0,0.0064348988801603,0.0025937403679661,72258.0,71982.2201834585,0.0,71796.0,275.7798165415006,76054.50721166375,1,1,2667
SVR,H7,215,2024-06-12,2024-06-21,71796.0,-0.0051117053874867,0.0029628652322498,71429.0,72008.7218722146,0.0,71796.0,579.7218722146063,336077.4491240083,-1,1,2666
SVR,H1,216,2024-06-13,2024-06-14,71030.0,0.0093059270730677,0.0003259606904138,71691.0,71053.15298784009,0.0,71030.0,637.8470121599094,406848.81092132354,1,1,2673
SVR,H2,216,2024-06-13,2024-06-17,71030.0,0.0035900323806841,0.0007109358472855,71285.0,71080.4977732327,0.0,71030.0,204.5022267673048,41821.16075278616,1,1,2672
SVR,H3,216,2024-06-13,2024-06-18,71030.0,0.0066591581022104,0.0015267415810944,71503.0,71138.44445450514,0.0,71030.0,364.5555454948626,132900.74575105682,1,1,2671
SVR,H4,216,2024-06-13,2024-06-19,71030.0,0.0068844150359004,0.0019134081671172,71519.0,71165.90938211035,0.0,71030.0,353.0906178896548,124672.98444169822,1,1,2670
SVR,H5,216,2024-06-13,2024-06-20,71030.0,0.0172884696607067,0.0021831681071038,72258.0,71185.07043064758,0.0,71030.0,1072.9295693524182,1151177.8607907656,1,1,2669
SVR,H6,216,2024-06-13,2024-06-21,71030.0,0.005617344783894,0.0025855121488891,71429.0,71213.64892793559,0.0,71030.0,215.3510720644117,46376.08423929145,1,1,2668
SVR,H7,216,2024-06-13,2024-06-24,71030.0,0.0067858651274108,0.002962252692012,71512.0,71240.40880871362,0.0,71030.0,271.5911912863812,73761.77518435572,1,1,2667
SVR,H1,217,2024-06-14,2024-06-17,71691.0,-0.0056631934273478,0.0003283194346817,71285.0,71714.53754859176,0.0,71691.0,429.5375485917612,184502.5056502196,-1,1,2674
SVR,H2,217,2024-06-14,2024-06-18,71691.0,-0.0026223654294122,0.0007101003152118,71503.0,71741.90780169786,0.0,71691.0,238.90780169786007,57076.93771210405,-1,1,2673
SVR,H3,217,2024-06-14,2024-06-19,71691.0,-0.0023991853928666,0.0015267398081812,71519.0,71800.45350358833,0.0,71691.0,281.45350358833093,79216.07468214662,-1,1,2672
SVR,H4,217,2024-06-14,2024-06-20,71691.0,0.0079089425450893,0.0019133992185724,72258.0,71828.17350337868,0.0,71691.0,429.82649662131735,184750.81719775533,1,1,2671
SVR,H5,217,2024-06-14,2024-06-21,71691.0,-0.0036545730984363,0.002183171781529,71429.0,71847.5137681896,0.0,71691.0,418.5137681896013,175153.7741642593,-1,1,2670
SVR,H6,217,2024-06-14,2024-06-24,71691.0,-0.0024968266588553,0.002579919749549,71512.0,71875.95702676493,0.0,71691.0,363.9570267649251,132464.7173315644,-1,1,2669
SVR,H7,217,2024-06-14,2024-06-25,71691.0,-0.0068348886192129,0.0029613048936895,71201.0,71903.2989091335,0.0,71691.0,702.2989091335039,493223.7577701096,-1,1,2668
SVR,H1,218,2024-06-17,2024-06-18,71285.0,0.0030581468752191,0.0003282850547321,71503.0,71308.40180012658,0.0,71285.0,194.59819987342053,37868.459393975725,1,1,2675
SVR,H2,218,2024-06-17,2024-06-19,71285.0,0.0032825980220243,0.0007112127243971,71519.0,71335.69879905865,0.0,71285.0,183.30120094135052,33599.33026654137,1,1,2674
SVR,H3,218,2024-06-17,2024-06-20,71285.0,0.0136494353650837,0.0015267384245398,72258.0,71393.83354859332,0.0,71285.0,864.1664514066797,746783.6557368133,1,1,2673
SVR,H4,218,2024-06-17,2024-06-21,71285.0,0.0020200603212456,0.0019133969673576,71429.0,71421.3965028181,0.0,71285.0,7.60349718190264,57.813169395201385,1,1,2672
SVR,H5,218,2024-06-17,2024-06-24,71285.0,0.003184400645297,0.0021831466641637,71512.0,71440.6256099549,0.0,71285.0,71.3743900450936,5094.303554309157,1,1,2671
SVR,H6,218,2024-06-17,2024-06-25,71285.0,-0.0011783685207266,0.0025799210096889,71201.0,71468.90966917567,0.0,71285.0,267.9096691756713,71775.59083781764,-1,1,2670
SVR,H7,218,2024-06-17,2024-06-26,71285.0,-0.0051343199831661,0.002951998814833,70919.0,71495.43323551537,0.0,71285.0,576.4332355153747,332275.2750067234,-1,1,2669
SVR,H1,219,2024-06-18,2024-06-19,71503.0,0.000223766834958,0.0003278689926432,71519.0,71526.44361658097,0.0,71503.0,7.443616580974776,55.407427804562616,1,1,2676
SVR,H2,219,2024-06-18,2024-06-20,71503.0,0.0105589975245794,0.0007099235506149,72258.0,71553.76166363963,0.0,71503.0,704.2383363603731,495951.63439962594,1,1,2675
SVR,H3,219,2024-06-18,2024-06-21,71503.0,-0.0010349216116806,0.0015267161698926,71429.0,71612.16478629583,0.0,71503.0,183.16478629583435,33549.33893879867,-1,1,2674
SVR,H4,219,2024-06-18,2024-06-24,71503.0,0.0001258688446639,0.0019134007891395,71512.0,71639.81389662584,0.0,71503.0,127.81389662584117,16336.392170681209,1,1,2673
SVR,H5,219,2024-06-18,2024-06-25,71503.0,-0.0042235990098317,0.0021831464065881,71201.0,71659.10151751028,0.0,71503.0,458.10151751028025,209857.0003452216,-1,1,2672
SVR,H6,219,2024-06-18,2024-06-26,71503.0,-0.008167489475966,0.0025798837759161,70919.0,71687.46942962933,0.0,71503.0,768.469429629331,590545.2642748293,-1,1,2671
SVR,H7,219,2024-06-18,2024-06-27,71503.0,-0.0027970854369746,0.0029519924004931,71303.0,71714.07631261245,0.0,71503.0,411.0763126124512,168983.73479104968,-1,1,2670
SVR,H1,220,2024-06-19,2024-06-20,71519.0,0.010332918525147,0.0002972640979837,72258.0,71540.2600310237,0.0,71519.0,717.739968976297,515150.6630660957,1,1,2677
SVR,H2,220,2024-06-19,2024-06-21,71519.0,-0.0012584068569191,0.0007109145963629,71429.0,71569.84390101727,0.0,71519.0,140.8439010172733,19837.00445376348,-1,1,2676
SVR,H3,220,2024-06-19,2024-06-24,71519.0,-9.787608887146249e-05,0.0015267100813961,71512.0,71628.18877831138,0.0,71519.0,116.18877831137796,13499.832205490537,-1,1,2675
SVR,H4,220,2024-06-19,2024-06-25,71519.0,-0.0044463708944476,0.0019134011361781,71201.0,71655.84453585833,0.0,71519.0,454.8445358583267,206883.55180017665,-1,1,2674
SVR,H5,220,2024-06-19,2024-06-26,71519.0,-0.0083893790461275,0.0021831493953319,70919.0,71675.13666160475,0.0,71519.0,756.1366616047453,571742.6510227692,-1,1,2673
SVR,H6,220,2024-06-19,2024-06-27,71519.0,-0.0030201764566059,0.0025798802832967,71303.0,71703.5104579811,0.0,71519.0,400.51045798110135,160408.62695223154,-1,1,2672
SVR,H7,220,2024-06-19,2024-06-28,71519.0,-0.0034116808120918,0.002951958594099,71275.0,71730.12112669137,0.0,71519.0,455.12112669137423,207135.23996082591,-1,1,2671
SVR,H1,221,2024-06-20,2024-06-21,72258.0,-0.0114727781006946,0.0003247454949164,71429.0,72281.46545997167,0.0,72258.0,852.4654599716741,726697.3604447179,-1,1,2678
SVR,H2,221,2024-06-20,2024-06-24,72258.0,-0.0103241163608182,0.0007143609527999,71512.0,72309.61829372741,0.0,72258.0,797.6182937274134,636194.9424886303,-1,1,2677
SVR,H3,221,2024-06-20,2024-06-25,72258.0,-0.0146281380608375,0.0015267092310414,71201.0,72368.31695561658,0.0,72258.0,1167.3169556165813,1362628.8748699636,-1,1,2676
SVR,H4,221,2024-06-20,2024-06-26,72258.0,-0.0185308201168036,0.0019133992881763,70919.0,72396.25840576505,0.0,72258.0,1477.2584057650529,2182292.3974035056,-1,1,2675
SVR,H5,221,2024-06-20,2024-06-27,72258.0,-0.0132165296576157,0.0021854247176201,71303.0,72415.91441924579,0.0,72258.0,1112.9144192457898,1238578.5045651936,-1,1,2674
SVR,H6,221,2024-06-20,2024-06-28,72258.0,-0.0136040300035982,0.0025798808768155,71275.0,72444.41703239694,0.0,72258.0,1169.4170323969447,1367536.1956600768,-1,1,2673
SVR,H7,221,2024-06-20,2024-07-01,72258.0,-0.0128567079077749,0.0029519505212485,71329.0,72471.30204076438,0.0,72258.0,1142.302040764378,1304853.952334463,-1,1,2672
SVR,H1,222,2024-06-21,2024-06-24,71429.0,0.0011619930280417,0.0003256102590261,71512.0,71452.25801519198,0.0,71429.0,59.74198480801715,3569.104748801352,1,1,2679
SVR,H2,222,2024-06-21,2024-06-25,71429.0,-0.0031919808481148,0.0007136055387293,71201.0,71479.9721300259,0.0,71429.0,278.97213002589706,77825.44933118601,-1,1,2678
SVR,H3,222,2024-06-21,2024-06-26,71429.0,-0.007139957160257,0.0015267088623631,70919.0,71538.05128732974,0.0,71429.0,619.0512873297412,383224.49634460977,-1,1,2677
SVR,H4,222,2024-06-21,2024-06-27,71429.0,-0.0017639894160634,0.0019133996649491,71303.0,71565.67222466765,0.0,71429.0,262.6722246676509,68996.69761185285,-1,1,2676
SVR,H5,222,2024-06-21,2024-06-28,71429.0,-0.0021559870640776,0.0021854237247618,71275.0,71585.10263123602,0.0,71429.0,310.1026312360191,96163.64189950244,-1,1,2675
SVR,H6,222,2024-06-21,2024-07-01,71429.0,-0.0013999916000504,0.002579760749596,71329.0,71613.2697305829,0.0,71429.0,284.26973058290605,80809.27972567799,-1,1,2674
SVR,H7,222,2024-06-21,2024-07-02,71429.0,-0.0010079939520363,0.0029519480841146,71357.0,71639.85469970023,0.0,71429.0,282.8546997002268,80006.78114250547,-1,1,2673
SVR,H1,223,2024-06-24,2024-06-25,71512.0,-0.0043489204609016,0.0003704035867463,71201.0,71538.4883012954,0.0,71512.0,337.4883012953942,113898.35351125077,-1,1,2680
SVR,H2,223,2024-06-24,2024-06-26,71512.0,-0.0082923145765745,0.0007096967935612,70919.0,71562.75183710115,0.0,71512.0,643.7518371011538,414416.4277711104,-1,1,2679
SVR,H3,223,2024-06-24,2024-06-27,71512.0,-0.0029225864190625,0.0015267341319863,71303.0,71621.17981124662,0.0,71512.0,318.1798112466204,101238.39228493498,-1,1,2678
SVR,H4,223,2024-06-24,2024-06-28,71512.0,-0.0033141290972144,0.0019134769026382,71275.0,71648.83656026146,0.0,71512.0,373.8365602614649,139753.7737881239,-1,1,2677
SVR,H5,223,2024-06-24,2024-07-01,71512.0,-0.0025590110750642,0.0021854746178932,71329.0,71668.28766087479,0.0,71512.0,339.28766087479016,115116.11682188662,-1,1,2676
SVR,H6,223,2024-06-24,2024-07-02,71512.0,-0.0021674683969123,0.0025797554419294,71357.0,71696.48347116326,0.0,71512.0,339.4834711632575,115249.02719305428,-1,1,2675
SVR,H7,223,2024-06-24,2024-07-03,71512.0,0.0090614162658015,0.002951943106704,72160.0,71723.09935544661,0.0,71512.0,436.9006445533887,190882.1732111665,1,1,2674
SVR,H1,224,2024-06-25,2024-06-26,71201.0,-0.0039606185306385,0.0003330769753689,70919.0,71224.71541372324,0.0,71201.0,305.7154137232428,93461.91418797353,-1,1,2681
SVR,H2,224,2024-06-25,2024-06-27,71201.0,0.0014325641493799,0.0007081880970012,71303.0,71251.42370069459,0.0,71201.0,51.57629930540861,2660.114650041093,1,1,2680
SVR,H3,224,2024-06-25,2024-06-28,71201.0,0.0010393112456286,0.0015220629672679,71275.0,71309.37240533244,0.0,71201.0,34.372405332440394,1181.4622483375767,1,1,2679
SVR,H4,224,2024-06-25,2024-07-01,71201.0,0.0017977275600062,0.0019134032696165,71329.0,71337.23622619998,0.0,71201.0,8.236226199980592,67.83542201724674,1,1,2678
SVR,H5,224,2024-06-25,2024-07-02,71201.0,0.0021909804637574,0.0021854329840591,71357.0,71356.60501389799,0.0,71201.0,0.3949861020082608,0.1560140207796801,1,1,2677
SVR,H6,224,2024-06-25,2024-07-03,71201.0,0.0134689119534838,0.0025797525547074,72160.0,71384.68096164771,0.0,71201.0,775.3190383522888,601119.6112315179,1,1,2676
SVR,H7,224,2024-06-25,2024-07-04,71201.0,0.0133425092344208,0.0029519367023931,72151.0,71411.1808451471,0.0,71201.0,739.8191548528994,547332.3818872583,1,1,2675
SVR,H1,225,2024-06-26,2024-06-27,70919.0,0.0054146279558369,0.0003243781896445,71303.0,70942.0045768314,0.0,70919.0,360.9954231685988,130317.6955486757,1,1,2682
SVR,H2,225,2024-06-26,2024-06-28,70919.0,0.0050198113340571,0.0007049917088345,71275.0,70968.99730699885,0.0,70919.0,306.0026930011518,93637.64812395714,1,1,2681
SVR,H3,225,2024-06-26,2024-07-01,70919.0,0.0057812433903468,0.0015220554479005,71329.0,71026.94265030966,0.0,70919.0,302.057349690338,91238.64250195114,1,1,2680
SVR,H4,225,2024-06-26,2024-07-02,70919.0,0.0061760600121265,0.0019063710034609,71357.0,71054.19792519446,0.0,70919.0,302.8020748055424,91689.09650654127,1,1,2679
SVR,H5,225,2024-06-26,2024-07-03,70919.0,0.0174988367010251,0.0021854380964776,72160.0,71073.9890843641,0.0,70919.0,1086.0109156358958,1179419.7088803167,1,1,2678
SVR,H6,225,2024-06-26,2024-07-04,70919.0,0.0173719313583102,0.0025797593689372,72151.0,71101.95395468565,0.0,70919.0,1049.046045314346,1100497.6051896687,1,1,2677
SVR,H7,225,2024-06-26,2024-07-05,70919.0,0.0329389867313414,0.00295193562962,73255.0,71128.34832291704,0.0,70919.0,2126.651677082962,4522647.355639775,1,1,2676
SVR,H1,226,2024-06-27,2024-06-28,71303.0,-0.0003926903496346,0.000325926128763,71275.0,71326.2395107592,0.0,71303.0,51.23951075920195,2625.487462842372,-1,1,2683
SVR,H2,226,2024-06-27,2024-07-01,71303.0,0.0003646410389464,0.0007049918149758,71329.0,71353.26803138322,0.0,71303.0,24.268031383224297,588.9373472171594,1,1,2682
SVR,H3,226,2024-06-27,2024-07-02,71303.0,0.0007573313885811,0.0015220547372352,71357.0,71411.52706892908,0.0,71303.0,54.52706892907736,2973.201245996353,1,1,2681
SVR,H4,226,2024-06-27,2024-07-03,71303.0,0.0120191296298892,0.0019063727286522,72160.0,71438.93009467109,0.0,71303.0,721.0699053289136,519941.8083710484,1,1,2680
SVR,H5,226,2024-06-27,2024-07-04,71303.0,0.0118929077317924,0.0021829053938106,72151.0,71458.64770329489,0.0,71303.0,692.3522967051103,479351.7027528412,1,1,2679
SVR,H6,226,2024-06-27,2024-07-05,71303.0,0.0273761272316732,0.0025797629948625,73255.0,71486.94484082267,0.0,71303.0,1768.0551591773255,3126019.045893558,1,1,2678
SVR,H7,226,2024-06-27,2024-07-08,71303.0,0.0144313703490737,0.002951940326066,72332.0,71513.48220106949,0.0,71303.0,818.5177989305084,669971.3871660442,1,1,2677
SVR,H1,227,2024-06-28,2024-07-01,71275.0,0.0007576289021395,0.0003220736686947,71329.0,71297.9558007362,0.0,71275.0,31.044199263793416,963.7423079301116,1,1,2684
SVR,H2,227,2024-06-28,2024-07-02,71275.0,0.0011504735180638,0.0007066603468972,71357.0,71325.3672162251,0.0,71275.0,31.63278377489769,1000.6330093494304,1,1,2683
SVR,H3,227,2024-06-28,2024-07-03,71275.0,0.0124166958961768,0.0015220540674058,72160.0,71383.48440365435,0.0,71275.0,776.5155963456491,602976.471368039,1,1,2682
SVR,H4,227,2024-06-28,2024-07-04,71275.0,0.0122904244124868,0.0019063742950752,72151.0,71410.8768278815,0.0,71275.0,740.1231721185031,547782.3099067555,1,1,2681
SVR,H5,227,2024-06-28,2024-07-05,71275.0,0.0277797264117853,0.0021829108477424,73255.0,71430.58697067284,0.0,71275.0,1824.4130293271592,3328482.9015787016,1,1,2680
SVR,H6,227,2024-06-28,2024-07-08,71275.0,0.0148298842511398,0.002576851548495,72332.0,71458.66509411897,0.0,71275.0,873.3349058810272,762713.8578302227,1,1,2679
SVR,H7,227,2024-06-28,2024-07-09,71275.0,0.015573482988425,0.0029519420138038,72385.0,71485.39966703387,0.0,71275.0,899.6003329661326,809280.7590727765,1,1,2678
SVR,H1,228,2024-07-01,2024-07-02,71329.0,0.0003925472108119,0.000325739256047,71357.0,71352.23465539458,0.0,71329.0,4.76534460541734,22.708509208380143,1,1,2685
SVR,H2,228,2024-07-01,2024-07-03,71329.0,0.0116502404351666,0.0007065429882241,72160.0,71379.39700480703,0.0,71329.0,780.6029951929668,609341.0361042309,1,1,2684
SVR,H3,228,2024-07-01,2024-07-04,71329.0,0.011524064545977,0.0015220538112316,72151.0,71437.56657630135,0.0,71329.0,713.433423698647,508987.2500503731,1,1,2683
SVR,H4,228,2024-07-01,2024-07-05,71329.0,0.0270016402865593,0.0019063754133135,73255.0,71464.97985185625,0.0,71329.0,1790.0201481437543,3204172.130760588,1,1,2682
SVR,H5,228,2024-07-01,2024-07-08,71329.0,0.014061601873011,0.0021829159648988,72332.0,71484.70521286027,0.0,71329.0,847.2947871397337,717908.4563141665,1,1,2681
SVR,H6,228,2024-07-01,2024-07-09,71329.0,0.0148046376649049,0.0025768587445044,72385.0,71512.80475738677,0.0,71329.0,872.1952426132339,760724.5412371579,1,1,2680
SVR,H7,228,2024-07-01,2024-07-10,71329.0,0.0182254062162654,0.0029495460276266,72629.0,71539.3881686046,0.0,71329.0,1089.6118313954066,1187253.943116852,1,1,2679
SVR,H1,229,2024-07-02,2024-07-03,71357.0,0.0112532757823338,0.0003257167507191,72160.0,71380.24217018107,0.0,71357.0,779.7578298189328,608022.2731639318,1,1,2686
SVR,H2,229,2024-07-02,2024-07-04,71357.0,0.0111271494037024,0.0007065431420081,72151.0,71407.41679898427,0.0,71357.0,743.5832010157319,552915.9768328024,1,1,2685
SVR,H3,229,2024-07-02,2024-07-05,71357.0,0.0265986518491527,0.0015220530912648,73255.0,71465.60914243337,0.0,71357.0,1789.3908575666285,3201919.6411430333,1,1,2684
SVR,H4,229,2024-07-02,2024-07-08,71357.0,0.0136636910184004,0.0019063779088538,72332.0,71493.03340844208,0.0,71357.0,838.9665915579244,703864.9417503212,1,1,2683
SVR,H5,229,2024-07-02,2024-07-09,71357.0,0.0144064352481185,0.0021829218779085,72385.0,71512.76675644192,0.0,71357.0,872.2332435580756,760790.8311678413,1,1,2682
SVR,H6,229,2024-07-02,2024-07-10,71357.0,0.0178258615132362,0.0025768631232107,72629.0,71540.87722188295,0.0,71357.0,1088.1227781170455,1184011.1802571572,1,1,2681
SVR,H7,229,2024-07-02,2024-07-11,71357.0,0.025897949745645,0.0029495531224687,73205.0,71567.47126216,0.0,71357.0,1637.5287378399953,2681500.367251848,1,1,2680
SVR,H1,230,2024-07-03,2024-07-04,72160.0,-0.0001247228381374,0.0002031813111456,72151.0,72174.66156341227,0.0,72160.0,23.66156341227179,559.869583112959,-1,1,2687
SVR,H2,230,2024-07-03,2024-07-05,72160.0,0.0151746119733924,0.0007104950170799,73255.0,72211.26932043249,0.0,72160.0,1043.7306795675104,1089373.731470457,1,1,2686
SVR,H3,230,2024-07-03,2024-07-08,72160.0,0.0023835920177384,0.0015220267963618,72332.0,72269.82945362547,0.0,72160.0,62.17054637453111,3865.176836507724,1,1,2685
SVR,H4,230,2024-07-03,2024-07-09,72160.0,0.0031180709534368,0.0019063583791891,72385.0,72297.56282064228,0.0,72160.0,87.43717935771565,7645.260334033335,1,1,2684
SVR,H5,230,2024-07-03,2024-07-10,72160.0,0.006499445676275,0.0021853692622743,72629.0,72317.69624596572,0.0,72160.0,311.3037540342775,96910.02727583396,1,1,2683
SVR,H6,230,2024-07-03,2024-07-11,72160.0,0.0144817073170731,0.0025768324246343,73205.0,72345.94422776162,0.0,72160.0,859.0557722383819,737976.8198160827,1,1,2682
SVR,H7,230,2024-07-03,2024-07-12,72160.0,0.0138442350332594,0.0029495375271738,73159.0,72372.83862796085,0.0,72160.0,786.161372039147,618049.7028864741,1,1,2681
SVR,H1,231,2024-07-04,2024-07-05,72151.0,0.015301243226012,8.356603329351663e-05,73255.0,72157.02937286817,0.0,72151.0,1097.9706271318282,1205539.49804426,1,1,2688
SVR,H2,231,2024-07-04,2024-07-08,72151.0,0.0025086277390473,0.00071415279392,72332.0,72202.52683823413,0.0,72151.0,129.473161765869,16763.299617650886,1,1,2687
SVR,H3,231,2024-07-04,2024-07-09,72151.0,0.0032431982924698,0.0015219684334142,72385.0,72260.81154443928,0.0,72151.0,124.18845556072483,15422.772494558129,1,1,2686
SVR,H4,231,2024-07-04,2024-07-10,72151.0,0.0066249948025667,0.0019063405379343,72629.0,72288.5443761525,0.0,72151.0,340.4556238475052,115910.03180939394,1,1,2685
SVR,H5,231,2024-07-04,2024-07-11,72151.0,0.0146082521378774,0.0021852707611704,73205.0,72308.66947068922,0.0,72151.0,896.3305293107842,803408.4177745505,1,1,2684
SVR,H6,231,2024-07-04,2024-07-12,72151.0,0.0139707003367937,0.0025786001214906,73159.0,72337.04857736567,0.0,72151.0,821.9514226343308,675604.1411706003,1,1,2683
SVR,H7,231,2024-07-04,2024-07-15,72151.0,0.0160773932447229,0.0029494620902354,73311.0,72363.80663927259,0.0,72151.0,947.1933607274112,897175.262606088,1,1,2682
SVR,H1,232,2024-07-05,2024-07-08,73255.0,-0.0125998225377107,0.000342330257193,72332.0,73280.07740299068,0.0,73255.0,948.0774029906752,898850.7620615431,-1,1,2689
SVR,H2,232,2024-07-05,2024-07-09,73255.0,-0.0118763224353286,0.0007195137189672,72385.0,73307.70797748295,0.0,73255.0,922.7079774829472,851390.0117106709,-1,1,2688
SVR,H3,232,2024-07-05,2024-07-10,73255.0,-0.0085454917753053,0.0015384240211214,72629.0,73367.69725166724,0.0,73255.0,738.6972516672395,545673.629620733,-1,1,2687
SVR,H4,232,2024-07-05,2024-07-11,73255.0,-0.0006825472663981,0.0019181942998249,73205.0,73395.51732343368,0.0,73255.0,190.5173234336835,36296.85052833476,-1,1,2686
SVR,H5,232,2024-07-05,2024-07-12,73255.0,-0.0013104907514845,0.0021972351796644,73159.0,73415.95846308631,0.0,73255.0,256.9584630863101,66027.65175167858,-1,1,2685
SVR,H6,232,2024-07-05,2024-07-15,73255.0,0.0007644529383659,0.0025881530373081,73311.0,73444.595150748,0.0,73255.0,133.59515074800584,17847.664303382404,1,1,2684
SVR,H7,232,2024-07-05,2024-07-16,73255.0,0.0105112279025323,0.0029619164538953,74025.0,73471.9751898301,0.0,73255.0,553.0248101698962,305836.44066344976,1,1,2683
SVR,H1,233,2024-07-08,2024-07-09,72332.0,0.0007327324005972,0.0003350574798134,72385.0,72356.23537762987,0.0,72332.0,28.764622370130382,827.4035000962052,1,1,2690
SVR,H2,233,2024-07-08,2024-07-10,72332.0,0.0041060664712713,0.0007201944778566,72629.0,72384.09310697232,0.0,72332.0,244.9068930276844,59979.38625247366,1,1,2689
SVR,H3,233,2024-07-08,2024-07-11,72332.0,0.0120693469004036,0.0015384235629504,73205.0,72443.27725315533,0.0,72332.0,761.7227468446654,580221.5430605821,1,1,2688
SVR,H4,233,2024-07-08,2024-07-12,72332.0,0.0114333904772438,0.0019181954758717,73159.0,72470.74691516077,0.0,72332.0,688.2530848392344,473692.3087907224,1,1,2687
SVR,H5,233,2024-07-08,2024-07-15,72332.0,0.013534811701598,0.0021972409149966,73311.0,72490.93082986353,0.0,72332.0,820.0691701364703,672513.4438083192,1,1,2686
SVR,H6,233,2024-07-08,2024-07-16,72332.0,0.0234059614002102,0.002588165425229,74025.0,72519.20718153767,0.0,72332.0,1505.7928184623306,2267412.0121327294,1,1,2685
SVR,H7,233,2024-07-08,2024-07-17,72332.0,0.0220096222971852,0.0029619227354133,73924.0,72546.24179529792,0.0,72332.0,1377.7582047020842,1898217.67062391,1,1,2684
SVR,H1,234,2024-07-09,2024-07-10,72385.0,0.0033708641293086,0.0003559083891825,72629.0,72410.76242875098,0.0,72385.0,218.2375712490175,47627.63750466998,1,1,2691
SVR,H2,234,2024-07-09,2024-07-11,72385.0,0.0113283138771844,0.0007155649552909,73205.0,72436.79616928873,0.0,72385.0,768.2038307112671,590137.1255194651,1,1,2690
SVR,H3,234,2024-07-09,2024-07-12,72385.0,0.0106928230987082,0.0015384257580188,73159.0,72496.35894849419,0.0,72385.0,662.6410515058087,439093.16314072383,1,1,2689
SVR,H4,234,2024-07-09,2024-07-15,72385.0,0.0127927056710643,0.0019182083877572,73311.0,72523.8495141478,0.0,72385.0,787.1504858521948,619605.8873773464,1,1,2688
SVR,H5,234,2024-07-09,2024-07-16,72385.0,0.0226566277543689,0.002197249320785,74025.0,72544.04789208501,0.0,72385.0,1480.9521079149854,2193219.1459378386,1,1,2687
SVR,H6,234,2024-07-09,2024-07-17,72385.0,0.021261311045106,0.0025881712288632,73924.0,72572.34477440127,0.0,72385.0,1351.6552255987335,1826971.8488883632,1,1,2686
SVR,H7,234,2024-07-09,2024-07-18,72385.0,0.0218277267389652,0.0029619281363547,73965.0,72599.39916815003,0.0,72385.0,1365.6008318499662,1864865.63194932,1,1,2685
SVR,H1,235,2024-07-10,2024-07-11,72629.0,0.0079307163805091,0.000335170657418,73205.0,72653.34310967762,0.0,72629.0,551.6568903223815,304325.3246401601,1,1,2692
SVR,H2,235,2024-07-10,2024-07-12,72629.0,0.0072973605584545,0.0007168696347892,73159.0,72681.0655247051,0.0,72629.0,477.9344752948964,228421.36267540796,1,1,2691
SVR,H3,235,2024-07-10,2024-07-15,72629.0,0.0093901884922,0.0015384164232242,73311.0,72740.73364640235,0.0,72629.0,570.2663535976462,325203.7140455557,1,1,2690
SVR,H4,235,2024-07-10,2024-07-16,72629.0,0.0192209723388729,0.0019182003018125,74025.0,72768.31696972034,0.0,72629.0,1256.6830302796589,1579252.238592866,1,1,2689
SVR,H5,235,2024-07-10,2024-07-17,72629.0,0.0178303432513182,0.0021972581267098,73924.0,72788.5846604848,0.0,72629.0,1135.4153395151952,1289167.993206406,1,1,2688
SVR,H6,235,2024-07-10,2024-07-18,72629.0,0.0183948560492366,0.0025903064003452,73965.0,72817.13136355067,0.0,72629.0,1147.8686364493333,1317602.4065440516,1,1,2687
SVR,H7,235,2024-07-10,2024-07-19,72629.0,0.0033457709730273,0.002963922962499,72872.0,72844.26676084334,0.0,72629.0,27.733239156659693,769.1325541204824,1,1,2686
SVR,H1,236,2024-07-11,2024-07-12,73205.0,-0.0006283723789358,0.0002931315264158,73159.0,73226.45869339128,0.0,73205.0,67.45869339127967,4550.675314058679,-1,1,2693
SVR,H2,236,2024-07-11,2024-07-15,73205.0,0.0014479885253739,0.0007207224731193,73311.0,73257.76048864471,0.0,73205.0,53.23951135529205,2834.4455693502714,1,1,2692
SVR,H3,236,2024-07-11,2024-07-16,73205.0,0.0112014206679871,0.0015384093567333,74025.0,73317.61925695968,0.0,73205.0,707.3807430403249,500387.5156242821,1,1,2691
SVR,H4,236,2024-07-11,2024-07-17,73205.0,0.0098217334881496,0.0019181857229652,73924.0,73345.42078584968,0.0,73205.0,578.5792141503189,334753.90704680054,1,1,2690
SVR,H5,236,2024-07-11,2024-07-18,73205.0,0.0103818045215491,0.0021972567085633,73965.0,73365.85017735038,0.0,73205.0,599.1498226496187,358980.5099810696,1,1,2689
SVR,H6,236,2024-07-11,2024-07-19,73205.0,-0.0045488696127313,0.0025903072987191,72872.0,73394.62344580273,0.0,73205.0,522.623445802732,273135.2661027212,-1,1,2688
SVR,H7,236,2024-07-11,2024-07-22,73205.0,-0.007704391776518,0.0029716575415773,72641.0,73422.54019033116,0.0,73205.0,781.5401903311576,610805.0691028622,-1,1,2687
SVR,H1,237,2024-07-12,2024-07-15,73159.0,0.0020776664525212,0.0003553059307525,73311.0,73184.99382658793,0.0,73159.0,126.00617341206816,15877.555737952194,1,1,2694
SVR,H2,237,2024-07-12,2024-07-16,73159.0,0.0118372312360748,0.0007232628723619,74025.0,73211.91318847913,0.0,73159.0,813.0868115208723,661110.1630691785,1,1,2693
SVR,H3,237,2024-07-12,2024-07-17,73159.0,0.0104566765538074,0.0015384143684322,73924.0,73271.54885678014,0.0,73159.0,652.4511432198633,425692.4942889066,1,1,2692
SVR,H4,237,2024-07-12,2024-07-18,73159.0,0.0110170997416585,0.0019182003443704,73965.0,73299.3336189938,0.0,73159.0,665.6663810062018,443111.73080189386,1,1,2691
SVR,H5,237,2024-07-12,2024-07-19,73159.0,-0.0039229623149578,0.0021972644609271,72872.0,73319.74967069697,0.0,73159.0,447.7496706969687,200479.7676092439,-1,1,2690
SVR,H6,237,2024-07-12,2024-07-22,73159.0,-0.0070804685684604,0.0025903174320987,72641.0,73348.50503301491,0.0,73159.0,707.5050330149097,500563.3717414285,-1,1,2689
SVR,H7,237,2024-07-12,2024-07-23,73159.0,-0.0616602195218632,0.0029716701336207,68648.0,73376.40441530557,0.0,73159.0,4728.404415305573,22357808.31468124,-1,1,2688
SVR,H1,238,2024-07-15,2024-07-16,73311.0,0.0097393297049555,0.0003285836156003,74025.0,73335.08879344328,0.0,73311.0,689.9112065567169,475977.47293254494,1,1,2695
SVR,H2,238,2024-07-15,2024-07-17,73311.0,0.0083616374077559,0.0007232630658496,73924.0,73364.0231386205,0.0,73311.0,559.9768613795022,313574.08528043824,1,1,2694
SVR,H3,238,2024-07-15,2024-07-18,73311.0,0.0089208986373123,0.00153841397079,73965.0,73423.78266661259,0.0,73311.0,541.2173333874089,292916.2019589777,1,1,2693
SVR,H4,238,2024-07-15,2024-07-19,73311.0,-0.0059881873115903,0.0019182014153671,72872.0,73451.62526396198,0.0,73311.0,579.6252639619779,335965.4466229926,-1,1,2692
SVR,H5,238,2024-07-15,2024-07-22,73311.0,-0.0091391469220171,0.0021972611129849,72641.0,73472.08340945405,0.0,73311.0,831.0834094540478,690699.6334697645,-1,1,2691
SVR,H6,238,2024-07-15,2024-07-23,73311.0,-0.0636057344736806,0.0025903183152474,68648.0,73500.8988260091,0.0,73311.0,4852.898826009099,23550627.01548049,-1,1,2690
SVR,H7,238,2024-07-15,2024-07-24,73311.0,-0.0584223377119395,0.0029716881319456,69028.0,73528.85742864107,0.0,73311.0,4500.857428641073,20257717.592953533,-1,1,2689
SVR,H1,239,2024-07-16,2024-07-17,74025.0,-0.0013644039175954,0.0003199585649237,73924.0,74048.68493276849,0.0,74025.0,124.6849327684904,15546.33245948297,-1,1,2696
SVR,H2,239,2024-07-16,2024-07-18,74025.0,-0.0008105369807497,0.0007271774353778,73965.0,74078.82930965384,0.0,74025.0,113.82930965384004,12957.1117362698,-1,1,2695
SVR,H3,239,2024-07-16,2024-07-19,74025.0,-0.0155758189800743,0.0015384132366059,72872.0,74138.88103983976,0.0,74025.0,1266.8810398397618,1604987.569105476,-1,1,2694
SVR,H4,239,2024-07-16,2024-07-22,74025.0,-0.0186963863559608,0.0019230124762767,72641.0,74167.35099855639,0.0,74025.0,1526.350998556387,2329747.3707940797,-1,1,2693
SVR,H5,239,2024-07-16,2024-07-23,74025.0,-0.0726376224248565,0.0022044114476909,68648.0,74188.18155741532,0.0,74025.0,5540.181557415315,30693611.68912479,-1,1,2692
SVR,H6,239,2024-07-16,2024-07-24,74025.0,-0.0675042215467747,0.0025969910142525,69028.0,74217.24225983003,0.0,74025.0,5189.242259830033,26928235.231205903,-1,1,2691
SVR,H7,239,2024-07-16,2024-07-25,74025.0,-0.0882674772036474,0.002971687214895,67491.0,74244.97914608261,0.0,74025.0,6753.979146082609,45616234.30571877,-1,1,2690
SVR,H1,240,2024-07-17,2024-07-18,73924.0,0.0005546236675504,0.0001388181229387,73965.0,73934.26199092012,0.0,73924.0,30.73800907988334,944.8252021949908,1,1,2697
SVR,H2,240,2024-07-17,2024-07-19,73924.0,-0.0142308316649532,0.0007298256823044,72872.0,73977.95163373867,0.0,73924.0,1105.951633738674,1223129.016169242,-1,1,2696
SVR,H3,240,2024-07-17,2024-07-22,73924.0,-0.0173556625723716,0.0015383616388175,72641.0,74037.72184578795,0.0,73924.0,1396.72184578795,1950831.9145012973,-1,1,2695
SVR,H4,240,2024-07-17,2024-07-23,73924.0,-0.0713705968291759,0.0019229935981459,68648.0,74066.15537874935,0.0,73924.0,5418.155378749347,29356407.708270475,-1,1,2694
SVR,H5,240,2024-07-17,2024-07-24,73924.0,-0.06623018234944,0.0022070787808502,69028.0,74087.15609179558,0.0,73924.0,5059.156091795579,25595060.36115232,-1,1,2693
SVR,H6,240,2024-07-17,2024-07-25,73924.0,-0.0870218061793193,0.0026018813400103,67491.0,74116.34147617893,0.0,73924.0,6625.341476178932,43895149.67597683,-1,1,2692
SVR,H7,240,2024-07-17,2024-07-26,73924.0,-0.0777961149288458,0.0029760381315037,68173.0,74144.00064283329,0.0,73924.0,5971.000642833285,35652848.67671551,-1,1,2691
SVR,H1,241,2024-07-18,2024-07-19,73965.0,-0.0147772595146352,0.0003125269700557,72872.0,73988.11605734017,0.0,73965.0,1116.116057340172,1245715.0534525705,-1,1,2698
SVR,H2,241,2024-07-18,2024-07-22,73965.0,-0.0179003582775637,0.0007292433851046,72641.0,74018.93848697927,0.0,73965.0,1377.9384869792702,1898714.4738987205,-1,1,2697
SVR,H3,241,2024-07-18,2024-07-23,73965.0,-0.071885351179612,0.0015384146104675,68648.0,74078.78883666324,0.0,73965.0,5430.78883666324,29493467.388426065,-1,1,2696
SVR,H4,241,2024-07-18,2024-07-24,73965.0,-0.0667477861150543,0.0019230174062233,69028.0,74107.2359824513,0.0,73965.0,5079.235982451297,25798638.16542799,-1,1,2695
SVR,H5,241,2024-07-18,2024-07-25,73965.0,-0.0875278848103833,0.0022071524888797,67491.0,74128.25203383999,0.0,73965.0,6637.252033839992,44053114.56071311,-1,1,2694
SVR,H6,241,2024-07-18,2024-07-26,73965.0,-0.0783073075103089,0.0026044986136306,68173.0,74157.6417399572,0.0,73965.0,5984.641739957195,35815936.75563788,-1,1,2693
SVR,H7,241,2024-07-18,2024-07-29,73965.0,-0.0778611505441763,0.0029807751878167,68206.0,74185.47303676687,0.0,73965.0,5979.473036766867,35754097.79742198,-1,1,2692
SVR,H1,242,2024-07-19,2024-07-22,72872.0,-0.0031699418157865,0.0002621144408236,72641.0,72891.1008035317,0.0,72872.0,250.10080353170636,62550.41192720517,-1,1,2699
SVR,H2,242,2024-07-19,2024-07-23,72872.0,-0.0579646503458118,0.0007241539456405,68648.0,72924.77054632672,0.0,72872.0,4276.770546326719,18290766.305927742,-1,1,2698
SVR,H3,242,2024-07-19,2024-07-24,72872.0,-0.0527500274453837,0.0015325047303085,69028.0,72983.67668470704,0.0,72872.0,3955.67668470704,15647378.033934874,-1,1,2697
SVR,H4,242,2024-07-19,2024-07-25,72872.0,-0.0738418048084312,0.0019230172774082,67491.0,73012.1341150393,0.0,72872.0,5521.134115039298,30482921.916250773,-1,1,2696
SVR,H5,242,2024-07-19,2024-07-26,72872.0,-0.064482928971347,0.0022071525156424,68173.0,73032.83961811989,0.0,72872.0,4859.839618119891,23618041.11384769,-1,1,2695
SVR,H6,242,2024-07-19,2024-07-29,72872.0,-0.0640300801405203,0.0026044968224556,68206.0,73061.79489244599,0.0,72872.0,4855.794892445992,23578744.037504587,-1,1,2694
SVR,H7,242,2024-07-19,2024-07-30,72872.0,-0.058390053792952,0.0029807729584151,68617.0,73089.21488702562,0.0,72872.0,4472.214887025621,20000705.995733585,-1,1,2693
SVR,H1,243,2024-07-22,2024-07-23,72641.0,-0.0549689569251524,0.0003275847917301,68648.0,72664.79608685606,0.0,72641.0,4016.796086856062,16134650.803382171,-1,1,2700
SVR,H2,243,2024-07-22,2024-07-24,72641.0,-0.0497377514076072,0.000717116713976,69028.0,72693.09207521995,0.0,72641.0,3665.0920752199454,13432899.919840043,-1,1,2699
SVR,H3,243,2024-07-22,2024-07-25,72641.0,-0.0708966010930466,0.0015251417770853,67491.0,72751.78782382926,0.0,72641.0,5260.7878238292615,27675888.527350217,-1,1,2698
SVR,H4,243,2024-07-22,2024-07-26,72641.0,-0.0615079638220839,0.0019158214050696,68173.0,72780.16718268566,0.0,72641.0,4607.167182685662,21225989.44921574,-1,1,2697
SVR,H5,243,2024-07-22,2024-07-29,72641.0,-0.061053674921876,0.0022071559668866,68206.0,72801.33001659061,0.0,72641.0,4595.330016590611,21117057.961378668,-1,1,2696
SVR,H6,243,2024-07-22,2024-07-30,72641.0,-0.0553957131647416,0.002604497215775,68617.0,72830.19328225112,0.0,72641.0,4213.193282251115,17750997.633605927,-1,1,2695
SVR,H7,243,2024-07-22,2024-07-31,72641.0,-0.0489806032405941,0.0029807752803702,69083.0,72857.52649714137,0.0,72641.0,3774.526497141371,14247050.277622309,-1,1,2694
SVR,H1,244,2024-07-23,2024-07-24,68648.0,0.0055354853746649,0.000262298948808,69028.0,68666.00629823779,0.0,68648.0,361.9937017622142,131039.44011551086,1,1,2701
SVR,H2,244,2024-07-23,2024-07-25,68648.0,-0.0168540962591772,0.0006955161441379,67491.0,68695.74579226278,0.0,68648.0,1204.74579226278,1451412.4239748735,-1,1,2700
SVR,H3,244,2024-07-23,2024-07-26,68648.0,-0.0069193567183312,0.0014505328930346,68173.0,68747.57618204106,0.0,68648.0,574.5761820410553,330137.7889688759,-1,1,2699
SVR,H4,244,2024-07-23,2024-07-29,68648.0,-0.0064386435147418,0.0018552570777811,68206.0,68775.35968787552,0.0,68648.0,569.3596878755197,324170.45417770924,-1,1,2698
SVR,H5,244,2024-07-23,2024-07-30,68648.0,-0.0004515790700384,0.0021530737170132,68617.0,68795.80420452553,0.0,68648.0,178.8042045255279,31970.94355600681,-1,1,2697
SVR,H6,244,2024-07-23,2024-07-31,68648.0,0.0063366740473138,0.0025618789685278,69083.0,68823.8678674315,0.0,68648.0,259.1321325684985,67149.46212949787,1,1,2696
SVR,H7,244,2024-07-23,2024-08-01,68648.0,0.0111292390164317,0.0029428421024105,69412.0,68850.02022464627,0.0,68648.0,561.9797753537277,315821.2679066263,1,1,2695
SVR,H1,245,2024-07-24,2024-07-25,69028.0,-0.0222663267080025,0.0002620944034507,67491.0,69046.0918524814,0.0,69028.0,1555.0918524814042,2418310.6696540453,-1,1,2702
SVR,H2,245,2024-07-24,2024-07-26,69028.0,-0.0123862780321029,0.0006765188288398,68173.0,69074.69874171715,0.0,69028.0,901.6987417171476,813060.6208142873,-1,1,2701
SVR,H3,245,2024-07-24,2024-07-29,69028.0,-0.0119082111606884,0.0014012198680126,68206.0,69124.72340504918,0.0,69028.0,918.7234050491824,844052.6949851642,-1,1,2700
SVR,H4,245,2024-07-24,2024-07-30,69028.0,-0.0059541055803442,0.0017992623506972,68617.0,69152.19948154392,0.0,69028.0,535.1994815439248,286438.4850448859,-1,1,2699
SVR,H5,245,2024-07-24,2024-07-31,69028.0,0.0007967781190241,0.0021044186564704,69083.0,69173.26381101884,0.0,69028.0,90.2638110188418,8147.555579645187,1,1,2698
SVR,H6,245,2024-07-24,2024-08-01,69028.0,0.0055629599582778,0.0025154546583021,69412.0,69201.63680415328,0.0,69028.0,210.36319584671585,44252.67416684372,1,1,2697
SVR,H7,245,2024-07-24,2024-08-02,69028.0,0.0051138668366459,0.0029065961484111,69381.0,69228.63651893253,0.0,69028.0,152.36348106747027,23214.630362997374,1,1,2696
SVR,H1,246,2024-07-25,2024-07-26,67491.0,0.0101050510438429,0.0002386972536611,68173.0,67507.10991634685,0.0,67491.0,665.8900836531539,443409.6035076042,1,1,2703
SVR,H2,246,2024-07-25,2024-07-29,67491.0,0.0105940051266095,0.0006698157516343,68206.0,67536.20653489354,0.0,67491.0,669.793465106457,448623.2858993146,1,1,2702
SVR,H3,246,2024-07-25,2024-07-30,67491.0,0.0166837059756115,0.0013323873247857,68617.0,67580.9241529371,0.0,67491.0,1036.0758470628934,1073453.1608670922,1,1,2701
SVR,H4,246,2024-07-25,2024-07-31,67491.0,0.0235883302958912,0.0017364708987265,69083.0,67608.19615742596,0.0,67491.0,1474.8038425740378,2175046.3740711478,1,1,2700
SVR,H5,246,2024-07-25,2024-08-01,67491.0,0.0284630543331703,0.0020381624713478,69412.0,67628.55762335374,0.0,67491.0,1783.442376646257,3180666.710817649,1,1,2699
SVR,H6,246,2024-07-25,2024-08-02,67491.0,0.0280037338311773,0.0024544059271787,69381.0,67656.65031043121,0.0,67491.0,1724.3496895687858,2973381.851915968,1,1,2698
SVR,H7,246,2024-07-25,2024-08-05,67491.0,0.0170393089448963,0.0028499967825027,68641.0,67683.3491328479,0.0,67491.0,957.6508671521004,917095.18335717,1,1,2697
SVR,H1,247,2024-07-26,2024-07-29,68173.0,0.0004840626054303,0.0002417532754075,68206.0,68189.48104604436,0.0,68173.0,16.518953955644974,272.87583978871874,1,1,2704
SVR,H2,247,2024-07-26,2024-07-30,68173.0,0.0065128423276077,0.0006654568057269,68617.0,68218.36618681683,0.0,68173.0,398.6338131831726,158908.91701295655,1,1,2703
SVR,H3,247,2024-07-26,2024-07-31,68173.0,0.0133483930588356,0.001332375574608,69083.0,68263.83204004775,0.0,68173.0,819.1679599522467,671036.1466123257,1,1,2702
SVR,H4,247,2024-07-26,2024-08-01,68173.0,0.0181743505493376,0.0016866768427362,69412.0,68287.98582039986,0.0,68173.0,1124.0141796001408,1263407.8759421776,1,1,2701
SVR,H5,247,2024-07-26,2024-08-02,68173.0,0.0177196250715092,0.0019934184215279,69381.0,68308.89731405083,0.0,68173.0,1072.1026859491683,1149404.1692194217,1,1,2700
SVR,H6,247,2024-07-26,2024-08-05,68173.0,0.0068648878588297,0.0024004752347365,68641.0,68336.6475981777,0.0,68173.0,304.3524018222961,92630.38449500038,1,1,2699
SVR,H7,247,2024-07-26,2024-08-06,68173.0,0.0083464128027224,0.0028010275570717,68742.0,68363.95445164826,0.0,68173.0,378.0455483517435,142918.43662857043,1,1,2698
SVR,H1,248,2024-07-29,2024-07-30,68206.0,0.0060258628273173,0.0002417072071844,68617.0,68222.48588177323,0.0,68206.0,394.5141182267689,155641.389480245,1,1,2705
SVR,H2,248,2024-07-29,2024-07-31,68206.0,0.0128581063249566,0.0006686002867197,69083.0,68251.60255115601,0.0,68206.0,831.3974488439853,691221.7179442872,1,1,2704
SVR,H3,248,2024-07-29,2024-08-01,68206.0,0.0176817288801571,0.0013315742381998,69412.0,68296.82135249066,0.0,68206.0,1115.1786475093395,1243623.4158607596,1,1,2703
SVR,H4,248,2024-07-29,2024-08-02,68206.0,0.0172272234114301,0.0016866637880997,69381.0,68321.04059033113,0.0,68206.0,1059.959409668867,1123513.9501455731,1,1,2702
SVR,H5,248,2024-07-29,2024-08-05,68206.0,0.0063777380289125,0.0019487258699207,68641.0,68338.9147966838,0.0,68206.0,302.08520331619366,91255.47006258606,1,1,2701
SVR,H6,248,2024-07-29,2024-08-06,68206.0,0.0078585461689586,0.0023578830843972,68742.0,68366.8217736544,0.0,68206.0,375.17822634559707,140758.70152382806,1,1,2700
SVR,H7,248,2024-07-29,2024-08-07,68206.0,0.0080051608362901,0.0027520728790903,68752.0,68393.70788279123,0.0,68206.0,358.2921172087663,128373.24125394032,1,1,2699
SVR,H1,249,2024-07-30,2024-07-31,68617.0,0.0067913199352929,0.0002413768984507,69083.0,68633.562558641,0.0,68617.0,449.4374413589976,201994.0136953224,1,1,2706
SVR,H2,249,2024-07-30,2024-08-01,68617.0,0.0115860501042015,0.0006708511769281,69412.0,68663.03179520727,0.0,68617.0,748.9682047927345,560953.3717904515,1,1,2705
SVR,H3,249,2024-07-30,2024-08-02,68617.0,0.0111342670183773,0.0013350735599339,69381.0,68708.60874246199,0.0,68617.0,672.3912575380091,452110.0032135453,1,1,2704
SVR,H4,249,2024-07-30,2024-08-05,68617.0,0.0003497675503154,0.0016866535754077,68641.0,68732.73310838375,0.0,68617.0,91.73310838374891,8414.963173744625,1,1,2703
SVR,H5,249,2024-07-30,2024-08-06,68617.0,0.0018217059912266,0.0019486996893388,68742.0,68750.71392658337,0.0,68617.0,8.713926583368448,75.93251650033531,1,1,2702
SVR,H6,249,2024-07-30,2024-08-07,68617.0,0.0019674424705247,0.0023223243185589,68752.0,68776.35092776656,0.0,68617.0,24.350927766558016,592.9676830921262,1,1,2701
SVR,H7,249,2024-07-30,2024-08-08,68617.0,0.0113528717373245,0.0027178432038745,69396.0,68803.49024712027,0.0,68617.0,592.5097528797342,351067.8072576036,1,1,2700
SVR,H1,250,2024-07-31,2024-08-01,69083.0,0.00476238727328,0.0002412270042042,69412.0,69099.66468513144,0.0,69083.0,312.33531486855645,97553.3489140403,1,1,2707
SVR,H2,250,2024-07-31,2024-08-02,69083.0,0.0043136516943387,0.0006754732569805,69381.0,69129.66371901198,0.0,69083.0,251.33628098802,63169.92614088895,1,1,2706
SVR,H3,250,2024-07-31,2024-08-05,69083.0,-0.0063981008352271,0.0013350591406392,68641.0,69175.22989061278,0.0,69083.0,534.2298906127835,285401.57602414663,-1,1,2705
SVR,H4,250,2024-07-31,2024-08-06,69083.0,-0.004936091368354,0.0016955707587595,68742.0,69200.13511472738,0.0,69083.0,458.1351147273817,209887.78334627123,-1,1,2704
SVR,H5,250,2024-07-31,2024-08-07,69083.0,-0.0047913379557923,0.0019486546974308,68752.0,69217.61891246261,0.0,69083.0,465.6189124626108,216800.9716428644,-1,1,2703
SVR,H6,250,2024-07-31,2024-08-08,69083.0,0.0045307818131812,0.0023222747075383,69396.0,69243.42970362087,0.0,69083.0,152.57029637912638,23277.695337214464,1,1,2702
SVR,H7,250,2024-07-31,2024-08-09,69083.0,0.0075416527944647,0.0026902772235005,69604.0,69268.85242143109,0.0,69083.0,335.14757856891083,112323.89942060426,1,1,2701
SVR,H1,251,2024-08-01,2024-08-02,69412.0,-0.0004466086555638,0.0002409885905215,69381.0,69428.7275000453,0.0,69412.0,47.72750004529371,2277.914260573511,-1,1,2708
SVR,H2,251,2024-08-01,2024-08-05,69412.0,-0.0111075894657983,0.0006792136102184,68641.0,69459.14557511249,0.0,69412.0,818.1455751124886,669362.1820761447,-1,1,2707
SVR,H3,251,2024-08-01,2024-08-06,69412.0,-0.0096525096525096,0.0013391771895109,68742.0,69504.95496707835,0.0,69412.0,762.9549670783454,582100.281789519,-1,1,2706
SVR,H4,251,2024-08-01,2024-08-07,69412.0,-0.0095084423442632,0.0016995110293587,68752.0,69529.96645956984,0.0,69412.0,777.9664595698414,605231.8122156337,-1,1,2705
SVR,H5,251,2024-08-01,2024-08-08,69412.0,-0.0002305076931942,0.0019612276083859,69396.0,69548.13273075329,0.0,69412.0,152.13273075329198,23144.36776645363,-1,1,2704
SVR,H6,251,2024-08-01,2024-08-09,69412.0,0.002766092318331,0.0023221889339874,69604.0,69573.18777828594,0.0,69412.0,30.812221714062616,949.3930069565516,1,1,2703
SVR,H7,251,2024-08-01,2024-08-12,69412.0,0.0135711404368121,0.0026902335067709,70354.0,69598.73448817198,0.0,69412.0,755.2655118280236,570425.9933568464,1,1,2702
SVR,H1,252,2024-08-02,2024-08-05,69381.0,-0.0106657442239229,0.0002409577813504,68641.0,69397.71789182788,0.0,69381.0,756.7178918278805,572621.9678124319,-1,1,2709
SVR,H2,252,2024-08-02,2024-08-06,69381.0,-0.0092100142690362,0.0006806042270807,68742.0,69428.2210018791,0.0,69381.0,686.2210018790938,470899.2634199473,-1,1,2708
SVR,H3,252,2024-08-02,2024-08-07,69381.0,-0.0090658825903345,0.0013391566654011,68752.0,69473.9120286022,0.0,69381.0,721.9120286021935,521156.9770405342,-1,1,2707
SVR,H4,252,2024-08-02,2024-08-08,69381.0,0.0002161975180525,0.0017024622084382,69396.0,69499.11853048365,0.0,69381.0,103.11853048365448,10633.431329108376,1,1,2706
SVR,H5,252,2024-08-02,2024-08-09,69381.0,0.003214136435047,0.0019640113879417,69604.0,69517.26507410679,0.0,69381.0,86.73492589320813,7522.947369700306,1,1,2705
SVR,H6,252,2024-08-02,2024-08-12,69381.0,0.0140240123376715,0.0023327471751588,70354.0,69542.8483317597,0.0,69381.0,811.1516682403017,657967.0288890244,1,1,2704
SVR,H7,252,2024-08-02,2024-08-13,69381.0,0.014052838673412,0.0026901657905189,70356.0,69567.64639271199,0.0,69381.0,788.3536072880088,621501.410124016,1,1,2703
SVR,H1,253,2024-08-05,2024-08-06,68641.0,0.0014714237846185,0.0002355378399196,68742.0,68657.16755286993,0.0,68641.0,84.83244713007298,7196.544086076628,1,1,2710
SVR,H2,253,2024-08-05,2024-08-07,68641.0,0.001617109307848,0.000676528368193,68752.0,68687.43758372114,0.0,68641.0,64.56241627885902,4168.30559576468,1,1,2709
SVR,H3,253,2024-08-05,2024-08-08,68641.0,0.0109992570038315,0.0013391502325343,69396.0,68732.92061111139,0.0,68641.0,663.079388888611,439674.2759688938,1,1,2708
SVR,H4,253,2024-08-05,2024-08-09,68641.0,0.0140295158870062,0.0017024372239857,69604.0,68757.8569934916,0.0,68641.0,846.1430065083987,715957.9874630721,1,1,2707
SVR,H5,253,2024-08-05,2024-08-12,68641.0,0.024955930129223,0.0019639695270111,70354.0,68775.80883230356,0.0,68641.0,1578.191167696437,2490687.3617950445,1,1,2706
SVR,H6,253,2024-08-05,2024-08-13,68641.0,0.0249850672338689,0.0023331217652889,70356.0,68801.1478110912,0.0,68641.0,1554.8521889088006,2417565.3293544888,1,1,2705
SVR,H7,253,2024-08-05,2024-08-14,68641.0,0.0179630250142044,0.0026913471846334,69874.0,68825.73676210042,0.0,68641.0,1048.2632378995768,1098855.8159317046,1,1,2704
SVR,H1,254,2024-08-06,2024-08-07,68742.0,0.0001454714730442,0.0002353760632889,68752.0,68758.18022134261,0.0,68742.0,6.18022134261264,38.19513584368478,1,1,2711
SVR,H2,254,2024-08-06,2024-08-08,68742.0,0.0095138343370864,0.0006727193815005,69396.0,68788.24407572311,0.0,68742.0,607.7559242768912,369367.2634936583,1,1,2710
SVR,H3,254,2024-08-06,2024-08-09,68742.0,0.0125396409764044,0.0013391463723691,69604.0,68834.0555999294,0.0,68742.0,769.9444000705989,592814.3792000745,1,1,2709
SVR,H4,254,2024-08-06,2024-08-12,68742.0,0.0234500014547147,0.001702422493716,70354.0,68859.02792706303,0.0,68742.0,1494.9720729369728,2234941.49886147,1,1,2708
SVR,H5,254,2024-08-06,2024-08-13,68742.0,0.0234790957493236,0.0019639362978388,70356.0,68877.00490898603,0.0,68742.0,1478.9950910139742,2187426.4792434336,1,1,2707
SVR,H6,254,2024-08-06,2024-08-14,68742.0,0.0164673707485962,0.0023330313947281,69874.0,68902.3772441364,0.0,68742.0,971.622755863602,944050.7797119806,1,1,2706
SVR,H7,254,2024-08-06,2024-08-16,68742.0,0.0319455354804922,0.0026912843729622,70938.0,68927.00427036617,0.0,68742.0,2010.9957296338248,4044103.824605481,1,1,2705
SVR,H1,255,2024-08-07,2024-08-08,68752.0,0.0093670002327204,0.0002355323096807,69396.0,68768.19331735517,0.0,68752.0,627.8066826448339,394141.2307735112,1,1,2712
SVR,H2,255,2024-08-07,2024-08-09,68752.0,0.0123923667675123,0.0006730691211507,69604.0,68798.27484821735,0.0,68752.0,805.7251517826517,649193.0202151771,1,1,2711
SVR,H3,255,2024-08-07,2024-08-12,68752.0,0.023301140330463,0.0013391450760941,70354.0,68844.06890227163,0.0,68752.0,1509.9310977283749,2279891.919887216,1,1,2710
SVR,H4,255,2024-08-07,2024-08-13,68752.0,0.0233302303932976,0.0017024180439552,70356.0,68869.04464535802,0.0,68752.0,1486.9553546419777,2211036.226698449,1,1,2709
SVR,H5,255,2024-08-07,2024-08-14,68752.0,0.0163195252501744,0.0019639096670477,69874.0,68887.02271742886,0.0,68752.0,986.9772825711408,974124.1563115132,1,1,2708
SVR,H6,255,2024-08-07,2024-08-16,68752.0,0.0317954386781476,0.0023329719709781,70938.0,68912.3964889487,0.0,68752.0,2025.603511051304,4103069.58398337,1,1,2707
SVR,H7,255,2024-08-07,2024-08-19,68752.0,0.0347044449616011,0.0026912039578856,71138.0,68937.02565451256,0.0,68752.0,2200.9743454874406,4844288.069493867,1,1,2706
SVR,H1,256,2024-08-08,2024-08-09,69396.0,0.002997290910139,0.000241993836276,69604.0,69412.79340426222,0.0,69396.0,191.2065957377781,36559.96225363011,1,1,2713
SVR,H2,256,2024-08-08,2024-08-12,69396.0,0.0138048302495821,0.0006761691709622,70354.0,69442.92343578809,0.0,69396.0,911.0765642119076,830060.5058561744,1,1,2712
SVR,H3,256,2024-08-08,2024-08-13,69396.0,0.0138336503544873,0.0013391444400591,70356.0,69488.93126756235,0.0,69396.0,867.0687324376486,751808.1867710307,1,1,2711
SVR,H4,256,2024-08-08,2024-08-14,69396.0,0.0068880050723385,0.0017024164851799,69874.0,69514.14089440554,0.0,69396.0,359.8591055944562,129498.57587924198,1,1,2710
SVR,H5,256,2024-08-08,2024-08-16,69396.0,0.0222203008818953,0.0019639043779594,70938.0,69532.28710821288,0.0,69396.0,1405.712891787116,1976028.734136496,1,1,2709
SVR,H6,256,2024-08-08,2024-08-19,69396.0,0.0251023113724133,0.0023329106055785,71138.0,69557.89466438473,0.0,69396.0,1580.1053356152695,2496732.871639844,1,1,2708
SVR,H7,256,2024-08-08,2024-08-20,69396.0,0.0280131419678366,0.0026911465340689,71340.0,69582.75480487825,0.0,69396.0,1757.2451951217515,3087910.6757784835,1,1,2707
SVR,H1,257,2024-08-09,2024-08-12,69604.0,0.0107752428021377,0.000234297596801,70354.0,69620.30804992774,0.0,69604.0,733.6919500722579,538303.8776008326,1,1,2714
SVR,H2,257,2024-08-09,2024-08-13,69604.0,0.0108039767829435,0.0006805132201832,70356.0,69651.36644217763,0.0,69604.0,704.6335578223661,496508.45080940577,1,1,2713
SVR,H3,257,2024-08-09,2024-08-14,69604.0,0.0038790874087695,0.0013391443064314,69874.0,69697.20980030486,0.0,69604.0,176.79019969514047,31254.774708247645,1,1,2712
SVR,H4,257,2024-08-09,2024-08-16,69604.0,0.0191655651974025,0.0017024173204183,70938.0,69722.4950551704,0.0,69604.0,1215.504944829605,1477452.2709052209,1,1,2711
SVR,H5,257,2024-08-09,2024-08-19,69604.0,0.0220389632779725,0.0019639029548377,71138.0,69740.69550126852,0.0,69604.0,1397.3044987314788,1952459.8621752288,1,1,2710
SVR,H6,257,2024-08-09,2024-08-20,69604.0,0.0249410953393482,0.0023329014396358,71340.0,69766.37927180441,0.0,69604.0,1573.6207281955867,2476282.196206809,1,1,2709
SVR,H7,257,2024-08-09,2024-08-21,69604.0,0.0259036836963393,0.0026910373213767,71407.0,69791.3069617171,0.0,69604.0,1615.6930382829014,2610463.993955833,1,1,2708
SVR,H1,258,2024-08-12,2024-08-13,70354.0,2.842766580446465e-05,0.0002351583083543,70356.0,70370.54432762596,0.0,70354.0,14.54432762596116,211.53746609129695,1,1,2715
SVR,H2,258,2024-08-12,2024-08-14,70354.0,-0.0068226397930466,0.0006854817339184,69874.0,70402.2263819081,0.0,70354.0,528.2263819080981,279023.1105437199,-1,1,2714
SVR,H3,258,2024-08-12,2024-08-16,70354.0,0.0083008784148732,0.0013505161698752,70938.0,70449.01421461541,0.0,70354.0,488.9857853845897,239107.098308184,1,1,2713
SVR,H4,258,2024-08-12,2024-08-19,70354.0,0.0111436449953095,0.0017107225906259,71138.0,70474.35617714089,0.0,70354.0,663.6438228591142,440423.1236190593,1,1,2712
SVR,H5,258,2024-08-12,2024-08-20,70354.0,0.0140148392415497,0.0019729340301919,71340.0,70492.80380076013,0.0,70354.0,847.1961992398719,717741.4000064848,1,1,2711
SVR,H6,258,2024-08-12,2024-08-21,70354.0,0.014967166045996,0.0023328955298445,71407.0,70518.12853210668,0.0,70354.0,888.8714678933175,790092.4864348209,1,1,2710
SVR,H7,258,2024-08-12,2024-08-22,70354.0,0.0062825141427638,0.0026910273733834,70796.0,70543.32453982702,0.0,70354.0,252.6754601729772,63844.888173625775,1,1,2709
SVR,H1,259,2024-08-13,2024-08-14,70356.0,-0.0068508727045312,0.0002383467842515,69874.0,70372.7691263528,0.0,70356.0,498.7691263527959,248770.64140273124,-1,1,2716
SVR,H2,259,2024-08-13,2024-08-16,70356.0,0.0082722155892887,0.000689067393412,70938.0,70404.48002553091,0.0,70356.0,533.5199744690908,284643.5631574993,1,1,2715
SVR,H3,259,2024-08-13,2024-08-19,70356.0,0.0111149013588038,0.0013505161097463,71138.0,70451.0169114173,0.0,70356.0,686.9830885826959,471945.7639986202,1,1,2714
SVR,H4,259,2024-08-13,2024-08-20,70356.0,0.0139860139860139,0.0017193301517346,71340.0,70476.96519215545,0.0,70356.0,863.0348078445531,744829.0795512848,1,1,2713
SVR,H5,259,2024-08-13,2024-08-21,70356.0,0.0149383137188015,0.0019810035103463,71407.0,70495.37548297392,0.0,70356.0,911.6245170260808,831059.2600430353,1,1,2712
SVR,H6,259,2024-08-13,2024-08-22,70356.0,0.0062539086929331,0.0023406217466858,70796.0,70520.67678360983,0.0,70356.0,275.3232163901703,75802.87348342853,1,1,2711
SVR,H7,259,2024-08-13,2024-08-23,70356.0,0.013346409687873,0.0026910219441821,71295.0,70545.32953990488,0.0,70356.0,749.6704600951198,562005.7987392286,1,1,2710
SVR,H1,260,2024-08-14,2024-08-16,69874.0,0.0152274093368063,0.0002422684991532,70938.0,69890.92826910983,0.0,69874.0,1047.0717308901658,1096359.2096293278,1,1,2717
SVR,H2,260,2024-08-14,2024-08-19,69874.0,0.0180897043249277,0.0006864889403854,71138.0,69921.9677282205,0.0,69874.0,1216.032271779506,1478734.4860092266,1,1,2716
SVR,H3,260,2024-08-14,2024-08-20,69874.0,0.0209806222629305,0.0013505162402353,71340.0,69968.36597177021,0.0,69874.0,1371.6340282297897,1881379.9073978795,1,1,2715
SVR,H4,260,2024-08-14,2024-08-21,69874.0,0.0219394910839512,0.0017193314432797,71407.0,69994.13656526773,0.0,69874.0,1412.863434732266,1996183.085203456,1,1,2714
SVR,H5,260,2024-08-14,2024-08-22,69874.0,0.0131951798952401,0.0019825602543814,70796.0,70012.52941521465,0.0,69874.0,783.4705847853475,613826.1572238943,1,1,2713
SVR,H6,260,2024-08-14,2024-08-23,69874.0,0.0203366058906031,0.0023418461974117,71295.0,70037.63416119794,0.0,69874.0,1257.3658388020558,1580968.8525863974,1,1,2712
SVR,H7,260,2024-08-14,2024-08-26,69874.0,0.0232704582534275,0.0026926083390932,71500.0,70062.1433150858,0.0,69874.0,1437.8566849141937,2067431.8463524345,1,1,2711
SVR,H1,261,2024-08-16,2024-08-19,70938.0,0.0028193633877471,0.0002538170883793,71138.0,70956.00527661544,0.0,70938.0,181.9947233845596,33122.07933982237,1,1,2718
SVR,H2,261,2024-08-16,2024-08-20,70938.0,0.0056669204093715,0.000689013106759,71340.0,70986.87721176726,0.0,70938.0,353.12278823273664,124695.70356926216,1,1,2717
SVR,H3,261,2024-08-16,2024-08-21,70938.0,0.0066114071442668,0.0013505152410068,71407.0,71033.80285016655,0.0,70938.0,373.197149833446,139276.11264380754,1,1,2716
SVR,H4,261,2024-08-16,2024-08-22,70938.0,-0.0020017480053003,0.0017242497148015,70796.0,71060.31482626859,0.0,70938.0,264.3148262685864,69862.32738539297,-1,1,2715
SVR,H5,261,2024-08-16,2024-08-23,70938.0,0.0050325636471284,0.001989453608521,71295.0,71079.12786008127,0.0,70938.0,215.87213991873432,46600.78079309361,1,1,2714
SVR,H6,261,2024-08-16,2024-08-26,70938.0,0.0079224111195692,0.0023550633036682,71500.0,71105.06348063561,0.0,70938.0,394.9365193643898,155974.85432765906,1,1,2713
SVR,H7,261,2024-08-16,2024-08-27,70938.0,0.0086413487834446,0.0027049602189744,71551.0,71129.88446801361,0.0,70938.0,421.1155319863901,177338.29128018036,1,1,2712
SVR,H1,262,2024-08-19,2024-08-20,71138.0,0.0028395512946666,0.0002542760597242,71340.0,71156.08869033666,0.0,71138.0,183.9113096633373,33823.36982208394,1,1,2719
SVR,H2,262,2024-08-19,2024-08-21,71138.0,0.0037813826646799,0.0006954008811618,71407.0,71187.46942788409,0.0,71138.0,219.5305721159093,48193.67209353846,1,1,2718
SVR,H3,262,2024-08-19,2024-08-22,71138.0,-0.0048075571424555,0.0013505150215675,70796.0,71234.07293760427,0.0,71138.0,438.0729376042728,191907.89866123704,-1,1,2717
SVR,H4,262,2024-08-19,2024-08-23,71138.0,0.0022069779864488,0.0017242497935929,71295.0,71260.65968181661,0.0,71138.0,34.340318183385534,1179.257452936159,1,1,2716
SVR,H5,262,2024-08-19,2024-08-26,71138.0,0.0050887008349966,0.0019961788783481,71500.0,71280.00417304794,0.0,71138.0,219.99582695205757,48398.163876319646,1,1,2715
SVR,H6,262,2024-08-19,2024-08-27,71138.0,0.005805617250977,0.0023632825780783,71551.0,71306.11919603933,0.0,71138.0,244.88080396066653,59966.60814842239,1,1,2714
SVR,H7,262,2024-08-19,2024-08-28,71138.0,0.002670865079142,0.0027185550013967,71328.0,71331.39256568937,0.0,71138.0,3.3925656893698037,11.509501956689208,1,1,2713
SVR,H1,263,2024-08-20,2024-08-21,71340.0,0.0009391645640595,0.0002556583065464,71407.0,71358.23866358903,0.0,71340.0,48.761336410971126,2377.667928583898,1,1,2720
SVR,H2,263,2024-08-20,2024-08-22,71340.0,-0.0076254555649004,0.0006973014599955,70796.0,71389.74548615608,0.0,71340.0,593.7454861560836,352533.7023307241,-1,1,2719
SVR,H3,263,2024-08-20,2024-08-23,71340.0,-0.0006307821698906,0.0013595376835019,71295.0,71436.98941834102,0.0,71340.0,141.98941834102152,20160.994920821617,-1,1,2718
SVR,H4,263,2024-08-20,2024-08-26,71340.0,0.0022427810485001,0.0017242508393147,71500.0,71463.00805487671,0.0,71340.0,36.99194512328541,1368.4040040041589,1,1,2717
SVR,H5,263,2024-08-20,2024-08-27,71340.0,0.0029576675077096,0.0019961823072249,71551.0,71482.40764579743,0.0,71340.0,68.59235420257028,4704.91105505086,1,1,2716
SVR,H6,263,2024-08-20,2024-08-28,71340.0,-0.0001682085786375,0.0023709962003036,71328.0,71509.14686892966,0.0,71340.0,181.14686892965983,32814.18812301936,-1,1,2715
SVR,H7,263,2024-08-20,2024-08-29,71340.0,0.004569666386319,0.0027276062753755,71666.0,71534.5874316853,0.0,71340.0,131.41256831469946,17269.263111065553,1,1,2714
SVR,H1,264,2024-08-21,2024-08-22,71407.0,-0.0085565840883946,0.0002564647542109,70796.0,71425.31337870394,0.0,71407.0,629.3133787039405,396035.3286157693,-1,1,2721
SVR,H2,264,2024-08-21,2024-08-23,71407.0,-0.0015684736790511,0.0006984742813608,71295.0,71456.87595300913,0.0,71407.0,161.8759530091338,26203.824162615296,-1,1,2720
SVR,H3,264,2024-08-21,2024-08-26,71407.0,0.0013023933227835,0.0013595361856841,71500.0,71504.08040041116,0.0,71407.0,4.080400411156006,16.649667515362104,1,1,2719
SVR,H4,264,2024-08-21,2024-08-27,71407.0,0.0020166090159228,0.0017319761172528,71551.0,71530.67521860468,0.0,71407.0,20.324781395320315,413.0967387675588,1,1,2718
SVR,H5,264,2024-08-21,2024-08-28,71407.0,-0.001106334112902,0.0019961851646934,71328.0,71549.54159405526,0.0,71407.0,221.54159405526295,49080.677896546935,-1,1,2717
SVR,H6,264,2024-08-21,2024-08-29,71407.0,0.0036270953828057,0.0023710001183211,71666.0,71576.30600544895,0.0,71407.0,89.69399455105304,8045.012658524332,1,1,2716
SVR,H7,264,2024-08-21,2024-08-30,71407.0,-0.0029688966067752,0.002735430551373,71195.0,71602.3288893819,0.0,71407.0,407.3288893818972,165916.82412508983,-1,1,2715
SVR,H1,265,2024-08-22,2024-08-23,70796.0,0.0070484208147352,0.0004899799294346,71295.0,70830.68861908426,0.0,70796.0,464.3113809157367,215585.0584478783,1,1,2722
SVR,H2,265,2024-08-22,2024-08-26,70796.0,0.0099440646364201,0.0006955871882884,71500.0,70845.24479058206,0.0,70796.0,654.7552094179409,428704.3842599317,1,1,2721
SVR,H3,265,2024-08-22,2024-08-27,70796.0,0.0106644443188881,0.0013599226428079,71551.0,70892.27708342024,0.0,70796.0,658.7229165797617,433915.8808273476,1,1,2720
SVR,H4,265,2024-08-22,2024-08-28,70796.0,0.0075145488445675,0.0017324055937499,71328.0,70918.64738641512,0.0,70796.0,409.3526135848806,167569.56224877256,1,1,2719
SVR,H5,265,2024-08-22,2024-08-29,70796.0,0.0122888298773942,0.0019961901107819,71666.0,70937.32227508292,0.0,70796.0,728.6777249170846,530971.2267903384,1,1,2718
SVR,H6,265,2024-08-22,2024-08-30,70796.0,0.0056359116334256,0.0023710021916846,71195.0,70963.85747116251,0.0,70796.0,231.1425288374885,53426.868637389205,1,1,2717
SVR,H7,265,2024-08-22,2024-09-02,70796.0,0.0061726651223232,0.0027354329908637,71233.0,70989.65771402119,0.0,70796.0,243.3422859788116,59215.46814539371,1,1,2716
SVR,H1,266,2024-08-23,2024-08-26,71295.0,0.0028753769549056,0.0002524220272216,71500.0,71312.99642843078,0.0,71295.0,187.0035715692211,34970.3357796448,1,1,2723
SVR,H2,266,2024-08-23,2024-08-27,71295.0,0.00359071463637,0.0006947318971497,71551.0,71344.5309106073,0.0,71295.0,206.4690893927036,42629.48487465223,1,1,2722
SVR,H3,266,2024-08-23,2024-08-28,71295.0,0.0004628655585945,0.0013595335961378,71328.0,71391.92794773665,0.0,71295.0,63.92794773665082,4086.782501819959,1,1,2721
SVR,H4,266,2024-08-23,2024-08-29,71295.0,0.0052037309769268,0.0017319861604874,71666.0,71418.48195331194,0.0,71295.0,247.5180466880556,61265.18343627048,1,1,2720
SVR,H5,266,2024-08-23,2024-08-30,71295.0,-0.001402622904832,0.0019962020931872,71195.0,71437.31922823378,0.0,71295.0,242.3192282337841,58718.60837181674,-1,1,2719
SVR,H6,266,2024-08-23,2024-09-02,71295.0,-0.0008696262009958,0.0023753388738755,71233.0,71464.34978501296,0.0,71295.0,231.34978501296428,53522.72302554479,-1,1,2718
SVR,H7,266,2024-08-23,2024-09-03,71295.0,-0.0068447997755803,0.0027354351046909,70807.0,71490.02284578895,0.0,71295.0,683.0228457889461,466520.2078696305,-1,1,2717
SVR,H1,267,2024-08-26,2024-08-27,71500.0,0.0007132867132866,0.0002524271145911,71551.0,71518.04853869327,0.0,71500.0,32.95146130672947,1085.7988022488894,1,1,2724
SVR,H2,267,2024-08-26,2024-08-28,71500.0,-0.0024055944055944,0.0006979727695843,71328.0,71549.90505302529,0.0,71500.0,221.90505302528615,49241.85255815507,-1,1,2723
SVR,H3,267,2024-08-26,2024-08-29,71500.0,0.0023216783216784,0.0013595332315646,71666.0,71597.20662605687,0.0,71500.0,68.79337394313188,4732.528298479577,1,1,2722
SVR,H4,267,2024-08-26,2024-08-30,71500.0,-0.0042657342657342,0.001731984832566,71195.0,71623.83691552847,0.0,71500.0,428.8369155284745,183901.100119976,-1,1,2721
SVR,H5,267,2024-08-26,2024-09-02,71500.0,-0.0037342657342657,0.0019962029919419,71233.0,71642.72851392385,0.0,71500.0,409.728513923852,167877.45512224818,-1,1,2720
SVR,H6,267,2024-08-26,2024-09-03,71500.0,-0.0096923076923076,0.0023753404252263,70807.0,71669.83684040367,0.0,71500.0,862.8368404036737,744487.4131577947,-1,1,2719
SVR,H7,267,2024-08-26,2024-09-04,71500.0,-0.0062517482517482,0.0027412978399902,71053.0,71696.0027955593,0.0,71500.0,643.0027955592959,413452.5950970697,-1,1,2718
SVR,H1,268,2024-08-27,2024-08-28,71551.0,-0.0031166580481055,0.0002626456808166,71328.0,71569.7925611081,0.0,71551.0,241.79256110810093,58463.64260721472,-1,1,2725
SVR,H2,268,2024-08-27,2024-08-29,71551.0,0.0016072451817583,0.000699070173841,71666.0,71601.0191700085,0.0,71551.0,64.9808299915021,4222.5082663845,1,1,2724
SVR,H3,268,2024-08-27,2024-08-30,71551.0,-0.0049754720409218,0.0013595327946377,71195.0,71648.27593098911,0.0,71551.0,453.27593098911166,205459.0696140459,-1,1,2723
SVR,H4,268,2024-08-27,2024-09-02,71551.0,-0.0044443823286886,0.0017319818168331,71233.0,71674.92503097623,0.0,71551.0,441.9250309762283,195297.73300334037,-1,1,2722
SVR,H5,268,2024-08-27,2024-09-03,71551.0,-0.0103981775237242,0.0019962046152574,70807.0,71693.83043642629,0.0,71551.0,886.8304364262876,786468.2229720398,-1,1,2721
SVR,H6,268,2024-08-27,2024-09-04,71551.0,-0.006960070439267,0.0023753407675976,71053.0,71720.95800726238,0.0,71551.0,667.9580072623794,446167.8994659289,-1,1,2720
SVR,H7,268,2024-08-27,2024-09-05,71551.0,0.0047378792749228,0.002741298921505,71890.0,71747.14267913261,0.0,71551.0,142.85732086739154,20408.21412540886,1,1,2719
SVR,H1,269,2024-08-28,2024-08-29,71328.0,0.0047386720502466,0.000341881253421,71666.0,71352.38570604402,0.0,71328.0,313.6142939559795,98353.92537350752,1,1,2726
SVR,H2,269,2024-08-28,2024-08-30,71328.0,-0.0018646253925527,0.0006978920866324,71195.0,71377.77924675532,0.0,71328.0,182.77924675532267,33408.25304444313,-1,1,2725
SVR,H3,269,2024-08-28,2024-09-02,71328.0,-0.0013318752803948,0.0013595312842438,71233.0,71424.97264744254,0.0,71328.0,191.97264744254065,36853.497366098,-1,1,2724
SVR,H4,269,2024-08-28,2024-09-03,71328.0,-0.0073042844324808,0.0017321946479603,70807.0,71451.5539798497,0.0,71328.0,644.5539798497048,415449.8329400937,-1,1,2723
SVR,H5,269,2024-08-28,2024-09-04,71328.0,-0.003855428443248,0.0019965316442989,71053.0,71470.40860912456,0.0,71328.0,417.40860912455537,174229.94697129584,-1,1,2722
SVR,H6,269,2024-08-28,2024-09-05,71328.0,0.0078790937640196,0.0023757868026374,71890.0,71497.46012105852,0.0,71328.0,392.53987894147576,154087.55655938844,1,1,2721
SVR,H7,269,2024-08-28,2024-09-06,71328.0,0.0011355989232839,0.0027417820610926,71409.0,71523.56583085362,0.0,71328.0,114.56583085362216,13125.329599180766,1,1,2720
SVR,H1,270,2024-08-29,2024-08-30,71666.0,-0.0065721541595735,0.0002602418554093,71195.0,71684.65049280977,0.0,71666.0,489.6504928097711,239757.60510885168,-1,1,2727
SVR,H2,270,2024-08-29,2024-09-02,71666.0,-0.0060419166689922,0.0006982261302101,71233.0,71716.03907384764,0.0,71666.0,483.0390738476417,233326.74686358747,-1,1,2726
SVR,H3,270,2024-08-29,2024-09-03,71666.0,-0.0119861580107721,0.0013595296640781,70807.0,71763.43205290583,0.0,71666.0,956.4320529058314,914762.271825663,-1,1,2725
SVR,H4,270,2024-08-29,2024-09-04,71666.0,-0.0085535679401669,0.0017319831203769,71053.0,71790.12430230492,0.0,71666.0,737.1243023049174,543352.2370485112,-1,1,2724
SVR,H5,270,2024-08-29,2024-09-05,71666.0,0.003125610470795,0.0019962134330132,71890.0,71809.06063189033,0.0,71666.0,80.93936810966989,6551.181309992647,1,1,2723
SVR,H6,270,2024-08-29,2024-09-06,71666.0,-0.0035860798705104,0.0023753444584525,71409.0,71836.23143595945,0.0,71666.0,427.23143595944566,182526.69987196996,-1,1,2722
SVR,H7,270,2024-08-29,2024-09-09,71666.0,-0.0012976864901068,0.0027412971995074,71573.0,71862.4578050999,0.0,71666.0,289.4578050998971,83785.82093325001,-1,1,2721
SVR,H1,271,2024-08-30,2024-09-02,71195.0,0.0005337453472855,0.0002534979251058,71233.0,71213.04778477791,0.0,71195.0,19.952215222088853,398.0908922685541,1,1,2728
SVR,H2,271,2024-08-30,2024-09-03,71195.0,-0.00544982091439,0.0006972574046095,70807.0,71244.64124092118,0.0,71195.0,437.6412409211771,191529.85575502776,-1,1,2727
SVR,H3,271,2024-08-30,2024-09-04,71195.0,-0.0019945220872252,0.0013595297094159,71053.0,71291.79171766186,0.0,71195.0,238.7917176618648,57021.48442390376,-1,1,2726
SVR,H4,271,2024-08-30,2024-09-05,71195.0,0.0097619214832502,0.0017319790450293,71890.0,71318.30824811087,0.0,71195.0,571.6917518891278,326831.45917806,1,1,2725
SVR,H5,271,2024-08-30,2024-09-06,71195.0,0.0030058290610295,0.0019962153368327,71409.0,71337.1205509058,0.0,71195.0,71.87944909419457,5166.6552020849085,1,1,2724
SVR,H6,271,2024-08-30,2024-09-09,71195.0,0.0053093616124728,0.0023753494411501,71573.0,71364.11300346267,0.0,71195.0,208.88699653733056,43633.77732238675,1,1,2723
SVR,H7,271,2024-08-30,2024-09-10,71195.0,0.008792752300021,0.0027412993226134,71821.0,71390.16680527346,0.0,71195.0,430.83319472653966,185617.24167827645,1,1,2722
SVR,H1,272,2024-09-02,2024-09-03,71233.0,-0.0059803742647368,0.0002549352260218,70807.0,71251.15980095523,0.0,71233.0,444.15980095522536,197277.9287845854,-1,1,2729
SVR,H2,272,2024-09-02,2024-09-04,71233.0,-0.0025269187034099,0.000694685036226,71053.0,71282.48449918549,0.0,71233.0,229.4844991854916,52663.13536641589,-1,1,2728
SVR,H3,272,2024-09-02,2024-09-05,71233.0,0.0092232532674463,0.0013595299048903,71890.0,71329.84339371505,0.0,71233.0,560.1566062849452,313775.42356466706,1,1,2727
SVR,H4,272,2024-09-02,2024-09-06,71233.0,0.0024707649544453,0.0017319812516558,71409.0,71356.3742204992,0.0,71233.0,52.62577950079867,2769.4726680666818,1,1,2726
SVR,H5,272,2024-09-02,2024-09-09,71233.0,0.0047730686619964,0.0019962092593042,71573.0,71375.19597416802,0.0,71233.0,197.8040258319816,39126.43263533923,1,1,2725
SVR,H6,272,2024-09-02,2024-09-10,71233.0,0.0082546010978057,0.002375351907584,71821.0,71402.20344243293,0.0,71233.0,418.7965575670678,175390.55663002632,1,1,2724
SVR,H7,272,2024-09-02,2024-09-11,71233.0,0.0090547920205523,0.0027413045467072,71878.0,71428.2713467756,0.0,71233.0,449.7286532244034,202255.86153103568,1,1,2723
SVR,H1,273,2024-09-03,2024-09-04,70807.0,0.0034742327735959,0.000281156204898,71053.0,70826.90782740022,0.0,70807.0,226.09217259977595,51117.67051088688,1,1,2730
SVR,H2,273,2024-09-03,2024-09-05,70807.0,0.0152950979422938,0.0006923419836488,71890.0,70856.02265883623,0.0,70807.0,1033.9773411637725,1069109.1420401044,1,1,2729
SVR,H3,273,2024-09-03,2024-09-06,70807.0,0.0085019842670921,0.0013586133235931,71409.0,70903.19933360367,0.0,70807.0,505.8006663963315,255834.31412697304,1,1,2728
SVR,H4,273,2024-09-03,2024-09-09,70807.0,0.0108181394494895,0.0017319878450011,71573.0,70929.63686334099,0.0,70807.0,643.3631366590125,413916.1256117232,1,1,2727
SVR,H5,273,2024-09-03,2024-09-10,70807.0,0.0143206180179926,0.0019962168433654,71821.0,70948.34612602819,0.0,70807.0,872.6538739718089,761524.7837580058,1,1,2726
SVR,H6,273,2024-09-03,2024-09-11,70807.0,0.01512562317285,0.0023753478016656,71878.0,70975.19125179254,0.0,70807.0,902.8087482074624,815063.6358399254,1,1,2725
SVR,H7,273,2024-09-03,2024-09-12,70807.0,0.0264663098281243,0.0027413153446175,72681.0,71001.10431560634,0.0,70807.0,1679.8956843936612,2822049.5104444474,1,1,2724
SVR,H1,274,2024-09-04,2024-09-05,71053.0,0.0117799389188353,0.0002302094354527,71890.0,71069.35707101722,0.0,71053.0,820.6429289827793,673454.8168894349,1,1,2731
SVR,H2,274,2024-09-04,2024-09-06,71053.0,0.0050103443908069,0.0006911224213265,71409.0,71102.10632140252,0.0,71053.0,306.8936785974802,94183.72996309346,1,1,2730
SVR,H3,274,2024-09-04,2024-09-09,71053.0,0.0073184805708415,0.0013582455702813,71573.0,71149.50742250521,0.0,71053.0,423.4925774947915,179345.96319318196,1,1,2729
SVR,H4,274,2024-09-04,2024-09-10,71053.0,0.0108088328430888,0.0017316323475538,71821.0,71176.03767319075,0.0,71053.0,644.9623268092546,415976.4030032077,1,1,2728
SVR,H5,274,2024-09-04,2024-09-11,71053.0,0.0116110509056619,0.0019962264335797,71878.0,71194.83787678514,0.0,71053.0,683.1621232148609,466710.4865954368,1,1,2727
SVR,H6,274,2024-09-04,2024-09-12,71053.0,0.0229124737871728,0.0023746390880604,72681.0,71221.72523112396,0.0,71053.0,1459.2747688760428,2129482.851078228,1,1,2726
SVR,H7,274,2024-09-04,2024-09-13,71053.0,0.0325672385402446,0.0027411879272085,73367.0,71247.76962579195,0.0,71053.0,2119.230374208055,4491137.378966012,1,1,2725
SVR,H1,275,2024-09-05,2024-09-06,71890.0,-0.0066907775768535,0.0001710490356758,71409.0,71902.29671517474,0.0,71890.0,493.2967151747434,243341.649202192,-1,1,2732
SVR,H2,275,2024-09-05,2024-09-09,71890.0,-0.0044095145360968,0.0006967093940101,71573.0,71940.08643833539,0.0,71890.0,367.086438335391,134752.4532097628,-1,1,2731
SVR,H3,275,2024-09-05,2024-09-10,71890.0,-0.0009597996939768,0.001358594326204,71821.0,71987.66934611081,0.0,71890.0,166.66934611080796,27778.670933004298,-1,1,2730
SVR,H4,275,2024-09-05,2024-09-11,71890.0,-0.000166921685909,0.0017319823430244,71878.0,72014.51221064002,0.0,71890.0,136.5122106400231,18635.58365382604,-1,1,2729
SVR,H5,275,2024-09-05,2024-09-12,71890.0,0.0110029211295035,0.001996214525352,72681.0,72033.50786222756,0.0,71890.0,647.4921377724386,419246.0684771226,1,1,2728
SVR,H6,275,2024-09-05,2024-09-13,71890.0,0.0205452775073027,0.0023753497008224,73367.0,72060.76388999213,0.0,71890.0,1306.2361100078706,1706252.7750884937,1,1,2727
SVR,H7,275,2024-09-05,2024-09-16,71890.0,0.0213103352343859,0.0027412833759271,73422.0,72087.0708618954,0.0,71890.0,1334.929138104606,1782035.8037607062,1,1,2726
SVR,H1,276,2024-09-06,2024-09-09,71409.0,0.0022966292764217,0.0002566898278415,71573.0,71427.32996391633,0.0,71409.0,145.6700360836694,21219.759412617543,1,1,2733
SVR,H2,276,2024-09-06,2024-09-10,71409.0,0.0057695808651569,0.0006983481214372,71821.0,71458.86834100372,0.0,71409.0,362.1316589962808,131139.33844739856,1,1,2732
SVR,H3,276,2024-09-06,2024-09-11,71409.0,0.006567799577084,0.0013586060545428,71878.0,71506.01669974884,0.0,71409.0,371.98330025115865,138371.57566574364,1,1,2731
SVR,H4,276,2024-09-06,2024-09-12,71409.0,0.0178128807293198,0.0017319904453681,72681.0,71532.6797057133,0.0,71409.0,1148.3202942867065,1318639.498270708,1,1,2730
SVR,H5,276,2024-09-06,2024-09-13,71409.0,0.0274195129465473,0.0019962395155879,73367.0,71551.54946756862,0.0,71409.0,1815.4505324313795,3295860.63570538,1,1,2729
SVR,H6,276,2024-09-06,2024-09-16,71409.0,0.0281897239843718,0.0023753695131219,73422.0,71578.62276156252,0.0,71409.0,1843.3772384374752,3398039.643189372,1,1,2728
SVR,H7,276,2024-09-06,2024-09-17,71409.0,0.0225881891638308,0.0027413056064197,73022.0,71604.75389204883,0.0,71409.0,1417.2461079511704,2008586.5305027403,1,1,2727
SVR,H1,277,2024-09-09,2024-09-10,71573.0,0.0034649937825717,0.0002885580695684,71821.0,71593.65296671321,0.0,71573.0,227.3470332867873,51686.67354430359,1,1,2734
SVR,H2,277,2024-09-09,2024-09-11,71573.0,0.0042613834825981,0.0006964057860817,71878.0,71622.84385132723,0.0,71573.0,255.15614867277327,65104.66020552238,1,1,2733
SVR,H3,277,2024-09-09,2024-09-12,71573.0,0.0154806980285862,0.0013586232147175,72681.0,71670.24073934698,0.0,71573.0,1010.7592606530234,1021634.2829958464,1,1,2732
SVR,H4,277,2024-09-09,2024-09-13,71573.0,0.0250653179271513,0.0017320426439741,73367.0,71696.96748815717,0.0,71573.0,1670.03251184283,2789008.590612072,1,1,2731
SVR,H5,277,2024-09-09,2024-09-16,71573.0,0.0258337641289312,0.0019962754720534,73422.0,71715.87942436128,0.0,71573.0,1706.1205756387208,2910847.4186178,1,1,2730
SVR,H6,277,2024-09-09,2024-09-17,71573.0,0.0202450644796221,0.0023753768803447,73022.0,71743.0128494569,0.0,71573.0,1278.9871505430929,1635808.13125434,1,1,2729
SVR,H7,277,2024-09-09,2024-09-18,71573.0,0.020342866723485,0.0027413168004012,73029.0,71769.2042673551,0.0,71573.0,1259.795732644896,1587085.28799029,1,1,2728
SVR,H1,278,2024-09-10,2024-09-11,71821.0,0.0007936397432506,0.0002802313537288,71878.0,71841.12649605617,0.0,71821.0,36.87350394383248,1359.6552930958292,1,1,2735
SVR,H2,278,2024-09-10,2024-09-12,71821.0,0.0119742136700964,0.0006983344512242,72681.0,71871.15507862136,0.0,71821.0,809.8449213786371,655848.7966827708,1,1,2734
SVR,H3,278,2024-09-10,2024-09-13,71821.0,0.0215257375976385,0.0013586110695529,73367.0,71918.57680562636,0.0,71821.0,1448.4231943736377,2097929.7499995325,1,1,2733
SVR,H4,278,2024-09-10,2024-09-16,71821.0,0.022291530332354,0.0017319967147648,73422.0,71945.39373605113,0.0,71821.0,1476.6062639488664,2180366.0587330293,1,1,2732
SVR,H5,278,2024-09-10,2024-09-17,71821.0,0.0167221286253325,0.0019962490331947,73022.0,71964.37260181308,0.0,71821.0,1057.6273981869165,1118575.7133956258,1,1,2731
SVR,H6,278,2024-09-10,2024-09-18,71821.0,0.0168195931552053,0.0023753790140274,73029.0,71991.60209616648,0.0,71821.0,1037.3979038335235,1076194.410878189,1,1,2730
SVR,H7,278,2024-09-10,2024-09-19,71821.0,0.0213865025549631,0.0027413197134226,73357.0,72017.88432313774,0.0,71821.0,1339.1156768622604,1793230.7960182698,1,1,2729
SVR,H1,279,2024-09-11,2024-09-12,71878.0,0.011171707615682,0.0002346128503049,72681.0,71894.86350245423,0.0,71878.0,786.1364975457691,618010.592773529,1,1,2736
SVR,H2,279,2024-09-11,2024-09-13,71878.0,0.0207156570856172,0.0006996837634406,73367.0,71928.2918695486,0.0,71878.0,1438.7081304513997,2069881.084626961,1,1,2735
SVR,H3,279,2024-09-11,2024-09-16,71878.0,0.0214808425387462,0.0013585844725972,73422.0,71975.65233472134,0.0,71878.0,1446.347665278663,2091921.56885704,1,1,2734
SVR,H4,279,2024-09-11,2024-09-17,71878.0,0.0159158574250812,0.0017318873109022,73022.0,72002.48459613303,0.0,71878.0,1019.5154038669716,1039411.6587220342,1,1,2733
SVR,H5,279,2024-09-11,2024-09-18,71878.0,0.0160132446645704,0.0019961609838331,73029.0,72021.48005919596,0.0,71878.0,1007.5199408040352,1015096.4311177668,1,1,2732
SVR,H6,279,2024-09-11,2024-09-19,71878.0,0.0205765324577755,0.0023752645342329,73357.0,72048.7292641916,0.0,71878.0,1308.2707358084008,1711572.3181726544,1,1,2731
SVR,H7,279,2024-09-11,2024-09-20,71878.0,0.029202259383956,0.0027412145697453,73977.0,72075.03302084416,0.0,71878.0,1901.9669791558408,3617478.3897991935,1,1,2730
SVR,H1,280,2024-09-12,2024-09-13,72681.0,0.0094385052489647,0.0002777058380706,73367.0,72701.18393801682,0.0,72681.0,665.816061983176,443311.02839478455,1,1,2737
SVR,H2,280,2024-09-12,2024-09-16,72681.0,0.0101952367193627,0.0007036026699441,73422.0,72732.1385456542,0.0,72681.0,689.8614543457952,475908.8261920957,1,1,2736
SVR,H3,280,2024-09-12,2024-09-17,72681.0,0.0046917351164679,0.001360524336065,73022.0,72779.88426926955,0.0,72681.0,242.11573073045287,58620.02706714119,1,1,2735
SVR,H4,280,2024-09-12,2024-09-18,72681.0,0.0047880463945184,0.0017354348161021,73029.0,72807.13313786911,0.0,72681.0,221.86686213088976,49224.90451180725,1,1,2734
SVR,H5,280,2024-09-12,2024-09-19,72681.0,0.0093009177088922,0.001996159018971,73357.0,72826.08283365783,0.0,72681.0,530.917166342173,281873.0375168026,1,1,2733
SVR,H6,280,2024-09-12,2024-09-20,72681.0,0.0178313451933793,0.0023817400399447,73977.0,72854.10724784322,0.0,72681.0,1122.892752156782,1260888.1328462325,1,1,2732
SVR,H7,280,2024-09-12,2024-09-23,72681.0,0.02066564851887,0.0027494944719457,74183.0,72880.8360077155,0.0,72681.0,1302.163992284506,1695631.0628023231,1,1,2731
SVR,H1,281,2024-09-13,2024-09-16,73367.0,0.000749655839819,0.0002614141829536,73422.0,73386.17917436078,0.0,73367.0,35.820825639224495,1283.131549475723,1,1,2738
SVR,H2,281,2024-09-13,2024-09-17,73367.0,-0.0047023866315918,0.0007109203349639,73022.0,73419.15809221531,0.0,73367.0,397.158092215308,157734.5502121031,-1,1,2737
SVR,H3,281,2024-09-13,2024-09-18,73367.0,-0.0046069758883421,0.0013663621334854,73029.0,73467.24589064742,0.0,73367.0,438.2458906474203,192059.4606693507,-1,1,2736
SVR,H4,281,2024-09-13,2024-09-19,73367.0,-0.0001363010617853,0.0017408352658897,73357.0,73494.71986095254,0.0,73367.0,137.7198609525367,18966.76010078604,-1,1,2735
SVR,H5,281,2024-09-13,2024-09-20,73367.0,0.0083143647689014,0.0020043395318015,73977.0,73514.05237842968,0.0,73367.0,462.947621570318,214320.5003176144,1,1,2734
SVR,H6,281,2024-09-13,2024-09-23,73367.0,0.011122166641678,0.002383454574138,74183.0,73541.8669117408,0.0,73367.0,641.133088259201,411051.6368607805,1,1,2733
SVR,H7,281,2024-09-13,2024-09-24,73367.0,0.0207041312851827,0.0027582888351828,74886.0,73569.36737697087,0.0,73367.0,1316.6326230291306,1733521.464024569,1,1,2732
SVR,H1,282,2024-09-16,2024-09-17,73422.0,-0.005447958377598,0.0002775707685944,73022.0,73442.37980097174,0.0,73422.0,420.37980097174295,176719.17706504223,-1,1,2739
SVR,H2,282,2024-09-16,2024-09-18,73422.0,-0.00535261910599,0.000713923928791,73029.0,73474.4177226997,0.0,73422.0,445.41772269969806,198396.9476949851,-1,1,2738
SVR,H3,282,2024-09-16,2024-09-19,73422.0,-0.0008852932363596,0.0013791306998828,73357.0,73523.25853424681,0.0,73422.0,166.25853424680827,27641.90020989712,-1,1,2737
SVR,H4,282,2024-09-16,2024-09-20,73422.0,0.0075590422489171,0.0017526638909127,73977.0,73550.6840881986,0.0,73422.0,426.31591180140094,181745.25665505987,1,1,2736
SVR,H5,282,2024-09-16,2024-09-23,73422.0,0.0103647408133802,0.0020175786682189,74183.0,73570.13466097799,0.0,73422.0,612.8653390220134,375603.9237745674,1,1,2735
SVR,H6,282,2024-09-16,2024-09-24,73422.0,0.0199395276620086,0.0023964727381624,74886.0,73597.95382138136,0.0,73422.0,1288.0461786186352,1659062.958254069,1,1,2734
SVR,H7,282,2024-09-16,2024-09-25,73422.0,0.0237667184222711,0.0027658988614855,75167.0,73625.077826208,0.0,73422.0,1541.9221737920016,2377523.9900314515,1,1,2733
SVR,H1,283,2024-09-17,2024-09-18,73022.0,9.586152118545854e-05,0.0001404607697419,73029.0,73032.2567263281,0.0,73022.0,3.256726328094373,10.60626637610306,1,1,2740
SVR,H2,283,2024-09-17,2024-09-19,73022.0,0.0045876585138724,0.0007118697412484,73357.0,73073.98215224544,0.0,73022.0,283.017847754556,80099.10214762103,1,1,2739
SVR,H3,283,2024-09-17,2024-09-20,73022.0,0.0130782503902933,0.0013790574974635,73977.0,73122.7015365798,0.0,73022.0,854.2984634202003,729825.8646021152,1,1,2738
SVR,H4,283,2024-09-17,2024-09-23,73022.0,0.0158993180137492,0.0017541566540628,74183.0,73150.09202719298,0.0,73022.0,1032.907972807021,1066898.8802883097,1,1,2737
SVR,H5,283,2024-09-17,2024-09-24,73022.0,0.0255265536413684,0.0020193715064748,74886.0,73169.4585461458,0.0,73022.0,1716.5414538541954,2946514.5627998747,1,1,2736
SVR,H6,283,2024-09-17,2024-09-25,73022.0,0.0293747089918106,0.0024006142814485,75167.0,73197.29765605993,0.0,73022.0,1969.7023439400652,3879727.323722988,1,1,2735
SVR,H7,283,2024-09-17,2024-09-26,73022.0,0.0317301635123661,0.0027711415950025,75339.0,73224.35430155027,0.0,73022.0,2114.6456984497345,4471726.429971965,1,1,2734
SVR,H1,284,2024-09-18,2024-09-19,73029.0,0.0044913664434675,0.000255575438266,73357.0,73047.66441868113,0.0,73029.0,309.3355813188682,95688.50186988212,1,1,2741
SVR,H2,284,2024-09-18,2024-09-20,73029.0,0.0129811444768517,0.0007095687155557,73977.0,73080.81909372832,0.0,73029.0,896.1809062716784,803140.2167659268,1,1,2740
SVR,H3,284,2024-09-18,2024-09-23,73029.0,0.0158019416943953,0.0013791491913527,74183.0,73129.7178862953,0.0,73029.0,1053.2821137046994,1109403.2110502394,1,1,2739
SVR,H4,284,2024-09-18,2024-09-24,73029.0,0.0254282545290227,0.0017542446631693,74886.0,73157.11073350659,0.0,73029.0,1728.88926649341,2989058.0957961218,1,1,2738
SVR,H5,284,2024-09-18,2024-09-25,73029.0,0.0292760410247983,0.0020207087284074,75167.0,73176.57033772687,0.0,73029.0,1990.4296622731345,3961810.240456744,1,1,2737
SVR,H6,284,2024-09-18,2024-09-26,73029.0,0.0316312697695435,0.0024021491141153,75339.0,73204.42654765473,0.0,73029.0,2134.57345234527,4556403.823457206,1,1,2736
SVR,H7,284,2024-09-18,2024-09-27,73029.0,0.0253187090060114,0.0027748735686335,74878.0,73231.64624184373,0.0,73029.0,1646.3537581562705,2710480.696995276,1,1,2735
SVR,H1,285,2024-09-19,2024-09-20,73357.0,0.0084518178224299,0.0001992107597339,73977.0,73371.61350370181,0.0,73357.0,605.3864962981897,366492.8099001981,1,1,2742
SVR,H2,285,2024-09-19,2024-09-23,73357.0,0.0112600024537534,0.0007110343984476,74183.0,73409.15935036693,0.0,73357.0,773.8406496330717,598829.3510245344,1,1,2741
SVR,H3,285,2024-09-19,2024-09-24,73357.0,0.0208432733072507,0.0013791182790994,74886.0,73458.1679795999,0.0,73357.0,1427.8320204001066,2038704.2784798504,1,1,2740
SVR,H4,285,2024-09-19,2024-09-25,73357.0,0.0246738552558039,0.0017542178628831,75167.0,73485.68415976751,0.0,73357.0,1681.3158402324916,2826822.954616689,1,1,2739
SVR,H5,285,2024-09-19,2024-09-26,73357.0,0.0270185531033166,0.002020703351517,75339.0,73505.23273575725,0.0,73357.0,1833.7672642427497,3362702.3794083386,1,1,2738
SVR,H6,285,2024-09-19,2024-09-27,73357.0,0.020734217593413,0.0024066172869474,74878.0,73533.5422243186,0.0,73357.0,1344.457775681396,1807566.710590167,1,1,2737
SVR,H7,285,2024-09-19,2024-09-30,73357.0,0.0202707308096024,0.0027792748209202,74844.0,73560.87926303824,0.0,73357.0,1283.1207369617623,1646398.825621296,1,1,2736
SVR,H1,286,2024-09-20,2024-09-23,73977.0,0.0027846492828851,0.0002874210135478,74183.0,73998.26254431924,0.0,73977.0,184.73745568076265,34127.92753140174,1,1,2743
SVR,H2,286,2024-09-20,2024-09-24,73977.0,0.0122876029036052,0.0007157026908675,74886.0,74029.94553796231,0.0,73977.0,856.0544620376895,732829.241974638,1,1,2742
SVR,H3,286,2024-09-20,2024-09-25,73977.0,0.0160860808089,0.0013791254640755,75167.0,74079.02356445591,0.0,73977.0,1087.9764355440857,1183692.724299214,1,1,2741
SVR,H4,286,2024-09-20,2024-09-26,73977.0,0.0184111277829595,0.0017542194272591,75339.0,74106.77189057034,0.0,73977.0,1232.2281094296632,1518386.113668602,1,1,2740
SVR,H5,286,2024-09-20,2024-09-27,73977.0,0.0121794611838814,0.0020207109848023,74878.0,74126.48613652271,0.0,73977.0,751.5138634772884,564773.0869985605,1,1,2739
SVR,H6,286,2024-09-20,2024-09-30,73977.0,0.0117198588750557,0.0024089069434346,74844.0,74155.20370895446,0.0,73977.0,688.796291045539,474440.3305580908,1,1,2738
SVR,H7,286,2024-09-20,2024-10-01,73977.0,0.022750314286873,0.0027894598764543,75660.0,74183.35587328047,0.0,73977.0,1476.6441267195332,2180477.876975293,1,1,2737
SVR,H1,287,2024-09-23,2024-09-24,74183.0,0.0094765647115915,0.0002970957757415,74886.0,74205.03945593184,0.0,74183.0,680.9605440681626,463707.262577608,1,1,2744
SVR,H2,287,2024-09-23,2024-09-25,74183.0,0.0132644945607485,0.0007193288741073,75167.0,74236.36197386791,0.0,74183.0,930.6380261320884,866087.1356830294,1,1,2743
SVR,H3,287,2024-09-23,2024-09-26,74183.0,0.0155830850733995,0.0013814194083483,75339.0,74285.4778359695,0.0,74183.0,1053.522164030495,1109908.9501034978,1,1,2742
SVR,H4,287,2024-09-23,2024-09-27,74183.0,0.0093687232923984,0.0017557649348951,74878.0,74313.24791016533,0.0,74183.0,564.7520898346702,318944.9229726274,1,1,2741
SVR,H5,287,2024-09-23,2024-09-30,74183.0,0.0089103972608279,0.0020207141140046,74844.0,74332.90263511922,0.0,74183.0,511.0973648807849,261220.51638808212,1,1,2740
SVR,H6,287,2024-09-23,2024-10-01,74183.0,0.0199102220185216,0.0024088978217642,75660.0,74361.69926711194,0.0,74183.0,1298.300732888063,1685584.7930176817,1,1,2739
SVR,H7,287,2024-09-23,2024-10-03,74183.0,0.0221614116441772,0.0027930003740413,75827.0,74390.19314674751,0.0,74183.0,1436.806853252492,2064413.9335533285,1,1,2738
SVR,H1,288,2024-09-24,2024-09-25,74886.0,0.0037523702694761,0.0002989901557152,75167.0,74908.3901768009,0.0,74886.0,258.60982319910545,66879.04065507257,1,1,2745
SVR,H2,288,2024-09-24,2024-09-26,74886.0,0.0060491947760596,0.0007237259394837,75339.0,74940.19694070418,0.0,74886.0,398.8030592958239,159043.88010370845,1,1,2744
SVR,H3,288,2024-09-24,2024-09-27,74886.0,-0.0001068290468178,0.0013901464906307,74878.0,74990.10251009738,0.0,74886.0,112.1025100973784,12566.972770132828,-1,1,2743
SVR,H4,288,2024-09-24,2024-09-30,74886.0,-0.0005608524957936,0.0017664790731206,74844.0,75018.28455186971,0.0,74886.0,174.28455186971405,30375.105020427047,-1,1,2742
SVR,H5,288,2024-09-24,2024-10-01,74886.0,0.010335710279625,0.002030141530934,75660.0,75038.02917868552,0.0,74886.0,621.9708213144768,386847.7025666048,1,1,2741
SVR,H6,288,2024-09-24,2024-10-03,74886.0,0.0125657666319471,0.0024124334888344,75827.0,75066.65749424486,0.0,74886.0,760.3425057551358,578120.7260579987,1,1,2740
SVR,H7,288,2024-09-24,2024-10-04,74886.0,0.0116577197339957,0.0027966166871496,75759.0,75095.42743723388,0.0,74886.0,663.5725627661159,440328.5460559908,1,1,2739
SVR,H1,289,2024-09-25,2024-09-26,75167.0,0.0022882381896311,0.0001163297328809,75339.0,75175.74415703147,0.0,75167.0,163.2558429685305,26652.470263365485,1,1,2746
SVR,H2,289,2024-09-25,2024-09-27,75167.0,-0.0038447723069964,0.0007278836598023,74878.0,75221.71283105637,0.0,75167.0,343.7128310563712,118138.5102327856,-1,1,2745
SVR,H3,289,2024-09-25,2024-09-30,75167.0,-0.0042970984607606,0.0013921488318556,74844.0,75271.64365124409,0.0,75167.0,427.64365124408505,182879.09244937263,-1,1,2744
SVR,H4,289,2024-09-25,2024-10-01,75167.0,0.0065587292295821,0.0017763835475211,75660.0,75300.52542211654,0.0,75167.0,359.4745778834622,129221.97214449332,1,1,2743
SVR,H5,289,2024-09-25,2024-10-03,75167.0,0.0087804488671889,0.0020432784354921,75827.0,75320.58711016065,0.0,75167.0,506.41288983935374,256454.01499544544,1,1,2742
SVR,H6,289,2024-09-25,2024-10-04,75167.0,0.0078757965596605,0.0024238958302244,75759.0,75349.19697787048,0.0,75167.0,409.8030221295194,167938.51694648736,1,1,2741
SVR,H7,289,2024-09-25,2024-10-07,75167.0,0.0065188180983677,0.0028026719671296,75657.0,75377.66844375324,0.0,75167.0,279.33155624676147,78026.11831523766,1,1,2740
SVR,H1,290,2024-09-26,2024-09-27,75339.0,-0.0061190087471296,0.0002671504140375,74878.0,75359.12684504317,0.0,75339.0,481.1268450431671,231483.04102119172,-1,1,2747
SVR,H2,290,2024-09-26,2024-09-30,75339.0,-0.0065703022339027,0.0007295931091285,74844.0,75393.96681524864,0.0,75339.0,549.9668152486411,302463.4978747329,-1,1,2746
SVR,H3,290,2024-09-26,2024-10-01,75339.0,0.0042607414486521,0.0013941652062947,75660.0,75444.03501247703,0.0,75339.0,215.9649875229661,46640.87583579491,1,1,2745
SVR,H4,290,2024-09-26,2024-10-03,75339.0,0.0064773888689788,0.0017804567237163,75827.0,75473.13782910806,0.0,75339.0,353.8621708919381,125218.43598835524,1,1,2744
SVR,H5,290,2024-09-26,2024-10-04,75339.0,0.0055748018954326,0.0020534278739396,75759.0,75493.70320259474,0.0,75339.0,265.296797405259,70382.39071348702,1,1,2743
SVR,H6,290,2024-09-26,2024-10-07,75339.0,0.0042209214351132,0.002437179047338,75657.0,75522.61463224741,0.0,75339.0,134.38536775259126,18059.4270659992,1,1,2742
SVR,H7,290,2024-09-26,2024-10-08,75339.0,-0.0071676024369847,0.0028142731033077,74799.0,75551.02452133011,0.0,75339.0,752.0245213301096,565540.8806817804,-1,1,2741
SVR,H1,291,2024-09-27,2024-09-30,74878.0,-0.0004540719570501,0.0002167843272953,74844.0,74894.23237685922,0.0,74878.0,50.232376859217766,2523.2916849264766,-1,1,2748
SVR,H2,291,2024-09-27,2024-10-01,74878.0,0.0104436550121531,0.0007281695729925,75660.0,74932.52388128654,0.0,74878.0,727.4761187134573,529221.5032983961,1,1,2747
SVR,H3,291,2024-09-27,2024-10-03,74878.0,0.0126739496247227,0.0013941335794169,75827.0,74982.38993415958,0.0,74878.0,844.6100658404175,713366.1633189544,1,1,2746
SVR,H4,291,2024-09-27,2024-10-04,74878.0,0.0117658057106226,0.0017804396602837,75759.0,75011.31576088272,0.0,74878.0,747.6842391172831,559031.7214243907,1,1,2745
SVR,H5,291,2024-09-27,2024-10-07,74878.0,0.0104035898394723,0.0020535092346732,75657.0,75031.76266447386,0.0,74878.0,625.237335526137,390921.7257358233,1,1,2744
SVR,H6,291,2024-09-27,2024-10-08,74878.0,-0.0010550495472635,0.0024413769451293,74799.0,75060.80542289739,0.0,74878.0,261.8054228973924,68542.07945848249,-1,1,2743
SVR,H7,291,2024-09-27,2024-10-09,74878.0,-0.004887951067069,0.0028216954765485,74512.0,75089.282913893,0.0,74878.0,577.2829138929956,333255.5626727877,-1,1,2742
SVR,H1,292,2024-09-30,2024-10-01,74844.0,0.0109026775693441,0.000262926049159,75660.0,74863.67843722327,0.0,74844.0,796.3215627767349,634128.0313431814,1,1,2749
SVR,H2,292,2024-09-30,2024-10-03,74844.0,0.0131339853562075,0.000725711231577,75827.0,74898.31513141615,0.0,74844.0,928.6848685838486,862455.5851366001,1,1,2748
SVR,H3,292,2024-09-30,2024-10-04,74844.0,0.0122254288920955,0.0013969061819004,75759.0,74948.55004627816,0.0,74844.0,810.4499537218362,656829.1274877265,1,1,2747
SVR,H4,292,2024-09-30,2024-10-07,74844.0,0.0108625941959275,0.0017955462422902,75657.0,74978.38586295798,0.0,74844.0,678.6141370420228,460517.1469932893,1,1,2746
SVR,H5,292,2024-09-30,2024-10-08,74844.0,-0.0006012506012506,0.0020739219485713,74799.0,74999.22061431888,0.0,74844.0,200.22061431888145,40088.29439823026,-1,1,2745
SVR,H6,292,2024-09-30,2024-10-09,74844.0,-0.0044358933247822,0.0024647836755703,74512.0,75028.4742694144,0.0,74844.0,516.4742694143933,266745.6709671314,-1,1,2744
SVR,H7,292,2024-09-30,2024-10-10,74844.0,-0.0001336112447223,0.0028382515310318,74834.0,75056.42609758856,0.0,74844.0,222.42609758855545,49473.36888847358,-1,1,2743
SVR,H1,293,2024-10-01,2024-10-03,75660.0,0.0022072429288924,0.0002801517725874,75827.0,75681.19628311397,0.0,75660.0,145.8037168860319,21258.723857782144,1,1,2750
SVR,H2,293,2024-10-01,2024-10-04,75660.0,0.0013084853291038,0.0007287860725159,75759.0,75715.13995424657,0.0,75660.0,43.86004575343395,1923.70361349332,1,1,2749
SVR,H3,293,2024-10-01,2024-10-07,75660.0,-3.965107057890549e-05,0.001394165082417,75657.0,75765.48253013566,0.0,75660.0,108.48253013566136,11768.459344634675,-1,1,2748
SVR,H4,293,2024-10-01,2024-10-08,75660.0,-0.0113798572561458,0.0017804589625318,74799.0,75794.70952510517,0.0,75660.0,995.7095251051652,991437.4583851532,-1,1,2747
SVR,H5,293,2024-10-01,2024-10-09,75660.0,-0.0151731430081945,0.0020534514269458,74512.0,75815.36413496273,0.0,75660.0,1303.3641349627287,1698758.068307142,-1,1,2746
SVR,H6,293,2024-10-01,2024-10-10,75660.0,-0.0109172614327253,0.002444816606406,74834.0,75844.9748244407,0.0,75660.0,1010.9748244406946,1022070.0956528934,-1,1,2745
SVR,H7,293,2024-10-01,2024-10-11,75660.0,0.0010309278350515,0.0028297316441827,75738.0,75874.09749619887,0.0,75660.0,136.0974961988686,18522.528471601057,1,1,2744
SVR,H1,294,2024-10-03,2024-10-04,75827.0,-0.0008967781924644,0.0002986722142129,75759.0,75849.64741798711,0.0,75827.0,90.64741798711476,8216.954387730695,-1,1,2751
SVR,H2,294,2024-10-03,2024-10-07,75827.0,-0.002241945481161,0.0007331909554661,75657.0,75882.59567058014,0.0,75827.0,225.5956705801364,50893.4065845014,-1,1,2750
SVR,H3,294,2024-10-03,2024-10-08,75827.0,-0.0135571762037268,0.0013941768571232,74799.0,75932.71624854508,0.0,75827.0,1133.7162485450826,1285312.5322151356,-1,1,2749
SVR,H4,294,2024-10-03,2024-10-09,75827.0,-0.0173421076925105,0.0017804550660869,74512.0,75962.00656629617,0.0,75827.0,1450.0065662961715,2102519.042302014,-1,1,2748
SVR,H5,294,2024-10-03,2024-10-10,75827.0,-0.0130955991928995,0.0020534487762176,74834.0,75982.70686035426,0.0,75827.0,1148.7068603542575,1319527.4510249356,-1,1,2747
SVR,H6,294,2024-10-03,2024-10-11,75827.0,-0.0011737243989607,0.0024448715694266,75738.0,76012.38727649492,0.0,75827.0,274.3872764949192,75288.37750229925,-1,1,2746
SVR,H7,294,2024-10-03,2024-10-14,75827.0,-0.0036134885990478,0.0028343573849348,75553.0,76041.92081742745,0.0,75827.0,488.9208174274536,239043.5657139294,-1,1,2745
SVR,H1,295,2024-10-04,2024-10-07,75759.0,-0.0013463746881559,0.0002769879678458,75657.0,75779.98433145604,0.0,75759.0,122.98433145604211,15125.145783689632,-1,1,2752
SVR,H2,295,2024-10-04,2024-10-08,75759.0,-0.0126717617708786,0.0007331912939493,74799.0,75814.54583923832,0.0,75759.0,1015.5458392383152,1031333.351594254,-1,1,2751
SVR,H3,295,2024-10-04,2024-10-09,75759.0,-0.0164600905502976,0.0013941609521593,74512.0,75864.62023957464,0.0,75759.0,1352.6202395746368,1829581.512506948,-1,1,2750
SVR,H4,295,2024-10-04,2024-10-10,75759.0,-0.0122097704563154,0.001780469991348,74834.0,75893.88662607454,0.0,75759.0,1059.8866260745417,1123359.6601316754,-1,1,2749
SVR,H5,295,2024-10-04,2024-10-11,75759.0,-0.0002771947887379,0.0020534521268055,75738.0,75914.56747967465,0.0,75759.0,176.56747967464617,31176.074878656585,-1,1,2748
SVR,H6,295,2024-10-04,2024-10-14,75759.0,-0.002719148880001,0.0024448353835091,75553.0,75944.21828381927,0.0,75759.0,391.2182838192675,153051.74559449297,-1,1,2747
SVR,H7,295,2024-10-04,2024-10-15,75759.0,0.0010427803957284,0.0028343287542524,75838.0,75973.72591209342,0.0,75759.0,135.72591209341772,18421.523213590157,1,1,2746
SVR,H1,296,2024-10-07,2024-10-08,75657.0,-0.0113406558547126,0.0002743675473121,74799.0,75677.75782552699,0.0,75657.0,878.7578255269909,772215.3159249254,-1,1,2753
SVR,H2,296,2024-10-07,2024-10-09,75657.0,-0.0151340920205664,0.0007320735678592,74512.0,75712.38648992352,0.0,75657.0,1200.3864899235195,1440927.725190908,-1,1,2752
SVR,H3,296,2024-10-07,2024-10-10,75657.0,-0.0108780416881452,0.0013941599223537,74834.0,75762.47795724552,0.0,75657.0,928.4779572455154,862071.3170908052,-1,1,2751
SVR,H4,296,2024-10-07,2024-10-11,75657.0,0.0010706213569133,0.0017804626865591,75738.0,75791.70446547701,0.0,75657.0,53.70446547701431,2884.169612171822,1,1,2750
SVR,H5,296,2024-10-07,2024-10-14,75657.0,-0.0013746249520864,0.0020534578697558,75553.0,75812.35846205213,0.0,75657.0,259.35846205212874,67266.81183804551,-1,1,2749
SVR,H6,296,2024-10-07,2024-10-15,75657.0,0.0023923761185349,0.0024448377730296,75838.0,75841.96909139409,0.0,75657.0,3.9690913940867176,15.753686494613245,1,1,2748
SVR,H7,296,2024-10-07,2024-10-16,75657.0,0.0066880790938048,0.0028343334892792,76163.0,75871.43716879841,0.0,75657.0,291.5628312015906,85008.88453828721,1,1,2747
SVR,H1,297,2024-10-08,2024-10-09,74799.0,-0.0038369496918407,0.0002457770680807,74512.0,74817.38387891538,0.0,74799.0,305.3838789153815,93259.3135014044,-1,1,2754
SVR,H2,297,2024-10-08,2024-10-10,74799.0,0.0004679206941269,0.0007272927367336,74834.0,74853.40076941495,0.0,74799.0,19.40076941494772,376.3898538919708,1,1,2753
SVR,H3,297,2024-10-08,2024-10-11,74799.0,0.0125536437652908,0.0013912017969727,75738.0,74903.06050321177,0.0,74799.0,834.9394967882254,697123.963296975,1,1,2752
SVR,H4,297,2024-10-08,2024-10-14,74799.0,0.0100803486677629,0.001780463894766,75553.0,74932.1769188646,0.0,74799.0,620.8230811354006,385421.2980704522,1,1,2751
SVR,H5,297,2024-10-08,2024-10-15,74799.0,0.0138905600342249,0.0020534627948954,75838.0,74952.59696359538,0.0,74799.0,885.4030364046193,783938.5368745197,1,1,2750
SVR,H6,297,2024-10-08,2024-10-16,74799.0,0.0182355379082608,0.002444851181144,76163.0,74981.87242349838,0.0,74799.0,1181.127576501618,1395062.3519725855,1,1,2749
SVR,H7,297,2024-10-08,2024-10-17,74799.0,0.0232757122421423,0.0028343349202701,76540.0,75011.0054177013,0.0,74799.0,1528.9945822987063,2337824.432698796,1,1,2748
SVR,H1,298,2024-10-09,2024-10-10,74512.0,0.0043214515782692,-0.0012057459088562,74834.0,74422.1574608393,0.0,74512.0,411.8425391607016,169614.277062334,1,-1,2755
SVR,H2,298,2024-10-09,2024-10-11,74512.0,0.0164537255744041,0.0007218858581692,75738.0,74565.7891590639,0.0,74512.0,1172.210840936095,1374078.255608108,1,1,2754
SVR,H3,298,2024-10-09,2024-10-14,74512.0,0.0139709040154605,0.0013822822171764,75553.0,74614.99661256626,0.0,74512.0,938.0033874337388,879850.3548371685,1,1,2753
SVR,H4,298,2024-10-09,2024-10-15,74512.0,0.017795791281941,0.0017714317437086,75838.0,74643.99292208721,0.0,74512.0,1194.0070779127857,1425652.9021058285,1,1,2752
SVR,H5,298,2024-10-09,2024-10-16,74512.0,0.0221575048314366,0.0020473818103098,76163.0,74664.5545134498,0.0,74512.0,1498.4454865502048,2245338.87616268,1,1,2751
SVR,H6,298,2024-10-09,2024-10-17,74512.0,0.0272170925488512,0.0024426624932572,76540.0,74694.00766769757,0.0,74512.0,1845.9923323024268,3407687.690919353,1,1,2750
SVR,H7,298,2024-10-09,2024-10-18,74512.0,0.0355244792785054,0.0028324104012644,77159.0,74723.04856381901,0.0,74512.0,2435.951436180985,5933859.399432205,1,1,2749
SVR,H1,299,2024-10-10,2024-10-11,74834.0,0.0120800705561643,0.0002819462834156,75738.0,74855.09916817312,0.0,74834.0,882.9008318268752,779513.8788405881,1,1,2756
SVR,H2,299,2024-10-10,2024-10-14,74834.0,0.0096079322233209,0.0007218051018421,75553.0,74888.01556299126,0.0,74834.0,664.9844370087376,442204.30146382767,1,1,2755
SVR,H3,299,2024-10-10,2024-10-15,74834.0,0.0134163615468905,0.0013851737038191,75838.0,74937.65808895162,0.0,74834.0,900.341911048381,810615.5567902508,1,1,2754
SVR,H4,299,2024-10-10,2024-10-16,74834.0,0.0177593072667503,0.0017725607307019,76163.0,74966.64780972135,0.0,74834.0,1196.3521902786451,1431258.5631845116,1,1,2753
SVR,H5,299,2024-10-10,2024-10-17,74834.0,0.0227971243017879,0.0020480600139105,76540.0,74987.26452308099,0.0,74834.0,1552.7354769190133,2410987.461282916,1,1,2752
SVR,H6,299,2024-10-10,2024-10-18,74834.0,0.0310687655343828,0.0024442759715347,77159.0,75016.91494805383,0.0,74834.0,2142.085051946168,4588528.369771214,1,1,2751
SVR,H7,299,2024-10-10,2024-10-21,74834.0,0.0357324210920169,0.0028343456934482,77508.0,75046.10542562351,0.0,74834.0,2461.8945743764925,6060924.895344411,1,1,2750
SVR,H1,300,2024-10-11,2024-10-14,75738.0,-0.0024426311758958,0.0002641912512243,75553.0,75758.00931698522,0.0,75738.0,205.0093169852189,42028.82005074596,-1,1,2757
SVR,H2,300,2024-10-11,2024-10-15,75738.0,0.0013203411761599,0.0007271591051916,75838.0,75793.073576309,0.0,75738.0,44.92642369099485,2018.3835456627835,1,1,2756
SVR,H3,300,2024-10-11,2024-10-16,75738.0,0.0056114499986796,0.0013851732472414,76163.0,75842.91025139957,0.0,75738.0,320.0897486004251,102457.44715908331,1,1,2755
SVR,H4,300,2024-10-11,2024-10-17,75738.0,0.0105891362328025,0.0017725578667452,76540.0,75872.24998771156,0.0,75738.0,667.7500122884376,445890.07891120855,1,1,2754
SVR,H5,300,2024-10-11,2024-10-18,75738.0,0.0187620481132324,0.0020480623362261,77159.0,75893.11614522111,0.0,75738.0,1265.883854778891,1602461.9337898644,1,1,2753
SVR,H6,300,2024-10-11,2024-10-21,75738.0,0.0233700388180306,0.0024442834833757,77508.0,75923.12514246392,0.0,75738.0,1584.8748575360803,2511828.314050012,1,1,2752
SVR,H7,300,2024-10-11,2024-10-22,75738.0,0.0330481396392827,0.0028343503969217,78241.0,75952.66803036205,0.0,75738.0,2288.331969637948,5236463.203267089,1,1,2751
SVR,H1,301,2024-10-14,2024-10-15,75553.0,0.0037721864121875,0.0002570158923984,75838.0,75572.41832171837,0.0,75553.0,265.5816782816255,70533.62783888483,1,1,2758
SVR,H2,301,2024-10-14,2024-10-16,75553.0,0.0080738024962609,0.0007302131752394,76163.0,75608.16979602886,0.0,75553.0,554.8302039711416,307836.5552386586,1,1,2757
SVR,H3,301,2024-10-14,2024-10-17,75553.0,0.0130636771537859,0.0013851731471318,76540.0,75657.65398678524,0.0,75553.0,882.3460132147593,778534.4870359802,1,1,2756
SVR,H4,301,2024-10-14,2024-10-18,75553.0,0.0212566013262214,0.0017725664748659,77159.0,75686.92271487555,0.0,75553.0,1472.0772851244546,2167011.533379385,1,1,2755
SVR,H5,301,2024-10-14,2024-10-21,75553.0,0.0258758752134262,0.0020480631470758,77508.0,75707.73731495102,0.0,75553.0,1800.262685048976,3240945.7351797484,1,1,2754
SVR,H6,301,2024-10-14,2024-10-22,75553.0,0.0355776739507365,0.0024442841351777,78241.0,75737.67299926508,0.0,75553.0,2503.32700073492,6266646.0726084905,1,1,2753
SVR,H7,301,2024-10-14,2024-10-23,75553.0,0.0255317459267003,0.0028343514925333,77482.0,75767.14375831537,0.0,75553.0,1714.8562416846253,2940731.929644718,1,1,2752
SVR,H1,302,2024-10-15,2024-10-16,75838.0,0.0042854505656795,0.0002904858507815,76163.0,75860.02986595157,0.0,75838.0,302.97013404843165,91790.90212532465,1,1,2759
SVR,H2,302,2024-10-15,2024-10-17,75838.0,0.0092565732218676,0.0007302134454498,76540.0,75893.37792727603,0.0,75838.0,646.6220727239706,418120.104933844,1,1,2758
SVR,H3,302,2024-10-15,2024-10-18,75838.0,0.0174187082992693,0.0013851909173159,77159.0,75943.0501087874,0.0,75838.0,1215.9498912126,1478534.137939934,1,1,2757
SVR,H4,302,2024-10-15,2024-10-21,75838.0,0.0220206229067221,0.0017760962581391,77508.0,75972.69558802477,0.0,75838.0,1535.3044119752303,2357159.637430608,1,1,2756
SVR,H5,302,2024-10-15,2024-10-22,75838.0,0.0316859621825469,0.0020481690906024,78241.0,75993.32904749311,0.0,75838.0,2247.6709525068877,5052024.710743218,1,1,2755
SVR,H6,302,2024-10-15,2024-10-23,75838.0,0.0216777868614679,0.0024443216750368,77482.0,76023.37246719144,0.0,75838.0,1458.6275328085612,2127594.27946719,1,1,2754
SVR,H7,302,2024-10-15,2024-10-24,75838.0,0.0268203275402831,0.0028343941831431,77872.0,76052.95478606122,0.0,75838.0,1819.045213938778,3308925.490353575,1,1,2753
SVR,H1,303,2024-10-16,2024-10-17,76163.0,0.0049499100613159,0.0002728656609475,76540.0,76183.78226733475,0.0,76163.0,356.2177326652454,126891.07306516824,1,1,2760
SVR,H2,303,2024-10-16,2024-10-18,76163.0,0.0130772159710095,0.0007329895896453,77159.0,76218.82668611615,0.0,76163.0,940.1733138838464,883925.8601393333,1,1,2759
SVR,H3,303,2024-10-16,2024-10-21,76163.0,0.017659493454827,0.001385152683251,77508.0,76268.49738381445,0.0,76163.0,1239.5026161855494,1536366.7355308214,1,1,2758
SVR,H4,303,2024-10-16,2024-10-22,76163.0,0.0272835891443352,0.0017793232809383,78241.0,76298.51859904612,0.0,76163.0,1942.4814009538825,3773233.993051757,1,1,2757
SVR,H5,303,2024-10-16,2024-10-23,76163.0,0.0173181203471501,0.0020539170403268,77482.0,76319.43248354242,0.0,76163.0,1162.5675164575805,1351563.2303223468,1,1,2756
SVR,H6,303,2024-10-16,2024-10-24,76163.0,0.0224387169623045,0.0024464626775105,77872.0,76349.32993690723,0.0,76163.0,1522.6700630927662,2318524.1210389286,1,1,2755
SVR,H7,303,2024-10-16,2024-10-25,76163.0,0.0242374906450639,0.0028338647555734,78009.0,76378.83564137874,0.0,76163.0,1630.1643586212597,2657435.8361190623,1,1,2754
SVR,H1,304,2024-10-17,2024-10-18,76540.0,0.0080872746276456,0.0004370181824027,77159.0,76573.4493716811,0.0,76540.0,585.5506283189025,342869.53832466144,1,1,2761
SVR,H2,304,2024-10-17,2024-10-21,76540.0,0.0126469819702117,0.0007362129412631,77508.0,76596.34973852428,0.0,76540.0,911.6502614757192,831106.1992487471,1,1,2760
SVR,H3,304,2024-10-17,2024-10-22,76540.0,0.0222236738960019,0.0013865106827478,78241.0,76646.12352765752,0.0,76540.0,1594.8764723424829,2543630.9620316024,1,1,2759
SVR,H4,304,2024-10-17,2024-10-23,76540.0,0.0123072903057224,0.001779651190623,77482.0,76676.21450213029,0.0,76540.0,805.7854978697142,649290.2685771431,1,1,2758
SVR,H5,304,2024-10-17,2024-10-24,76540.0,0.0174026652730598,0.002061345937531,77872.0,76697.77541805862,0.0,76540.0,1174.2245819413802,1378803.368835409,1,1,2757
SVR,H6,304,2024-10-17,2024-10-25,76540.0,0.0191925790436373,0.0024575030173062,78009.0,76728.09728094461,0.0,76540.0,1280.9027190553898,1640711.7756834908,1,1,2756
SVR,H7,304,2024-10-17,2024-10-28,76540.0,0.0211523386464593,0.0028426038433013,78159.0,76757.57289816628,0.0,76540.0,1401.4271018337167,1963997.9217540508,1,1,2755
SVR,H1,305,2024-10-18,2024-10-21,77159.0,0.0045231275677497,0.0002874737230738,77508.0,77181.18118499866,0.0,77159.0,326.8188150013448,106810.53783888322,1,1,2762
SVR,H2,305,2024-10-18,2024-10-22,77159.0,0.0140229914851151,0.0007408850345799,78241.0,77216.16594838316,0.0,77159.0,1024.8340516168391,1050284.833353386,1,1,2761
SVR,H3,305,2024-10-18,2024-10-23,77159.0,0.0041861610440778,0.0013888852532295,77482.0,77266.16499725395,0.0,77159.0,215.83500274605467,46584.748410389424,1,1,2760
SVR,H4,305,2024-10-18,2024-10-24,77159.0,0.0092406588991562,0.0017862475685375,77872.0,77296.82507614078,0.0,77159.0,575.1749238592165,330826.1930364555,1,1,2759
SVR,H5,305,2024-10-18,2024-10-25,77159.0,0.0110162132738889,0.0020647338173775,78009.0,77318.31279661504,0.0,77159.0,690.687203384965,477048.812919744,1,1,2758
SVR,H6,305,2024-10-18,2024-10-28,77159.0,0.0129602509104576,0.002469328897339,78159.0,77349.53094838977,0.0,77159.0,809.4690516102273,655240.1455147609,1,1,2757
SVR,H7,305,2024-10-18,2024-10-29,77159.0,0.0221101880532406,0.0028544297278887,78865.0,77379.24494337417,0.0,77159.0,1485.7550566258287,2207468.0882892194,1,1,2756
SVR,H1,306,2024-10-21,2024-10-22,77508.0,0.0094570883005624,0.0002850594526246,78241.0,77530.09438805403,0.0,77508.0,710.905611945971,505386.7890962756,1,1,2763
SVR,H2,306,2024-10-21,2024-10-23,77508.0,-0.000335449243949,0.0007453902686332,77482.0,77565.77370894123,0.0,77508.0,83.77370894122578,7018.034309769212,-1,1,2762
SVR,H3,306,2024-10-21,2024-10-24,77508.0,0.0046962894152862,0.0013928613989195,77872.0,77615.95790130745,0.0,77508.0,256.04209869254555,65557.55630288324,1,1,2761
SVR,H4,306,2024-10-21,2024-10-25,77508.0,0.0064638488930175,0.0017938813094499,78009.0,77647.04015253285,0.0,77508.0,361.9598474671511,131014.93117844332,1,1,2760
SVR,H5,306,2024-10-21,2024-10-28,77508.0,0.0083991329927233,0.0020739638516884,78159.0,77668.74879021668,0.0,77508.0,490.25120978332416,240346.2486940129,1,1,2759
SVR,H6,306,2024-10-21,2024-10-29,77508.0,0.0175078701553388,0.0024759500516573,78865.0,77699.90593660386,0.0,77508.0,1165.0940633961436,1357444.1765609372,1,1,2758
SVR,H7,306,2024-10-21,2024-10-30,77508.0,0.02256541260257,0.0028686626997912,79257.0,77730.34430853541,0.0,77508.0,1526.6556914645917,2330677.60028123,1,1,2757
SVR,H1,307,2024-10-22,2024-10-23,78241.0,-0.0097007962577165,0.0002751553362724,77482.0,78262.5284286653,0.0,78241.0,780.5284286653041,609224.6279547287,-1,1,2764
SVR,H2,307,2024-10-22,2024-10-24,78241.0,-0.0047161973901151,0.0007504142832785,77872.0,78299.713163938,0.0,78241.0,427.713163937995,182938.55060585015,-1,1,2763
SVR,H3,307,2024-10-22,2024-10-25,78241.0,-0.0029651972750859,0.0014032385553171,78009.0,78350.79078780656,0.0,78241.0,341.7907878065598,116820.9426294288,-1,1,2762
SVR,H4,307,2024-10-22,2024-10-28,78241.0,-0.0010480438644699,0.0018067727995932,78159.0,78382.36371061298,0.0,78241.0,223.3637106129754,49891.34721879703,-1,1,2761
SVR,H5,307,2024-10-22,2024-10-29,78241.0,0.0079753581881623,0.0020873763175215,78865.0,78404.31841045921,0.0,78241.0,460.68158954079263,212227.5269418313,1,1,2760
SVR,H6,307,2024-10-22,2024-10-30,78241.0,0.0129855191012384,0.0024909771850915,79257.0,78435.89654593875,0.0,78241.0,821.1034540612454,674210.8822713078,1,1,2759
SVR,H7,307,2024-10-22,2024-10-31,78241.0,0.0010863869326822,0.0028810300894121,78326.0,78466.41467522571,0.0,78241.0,140.41467522570747,19716.28101874091,1,1,2758
SVR,H1,308,2024-10-23,2024-10-24,77482.0,0.0050334271185565,0.00027009077676,77872.0,77502.92717356492,0.0,77482.0,369.0728264350764,136214.75121277606,1,1,2765
SVR,H2,308,2024-10-23,2024-10-25,77482.0,0.0068015797217417,0.0007500181146306,78009.0,77540.11290355782,0.0,77482.0,468.88709644218034,219855.1092099785,1,1,2764
SVR,H3,308,2024-10-23,2024-10-28,77482.0,0.0087375132288789,0.001403232580014,78159.0,77590.72526676465,0.0,77482.0,568.2747332353465,322936.17243370425,1,1,2763
SVR,H4,308,2024-10-23,2024-10-29,77482.0,0.0178493069358045,0.0018067966493219,78865.0,77621.99421798276,0.0,77482.0,1243.005782017237,1545063.3741282828,1,1,2762
SVR,H5,308,2024-10-23,2024-10-30,77482.0,0.0229085465011229,0.0020898660861339,79257.0,77643.92700408582,0.0,77482.0,1613.0729959141754,2602004.4901475334,1,1,2761
SVR,H6,308,2024-10-23,2024-10-31,77482.0,0.0108928525334917,0.0024964383990375,78326.0,77675.42904003423,0.0,77482.0,650.5709599657712,423242.573950785,1,1,2760
SVR,H7,308,2024-10-23,2024-11-01,77482.0,0.0173846828940915,0.002888244847662,78829.0,77705.78698728654,0.0,77482.0,1123.2130127134587,1261607.4719288445,1,1,2759
SVR,H1,309,2024-10-24,2024-10-25,77872.0,0.0017592973084035,0.000267993703642,78009.0,77892.86920569002,0.0,77872.0,116.13079430998188,13486.361387067316,1,1,2766
SVR,H2,309,2024-10-24,2024-10-28,77872.0,0.0036855352373124,0.0007479608739963,78159.0,77930.24520917985,0.0,77872.0,228.75479082015227,52328.75432317162,1,1,2765
SVR,H3,309,2024-10-24,2024-10-29,77872.0,0.0127516950893773,0.001403231845381,78865.0,77981.27247026352,0.0,77872.0,883.7275297364831,780974.3468141466,1,1,2764
SVR,H4,309,2024-10-24,2024-10-30,77872.0,0.0177855968769262,0.0018067758537017,79257.0,78012.69724927946,0.0,77872.0,1244.3027507205406,1548289.335450704,1,1,2763
SVR,H5,309,2024-10-24,2024-10-31,77872.0,0.0058300801314978,0.0020921149405771,78326.0,78034.91717465261,0.0,77872.0,291.0828253473883,84729.21121221814,1,1,2762
SVR,H6,309,2024-10-24,2024-11-01,77872.0,0.0122893979864393,0.0025020575020512,78829.0,78066.84022179972,0.0,77872.0,762.1597782002791,580887.5275062986,1,1,2761
SVR,H7,309,2024-10-24,2024-11-04,77872.0,0.0067931990959524,0.002896289089842,78401.0,78097.53982400418,0.0,77872.0,303.4601759958168,92088.07841541212,1,1,2760
SVR,H1,310,2024-10-25,2024-10-28,78009.0,0.0019228550551859,0.0002632820395285,78159.0,78029.53836862158,0.0,78009.0,129.46163137842086,16760.313999162125,1,1,2767
SVR,H2,310,2024-10-25,2024-10-29,78009.0,0.0109730928482612,0.0007502406688964,78865.0,78067.52552433994,0.0,78009.0,797.4744756600558,635965.5393292808,1,1,2766
SVR,H3,310,2024-10-25,2024-10-30,78009.0,0.0159981540591469,0.0014032302231669,79257.0,78118.46458647904,0.0,78009.0,1138.5354135209636,1296262.8878413516,1,1,2765
SVR,H4,310,2024-10-25,2024-10-31,78009.0,0.0040636336832928,0.0018067772479849,78326.0,78149.94488633805,0.0,78009.0,176.05511366194696,30995.403046521064,1,1,2764
SVR,H5,310,2024-10-25,2024-11-01,78009.0,0.0105116076350164,0.0020921185830181,78829.0,78172.20407854265,0.0,78009.0,656.7959214573493,431380.8824430086,1,1,2763
SVR,H6,310,2024-10-25,2024-11-04,78009.0,0.0050250612108859,0.0025052905153326,78401.0,78204.43520781059,0.0,78009.0,196.5647921894124,38637.717528466885,1,1,2762
SVR,H7,310,2024-10-25,2024-11-05,78009.0,0.0061659552102961,0.0029019313688267,78490.0,78235.3767641508,0.0,78009.0,254.62323584919795,64832.99223431628,1,1,2761
SVR,H1,311,2024-10-28,2024-10-29,78159.0,0.0090328688954566,0.0002735604036186,78865.0,78180.38120758643,0.0,78159.0,684.6187924135738,468702.8909258201,1,1,2768
SVR,H2,311,2024-10-28,2024-10-30,78159.0,0.0140482861858519,0.0007513378949012,79257.0,78217.72381852758,0.0,78159.0,1039.2761814724215,1080094.981375898,1,1,2767
SVR,H3,311,2024-10-28,2024-10-31,78159.0,0.0021366701211633,0.0014031397805667,78326.0,78268.66800210932,0.0,78159.0,57.33199789068021,3286.9579821369603,1,1,2766
SVR,H4,311,2024-10-28,2024-11-01,78159.0,0.0085722693483796,0.0018065021627831,78829.0,78300.19440254096,0.0,78159.0,528.8055974590388,279635.359904011,1,1,2765
SVR,H5,311,2024-10-28,2024-11-04,78159.0,0.0030962525109072,0.0020920227526737,78401.0,78322.51040632623,0.0,78159.0,78.48959367377392,6160.616315074131,1,1,2764
SVR,H6,311,2024-10-28,2024-11-05,78159.0,0.0042349569467368,0.002505296584592,78490.0,78354.81147575512,0.0,78159.0,135.18852424487704,18275.937087507707,1,1,2763
SVR,H7,311,2024-10-28,2024-11-06,78159.0,-0.018807814838982,0.0029060534895225,76689.0,78386.1342346876,0.0,78159.0,1697.1342346876045,2880264.610548681,-1,1,2762
SVR,H1,312,2024-10-29,2024-10-30,78865.0,0.0049705192417421,0.0002769383957319,79257.0,78886.8407465794,0.0,78865.0,370.15925342059927,137017.87289289542,1,1,2769
SVR,H2,312,2024-10-29,2024-10-31,78865.0,-0.0068344639573955,0.0007548948948012,78326.0,78924.53478587851,0.0,78865.0,598.5347858785099,358243.88990663365,-1,1,2768
SVR,H3,312,2024-10-29,2024-11-01,78865.0,-0.0004564762568947,0.0014032284134444,78829.0,78975.6656088263,0.0,78865.0,146.6656088262971,21510.8008123884,-1,1,2767
SVR,H4,312,2024-10-29,2024-11-04,78865.0,-0.0058834717555316,0.0018101946682728,78401.0,79007.76100251335,0.0,78865.0,606.7610025133472,368158.9141710021,-1,1,2766
SVR,H5,312,2024-10-29,2024-11-05,78865.0,-0.0047549610093197,0.0020921099973383,78490.0,79029.99425494009,0.0,78865.0,539.9942549400876,291593.7953683003,-1,1,2765
SVR,H6,312,2024-10-29,2024-11-06,78865.0,-0.0275914537500792,0.0025071861975029,76689.0,79062.72923946608,0.0,78865.0,2373.7292394660763,5634590.502296197,-1,1,2764
SVR,H7,312,2024-10-29,2024-11-07,78865.0,-0.0187535662207569,0.0029108890703158,77386.0,79094.56726653046,0.0,78865.0,1708.5672665304592,2919202.104259365,-1,1,2763
SVR,H1,313,2024-10-30,2024-10-31,79257.0,-0.0117465965151343,0.0002864265293984,78326.0,79279.70130744054,0.0,79257.0,953.7013074405404,909546.183813796,-1,1,2770
SVR,H2,313,2024-10-30,2024-11-01,79257.0,-0.0054001539296213,0.0007599155166231,78829.0,79317.228624101,0.0,79257.0,488.2286241010006,238367.1893915561,-1,1,2769
SVR,H3,313,2024-10-30,2024-11-04,79257.0,-0.0108003078592426,0.0014057132621163,78401.0,79368.41261601556,0.0,79257.0,967.4126160155574,935887.1696260644,-1,1,2768
SVR,H4,313,2024-10-30,2024-11-05,79257.0,-0.0096773786542513,0.0018129815253244,78490.0,79400.69147675265,0.0,79257.0,910.6914767526468,829358.9658299168,-1,1,2767
SVR,H5,313,2024-10-30,2024-11-06,79257.0,-0.0324009235777281,0.0020994363455553,76689.0,79423.39502643968,0.0,79257.0,2734.3950264396844,7476916.160618083,-1,1,2766
SVR,H6,313,2024-10-30,2024-11-07,79257.0,-0.0236067476689756,0.0025071803637213,77386.0,79455.71159408746,0.0,79257.0,2069.7115940874646,4283706.082700074,-1,1,2765
SVR,H7,313,2024-10-30,2024-11-08,79257.0,-0.0253479187958161,0.0029160116919305,77248.0,79488.11433866735,0.0,79257.0,2240.1143386673502,5018112.25030306,-1,1,2764
SVR,H1,314,2024-10-31,2024-11-01,78326.0,0.0064218777928146,0.0002639161621136,78829.0,78346.67149731371,0.0,78326.0,482.3285026862868,232640.78450359535,1,1,2771
SVR,H2,314,2024-10-31,2024-11-04,78326.0,0.0009575364502207,0.0007570554833352,78401.0,78385.29712778771,0.0,78326.0,15.702872212292275,246.58019571558097,1,1,2770
SVR,H3,314,2024-10-31,2024-11-05,78326.0,0.0020938130378163,0.0014057124781524,78490.0,78436.10383556377,0.0,78326.0,53.89616443622799,2904.7965409369267,1,1,2769
SVR,H4,314,2024-10-31,2024-11-06,78326.0,-0.0208998289201541,0.0018129829503255,76689.0,78468.00370256719,0.0,78326.0,1779.0037025671918,3164854.173747777,-1,1,2768
SVR,H5,314,2024-10-31,2024-11-07,78326.0,-0.0120011235094349,0.0020994380310135,77386.0,78490.44058321716,0.0,78326.0,1104.4405832171617,1219789.0018570635,-1,1,2767
SVR,H6,314,2024-10-31,2024-11-08,78326.0,-0.0137629905778413,0.0025071876035879,77248.0,78522.37797623864,0.0,78326.0,1274.3779762386405,1624039.2263220923,-1,1,2766
SVR,H7,314,2024-10-31,2024-11-11,78326.0,-0.0375864974593366,0.0029159980243297,75382.0,78554.39846125364,0.0,78326.0,3172.398461253644,10064111.99696449,-1,1,2765
SVR,H1,315,2024-11-01,2024-11-04,78829.0,-0.0054294739245709,0.0003261786488759,78401.0,78854.71233671224,0.0,78829.0,453.7123367122404,205854.88448488136,-1,1,2772
SVR,H2,315,2024-11-01,2024-11-05,78829.0,-0.0043004478047419,0.0007550401394158,78490.0,78888.51905915001,0.0,78829.0,398.5190591500141,158817.4405058124,-1,1,2771
SVR,H3,315,2024-11-01,2024-11-06,78829.0,-0.0271473696228545,0.0014057149102177,76689.0,78939.81110065756,0.0,78829.0,2250.811100657564,5066150.610843313,-1,1,2770
SVR,H4,315,2024-11-01,2024-11-07,78829.0,-0.0183054459653173,0.0018130078742372,77386.0,78971.91759771826,0.0,78829.0,1585.9175977182604,2515134.626752458,-1,1,2769
SVR,H5,315,2024-11-01,2024-11-08,78829.0,-0.0200560707353892,0.0020994558313613,77248.0,78994.49800373039,0.0,78829.0,1746.4980037303903,3050255.2770342384,-1,1,2768
SVR,H6,315,2024-11-01,2024-11-11,78829.0,-0.0437275621915792,0.0025071954839112,75382.0,79026.63971280123,0.0,78829.0,3644.639712801232,13283398.636127848,-1,1,2767
SVR,H7,315,2024-11-01,2024-11-12,78829.0,-0.0496137208387775,0.0029173517581279,74918.0,79058.97192174147,0.0,78829.0,4140.971921741468,17147648.456651226,-1,1,2766
SVR,H1,316,2024-11-04,2024-11-05,78401.0,0.0011351896021734,0.0002646224351214,78490.0,78421.74666353596,0.0,78401.0,68.25333646404033,4658.517938473497,1,1,2773
SVR,H2,316,2024-11-04,2024-11-06,78401.0,-0.0218364561676509,0.0007550404261433,76689.0,78460.19592445006,0.0,78401.0,1771.1959244500613,3137135.0027885074,-1,1,2772
SVR,H3,316,2024-11-04,2024-11-07,78401.0,-0.0129462634405173,0.0014057098415408,77386.0,78511.20905728664,0.0,78401.0,1125.2090572866437,1266095.4225998973,-1,1,2771
SVR,H4,316,2024-11-04,2024-11-08,78401.0,-0.0147064450708537,0.0018129844289406,77248.0,78543.13979221338,0.0,78401.0,1295.1397922133765,1677387.081374508,-1,1,2770
SVR,H5,316,2024-11-04,2024-11-11,78401.0,-0.0385071618984451,0.0020994466086356,75382.0,78565.59871356365,0.0,78401.0,3183.5987135636533,10135300.769004147,-1,1,2769
SVR,H6,316,2024-11-04,2024-11-12,78401.0,-0.0444254537569673,0.0025071923617889,74918.0,78597.56638835662,0.0,78401.0,3679.566388356616,13539208.80632375,-1,1,2768
SVR,H7,316,2024-11-04,2024-11-13,78401.0,-0.0495784492544737,0.0029173474158966,74514.0,78629.7229547537,0.0,78401.0,4115.722954753699,16939175.440286517,-1,1,2767
SVR,H1,317,2024-11-05,2024-11-06,78490.0,-0.0229455981653713,0.0002641831548051,76689.0,78510.73573582065,0.0,78490.0,1821.73573582065,3318721.091166005,-1,1,2774
SVR,H2,317,2024-11-05,2024-11-07,78490.0,-0.0140654860491782,0.0007531439739358,77386.0,78549.11427051423,0.0,78490.0,1163.1142705142263,1352834.8062738413,-1,1,2773
SVR,H3,317,2024-11-05,2024-11-08,78490.0,-0.0158236718053255,0.0014057195489198,77248.0,78600.33492739472,0.0,78490.0,1352.3349273947242,1828809.755851694,-1,1,2772
SVR,H4,317,2024-11-05,2024-11-11,78490.0,-0.0395974009427952,0.0018129856230046,75382.0,78632.30124154963,0.0,78490.0,3250.301241549634,10564458.160819093,-1,1,2771
SVR,H5,317,2024-11-05,2024-11-12,78490.0,-0.0455089820359281,0.0020994514253797,74918.0,78654.78594237806,0.0,78490.0,3736.785942378061,13963569.179154294,-1,1,2770
SVR,H6,317,2024-11-05,2024-11-13,78490.0,-0.0506561345394317,0.0025071951207791,74514.0,78686.78974502995,0.0,78490.0,4172.78974502995,17412174.256227113,-1,1,2769
SVR,H7,317,2024-11-05,2024-11-14,78490.0,-0.0552809275066887,0.0029173516804842,74151.0,78718.9829334012,0.0,78490.0,4567.982933401203,20866468.079844657,-1,1,2768
SVR,H1,318,2024-11-06,2024-11-07,76689.0,0.0090886567825894,0.0002435109653764,77386.0,76707.67461242375,0.0,76689.0,678.3253875762457,460125.331430464,1,1,2775
SVR,H2,318,2024-11-06,2024-11-08,76689.0,0.0072891809777151,0.0007461809338055,77248.0,76746.22386963262,0.0,76689.0,501.776130367376,251779.28500645797,1,1,2774
SVR,H3,318,2024-11-06,2024-11-11,76689.0,-0.0170428614273233,0.0013868595763117,75382.0,76795.35687404778,0.0,76689.0,1413.3568740477783,1997577.653418108,-1,1,2773
SVR,H4,318,2024-11-06,2024-11-12,76689.0,-0.0230932728292193,0.001803498650585,74918.0,76827.30850801471,0.0,76689.0,1909.3085080147137,3645458.9787773727,-1,1,2772
SVR,H5,318,2024-11-06,2024-11-13,76689.0,-0.0283613034463873,0.0020812398698445,74514.0,76848.6082043785,0.0,76689.0,2334.608204378499,5450395.467951399,-1,1,2771
SVR,H6,318,2024-11-06,2024-11-14,76689.0,-0.0330947071939913,0.0024933296601236,74151.0,76880.21095830521,0.0,76689.0,2729.210958305208,7448592.454933232,-1,1,2770
SVR,H7,318,2024-11-06,2024-11-15,76689.0,-0.0355200876266479,0.0029107049753725,73965.0,76912.21905385634,0.0,76689.0,2947.2190538563445,8686100.151413886,-1,1,2769
SVR,H1,319,2024-11-07,2024-11-08,77386.0,-0.0017832682914221,0.0002456984051455,77248.0,77405.01361678059,0.0,77386.0,157.01361678059038,24653.275854522093,-1,1,2776
SVR,H2,319,2024-11-07,2024-11-11,77386.0,-0.0258961569276096,0.0007406064979594,75382.0,77443.31257445109,0.0,77386.0,2061.3125744510908,4249009.529590184,-1,1,2775
SVR,H3,319,2024-11-07,2024-11-12,77386.0,-0.031892073501667,0.0013847048800876,74918.0,77493.15677185047,0.0,77386.0,2575.1567718504666,6631432.399607317,-1,1,2774
SVR,H4,319,2024-11-07,2024-11-13,77386.0,-0.0371126560359754,0.0017960128262254,74514.0,77524.98624857029,0.0,77386.0,3010.9862485702906,9066038.189079393,-1,1,2773
SVR,H5,319,2024-11-07,2024-11-14,77386.0,-0.0418034269764556,0.0020799471026998,74151.0,77546.95878648953,0.0,77386.0,3395.9587864895293,11532536.079535436,-1,1,2772
SVR,H6,319,2024-11-07,2024-11-15,77386.0,-0.0442069624996769,0.0024826658158707,73965.0,77578.12357682697,0.0,77386.0,3613.123576826969,13054661.98142291,-1,1,2771
SVR,H7,319,2024-11-07,2024-11-18,77386.0,-0.0303284831881736,0.0029041198750079,75039.0,77610.73822064737,0.0,77386.0,2571.7382206473703,6613837.475538502,-1,1,2770
SVR,H1,320,2024-11-08,2024-11-11,77248.0,-0.0241559652029825,0.0002456512428743,75382.0,77266.97606720956,0.0,77248.0,1884.976067209558,3553134.7739528124,-1,1,2777
SVR,H2,320,2024-11-08,2024-11-12,77248.0,-0.0301625932062965,0.0007430619073483,74918.0,77305.40004621884,0.0,77248.0,2387.400046218841,5699678.980685727,-1,1,2776
SVR,H3,320,2024-11-08,2024-11-13,77248.0,-0.035392502071251,0.0013795737041036,74514.0,77354.56930949459,0.0,77248.0,2840.569309494589,8068834.002042566,-1,1,2775
SVR,H4,320,2024-11-08,2024-11-14,77248.0,-0.0400916528583263,0.0017921299702111,74151.0,77386.43845593886,0.0,77248.0,3235.4384559388564,10468062.00216801,-1,1,2774
SVR,H5,320,2024-11-08,2024-11-15,77248.0,-0.042499482187241,0.0020723772311592,73965.0,77408.08699635259,0.0,77248.0,3443.086996352591,11854848.064452307,-1,1,2773
SVR,H6,320,2024-11-08,2024-11-18,77248.0,-0.0285962096106048,0.0024797986053806,75039.0,77439.55948266844,0.0,77248.0,2400.559482668439,5762685.829829364,-1,1,2772
SVR,H7,320,2024-11-08,2024-11-19,77248.0,-0.0219164250207125,0.0028931049986138,75555.0,77471.48657493292,0.0,77248.0,1916.4865749329183,3672920.791898108,-1,1,2771
SVR,H1,321,2024-11-11,2024-11-12,75382.0,-0.0061553155925817,0.0002206799289998,74918.0,75398.63529440787,0.0,75382.0,480.63529440786806,231010.286230538,-1,1,2778
SVR,H2,321,2024-11-11,2024-11-13,75382.0,-0.0115146852033641,0.0007337840448259,74514.0,75437.31410886707,0.0,75382.0,923.3141088670671,852508.9436329865,-1,1,2777
SVR,H3,321,2024-11-11,2024-11-14,75382.0,-0.0163301583932503,0.0013728851972672,74151.0,75485.49083194039,0.0,75382.0,1334.4908319403912,1780865.7805329575,-1,1,2776
SVR,H4,321,2024-11-11,2024-11-15,75382.0,-0.0187975909368284,0.0017643635422701,73965.0,75515.00125254341,0.0,75382.0,1550.001252543414,2402503.882886152,-1,1,2775
SVR,H5,321,2024-11-11,2024-11-18,75382.0,-0.0045501578626196,0.0020489019490882,75039.0,75536.45032672616,0.0,75382.0,497.4503267261607,247456.82755996403,-1,1,2774
SVR,H6,321,2024-11-11,2024-11-19,75382.0,0.0022949775808549,0.0024544302730352,75555.0,75567.01986284195,0.0,75382.0,12.019862841945724,144.47710273918753,1,1,2773
SVR,H7,321,2024-11-11,2024-11-20,75382.0,0.0083043697434401,0.0028735919689962,76008.0,75598.61710980687,0.0,75382.0,409.3828901931265,167594.35078287747,1,1,2772
SVR,H1,322,2024-11-12,2024-11-13,74918.0,-0.0053925625350382,0.000220614195807,74514.0,74934.52797432146,0.0,74918.0,420.52797432146326,176843.77718691327,-1,1,2779
SVR,H2,322,2024-11-12,2024-11-14,74918.0,-0.0102378600603326,0.0007230699874637,74151.0,74972.1709573208,0.0,74918.0,821.1709573208063,674321.7411471695,-1,1,2778
SVR,H3,322,2024-11-12,2024-11-15,74918.0,-0.0127205744947809,0.0013502048154791,73965.0,75019.15464436608,0.0,74918.0,1054.1546443660773,1111242.0142385708,-1,1,2777
SVR,H4,322,2024-11-12,2024-11-18,74918.0,0.001615099175098,0.0017533543628241,75039.0,75049.35780215406,0.0,74918.0,10.357802154059756,107.28406546264488,1,1,2776
SVR,H5,322,2024-11-12,2024-11-19,74918.0,0.0085026295416321,0.0020186523497244,75555.0,75069.23339673666,0.0,74918.0,485.7666032633424,235969.1928460055,1,1,2775
SVR,H6,322,2024-11-12,2024-11-20,74918.0,0.0145492405029499,0.0024285616704882,76008.0,75099.94298322963,0.0,74918.0,908.05701677037,824567.5457059039,1,1,2774
SVR,H7,322,2024-11-12,2024-11-21,74918.0,0.0236391788355267,0.0028457600971433,76689.0,75131.19865495779,0.0,74918.0,1557.801345042215,2426745.030615334,1,1,2773
SVR,H1,323,2024-11-13,2024-11-14,74514.0,-0.0048715677590788,0.0002205423534003,74151.0,74530.43349292126,0.0,74514.0,379.4334929212637,143969.77555043064,-1,1,2780
SVR,H2,323,2024-11-13,2024-11-15,74514.0,-0.0073677429744746,0.0007184707977801,73965.0,74567.53613302579,0.0,74514.0,602.5361330257874,363049.7916016694,-1,1,2779
SVR,H3,323,2024-11-13,2024-11-18,74514.0,0.0070456558499074,0.0013205158465083,75039.0,74612.39691778673,0.0,74514.0,426.6030822132743,181990.18975386568,1,1,2778
SVR,H4,323,2024-11-13,2024-11-19,74514.0,0.013970529028102,0.0017283967891023,75555.0,74642.78975834318,0.0,74514.0,912.2102416568232,832127.5249835998,1,1,2777
SVR,H5,323,2024-11-13,2024-11-20,74514.0,0.0200499235043079,0.0020029105983201,76008.0,74663.24488032323,0.0,74514.0,1344.7551196767745,1808366.331896896,1,1,2776
SVR,H6,323,2024-11-13,2024-11-21,74514.0,0.0291891456639021,0.0023982809333259,76689.0,74692.70550546584,0.0,74514.0,1996.2944945341587,3985191.708907392,1,1,2775
SVR,H7,323,2024-11-13,2024-11-22,74514.0,0.0411332098666021,0.0028172516067601,77579.0,74723.92468622612,0.0,74514.0,2855.0753137738798,8151455.047321015,1,1,2774
SVR,H1,324,2024-11-14,2024-11-15,74151.0,-0.0025083950317594,0.0002204010015287,73965.0,74167.34295466436,0.0,74151.0,202.34295466436012,40942.67130230331,-1,1,2781
SVR,H2,324,2024-11-14,2024-11-18,74151.0,0.0119755633774325,0.0007143562396895,75039.0,74203.97022952922,0.0,74151.0,835.0297704707773,697274.717572479,1,1,2780
SVR,H3,324,2024-11-14,2024-11-19,74151.0,0.0189343366913461,0.0013142150423021,75555.0,74248.45035960175,0.0,74151.0,1306.5496403982545,1707071.9628248075,1,1,2779
SVR,H4,324,2024-11-14,2024-11-20,74151.0,0.0250434923332119,0.001700933935049,76008.0,74277.12595221783,0.0,74151.0,1730.8740477821702,2995924.9692858346,1,1,2778
SVR,H5,324,2024-11-14,2024-11-21,74151.0,0.0342274547882024,0.0019752840095049,76689.0,74297.4692845888,0.0,74151.0,2391.5307154111943,5719419.162755178,1,1,2777
SVR,H6,324,2024-11-14,2024-11-22,74151.0,0.0462299901552238,0.0023812496529805,77579.0,74327.57204301815,0.0,74151.0,3251.4279569818464,10571783.759443143,1,1,2776
SVR,H7,324,2024-11-14,2024-11-25,74151.0,0.0165338296179418,0.0027857258987836,75377.0,74357.5643611207,0.0,74151.0,1019.4356388792949,1039249.021817236,1,1,2775
SVR,H1,325,2024-11-15,2024-11-18,73965.0,0.0145203812614074,0.0002205062930145,75039.0,73981.30974796282,0.0,73965.0,1057.6902520371805,1118708.6692544743,1,1,2782
SVR,H2,325,2024-11-15,2024-11-19,73965.0,0.0214966538227538,0.000711326024655,75555.0,74017.6132294136,0.0,73965.0,1537.386770586396,2363558.0823740675,1,1,2781
SVR,H3,325,2024-11-15,2024-11-20,73965.0,0.0276211721760291,0.0013124494758406,76008.0,74062.07532548056,0.0,73965.0,1945.92467451944,3786622.838903587,1,1,2780
SVR,H4,325,2024-11-15,2024-11-21,73965.0,0.0368282295680388,0.0016935218999884,76689.0,74090.26134733265,0.0,73965.0,2598.738652667351,6753442.584867318,1,1,2779
SVR,H5,325,2024-11-15,2024-11-22,73965.0,0.0488609477455552,0.0019479742137369,77579.0,74109.08191271905,0.0,73965.0,3469.918087280952,12040331.5324395,1,1,2778
SVR,H6,325,2024-11-15,2024-11-25,73965.0,0.0190901101872507,0.0023553110666314,75377.0,74139.2105830434,0.0,73965.0,1237.7894169565989,1532122.640729757,1,1,2777
SVR,H7,325,2024-11-15,2024-11-26,73965.0,0.0179544379098222,0.0027675464196486,75293.0,74169.7015709293,0.0,73965.0,1123.2984290706954,1261799.3607526922,1,1,2776
SVR,H1,326,2024-11-18,2024-11-19,75039.0,0.006876424259385,0.0002310079010875,75555.0,75056.3346018897,0.0,75039.0,498.6653981103009,248667.17927250487,1,1,2783
SVR,H2,326,2024-11-18,2024-11-20,75039.0,0.0129132850917523,0.0007155538595719,76008.0,75092.69444606842,0.0,75039.0,915.3055539315828,837784.2570580017,1,1,2782
SVR,H3,326,2024-11-18,2024-11-21,75039.0,0.0219885659457081,0.0013124416360964,76689.0,75137.48430793105,0.0,75039.0,1551.5156920689478,2407200.942736186,1,1,2781
SVR,H4,326,2024-11-18,2024-11-22,75039.0,0.0338490651527871,0.0016935135012512,77579.0,75166.0795596204,0.0,75039.0,2412.920440379603,5822185.051601697,1,1,2780
SVR,H5,326,2024-11-18,2024-11-25,75039.0,0.0045043244179692,0.001947960220408,75377.0,75185.17298697919,0.0,75039.0,191.82701302081117,36797.60292448645,1,1,2779
SVR,H6,326,2024-11-18,2024-11-26,75039.0,0.0033849065152786,0.00234205852472,75293.0,75214.74572963646,0.0,75039.0,78.25427036354085,6123.730830130148,1,1,2778
SVR,H7,326,2024-11-18,2024-11-27,75039.0,0.0099814762989911,0.0027531292126359,75788.0,75245.592062987,0.0,75039.0,542.4079370130057,294206.3701347048,1,1,2777
SVR,H1,327,2024-11-19,2024-11-20,75555.0,0.0059956323208258,0.0002309718951941,76008.0,75572.45108154138,0.0,75555.0,435.5489184586186,189702.8603704724,1,1,2784
SVR,H2,327,2024-11-19,2024-11-21,75555.0,0.0150089338892198,0.0007230782231487,76689.0,75609.63217514999,0.0,75555.0,1079.3678248500073,1165034.901321436,1,1,2783
SVR,H3,327,2024-11-19,2024-11-22,75555.0,0.0267884322678844,0.0013186805087401,77579.0,75654.63290583786,0.0,75555.0,1924.3670941621383,3703188.713094033,1,1,2782
SVR,H4,327,2024-11-19,2024-11-25,75555.0,-0.0023558996757329,0.0016934975434191,75377.0,75682.95220689302,0.0,75555.0,305.9522068930237,93606.75290271157,-1,1,2781
SVR,H5,327,2024-11-19,2024-11-26,75555.0,-0.0034676725564158,0.0019479515215611,75293.0,75702.17747721155,0.0,75555.0,409.1774772115459,167426.20785720518,-1,1,2780
SVR,H6,327,2024-11-19,2024-11-27,75555.0,0.0030838462047515,0.0023420424235754,75788.0,75731.95301531324,0.0,75555.0,56.04698468676361,3141.2644924783144,1,1,2779
SVR,H7,327,2024-11-19,2024-11-28,75555.0,0.0027264906359605,0.0027454701401107,75761.0,75762.43399643607,0.0,75555.0,1.4339964360697195,2.056345778660657,1,1,2778
SVR,H1,328,2024-11-20,2024-11-21,76008.0,0.0089595832017681,0.0001782599623207,76689.0,76021.54918321608,0.0,76008.0,667.4508167839231,445490.592825526,1,1,2785
SVR,H2,328,2024-11-20,2024-11-22,76008.0,0.02066887696032,0.0007276531633636,77579.0,76063.30746164096,0.0,76008.0,1515.6925383590424,2297323.8708372773,1,1,2784
SVR,H3,328,2024-11-20,2024-11-25,76008.0,-0.0083017577097147,0.0013357489208736,75377.0,76109.52760397777,0.0,76008.0,732.5276039777673,536596.6905894086,-1,1,2783
SVR,H4,328,2024-11-20,2024-11-26,76008.0,-0.0094069045363646,0.0017037236382319,75293.0,76137.49662629474,0.0,76008.0,844.4966262947419,713174.5518232009,-1,1,2782
SVR,H5,328,2024-11-20,2024-11-27,76008.0,-0.0028944321650352,0.0019527580906497,75788.0,76156.4252369541,0.0,76008.0,368.4252369541064,135737.15522468943,-1,1,2781
SVR,H6,328,2024-11-20,2024-11-28,76008.0,-0.0032496579307441,0.0023420121551941,75761.0,76186.01165989198,0.0,76008.0,425.0116598919849,180634.91104414023,-1,1,2780
SVR,H7,328,2024-11-20,2024-11-29,76008.0,0.00627565519419,0.0027454530316931,76485.0,76216.67639403294,0.0,76008.0,268.32360596705985,71997.55751916599,1,1,2779
SVR,H1,329,2024-11-21,2024-11-22,76689.0,0.0116053149734642,0.0002322611834581,77579.0,76706.81187789823,0.0,76689.0,872.1881221017684,760712.1203354092,1,1,2786
SVR,H2,329,2024-11-21,2024-11-25,76689.0,-0.0171080598260506,0.000733014121281,75377.0,76745.21411994693,0.0,76689.0,1368.2141199469334,1872009.8780221613,-1,1,2785
SVR,H3,329,2024-11-21,2024-11-26,76689.0,-0.0182033929246697,0.0013451932451774,75293.0,76792.16152477941,0.0,76689.0,1499.161524779411,2247485.2773789275,-1,1,2784
SVR,H4,329,2024-11-21,2024-11-27,76689.0,-0.0117487514506643,0.0017238929138864,75788.0,76821.20362367305,0.0,76689.0,1033.2036236730492,1067509.7279711198,-1,1,2783
SVR,H5,329,2024-11-21,2024-11-28,76689.0,-0.0121008228037919,0.0019692152499534,75761.0,76840.01714830368,0.0,76689.0,1079.017148303683,1164278.006333412,-1,1,2782
SVR,H6,329,2024-11-21,2024-11-29,76689.0,-0.0026600946680749,0.0023519181230402,76485.0,76869.36624893783,0.0,76689.0,384.366248937833,147737.4133225402,-1,1,2781
SVR,H7,329,2024-11-21,2024-12-02,76689.0,-0.0113966800975368,0.0027502930805045,75815.0,76899.91722605082,0.0,76689.0,1084.9172260508203,1177045.3873818067,-1,1,2780
SVR,H1,330,2024-11-22,2024-11-25,77579.0,-0.0283839698887585,0.0002413270133763,75377.0,77597.72190837072,0.0,77579.0,2220.721908370717,4931605.794317679,-1,1,2787
SVR,H2,330,2024-11-22,2024-11-26,77579.0,-0.0294667371324713,0.0007402180128739,75293.0,77636.42537322074,0.0,77579.0,2343.4253732207435,5491642.479854781,-1,1,2786
SVR,H3,330,2024-11-22,2024-11-27,77579.0,-0.0230861444463063,0.001359813112105,75788.0,77684.492941424,0.0,77579.0,1896.4929414240032,3596685.476871068,-1,1,2785
SVR,H4,330,2024-11-22,2024-11-28,77579.0,-0.0234341767746426,0.0017426246166922,75761.0,77714.19107513837,0.0,77579.0,1953.1910751383691,3814955.376000179,-1,1,2784
SVR,H5,330,2024-11-22,2024-11-29,77579.0,-0.0141017543407365,0.0019994761358777,76485.0,77734.11735914525,0.0,77579.0,1249.1173591452534,1560294.176918012,-1,1,2783
SVR,H6,330,2024-11-22,2024-12-02,77579.0,-0.02273811211797,0.0023756409943559,75815.0,77763.29985270115,0.0,77579.0,1948.2998527011516,3795872.316035328,-1,1,2782
SVR,H7,330,2024-11-22,2024-12-03,77579.0,-0.0212041918560434,0.0027680755697079,75934.0,77793.74453462237,0.0,77579.0,1859.7445346223683,3458649.73405777,-1,1,2781
SVR,H1,331,2024-11-25,2024-11-26,75377.0,-0.0011143982912559,0.0002084346832754,75293.0,75392.71118112125,0.0,75377.0,99.7111811212526,9942.31964059524,-1,1,2788
SVR,H2,331,2024-11-25,2024-11-27,75377.0,0.0054525916393595,0.0007338013168188,75788.0,75432.31174185785,0.0,75377.0,355.68825814215234,126514.1369801984,1,1,2787
SVR,H3,331,2024-11-25,2024-11-28,75377.0,0.0050943921885986,0.0013598126909666,75761.0,75479.49860120699,0.0,75377.0,281.50139879301423,79243.03752242363,1,1,2786
SVR,H4,331,2024-11-25,2024-11-29,75377.0,0.014699444127519,0.001742623632715,76485.0,75508.35374156316,0.0,75377.0,976.646258436842,953837.9141186826,1,1,2785
SVR,H5,331,2024-11-25,2024-12-02,75377.0,0.0058107910901203,0.0019994772623797,75815.0,75527.71459760639,0.0,75377.0,287.2854023936088,82532.90242845775,1,1,2784
SVR,H6,331,2024-11-25,2024-12-03,75377.0,0.0073895220027329,0.0023788602156592,75934.0,75556.31134647573,0.0,75377.0,377.68865352426656,142648.71900097348,1,1,2783
SVR,H7,331,2024-11-25,2024-12-04,75377.0,0.0087427199278293,0.0027688819994339,76036.0,75585.71001847133,0.0,75377.0,450.2899815286655,202761.06746508597,1,1,2782
SVR,H1,332,2024-11-26,2024-11-27,75293.0,0.006574316337508,0.0002083594022339,75788.0,75308.6880044724,0.0,75293.0,479.3119955276052,229739.989056655,1,1,2789
SVR,H2,332,2024-11-26,2024-11-28,75293.0,0.0062157172645531,0.0007236916127006,75761.0,75347.48891259507,0.0,75293.0,413.5110874049278,170991.41940680586,1,1,2788
SVR,H3,332,2024-11-26,2024-11-29,75293.0,0.0158314849986054,0.0013518582884205,76485.0,75394.78546611006,0.0,75293.0,1090.214533889943,1188567.729904865,1,1,2787
SVR,H4,332,2024-11-26,2024-12-02,75293.0,0.0069329154104631,0.0017426279572062,75815.0,75424.20768678193,0.0,75293.0,390.7923132180731,152718.63207033256,1,1,2786
SVR,H5,332,2024-11-26,2024-12-03,75293.0,0.0085134076208943,0.0019994768291031,75934.0,75443.54660889367,0.0,75293.0,490.4533911063336,240544.52884770223,1,1,2785
SVR,H6,332,2024-11-26,2024-12-04,75293.0,0.0098681152298354,0.0023788586516924,76036.0,75472.11140446187,0.0,75293.0,563.8885955381265,317970.34817796084,1,1,2784
SVR,H7,332,2024-11-26,2024-12-05,75293.0,0.0140783339752699,0.0027707219124943,76353.0,75501.61596495744,0.0,75293.0,851.3840350425598,724854.7751253508,1,1,2783
SVR,H1,333,2024-11-27,2024-11-28,75788.0,-0.000356256927218,0.0002082881980452,75761.0,75803.78574595344,0.0,75788.0,42.78574595344253,1830.620056792524,-1,1,2790
SVR,H2,333,2024-11-27,2024-11-29,75788.0,0.0091967066026283,0.0007251792279318,76485.0,75842.9598833265,0.0,75788.0,642.0401166734955,412215.5114181157,1,1,2789
SVR,H3,333,2024-11-27,2024-12-02,75788.0,0.0003562569272179,0.0013384109255702,75815.0,75889.43548722712,0.0,75788.0,74.43548722712148,5540.641758738966,1,1,2788
SVR,H4,333,2024-11-27,2024-12-03,75788.0,0.0019264263471789,0.0017417755575047,75934.0,75920.00568595219,0.0,75788.0,13.994314047813532,195.8408256688312,1,1,2787
SVR,H5,333,2024-11-27,2024-12-04,75788.0,0.0032722858500027,0.0019994818176939,76036.0,75939.5367279994,0.0,75788.0,96.46327200060476,9305.16284506266,1,1,2786
SVR,H6,333,2024-11-27,2024-12-05,75788.0,0.0074550060695623,0.0023788528617285,76353.0,75968.28850068468,0.0,75788.0,384.7114993153227,148002.93770544356,1,1,2785
SVR,H7,333,2024-11-27,2024-12-06,75788.0,0.0052382963002057,0.0027707185081838,76185.0,75997.98721429823,0.0,75788.0,187.0127857017651,34973.78201593432,1,1,2784
SVR,H1,334,2024-11-28,2024-11-29,75761.0,0.0095563680521639,0.0002076588159804,76485.0,75776.7324395575,0.0,75761.0,708.2675604425021,501642.9371751734,1,1,2791
SVR,H2,334,2024-11-28,2024-12-02,75761.0,0.0007127677828961,0.000727127408227,75815.0,75816.08789957469,0.0,75761.0,1.0878995746898,1.1835254846102476,1,1,2790
SVR,H3,334,2024-11-28,2024-12-03,75761.0,0.0022834967859453,0.0013384065186478,75934.0,75862.39901625928,0.0,75761.0,71.60098374071822,5126.700872638595,1,1,2789
SVR,H4,334,2024-11-28,2024-12-04,75761.0,0.0036298359314159,0.0017299589232434,76036.0,75892.06341798384,0.0,75761.0,143.936582016162,20717.73964249533,1,1,2788
SVR,H5,334,2024-11-28,2024-12-05,75761.0,0.0078140468050844,0.001998180173419,76353.0,75912.3841281184,0.0,75761.0,440.61587188160047,194142.34655398296,1,1,2787
SVR,H6,334,2024-11-28,2024-12-06,75761.0,0.0055965470360739,0.0023788568623828,76185.0,75941.22457475099,0.0,75761.0,243.7754252490122,59426.45795533673,1,1,2786
SVR,H7,334,2024-11-28,2024-12-09,75761.0,0.0163408613930651,0.0027707118638111,76999.0,75970.91190151419,0.0,75761.0,1028.0880984858086,1056965.1382481656,1,1,2785
SVR,H1,335,2024-11-29,2024-12-02,76485.0,-0.0087598875596521,0.0002105453648897,75815.0,76501.10356223359,0.0,76485.0,686.1035622335912,470738.09810962336,-1,1,2792
SVR,H2,335,2024-11-29,2024-12-03,76485.0,-0.0072040269333856,0.0007302935357701,75934.0,76540.85650108337,0.0,76485.0,606.85650108337,368274.8129071502,-1,1,2791
SVR,H3,335,2024-11-29,2024-12-04,76485.0,-0.0058704321108714,0.0013401514067987,76036.0,76587.501480349,0.0,76485.0,551.5014803490049,304153.88282714377,-1,1,2790
SVR,H4,335,2024-11-29,2024-12-05,76485.0,-0.0017258285938419,0.0017299566832008,76353.0,76617.3157369146,0.0,76485.0,264.31573691460653,69862.8087807115,-1,1,2789
SVR,H5,335,2024-11-29,2024-12-06,76485.0,-0.0039223377132771,0.00199512180075,76185.0,76637.59689093038,0.0,76485.0,452.5968909303774,204843.94567984395,-1,1,2788
SVR,H6,335,2024-11-29,2024-12-09,76485.0,0.006720271948748,0.0023788577669309,76999.0,76666.94693630372,0.0,76485.0,332.0530636962794,110259.2371100854,1,1,2787
SVR,H7,335,2024-11-29,2024-12-10,76485.0,0.0164738183957637,0.0027707285154433,77745.0,76696.91917050368,0.0,76485.0,1048.0808294963208,1098473.4251576958,1,1,2786
SVR,H1,336,2024-12-02,2024-12-03,75815.0,0.0015696102354414,0.0002087837190197,75934.0,75830.82893765748,0.0,75815.0,103.17106234251696,10644.268104883522,1,1,2793
SVR,H2,336,2024-12-02,2024-12-04,75815.0,0.0029149904372485,0.0007302938272238,76036.0,75870.36722651098,0.0,75815.0,165.63277348902193,27434.215653665644,1,1,2792
SVR,H3,336,2024-12-02,2024-12-05,75815.0,0.0070962210644331,0.0013401484408864,76353.0,75916.6033540458,0.0,75815.0,436.3966459541989,190442.0326000744,1,1,2791
SVR,H4,336,2024-12-02,2024-12-06,75815.0,0.004880300732045,0.0017299513408477,76185.0,75946.15626090637,0.0,75815.0,238.84373909363055,57046.33170422627,1,1,2790
SVR,H5,336,2024-12-02,2024-12-09,75815.0,0.0156169623425443,0.0019951166102594,76999.0,75966.25976580681,0.0,75815.0,1032.7402341931884,1066552.3913214016,1,1,2789
SVR,H6,336,2024-12-02,2024-12-10,75815.0,0.0254567038185056,0.0023690095112825,77745.0,75994.60645609788,0.0,75815.0,1750.3935439021152,3063877.558534206,1,1,2788
SVR,H7,336,2024-12-02,2024-12-11,75815.0,0.0326056848908526,0.0027696193454655,78287.0,76024.97869067648,0.0,75815.0,2262.0213093235216,5116740.4038336985,1,1,2787
SVR,H1,337,2024-12-03,2024-12-04,75934.0,0.0013432717886585,0.0002087359236081,76036.0,75949.85015362327,0.0,75934.0,86.14984637673479,7421.796030735004,1,1,2794
SVR,H2,337,2024-12-03,2024-12-05,75934.0,0.0055179497985091,0.0007273298220984,76353.0,75989.22906271122,0.0,75934.0,363.7709372887766,132329.29481595504,1,1,2793
SVR,H3,337,2024-12-03,2024-12-06,75934.0,0.003305502146601,0.0013401460278112,76185.0,76035.76264847582,0.0,75934.0,149.23735152417794,22271.787089951056,1,1,2792
SVR,H4,337,2024-12-03,2024-12-09,75934.0,0.0140253377933468,0.0017299455816767,76999.0,76065.36168779904,0.0,75934.0,933.6383122009574,871680.4980094525,1,1,2791
SVR,H5,337,2024-12-03,2024-12-10,75934.0,0.0238496589143202,0.001995097524826,77745.0,76085.49573545014,0.0,75934.0,1659.5042645498615,2753954.404059177,1,1,2790
SVR,H6,337,2024-12-03,2024-12-11,75934.0,0.0309874364579767,0.0023689973725887,78287.0,76113.88744649016,0.0,75934.0,2173.11255350984,4722418.170222057,1,1,2789
SVR,H7,337,2024-12-03,2024-12-12,75934.0,0.0193062396291516,0.0027621946575278,77400.0,76143.74448912471,0.0,75934.0,1256.2555108752858,1578177.9086045255,1,1,2788
SVR,H1,338,2024-12-04,2024-12-05,76036.0,0.0041690778052501,0.0002137389544208,76353.0,76052.25185513834,0.0,76036.0,300.74814486166,90449.44663773,1,1,2795
SVR,H2,338,2024-12-04,2024-12-06,76036.0,0.0019595980851174,0.0007281360739472,76185.0,76091.36455451866,0.0,76036.0,93.63544548134088,8767.596650489158,1,1,2794
SVR,H3,338,2024-12-04,2024-12-09,76036.0,0.0126650533957599,0.0013401432450809,76999.0,76137.89913178296,0.0,76036.0,861.1008682170359,741494.705244133,1,1,2793
SVR,H4,338,2024-12-04,2024-12-10,76036.0,0.0224761954863486,0.0017299437129143,77745.0,76167.53800015515,0.0,76036.0,1577.461999844847,2488386.360954504,1,1,2792
SVR,H5,338,2024-12-04,2024-12-11,76036.0,0.0296043979167761,0.0019950889136518,78287.0,76187.69858063842,0.0,76036.0,2099.301419361582,4407066.449333552,1,1,2791
SVR,H6,338,2024-12-04,2024-12-12,76036.0,0.0179388710610763,0.0023689638184118,77400.0,76216.12653289677,0.0,76036.0,1183.873467103229,1401556.38611102,1,1,2790
SVR,H7,338,2024-12-04,2024-12-13,76036.0,0.0073123257404388,0.0027621838392417,76592.0,76246.02541040059,0.0,76036.0,345.97458959941287,119698.41664848216,1,1,2789
SVR,H1,339,2024-12-05,2024-12-06,76353.0,-0.0022003064712584,0.0002044502573956,76185.0,76368.61039050293,0.0,76353.0,183.6103905029304,33712.77550063859,-1,1,2796
SVR,H2,339,2024-12-05,2024-12-09,76353.0,0.008460702264482,0.0007299183134465,76999.0,76408.73145298658,0.0,76353.0,590.2685470134165,348416.95759332995,1,1,2795
SVR,H3,339,2024-12-05,2024-12-10,76353.0,0.018231110761856,0.0013401543348354,77745.0,76455.3248039277,0.0,76353.0,1289.675196072305,1663262.1113641383,1,1,2794
SVR,H4,339,2024-12-05,2024-12-11,76353.0,0.0253297185441305,0.0017299393992986,78287.0,76485.08606295465,0.0,76353.0,1801.9139370453488,3246893.836518269,1,1,2793
SVR,H5,339,2024-12-05,2024-12-12,76353.0,0.0137126242583789,0.0019950843353768,77400.0,76505.33067425904,0.0,76353.0,894.6693257409643,800433.2024217916,1,1,2792
SVR,H6,339,2024-12-05,2024-12-13,76353.0,0.0031301978966118,0.0023689453050846,76592.0,76533.87608087913,0.0,76353.0,58.123919120873325,3378.389973969824,1,1,2791
SVR,H7,339,2024-12-05,2024-12-16,76353.0,0.0017419092897463,0.0027621545589352,76486.0,76563.89878703839,0.0,76353.0,77.89878703838622,6068.221022051848,1,1,2790
SVR,H1,340,2024-12-06,2024-12-09,76185.0,0.0106845179497276,0.0001991572647947,76999.0,76200.1727962184,0.0,76185.0,798.8272037816059,638124.9015015394,1,1,2797
SVR,H2,340,2024-12-06,2024-12-10,76185.0,0.0204764717464067,0.0007302638857116,77745.0,76240.63515413293,0.0,76185.0,1504.364845867065,2263113.5894806385,1,1,2796
SVR,H3,340,2024-12-06,2024-12-11,76185.0,0.0275907330839404,0.0013401510024301,78287.0,76287.09940412015,0.0,76185.0,1999.900595879852,3999602.3934005857,1,1,2795
SVR,H4,340,2024-12-06,2024-12-12,76185.0,0.0159480212640283,0.0017299329063541,77400.0,76316.7949384706,0.0,76185.0,1083.2050615293992,1173333.2053229096,1,1,2794
SVR,H5,340,2024-12-06,2024-12-13,76185.0,0.0053422589748637,0.0019950762789861,76592.0,76336.99488631457,0.0,76185.0,255.00511368543084,65027.60800571951,1,1,2793
SVR,H6,340,2024-12-06,2024-12-16,76185.0,0.0039509089715823,0.0023689322055468,76486.0,76365.47710007959,0.0,76185.0,120.52289992041187,14525.769405225616,1,1,2792
SVR,H7,340,2024-12-06,2024-12-17,76185.0,0.0016932467021066,0.0027621384784893,76314.0,76395.43351998371,0.0,76185.0,81.43351998370781,6631.41817693694,1,1,2791
SVR,H1,341,2024-12-09,2024-12-10,76999.0,0.0096884375121755,0.0002058993636836,77745.0,77014.85404510428,0.0,76999.0,730.1459548957209,533113.1154505841,1,1,2798
SVR,H2,341,2024-12-09,2024-12-11,76999.0,0.0167274899674021,0.0007331462690544,78287.0,77055.45152957093,0.0,76999.0,1231.548470429072,1516711.6350161869,1,1,2797
SVR,H3,341,2024-12-09,2024-12-12,76999.0,0.0052078598423355,0.0013401520712421,77400.0,77102.19036933358,0.0,76999.0,297.8096306664229,88690.57611767121,1,1,2796
SVR,H4,341,2024-12-09,2024-12-13,76999.0,-0.0052857829322459,0.0017299324005569,76592.0,77132.20306491047,0.0,76999.0,540.2030649104709,291819.3513386664,-1,1,2795
SVR,H5,341,2024-12-09,2024-12-16,76999.0,-0.006662424187327,0.00199594932268,76486.0,77152.68610189704,0.0,76999.0,666.6861018970376,444470.3584626672,-1,1,2794
SVR,H6,341,2024-12-09,2024-12-17,76999.0,-0.0088962194314211,0.0023689186242183,76314.0,77181.4043651462,0.0,76999.0,867.404365146198,752390.3326746788,-1,1,2793
SVR,H7,341,2024-12-09,2024-12-18,76999.0,-0.0114806685801114,0.0027628101696002,76115.0,77211.73362024906,0.0,76999.0,1096.733620249055,1202824.633784599,-1,1,2792
SVR,H1,342,2024-12-10,2024-12-11,77745.0,0.0069715094218276,0.0001554079288689,78287.0,77757.08218942993,0.0,77745.0,529.9178105700703,280812.8859593769,1,1,2799
SVR,H2,342,2024-12-10,2024-12-12,77745.0,-0.004437584410573,0.0007404274088769,77400.0,77802.56452890314,0.0,77745.0,402.5645289031381,162058.19993100554,-1,1,2798
SVR,H3,342,2024-12-10,2024-12-13,77745.0,-0.0148305357257702,0.0013454363890935,76592.0,77849.60095207009,0.0,77745.0,1257.60095207009,1581560.1546475969,-1,1,2797
SVR,H4,342,2024-12-10,2024-12-16,77745.0,-0.0161939674577142,0.0017379581381087,76486.0,77880.11755544726,0.0,77745.0,1394.1175554472577,1943563.758406237,-1,1,2796
SVR,H5,342,2024-12-10,2024-12-17,77745.0,-0.0184063283812463,0.0020040287361477,76314.0,77900.80321409181,0.0,77745.0,1586.8032140918076,2517944.440252091,-1,1,2795
SVR,H6,342,2024-12-10,2024-12-18,77745.0,-0.0209659785195189,0.0023771219826673,76115.0,77929.80934854248,0.0,77745.0,1814.809348542476,3293532.9715571664,-1,1,2794
SVR,H7,342,2024-12-10,2024-12-19,77745.0,-0.0328509872017492,0.0027635287843643,75191.0,77959.8505453404,0.0,77745.0,2768.850545340407,7666533.342431868,-1,1,2793
SVR,H1,343,2024-12-11,2024-12-12,78287.0,-0.0113301058924214,0.0001969541957595,77400.0,78302.41895312343,0.0,78287.0,902.4189531234296,814359.9669563868,-1,1,2800
SVR,H2,343,2024-12-11,2024-12-13,78287.0,-0.0216511042701853,0.0007463988482913,76592.0,78345.4333266362,0.0,78287.0,1753.4333266361937,3074528.4309584685,-1,1,2799
SVR,H3,343,2024-12-11,2024-12-16,78287.0,-0.0230050966316246,0.00136095648275,76486.0,78393.54520016506,0.0,78287.0,1907.545200165056,3638728.6906727417,-1,1,2798
SVR,H4,343,2024-12-11,2024-12-17,78287.0,-0.0252021408407525,0.0017481971064225,76314.0,78423.8611068705,0.0,78287.0,2109.861106870507,4451513.89028484,-1,1,2797
SVR,H5,343,2024-12-11,2024-12-18,78287.0,-0.0277440698966622,0.002017224127062,76115.0,78444.92242523532,0.0,78287.0,2329.922425235316,5428538.507614417,-1,1,2796
SVR,H6,343,2024-12-11,2024-12-19,78287.0,-0.039546795764303,0.0023892193582698,75191.0,78474.04481590087,0.0,78287.0,3283.0448159008665,10778383.263213554,-1,1,2795
SVR,H7,343,2024-12-11,2024-12-20,78287.0,-0.0319465556222616,0.0027751749422507,75786.0,78504.26012070398,0.0,78287.0,2718.2601207039843,7388938.083809639,-1,1,2794
SVR,H1,344,2024-12-12,2024-12-13,77400.0,-0.0104392764857881,0.0002071940794015,76592.0,77416.03682174567,0.0,77400.0,824.0368217456707,679036.6835927063,-1,1,2801
SVR,H2,344,2024-12-12,2024-12-16,77400.0,-0.0118087855297157,0.0007444740958408,76486.0,77457.62229501808,0.0,77400.0,971.6222950180818,944049.8841762044,-1,1,2800
SVR,H3,344,2024-12-12,2024-12-17,77400.0,-0.0140310077519379,0.0013609560542816,76314.0,77505.33799860139,0.0,77400.0,1191.3379986013897,1419286.2269115648,-1,1,2799
SVR,H4,344,2024-12-12,2024-12-18,77400.0,-0.0166020671834625,0.0017497455933443,76115.0,77535.43030892486,0.0,77400.0,1420.430308924857,2017622.2625123644,-1,1,2798
SVR,H5,344,2024-12-12,2024-12-19,77400.0,-0.0285400516795865,0.0020172275782894,75191.0,77556.1334145596,0.0,77400.0,2365.1334145596047,5593856.068666375,-1,1,2797
SVR,H6,344,2024-12-12,2024-12-20,77400.0,-0.0208527131782946,0.002391523506496,75786.0,77585.1039194028,0.0,77400.0,1799.103919402798,3236774.9128105096,-1,1,2796
SVR,H7,344,2024-12-12,2024-12-23,77400.0,-0.0244702842377261,0.0027780220384898,75506.0,77615.01890577911,0.0,77400.0,2109.018905779114,4447960.744933731,-1,1,2795
SVR,H1,345,2024-12-13,2024-12-16,76592.0,-0.0013839565489868,0.0002013347577338,76486.0,76607.42063176435,0.0,76592.0,121.42063176435477,14742.96981805504,-1,1,2802
SVR,H2,345,2024-12-13,2024-12-17,76592.0,-0.0036296218926258,0.0007366864783018,76314.0,76648.42429074609,0.0,76592.0,334.4242907460866,111839.60624102308,-1,1,2801
SVR,H3,345,2024-12-13,2024-12-18,76592.0,-0.0062278044704408,0.001356556354258,76115.0,76695.90136428532,0.0,76592.0,580.9013642853242,337446.395028551,-1,1,2800
SVR,H4,345,2024-12-13,2024-12-19,76592.0,-0.0182917275955712,0.0017497471239702,75191.0,76726.01663171913,0.0,76592.0,1535.0166317191324,2356276.0596543504,-1,1,2799
SVR,H5,345,2024-12-13,2024-12-20,76592.0,-0.0105232922498432,0.0020172315393603,75786.0,76746.50379806268,0.0,76592.0,960.5037980626804,922567.546092834,-1,1,2798
SVR,H6,345,2024-12-13,2024-12-23,76592.0,-0.0141790265301858,0.0023915275697327,75506.0,76775.17187962098,0.0,76592.0,1269.1718796209752,1610797.2600206393,-1,1,2797
SVR,H7,345,2024-12-13,2024-12-24,76592.0,-0.0134478796741174,0.0027780267123081,75562.0,76804.7746219491,0.0,76592.0,1242.7746219490946,1544488.760960715,-1,1,2796
SVR,H1,346,2024-12-16,2024-12-17,76486.0,-0.0022487775540621,0.0001995967203827,76314.0,76501.2663547552,0.0,76486.0,187.26635475519288,35068.68762329775,-1,1,2803
SVR,H2,346,2024-12-16,2024-12-18,76486.0,-0.0048505608869596,0.0007321111544819,76115.0,76541.9962537617,0.0,76486.0,426.9962537616957,182325.80072652243,-1,1,2802
SVR,H3,346,2024-12-16,2024-12-19,76486.0,-0.0169312030959913,0.0013433954306967,75191.0,76588.75094291227,0.0,76486.0,1397.7509429122729,1953707.698412148,-1,1,2801
SVR,H4,346,2024-12-16,2024-12-20,76486.0,-0.0091520016735088,0.0017445214357105,75786.0,76619.43146653177,0.0,76486.0,833.4314665317652,694608.0094052888,-1,1,2800
SVR,H5,346,2024-12-16,2024-12-23,76486.0,-0.0128128023429123,0.0020172376074683,75506.0,76640.29043564483,0.0,76486.0,1134.290435644827,1286614.7923953317,-1,1,2799
SVR,H6,346,2024-12-16,2024-12-24,76486.0,-0.0120806422090317,0.0023915359296136,75562.0,76668.91901711242,0.0,76486.0,1106.919017112421,1225269.710445128,-1,1,2798
SVR,H7,346,2024-12-16,2024-12-26,76486.0,-0.0048636351750647,0.0027780294188894,76114.0,76698.48035813318,0.0,76486.0,584.4803581331798,341617.28904349013,-1,1,2797
SVR,H1,347,2024-12-17,2024-12-18,76314.0,-0.002607647351731,0.0002044435511312,76115.0,76329.60190516103,0.0,76314.0,214.6019051610347,46053.97769874572,-1,1,2804
SVR,H2,347,2024-12-17,2024-12-19,76314.0,-0.0147155174673061,0.000730599532249,75191.0,76369.75497270406,0.0,76314.0,1178.7549727040605,1389463.2856745503,-1,1,2803
SVR,H3,347,2024-12-17,2024-12-20,76314.0,-0.0069187829231858,0.0013405689107235,75786.0,76416.30417585296,0.0,76314.0,630.304175852958,397283.3540976766,-1,1,2802
SVR,H4,347,2024-12-17,2024-12-23,76314.0,-0.01058783447336,0.0017310203139788,75506.0,76446.10108424099,0.0,76314.0,940.1010842409888,883790.0485910826,-1,1,2801
SVR,H5,347,2024-12-17,2024-12-24,76314.0,-0.0098540241633252,0.0020103947541826,75562.0,76467.4212652707,0.0,76314.0,905.4212652707064,819787.6676044071,-1,1,2800
SVR,H6,347,2024-12-17,2024-12-26,76314.0,-0.0026207511072673,0.0023915430845128,76114.0,76496.50821895152,0.0,76314.0,382.5082189515233,146312.53756546648,-1,1,2799
SVR,H7,347,2024-12-17,2024-12-27,76314.0,-0.0069580941897947,0.0027780358927305,75783.0,76526.00303111784,0.0,76314.0,743.0030311178416,552053.5042503003,-1,1,2798
SVR,H1,348,2024-12-18,2024-12-19,76115.0,-0.012139525717664,0.0002155853537895,75191.0,76131.40927920368,0.0,76115.0,940.4092792036828,884369.61241239,-1,1,2805
SVR,H2,348,2024-12-18,2024-12-20,76115.0,-0.0043224068843197,0.0007287951717702,75786.0,76170.4722444993,0.0,76115.0,384.4722444992949,147818.9067903256,-1,1,2804
SVR,H3,348,2024-12-18,2024-12-23,76115.0,-0.0080010510411876,0.0013405683529202,75506.0,76217.03736018251,0.0,76115.0,711.0373601825122,505574.1275753156,-1,1,2803
SVR,H4,348,2024-12-18,2024-12-24,76115.0,-0.0072653222098141,0.0017254167810823,75562.0,76246.33009829208,0.0,76115.0,684.3300982920773,468307.6834284442,-1,1,2802
SVR,H5,348,2024-12-18,2024-12-26,76115.0,-1.3138014845925916e-05,0.0019953784822786,76114.0,76266.87823317864,0.0,76115.0,152.87823317863513,23371.75417982113,-1,1,2801
SVR,H6,348,2024-12-18,2024-12-27,76115.0,-0.0043618209288576,0.002383127590424,75783.0,76296.39175654513,0.0,76115.0,513.3917565451266,263571.0956884905,-1,1,2800
SVR,H7,348,2024-12-18,2024-12-30,76115.0,-0.0078565328778821,0.0027768707155949,75517.0,76326.3615145175,0.0,76115.0,809.361514517499,655066.0611820598,-1,1,2799
SVR,H1,349,2024-12-19,2024-12-20,75191.0,0.0079131810988017,0.0001979407321251,75786.0,75205.88336158922,0.0,75191.0,580.1166384107783,336535.3141610216,1,1,2806
SVR,H2,349,2024-12-19,2024-12-23,75191.0,0.0041893311699539,0.0007233053438015,75506.0,75245.38605210578,0.0,75191.0,260.6139478942205,67919.62983701147,1,1,2805
SVR,H3,349,2024-12-19,2024-12-24,75191.0,0.0049341011557233,0.0013336191490954,75562.0,75291.27615743964,0.0,75191.0,270.7238425603573,73291.39893064513,1,1,2804
SVR,H4,349,2024-12-19,2024-12-26,75191.0,0.0122754053011664,0.0017181536928288,76114.0,75320.1896943175,0.0,75191.0,793.8103056825057,630134.8014077531,1,1,2803
SVR,H5,349,2024-12-19,2024-12-27,75191.0,0.0078732827067069,0.0019796937699184,75783.0,75339.85515425394,0.0,75191.0,443.1448457460647,196377.35431130347,1,1,2802
SVR,H6,349,2024-12-19,2024-12-30,75191.0,0.0043356252743014,0.0023610810685704,75517.0,75368.53204662689,0.0,75191.0,148.4679533731105,22042.733178800117,1,1,2801
SVR,H7,349,2024-12-19,2024-12-31,75191.0,0.013844742056895,0.0027607521055449,76232.0,75398.58371156802,0.0,75191.0,833.4162884319812,694582.7098237394,1,1,2800
SVR,H1,350,2024-12-20,2024-12-23,75786.0,-0.0036946137809094,0.0001978003683503,75506.0,75800.9904987158,0.0,75786.0,294.99049871579336,87019.39433259249,-1,1,2807
SVR,H2,350,2024-12-20,2024-12-24,75786.0,-0.0029556910247274,0.0007217044192388,75562.0,75840.69509111645,0.0,75786.0,278.69509111644584,77670.95381240404,-1,1,2806
SVR,H3,350,2024-12-20,2024-12-26,75786.0,0.004327976143351,0.0013336185273386,76114.0,75887.0696137129,0.0,75786.0,226.930386287102,51497.400220413336,1,1,2805
SVR,H4,350,2024-12-20,2024-12-27,75786.0,-3.958514765256549e-05,0.0017181526458177,75783.0,75916.21191641594,0.0,75786.0,133.2119164159376,17745.414675206743,-1,1,2804
SVR,H5,350,2024-12-20,2024-12-30,75786.0,-0.0035494682395165,0.0019796954869977,75517.0,75936.03320217761,0.0,75786.0,419.0332021776121,175588.82452722354,-1,1,2803
SVR,H6,350,2024-12-20,2024-12-31,75786.0,0.0058849919510199,0.0023527647555235,76232.0,75964.3066297621,0.0,75786.0,267.69337023790285,71659.74046932693,1,1,2802
SVR,H7,350,2024-12-20,2025-01-01,75786.0,0.0056474810651043,0.0027460358461398,76214.0,75994.11107263554,0.0,75786.0,219.88892736446,48351.140377492746,1,1,2801
SVR,H1,351,2024-12-23,2024-12-24,75506.0,0.0007416629142054,0.0001322118354679,75562.0,75515.98278684884,0.0,75506.0,46.01721315116447,2117.583906199704,1,1,2808
SVR,H2,351,2024-12-23,2024-12-26,75506.0,0.0080523402113739,0.0007227157194032,76114.0,75560.56937310926,0.0,75506.0,553.4306268907385,306285.4587806758,1,1,2807
SVR,H3,351,2024-12-23,2024-12-27,75506.0,0.0036685826291951,0.001333615753807,75783.0,75606.69599110696,0.0,75506.0,176.30400889304292,31083.103551758155,1,1,2806
SVR,H4,351,2024-12-23,2024-12-30,75506.0,0.0001456837867188,0.0017181491190419,75517.0,75635.73056738237,0.0,75506.0,118.7305673823721,14096.947630940002,1,1,2805
SVR,H5,351,2024-12-23,2024-12-31,75506.0,0.0096151299234497,0.00197779377459,76232.0,75655.33529674419,0.0,75506.0,576.6647032558103,332542.1799811118,1,1,2804
SVR,H6,351,2024-12-23,2025-01-01,75506.0,0.0093767382724552,0.0023501860280773,76214.0,75683.45314623602,0.0,75506.0,530.5468537639827,281479.9640388608,1,1,2803
SVR,H7,351,2024-12-23,2025-01-02,75506.0,0.0177866659603209,0.0027359308669514,76849.0,75712.57919604004,0.0,75506.0,1136.4208039599616,1291452.2436730056,1,1,2802
SVR,H1,352,2024-12-24,2024-12-26,75562.0,0.0073052592572986,0.0001813975421084,76114.0,75575.70676107678,0.0,75562.0,538.2932389232155,289759.61107044603,1,1,2809
SVR,H2,352,2024-12-24,2024-12-27,75562.0,0.0029247505359837,0.0007216265359204,75783.0,75616.52754430722,0.0,75562.0,166.47245569278311,27713.07850438564,1,1,2808
SVR,H3,352,2024-12-24,2024-12-30,75562.0,-0.0005955374394537,0.0013336176895421,75517.0,75662.77081985719,0.0,75562.0,145.7708198571927,21249.13192183812,-1,1,2807
SVR,H4,352,2024-12-24,2024-12-31,75562.0,0.0088668907651994,0.0017181545154893,76232.0,75691.82719149941,0.0,75562.0,540.1728085005889,291786.66304341384,1,1,2806
SVR,H5,352,2024-12-24,2025-01-01,75562.0,0.008628675789418,0.0019778023733176,76214.0,75711.44670293263,0.0,75562.0,502.55329706736666,252559.81639328087,1,1,2805
SVR,H6,352,2024-12-24,2025-01-02,75562.0,0.0170323707683757,0.0023500420168982,76849.0,75739.57387488087,0.0,75562.0,1109.426125119135,1230826.3270968578,1,1,2804
SVR,H7,352,2024-12-24,2025-01-03,75562.0,0.0165559408168127,0.002733387937584,76813.0,75768.54025933973,0.0,75562.0,1044.4597406602695,1090896.1498601178,1,1,2803
SVR,H1,353,2024-12-26,2024-12-27,76114.0,-0.004348740047823,0.0001770774078569,75783.0,76127.47806982162,0.0,76114.0,344.47806982162,118665.14058802892,-1,1,2810
SVR,H2,353,2024-12-26,2024-12-30,76114.0,-0.0078434979110282,0.0007240791166183,75517.0,76169.11255788228,0.0,76114.0,652.112557882283,425250.7881477739,-1,1,2809
SVR,H3,353,2024-12-26,2024-12-31,76114.0,0.0015503061197676,0.0013336135673114,76232.0,76215.50666306235,0.0,76114.0,16.493336937652202,272.03016333892253,1,1,2808
SVR,H4,353,2024-12-26,2025-01-01,76114.0,0.0013138187455659,0.0017181530542069,76214.0,76244.77550156791,0.0,76114.0,30.775501567914034,947.1314967566792,1,1,2807
SVR,H5,353,2024-12-26,2025-01-02,76114.0,0.0096565677799089,0.0019778048062936,76849.0,76264.53863502624,0.0,76114.0,584.4613649737585,341595.0871469889,1,1,2806
SVR,H6,353,2024-12-26,2025-01-03,76114.0,0.0091835930315054,0.0023500448658709,76813.0,76292.87131492089,0.0,76114.0,520.1286850791075,270533.84904212144,1,1,2805
SVR,H7,353,2024-12-26,2025-01-06,76114.0,0.0135980240166067,0.0027333810004675,77149.0,76322.04856146958,0.0,76114.0,826.951438530421,683848.6816875327,1,1,2804
SVR,H1,354,2024-12-27,2024-12-30,75783.0,-0.0035100220366045,0.0001895249360542,75517.0,75797.362768229,0.0,75783.0,280.36276822899526,78603.28180902531,-1,1,2811
SVR,H2,354,2024-12-27,2024-12-31,75783.0,0.0059248116332157,0.0007246151386777,76232.0,75837.91350905442,0.0,75783.0,394.08649094558496,155304.16234580462,1,1,2810
SVR,H3,354,2024-12-27,2025-01-01,75783.0,0.0056872913450245,0.001333617898788,76214.0,75884.06556522386,0.0,75783.0,329.9344347761362,108856.73125104846,1,1,2809
SVR,H4,354,2024-12-27,2025-01-02,75783.0,0.0140664792895504,0.0017181489067036,76849.0,75913.20647859672,0.0,75783.0,935.7935214032768,875709.5147003451,1,1,2808
SVR,H5,354,2024-12-27,2025-01-03,75783.0,0.0135914387131679,0.0019778046237527,76813.0,75932.88396780184,0.0,75783.0,880.1160321981588,774604.2301322304,1,1,2807
SVR,H6,354,2024-12-27,2025-01-06,75783.0,0.0180251507594051,0.0023500568263259,77149.0,75961.09435646946,0.0,75783.0,1187.9056435305392,1411119.8179317045,1,1,2806
SVR,H7,354,2024-12-27,2025-01-07,75783.0,0.0228415343810617,0.0027333895810824,77514.0,75990.14446262317,0.0,75783.0,1523.8555373768322,2322135.6987940343,1,1,2805
SVR,H1,355,2024-12-30,2024-12-31,75517.0,0.0094680667929074,0.0001912099513369,76232.0,75531.43960189512,0.0,75517.0,700.5603981048771,490784.8713928639,1,1,2812
SVR,H2,355,2024-12-30,2025-01-01,75517.0,0.0092297098666525,0.0007217045058888,76214.0,75571.5009591712,0.0,75517.0,642.4990408287995,412805.01746592735,1,1,2811
SVR,H3,355,2024-12-30,2025-01-02,75517.0,0.0176384125428712,0.0013336143563057,76849.0,75617.71055534513,0.0,75517.0,1231.2894446548744,1516073.696518509,1,1,2810
SVR,H4,355,2024-12-30,2025-01-03,75517.0,0.0171616986903611,0.0017181495317088,76813.0,75646.74949818607,0.0,75517.0,1166.2505018139343,1360140.232981254,1,1,2809
SVR,H5,355,2024-12-30,2025-01-06,75517.0,0.0216110279804546,0.0019778035257735,77149.0,75666.35778885585,0.0,75517.0,1482.6422111441498,2198227.9262664136,1,1,2808
SVR,H6,355,2024-12-30,2025-01-07,75517.0,0.0264443767628481,0.002350056417518,77514.0,75694.46921048171,0.0,75517.0,1819.5307895182923,3310692.29400506,1,1,2807
SVR,H7,355,2024-12-30,2025-01-08,75517.0,0.0293973542381185,0.0027334100531158,77737.0,75723.41892698115,0.0,75517.0,2013.5810730188527,4054508.737619756,1,1,2806
SVR,H1,356,2024-12-31,2025-01-01,76232.0,-0.0002361213138839,0.0002124511780366,76214.0,76248.19557820409,0.0,76232.0,34.19557820408954,1169.3375687120038,-1,1,2813
SVR,H2,356,2024-12-31,2025-01-02,76232.0,0.0080937139259102,0.0007233592986643,76849.0,76287.14312605579,0.0,76232.0,561.8568739442126,315683.1467983628,1,1,2812
SVR,H3,356,2024-12-31,2025-01-03,76232.0,0.0076214712981426,0.0013335588783681,76813.0,76333.65986041575,0.0,76232.0,479.340139584252,229766.96941665024,1,1,2811
SVR,H4,356,2024-12-31,2025-01-06,76232.0,0.0120290691573092,0.0017180926426398,77149.0,76362.97363833373,0.0,76232.0,786.0263616662705,617837.4412343147,1,1,2810
SVR,H5,356,2024-12-31,2025-01-07,76232.0,0.0168170846888446,0.0019777913399437,77514.0,76382.77098942659,0.0,76232.0,1131.2290105734137,1279679.0743629043,1,1,2809
SVR,H6,356,2024-12-31,2025-01-08,76232.0,0.019742365410851,0.002349920807277,77737.0,76411.13916298034,0.0,76232.0,1325.8608370196598,1757906.9591424728,1,1,2808
SVR,H7,356,2024-12-31,2025-01-09,76232.0,0.0240843740161611,0.0027333713192647,78068.0,76440.37036241019,0.0,76232.0,1627.6296375898091,2649178.237160733,1,1,2807
SVR,H1,357,2025-01-01,2025-01-02,76214.0,0.0083318025559608,0.0002004564291795,76849.0,76229.2775862935,0.0,76214.0,619.7224137065059,384055.87005021767,1,1,2814
SVR,H2,357,2025-01-01,2025-01-03,76214.0,0.007859448395308,0.0007262471643439,76813.0,76269.3502013833,0.0,76214.0,543.6497986166942,295555.1035359721,1,1,2813
SVR,H3,357,2025-01-01,2025-01-06,76214.0,0.0122680872280682,0.0013336137791537,77149.0,76315.64004056442,0.0,76214.0,833.3599594355765,694488.8219904656,1,1,2812
SVR,H4,357,2025-01-01,2025-01-07,76214.0,0.0170572335791323,0.0017181411046777,77514.0,76344.94640615191,0.0,76214.0,1169.0535938480898,1366686.3052891346,1,1,2811
SVR,H5,357,2025-01-01,2025-01-08,76214.0,0.0199832051853989,0.0019777883162482,77737.0,76364.73515873453,0.0,76214.0,1372.264841265467,1883110.7945733373,1,1,2810
SVR,H6,357,2025-01-01,2025-01-09,76214.0,0.0243262392736243,0.0023500161904185,78068.0,76393.10413393655,0.0,76214.0,1674.8958660634526,2805276.162156442,1,1,2809
SVR,H7,357,2025-01-01,2025-01-10,76214.0,0.0286561524129425,0.0027333568942687,78398.0,76422.32006233979,0.0,76214.0,1975.679937660214,3903311.216073067,1,1,2808
SVR,H1,358,2025-01-02,2025-01-03,76849.0,-0.000468451118427,0.0001916566532295,76813.0,76863.72862214404,0.0,76849.0,50.72862214404449,2573.3931046332414,-1,1,2815
SVR,H2,358,2025-01-02,2025-01-06,76849.0,0.0039037593202253,0.0007288749063969,77149.0,76905.0133076817,0.0,76849.0,243.9866923182999,59529.506028424745,1,1,2814
SVR,H3,358,2025-01-02,2025-01-07,76849.0,0.0086533331598328,0.0013381345128359,77514.0,76951.83429917692,0.0,76849.0,562.1657008230832,316030.2751819083,1,1,2813
SVR,H4,358,2025-01-02,2025-01-08,76849.0,0.0115551275878671,0.0017181493265917,77737.0,76981.03805759925,0.0,76849.0,755.9619424007542,571478.4583583212,1,1,2812
SVR,H5,358,2025-01-02,2025-01-09,76849.0,0.0158622753711823,0.0019778003144009,78068.0,77000.99197636139,0.0,76849.0,1067.008023638613,1138506.1225091787,1,1,2811
SVR,H6,358,2025-01-02,2025-01-10,76849.0,0.0201564106234304,0.0023516384533706,78398.0,77029.72106350308,0.0,76849.0,1368.2789364969212,1872187.248061146,1,1,2810
SVR,H7,358,2025-01-02,2025-01-13,76849.0,0.0170464156983174,0.0027350975172761,78159.0,77059.18950910516,0.0,76849.0,1099.8104908948444,1209583.1158823587,1,1,2809
SVR,H1,359,2025-01-03,2025-01-06,76813.0,0.0043742595654381,0.0001903619973296,77149.0,76827.62227610088,0.0,76813.0,321.377723899117,103283.64141857706,1,1,2816
SVR,H2,359,2025-01-03,2025-01-07,76813.0,0.0091260593909885,0.0007314126598184,77514.0,76869.18200063863,0.0,76813.0,644.817999361374,415790.2523004048,1,1,2815
SVR,H3,359,2025-01-03,2025-01-08,76813.0,0.0120292138049549,0.0013381356588273,77737.0,76915.7862143615,0.0,76813.0,821.2137856384943,674392.0817227069,1,1,2814
SVR,H4,359,2025-01-03,2025-01-09,76813.0,0.0163383802220977,0.0017209184983926,78068.0,76945.18891261703,0.0,76813.0,1122.811087382972,1260704.7379501318,1,1,2813
SVR,H5,359,2025-01-03,2025-01-10,76813.0,0.0206345280095816,0.001977806917101,78398.0,76964.92128272328,0.0,76813.0,1433.078717276716,2053714.6099114772,1,1,2812
SVR,H6,359,2025-01-03,2025-01-13,76813.0,0.0175230755210706,0.0023511590765971,78159.0,76993.59958215067,0.0,76813.0,1165.4004178493342,1358158.1339234028,1,1,2811
SVR,H7,359,2025-01-03,2025-01-14,76813.0,0.0174189264837982,0.0027359533340679,78151.0,77023.15678344975,0.0,76813.0,1127.8432165502454,1272030.3211184037,1,1,2810
SVR,H1,360,2025-01-06,2025-01-07,77149.0,0.0047311047453628,0.0001513774172095,77514.0,77160.6786163603,0.0,77149.0,353.32138363970444,124836.0001370752,1,1,2817
SVR,H2,360,2025-01-06,2025-01-08,77149.0,0.0076216153158175,0.0007325789139596,77737.0,77205.51773063307,0.0,77149.0,531.4822693669266,282473.40265141835,1,1,2816
SVR,H3,360,2025-01-06,2025-01-09,77149.0,0.011912014413667,0.0013381350384824,78068.0,77252.23578008388,0.0,77149.0,815.76421991612,665471.2624953559,1,1,2815
SVR,H4,360,2025-01-06,2025-01-10,77149.0,0.0161894515807075,0.0017209192029857,78398.0,77281.76719559114,0.0,77149.0,1116.2328044088645,1245975.6736384784,1,1,2814
SVR,H5,360,2025-01-06,2025-01-13,77149.0,0.0130915501173054,0.0019839374075173,78159.0,77302.05878705255,0.0,77149.0,856.9412129474513,734348.242447849,1,1,2813
SVR,H6,360,2025-01-06,2025-01-14,77149.0,0.0129878546708317,0.0023522854158999,78151.0,77330.47646755127,0.0,77149.0,820.5235324487294,673258.867302141,1,1,2812
SVR,H7,360,2025-01-06,2025-01-15,77149.0,0.0195595535911028,0.0027359578456651,78658.0,77360.07641183522,0.0,77149.0,1297.9235881647764,1684605.6407145285,1,1,2811
SVR,H1,361,2025-01-07,2025-01-08,77514.0,0.0028768996568362,0.0002001884513084,77737.0,77529.51740761472,0.0,77514.0,207.4825923852768,43049.026142914925,1,1,2818
SVR,H2,361,2025-01-07,2025-01-09,77514.0,0.0071470960084629,0.000735687822945,78068.0,77571.02610590777,0.0,77514.0,496.9738940922253,246983.05140919032,1,1,2817
SVR,H3,361,2025-01-07,2025-01-10,77514.0,0.0114043914647676,0.0013381350397074,78398.0,77617.72419946789,0.0,77514.0,780.2758005321084,608830.3248960227,1,1,2816
SVR,H4,361,2025-01-07,2025-01-13,77514.0,0.0083210774827773,0.0017235767765275,78159.0,77647.60133025575,0.0,77514.0,511.3986697442451,261528.59941618348,1,1,2815
SVR,H5,361,2025-01-07,2025-01-14,77514.0,0.0082178703202002,0.0019858721065846,78151.0,77667.9328904698,0.0,77514.0,483.067109530195,233353.83230985745,1,1,2814
SVR,H6,361,2025-01-07,2025-01-15,77514.0,0.0147586242485229,0.0023612624067973,78658.0,77697.03089420048,0.0,77514.0,960.9691057995224,923461.6223011336,1,1,2813
SVR,H7,361,2025-01-07,2025-01-16,77514.0,0.0212348737002348,0.0027409526555591,79160.0,77726.46220414301,0.0,77514.0,1433.537795856988,2055030.6121505112,1,1,2812
SVR,H1,362,2025-01-08,2025-01-09,77737.0,0.0042579466663237,0.0002209316726626,78068.0,77754.17456543777,0.0,77737.0,313.8254345622263,98486.40337817016,1,1,2819
SVR,H2,362,2025-01-08,2025-01-10,77737.0,0.0085030294454377,0.0007379670748726,78398.0,77794.36734649938,0.0,77737.0,603.6326535006228,364372.380372203,1,1,2818
SVR,H3,362,2025-01-08,2025-01-13,77737.0,0.0054285604023824,0.0013381347105055,78159.0,77841.02257799056,0.0,77737.0,317.9774220094405,101109.6409077698,1,1,2817
SVR,H4,362,2025-01-08,2025-01-14,77737.0,0.0053256493047069,0.0017235658161582,78151.0,77870.9848358507,0.0,77737.0,280.0151641492994,78408.49215355908,1,1,2816
SVR,H5,362,2025-01-08,2025-01-15,77737.0,0.0118476401198914,0.001990560133687,78658.0,77891.74017311243,0.0,77737.0,766.2598268875736,587154.1223017742,1,1,2815
SVR,H6,362,2025-01-08,2025-01-16,77737.0,0.0183053114990288,0.0023649925387697,79160.0,77920.84742498634,0.0,77737.0,1239.1525750136643,1535499.104162995,1,1,2814
SVR,H7,362,2025-01-08,2025-01-17,77737.0,0.0162856812071472,0.0027502597991722,79003.0,77950.79694600825,0.0,77737.0,1052.2030539917469,1107131.2668295589,1,1,2813
SVR,H1,363,2025-01-09,2025-01-10,78068.0,0.0042270840805451,0.0001641251209707,78398.0,78080.81291994394,0.0,78068.0,317.1870800560573,100607.64375448773,1,1,2820
SVR,H2,363,2025-01-09,2025-01-13,78068.0,0.0011656504585746,0.0007402321054651,78159.0,78125.78844000945,0.0,78068.0,33.211559990551905,1103.007717006028,1,1,2819
SVR,H3,363,2025-01-09,2025-01-14,78068.0,0.0010631756929855,0.0013381186816247,78151.0,78172.46424923709,0.0,78068.0,21.46424923709128,460.7139953119736,1,1,2818
SVR,H4,363,2025-01-09,2025-01-15,78068.0,0.0075575139621868,0.0017254967468313,78658.0,78202.70608003164,0.0,78068.0,455.29391996836057,207292.5535601559,1,1,2817
SVR,H5,363,2025-01-09,2025-01-16,78068.0,0.0139878055028948,0.0019916299512416,79160.0,78223.48256703354,0.0,78068.0,936.5174329664588,877064.9022500855,1,1,2816
SVR,H6,363,2025-01-09,2025-01-17,78068.0,0.0119767382282112,0.0023717653428993,79003.0,78253.15897678948,0.0,78068.0,749.8410232105234,562261.5600894047,1,1,2815
SVR,H7,363,2025-01-09,2025-01-20,78068.0,0.0059179177127632,0.0027564248410737,78530.0,78283.18857449293,0.0,78068.0,246.81142550706863,60915.87976083129,1,1,2814
SVR,H1,364,2025-01-10,2025-01-13,78398.0,-0.0030485471568152,0.000219050578272,78159.0,78415.17312723536,0.0,78398.0,256.1731272353645,65624.67111754626,-1,1,2821
SVR,H2,364,2025-01-10,2025-01-14,78398.0,-0.0031505905762901,0.0007474457396169,78151.0,78456.59825109447,0.0,78398.0,305.5982510944741,93390.29107200124,-1,1,2820
SVR,H3,364,2025-01-10,2025-01-15,78398.0,0.0033164111329371,0.0013381337467282,78658.0,78502.907009476,0.0,78398.0,155.09299052400456,24053.83570967897,1,1,2819
SVR,H4,364,2025-01-10,2025-01-16,78398.0,0.0097196357049924,0.0017273214448002,79160.0,78533.41854662946,0.0,78398.0,626.5814533705416,392604.3177079402,1,1,2818
SVR,H5,364,2025-01-10,2025-01-17,78398.0,0.0077170335977958,0.0019969077239202,79003.0,78554.55357173989,0.0,78398.0,448.44642826011113,201104.199019251,1,1,2817
SVR,H6,364,2025-01-10,2025-01-20,78398.0,0.0016837164213372,0.0023758209521012,78530.0,78584.25961100282,0.0,78398.0,54.25961100282439,2944.105386177821,1,1,2816
SVR,H7,364,2025-01-10,2025-01-21,78398.0,0.0099619888262456,0.0027651526691689,79179.0,78614.78243895751,0.0,78398.0,564.2175610424893,318341.4561887351,1,1,2815
SVR,H1,365,2025-01-13,2025-01-14,78159.0,-0.000102355454906,0.0001989424013888,78151.0,78174.54913915016,0.0,78159.0,23.549139150156407,554.5619547134293,-1,1,2822
SVR,H2,365,2025-01-13,2025-01-15,78159.0,0.0063844214997632,0.0007429984851764,78658.0,78217.07201860289,0.0,78159.0,440.927981397108,194417.4847789284,1,1,2821
SVR,H3,365,2025-01-13,2025-01-16,78159.0,0.0128072262951164,0.0013381337611159,79160.0,78263.58719663507,0.0,78159.0,896.4128033649322,803555.9140365766,1,1,2820
SVR,H4,365,2025-01-13,2025-01-17,78159.0,0.0107985004925856,0.0017273200848573,79003.0,78294.00561051237,0.0,78159.0,708.9943894876342,502673.0443249431,1,1,2819
SVR,H5,365,2025-01-13,2025-01-20,78159.0,0.0047467342212668,0.0019969166322193,78530.0,78315.07700705763,0.0,78159.0,214.92299294237452,46191.89289530798,1,1,2818
SVR,H6,365,2025-01-13,2025-01-21,78159.0,0.0130503205005181,0.0023773045343916,79179.0,78344.8077451035,0.0,78159.0,834.192254896494,695876.7181292971,1,1,2817
SVR,H7,365,2025-01-13,2025-01-22,78159.0,0.0176051382438362,0.0027663253065625,79535.0,78375.21321963563,0.0,78159.0,1159.7867803643749,1345105.375907963,1,1,2816
SVR,H1,366,2025-01-14,2025-01-15,78151.0,0.006487440979642,1.5987541959067543e-05,78658.0,78152.24944239164,0.0,78151.0,505.750557608364,255783.6265211712,1,1,2823
SVR,H2,366,2025-01-14,2025-01-16,78151.0,0.0129109032513978,0.0007416705430503,79160.0,78208.96229460993,0.0,78151.0,951.0377053900738,904472.7170736168,1,1,2822
SVR,H3,366,2025-01-14,2025-01-17,78151.0,0.010901971823777,0.0013349321432716,79003.0,78255.32628192882,0.0,78151.0,747.6737180711789,559015.9886943807,1,1,2821
SVR,H4,366,2025-01-14,2025-01-20,78151.0,0.0048495860577599,0.0017244153999217,78530.0,78285.7647879193,0.0,78151.0,244.2352120807045,59650.83882010672,1,1,2820
SVR,H5,366,2025-01-14,2025-01-21,78151.0,0.0131540223413648,0.0019929398712578,79179.0,78306.75024387868,0.0,78151.0,872.249756121324,760819.6370537092,1,1,2819
SVR,H6,366,2025-01-14,2025-01-22,78151.0,0.017709306342849,0.0023738289627547,79535.0,78336.51710726826,0.0,78151.0,1198.482892731743,1436361.2441706466,1,1,2818
SVR,H7,366,2025-01-14,2025-01-23,78151.0,0.0184642550959039,0.0027642722121975,79594.0,78367.03063765547,0.0,78151.0,1226.9693623445346,1505453.816132154,1,1,2817
SVR,H1,367,2025-01-15,2025-01-16,78658.0,0.0063820590404026,0.0001875068564067,79160.0,78672.74891431125,0.0,78658.0,487.25108568875294,237413.62050486845,1,1,2824
SVR,H2,367,2025-01-15,2025-01-17,78658.0,0.0043860764321492,0.0007436471414994,79003.0,78716.49379685607,0.0,78658.0,286.5062031439302,82085.80443995098,1,1,2823
SVR,H3,367,2025-01-15,2025-01-20,78658.0,-0.0016272979226524,0.0013381315361691,78530.0,78763.254750372,0.0,78658.0,233.25475037199797,54407.778571103074,-1,1,2822
SVR,H4,367,2025-01-15,2025-01-21,78658.0,0.0066236110757964,0.0017273290069699,79179.0,78793.86824503024,0.0,78658.0,385.131754969756,148326.46868608418,1,1,2821
SVR,H5,367,2025-01-15,2025-01-22,78658.0,0.0111495334231737,0.0019969226914026,79535.0,78815.07394506036,0.0,78658.0,719.9260549396422,518293.5245809567,1,1,2820
SVR,H6,367,2025-01-15,2025-01-23,78658.0,0.0118996160593962,0.0023773110869189,79594.0,78844.99453547488,0.0,78658.0,749.0054645251221,561009.1858884939,1,1,2819
SVR,H7,367,2025-01-15,2025-01-24,78658.0,0.0163492588166493,0.0027707638815369,79944.0,78875.94274539393,0.0,78658.0,1068.057254606072,1140746.29911666,1,1,2818
SVR,H1,368,2025-01-16,2025-01-17,79160.0,-0.0019833249115714,0.0001842020312829,79003.0,79174.58143279636,0.0,79160.0,171.58143279635988,29440.18808045176,-1,1,2825
SVR,H2,368,2025-01-16,2025-01-20,79160.0,-0.0079585649317837,0.000748149341693,78530.0,79219.22350188841,0.0,79160.0,689.2235018884094,475029.0355553223,-1,1,2824
SVR,H3,368,2025-01-16,2025-01-21,79160.0,0.0002400202122283,0.0013381261410116,79179.0,79265.92606532249,0.0,79160.0,86.92606532249192,7556.140832450133,1,1,2823
SVR,H4,368,2025-01-16,2025-01-22,79160.0,0.0047372410308237,0.0017272779021592,79535.0,79296.73131873494,0.0,79160.0,238.2686812650645,56771.9644717929,1,1,2822
SVR,H5,368,2025-01-16,2025-01-23,79160.0,0.0054825669530065,0.0019968800404717,79594.0,79318.07302400374,0.0,79160.0,275.9269759962626,76135.6960824421,1,1,2821
SVR,H6,368,2025-01-16,2025-01-24,79160.0,0.0099039919151087,0.0023798223218646,79944.0,79348.3867349988,0.0,79160.0,595.6132650012005,354755.16144539026,1,1,2820
SVR,H7,368,2025-01-16,2025-01-27,79160.0,0.0044214249621019,0.0027744767535069,79510.0,79379.62757980761,0.0,79160.0,130.37242019239056,16996.967946821245,1,1,2819
SVR,H1,369,2025-01-17,2025-01-20,79003.0,-0.0059871144133767,0.000155843898048,78530.0,79015.31213547749,0.0,79003.0,485.3121354774921,235527.86884172368,-1,1,2826
SVR,H2,369,2025-01-17,2025-01-21,79003.0,0.0022277635026517,0.0007494845850655,79179.0,79062.21153067393,0.0,79003.0,116.7884693260712,13639.546567526677,1,1,2825
SVR,H3,369,2025-01-17,2025-01-22,79003.0,0.0067339214966519,0.0013380794381535,79535.0,79108.71228985245,0.0,79003.0,426.287710147546,181721.2118228382,1,1,2824
SVR,H4,369,2025-01-17,2025-01-23,79003.0,0.0074807285799274,0.0017269874569575,79594.0,79139.43719006203,0.0,79003.0,454.56280993796827,206627.34817870148,1,1,2823
SVR,H5,369,2025-01-17,2025-01-24,79003.0,0.0119109400908825,0.0019966167680309,79944.0,79160.73871452475,0.0,79003.0,783.2612854752515,613498.2413243434,1,1,2822
SVR,H6,369,2025-01-17,2025-01-27,79003.0,0.006417477817298,0.0023794740765167,79510.0,79190.98559046704,0.0,79003.0,319.0144095329597,101770.19348966292,1,1,2821
SVR,H7,369,2025-01-17,2025-01-28,79003.0,0.0146829867220232,0.0027747977676159,80163.0,79222.21734803497,0.0,79003.0,940.7826519650262,885071.9982383476,1,1,2820
SVR,H1,370,2025-01-20,2025-01-21,78530.0,0.0082643575703553,0.0001723184592927,79179.0,78543.53216860826,0.0,78530.0,635.4678313917393,403819.36473372,1,1,2827
SVR,H2,370,2025-01-20,2025-01-22,78530.0,0.0127976569463899,0.0007462700146156,79535.0,78588.60458424778,0.0,78530.0,946.395415752224,895664.2829568248,1,1,2826
SVR,H3,370,2025-01-20,2025-01-23,78530.0,0.0135489621800586,0.0013381122181866,79594.0,78635.08195249419,0.0,78530.0,958.9180475058092,919523.8218323534,1,1,2825
SVR,H4,370,2025-01-20,2025-01-24,78530.0,0.0180058576340251,0.0017273008044068,79944.0,78665.64493217006,0.0,78530.0,1278.3550678299362,1634191.6794464807,1,1,2824
SVR,H5,370,2025-01-20,2025-01-27,78530.0,0.0124793072711066,0.0019969173429418,79510.0,78686.81791894122,0.0,78530.0,823.1820810587815,677628.7385762663,1,1,2823
SVR,H6,370,2025-01-20,2025-01-28,78530.0,0.0207946007895072,0.002379884552938,80163.0,78716.89233394222,0.0,78530.0,1446.107666057782,2091227.3818310853,1,1,2822
SVR,H7,370,2025-01-20,2025-01-29,78530.0,0.022666496880173,0.0027751624657301,80310.0,78747.9335084338,0.0,78530.0,1562.0664915662055,2440051.7240739544,1,1,2821
SVR,H1,371,2025-01-21,2025-01-22,79179.0,0.0044961416537212,0.0001917176296337,79535.0,79194.18001019677,0.0,79179.0,340.8199898032326,116158.26544947556,1,1,2828
SVR,H2,371,2025-01-21,2025-01-23,79179.0,0.0052412887255459,0.0007468043442591,79594.0,79238.13122117409,0.0,79179.0,355.86877882591216,126642.58774304598,1,1,2827
SVR,H3,371,2025-01-21,2025-01-24,79179.0,0.0096616527109461,0.0013381246666415,79944.0,79284.95137298001,0.0,79179.0,659.0486270199908,434345.09277693497,1,1,2826
SVR,H4,371,2025-01-21,2025-01-27,79179.0,0.0041804013690498,0.0017273275487899,79510.0,79315.76806798564,0.0,79179.0,194.23193201435788,37726.043414030144,1,1,2825
SVR,H5,371,2025-01-21,2025-01-28,79179.0,0.0124275376046678,0.0019968731868303,80163.0,79337.11042206004,0.0,79179.0,825.8895779399609,682093.5949498467,1,1,2824
SVR,H6,371,2025-01-21,2025-01-29,79179.0,0.0142840904785359,0.0023798445672827,80310.0,79367.43371299288,0.0,79179.0,942.5662870071246,888431.2054023972,1,1,2823
SVR,H7,371,2025-01-21,2025-01-30,79179.0,0.0298058828729839,0.0027750814074928,81539.0,79398.72817076386,0.0,79179.0,2140.2718292361387,4580763.503021807,1,1,2822
SVR,H1,372,2025-01-22,2025-01-23,79535.0,0.0007418117809769,0.0002028282243601,79594.0,79551.13194282449,0.0,79535.0,42.86805717551033,1837.6703260028228,1,1,2829
SVR,H2,372,2025-01-22,2025-01-24,79535.0,0.0051423901427045,0.0007511517399617,79944.0,79594.74285363784,0.0,79535.0,349.2571463621571,121980.5542850372,1,1,2828
SVR,H3,372,2025-01-22,2025-01-27,79535.0,-0.0003143270258376,0.0013381315345834,79510.0,79641.4282916031,0.0,79535.0,131.42829160309338,17273.395833707746,-1,1,2827
SVR,H4,372,2025-01-22,2025-01-28,79535.0,0.0078958948890426,0.0017273289536275,80163.0,79672.38310832676,0.0,79535.0,490.6168916732422,240704.93439511387,1,1,2826
SVR,H5,372,2025-01-22,2025-01-29,79535.0,0.0097441378009681,0.0019969534374722,80310.0,79693.82769164935,0.0,79535.0,616.1723083506513,379668.3135781701,1,1,2825
SVR,H6,372,2025-01-22,2025-01-30,79535.0,0.0251964543911484,0.0023820253647198,81539.0,79724.45438738298,0.0,79535.0,1814.5456126170172,3292575.780267667,1,1,2824
SVR,H7,372,2025-01-22,2025-01-31,79535.0,0.0289306594581002,0.0027767696455429,81836.0,79755.85037375827,0.0,79535.0,2080.149626241735,4327022.46755363,1,1,2823
SVR,H1,373,2025-01-23,2025-01-24,79594.0,0.0043973163806316,-2.455946453447147e-05,79944.0,79592.04521397984,0.0,79594.0,351.95478602015646,123872.17140249412,1,-1,2830
SVR,H2,373,2025-01-23,2025-01-27,79594.0,-0.0010553559313516,0.0007525330003347,79510.0,79653.89711162863,0.0,79594.0,143.8971116286266,20706.378735061426,-1,1,2829
SVR,H3,373,2025-01-23,2025-01-28,79594.0,0.0071487800587983,0.0013371539163264,80163.0,79700.42942881609,0.0,79594.0,462.5705711839109,213971.53332540963,1,1,2828
SVR,H4,373,2025-01-23,2025-01-29,79594.0,0.0089956529386636,0.0017264162574204,80310.0,79731.41237559312,0.0,79594.0,578.5876244068786,334763.6391167952,1,1,2827
SVR,H5,373,2025-01-23,2025-01-30,79594.0,0.0244365153152248,0.0019957074244259,81539.0,79752.84633673975,0.0,79594.0,1786.153663260251,3190344.908778014,1,1,2826
SVR,H6,373,2025-01-23,2025-01-31,79594.0,0.0281679523582178,0.0023809651662825,81836.0,79783.5105414451,0.0,79594.0,2052.489458554905,4212712.977479005,1,1,2825
SVR,H7,373,2025-01-23,2025-02-01,79594.0,0.0259944216900771,0.002777862564424,81663.0,79815.10119295277,0.0,79594.0,1847.898807047226,3414730.001086561,1,1,2824
SVR,H1,374,2025-01-24,2025-01-27,79944.0,-0.005428800160112,0.0002230229196085,79510.0,79961.82934428519,0.0,79944.0,451.8293442851864,204149.7563571815,-1,1,2831
SVR,H2,374,2025-01-24,2025-01-28,79944.0,0.0027394175923145,0.0007540411367678,80163.0,80004.28106463778,0.0,79944.0,158.71893536222342,25191.700442517656,1,1,2830
SVR,H3,374,2025-01-24,2025-01-29,79944.0,0.0045782047433202,0.0013381347891087,80310.0,80050.97584758051,0.0,79944.0,259.0241524194862,67093.51153663322,1,1,2829
SVR,H4,374,2025-01-24,2025-01-30,79944.0,0.0199514660262183,0.0017311940053391,81539.0,80082.39857356282,0.0,79944.0,1456.601426437177,2121687.7154988186,1,1,2828
SVR,H5,374,2025-01-24,2025-01-31,79944.0,0.0236665665966175,0.0019969554336841,81836.0,80103.64460519043,0.0,79944.0,1732.355394809565,3001055.213925804,1,1,2827
SVR,H6,374,2025-01-24,2025-02-01,79944.0,0.0215025517862503,0.0023820582592621,81663.0,80134.43126547846,0.0,79944.0,1528.568734521541,2336522.376156785,1,1,2826
SVR,H7,374,2025-01-24,2025-02-03,79944.0,0.0335359751826278,0.0027796456676189,82625.0,80166.21599325213,0.0,79944.0,2458.7840067478683,6045618.791839101,1,1,2825
SVR,H1,375,2025-01-27,2025-01-28,79510.0,0.0082128034209534,0.0002015683777268,80163.0,79526.02670171305,0.0,79510.0,636.9732982869464,405734.9827305512,1,1,2832
SVR,H2,375,2025-01-27,2025-01-29,79510.0,0.010061627468243,0.0007534894342416,80310.0,79569.90994491655,0.0,79510.0,740.0900550834485,547733.2896334219,1,1,2831
SVR,H3,375,2025-01-27,2025-01-30,79510.0,0.0255188026663313,0.0013381321701222,81539.0,79616.39488884642,0.0,79510.0,1922.605111153578,3696410.4134338624,1,1,2830
SVR,H4,375,2025-01-27,2025-01-31,79510.0,0.0292541818639164,0.0017309259051258,81836.0,79647.62591871656,0.0,79510.0,2188.374081283444,4788981.119633158,1,1,2829
SVR,H5,375,2025-01-27,2025-02-01,79510.0,0.0270783549239088,0.0019969616893725,81663.0,79668.778423922,0.0,79510.0,1994.2215760779943,3976919.694495,1,1,2828
SVR,H6,375,2025-01-27,2025-02-03,79510.0,0.0391774619544711,0.002382037088101,82625.0,79699.39576887492,0.0,79510.0,2925.6042311250785,8559160.117176961,1,1,2827
SVR,H7,375,2025-01-27,2025-02-04,79510.0,0.0459313293925292,0.0027795893066474,83162.0,79731.00514577155,0.0,79510.0,3430.994854228454,11771725.689742137,1,1,2826
SVR,H1,376,2025-01-28,2025-01-29,80163.0,0.001833763706448,0.0002022892728743,80310.0,80179.21611498142,0.0,80163.0,130.7838850185799,17104.424580553128,1,1,2833
SVR,H2,376,2025-01-28,2025-01-30,80163.0,0.0171650262589972,0.0007541067031208,81539.0,80223.45145564228,0.0,80163.0,1315.54854435772,1730667.972561716,1,1,2832
SVR,H3,376,2025-01-28,2025-01-31,80163.0,0.0208699774210046,0.001338132253558,81836.0,80270.26869584198,0.0,80163.0,1565.73130415802,2451514.5168203744,1,1,2831
SVR,H4,376,2025-01-28,2025-02-01,80163.0,0.0187118745555929,0.0017309236988589,81663.0,80301.75603647163,0.0,80163.0,1361.2439635283663,1852985.1282424163,1,1,2830
SVR,H5,376,2025-01-28,2025-02-03,80163.0,0.0307124234372466,0.0019969685943534,82625.0,80323.08299342915,0.0,80163.0,2301.917006570846,5298821.905140083,1,1,2829
SVR,H6,376,2025-01-28,2025-02-04,80163.0,0.0374112745281489,0.0023859412112801,83162.0,80354.26420531985,0.0,80163.0,2807.7357946801494,7883380.29272817,1,1,2828
SVR,H7,376,2025-01-28,2025-02-05,80163.0,0.0475655851203173,0.0027795921350981,83976.0,80385.82044432587,0.0,80163.0,3590.179555674127,12889389.241980473,1,1,2827
SVR,H1,377,2025-01-29,2025-01-30,80310.0,0.015303200099614,0.0002247244789507,81539.0,80328.04762290455,0.0,80310.0,1210.9523770954547,1466405.6595931323,1,1,2834
SVR,H2,377,2025-01-29,2025-01-31,80310.0,0.0190013696924418,0.0007575343225007,81836.0,80370.83758144004,0.0,80310.0,1465.1624185599649,2146700.912760486,1,1,2833
SVR,H3,377,2025-01-29,2025-02-01,80310.0,0.0168472170339932,0.001338221473586,81663.0,80417.47256654371,0.0,80310.0,1245.5274334562855,1551338.5874922017,1,1,2832
SVR,H4,377,2025-01-29,2025-02-03,80310.0,0.0288258000249035,0.001730924402433,82625.0,80449.0105387594,0.0,80310.0,2175.989461240606,4734930.135430183,1,1,2831
SVR,H5,377,2025-01-29,2025-02-04,80310.0,0.0355123894907234,0.0019969675015678,83162.0,80470.37646005092,0.0,80310.0,2691.623539949084,7244837.280808034,1,1,2830
SVR,H6,377,2025-01-29,2025-02-05,80310.0,0.0456481135599551,0.0023859681306998,83976.0,80501.6171005765,0.0,80310.0,3474.3828994234937,12071336.531806402,1,1,2829
SVR,H7,377,2025-01-29,2025-02-06,80310.0,0.044153903623459,0.0027847701746249,83856.0,80533.64489272413,0.0,80310.0,3322.355107275871,11038043.458842063,1,1,2828
SVR,H1,378,2025-01-30,2025-01-31,81539.0,0.0036424287764136,0.0002133743056759,81836.0,81556.39832751051,0.0,81539.0,279.6016724894871,78177.0952589184,1,1,2835
SVR,H2,378,2025-01-30,2025-02-01,81539.0,0.0015207446743277,0.0007635855876335,81663.0,81601.26200523005,0.0,81539.0,61.73799476995191,3811.5799982146095,1,1,2834
SVR,H3,378,2025-01-30,2025-02-03,81539.0,0.0133187799703209,0.0013511063335478,82625.0,81649.16785933115,0.0,81539.0,975.8321406688484,952248.3667623468,1,1,2833
SVR,H4,378,2025-01-30,2025-02-04,81539.0,0.0199045855357558,0.0017363980055687,83162.0,81680.58415697607,0.0,81539.0,1481.4158430239331,2194592.8999623107,1,1,2832
SVR,H5,378,2025-01-30,2025-02-05,81539.0,0.0298875384785195,0.0020055226454382,83976.0,81702.5283109864,0.0,81539.0,2273.471689013604,5168673.52074637,1,1,2831
SVR,H6,378,2025-01-30,2025-02-06,81539.0,0.0284158500840088,0.0023938766280124,83856.0,81734.19430637152,0.0,81539.0,2121.8056936284847,4502059.401514255,1,1,2830
SVR,H7,378,2025-01-30,2025-02-07,81539.0,0.0348176946001299,0.0027942383877879,84378.0,81766.83940390185,0.0,81539.0,2611.160596098154,6818159.658615668,1,1,2829
SVR,H1,379,2025-01-31,2025-02-01,81836.0,-0.0021139840656924,0.0002234509295868,81663.0,81854.28633027367,0.0,81836.0,191.28633027366595,36590.46014956601,-1,1,2836
SVR,H2,379,2025-01-31,2025-02-03,81836.0,0.009641233686886,0.0007703112775765,82625.0,81899.03919371175,0.0,81836.0,725.9608062882471,527019.0922666818,1,1,2835
SVR,H3,379,2025-01-31,2025-02-04,81836.0,0.0162031379832836,0.0013588972062084,83162.0,81947.20671176727,0.0,81836.0,1214.7932882327295,1475722.7331352874,1,1,2834
SVR,H4,379,2025-01-31,2025-02-05,81836.0,0.0261498606970038,0.0017503234805992,83976.0,81979.23947235833,0.0,81836.0,1996.7605276416723,3987052.6047478495,1,1,2833
SVR,H5,379,2025-01-31,2025-02-06,81836.0,0.0246835133681997,0.0020133892127038,83856.0,82000.76771961084,0.0,81836.0,1855.2322803891584,3441886.814197957,1,1,2832
SVR,H6,379,2025-01-31,2025-02-07,81836.0,0.0310621242484969,0.0024036234559124,84378.0,82032.70292913805,0.0,81836.0,2345.297070861954,5500418.350593662,1,1,2831
SVR,H7,379,2025-01-31,2025-02-10,81836.0,0.0424263160467275,0.0028034355874872,85308.0,82065.42195473761,0.0,81836.0,3242.578045262388,10514312.379617646,1,1,2830
SVR,H1,380,2025-02-01,2025-02-03,81663.0,0.0117801207401149,0.0002120077198498,82625.0,81680.3131864261,0.0,81663.0,944.686813573906,892433.1757404198,1,1,2837
SVR,H2,380,2025-02-01,2025-02-04,81663.0,0.018355926184441,0.0007703115860505,83162.0,81725.90595505164,0.0,81663.0,1436.0940449483603,2062366.105936144,1,1,2836
SVR,H3,380,2025-02-01,2025-02-05,81663.0,0.0283237206568458,0.0013623988181834,83976.0,81774.25757468931,0.0,81663.0,2201.7424253106874,4847669.707412988,1,1,2835
SVR,H4,380,2025-02-01,2025-02-06,81663.0,0.0268542669262701,0.001754555965666,83856.0,81806.28230382418,0.0,81663.0,2049.717696175823,4201342.634016325,1,1,2834
SVR,H5,380,2025-02-01,2025-02-07,81663.0,0.0332463906542743,0.0020242032238896,84378.0,81828.30250787249,0.0,81663.0,2549.6974921275105,6500957.301361317,1,1,2833
SVR,H6,380,2025-02-01,2025-02-10,81663.0,0.0446346570662357,0.0024086549020208,85308.0,81859.69798526373,0.0,81663.0,3448.302014736269,11890786.784834215,1,1,2832
SVR,H7,380,2025-02-01,2025-02-11,81663.0,0.0422467947540501,0.0028109103032959,85113.0,81892.54736809806,0.0,81663.0,3220.452631901935,10371315.1543241,1,1,2831
SVR,H1,381,2025-02-03,2025-02-04,82625.0,0.0064992435703479,0.0002177624841656,83162.0,82642.99262525419,0.0,82625.0,519.0073747458082,269368.6550405358,1,1,2838
SVR,H2,381,2025-02-03,2025-02-05,82625.0,0.0163509833585475,0.000773574180983,83976.0,82688.91656670373,0.0,82625.0,1287.0834332962695,1656583.7642657126,1,1,2837
SVR,H3,381,2025-02-03,2025-02-06,82625.0,0.0148986384266263,0.0013623980827235,83856.0,82737.56814158503,0.0,82625.0,1118.4318584149732,1250889.821917571,1,1,2836
SVR,H4,381,2025-02-03,2025-02-07,82625.0,0.021216338880484,0.0017674441280675,84378.0,82771.03507108158,0.0,82625.0,1606.9649289184165,2582336.282773771,1,1,2835
SVR,H5,381,2025-02-03,2025-02-10,82625.0,0.0324720121028745,0.0020377965107504,85308.0,82793.37293670076,0.0,82625.0,2514.627063299238,6323349.267476951,1,1,2834
SVR,H6,381,2025-02-03,2025-02-11,82625.0,0.0301119515885022,0.0024265848056538,85113.0,82825.49656956716,0.0,82625.0,2287.503430432844,5232671.944242028,1,1,2833
SVR,H7,381,2025-02-03,2025-02-12,82625.0,0.029034795763994,0.0028233228533528,85024.0,82858.27705075828,0.0,82625.0,2165.722949241725,4690355.892872274,1,1,2832
SVR,H1,382,2025-02-04,2025-02-05,83162.0,0.0097881243837329,0.0002181033748535,83976.0,83180.13791285957,0.0,83162.0,795.8620871404273,633396.4617475171,1,1,2839
SVR,H2,382,2025-02-04,2025-02-06,83162.0,0.0083451576441162,0.0007797936789647,83856.0,83226.84920193008,0.0,83162.0,629.1507980699243,395830.72671202273,1,1,2838
SVR,H3,382,2025-02-04,2025-02-07,83162.0,0.0146220629614486,0.0013651016824078,84378.0,83275.5245861124,0.0,83162.0,1102.4754138876017,1215452.0382266382,1,1,2837
SVR,H4,382,2025-02-04,2025-02-10,83162.0,0.0258050551934778,0.0017727849429074,85308.0,83309.42834142207,0.0,83162.0,1998.57165857793,3994288.674470938,1,1,2836
SVR,H5,382,2025-02-04,2025-02-11,83162.0,0.0234602342416008,0.0020559060399413,85113.0,83332.97325809361,0.0,83162.0,1780.0267419063894,3168495.201901876,1,1,2835
SVR,H6,382,2025-02-04,2025-02-12,83162.0,0.0223900339097182,0.0024433651957137,85024.0,83365.19513640594,0.0,83162.0,1658.804863594065,2751633.5754833245,1,1,2834
SVR,H7,382,2025-02-04,2025-02-13,83162.0,0.026526538563286,0.0028441164133383,85368.0,83398.52240916605,0.0,83162.0,1969.477590833951,3878841.980797102,1,1,2833
SVR,H1,383,2025-02-05,2025-02-06,83976.0,-0.001428979708488,0.0002213685780744,83856.0,83994.58964771239,0.0,83976.0,138.5896477123897,19207.09045304429,-1,1,2840
SVR,H2,383,2025-02-05,2025-02-07,83976.0,0.0047870820234352,0.0007855294681893,84378.0,84041.96562262067,0.0,83976.0,336.0343773793284,112919.10278071288,1,1,2839
SVR,H3,383,2025-02-05,2025-02-10,83976.0,0.0158616747642184,0.001381367398844,85308.0,84092.00170868533,0.0,83976.0,1215.9982913146669,1478651.8444801895,1,1,2838
SVR,H4,383,2025-02-05,2025-02-11,83976.0,0.0135395827379252,0.0017841654168848,85113.0,84125.82707504832,0.0,83976.0,987.1729249516792,974510.383757654,1,1,2837
SVR,H5,383,2025-02-05,2025-02-12,83976.0,0.0124797561207963,0.0020687518205065,85024.0,84149.72550287886,0.0,83976.0,874.2744971211359,764355.8963164152,1,1,2836
SVR,H6,383,2025-02-05,2025-02-13,83976.0,0.0165761646184623,0.0024665392909541,85368.0,84183.13010349717,0.0,83976.0,1184.869896502831,1403916.6716386287,1,1,2835
SVR,H7,383,2025-02-05,2025-02-14,83976.0,0.0042273983042773,0.0028663802917151,84331.0,84216.70715137708,0.0,83976.0,114.29284862292116,13062.855246341973,1,1,2834
SVR,H1,384,2025-02-06,2025-02-07,83856.0,0.0062249570692616,0.00022263576796,84378.0,83874.66934495805,0.0,83856.0,503.3306550419511,253341.7483049596,1,1,2841
SVR,H2,384,2025-02-06,2025-02-10,83856.0,0.0173153978248425,0.000788305711769,85308.0,83922.1041637661,0.0,83856.0,1385.8958362339035,1920707.2688904707,1,1,2840
SVR,H3,384,2025-02-06,2025-02-11,83856.0,0.0149899828277046,0.0013818713053314,85113.0,83971.87820017988,0.0,83856.0,1141.1217998201173,1302158.962024704,1,1,2839
SVR,H4,384,2025-02-06,2025-02-12,83856.0,0.0139286395726005,0.0017954099025775,85024.0,84006.55589279054,0.0,83856.0,1017.4441072094633,1035192.5112952618,1,1,2838
SVR,H5,384,2025-02-06,2025-02-13,83856.0,0.0180309101316542,0.0020760778756678,85368.0,84030.09158634201,0.0,83856.0,1337.908413657991,1789998.9233368428,1,1,2837
SVR,H6,384,2025-02-06,2025-02-14,83856.0,0.0056644724289258,0.0024760601667005,84331.0,84063.63250133883,0.0,83856.0,267.3674986611732,71485.37934033242,1,1,2836
SVR,H7,384,2025-02-06,2025-02-17,83856.0,0.0107684602175157,0.0028855332859753,84759.0,84097.96927922875,0.0,83856.0,661.0307207712467,436961.6138033539,1,1,2835
SVR,H1,385,2025-02-07,2025-02-10,84378.0,0.0110218303349214,0.0002263615409293,85308.0,84397.09993410055,0.0,84378.0,910.9000658994482,829738.9300556191,1,1,2842
SVR,H2,385,2025-02-07,2025-02-11,84378.0,0.0087108013937282,0.0007897664150668,85113.0,84444.63891057052,0.0,84378.0,668.3610894294834,446706.54586336593,1,1,2841
SVR,H3,385,2025-02-07,2025-02-12,84378.0,0.0076560240821066,0.0013820330917619,85024.0,84494.6131882167,0.0,84378.0,529.3868117833044,280250.3964900918,1,1,2840
SVR,H4,385,2025-02-07,2025-02-13,84378.0,0.0117329161629808,0.0018019802567241,85368.0,84530.04749010188,0.0,84378.0,837.9525098981248,702164.408844567,1,1,2839
SVR,H5,385,2025-02-07,2025-02-14,84378.0,-0.0005570172319798,0.0020909141745685,84331.0,84554.42715622175,0.0,84378.0,223.42715622174728,49919.694137337065,-1,1,2838
SVR,H6,385,2025-02-07,2025-02-17,84378.0,0.0045153950081775,0.0024883681241637,84759.0,84587.9635255807,0.0,84378.0,171.0364744193066,29253.47558178613,1,1,2837
SVR,H7,385,2025-02-07,2025-02-18,84378.0,0.0161653511578847,0.0028991364493626,85742.0,84622.62333532433,0.0,84378.0,1119.3766646756703,1253004.1174204282,1,1,2836
SVR,H1,386,2025-02-10,2025-02-11,85308.0,-0.0022858348572232,0.0002271366533293,85113.0,85327.37657362221,0.0,85308.0,214.37657362221216,45957.31531799975,-1,1,2843
SVR,H2,386,2025-02-10,2025-02-12,85308.0,-0.0033291133305199,0.0007958483292359,85024.0,85375.89222927045,0.0,85308.0,351.89222927045194,123828.1410209283,-1,1,2842
SVR,H3,386,2025-02-10,2025-02-13,85308.0,0.0007033338022224,0.0013836781416059,85368.0,85426.03881490411,0.0,85308.0,58.03881490411004,3368.5040354735456,1,1,2841
SVR,H4,386,2025-02-10,2025-02-14,85308.0,-0.0114526187461903,0.001813079191669,84331.0,85462.67015968291,0.0,85308.0,1131.670159682908,1280677.3503167385,-1,1,2840
SVR,H5,386,2025-02-10,2025-02-17,85308.0,-0.0064355042903362,0.0021056497225462,84759.0,85487.62876653098,0.0,85308.0,728.6287665309792,530899.8794164562,-1,1,2839
SVR,H6,386,2025-02-10,2025-02-18,85308.0,0.0050874478360762,0.0025098587905834,85742.0,85522.11103370709,0.0,85308.0,219.8889662929141,48351.15749736632,1,1,2838
SVR,H7,386,2025-02-10,2025-02-19,85308.0,0.0048178365452242,0.0029180888045489,85719.0,85556.93631973847,0.0,85308.0,162.0636802615336,26264.63645991259,1,1,2837
SVR,H1,387,2025-02-11,2025-02-12,85113.0,-0.0010456686992585,0.0002280095210802,85024.0,85132.4065743677,0.0,85113.0,108.40657436770562,11751.985366140889,-1,1,2844
SVR,H2,387,2025-02-11,2025-02-13,85113.0,0.0029960170596736,0.0007987524253803,85368.0,85180.9842151814,0.0,85113.0,187.01578481860636,34974.90377131927,1,1,2843
SVR,H3,387,2025-02-11,2025-02-14,85113.0,-0.0091877856496657,0.0013848546231465,84331.0,85230.86913153988,0.0,85113.0,899.8691315398755,809764.4538983298,-1,1,2842
SVR,H4,387,2025-02-11,2025-02-17,85113.0,-0.0041591766240174,0.0018129816526291,84759.0,85267.30830740022,0.0,85113.0,508.3083074002207,258377.3353720772,-1,1,2841
SVR,H5,387,2025-02-11,2025-02-18,85113.0,0.0073901754138616,0.0021124767444034,85742.0,85292.7992331464,0.0,85113.0,449.20076685359527,201781.32894185805,1,1,2840
SVR,H6,387,2025-02-11,2025-02-19,85113.0,0.0071199464241655,0.0025213801237558,85719.0,85327.60222647323,0.0,85113.0,391.397773526769,153192.21712171196,1,1,2839
SVR,H7,387,2025-02-11,2025-02-20,85113.0,0.0084240950266116,0.0029361724610925,85830.0,85362.90644668097,0.0,85113.0,467.093553319035,218176.38755220216,1,1,2838
SVR,H1,388,2025-02-12,2025-02-13,85024.0,0.0040459164471207,0.0002286808689335,85368.0,85043.44336220021,0.0,85024.0,324.5566377997893,105337.01113990364,1,1,2845
SVR,H2,388,2025-02-12,2025-02-14,85024.0,-0.0081506398193451,0.0007972463521298,84331.0,85091.7850738435,0.0,85024.0,760.7850738434936,578793.92858305,-1,1,2844
SVR,H3,388,2025-02-12,2025-02-17,85024.0,-0.0031167670304854,0.0013848527698244,84759.0,85141.74572190156,0.0,85024.0,382.7457219015632,146494.28763394878,-1,1,2843
SVR,H4,388,2025-02-12,2025-02-18,85024.0,0.0084446744448625,0.0018129840511164,85742.0,85178.14715596211,0.0,85024.0,563.8528440378868,317930.0297296135,1,1,2842
SVR,H5,388,2025-02-12,2025-02-19,85024.0,0.0081741625893865,0.0021124701433475,85719.0,85203.61066146797,0.0,85024.0,515.3893385320262,265626.1702724795,1,1,2841
SVR,H6,388,2025-02-12,2025-02-20,85024.0,0.0094796763266842,0.0025269471271932,85830.0,85238.85115254247,0.0,85024.0,591.1488474575308,349456.959850367,1,1,2840
SVR,H7,388,2025-02-12,2025-02-21,85024.0,0.0090680278509598,0.0029456621959865,85795.0,85274.45198255156,0.0,85024.0,520.5480174484401,270970.2384695015,1,1,2839
SVR,H1,389,2025-02-13,2025-02-14,85368.0,-0.0121474088651485,0.0002256922391306,84331.0,85387.2668950701,0.0,85368.0,1056.2668950701045,1115699.7536210392,-1,1,2846
SVR,H2,389,2025-02-13,2025-02-17,85368.0,-0.0071338206353668,0.0007980420043265,84759.0,85436.12724982535,0.0,85368.0,677.1272498253529,458501.3124560459,-1,1,2845
SVR,H3,389,2025-02-13,2025-02-18,85368.0,0.0043810327054634,0.0013848504143658,85742.0,85486.22191017358,0.0,85368.0,255.77808982641727,65422.431235250784,1,1,2844
SVR,H4,389,2025-02-13,2025-02-19,85368.0,0.0041116109080685,0.0018129839363462,85719.0,85522.77081267802,0.0,85368.0,196.2291873219801,38505.89395704477,1,1,2843
SVR,H5,389,2025-02-13,2025-02-20,85368.0,0.0054118639302782,0.0021153170169542,85830.0,85548.58038310336,0.0,85368.0,281.4196168966446,79197.00077425421,1,1,2842
SVR,H6,389,2025-02-13,2025-02-21,85368.0,0.0050018742385906,0.0025280288621985,85795.0,85583.81276790817,0.0,85368.0,211.1872320918337,44600.04699861004,1,1,2841
SVR,H7,389,2025-02-13,2025-02-24,85368.0,0.007754662168494,0.0029523011754507,86030.0,85620.0320467459,0.0,85368.0,409.96795325410494,168073.72269535996,1,1,2840
SVR,H1,390,2025-02-14,2025-02-17,84331.0,0.0050752392358681,0.0002189399511888,84759.0,84349.46342502371,0.0,84331.0,409.5365749762859,167720.20624330707,1,1,2847
SVR,H2,390,2025-02-14,2025-02-18,84331.0,0.0167316882285279,0.0007947612483245,85742.0,84398.02301083246,0.0,84331.0,1343.9769891675387,1806274.1474118424,1,1,2846
SVR,H3,390,2025-02-14,2025-02-19,84331.0,0.0164589534097781,0.001384847581425,85719.0,84447.78558138917,0.0,84331.0,1271.2144186108344,1615986.0980840817,1,1,2845
SVR,H4,390,2025-02-14,2025-02-20,84331.0,0.0177751953611364,0.0018123661377054,85830.0,84483.83864875883,0.0,84331.0,1346.1613512411714,1812150.383575456,1,1,2844
SVR,H5,390,2025-02-14,2025-02-21,84331.0,0.0173601641152125,0.0021153197016366,85795.0,84509.38702575871,0.0,84331.0,1285.6129742412886,1652800.7195375322,1,1,2843
SVR,H6,390,2025-02-14,2025-02-24,84331.0,0.0201468024807009,0.0025280546238665,86030.0,84544.1933744853,0.0,84331.0,1485.806625514699,2207621.328423376,1,1,2842
SVR,H7,390,2025-02-14,2025-02-25,84331.0,0.0149174087820611,0.0029522910521665,85589.0,84579.96965672025,0.0,84331.0,1009.0303432797518,1018142.2336592538,1,1,2841
SVR,H1,391,2025-02-17,2025-02-18,84759.0,0.011597588456683,0.0002150209109988,85742.0,84777.22495739534,0.0,84759.0,964.775042604655,930790.882832814,1,1,2848
SVR,H2,391,2025-02-17,2025-02-19,84759.0,0.0113262308427424,0.0007918569577828,85719.0,84826.11700388472,0.0,84759.0,892.8829961152805,797240.0447518001,1,1,2847
SVR,H3,391,2025-02-17,2025-02-20,84759.0,0.0126358262839345,0.0013848457495167,85830.0,84876.37814088329,0.0,84759.0,953.6218591167126,909394.6501852152,1,1,2846
SVR,H4,391,2025-02-17,2025-02-21,84759.0,0.0122228907844594,0.0018123648994534,85795.0,84912.61423651277,0.0,84759.0,882.3857634872256,778604.6356049341,1,1,2845
SVR,H5,391,2025-02-17,2025-02-24,84759.0,0.0149954577095057,0.0021153217734813,86030.0,84938.2925581985,0.0,84759.0,1091.7074418014963,1191825.1384847674,1,1,2844
SVR,H6,391,2025-02-17,2025-02-25,84759.0,0.0097924704161209,0.0025280264583042,85589.0,84973.27299457941,0.0,84759.0,615.7270054205874,379119.74520420405,1,1,2843
SVR,H7,391,2025-02-17,2025-02-26,84759.0,0.0127184133838293,0.0029522847437932,85837.0,85009.23270259917,0.0,84759.0,827.767297400831,685198.6986462758,1,1,2842
SVR,H1,392,2025-02-18,2025-02-19,85742.0,-0.0002682466002659,0.000224631201883,85719.0,85761.26032851185,0.0,85742.0,42.26032851185301,1785.935365929736,-1,1,2849
SVR,H2,392,2025-02-18,2025-02-20,85742.0,0.0010263348184087,0.0007977097926017,85830.0,85810.39723303726,0.0,85742.0,19.602766962736496,384.26847259535344,1,1,2848
SVR,H3,392,2025-02-18,2025-02-21,85742.0,0.000618133470178,0.0013848448217634,85795.0,85860.73936470764,0.0,85742.0,65.73936470763874,4321.664072163938,1,1,2847
SVR,H4,392,2025-02-18,2025-02-24,85742.0,0.0033589139511558,0.0018123646062738,86030.0,85897.39576607115,0.0,85742.0,132.60423392885423,17583.882855858294,1,1,2846
SVR,H5,392,2025-02-18,2025-02-25,85742.0,-0.0017844230365514,0.002115321920471,85589.0,85923.37193210503,0.0,85742.0,334.3719321050303,111804.588979651,-1,1,2845
SVR,H6,392,2025-02-18,2025-02-26,85742.0,0.0011079750880549,0.0025280245818735,85837.0,85958.757883699,0.0,85742.0,121.75788369899963,14824.982242859123,1,1,2844
SVR,H7,392,2025-02-18,2025-02-27,85742.0,-0.0072193324158521,0.0029526959867986,85123.0,85995.1700593001,0.0,85742.0,872.1700593001005,760680.6123395409,-1,1,2843
SVR,H1,393,2025-02-19,2025-02-20,85719.0,0.0012949287789172,0.000224643600845,85830.0,85738.25622482084,0.0,85719.0,91.74377517915856,8416.920284123988,1,1,2850
SVR,H2,393,2025-02-19,2025-02-21,85719.0,0.000886617902682,0.0008015689885741,85795.0,85787.70969213158,0.0,85719.0,7.290307868417585,53.14858881631135,1,1,2849
SVR,H3,393,2025-02-19,2025-02-24,85719.0,0.0036281337859751,0.0013878126915852,86030.0,85837.96191610998,0.0,85719.0,192.0380838900164,36878.62566414899,1,1,2848
SVR,H4,393,2025-02-19,2025-02-25,85719.0,-0.0015165832545877,0.0018123646874338,85589.0,85874.35408864215,0.0,85719.0,285.35408864215424,81426.95590479442,-1,1,2847
SVR,H5,393,2025-02-19,2025-02-26,85719.0,0.001376590954164,0.0021153255924169,85837.0,85900.32359445638,0.0,85719.0,63.32359445637849,4009.877614875888,1,1,2846
SVR,H6,393,2025-02-19,2025-02-27,85719.0,-0.0069529509210326,0.0025280197952604,85123.0,85935.69932882993,0.0,85719.0,812.6993288299273,660480.1990806143,-1,1,2845
SVR,H7,393,2025-02-19,2025-02-28,85719.0,-0.01691573630117,0.0029526945124565,84269.0,85972.10202091325,0.0,85719.0,1703.1020209132548,2900556.493638813,-1,1,2844
SVR,H1,394,2025-02-20,2025-02-21,85830.0,-0.0004077828265175,0.0002246350933548,85795.0,85849.28043006264,0.0,85830.0,54.28043006264488,2946.365087785682,-1,1,2851
SVR,H2,394,2025-02-20,2025-02-24,85830.0,0.0023301875801002,0.0008015693238158,86030.0,85898.79869506312,0.0,85830.0,131.2013049368834,17213.78241714106,1,1,2850
SVR,H3,394,2025-02-20,2025-02-25,85830.0,-0.0028078760340207,0.0013878109537839,85589.0,85949.11581416328,0.0,85830.0,360.1158141632768,129683.39961047973,-1,1,2849
SVR,H4,394,2025-02-20,2025-02-26,85830.0,8.155656530339783e-05,0.0018155902142964,85837.0,85985.83210809306,0.0,85830.0,148.83210809306183,22150.996399424843,1,1,2848
SVR,H5,394,2025-02-20,2025-02-27,85830.0,-0.0082372130956541,0.0021153264636974,85123.0,86011.55847037915,0.0,85830.0,888.5584703791537,789536.1552825414,-1,1,2847
SVR,H6,394,2025-02-20,2025-02-28,85830.0,-0.018187114062682,0.0025280217812056,84269.0,86046.98010948088,0.0,85830.0,1777.980109480879,3161213.269709639,-1,1,2846
SVR,H7,394,2025-02-20,2025-03-03,85830.0,-0.0055341955027379,0.0029526897421402,85355.0,86083.42936056788,0.0,85830.0,728.4293605678831,530609.333337335,-1,1,2845
SVR,H1,395,2025-02-21,2025-02-24,85795.0,0.0027390873594033,0.0002244497890681,86030.0,85814.25666965311,0.0,85795.0,215.74333034688607,46545.18458916561,1,1,2852
SVR,H2,395,2025-02-21,2025-02-25,85795.0,-0.002401072323562,0.0008015697474733,85589.0,85863.77067648449,0.0,85795.0,274.7706764844916,75498.92465574513,-1,1,2851
SVR,H3,395,2025-02-21,2025-02-26,85795.0,0.0004895390174253,0.0013878093152198,85837.0,85914.06710019927,0.0,85795.0,77.06710019927414,5939.33793312496,1,1,2850
SVR,H4,395,2025-02-21,2025-02-27,85795.0,-0.0078326242788041,0.0018155892294673,85123.0,85950.76847794215,0.0,85795.0,827.7684779421543,685200.6530746707,-1,1,2849
SVR,H5,395,2025-02-21,2025-02-28,85795.0,-0.0177865842997844,0.0021175858169673,84269.0,85976.6782751667,0.0,85795.0,1707.6782751667051,2916165.0914763333,-1,1,2848
SVR,H6,395,2025-02-21,2025-03-03,85795.0,-0.005128503992074,0.0025280203801752,85355.0,86011.89150851713,0.0,85795.0,656.891508517132,431506.45396191336,-1,1,2847
SVR,H7,395,2025-02-21,2025-03-04,85795.0,0.0024710064689084,0.0029526905325322,86007.0,86048.32608423861,0.0,85795.0,41.32608423860802,1707.845238496526,1,1,2846
SVR,H1,396,2025-02-24,2025-02-25,86030.0,-0.0051261187957689,0.0002244571735881,85589.0,86049.31005064379,0.0,86030.0,460.3100506437913,211885.3427236897,-1,1,2853
SVR,H2,396,2025-02-24,2025-02-26,86030.0,-0.0022434034639079,0.0008021174867189,85837.0,86099.00616738244,0.0,86030.0,262.00616738243843,68647.23174643435,-1,1,2852
SVR,H3,396,2025-02-24,2025-02-27,86030.0,-0.0105428338951528,0.0013878079434237,85123.0,86149.39311737275,0.0,86030.0,1026.393117372747,1053482.8313901457,-1,1,2851
SVR,H4,396,2025-02-24,2025-02-28,86030.0,-0.0204696036266418,0.0018155872809712,84269.0,86186.19497378197,0.0,86030.0,1917.1949737819668,3675636.5674948366,-1,1,2850
SVR,H5,396,2025-02-24,2025-03-03,86030.0,-0.0078461001976054,0.0021175857502401,85355.0,86212.17590209316,0.0,86030.0,857.175902093164,734750.5271292295,-1,1,2849
SVR,H6,396,2025-02-24,2025-03-04,86030.0,-0.0002673485993258,0.0025318461788795,86007.0,86247.81472676901,0.0,86030.0,240.8147267690074,57991.73262883168,-1,1,2848
SVR,H7,396,2025-02-24,2025-03-05,86030.0,-0.0021155410903173,0.0029526897160559,85848.0,86284.0198962723,0.0,86030.0,436.0198962722934,190113.3499453015,-1,1,2847
SVR,H1,397,2025-02-25,2025-02-26,85589.0,0.002897568612789,0.0002358431991451,85837.0,85609.18558357164,0.0,85589.0,227.81441642835853,51899.40833259355,1,1,2854
SVR,H2,397,2025-02-25,2025-02-27,85589.0,-0.0054446248933858,0.000800955121938,85123.0,85657.55294793156,0.0,85589.0,534.5529479315592,285746.8541423202,-1,1,2853
SVR,H3,397,2025-02-25,2025-02-28,85589.0,-0.0154225426164577,0.001387800571939,84269.0,85707.78046315169,0.0,85589.0,1438.780463151692,2070089.2211469973,-1,1,2852
SVR,H4,397,2025-02-25,2025-03-03,85589.0,-0.0027339961910993,0.00181558606353,85355.0,85744.39419559148,0.0,85589.0,389.3941955914779,151627.83956033416,-1,1,2851
SVR,H5,397,2025-02-25,2025-03-04,85589.0,0.0048838051618782,0.002117587160774,86007.0,85770.2421675035,0.0,85589.0,236.75783249649976,56054.27124844064,1,1,2850
SVR,H6,397,2025-02-25,2025-03-05,85589.0,0.0030260898012595,0.0025318464525756,85848.0,85805.6982060295,0.0,85589.0,42.30179397050233,1789.4417731228273,1,1,2849
SVR,H7,397,2025-02-25,2025-03-06,85589.0,0.0048253864398462,0.0029526812830272,86002.0,85841.71703833301,0.0,85589.0,160.28296166699147,25690.62780074225,1,1,2848
SVR,H1,398,2025-02-26,2025-02-27,85837.0,-0.0083180912660041,0.0002268804936509,85123.0,85856.47474093351,0.0,85837.0,733.4747409335105,537985.1955874803,-1,1,2855
SVR,H2,398,2025-02-26,2025-02-28,85837.0,-0.0182671808194601,0.0007998516414467,84269.0,85905.65686534686,0.0,85837.0,1636.6568653468566,2678645.6948869987,-1,1,2854
SVR,H3,398,2025-02-26,2025-03-03,85837.0,-0.0056152941039412,0.0013877989374551,85355.0,85956.12449739434,0.0,85837.0,601.1244973943394,361350.6613675972,-1,1,2853
SVR,H4,398,2025-02-26,2025-03-04,85837.0,0.0019804979204771,0.0018155845430852,86007.0,85992.8443304248,0.0,85837.0,14.155669575193317,200.38298112205368,1,1,2852
SVR,H5,398,2025-02-26,2025-03-05,85837.0,0.0001281498654426,0.0021175862080642,85848.0,86018.76724734162,0.0,85837.0,170.7672473416169,29161.45276463296,1,1,2851
SVR,H6,398,2025-02-26,2025-03-06,85837.0,0.0019222479816396,0.0025318434156544,86002.0,86054.32584326953,0.0,85837.0,52.32584326952929,2737.993873867343,1,1,2850
SVR,H7,398,2025-02-26,2025-03-07,85837.0,0.0006873492782832,0.0029526784770052,85896.0,86090.4490624307,0.0,85837.0,194.44906243070727,37810.437880181096,1,1,2849
SVR,H1,399,2025-02-27,2025-02-28,85123.0,-0.0100325411463412,0.0002251600013907,84269.0,85142.16629479839,0.0,85123.0,873.1662947983859,762419.3783719419,-1,1,2856
SVR,H2,399,2025-02-27,2025-03-03,85123.0,0.0027254678524017,0.0007975727776916,85355.0,85190.89178755545,0.0,85123.0,164.10821244455292,26931.505391746512,1,1,2855
SVR,H3,399,2025-02-27,2025-03-04,85123.0,0.0103849723341518,0.0013877981343069,86007.0,85241.13354058661,0.0,85123.0,765.8664594133879,586551.4336543985,1,1,2854
SVR,H4,399,2025-02-27,2025-03-05,85123.0,0.0085170870387556,0.0018155839598802,85848.0,85277.54795341687,0.0,85123.0,570.4520465831301,325415.5374508817,1,1,2853
SVR,H5,399,2025-02-27,2025-03-06,85123.0,0.01032623380285,0.0021175896463229,86002.0,85303.25558346395,0.0,85123.0,698.7444165360503,488243.7596403053,1,1,2852
SVR,H6,399,2025-02-27,2025-03-07,85123.0,0.0090809769392525,0.0025318420979232,85896.0,85338.51799490151,0.0,85123.0,557.4820050984854,310786.1860086277,1,1,2851
SVR,H7,399,2025-02-27,2025-03-10,85123.0,0.0039589770097387,0.0029526720044895,85460.0,85374.34029903816,0.0,85123.0,85.65970096184174,7337.58436887215,1,1,2850
SVR,H1,400,2025-02-28,2025-03-03,84269.0,0.0128873013801042,0.0002195873121238,85355.0,84287.50440320536,0.0,84269.0,1067.4955967946444,1139546.849175954,1,1,2857
SVR,H2,400,2025-02-28,2025-03-04,84269.0,0.0206244289121741,0.0007905859552817,86007.0,84335.62188786564,0.0,84269.0,1671.3781121343636,2793504.793721829,1,1,2856
SVR,H3,400,2025-02-28,2025-03-05,84269.0,0.0187376140692305,0.0013827196409997,85848.0,84385.5204014274,0.0,84269.0,1462.479598572594,2138846.576241056,1,1,2855
SVR,H4,400,2025-02-28,2025-03-06,84269.0,0.0205650951120814,0.0018062640169033,86002.0,84421.21206244043,0.0,84269.0,1580.7879375595658,2498890.5035338257,1,1,2854
SVR,H5,400,2025-02-28,2025-03-07,84269.0,0.0193072185501193,0.0021113092842484,85896.0,84446.91792207432,0.0,84269.0,1449.0820779256755,2099838.8685653936,1,1,2853
SVR,H6,400,2025-02-28,2025-03-10,84269.0,0.0141333111820478,0.0025256347631007,85460.0,84481.83271585175,0.0,84269.0,978.1672841482504,956811.2357779642,1,1,2852
SVR,H7,400,2025-02-28,2025-03-11,84269.0,0.0218823054741363,0.0029486345796381,86113.0,84517.47848739152,0.0,84269.0,1595.5215126084804,2545688.897196453,1,1,2851
SVR,H1,401,2025-03-03,2025-03-04,85355.0,0.0076386854900123,0.0002255737501383,86007.0,85374.25384744306,0.0,85355.0,632.7461525569379,400367.6935756077,1,1,2858
SVR,H2,401,2025-03-03,2025-03-05,85355.0,0.0057758772186748,0.0007912817558417,85848.0,85422.53985426987,0.0,85355.0,425.4601457301324,181016.33560470547,1,1,2857
SVR,H3,401,2025-03-03,2025-03-06,85355.0,0.0075801066135552,0.001382719306408,86002.0,85473.02200639846,0.0,85355.0,528.9779936015402,279817.71771471115,1,1,2856
SVR,H4,401,2025-03-03,2025-03-07,85355.0,0.0063382344326636,0.001806265352959,85896.0,85509.17377920182,0.0,85355.0,386.8262207981752,149634.52509699858,1,1,2855
SVR,H5,401,2025-03-03,2025-03-10,85355.0,0.0012301564056,0.0021113128128796,85460.0,85535.21110514333,0.0,85355.0,75.21110514333122,5656.710336881224,1,1,2854
SVR,H6,401,2025-03-03,2025-03-11,85355.0,0.0088805576709039,0.0025256356476234,86113.0,85570.57563070291,0.0,85355.0,542.4243692970922,294224.19640734827,1,1,2853
SVR,H7,401,2025-03-03,2025-03-12,85355.0,0.0153008025306073,0.0029486365713243,86661.0,85606.68087454539,0.0,85355.0,1054.319125454611,1111588.8182993757,1,1,2852
SVR,H1,402,2025-03-04,2025-03-05,86007.0,-0.0018486867348006,0.0002255790564745,85848.0,86026.4013779102,0.0,86007.0,178.40137791019515,31827.051640256268,-1,1,2859
SVR,H2,402,2025-03-04,2025-03-06,86007.0,-5.813480298111351e-05,0.0007985460105905,86002.0,86075.68054673287,0.0,86007.0,73.68054673286679,5428.822966854166,-1,1,2858
SVR,H3,402,2025-03-04,2025-03-07,86007.0,-0.0012905926261815,0.0013827190148704,85896.0,86125.92351431197,0.0,86007.0,229.92351431197312,52864.82243356811,-1,1,2857
SVR,H4,402,2025-03-04,2025-03-10,86007.0,-0.0063599474461381,0.001806266576262,85460.0,86162.35156942457,0.0,86007.0,702.3515694245725,493297.7270731601,-1,1,2856
SVR,H5,402,2025-03-04,2025-03-11,86007.0,0.0012324578232003,0.0021113189445512,86113.0,86188.58820846402,0.0,86007.0,75.58820846401795,5713.577258799835,1,1,2855
SVR,H6,402,2025-03-04,2025-03-12,86007.0,0.0076040322299346,0.0025256369481718,86661.0,86224.22245700142,0.0,86007.0,436.7775429985777,190774.6220678744,1,1,2854
SVR,H7,402,2025-03-04,2025-03-13,86007.0,0.0196146825258409,0.0029486369398897,87694.0,86260.6034172891,0.0,86007.0,1433.396582710906,2054625.7633273029,1,1,2853
SVR,H1,403,2025-03-05,2025-03-06,85848.0,0.0017938682322244,0.0002255685948601,86002.0,85867.36461273156,0.0,85848.0,134.63538726844126,18126.68750492316,1,1,2860
SVR,H2,403,2025-03-05,2025-03-07,85848.0,0.0005591277606933,0.0008003572689046,85896.0,85916.70907082093,0.0,85848.0,20.7090708209289,428.8656142662488,1,1,2859
SVR,H3,403,2025-03-05,2025-03-10,85848.0,-0.0045196160656043,0.0013884492012632,85460.0,85967.19558703004,0.0,85848.0,507.1955870300444,257247.3635027513,-1,1,2858
SVR,H4,403,2025-03-05,2025-03-11,85848.0,0.0030868511788277,0.0018062685873941,86113.0,86003.0645456906,0.0,85848.0,109.93545430939412,12085.804114212882,1,1,2857
SVR,H5,403,2025-03-05,2025-03-12,85848.0,0.009470226446743,0.0021113228921754,86661.0,86029.25284764747,0.0,85848.0,631.747152352531,399104.464505532,1,1,2856
SVR,H6,403,2025-03-05,2025-03-13,85848.0,0.0215031217966639,0.0025256438114157,87694.0,86064.82146992243,0.0,85848.0,1629.1785300775664,2654222.6828657,1,1,2855
SVR,H7,403,2025-03-05,2025-03-14,85848.0,0.024182275649986,0.0029486241739836,87924.0,86101.13348808815,0.0,85848.0,1822.8665119118525,3322842.320249683,1,1,2854
SVR,H1,404,2025-03-06,2025-03-07,86002.0,-0.0012325294760586,0.0002255306382829,85896.0,86021.39608595362,0.0,86002.0,125.39608595361642,15724.178372486758,-1,1,2861
SVR,H2,404,2025-03-06,2025-03-10,86002.0,-0.0063021790190925,0.000800057736059,85460.0,86070.80656541655,0.0,86002.0,610.8065654165548,373084.66035596805,-1,1,2860
SVR,H3,404,2025-03-06,2025-03-11,86002.0,0.0012906676588917,0.0013884481158313,86113.0,86121.40931485772,0.0,86002.0,8.409314857723075,70.71657637632207,1,1,2859
SVR,H4,404,2025-03-06,2025-03-12,86002.0,0.0076626124973837,0.0018121776992375,86661.0,86157.85090648984,0.0,86002.0,503.149093510161,253159.0103000968,1,1,2858
SVR,H5,404,2025-03-06,2025-03-13,86002.0,0.0196739610706728,0.002111333693228,87694.0,86183.578920285,0.0,86002.0,1510.4210797150008,2281371.838047429,1,1,2857
SVR,H6,404,2025-03-06,2025-03-14,86002.0,0.0223483174809888,0.002525647828753,87924.0,86219.21076456842,0.0,86002.0,1704.7892354315843,2906306.3372434066,1,1,2856
SVR,H7,404,2025-03-06,2025-03-17,86002.0,0.0229529545824516,0.0029486428960832,87976.0,86255.58918634895,0.0,86002.0,1720.4108136510476,2959813.36772746,1,1,2855
SVR,H1,405,2025-03-07,2025-03-10,85896.0,-0.005075905746484,0.0002254943041799,85460.0,85915.36905875184,0.0,85896.0,455.36905875183584,207360.9796685329,-1,1,2862
SVR,H2,405,2025-03-07,2025-03-11,85896.0,0.002526310887585,0.0008000580522832,86113.0,85964.7217864589,0.0,85896.0,148.2782135410962,21986.42861093892,1,1,2861
SVR,H3,405,2025-03-07,2025-03-12,85896.0,0.0089061190276613,0.0013884462378846,86661.0,86015.26197804934,0.0,85896.0,645.7380219506595,416977.5929927504,1,1,2860
SVR,H4,405,2025-03-07,2025-03-13,85896.0,0.0209322902114184,0.0018121775573313,87694.0,86051.65880346454,0.0,85896.0,1642.3411965354608,2697284.605837529,1,1,2859
SVR,H5,405,2025-03-07,2025-03-14,85896.0,0.0236099469125454,0.002115273540918,87924.0,86077.6935360707,0.0,85896.0,1846.306463929301,3408847.558747118,1,1,2858
SVR,H6,405,2025-03-07,2025-03-17,85896.0,0.0242153301667131,0.002525655400891,87976.0,86112.94369631493,0.0,85896.0,1863.0563036850651,3470978.7907006587,1,1,2857
SVR,H7,405,2025-03-07,2025-03-18,85896.0,0.0321784483561515,0.0029486455568778,88660.0,86149.27685875358,0.0,85896.0,2510.723141246417,6303730.691990276,1,1,2856
SVR,H1,406,2025-03-10,2025-03-11,85460.0,0.0076410016381933,0.0002243470484934,86113.0,85479.17269876426,0.0,85460.0,633.8273012357386,401737.0477917797,1,1,2863
SVR,H2,406,2025-03-10,2025-03-12,85460.0,0.0140533582962789,0.0007974692497539,86661.0,85528.15172208396,0.0,85460.0,1132.8482779160404,1283345.2207773384,1,1,2862
SVR,H3,406,2025-03-10,2025-03-13,85460.0,0.0261408846243855,0.0013884447068262,87694.0,85578.65648464537,0.0,85460.0,2115.3435153546307,4474678.187952886,1,1,2861
SVR,H4,406,2025-03-10,2025-03-14,85460.0,0.0288322021998594,0.0018121743303237,87924.0,85614.86841826946,0.0,85460.0,2309.131581730544,5332088.661745404,1,1,2860
SVR,H5,406,2025-03-10,2025-03-17,85460.0,0.0294406739995318,0.0021152747118823,87976.0,85640.77137687747,0.0,85460.0,2335.22862312253,5453292.722250747,1,1,2859
SVR,H6,406,2025-03-10,2025-03-18,85460.0,0.037444418441376,0.002525654666781,88660.0,85675.84244782312,0.0,85460.0,2984.1575521768827,8905196.296214325,1,1,2858
SVR,H7,406,2025-03-10,2025-03-19,85460.0,0.0363210858881348,0.0029486516140999,88564.0,85711.99176694098,0.0,85460.0,2852.008233059023,8133950.96143645,1,1,2857
SVR,H1,407,2025-03-11,2025-03-12,86113.0,0.006363731376215,0.0001762325147606,86661.0,86128.17591054359,0.0,86113.0,532.8240894564078,283901.51030505006,1,1,2864
SVR,H2,407,2025-03-11,2025-03-13,86113.0,0.0183595972733501,0.0007980883910899,87694.0,86181.72578562192,0.0,86113.0,1512.274214378078,2286973.2994728326,1,1,2863
SVR,H3,407,2025-03-11,2025-03-14,86113.0,0.0210305064276008,0.001388440805064,87924.0,86232.56280304647,0.0,86113.0,1691.4371969535275,2860959.791238007,1,1,2862
SVR,H4,407,2025-03-11,2025-03-17,86113.0,0.0216343641494316,0.0018121733871132,87976.0,86269.05168688449,0.0,86113.0,1706.948313115514,2913672.5436478984,1,1,2861
SVR,H5,407,2025-03-11,2025-03-18,86113.0,0.0295774157212034,0.0021152733069201,88660.0,86295.1525302788,0.0,86113.0,2364.847469721193,5592503.55504673,1,1,2860
SVR,H6,407,2025-03-11,2025-03-19,86113.0,0.0284626014655162,0.0025256516813357,88564.0,86330.49144323486,0.0,86113.0,2233.5085567651404,4988560.473143101,1,1,2859
SVR,H7,407,2025-03-11,2025-03-20,86113.0,0.029414838642249,0.002952024549741,88646.0,86367.20769005184,0.0,86113.0,2278.792309948156,5192894.391878853,1,1,2858
SVR,H1,408,2025-03-12,2025-03-13,86661.0,0.01192001015451,0.0002216460534494,87694.0,86680.20806863798,0.0,86661.0,1013.7919313620224,1027774.0800947392,1,1,2865
SVR,H2,408,2025-03-12,2025-03-14,86661.0,0.0145740298404126,0.0008029298793752,87924.0,86730.58270627653,0.0,86661.0,1193.417293723469,1424244.8369582484,1,1,2864
SVR,H3,408,2025-03-12,2025-03-17,86661.0,0.0151740690737471,0.0013884393504497,87976.0,86781.32354254932,0.0,86661.0,1194.6764574506817,1427251.83798691,1,1,2863
SVR,H4,408,2025-03-12,2025-03-18,86661.0,0.0230668928353008,0.001812163075313,88660.0,86818.0438642697,0.0,86661.0,1841.9561357303028,3392802.405954509,1,1,2862
SVR,H5,408,2025-03-12,2025-03-19,86661.0,0.0219591280968372,0.0021152707045819,88564.0,86844.31147452978,0.0,86661.0,1719.688525470221,2957328.624633943,1,1,2861
SVR,H6,408,2025-03-12,2025-03-20,86661.0,0.0229053438109414,0.0025256450416446,88646.0,86879.87492495397,0.0,86661.0,1766.1250750460313,3119197.7807063498,1,1,2860
SVR,H7,408,2025-03-12,2025-03-21,86661.0,0.0129700788128455,0.002952022557319,87785.0,86916.82522683982,0.0,86661.0,868.174773160179,753727.4367517283,1,1,2859
SVR,H1,409,2025-03-13,2025-03-14,87694.0,0.0026227564029466,0.0002437915506247,87924.0,87715.37905624049,0.0,87694.0,208.62094375950983,43522.69817510856,1,1,2866
SVR,H2,409,2025-03-13,2025-03-17,87694.0,0.0032157274157866,0.0008093445338249,87976.0,87764.97465954923,0.0,87694.0,211.02534045076757,44531.69431236235,1,1,2865
SVR,H3,409,2025-03-13,2025-03-18,87694.0,0.0110155768923758,0.0014007129036944,88660.0,87816.8341173766,0.0,87694.0,843.1658826234052,710928.705620106,1,1,2864
SVR,H4,409,2025-03-13,2025-03-19,87694.0,0.0099208611763632,0.0018184150950059,88564.0,87853.46409334146,0.0,87694.0,710.535906658537,504861.2746510692,1,1,2863
SVR,H5,409,2025-03-13,2025-03-20,87694.0,0.0108559308504572,0.0021195033555669,88646.0,87879.86772726309,0.0,87694.0,766.1322727369115,586958.6593290254,1,1,2862
SVR,H6,409,2025-03-13,2025-03-21,87694.0,0.0010376992724701,0.0025305460442814,87785.0,87915.91370480722,0.0,87694.0,130.91370480721525,17138.398106350694,1,1,2861
SVR,H7,409,2025-03-13,2025-03-24,87694.0,-0.0043446529979246,0.0029541348923659,87313.0,87953.05990525112,0.0,87694.0,640.0599052511243,409676.6823100782,-1,1,2860
SVR,H1,410,2025-03-14,2025-03-17,87924.0,0.0005914198626086,0.0002390462673742,87976.0,87945.01790401261,0.0,87924.0,30.98209598739049,959.890271771878,1,1,2867
SVR,H2,410,2025-03-14,2025-03-18,87924.0,0.008370865747691,0.0008143686169212,88660.0,87995.60254627418,0.0,87924.0,664.3974537258182,441423.9765173507,1,1,2866
SVR,H3,410,2025-03-14,2025-03-19,87924.0,0.0072790136936444,0.0014091760803071,88564.0,88047.90039768493,0.0,87924.0,516.0996023150656,266358.79950976884,1,1,2865
SVR,H4,410,2025-03-14,2025-03-20,87924.0,0.0082116373231426,0.0018322511686459,88646.0,88085.09885175203,0.0,87924.0,560.9011482479691,314610.0981058902,1,1,2864
SVR,H5,410,2025-03-14,2025-03-21,87924.0,-0.0015809107865883,0.0021271436370228,87785.0,88111.0269771416,0.0,87924.0,326.02697714160604,106293.5898240933,-1,1,2863
SVR,H6,410,2025-03-14,2025-03-24,87924.0,-0.0069491833856512,0.0025360361906141,87313.0,88146.97844602355,0.0,87924.0,833.9784460235533,695520.0484318607,-1,1,2862
SVR,H7,410,2025-03-14,2025-03-25,87924.0,-0.0040716982848824,0.0029601682074647,87566.0,88184.26982947312,0.0,87924.0,618.2698294731235,382257.5820367253,-1,1,2861
SVR,H1,411,2025-03-17,2025-03-18,87976.0,0.0077748476857324,0.0002408517208301,88660.0,87997.18917099175,0.0,87976.0,662.8108290082455,439318.19505059766,1,1,2868
SVR,H2,411,2025-03-17,2025-03-19,87976.0,0.006683640992998,0.0008152330668824,88564.0,88047.72094429206,0.0,87976.0,516.2790557079425,266544.06336268474,1,1,2867
SVR,H3,411,2025-03-17,2025-03-20,87976.0,0.0076157133763754,0.0014105483946248,88646.0,88100.09440556551,0.0,87976.0,545.9055944344873,298012.91803487093,1,1,2866
SVR,H4,411,2025-03-17,2025-03-21,87976.0,-0.002171046649086,0.0018385458737318,87785.0,88137.74791178743,0.0,87976.0,352.7479117874318,124431.08927039376,-1,1,2865
SVR,H5,411,2025-03-17,2025-03-24,87976.0,-0.0075361462216968,0.0021394178125679,87313.0,88164.21742147848,0.0,87976.0,851.2174214784754,724571.0986284645,-1,1,2864
SVR,H6,411,2025-03-17,2025-03-25,87976.0,-0.0046603619168864,0.0025429622914494,87566.0,88199.71965055256,0.0,87976.0,633.7196505525644,401600.5954964644,-1,1,2863
SVR,H7,411,2025-03-17,2025-03-26,87976.0,-0.0053423660998453,0.002965276265551,87506.0,88236.87314473811,0.0,87976.0,730.8731447381142,534175.5536993805,-1,1,2862
SVR,H1,412,2025-03-18,2025-03-19,88660.0,-0.0010827881795624,0.0002311700590466,88564.0,88680.49553743508,0.0,88660.0,116.49553743508297,13571.210242288813,-1,1,2869
SVR,H2,412,2025-03-18,2025-03-20,88660.0,-0.0001579066095195,0.0008179823071359,88646.0,88732.52231135067,0.0,88660.0,86.5223113506654,7486.110361461483,-1,1,2868
SVR,H3,412,2025-03-18,2025-03-21,88660.0,-0.0098691630949695,0.0014105471603068,87785.0,88785.05911123281,0.0,88660.0,1000.0591112328112,1000118.22595976,-1,1,2867
SVR,H4,412,2025-03-18,2025-03-24,88660.0,-0.0151928716444845,0.0018462075971628,87313.0,88823.68476556445,0.0,88660.0,1510.6847655644524,2282168.4609085247,-1,1,2866
SVR,H5,412,2025-03-18,2025-03-25,88660.0,-0.0123392736295961,0.0021521508196345,87566.0,88850.8096916688,0.0,88660.0,1284.8096916687937,1650735.9438060606,-1,1,2865
SVR,H6,412,2025-03-18,2025-03-26,88660.0,-0.0130160162418226,0.0025592259485086,87506.0,88886.90097259477,0.0,88660.0,1380.900972594769,1906887.4961131788,-1,1,2864
SVR,H7,412,2025-03-18,2025-03-27,88660.0,-0.0050417324610873,0.0029761907775586,88213.0,88923.86907433836,0.0,88660.0,710.8690743383631,505334.8408506813,-1,1,2863
SVR,H1,413,2025-03-19,2025-03-20,88564.0,0.0009258841064088,0.0002415550166056,88646.0,88585.39307849067,0.0,88564.0,60.60692150933028,3673.198934838121,1,1,2870
SVR,H2,413,2025-03-19,2025-03-21,88564.0,-0.0087958990108847,0.000820112665608,87785.0,88636.6324581169,0.0,88564.0,851.6324581169029,725277.8437182383,-1,1,2869
SVR,H3,413,2025-03-19,2025-03-24,88564.0,-0.0141253782575312,0.0014105460702293,87313.0,88688.92360216379,0.0,88564.0,1375.9236021637917,1893165.758991384,-1,1,2868
SVR,H4,413,2025-03-19,2025-03-25,88564.0,-0.011268687051172,0.0018462081159357,87566.0,88727.50757557974,0.0,88564.0,1161.5075755797443,1349099.848129135,-1,1,2867
SVR,H5,413,2025-03-19,2025-03-26,88564.0,-0.0119461632265931,0.0021578213721725,87506.0,88755.10529200509,0.0,88564.0,1249.105292005086,1560264.0305151113,-1,1,2866
SVR,H6,413,2025-03-19,2025-03-27,88564.0,-0.0039632356262138,0.0025693749141514,88213.0,88791.5541198969,0.0,88564.0,578.5541198969004,334724.86964967696,-1,1,2865
SVR,H7,413,2025-03-19,2025-03-28,88564.0,0.0022017975701187,0.0029903277957988,88759.0,88828.83539090712,0.0,88564.0,69.83539090711565,4876.981823149652,1,1,2864
SVR,H1,414,2025-03-20,2025-03-21,88646.0,-0.0097127901992193,0.0002263090532339,87785.0,88666.06139233298,0.0,88646.0,881.0613923329802,776269.1770597296,-1,1,2871
SVR,H2,414,2025-03-20,2025-03-24,88646.0,-0.0150373395302664,0.0008197703585967,87313.0,88718.66936320817,0.0,88646.0,1405.6693632081733,1975906.3586620716,-1,1,2870
SVR,H3,414,2025-03-20,2025-03-25,88646.0,-0.0121832908422263,0.0014105422844207,87566.0,88771.03893134475,0.0,88646.0,1205.0389313447522,1452118.8260565023,-1,1,2869
SVR,H4,414,2025-03-20,2025-03-26,88646.0,-0.0128601403334611,0.0018462242830351,87506.0,88809.66039779394,0.0,88646.0,1303.6603977939376,1699530.4327762476,-1,1,2868
SVR,H5,414,2025-03-20,2025-03-27,88646.0,-0.0048845971617444,0.0021578556806828,88213.0,88837.28527466982,0.0,88646.0,624.285274669819,389732.1041695714,-1,1,2867
SVR,H6,414,2025-03-20,2025-03-28,88646.0,0.0012747332084921,0.0025752970021087,88759.0,88874.28977804893,0.0,88646.0,115.28977804892928,13291.732922571378,1,1,2866
SVR,H7,414,2025-03-20,2025-03-31,88646.0,0.0168309906820387,0.0029996432937671,90138.0,88911.90637941928,0.0,88646.0,1226.093620580723,1503305.566428746,1,1,2865
SVR,H1,415,2025-03-21,2025-03-24,87785.0,-0.0053767727971749,0.0002279681981476,87313.0,87805.01218827438,0.0,87785.0,492.0121882743842,242075.9934105481,-1,1,2872
SVR,H2,415,2025-03-21,2025-03-25,87785.0,-0.0024947314461468,0.0008162722801414,87566.0,87856.65646211222,0.0,87785.0,290.6564621122234,84481.17896759434,-1,1,2871
SVR,H3,415,2025-03-21,2025-03-26,87785.0,-0.0031782195135843,0.0014105413821737,87506.0,87908.82437523412,0.0,87785.0,402.8243752341223,162267.47728276093,-1,1,2870
SVR,H4,415,2025-03-21,2025-03-27,87785.0,0.0048755482143874,0.001846210081085,88213.0,87947.06955196804,0.0,87785.0,265.9304480319552,70719.0031904764,1,1,2869
SVR,H5,415,2025-03-21,2025-03-28,87785.0,0.0110952896280684,0.0021578308761339,88759.0,87974.42518346141,0.0,87785.0,784.5748165385885,615557.6427465598,1,1,2868
SVR,H6,415,2025-03-21,2025-03-31,87785.0,0.0268041237113401,0.0025752734563307,90138.0,88011.07038036399,0.0,87785.0,2126.9296196360083,4523829.606884975,1,1,2867
SVR,H7,415,2025-03-21,2025-04-01,87785.0,0.0298912114825995,0.0029996153772818,90409.0,88048.32123589468,0.0,87785.0,2360.678764105324,5572804.227297837,1,1,2866
SVR,H1,416,2025-03-24,2025-03-25,87313.0,0.0028976212018829,0.0002330243553643,87566.0,87333.34605553992,0.0,87313.0,232.6539444600785,54127.85787283329,1,1,2873
SVR,H2,416,2025-03-24,2025-03-26,87313.0,0.0022104383081558,0.0008104967806985,87506.0,87383.76690541314,0.0,87313.0,122.2330945868598,14940.929412280217,1,1,2872
SVR,H3,416,2025-03-24,2025-03-27,87313.0,0.0103077434059075,0.0014070308598137,88213.0,87435.85208546292,0.0,87313.0,777.1479145370831,603958.8810693375,1,1,2871
SVR,H4,416,2025-03-24,2025-03-28,87313.0,0.0165611077388248,0.0018419876653333,88759.0,87473.82946902324,0.0,87313.0,1285.1705309767567,1651663.293691079,1,1,2870
SVR,H5,416,2025-03-24,2025-03-31,87313.0,0.0323548612463207,0.0021578350675036,90138.0,87501.40705324894,0.0,87313.0,2636.5929467510578,6951622.366857426,1,1,2869
SVR,H6,416,2025-03-24,2025-04-01,87313.0,0.0354586373163217,0.0025752783749371,90409.0,87537.85528075088,0.0,87313.0,2871.1447192491178,8243471.998872096,1,1,2868
SVR,H7,416,2025-03-24,2025-04-02,87313.0,0.0349432501460262,0.0029996192262708,90364.0,87574.9057535034,0.0,87313.0,2789.0942464966065,7779046.715840473,1,1,2867
SVR,H1,417,2025-03-25,2025-03-26,87566.0,-0.0006851974510654,0.000229089982082,87506.0,87586.060493371,0.0,87566.0,80.0604933709983,6409.682598807663,-1,1,2874
SVR,H2,417,2025-03-25,2025-03-27,87566.0,0.0073887125139895,0.0008093050313518,88213.0,87636.86760437535,0.0,87566.0,576.1323956246488,331928.5372881968,1,1,2873
SVR,H3,417,2025-03-25,2025-03-28,87566.0,0.0136240093186852,0.0014058708103122,88759.0,87689.1064833758,0.0,87566.0,1069.8935166242009,1144672.136914499,1,1,2872
SVR,H4,417,2025-03-25,2025-03-31,87566.0,0.0293721307356735,0.0018419886527149,90138.0,87727.29557836364,0.0,87566.0,2410.704421636357,5811495.808497084,1,1,2871
SVR,H5,417,2025-03-25,2025-04-01,87566.0,0.0324669392229861,0.0021562319450178,90409.0,87754.81260649743,0.0,87566.0,2654.187393502565,7044710.719827941,1,1,2870
SVR,H6,417,2025-03-25,2025-04-02,87566.0,0.0319530411346868,0.0025752818022866,90364.0,87791.50712629902,0.0,87566.0,2572.492873700976,6617719.585242305,1,1,2869
SVR,H7,417,2025-03-25,2025-04-03,87566.0,0.0250896466665144,0.0029996237892839,89763.0,87828.66505673244,0.0,87566.0,1934.3349432675604,3741651.672745917,1,1,2868
SVR,H1,418,2025-03-26,2025-03-27,87506.0,0.008079445980847,0.0002270839819963,88213.0,87525.87121092856,0.0,87506.0,687.1287890714448,472145.9727707901,1,1,2875
SVR,H2,418,2025-03-26,2025-03-28,87506.0,0.0143190181244714,0.0008098020890672,88759.0,87576.86254160592,0.0,87506.0,1182.1374583940778,1397448.97053841,1,1,2874
SVR,H3,418,2025-03-26,2025-03-31,87506.0,0.0300779375128563,0.0014058701171251,90138.0,87629.02207046915,0.0,87506.0,2508.9779295308545,6294970.250872933,1,1,2873
SVR,H4,418,2025-03-26,2025-04-01,87506.0,0.0331748680090508,0.0018405820786827,90409.0,87667.06197537722,0.0,87506.0,2741.938024622781,7518224.1308722785,1,1,2872
SVR,H5,418,2025-03-26,2025-04-02,87506.0,0.0326606175576531,0.0021549715566063,90364.0,87694.57294103241,0.0,87506.0,2669.427058967587,7125840.823148342,1,1,2871
SVR,H6,418,2025-03-26,2025-04-03,87506.0,0.0257925170845427,0.0025730239812355,89763.0,87731.15503650201,0.0,87506.0,2031.844963497992,4128393.955692155,1,1,2870
SVR,H7,418,2025-03-26,2025-04-04,87506.0,0.0049596599090349,0.0029996265958172,87940.0,87768.48532489358,0.0,87506.0,171.5146751064167,29417.283776859676,1,1,2869
SVR,H1,419,2025-03-27,2025-03-28,88213.0,0.0061895638964777,0.0002277791352768,88759.0,88233.09308086017,0.0,88213.0,525.9069191398303,276578.087599148,1,1,2876
SVR,H2,419,2025-03-27,2025-03-31,88213.0,0.0218221804042488,0.0008121879443449,90138.0,88284.6455351345,0.0,88213.0,1853.3544648654931,3434922.772436859,1,1,2875
SVR,H3,419,2025-03-27,2025-04-01,88213.0,0.0248942899572626,0.0014058698082119,90409.0,88337.0159933918,0.0,88213.0,2071.984006608196,4293117.723640153,1,1,2874
SVR,H4,419,2025-03-27,2025-04-02,88213.0,0.0243841610646957,0.0018405832673766,90364.0,88375.3633717651,0.0,88213.0,1988.6366282349045,3954675.63915749,1,1,2873
SVR,H5,419,2025-03-27,2025-04-03,88213.0,0.0175711062995249,0.002154975303693,89763.0,88403.09683646468,0.0,88213.0,1359.9031635353167,1849336.6141933624,1,1,2872
SVR,H6,419,2025-03-27,2025-04-04,88213.0,-0.0030947819482388,0.0025730275058169,87940.0,88439.97447537063,0.0,88213.0,499.9744753706327,249974.47602213945,-1,1,2871
SVR,H7,419,2025-03-27,2025-04-07,88213.0,-0.0158026594719599,0.0029996289414216,86819.0,88477.60626780962,0.0,88213.0,1658.6062678096205,2750974.7516173585,-1,1,2870
SVR,H1,420,2025-03-28,2025-03-31,88759.0,0.0155364526414223,0.0002349024461807,90138.0,88779.84970622056,0.0,88759.0,1358.150293779443,1844572.2204931877,1,1,2877
SVR,H2,420,2025-03-28,2025-04-01,88759.0,0.0185896641467344,0.0008170997727198,90409.0,88831.52495872685,0.0,88759.0,1577.475041273152,2488427.505839732,1,1,2876
SVR,H3,420,2025-03-28,2025-04-02,88759.0,0.018082673306369,0.0014058692771783,90364.0,88883.78355117307,0.0,88759.0,1480.2164488269336,2191040.7353778183,1,1,2875
SVR,H4,420,2025-03-28,2025-04-03,88759.0,0.0113115289717098,0.0018420073600798,89763.0,88922.49473127333,0.0,88759.0,840.5052687266725,706449.106757296,1,1,2874
SVR,H5,420,2025-03-28,2025-04-04,88759.0,-0.0092272332946518,0.0021549807934472,87940.0,88950.27394024559,0.0,88759.0,1010.2739402455918,1020653.4343393536,-1,1,2873
SVR,H6,420,2025-03-28,2025-04-07,88759.0,-0.0218569384513119,0.0025730306465203,86819.0,88987.3796271545,0.0,88759.0,2168.3796271545,4701870.207458687,-1,1,2872
SVR,H7,420,2025-03-28,2025-04-08,88759.0,-0.0147590666861951,0.0029996311734939,87449.0,89025.24426332815,0.0,88759.0,1576.2442633281462,2484545.9776748903,-1,1,2871
SVR,H1,421,2025-03-31,2025-04-01,90138.0,0.0030065011426922,0.0002389657549581,90409.0,90159.53989522044,0.0,90138.0,249.4601047795732,62230.34387663562,1,1,2878
SVR,H2,421,2025-03-31,2025-04-02,90138.0,0.0025072666356031,0.0008245008813008,90364.0,90212.3188604387,0.0,90138.0,151.681139561304,23007.168098615784,1,1,2877
SVR,H3,421,2025-03-31,2025-04-03,90138.0,-0.004160287559076,0.0014233945814109,89763.0,90266.30194077922,0.0,90138.0,503.3019407792162,253312.8435921257,-1,1,2876
SVR,H4,421,2025-03-31,2025-04-04,90138.0,-0.0243848321462646,0.0018552765398544,87940.0,90305.2309167494,0.0,90138.0,2365.230916749409,5594317.2895472525,-1,1,2875
SVR,H5,421,2025-03-31,2025-04-07,90138.0,-0.0368213184228627,0.0021691657803339,86819.0,90333.52426510774,0.0,90138.0,3514.5242651077424,12351880.810031116,-1,1,2874
SVR,H6,421,2025-03-31,2025-04-08,90138.0,-0.0298320353236148,0.0025818789168245,87449.0,90370.72540180474,0.0,90138.0,2921.725401804739,8536479.323551062,-1,1,2873
SVR,H7,421,2025-03-31,2025-04-09,90138.0,-0.0072000710022409,0.0030004783622243,89489.0,90408.45711861418,0.0,90138.0,919.457118614184,845401.3929702974,-1,1,2872
SVR,H1,422,2025-04-01,2025-04-02,90409.0,-0.0004977380570518,0.0002390750946297,90364.0,90430.61454023038,0.0,90409.0,66.61454023038095,4437.496970105042,-1,1,2879
SVR,H2,422,2025-04-01,2025-04-03,90409.0,-0.007145306330122,0.0008309648897123,89763.0,90484.126704714,0.0,90409.0,721.1267047140136,520023.7242516922,-1,1,2878
SVR,H3,422,2025-04-01,2025-04-04,90409.0,-0.0273092280635777,0.0014364353479266,87940.0,90538.8666833707,0.0,90409.0,2598.866683370696,6754108.0379342,-1,1,2877
SVR,H4,422,2025-04-01,2025-04-07,90409.0,-0.0397084361070247,0.001871567830655,86819.0,90578.2065760017,0.0,90409.0,3759.206576001699,14131634.08105442,-1,1,2876
SVR,H5,422,2025-04-01,2025-04-08,90409.0,-0.0327401033082989,0.0021837906208484,87449.0,90606.43432624028,0.0,90409.0,3157.434326240284,9969391.524520433,-1,1,2875
SVR,H6,422,2025-04-01,2025-04-09,90409.0,-0.0101759780552821,0.0025965616931897,89489.0,90643.7525461196,0.0,90409.0,1154.752546119591,1333453.442769678,-1,1,2874
SVR,H7,422,2025-04-01,2025-04-10,90409.0,0.0136822661460696,0.0030104387860634,91646.0,90681.1707602092,0.0,90409.0,964.8292397907936,930895.4619552804,1,1,2873
SVR,H1,423,2025-04-02,2025-04-03,90364.0,-0.0066508786684963,0.0002404612604565,89763.0,90385.72904133987,0.0,90364.0,622.7290413398878,387791.4589280957,-1,1,2880
SVR,H2,423,2025-04-02,2025-04-04,90364.0,-0.0268248417511398,0.0008314376654541,87940.0,90439.1320332011,0.0,90364.0,2499.1320332010946,6245660.919371837,-1,1,2879
SVR,H3,423,2025-04-02,2025-04-07,90364.0,-0.0392302244256562,0.0014406903238805,86819.0,90494.18654042717,0.0,90364.0,3675.186540427152,13506996.106936898,-1,1,2878
SVR,H4,423,2025-04-02,2025-04-08,90364.0,-0.0322584214952856,0.0018802256195976,87449.0,90533.90470788932,0.0,90364.0,3084.90470788932,9516637.05675769,-1,1,2877
SVR,H5,423,2025-04-02,2025-04-09,90364.0,-0.0096830596255146,0.0021990343334914,89489.0,90562.71353851164,0.0,90364.0,1073.7135385116271,1152860.7627831593,-1,1,2876
SVR,H6,423,2025-04-02,2025-04-10,90364.0,0.0141870656456111,0.0026088155209215,91646.0,90599.74300573255,0.0,90364.0,1046.2569942674454,1094653.6980535493,1,1,2875
SVR,H7,423,2025-04-02,2025-04-11,90364.0,0.0322694878491434,0.0030232532425093,93280.0,90637.19325600613,0.0,90364.0,2642.806743993875,6984427.486099507,1,1,2874
SVR,H1,424,2025-04-03,2025-04-04,89763.0,-0.0203090360170671,0.0002388831743717,87940.0,89784.44287038114,0.0,89763.0,1844.4428703811427,3401969.502099829,-1,1,2881
SVR,H2,424,2025-04-03,2025-04-07,89763.0,-0.032797477802658,0.0008286702535801,86819.0,89837.3839279721,0.0,89763.0,3018.3839279721,9110641.53664028,-1,1,2880
SVR,H3,424,2025-04-03,2025-04-08,89763.0,-0.0257789958000512,0.0014406891040399,87449.0,89892.32057604594,0.0,89763.0,2443.3205760459387,5969815.437329457,-1,1,2879
SVR,H4,424,2025-04-03,2025-04-09,89763.0,-0.0030524826487527,0.0018802273211031,89489.0,89931.77484502418,0.0,89763.0,442.7748450241779,196049.5633861848,-1,1,2878
SVR,H5,424,2025-04-03,2025-04-10,89763.0,0.0209774628744583,0.0022013844890963,91646.0,89960.60287589475,0.0,89763.0,1685.3971241052495,2840563.465942246,1,1,2877
SVR,H6,424,2025-04-03,2025-04-11,89763.0,0.0391809542907433,0.0026168508895896,93280.0,89997.89638640224,0.0,89763.0,3282.103613597763,10772204.130391492,1,1,2876
SVR,H7,424,2025-04-03,2025-04-14,89763.0,0.0342234550984259,0.0030294881468394,92835.0,90034.93594452474,0.0,89763.0,2800.064055475261,7840358.714764564,1,1,2875
SVR,H1,425,2025-04-04,2025-04-07,87940.0,-0.0127473277234477,0.0002207574395559,86819.0,87959.41340923455,0.0,87940.0,1140.4134092345485,1300542.7439619657,-1,1,2882
SVR,H2,425,2025-04-04,2025-04-08,87940.0,-0.0055833522856493,0.0008198289602643,87449.0,88012.09575876564,0.0,87940.0,563.0957587656449,317076.8335398573,-1,1,2881
SVR,H3,425,2025-04-04,2025-04-09,87940.0,0.0176142824653171,0.0014236873467275,89489.0,88065.19906527121,0.0,87940.0,1423.800934728788,2027209.1017345705,1,1,2880
SVR,H4,425,2025-04-04,2025-04-10,87940.0,0.0421423697975893,0.0018680066517478,91646.0,88104.2725049547,0.0,87940.0,3541.7274950452997,12543833.64915985,1,1,2879
SVR,H5,425,2025-04-04,2025-04-11,87940.0,0.06072322037753,0.0022013904541899,93280.0,88133.59027654146,0.0,87940.0,5146.409723458535,26485533.041708555,1,1,2878
SVR,H6,425,2025-04-04,2025-04-14,87940.0,0.0556629520127358,0.002616857916379,92835.0,88170.12648516637,0.0,87940.0,4664.873514833627,21761044.90939624,1,1,2877
SVR,H7,425,2025-04-04,2025-04-15,87940.0,0.0583465999545145,0.0030294938566874,93071.0,88206.4136897571,0.0,87940.0,4864.586310242899,23664199.969802625,1,1,2876
SVR,H1,426,2025-04-07,2025-04-08,86819.0,0.0072564761169791,0.0002125600173812,87449.0,86837.45424814902,0.0,86819.0,611.5457518509793,373988.20660697954,1,1,2883
SVR,H2,426,2025-04-07,2025-04-09,86819.0,0.0307536368767205,0.0008090598301302,89489.0,86889.24176539207,0.0,86819.0,2599.758234607929,6758742.878411735,1,1,2882
SVR,H3,426,2025-04-07,2025-04-10,86819.0,0.0555984289153295,0.0013947947281186,91646.0,86940.09468350053,0.0,86819.0,4705.905316499469,22145544.84785797,1,1,2881
SVR,H4,426,2025-04-07,2025-04-11,86819.0,0.0744191939552401,0.0018420090531189,93280.0,86978.92138398273,0.0,86819.0,6301.078616017272,39703591.72523014,1,1,2880
SVR,H5,426,2025-04-07,2025-04-14,86819.0,0.0692935878091201,0.0021793733884065,92835.0,87008.21101820807,0.0,86819.0,5826.788981791935,33951469.83833189,1,1,2879
SVR,H6,426,2025-04-07,2025-04-15,86819.0,0.0720118867989725,0.0026078558911162,93071.0,87045.41144061081,0.0,86819.0,6025.588559389187,36307717.48704186,1,1,2878
SVR,H7,426,2025-04-07,2025-04-16,86819.0,0.0961079947937664,0.0030255219938346,95163.0,87081.67279398273,0.0,86819.0,8081.327206017275,65307849.41071498,1,1,2877
SVR,H1,427,2025-04-08,2025-04-09,87449.0,0.0233278825372502,0.0002124932385529,89489.0,87467.58232121821,0.0,87449.0,2021.417678781785,4086129.43209154,1,1,2884
SVR,H2,427,2025-04-08,2025-04-10,87449.0,0.0479936877494311,0.0008069776875142,91646.0,87519.56939179542,0.0,87449.0,4126.4306082045805,17027429.564327624,1,1,2883
SVR,H3,427,2025-04-08,2025-04-11,87449.0,0.066678864252307,0.0013780711523948,93280.0,87569.51094420579,0.0,87449.0,5710.489055794213,32609685.25634548,1,1,2882
SVR,H4,427,2025-04-08,2025-04-14,87449.0,0.0615901839929557,0.0018231201237824,92835.0,87608.43003170464,0.0,87449.0,5226.569968295356,27317033.633486923,1,1,2881
SVR,H5,427,2025-04-08,2025-04-15,87449.0,0.0642888998158925,0.0021612281237027,93071.0,87637.99723818968,0.0,87449.0,5433.00276181032,29517519.00983856,1,1,2880
SVR,H6,427,2025-04-08,2025-04-16,87449.0,0.0882114146531121,0.0025932923121625,95163.0,87675.7808194063,0.0,87449.0,7487.219180593704,56058451.05825025,1,1,2879
SVR,H7,427,2025-04-08,2025-04-17,87449.0,0.0838774600052603,0.0030226293336619,94784.0,87713.32591259941,0.0,87449.0,7070.674087400592,49994432.05023819,1,1,2878
SVR,H1,428,2025-04-09,2025-04-10,89489.0,0.0241035211031523,0.0002339126687118,91646.0,89509.93261081036,0.0,89489.0,2136.067389189644,4562783.891159462,1,1,2885
SVR,H2,428,2025-04-09,2025-04-11,89489.0,0.0423627484942283,0.0008164369892355,93280.0,89562.0621297297,0.0,89489.0,3717.937870270296,13823062.007190024,1,1,2884
SVR,H3,428,2025-04-09,2025-04-14,89489.0,0.0373900702879683,0.001382367795702,92835.0,89612.70671166958,0.0,89489.0,3222.2932883304165,10383174.036019249,1,1,2883
SVR,H4,428,2025-04-09,2025-04-15,89489.0,0.040027265920951,0.0018231073257097,93071.0,89652.14805147045,0.0,89489.0,3418.851948529554,11688548.645964332,1,1,2882
SVR,H5,428,2025-04-09,2025-04-16,89489.0,0.0634044407692566,0.0021612308965786,95163.0,89682.40639170392,0.0,89489.0,5480.593608296083,30036906.299295884,1,1,2881
SVR,H6,428,2025-04-09,2025-04-17,89489.0,0.0591692833756103,0.0025932888043713,94784.0,89721.07082181438,0.0,89489.0,5062.929178185616,25633251.86332327,1,1,2880
SVR,H7,428,2025-04-09,2025-04-21,89489.0,0.0816971918336331,0.0030226247177776,96800.0,89759.4916633692,0.0,89489.0,7040.508336630795,49568757.63816773,1,1,2879
SVR,H1,429,2025-04-10,2025-04-11,91646.0,0.0178294742814744,0.0002565248216471,93280.0,91669.50947380468,0.0,91646.0,1610.49052619531,2593679.734964846,1,1,2886
SVR,H2,429,2025-04-10,2025-04-14,91646.0,0.012973834100779,0.0008319801653093,92835.0,91722.24765422994,0.0,91646.0,1112.752345770059,1238217.783016769,1,1,2885
SVR,H3,429,2025-04-10,2025-04-15,91646.0,0.0155489601291927,0.0014260905025346,93071.0,91776.6954901953,0.0,91646.0,1294.3045098047005,1675224.164100786,1,1,2884
SVR,H4,429,2025-04-10,2025-04-16,91646.0,0.0383759247539445,0.0018482394130679,95163.0,91815.38374925002,0.0,91646.0,3347.616250749983,11206534.562285371,1,1,2883
SVR,H5,429,2025-04-10,2025-04-17,91646.0,0.0342404469371275,0.0021664796053325,94784.0,91844.54918991028,0.0,91646.0,2939.4508100897074,8640371.064937036,1,1,2882
SVR,H6,429,2025-04-10,2025-04-21,91646.0,0.0562381336883224,0.0025932897519206,96800.0,91883.66463260452,0.0,91646.0,4916.33536739547,24170353.44470355,1,1,2881
SVR,H7,429,2025-04-10,2025-04-22,91646.0,0.059042402287061,0.003022620844747,97057.0,91923.01110993768,0.0,91646.0,5133.988890062319,26357841.923283324,1,1,2880
SVR,H1,430,2025-04-11,2025-04-14,93280.0,-0.0047705831903944,0.0002705271502251,92835.0,93305.234772573,0.0,93280.0,470.2347725730069,221120.7413367876,-1,1,2887
SVR,H2,430,2025-04-11,2025-04-15,93280.0,-0.0022405660377358,0.0008445934922513,93071.0,93358.78368095722,0.0,93280.0,287.78368095721817,82819.44702528593,-1,1,2886
SVR,H3,430,2025-04-11,2025-04-16,93280.0,0.0201865351629502,0.0014824322691692,95163.0,93418.2812820681,0.0,93280.0,1744.7187179319008,3044043.404701936,1,1,2885
SVR,H4,430,2025-04-11,2025-04-17,93280.0,0.0161234991423671,0.001902411547569,94784.0,93457.45694915723,0.0,93280.0,1326.5430508427671,1759716.4657392362,1,1,2884
SVR,H5,430,2025-04-11,2025-04-21,93280.0,0.0377358490566037,0.0022041638066224,96800.0,93485.60439988172,0.0,93280.0,3314.395600118267,10985218.194083326,1,1,2883
SVR,H6,430,2025-04-11,2025-04-22,93280.0,0.0404909948542024,0.0026109528824346,97057.0,93523.5496848735,0.0,93280.0,3533.4503151264944,12485271.129467525,1,1,2882
SVR,H7,430,2025-04-11,2025-04-23,93280.0,0.0134005145797597,0.0030327487431668,94530.0,93562.89480276262,0.0,93280.0,967.1051972373824,935292.4625235564,1,1,2881
SVR,H1,431,2025-04-14,2025-04-15,92835.0,0.0025421446652662,0.0002706549946267,93071.0,92860.12625642616,0.0,92835.0,210.87374357382944,44467.735728841166,1,1,2888
SVR,H2,431,2025-04-14,2025-04-16,92835.0,0.0250767490709322,0.0008489874854089,95163.0,92913.81575320792,0.0,92835.0,2249.184246792065,5058829.7760175895,1,1,2887
SVR,H3,431,2025-04-14,2025-04-17,92835.0,0.0209942370873055,0.0015096607868511,94784.0,92975.14935914733,0.0,92835.0,1808.850640852688,3271940.640913181,1,1,2886
SVR,H4,431,2025-04-14,2025-04-21,92835.0,0.0427101847363602,0.0019461047608148,96800.0,93015.66663547025,0.0,92835.0,3784.3333645297535,14321179.013893085,1,1,2885
SVR,H5,431,2025-04-14,2025-04-22,92835.0,0.0454785371896375,0.0022498909891683,97057.0,93043.86862997944,0.0,92835.0,4013.13137002055,16105223.393043015,1,1,2884
SVR,H6,431,2025-04-14,2025-04-23,92835.0,0.0182582000323154,0.0026405868601565,94530.0,93080.13888116262,0.0,92835.0,1449.861118837376,2102097.263916368,1,1,2883
SVR,H7,431,2025-04-14,2025-04-24,92835.0,0.0320137879032691,0.0030452744902425,95807.0,93117.70805730166,0.0,92835.0,2689.2919426983426,7232291.153062225,1,1,2882
SVR,H1,432,2025-04-15,2025-04-16,93071.0,0.0224774634418885,0.0002705555294697,95163.0,93096.18087368328,0.0,93071.0,2066.8191263167246,4271741.300908629,1,1,2889
SVR,H2,432,2025-04-15,2025-04-17,93071.0,0.0184053034779898,0.0008478803784999,94784.0,93149.91307470737,0.0,93071.0,1634.086925292635,2670240.079412338,1,1,2888
SVR,H3,432,2025-04-15,2025-04-21,93071.0,0.0400661860300199,0.0015113442216648,96800.0,93211.66231805456,0.0,93071.0,3588.3376819454425,12876167.319669591,1,1,2887
SVR,H4,432,2025-04-15,2025-04-22,93071.0,0.0428275187759881,0.0019698631753405,97057.0,93254.33713559213,0.0,93071.0,3802.6628644078737,14460244.860346695,1,1,2886
SVR,H5,432,2025-04-15,2025-04-23,93071.0,0.0156762041882003,0.0022893030741205,94530.0,93284.06772641146,0.0,93071.0,1245.9322735885362,1552347.230369499,1,1,2885
SVR,H6,432,2025-04-15,2025-04-24,93071.0,0.029396912034898,0.0026824999652157,95807.0,93320.6629542626,0.0,93071.0,2486.3370457374112,6181871.905006238,1,1,2884
SVR,H7,432,2025-04-15,2025-04-25,93071.0,0.0214889707857441,0.0030742147198554,95071.0,93357.12023819168,0.0,93071.0,1713.8797618083336,2937383.8379361904,1,1,2883
SVR,H1,433,2025-04-16,2025-04-17,95163.0,-0.0039826403118858,0.0002898962083232,94784.0,95190.58739287268,0.0,95163.0,406.5873928726651,165313.3080429909,-1,1,2890
SVR,H2,433,2025-04-16,2025-04-21,95163.0,0.0172020638273278,0.000856191858605,96800.0,95244.47778584044,0.0,95163.0,1555.5222141595732,2419649.358743901,1,1,2889
SVR,H3,433,2025-04-16,2025-04-22,95163.0,0.0199026932736463,0.0015185572248497,97057.0,95307.51046118836,0.0,95163.0,1749.4895388116274,3060713.6464113207,1,1,2888
SVR,H4,433,2025-04-16,2025-04-23,95163.0,-0.0066517449008542,0.0019911971407305,94530.0,95352.48829350334,0.0,95163.0,822.4882935033384,676486.9929500336,-1,1,2887
SVR,H5,433,2025-04-16,2025-04-24,95163.0,0.0067673360444711,0.0023285051255257,95807.0,95384.5875332604,0.0,95163.0,422.4124667395954,178432.2920570298,1,1,2886
SVR,H6,433,2025-04-16,2025-04-25,95163.0,-0.0009667622920672,0.0027354164066905,95071.0,95423.3104315099,0.0,95163.0,352.31043150990445,124122.64015069508,-1,1,2885
SVR,H7,433,2025-04-16,2025-04-28,95163.0,0.0104662526402068,0.0031275829598903,96159.0,95460.63017721204,0.0,95163.0,698.369822787965,487720.4093808936,1,1,2884
SVR,H1,434,2025-04-17,2025-04-21,94784.0,0.0212694125590817,0.0002898142370646,96800.0,94811.46975264592,0.0,94784.0,1988.530247354065,3954252.544642019,1,1,2891
SVR,H2,434,2025-04-17,2025-04-22,94784.0,0.0239808406482107,0.0008625457241203,97057.0,94865.755533915,0.0,94784.0,2191.244466084987,4801552.31014808,1,1,2890
SVR,H3,434,2025-04-17,2025-04-23,94784.0,-0.0026797771775827,0.001526109787039,94530.0,94928.6507900547,0.0,94784.0,398.65079005470034,158922.45241123677,-1,1,2889
SVR,H4,434,2025-04-17,2025-04-24,94784.0,0.0107929608372721,0.0019925912537386,95807.0,94972.86576939435,0.0,94784.0,834.1342306056322,695779.91466805,1,1,2888
SVR,H5,434,2025-04-17,2025-04-25,94784.0,0.0030279372045916,0.0023448035834706,95071.0,95006.24986285568,0.0,94784.0,64.75013714432134,4192.580260208422,1,1,2887
SVR,H6,434,2025-04-17,2025-04-28,94784.0,0.0145066677920324,0.0027655444273125,96159.0,95046.12936299838,0.0,94784.0,1112.8706370016153,1238481.054700381,1,1,2886
SVR,H7,434,2025-04-17,2025-04-29,94784.0,0.0081764854827819,0.0031730835846785,95559.0,95084.75755449018,0.0,94784.0,474.2424455098226,224905.89712313705,1,1,2885
SVR,H1,435,2025-04-21,2025-04-22,96800.0,0.002654958677686,0.0003069659812127,97057.0,96829.7143069814,0.0,96800.0,227.2856930186099,51658.78625094977,1,1,2892
SVR,H2,435,2025-04-21,2025-04-23,96800.0,-0.0234504132231404,0.0008684593017462,94530.0,96884.06686040905,0.0,96800.0,2354.066860409046,5541630.783276103,-1,1,2891
SVR,H3,435,2025-04-21,2025-04-24,96800.0,-0.0102582644628098,0.0015558545929866,95807.0,96950.6067246011,0.0,96800.0,1143.6067246010934,1307836.340552841,-1,1,2890
SVR,H4,435,2025-04-21,2025-04-25,96800.0,-0.0178615702479338,0.0020175362894454,95071.0,96995.29751281832,0.0,96800.0,1924.297512818317,3702920.917838761,-1,1,2889
SVR,H5,435,2025-04-21,2025-04-28,96800.0,-0.0066219008264463,0.0023636386162913,96159.0,97028.800218057,0.0,96800.0,869.8002180570038,756552.4193320114,-1,1,2888
SVR,H6,435,2025-04-21,2025-04-29,96800.0,-0.0128202479338842,0.0027942068539836,95559.0,97070.47922346562,0.0,96800.0,1511.4792234656195,2284569.442968233,-1,1,2887
SVR,H7,435,2025-04-21,2025-04-30,96800.0,-0.0215082644628099,0.0032159078109429,94718.0,97111.29987609928,0.0,96800.0,2393.2998760992923,5727884.296936888,-1,1,2886
SVR,H1,436,2025-04-22,2025-04-23,97057.0,-0.0260362467416054,0.0003068616096055,94530.0,97086.7830672435,0.0,97057.0,2556.783067243494,6537139.652943049,-1,1,2893
SVR,H2,436,2025-04-22,2025-04-24,97057.0,-0.0128790298484395,0.0008763508322562,95807.0,97142.05598272628,0.0,97057.0,1335.0559827262914,1782374.4770132636,-1,1,2892
SVR,H3,436,2025-04-22,2025-04-25,97057.0,-0.0204622026232007,0.0015626439191272,95071.0,97208.66553085872,0.0,97057.0,2137.665530858721,4569613.921821499,-1,1,2891
SVR,H4,436,2025-04-22,2025-04-28,97057.0,-0.0092522950431189,0.0020434517602116,96159.0,97255.33129749086,0.0,97057.0,1096.3312974908622,1201942.3138579973,-1,1,2890
SVR,H5,436,2025-04-22,2025-04-29,97057.0,-0.0154342293703699,0.002387481256843,95559.0,97288.72176834542,0.0,97057.0,1729.721768345422,2991937.3958880133,-1,1,2889
SVR,H6,436,2025-04-22,2025-04-30,97057.0,-0.0240992406524001,0.002812974703508,94718.0,97330.0188857984,0.0,97057.0,2612.0188857983885,6822642.659767455,-1,1,2888
SVR,H7,436,2025-04-22,2025-05-01,97057.0,-0.0481675716331639,0.0032448849755387,92382.0,97371.93880107088,0.0,97057.0,4989.938801070879,24899489.23843268,-1,1,2887
SVR,H1,437,2025-04-23,2025-04-24,94530.0,0.0135089389611764,0.0002831301265884,95807.0,94556.7642908664,0.0,94530.0,1250.2357091336016,1563089.3283927997,1,1,2894
SVR,H2,437,2025-04-23,2025-04-25,94530.0,0.0057230508833174,0.0008681370786063,95071.0,94612.06499804066,0.0,94530.0,458.9350019593403,210621.3360234197,1,1,2893
SVR,H3,437,2025-04-23,2025-04-28,94530.0,0.0172326245636305,0.0015626338145704,96159.0,94677.71577449134,0.0,94530.0,1481.284225508658,2194202.956740785,1,1,2892
SVR,H4,437,2025-04-23,2025-04-29,94530.0,0.0108854331958108,0.0020434346273653,95559.0,94723.16587532486,0.0,94530.0,835.834124675137,698618.6839714524,1,1,2891
SVR,H5,437,2025-04-23,2025-04-30,94530.0,0.0019887866285834,0.0023880163571166,94718.0,94755.73918623824,0.0,94530.0,37.73918623823556,1424.2461779242285,1,1,2890
SVR,H6,437,2025-04-23,2025-05-01,94530.0,-0.0227229450967946,0.0028150586364457,92382.0,94796.10749290322,0.0,94530.0,2414.1074929032184,5827914.987291463,-1,1,2889
SVR,H7,437,2025-04-23,2025-05-02,94530.0,-0.0194435628900877,0.0032448082094244,92692.0,94836.7317200369,0.0,94530.0,2144.7317200369,4599874.150932439,-1,1,2888
SVR,H1,438,2025-04-24,2025-04-25,95807.0,-0.0076821109104763,0.0002900105854689,95071.0,95834.78504416204,0.0,95807.0,763.7850441620394,583367.5936856085,-1,1,2895
SVR,H2,438,2025-04-24,2025-04-28,95807.0,0.0036740530441408,0.0008631681106737,96159.0,95889.69754717933,0.0,95807.0,269.3024528206879,72523.81109523884,1,1,2894
SVR,H3,438,2025-04-24,2025-04-29,95807.0,-0.0025885373720082,0.0015626266575885,95559.0,95956.71057218358,0.0,95807.0,397.7105721835833,158173.69922659322,-1,1,2893
SVR,H4,438,2025-04-24,2025-04-30,95807.0,-0.0113666016053106,0.0020434209919917,94718.0,96002.77403497975,0.0,95807.0,1284.7740349797532,1650644.320958156,-1,1,2892
SVR,H5,438,2025-04-24,2025-05-01,95807.0,-0.035748953625518,0.0023880004125769,92382.0,96035.78715552777,0.0,95807.0,3653.787155527753,13350160.577899585,-1,1,2891
SVR,H6,438,2025-04-24,2025-05-02,95807.0,-0.0325132819105076,0.0028250401985444,92692.0,96077.65862630194,0.0,95807.0,3385.6586263019417,11462684.333852751,-1,1,2890
SVR,H7,438,2025-04-24,2025-05-05,95807.0,-0.0118989217906833,0.0032552842516129,94667.0,96118.87901829428,0.0,95807.0,1451.8790182942755,2107952.6837631497,-1,1,2889
SVR,H1,439,2025-04-25,2025-04-28,95071.0,0.0114440786359668,0.0002898741830711,96159.0,95098.55862845876,0.0,95071.0,1060.441371541252,1124535.9024762916,1,1,2896
SVR,H2,439,2025-04-25,2025-04-29,95071.0,0.0051330058587792,0.0008649150211547,95559.0,95153.2283359762,0.0,95071.0,405.7716640238068,164650.64332464917,1,1,2895
SVR,H3,439,2025-04-25,2025-04-30,95071.0,-0.003713014483912,0.0015514551234231,94718.0,95218.49839003896,0.0,95071.0,500.49839003894886,250498.63843157975,-1,1,2894
SVR,H4,439,2025-04-25,2025-05-01,95071.0,-0.028284124496429,0.0020365758128101,92382.0,95264.61929909966,0.0,95071.0,2882.619299099664,8309494.023541839,-1,1,2893
SVR,H5,439,2025-04-25,2025-05-02,95071.0,-0.0250234035615487,0.0023879837261223,92692.0,95298.0280008262,0.0,95071.0,2606.0280008261907,6791381.941090153,-1,1,2892
SVR,H6,439,2025-04-25,2025-05-05,95071.0,-0.0042494556699729,0.0028247021096005,94667.0,95339.54725426184,0.0,95071.0,672.5472542618372,452319.80921513634,-1,1,2891
SVR,H7,439,2025-04-25,2025-05-06,95071.0,0.0251285881078351,0.003259124362812,97460.0,95380.8482122969,0.0,95071.0,2079.1517877031,4322872.156308997,1,1,2890
SVR,H1,440,2025-04-28,2025-04-29,96159.0,-0.0062396655539262,0.0002951515284568,95559.0,96187.38147582488,0.0,96159.0,628.3814758248773,394863.2791598508,-1,1,2897
SVR,H2,440,2025-04-28,2025-04-30,96159.0,-0.014985596772013,0.0008659185999666,94718.0,96242.2658666542,0.0,96159.0,1524.2658666541977,2323386.4322470715,-1,1,2896
SVR,H3,440,2025-04-28,2025-05-01,96159.0,-0.039278694661966,0.0015550718555742,92382.0,96308.53415456016,0.0,96159.0,3926.534154560155,15417670.466927432,-1,1,2895
SVR,H4,440,2025-04-28,2025-05-02,96159.0,-0.0360548674591042,0.0020365448877439,92692.0,96354.83211986056,0.0,96159.0,3662.83211986057,13416339.138282277,-1,1,2894
SVR,H5,440,2025-04-28,2025-05-05,96159.0,-0.0155159683440967,0.0023879726665611,94667.0,96388.62506364386,0.0,96159.0,1721.6250636438635,2963992.859766737,-1,1,2893
SVR,H6,440,2025-04-28,2025-05-06,96159.0,0.0135296748094302,0.0028246590659296,97460.0,96430.61639112074,0.0,96159.0,1029.3836088792596,1059630.6142292884,1,1,2892
SVR,H7,440,2025-04-28,2025-05-07,96159.0,0.0094218949864286,0.0032590935868328,97065.0,96472.39118021626,0.0,96159.0,592.608819783738,351185.21328547486,1,1,2891
SVR,H1,441,2025-04-29,2025-04-30,95559.0,-0.0088008455509162,0.0002944861923907,94718.0,95587.14080605868,0.0,95559.0,869.1408060586691,755405.7407563131,-1,1,2898
SVR,H2,441,2025-04-29,2025-05-01,95559.0,-0.033246475999121,0.0008674491026875,92382.0,95641.89256880373,0.0,95559.0,3259.8925688037125,10626899.560141668,-1,1,2897
SVR,H3,441,2025-04-29,2025-05-02,95559.0,-0.0300024068899842,0.0015550634722147,92692.0,95707.60031034135,0.0,95559.0,3015.600310341368,9093845.231730953,-1,1,2896
SVR,H4,441,2025-04-29,2025-05-05,95559.0,-0.0093345472430644,0.0020365284436314,94667.0,95753.60862154498,0.0,95559.0,1086.608621544976,1180718.2964158726,-1,1,2895
SVR,H5,441,2025-04-29,2025-05-06,95559.0,0.0198934689563514,0.0023835603645732,97460.0,95786.77064487826,0.0,95559.0,1673.2293551217444,2799696.4748411286,1,1,2894
SVR,H6,441,2025-04-29,2025-05-07,95559.0,0.0157598970269676,0.0028231191136022,97065.0,95828.77443937672,0.0,95559.0,1236.2255606232793,1528253.6367383413,1,1,2893
SVR,H7,441,2025-04-29,2025-05-08,95559.0,0.0062160550026684,0.003259066958907,96153.0,95870.4331795262,0.0,95559.0,282.5668204738031,79844.00803267446,1,1,2892
SVR,H1,442,2025-04-30,2025-05-01,94718.0,-0.024662682911379,0.0002924230361238,92382.0,94745.6977251356,0.0,94718.0,2363.6977251355856,5587066.935811142,-1,1,2899
SVR,H2,442,2025-04-30,2025-05-02,94718.0,-0.0213898097510505,0.000861726016783,92692.0,94799.62096485766,0.0,94718.0,2107.6209648576623,4442066.131507544,-1,1,2898
SVR,H3,442,2025-04-30,2025-05-05,94718.0,-0.0005384404231508,0.0015550577681162,94667.0,94865.29196168044,0.0,94718.0,198.2919616804429,39319.70206707824,-1,1,2897
SVR,H4,442,2025-04-30,2025-05-06,94718.0,0.0289490909858738,0.0020357893063405,97460.0,94910.82589151796,0.0,94718.0,2549.1741084820387,6498288.635355197,1,1,2896
SVR,H5,442,2025-04-30,2025-05-07,94718.0,0.0247788171202938,0.0023835357812555,97065.0,94943.76374212895,0.0,94718.0,2121.236257871031,4499643.261706694,1,1,2895
SVR,H6,442,2025-04-30,2025-05-08,94718.0,0.0151502354357144,0.0028123310388617,96153.0,94984.3783713389,0.0,94718.0,1168.6216286611016,1365676.5109745257,1,1,2894
SVR,H7,442,2025-04-30,2025-05-09,94718.0,0.0187081652906522,0.0032506285386126,96490.0,95025.89303392032,0.0,94718.0,1464.1069660796784,2143609.2081230404,1,1,2893
SVR,H1,443,2025-05-01,2025-05-02,92382.0,0.0033556320495333,0.0002696336909674,92692.0,92406.90929963894,0.0,92382.0,285.0907003610628,81276.70743236128,1,1,2900
SVR,H2,443,2025-05-01,2025-05-05,92382.0,0.024734255590916,0.0008517005146386,94667.0,92460.68179694336,0.0,92382.0,2206.318203056653,4867840.013139139,1,1,2899
SVR,H3,443,2025-05-01,2025-05-06,92382.0,0.054967417895261,0.0015233364285914,97460.0,92522.72886594612,0.0,92382.0,4937.271134053866,24376646.25116155,1,1,2898
SVR,H4,443,2025-05-01,2025-05-07,92382.0,0.0506916931869845,0.0020203815087249,97065.0,92568.64688453903,0.0,92382.0,4496.353115460966,20217191.338915534,1,1,2897
SVR,H5,443,2025-05-01,2025-05-08,92382.0,0.0408196401896472,0.0023638984982867,96153.0,92600.38167106872,0.0,92382.0,3552.618328931276,12621096.99105845,1,1,2896
SVR,H6,443,2025-05-01,2025-05-09,92382.0,0.0444675369660756,0.0028026113530107,96490.0,92640.91084201382,0.0,92382.0,3849.089157986178,14815487.346126746,1,1,2895
SVR,H7,443,2025-05-01,2025-05-12,92382.0,0.0061267346452771,0.0032250515765914,92948.0,92679.93671474868,0.0,92382.0,268.06328525132267,71857.92489973198,1,1,2894
SVR,H1,444,2025-05-02,2025-05-05,92692.0,0.0213071246709533,0.00026950611301,94667.0,92716.98106062712,0.0,92692.0,1950.01893937288,3802573.8639129302,1,1,2901
SVR,H2,444,2025-05-02,2025-05-06,92692.0,0.0514391749018254,0.0008441854180683,97460.0,92770.2492347716,0.0,92692.0,4689.750765228411,21993762.23996047,1,1,2900
SVR,H3,444,2025-05-02,2025-05-07,92692.0,0.0471777499676346,0.0015009532953929,97065.0,92831.12636285656,0.0,92692.0,4233.873637143435,17925685.97529818,1,1,2899
SVR,H4,444,2025-05-02,2025-05-08,92692.0,0.0373387131575539,0.0019980031906014,96153.0,92877.19891174324,0.0,92692.0,3275.801088256761,10730872.769824184,1,1,2898
SVR,H5,444,2025-05-02,2025-05-09,92692.0,0.0409744098735598,0.0023518080858548,96490.0,92909.99379509408,0.0,92692.0,3580.0062049059343,12816444.42716499,1,1,2897
SVR,H6,444,2025-05-02,2025-05-12,92692.0,0.0027618348940576,0.0027855992024541,92948.0,92950.20276127387,0.0,92692.0,2.202761273874785,4.852157229682465,1,1,2896
SVR,H7,444,2025-05-02,2025-05-13,92692.0,0.0104323997756008,0.0032184202588698,93659.0,92990.32181063516,0.0,92692.0,668.6781893648294,447130.52093222673,1,1,2895
SVR,H1,445,2025-05-05,2025-05-06,94667.0,0.0295034172414885,0.0002878867451135,97460.0,94694.25337449966,0.0,94667.0,2765.7466255003383,7649354.3964665085,1,1,2902
SVR,H2,445,2025-05-05,2025-05-07,94667.0,0.0253308967221945,0.000852293812318,97065.0,94747.68409833072,0.0,94667.0,2317.3159016692807,5369952.988129311,1,1,2901
SVR,H3,445,2025-05-05,2025-05-08,94667.0,0.0156971278270146,0.0015009426746299,96153.0,94809.0897401792,0.0,94667.0,1343.910259820812,1806094.7864516424,1,1,2900
SVR,H4,445,2025-05-05,2025-05-09,94667.0,0.019256974447273,0.0019979978921605,96490.0,94856.14446645716,0.0,94667.0,1633.855533542839,2669483.904488556,1,1,2899
SVR,H5,445,2025-05-05,2025-05-12,94667.0,-0.0181583867662438,0.002347399001501,92948.0,94889.2212212751,0.0,94667.0,1941.221221275104,3768339.829928805,-1,1,2898
SVR,H6,445,2025-05-05,2025-05-13,94667.0,-0.0106478498315146,0.0027855527315707,93659.0,94930.6999204396,0.0,94667.0,1271.6999204396125,1617220.6876461166,-1,1,2897
SVR,H7,445,2025-05-05,2025-05-14,94667.0,-0.0249506163710691,0.0032169725846552,92305.0,94971.54114367157,0.0,94667.0,2666.5411436715517,7110441.670893185,-1,1,2896
SVR,H1,446,2025-05-06,2025-05-07,97460.0,-0.0040529447978657,0.0003146840590749,97065.0,97490.66910839744,0.0,97460.0,425.6691083974292,181194.18984386235,-1,1,2903
SVR,H2,446,2025-05-06,2025-05-08,97460.0,-0.0134106300020521,0.0008682664251203,96153.0,97544.62124579222,0.0,97460.0,1391.621245792223,1936609.6917402984,-1,1,2902
SVR,H3,446,2025-05-06,2025-05-09,97460.0,-0.0099528011491893,0.0015462216496817,96490.0,97610.69476197798,0.0,97460.0,1120.694761977982,1255956.749524886,-1,1,2901
SVR,H4,446,2025-05-06,2025-05-12,97460.0,-0.0462959162733429,0.0020108236891175,92948.0,97655.9748767414,0.0,97460.0,4707.974876741413,22165027.440028325,-1,1,2900
SVR,H5,446,2025-05-06,2025-05-13,97460.0,-0.0390006156371844,0.0023515217018501,93659.0,97689.17930506232,0.0,97460.0,4030.179305062309,16242345.230952516,-1,1,2899
SVR,H6,446,2025-05-06,2025-05-14,97460.0,-0.0528934947670839,0.0027855442868736,92305.0,97731.4791461987,0.0,97460.0,5426.479146198704,29446675.92412942,-1,1,2898
SVR,H7,446,2025-05-06,2025-05-15,97460.0,-0.0441719679868664,0.0032226769557748,93155.0,97774.08209610982,0.0,97460.0,4619.082096109822,21335919.4106023,-1,1,2897
SVR,H1,447,2025-05-07,2025-05-08,97065.0,-0.0093957657239993,0.0003145936760502,96153.0,97095.53603516582,0.0,97065.0,942.5360351658164,888374.1775860972,-1,1,2904
SVR,H2,447,2025-05-07,2025-05-09,97065.0,-0.0059238654509864,0.000876499085914,96490.0,97150.07738377425,0.0,97065.0,660.0773837742454,435702.1525702524,-1,1,2903
SVR,H3,447,2025-05-07,2025-05-12,97065.0,-0.0424148766290629,0.0015783689810113,92948.0,97218.20438514189,0.0,97065.0,4270.204385141871,18234645.490884867,-1,1,2902
SVR,H4,447,2025-05-07,2025-05-13,97065.0,-0.0350898882192345,0.0020424597445067,93659.0,97263.25135510055,0.0,97065.0,3604.251355100554,12990627.83074418,-1,1,2901
SVR,H5,447,2025-05-07,2025-05-14,97065.0,-0.0490393035594705,0.0023593838694084,92305.0,97294.01359528414,0.0,97065.0,4989.013595284137,24890256.65392996,-1,1,2900
SVR,H6,447,2025-05-07,2025-05-15,97065.0,-0.0402822850667078,0.002785522555874,93155.0,97335.37674688592,0.0,97065.0,4180.37674688593,17475549.745904587,-1,1,2899
SVR,H7,447,2025-05-07,2025-05-16,97065.0,-0.0476175758512337,0.0032226838793638,92443.0,97377.80981075043,0.0,97065.0,4934.809810750448,24352347.86827888,-1,1,2898
SVR,H1,448,2025-05-08,2025-05-09,96153.0,0.0035048308425114,0.0003111982365177,96490.0,96182.92264403588,0.0,96153.0,307.0773559641093,94296.5025459083,1,1,2905
SVR,H2,448,2025-05-08,2025-05-12,96153.0,-0.0333322933241813,0.0008713581909941,92948.0,96236.78370413864,0.0,96153.0,3288.783704138652,10816098.252607953,-1,1,2904
SVR,H3,448,2025-05-08,2025-05-13,96153.0,-0.0259378282528885,0.0015801250204893,93659.0,96304.93376109512,0.0,96153.0,2645.933761095119,7000965.468102962,-1,1,2903
SVR,H4,448,2025-05-08,2025-05-14,96153.0,-0.0400195521720591,0.0020636409955182,92305.0,96351.42527264208,0.0,96153.0,4046.425272642082,16373557.487076549,-1,1,2902
SVR,H5,448,2025-05-08,2025-05-15,96153.0,-0.0311794743793745,0.0023791993335879,93155.0,96381.76715352248,0.0,96153.0,3226.76715352248,10412026.263051568,-1,1,2901
SVR,H6,448,2025-05-08,2025-05-16,96153.0,-0.0385843395421879,0.0027854889342456,92443.0,96420.83311749452,0.0,96153.0,3977.83311749452,15823156.310636168,-1,1,2900
SVR,H7,448,2025-05-08,2025-05-19,96153.0,-0.0295258598275665,0.0032226644985751,93314.0,96462.86885953147,0.0,96153.0,3148.868859531489,9915375.094527138,-1,1,2899
SVR,H1,449,2025-05-09,2025-05-12,96490.0,-0.0367084671986734,0.0003109851064283,92948.0,96520.00695291926,0.0,96490.0,3572.006952919255,12759233.671703504,-1,1,2906
SVR,H2,449,2025-05-09,2025-05-13,96490.0,-0.0293398279614467,0.0008689215367288,93659.0,96573.84223907896,0.0,96490.0,2914.842239078964,8496305.278718866,-1,1,2905
SVR,H3,449,2025-05-09,2025-05-14,96490.0,-0.0433723701938024,0.001580112527089,92305.0,96642.46505773882,0.0,96490.0,4337.465057738824,18813603.12710526,-1,1,2904
SVR,H4,449,2025-05-09,2025-05-15,96490.0,-0.0345631671675821,0.0020678943985236,93155.0,96689.53113051355,0.0,96490.0,3534.5311305135547,12492910.312569426,-1,1,2903
SVR,H5,449,2025-05-09,2025-05-16,96490.0,-0.0419421701730748,0.0024005801453699,92443.0,96721.63197822674,0.0,96490.0,4278.631978226738,18306691.60510445,-1,1,2902
SVR,H6,449,2025-05-09,2025-05-19,96490.0,-0.0329153280132655,0.0028069022317405,93314.0,96760.83799634063,0.0,96490.0,3446.837996340648,11880692.173017612,-1,1,2901
SVR,H7,449,2025-05-09,2025-05-20,96490.0,-0.0179189553321588,0.0032246066129926,94761.0,96801.14229208766,0.0,96490.0,2040.1422920876648,4162180.5719647114,-1,1,2900
SVR,H1,450,2025-05-12,2025-05-13,92948.0,0.007649438395662,0.0002724458321457,93659.0,92973.32329520628,0.0,92948.0,685.6767047937174,470152.5434967706,1,1,2907
SVR,H2,450,2025-05-12,2025-05-14,92948.0,-0.0069178465378491,0.0008577843721838,92305.0,93027.72934182576,0.0,92948.0,722.7293418257614,522337.7015358982,-1,1,2906
SVR,H3,450,2025-05-12,2025-05-15,92948.0,0.002227051684813,0.0015487872906911,93155.0,93091.95668109517,0.0,92948.0,63.04331890483445,3974.460058536657,1,1,2905
SVR,H4,450,2025-05-12,2025-05-16,92948.0,-0.0054331454146404,0.0020345217020067,92443.0,93137.10472315812,0.0,92948.0,694.1047231581324,481781.3667104276,-1,1,2904
SVR,H5,450,2025-05-12,2025-05-19,92948.0,0.0039376855876402,0.0023939315711088,93314.0,93170.51115167142,0.0,92948.0,143.48884832857584,20589.049594661043,1,1,2903
SVR,H6,450,2025-05-12,2025-05-20,92948.0,0.0195055299737487,0.0028068674168438,94761.0,93208.89271266082,0.0,92948.0,1552.1072873391822,2409037.031411395,1,1,2902
SVR,H7,450,2025-05-12,2025-05-21,92948.0,0.0271657270732021,0.0032245838135536,95473.0,93247.71861630218,0.0,92948.0,2225.2813836978166,4951877.23663207,1,1,2901
SVR,H1,451,2025-05-13,2025-05-14,93659.0,-0.0144566993027899,0.0002729381481719,92305.0,93684.56311401963,0.0,93659.0,1379.563114019635,1903194.3855635517,-1,1,2908
SVR,H2,451,2025-05-13,2025-05-15,93659.0,-0.0053812233741551,0.0008487221888788,93155.0,93738.4904714882,0.0,93659.0,583.4904714882141,340461.1303175384,-1,1,2907
SVR,H3,451,2025-05-13,2025-05-16,93659.0,-0.0129832690931998,0.001531254209954,92443.0,93802.41573805008,0.0,93659.0,1359.4157380500692,1848011.1488582145,-1,1,2906
SVR,H4,451,2025-05-13,2025-05-19,93659.0,-0.0036835755239752,0.0020137869664946,93314.0,93847.60927349492,0.0,93659.0,533.6092734949198,284738.85675977607,-1,1,2905
SVR,H5,451,2025-05-13,2025-05-20,93659.0,0.0117660876157124,0.0023702100498491,94761.0,93880.99150305885,0.0,93659.0,880.0084969411691,774414.9546886557,1,1,2904
SVR,H6,451,2025-05-13,2025-05-21,93659.0,0.0193681333347568,0.0028062001831032,95473.0,93921.82590294928,0.0,93659.0,1551.1740970507235,2406141.079361127,1,1,2903
SVR,H7,451,2025-05-13,2025-05-22,93659.0,0.0192400089687057,0.0032245496967007,95461.0,93961.0081000433,0.0,93659.0,1499.9918999567017,2249975.699935716,1,1,2902
SVR,H1,452,2025-05-14,2025-05-15,92305.0,0.0092086019175559,0.0002622960535793,93155.0,92329.21123722564,0.0,92305.0,825.7887627743476,681927.0807243877,1,1,2909
SVR,H2,452,2025-05-14,2025-05-16,92305.0,0.0014950436054383,0.0008459405115455,92443.0,92383.0845389182,0.0,92305.0,59.91546108179318,3589.8624766438734,1,1,2908
SVR,H3,452,2025-05-14,2025-05-19,92305.0,0.0109311521586046,0.0014963470682759,93314.0,92443.12031613724,0.0,92305.0,870.879683862775,758431.4237649268,1,1,2907
SVR,H4,452,2025-05-14,2025-05-20,92305.0,0.0266074427170792,0.0019869071893575,94761.0,92488.40146811365,0.0,92305.0,2272.598531886353,5164704.087132008,1,1,2906
SVR,H5,452,2025-05-14,2025-05-21,92305.0,0.0343210010291967,0.0023399347943546,95473.0,92520.98768119291,0.0,92305.0,2952.0123188070866,8714376.730388792,1,1,2905
SVR,H6,452,2025-05-14,2025-05-22,92305.0,0.0341909972374194,0.0027759077787987,95461.0,92561.23016752202,0.0,92305.0,2899.7698324779776,8408665.081349358,1,1,2904
SVR,H7,452,2025-05-14,2025-05-23,92305.0,0.0423054005741834,0.0032141311828107,96210.0,92601.68037882932,0.0,92305.0,3608.3196211706672,13019970.488525229,1,1,2903
SVR,H1,453,2025-05-15,2025-05-16,93155.0,-0.0076431753529064,0.0002642057330772,92443.0,93179.6120850648,0.0,93155.0,736.6120850648149,542597.3638635341,-1,1,2910
SVR,H2,453,2025-05-15,2025-05-19,93155.0,0.0017068326981912,0.0008438386212909,93314.0,93233.60778676636,0.0,93155.0,80.39221323363017,6462.907948601463,1,1,2909
SVR,H3,453,2025-05-15,2025-05-20,93155.0,0.0172400837314152,0.0014963480776427,94761.0,93294.39230517282,0.0,93155.0,1466.6076948271802,2150938.1305262954,1,1,2908
SVR,H4,453,2025-05-15,2025-05-21,93155.0,0.0248832590843217,0.0019645872745525,95473.0,93338.01112756097,0.0,93155.0,2134.988872439048,4558177.485438556,1,1,2907
SVR,H5,453,2025-05-15,2025-05-22,93155.0,0.024754441522194,0.0023224727155313,95461.0,93371.34994581532,0.0,93155.0,2089.6500541846763,4366637.34895402,1,1,2906
SVR,H6,453,2025-05-15,2025-05-23,93155.0,0.0327948043583274,0.0027550293921639,96210.0,93411.64476302704,0.0,93155.0,2798.355236972973,7830792.032294065,1,1,2905
SVR,H7,453,2025-05-15,2025-05-26,93155.0,0.0285438248081155,0.0031914888429711,95814.0,93452.30314316698,0.0,93155.0,2361.6968568330194,5577612.043574964,1,1,2904
SVR,H1,454,2025-05-16,2025-05-19,92443.0,0.0094220222190972,0.0002640870768101,93314.0,92467.41300164156,0.0,92443.0,846.5869983584271,716709.5457895314,1,1,2911
SVR,H2,454,2025-05-16,2025-05-20,92443.0,0.025074911026254,0.00084383815807,94761.0,92521.00693084646,0.0,92443.0,2239.993069153541,5017568.9498559,1,1,2910
SVR,H3,454,2025-05-16,2025-05-21,92443.0,0.0327769544476055,0.0014946631040084,95473.0,92581.17114132384,0.0,92443.0,2891.828858676148,8362674.147872194,1,1,2909
SVR,H4,454,2025-05-16,2025-05-22,92443.0,0.0326471447270209,0.0019645680502235,95461.0,92624.61056426684,0.0,92443.0,2836.3894357331737,8045105.031138752,1,1,2908
SVR,H5,454,2025-05-16,2025-05-23,92443.0,0.0407494347868415,0.0022970314182276,96210.0,92655.3444753952,0.0,92443.0,3554.6555246047938,12635575.898603382,1,1,2907
SVR,H6,454,2025-05-16,2025-05-26,92443.0,0.0364657140075506,0.0027345835179154,95814.0,92695.79310414668,0.0,92443.0,3118.2068958533346,9723214.24534729,1,1,2906
SVR,H7,454,2025-05-16,2025-05-27,92443.0,0.028255249180576,0.0031666135363821,95055.0,92735.73125514378,0.0,92443.0,2319.268744856221,5379007.510866951,1,1,2905
SVR,H1,455,2025-05-19,2025-05-20,93314.0,0.0155067835480207,0.0002662814816395,94761.0,93338.84779017772,0.0,93314.0,1422.1522098222922,2022516.907902429,1,1,2912
SVR,H2,455,2025-05-19,2025-05-21,93314.0,0.0231369355080695,0.0008440098957342,95473.0,93392.75793941056,0.0,93314.0,2080.242060589444,4327407.030645416,1,1,2911
SVR,H3,455,2025-05-19,2025-05-22,93314.0,0.0230083374413272,0.0014946525597489,95461.0,93453.47200896042,0.0,93314.0,2007.5279910395768,4030168.634807399,1,1,2910
SVR,H4,455,2025-05-19,2025-05-23,93314.0,0.031035000107165,0.0019645459754865,96210.0,93497.31964315654,0.0,93314.0,2712.6803568434552,7358634.718404336,1,1,2909
SVR,H5,455,2025-05-19,2025-05-26,93314.0,0.0267912639046659,0.0022969930273504,95814.0,93528.34160735416,0.0,93314.0,2285.658392645826,5224234.287872301,1,1,2908
SVR,H6,455,2025-05-19,2025-05-27,93314.0,0.0186574361832094,0.0027179821114581,95055.0,93567.6257827486,0.0,93314.0,1487.3742172513885,2212282.0621441808,1,1,2907
SVR,H7,455,2025-05-19,2025-05-28,93314.0,0.019964849861757,0.0031527334183361,95177.0,93608.19416619862,0.0,93314.0,1568.8058338013798,2461151.744169242,1,1,2906
SVR,H1,456,2025-05-20,2025-05-21,94761.0,0.0075136395774633,0.0002772830751898,95473.0,94787.27562148806,0.0,94761.0,685.7243785119354,470217.92328558,1,1,2913
SVR,H2,456,2025-05-20,2025-05-22,94761.0,0.0073870052025621,0.0008519961332556,95461.0,94841.73600558344,0.0,94761.0,619.2639944165712,383487.8947807672,1,1,2912
SVR,H3,456,2025-05-20,2025-05-23,94761.0,0.0152911007693037,0.0014978003632294,96210.0,94902.93306022,0.0,94761.0,1307.0669397800084,1708423.985065876,1,1,2911
SVR,H4,456,2025-05-20,2025-05-26,94761.0,0.0111121663975686,0.0019757266772825,95814.0,94948.22183566596,0.0,94761.0,865.7781643340277,749571.8298375986,1,1,2910
SVR,H5,456,2025-05-20,2025-05-27,94761.0,0.0031025421850761,0.0022969513046179,95055.0,94978.6614025769,0.0,94761.0,76.33859742310597,5827.581456527041,1,1,2909
SVR,H6,456,2025-05-20,2025-05-28,94761.0,0.004389991663237,0.0027210222999212,95177.0,95018.84679416283,0.0,94761.0,158.15320583716675,25012.436516573234,1,1,2908
SVR,H7,456,2025-05-20,2025-05-29,94761.0,0.0056352296830974,0.0031468971989614,95295.0,95059.20312547078,0.0,94761.0,235.79687452921644,55600.16603774704,1,1,2907
SVR,H1,457,2025-05-21,2025-05-22,95473.0,-0.0001256899856504,0.00027714330567,95461.0,95499.45970282223,0.0,95473.0,38.45970282223425,1479.148741174573,-1,1,2914
SVR,H2,457,2025-05-21,2025-05-23,95473.0,0.0077194599520282,0.0008593974951339,96210.0,95555.04925705292,0.0,95473.0,654.9507429470832,428960.4756869362,1,1,2913
SVR,H3,457,2025-05-21,2025-05-26,95473.0,0.0035716904255653,0.0015196395129453,95814.0,95618.08454321943,0.0,95473.0,195.9154567805672,38382.86620553829,1,1,2912
SVR,H4,457,2025-05-21,2025-05-27,95473.0,-0.004378201166822,0.0019852802604071,95055.0,95662.54066230186,0.0,95473.0,607.5406623018644,369105.656350188,-1,1,2911
SVR,H5,457,2025-05-21,2025-05-28,95473.0,-0.0031003529793763,0.0023121314232832,95177.0,95693.74612337512,0.0,95473.0,516.7461233751237,267026.5560232185,-1,1,2910
SVR,H6,457,2025-05-21,2025-05-29,95473.0,-0.0018644014538141,0.0027236385941638,95295.0,95733.0339475006,0.0,95473.0,438.033947500604,191873.7391629619,-1,1,2909
SVR,H7,457,2025-05-21,2025-05-30,95473.0,-0.0079708399233291,0.0031546579048298,94712.0,95774.18465414782,0.0,95473.0,1062.1846541478153,1128236.239507114,-1,1,2908
SVR,H1,458,2025-05-22,2025-05-23,95461.0,0.0078461361184147,0.0002770625696998,96210.0,95487.44866996612,0.0,95461.0,722.5513300338789,522080.4245337274,1,1,2915
SVR,H2,458,2025-05-22,2025-05-26,95461.0,0.0036978451933249,0.0008617307654804,95814.0,95543.26168060352,0.0,95461.0,270.7383193964779,73299.23758962928,1,1,2914
SVR,H3,458,2025-05-22,2025-05-27,95461.0,-0.0042530457464304,0.0015300051644085,95055.0,95607.0558229996,0.0,95461.0,552.055822999595,304765.6317077601,-1,1,2913
SVR,H4,458,2025-05-22,2025-05-28,95461.0,-0.0029750369260744,0.0020014512152659,95177.0,95652.0605344605,0.0,95461.0,475.0605344604992,225682.51140189517,-1,1,2912
SVR,H5,458,2025-05-22,2025-05-29,95461.0,-0.0017389300342548,0.0023202909861492,95295.0,95682.4972978288,0.0,95461.0,387.4972978287988,150154.15582462077,-1,1,2911
SVR,H6,458,2025-05-22,2025-05-30,95461.0,-0.0078461361184148,0.0027368622097979,94712.0,95722.26360340952,0.0,95461.0,1010.263603409534,1020632.5483740162,-1,1,2910
SVR,H7,458,2025-05-22,2025-06-02,95461.0,0.020238631483014,0.0031569755306541,97393.0,95762.36804113178,0.0,95461.0,1630.6319588682236,2658960.58528242,1,1,2909
SVR,H1,459,2025-05-23,2025-05-26,96210.0,-0.0041159962581852,0.0002768225461777,95814.0,96236.63309716777,0.0,96210.0,422.6330971677671,178618.7348216193,-1,1,2916
SVR,H2,459,2025-05-23,2025-05-27,96210.0,-0.0120049890863735,0.0008639436017813,95055.0,96293.1200139274,0.0,96210.0,1238.120013927386,1532941.1688875505,-1,1,2915
SVR,H3,459,2025-05-23,2025-05-28,96210.0,-0.0107369296330942,0.00153132247035,95177.0,96357.32853487236,0.0,96210.0,1180.328534872373,1393175.4502339626,-1,1,2914
SVR,H4,459,2025-05-23,2025-05-29,96210.0,-0.0095104458995946,0.0020157427969398,95295.0,96403.93461449358,0.0,96210.0,1108.9346144935844,1229735.9792220346,-1,1,2913
SVR,H5,459,2025-05-23,2025-05-30,96210.0,-0.0155701070574784,0.002341731720871,94712.0,96435.298008865,0.0,96210.0,1723.2980088650074,2969756.0273581,-1,1,2912
SVR,H6,459,2025-05-23,2025-06-02,96210.0,0.0122960191248311,0.002749464987946,97393.0,96474.52602649028,0.0,96210.0,918.47397350971,843594.4400147155,1,1,2911
SVR,H7,459,2025-05-23,2025-06-03,96210.0,0.0103731420850223,0.00317440080188,97208.0,96515.40910114888,0.0,96210.0,692.5908988511073,479682.1531713848,1,1,2910
SVR,H1,460,2025-05-26,2025-05-27,95814.0,-0.0079215980963116,0.0002767813307522,95055.0,95840.5195264247,0.0,95814.0,785.5195264247013,617040.926394487,-1,1,2917
SVR,H2,460,2025-05-26,2025-05-28,95814.0,-0.0066482977435448,0.0008647094151951,95177.0,95896.85126790752,0.0,95814.0,719.8512679075211,518185.8479080657,-1,1,2916
SVR,H3,460,2025-05-26,2025-05-29,95814.0,-0.0054167449433276,0.0015313185990078,95295.0,95960.72176024532,0.0,95814.0,665.7217602453311,443185.4620641421,-1,1,2915
SVR,H4,460,2025-05-26,2025-05-30,95814.0,-0.0115014507274511,0.0020157349369434,94712.0,96007.1356272483,0.0,95814.0,1295.1356272482954,1677376.2929678354,-1,1,2914
SVR,H5,460,2025-05-26,2025-06-02,95814.0,0.0164798463690065,0.0023512089234878,97393.0,96039.27873179506,0.0,95814.0,1353.721268204943,1832561.2719903996,1,1,2913
SVR,H6,460,2025-05-26,2025-06-03,95814.0,0.0145490220635815,0.0027633191696868,97208.0,96078.76466292438,0.0,95814.0,1129.2353370756173,1275172.446500283,1,1,2912
SVR,H7,460,2025-05-26,2025-06-04,95814.0,0.0225332414887178,0.0031827232494886,97973.0,96118.94944542652,0.0,95814.0,1854.0505545734777,3437503.4589142203,1,1,2911
SVR,H1,461,2025-05-27,2025-05-28,95055.0,0.0012834674662036,0.0002757631670764,95177.0,95081.21266784646,0.0,95055.0,95.7873321535444,9175.213001093443,1,1,2918
SVR,H2,461,2025-05-27,2025-05-29,95055.0,0.0025248540318763,0.000860338266215,95295.0,95136.77945389508,0.0,95055.0,158.22054610491614,25033.74120973789,1,1,2917
SVR,H3,461,2025-05-27,2025-05-30,95055.0,-0.0036084372205564,0.0015313126159202,94712.0,95200.5589207063,0.0,95055.0,488.55892070630216,238689.81900170684,-1,1,2916
SVR,H4,461,2025-05-27,2025-06-02,95055.0,0.024596286360528,0.0020157299434748,97393.0,95246.605209777,0.0,95055.0,2146.3947902229997,4607010.595496433,1,1,2915
SVR,H5,461,2025-05-27,2025-06-03,95055.0,0.0226500447109567,0.0023511966683645,97208.0,95278.4929993114,0.0,95055.0,1929.507000688609,3722997.265706352,1,1,2914
SVR,H6,461,2025-05-27,2025-06-04,95055.0,0.0306980169375623,0.002765284507893,97973.0,95317.85411889775,0.0,95055.0,2655.145881102231,7049799.649934144,1,1,2913
SVR,H7,461,2025-05-27,2025-06-05,95055.0,0.0248277313134501,0.0031904790412399,97415.0,95358.27098526507,0.0,95055.0,2056.7290147349267,4230134.240052503,1,1,2912
SVR,H1,462,2025-05-28,2025-05-29,95177.0,0.0012397953287033,0.0002757212014529,95295.0,95203.2423167907,0.0,95177.0,91.75768320930364,8419.472427938925,1,1,2919
SVR,H2,462,2025-05-28,2025-05-30,95177.0,-0.0048856341342971,0.0008578964947629,94712.0,95258.65201468204,0.0,95177.0,546.6520146820549,298828.42515594955,-1,1,2918
SVR,H3,462,2025-05-28,2025-06-02,95177.0,0.0232829360034461,0.0015313126570053,97393.0,95322.7457447558,0.0,95177.0,2070.254255244203,4285952.681356729,1,1,2917
SVR,H4,462,2025-05-28,2025-06-03,95177.0,0.0213391890898011,0.0020157188001635,97208.0,95368.85006824316,0.0,95177.0,1839.1499317568375,3382472.471481181,1,1,2916
SVR,H5,462,2025-05-28,2025-06-04,95177.0,0.0293768452462255,0.0023511762975692,97973.0,95400.77790647374,0.0,95177.0,2572.2220935262594,6616326.498424613,1,1,2915
SVR,H6,462,2025-05-28,2025-06-05,95177.0,0.0235140842850689,0.0027652451322661,97415.0,95440.1877359537,0.0,95177.0,1974.812264046297,3899883.478227662,1,1,2914
SVR,H7,462,2025-05-28,2025-06-06,95177.0,0.0154238944282756,0.0031926004611446,96645.0,95480.86213409036,0.0,95177.0,1164.1378659096372,1355216.9708446444,1,1,2913
SVR,H1,463,2025-05-29,2025-05-30,95295.0,-0.0061178445878588,0.0002756794110247,94712.0,95321.2708694736,0.0,95295.0,609.2708694736066,371210.9923891245,-1,1,2920
SVR,H2,463,2025-05-29,2025-06-02,95295.0,0.0220158455322945,0.0008582407606573,97393.0,95376.78605328684,0.0,95295.0,2016.2139467131487,4065118.6789206136,1,1,2919
SVR,H3,463,2025-05-29,2025-06-03,95295.0,0.0200745054829738,0.0015313179277879,97208.0,95440.92694192854,0.0,95295.0,1767.073058071459,3122547.1925620176,1,1,2918
SVR,H4,463,2025-05-29,2025-06-04,95295.0,0.0281022089301641,0.0020157123869324,97973.0,95487.08731191272,0.0,95295.0,2485.912688087279,6179761.892793322,1,1,2917
SVR,H5,463,2025-05-29,2025-06-05,95295.0,0.0222467075922137,0.0023511610288915,97415.0,95519.05389024822,0.0,95295.0,1895.9461097517776,3594611.6510829004,1,1,2916
SVR,H6,463,2025-05-29,2025-06-06,95295.0,0.0141665354950417,0.0027652321155582,96645.0,95558.51279445212,0.0,95295.0,1086.4872055478772,1180454.4478192353,1,1,2915
SVR,H7,463,2025-05-29,2025-06-09,95295.0,0.0147751718348287,0.0031925636116713,96703.0,95599.23534937424,0.0,95295.0,1103.7646506257734,1218296.4039710355,1,1,2914
SVR,H1,464,2025-05-30,2025-06-02,94712.0,0.0283068671340485,0.0002756529044225,97393.0,94738.10763788367,0.0,94712.0,2654.8923621163267,7048453.454423609,1,1,2921
SVR,H2,464,2025-05-30,2025-06-03,94712.0,0.0263535771602332,0.0008564344673556,97208.0,94793.11462127218,0.0,94712.0,2414.8853787278204,5831671.392393408,1,1,2920
SVR,H3,464,2025-05-30,2025-06-04,94712.0,0.0344306951600641,0.001531314744836,97973.0,94857.0338821129,0.0,94712.0,3115.966117887103,9709244.847820424,1,1,2919
SVR,H4,464,2025-05-30,2025-06-05,94712.0,0.0285391502660696,0.0020142944131835,97415.0,94902.77785246144,0.0,94712.0,2512.2221475385595,6311260.118583252,1,1,2918
SVR,H5,464,2025-05-30,2025-06-06,94712.0,0.0204092406453246,0.0023467519211539,96645.0,94934.26556795632,0.0,94712.0,1710.7344320436678,2926612.2969797705,1,1,2917
SVR,H6,464,2025-05-30,2025-06-09,94712.0,0.0210216234479263,0.0027651988782653,96703.0,94973.89751615826,0.0,94712.0,1729.102483841736,2989795.3996276613,1,1,2916
SVR,H7,464,2025-05-30,2025-06-10,94712.0,0.0182659008362193,0.0031925501359451,96442.0,95014.37280847564,0.0,94712.0,1427.6271915243706,2038119.397979762,1,1,2915
SVR,H1,465,2025-06-02,2025-06-03,97393.0,-0.0018995204994198,0.0003002214464278,97208.0,97422.23946733196,0.0,97393.0,214.23946733195044,45898.549362677855,-1,1,2922
SVR,H2,465,2025-06-02,2025-06-04,97393.0,0.0059552534576405,0.0008632925163269,97973.0,97477.07864804265,0.0,97393.0,495.9213519573677,245937.9873272234,1,1,2921
SVR,H3,465,2025-06-02,2025-06-05,97393.0,0.0002258889242552,0.0015419732759432,97415.0,97543.17740326394,0.0,97393.0,128.17740326393687,16429.446707485895,1,1,2920
SVR,H4,465,2025-06-02,2025-06-06,97393.0,-0.0076802234246814,0.0020229023903608,96645.0,97590.0165325044,0.0,97393.0,945.0165325044072,893056.2467066534,-1,1,2919
SVR,H5,465,2025-06-02,2025-06-09,97393.0,-0.0070846980789174,0.0023480169299955,96703.0,97621.68041286306,0.0,97393.0,918.6804128630612,843973.7009782443,-1,1,2918
SVR,H6,465,2025-06-02,2025-06-10,97393.0,-0.0097645621348556,0.0027651925627402,96442.0,97662.31039926296,0.0,97393.0,1220.3103992629622,1489157.47054933,-1,1,2917
SVR,H7,465,2025-06-02,2025-06-11,97393.0,-0.0115614058505231,0.0031951779138273,96267.0,97704.18796256138,0.0,97393.0,1437.18796256138,2065509.239731331,-1,1,2916
SVR,H1,466,2025-06-03,2025-06-04,97208.0,0.0078697226565713,0.000300172035816,97973.0,97237.1791232576,0.0,97208.0,735.820876742393,541432.3626499439,1,1,2923
SVR,H2,466,2025-06-03,2025-06-05,97208.0,0.0021294543658958,0.0008719557867609,97415.0,97292.76107811944,0.0,97208.0,122.23892188054742,14942.354022518575,1,1,2922
SVR,H3,466,2025-06-03,2025-06-06,97208.0,-0.0057917043864702,0.0015488646828447,96645.0,97358.56203808998,0.0,97208.0,713.5620380899782,509170.7822031234,-1,1,2921
SVR,H4,466,2025-06-03,2025-06-09,97208.0,-0.005195045675253,0.0020290954177334,96703.0,97405.24430736704,0.0,97208.0,702.2443073670438,493147.0672294191,-1,1,2920
SVR,H5,466,2025-06-03,2025-06-10,97208.0,-0.0078800098757303,0.0023543915275848,96442.0,97436.86569161346,0.0,97208.0,994.8656916134642,989757.7443495364,-1,1,2919
SVR,H6,466,2025-06-03,2025-06-11,97208.0,-0.0096802732285408,0.0027651871805724,96267.0,97476.7983154491,0.0,97208.0,1209.798315449094,1463611.9640634654,-1,1,2918
SVR,H7,466,2025-06-03,2025-06-12,97208.0,0.0059460126738539,0.0031951700244654,97786.0,97518.59608773825,0.0,97208.0,267.4039122617687,71504.8522928997,1,1,2917
SVR,H1,467,2025-06-04,2025-06-05,97973.0,-0.0056954467047043,0.0003001223651068,97415.0,98002.40388847662,0.0,97973.0,587.4038884766196,345043.328197453,-1,1,2924
SVR,H2,467,2025-06-04,2025-06-06,97973.0,-0.0135547548814469,0.0008737648266261,96645.0,98058.60536135903,0.0,97973.0,1413.6053613590484,1998280.1176630456,-1,1,2923
SVR,H3,467,2025-06-04,2025-06-09,97973.0,-0.0129627550447571,0.0015718795379104,96703.0,98127.0017539677,0.0,97973.0,1424.0017539677065,2027780.9953031044,-1,1,2922
SVR,H4,467,2025-06-04,2025-06-10,97973.0,-0.0156267543098609,0.002040958773732,96442.0,98172.95885393884,0.0,97973.0,1730.9588539388496,2996218.554029296,-1,1,2921
SVR,H5,467,2025-06-04,2025-06-11,97973.0,-0.017412960713666,0.002364531590398,96267.0,98204.66025350608,0.0,97973.0,1937.660253506081,3754527.2580172494,-1,1,2920
SVR,H6,467,2025-06-04,2025-06-12,97973.0,-0.0019086891286375,0.0027757972746061,97786.0,98244.95318638498,0.0,97973.0,458.9531863849843,210638.0272929301,-1,1,2919
SVR,H7,467,2025-06-04,2025-06-13,97973.0,0.0161473058903984,0.003199759747113,99555.0,98286.49006170392,0.0,97973.0,1268.509938296076,1609117.4635559148,1,1,2918
SVR,H1,468,2025-06-05,2025-06-06,97415.0,-0.0079043268490478,0.0003000765558798,96645.0,97444.23195769104,0.0,97415.0,799.2319576910377,638771.7221946487,-1,1,2925
SVR,H2,468,2025-06-05,2025-06-09,97415.0,-0.0073089359954832,0.0008742009064236,96703.0,97500.16028129926,0.0,97415.0,797.1602812992642,635464.514081122,-1,1,2924
SVR,H3,468,2025-06-05,2025-06-10,97415.0,-0.0099881948365241,0.0015718762779467,96442.0,97568.12432761615,0.0,97415.0,1126.1243276161697,1268156.0012489697,-1,1,2923
SVR,H4,468,2025-06-05,2025-06-11,97415.0,-0.0117846327567623,0.0020537317724928,96267.0,97615.0642806174,0.0,97415.0,1348.0642806174,1817277.3046765083,-1,1,2922
SVR,H5,468,2025-06-05,2025-06-12,97415.0,0.0038084483909048,0.0023705456855337,97786.0,97645.92670795629,0.0,97415.0,140.0732920437149,19620.527143963845,1,1,2921
SVR,H6,468,2025-06-05,2025-06-13,97415.0,0.0219678694246265,0.0027818213359391,99555.0,97685.99112544052,0.0,97415.0,1869.008874559484,3493194.173182109,1,1,2920
SVR,H7,468,2025-06-05,2025-06-16,97415.0,0.012102858902633,0.0032059198891569,98594.0,97727.30468600224,0.0,97415.0,866.6953139977704,751160.7673056938,1,1,2919
SVR,H1,469,2025-06-06,2025-06-09,96645.0,0.000600134512908,0.0002985840784712,96703.0,96673.85665826386,0.0,96645.0,29.143341736140428,849.3343675494646,1,1,2926
SVR,H2,469,2025-06-06,2025-06-10,96645.0,-0.0021004707951782,0.000869042938956,96442.0,96728.9886548354,0.0,96645.0,286.988654835397,82362.48800423066,-1,1,2925
SVR,H3,469,2025-06-06,2025-06-11,96645.0,-0.0039112214806766,0.0015718241071771,96267.0,96796.90894083814,0.0,96645.0,529.9089408381406,280803.4855801999,-1,1,2924
SVR,H4,469,2025-06-06,2025-06-12,96645.0,0.01180609446945,0.0020537248003869,97786.0,96843.4822333334,0.0,96645.0,942.5177666666132,888339.7404822203,1,1,2923
SVR,H5,469,2025-06-06,2025-06-13,96645.0,0.0301101971131461,0.0023750203729269,99555.0,96874.53384394152,0.0,96645.0,2680.466156058479,7184898.813774919,1,1,2922
SVR,H6,469,2025-06-06,2025-06-16,96645.0,0.0201665890630657,0.0027818237994227,98594.0,96913.8493610952,0.0,96645.0,1680.1506389047863,2822906.1694121617,1,1,2921
SVR,H7,469,2025-06-06,2025-06-17,96645.0,0.0234466345905117,0.0032059133364446,98911.0,96954.83549440069,0.0,96645.0,1956.164505599314,3826579.5729666087,1,1,2920
SVR,H1,470,2025-06-09,2025-06-10,96703.0,-0.0026989855537056,0.0002984726952111,96442.0,96731.863205045,0.0,96703.0,289.863205044996,84020.6776389574,-1,1,2927
SVR,H2,470,2025-06-09,2025-06-11,96703.0,-0.0045086501969948,0.000866127698214,96267.0,96786.7571468004,0.0,96703.0,519.757146800388,270147.4916500801,-1,1,2926
SVR,H3,470,2025-06-09,2025-06-12,96703.0,0.0111992389067556,0.0015695842224284,97786.0,96854.7835030615,0.0,96703.0,931.2164969385047,867164.1641704204,1,1,2925
SVR,H4,470,2025-06-09,2025-06-13,96703.0,0.0294923632152053,0.0020537189975462,99555.0,96901.60078821972,0.0,96703.0,2653.3992117802845,7040527.377076236,1,1,2924
SVR,H5,470,2025-06-09,2025-06-16,96703.0,0.0195547190883427,0.0023750132604208,98594.0,96932.67090732248,0.0,96703.0,1661.3290926775226,2760014.35417672,1,1,2923
SVR,H6,470,2025-06-09,2025-06-17,96703.0,0.022832797327901,0.0027859873306844,98911.0,96972.41333283918,0.0,96703.0,1938.586667160824,3758118.2660937104,1,1,2922
SVR,H7,470,2025-06-09,2025-06-18,96703.0,0.0242184833976195,0.0032059137542645,99045.0,97013.02147777865,0.0,96703.0,2031.978522221354,4128936.7147688777,1,1,2921
SVR,H1,471,2025-06-10,2025-06-11,96442.0,-0.0018145621202381,0.0002983734191091,96267.0,96470.77572928571,0.0,96442.0,203.7757292857132,41524.54784592426,-1,1,2928
SVR,H2,471,2025-06-10,2025-06-12,96442.0,0.0139358370834283,0.0008650804321223,97786.0,96525.43008703477,0.0,96442.0,1260.5699129652494,1589036.5054732163,1,1,2927
SVR,H3,471,2025-06-10,2025-06-13,96442.0,0.0322784678874348,0.0015695768346336,99555.0,96593.37312908572,0.0,96442.0,2961.626870914275,8771233.72252148,1,1,2926
SVR,H4,471,2025-06-10,2025-06-16,96442.0,0.0223139296157275,0.0020490634550893,98594.0,96639.61577773571,0.0,96442.0,1954.3842222642704,3819617.688235518,1,1,2925
SVR,H5,471,2025-06-10,2025-06-17,96442.0,0.0256008792849589,0.0023749857470421,98911.0,96671.04837541624,0.0,96442.0,2239.951624583773,5017383.280475484,1,1,2924
SVR,H6,471,2025-06-10,2025-06-18,96442.0,0.0269903154227411,0.0027859767075666,99045.0,96710.68516563116,0.0,96442.0,2334.314834368852,5449025.74595448,1,1,2923
SVR,H7,471,2025-06-10,2025-06-19,96442.0,0.0251550154497004,0.0032072303261156,98868.0,96751.31170711124,0.0,96442.0,2116.68829288875,4480369.329252291,1,1,2922
SVR,H1,472,2025-06-11,2025-06-12,96267.0,0.0157790312360415,0.0002983805229597,97786.0,96295.72419780376,0.0,96267.0,1490.2758021962363,2220921.966611636,1,1,2929
SVR,H2,472,2025-06-11,2025-06-13,96267.0,0.0341550063884821,0.0008631714553491,99555.0,96350.0949264921,0.0,96267.0,3204.905073507907,10271416.530196724,1,1,2928
SVR,H3,472,2025-06-11,2025-06-16,96267.0,0.0241723539738436,0.0015695712481508,98594.0,96418.09791534574,0.0,96267.0,2175.9020846542558,4734549.882002734,1,1,2927
SVR,H4,472,2025-06-11,2025-06-17,96267.0,0.0274652788598377,0.0020479386102509,98911.0,96464.14890619303,0.0,96267.0,2446.8510938069667,5987080.275264349,1,1,2926
SVR,H5,472,2025-06-11,2025-06-18,96267.0,0.0288572407990277,0.0023690759561301,99045.0,96495.06383506878,0.0,96267.0,2549.9361649312195,6502174.445224135,1,1,2925
SVR,H6,472,2025-06-11,2025-06-19,96267.0,0.027018604506217,0.002785962022284,98868.0,96535.19620599922,0.0,96267.0,2332.803794000778,5441973.541304424,1,1,2924
SVR,H7,472,2025-06-11,2025-06-20,96267.0,0.0239645984605316,0.0032060858874934,98574.0,96575.64027013132,0.0,96267.0,1998.35972986868,3993441.609960824,1,1,2923
SVR,H1,473,2025-06-12,2025-06-13,97786.0,0.018090524205919,0.0003100408944857,99555.0,97816.31765890816,0.0,97786.0,1738.6823410918296,3023016.283224565,1,1,2930
SVR,H2,473,2025-06-12,2025-06-16,97786.0,0.0082629415253716,0.0008678365754465,98594.0,97870.8622673666,0.0,97786.0,723.1377326333895,522928.1803581596,1,1,2929
SVR,H3,473,2025-06-12,2025-06-17,97786.0,0.0115047143762911,0.0015695648090496,98911.0,97939.48146441774,0.0,97786.0,971.5185355822614,943848.2649799016,1,1,2928
SVR,H4,473,2025-06-12,2025-06-18,97786.0,0.012875053688667,0.0020479300040278,99045.0,97986.25888337388,0.0,97786.0,1058.74111662613,1120932.7520347445,1,1,2927
SVR,H5,473,2025-06-12,2025-06-19,97786.0,0.0110649786267973,0.0023690594588352,98868.0,98017.66084824166,0.0,97786.0,850.3391517583368,723076.6730130877,1,1,2926
SVR,H6,473,2025-06-12,2025-06-20,97786.0,0.0080584132697931,0.0027859466557696,98574.0,98058.42657968108,0.0,97786.0,515.5734203189204,265815.95173935016,1,1,2925
SVR,H7,473,2025-06-12,2025-06-23,97786.0,0.0109013560223345,0.0032060659603635,98852.0,98099.5083660001,0.0,97786.0,752.4916339999036,566243.6592398449,1,1,2924
SVR,H1,474,2025-06-13,2025-06-16,99555.0,-0.0096529556526543,0.0003244514532438,98594.0,99587.3007644277,0.0,99555.0,993.300764427695,986646.4086126433,-1,1,2931
SVR,H2,474,2025-06-13,2025-06-17,99555.0,-0.0064687860981367,0.0008783264369009,98911.0,99642.44178842568,0.0,99555.0,731.4417884256836,535007.0898553625,-1,1,2930
SVR,H3,474,2025-06-13,2025-06-18,99555.0,-0.0051227964441765,0.0015905689983348,99045.0,99713.34909662924,0.0,99555.0,668.3490966292302,446690.5149651081,-1,1,2929
SVR,H4,474,2025-06-13,2025-06-19,99555.0,-0.0069007081512731,0.0020615561618922,98868.0,99760.23822369718,0.0,99555.0,892.2382236971753,796089.0478262906,-1,1,2928
SVR,H5,474,2025-06-13,2025-06-20,99555.0,-0.0098538496308573,0.0023811673947646,98574.0,99792.0571199858,0.0,99555.0,1218.057119985795,1483663.1475480895,-1,1,2927
SVR,H6,474,2025-06-13,2025-06-23,99555.0,-0.0070614233338355,0.0027907717507746,98852.0,99832.83528164835,0.0,99555.0,980.8352816483676,962037.8497262324,-1,1,2926
SVR,H7,474,2025-06-13,2025-06-24,99555.0,-0.0304756164933955,0.0032060463880961,96521.0,99874.17794816692,0.0,99555.0,3353.1779481669078,11243802.352072831,-1,1,2925
SVR,H1,475,2025-06-16,2025-06-17,98594.0,0.003215205793456,0.0003199895845875,98911.0,98625.54905310283,0.0,98594.0,285.45094689716643,81482.24308448893,1,1,2932
SVR,H2,475,2025-06-16,2025-06-18,98594.0,0.0045743148670305,0.0008809510605769,99045.0,98680.85648886651,0.0,98594.0,364.1435111334722,132600.4967006132,1,1,2931
SVR,H3,475,2025-06-16,2025-06-19,98594.0,0.002779073777309,0.0016021145289972,98868.0,98751.95887987196,0.0,98594.0,116.04112012803672,13465.541560569449,1,1,2930
SVR,H4,475,2025-06-16,2025-06-20,98594.0,-0.0002028521005335,0.0020685560014205,98574.0,98797.94721040405,0.0,98594.0,223.94721040404693,50152.35304775446,-1,1,2929
SVR,H5,475,2025-06-16,2025-06-23,98594.0,0.0026167920968822,0.0023849089519921,98852.0,98829.13771321272,0.0,98594.0,22.86228678729094,522.684157144338,1,1,2928
SVR,H6,475,2025-06-16,2025-06-24,98594.0,-0.0210256202202974,0.0027935329329624,96521.0,98869.4255859925,0.0,98594.0,2348.425585992504,5515102.732944232,-1,1,2927
SVR,H7,475,2025-06-16,2025-06-25,98594.0,-0.018601537618922,0.0032060210176895,96760.0,98910.09443621807,0.0,98594.0,2150.094436218089,4622906.0846559815,-1,1,2926
SVR,H1,476,2025-06-17,2025-06-18,98911.0,0.0013547532630344,0.0003199422214649,99045.0,98942.64580506732,0.0,98911.0,102.35419493267544,10476.381220316123,1,1,2933
SVR,H2,476,2025-06-17,2025-06-19,98911.0,-0.0004347342560483,0.0008783411680034,98868.0,98997.8776032684,0.0,98911.0,129.87760326839634,16868.191830742955,-1,1,2932
SVR,H3,476,2025-06-17,2025-06-20,98911.0,-0.0034071033555418,0.0016021076900762,98574.0,99069.46607373314,0.0,98911.0,495.4660737331433,245486.63022053655,-1,1,2931
SVR,H4,476,2025-06-17,2025-06-23,98911.0,-0.0005964958396942,0.0020802686913606,98852.0,99116.76145653117,0.0,98911.0,264.7614565311669,70098.628864505,-1,1,2930
SVR,H5,476,2025-06-17,2025-06-24,98911.0,-0.0241631365571068,0.0023936252612491,96521.0,99147.7558682154,0.0,98911.0,2626.755868215405,6899846.391204066,-1,1,2929
SVR,H6,476,2025-06-17,2025-06-25,98911.0,-0.0217468229013961,0.0027985412746918,96760.0,99187.80651602104,0.0,98911.0,2427.806516021039,5894244.479234216,-1,1,2928
SVR,H7,476,2025-06-17,2025-06-26,98911.0,-0.0248607333865799,0.0032108505179086,96452.0,99228.58843557686,0.0,98911.0,2776.588435576865,7709443.340579182,-1,1,2927
SVR,H1,477,2025-06-18,2025-06-19,99045.0,-0.001787066484931,0.0003199097852585,98868.0,99076.68546468094,0.0,99045.0,208.685464680937,43549.6231690986,-1,1,2934
SVR,H2,477,2025-06-18,2025-06-20,99045.0,-0.004755414205664,0.0008796467811299,98574.0,99132.12461543705,0.0,99045.0,558.124615437031,311503.0863567337,-1,1,2933
SVR,H3,477,2025-06-18,2025-06-23,99045.0,-0.0019486092180321,0.0016021001421038,98852.0,99203.68000857468,0.0,99045.0,351.68000857468,123678.82843108696,-1,1,2932
SVR,H4,477,2025-06-18,2025-06-24,99045.0,-0.0254833661467009,0.002080260135377,96521.0,99251.03936510845,0.0,99045.0,2730.0393651084305,7453114.935041643,-1,1,2931
SVR,H5,477,2025-06-18,2025-06-25,99045.0,-0.023070321571003,0.0024042049182255,96760.0,99283.12447612564,0.0,99045.0,2523.124476125653,6366157.122024351,-1,1,2930
SVR,H6,477,2025-06-18,2025-06-26,99045.0,-0.0261800191831995,0.0028070867413434,96452.0,99323.02790629635,0.0,99045.0,2871.0279062963677,8242801.238732503,-1,1,2929
SVR,H7,477,2025-06-18,2025-06-27,99045.0,-0.0417688929274572,0.0032161916583729,94908.0,99363.54770280355,0.0,99045.0,4455.547702803553,19851905.33195802,-1,1,2928
SVR,H1,478,2025-06-19,2025-06-20,98868.0,-0.0029736618521665,0.0003198691965819,98574.0,98899.62482772768,0.0,98868.0,325.62482772767544,106031.5284326783,-1,1,2935
SVR,H2,478,2025-06-19,2025-06-23,98868.0,-0.0001618319375328,0.0008791924766945,98852.0,98954.92400178584,0.0,98868.0,102.92400178585376,10593.350143614429,-1,1,2934
SVR,H3,478,2025-06-19,2025-06-24,98868.0,-0.0237387223368531,0.0016020955006391,96521.0,99026.3959779572,0.0,98868.0,2505.3959779571887,6277009.006364058,-1,1,2933
SVR,H4,478,2025-06-19,2025-06-25,98868.0,-0.0213213577699559,0.0020802487521324,96760.0,99073.67003362584,0.0,98868.0,2313.6700336258364,5353069.024498179,-1,1,2932
SVR,H5,478,2025-06-19,2025-06-26,98868.0,-0.0244366225674637,0.0024041977535221,96452.0,99105.69822349524,0.0,98868.0,2653.6982234952447,7042114.261381818,-1,1,2931
SVR,H6,478,2025-06-19,2025-06-27,98868.0,-0.0400534045393858,0.0028156424039523,94908.0,99146.37693319395,0.0,98868.0,4238.376933193955,17963839.027830593,-1,1,2930
SVR,H7,478,2025-06-19,2025-06-30,98868.0,-0.0322652425456163,0.003222234585006,95678.0,99186.57588895036,0.0,98868.0,3508.575888950363,12310104.76852383,-1,1,2929
SVR,H1,479,2025-06-20,2025-06-23,98574.0,0.0028202162842128,0.0003198307711011,98852.0,98605.52699843052,0.0,98574.0,246.47300156946585,60748.94050266191,1,1,2936
SVR,H2,479,2025-06-20,2025-06-24,98574.0,-0.0208269929190253,0.0008771971413744,96521.0,98660.46883101384,0.0,98574.0,2139.46883101383,4577326.878879684,-1,1,2935
SVR,H3,479,2025-06-20,2025-06-25,98574.0,-0.0184024184876336,0.0016020916618972,96760.0,98731.92458347986,0.0,98574.0,1971.924583479864,3888486.5629322343,-1,1,2934
SVR,H4,479,2025-06-20,2025-06-26,98574.0,-0.021526974658632,0.0020804234632135,96452.0,98779.0756624628,0.0,98574.0,2327.075662462797,5415281.138826667,-1,1,2933
SVR,H5,479,2025-06-20,2025-06-27,98574.0,-0.0371903341651956,0.0024041884178334,94908.0,98810.99046909952,0.0,98574.0,3902.990469099517,15233334.60188167,-1,1,2932
SVR,H6,479,2025-06-20,2025-06-30,98574.0,-0.0293789437376995,0.0028156320166852,95678.0,98851.54811041272,0.0,98574.0,3173.548110412725,10071407.609104175,-1,1,2931
SVR,H7,479,2025-06-20,2025-07-01,98574.0,-0.0135431249619575,0.0032270856235538,97239.0,98892.1067382562,0.0,98574.0,1653.1067382562032,2732761.888068063,-1,1,2930
SVR,H1,480,2025-06-23,2025-06-24,98852.0,-0.0235807065107432,0.0003197887498184,96521.0,98883.61175749704,0.0,98852.0,2362.6117574970413,5581934.316663258,-1,1,2937
SVR,H2,480,2025-06-23,2025-06-25,98852.0,-0.0211629506737345,0.0008770942704235,96760.0,98938.7025228199,0.0,98852.0,2178.7025228199054,4746744.6829418205,-1,1,2936
SVR,H3,480,2025-06-23,2025-06-26,98852.0,-0.0242787197021809,0.0016020882352632,96452.0,99010.36962623223,0.0,98852.0,2558.3696262322337,6545255.144427659,-1,1,2935
SVR,H4,480,2025-06-23,2025-06-27,98852.0,-0.0398980293772508,0.0020804200703233,94908.0,99057.6536847916,0.0,98852.0,4149.6536847916,17219625.7037045,-1,1,2934
SVR,H5,480,2025-06-23,2025-06-30,98852.0,-0.0321086068061344,0.0024041963234974,95678.0,99089.65961497038,0.0,98852.0,3411.659614970384,11639421.328419866,-1,1,2933
SVR,H6,480,2025-06-23,2025-07-01,98852.0,-0.0163173228665075,0.0028156189212374,97239.0,99130.32956160216,0.0,98852.0,1891.329561602164,3577127.5105902343,-1,1,2932
SVR,H7,480,2025-06-23,2025-07-02,98852.0,-0.0151843159470723,0.0032270639207095,97351.0,99171.00172268998,0.0,98852.0,1820.00172268998,3312406.270594495,-1,1,2931
SVR,H1,481,2025-06-24,2025-06-25,96521.0,0.0024761450875974,0.0002975627329686,96760.0,96549.72105254886,0.0,96521.0,210.27894745113736,44217.23574115818,1,1,2938
SVR,H2,481,2025-06-24,2025-06-26,96521.0,-0.0007148703390972,0.0008698339925938,96452.0,96604.95724679915,0.0,96521.0,152.95724679915293,23395.919348376978,-1,1,2937
SVR,H3,481,2025-06-24,2025-06-27,96521.0,-0.0167113892313589,0.0015873531911039,94908.0,96674.21291735854,0.0,96521.0,1766.2129173585415,3119508.069444171,-1,1,2936
SVR,H4,481,2025-06-24,2025-06-30,96521.0,-0.0087338506646221,0.0020667143035747,95678.0,96720.48133129536,0.0,96521.0,1042.4813312953484,1086767.326099322,-1,1,2935
SVR,H5,481,2025-06-24,2025-07-01,96521.0,0.0074387957024895,0.002393531636177,97239.0,96752.02606705544,0.0,96521.0,486.9739329445583,237143.6113674912,1,1,2934
SVR,H6,481,2025-06-24,2025-07-02,96521.0,0.0085991649485603,0.002807332528372,97351.0,96791.966542971,0.0,96521.0,559.0334570289851,312518.4060777782,1,1,2933
SVR,H7,481,2025-06-24,2025-07-03,96521.0,0.002900923115177,0.0032136658354511,96801.0,96831.18624010358,0.0,96521.0,30.186240103575983,911.2090915907388,1,1,2932
SVR,H1,482,2025-06-25,2025-06-26,96760.0,-0.0031831335262505,0.0002975260164924,96452.0,96788.78861735582,0.0,96760.0,336.78861735582177,113426.57278044612,-1,1,2939
SVR,H2,482,2025-06-25,2025-06-27,96760.0,-0.0191401405539478,0.0008623066985208,94908.0,96843.43679614888,0.0,96760.0,1935.4367961488897,3745915.591887079,-1,1,2938
SVR,H3,482,2025-06-25,2025-06-30,96760.0,-0.0111823067383216,0.0015788229534436,95678.0,96912.76690897522,0.0,96760.0,1234.7669089752162,1524649.3195002098,-1,1,2937
SVR,H4,482,2025-06-25,2025-07-01,96760.0,0.0049503927242662,0.0020568512257318,97239.0,96959.0209246018,0.0,96760.0,279.97907539819425,78388.28266082774,1,1,2936
SVR,H5,482,2025-06-25,2025-07-02,96760.0,0.0061078958247209,0.002382967117583,97351.0,96990.57589829732,0.0,96760.0,360.4241017026652,129905.53308817316,1,1,2935
SVR,H6,482,2025-06-25,2025-07-03,96760.0,0.0004237288135593,0.0027985293256426,96801.0,97030.7856975492,0.0,96760.0,229.78569754918863,52801.46679816719,1,1,2934
SVR,H7,482,2025-06-25,2025-07-04,96760.0,0.002139313766019,0.0032077548122591,96967.0,97070.3823556342,0.0,96760.0,103.38235563419585,10687.911456475344,1,1,2933
SVR,H1,483,2025-06-26,2025-06-27,96452.0,-0.0160079625098494,0.0002974862816508,94908.0,96480.6931468378,0.0,96452.0,1572.6931468378025,2473363.7341105896,-1,1,2940
SVR,H2,483,2025-06-26,2025-06-30,96452.0,-0.0080247169576577,0.0008617591279626,95678.0,96535.11839141026,0.0,96452.0,857.1183914102585,734651.936893709,-1,1,2939
SVR,H3,483,2025-06-26,2025-07-01,96452.0,0.0081594990254219,0.001563520237683,97239.0,96602.804653965,0.0,96452.0,636.1953460349905,404744.5183165813,1,1,2938
SVR,H4,483,2025-06-26,2025-07-02,96452.0,0.0093206983784679,0.0020468208373688,97351.0,96649.41996340588,0.0,96452.0,701.5800365941104,492214.5477473933,1,1,2937
SVR,H5,483,2025-06-26,2025-07-03,96452.0,0.0036183801269025,0.0023716657709011,96801.0,96680.75190693497,0.0,96452.0,120.24809306503448,14459.603885777196,1,1,2936
SVR,H6,483,2025-06-26,2025-07-04,96452.0,0.0053394434537386,0.0027869071317112,96967.0,96720.8027666678,0.0,96452.0,246.19723333219008,60613.077700424845,1,1,2935
SVR,H7,483,2025-06-26,2025-07-07,96452.0,0.0080765562144902,0.0031975856433017,97231.0,96760.41353046772,0.0,96452.0,470.5864695322671,221451.6253068433,1,1,2934
SVR,H1,484,2025-06-27,2025-06-30,94908.0,0.008113120074177,0.0002848123168315,95678.0,94935.03096736583,0.0,94908.0,742.9690326341515,552002.9834533269,1,1,2941
SVR,H2,484,2025-06-27,2025-07-01,94908.0,0.0245606271336451,0.0008550007462956,97239.0,94989.14641082945,0.0,94908.0,2249.8535891705687,5061841.17270369,1,1,2940
SVR,H3,484,2025-06-27,2025-07-02,94908.0,0.0257407173262527,0.0015569879157471,97351.0,95055.77060910773,0.0,94908.0,2295.229390892273,5268077.956815714,1,1,2939
SVR,H4,484,2025-06-27,2025-07-03,94908.0,0.0199456315589834,0.0020200029778284,96801.0,95099.71444261976,0.0,94908.0,1701.2855573802517,2894372.5477506337,1,1,2938
SVR,H5,484,2025-06-27,2025-07-04,94908.0,0.021694693808741,0.0023513247562958,96967.0,95131.15952997052,0.0,94908.0,1835.8404700294775,3370310.231398054,1,1,2937
SVR,H6,484,2025-06-27,2025-07-07,94908.0,0.0244763349770302,0.0027672751450012,97231.0,95170.63654946178,0.0,94908.0,2060.363450538221,4245097.548313767,1,1,2936
SVR,H7,484,2025-06-27,2025-07-08,94908.0,0.0166160913726978,0.0031766283555845,96485.0,95209.4874439718,0.0,94908.0,1275.5125560281886,1626932.2805855628,1,1,2935
SVR,H1,485,2025-06-30,2025-07-01,95678.0,0.0163151403666463,0.0002847733799523,97239.0,95705.24654744708,0.0,95678.0,1533.7534525529336,2352399.653218044,1,1,2942
SVR,H2,485,2025-06-30,2025-07-02,95678.0,0.0174857333974371,0.0008518494794928,97351.0,95759.50325449892,0.0,95678.0,1591.4967455010774,2532861.890940521,1,1,2941
SVR,H3,485,2025-06-30,2025-07-03,95678.0,0.0117372854783754,0.0015569847058485,96801.0,95826.96918268618,0.0,95678.0,974.0308173138184,948736.0330770249,1,1,2940
SVR,H4,485,2025-06-30,2025-07-04,95678.0,0.0134722715775832,0.0020200004443479,96967.0,95871.26960251432,0.0,95678.0,1095.7303974856768,1200625.1039741193,1,1,2939
SVR,H5,485,2025-06-30,2025-07-07,95678.0,0.0162315265787327,0.0023337552125873,97231.0,95901.28903122991,0.0,95678.0,1329.7109687700722,1768131.2604674438,1,1,2938
SVR,H6,485,2025-06-30,2025-07-08,95678.0,0.008434540855787,0.002752889183069,96485.0,95941.39093125769,0.0,95678.0,543.6090687423275,295510.81961890054,1,1,2937
SVR,H7,485,2025-06-30,2025-07-09,95678.0,0.0080791822571542,0.0031619240338575,96451.0,95980.52656771144,0.0,95678.0,470.47343228856334,221345.2504893814,1,1,2936
SVR,H1,486,2025-07-01,2025-07-02,97239.0,0.0011518012320159,0.0002965893109143,97351.0,97267.840048004,0.0,97239.0,83.15995199600002,6915.577615977028,1,1,2943
SVR,H2,486,2025-07-01,2025-07-03,97239.0,-0.0045043655323481,0.000859925331415,96801.0,97322.61827930146,0.0,97239.0,521.6182793014596,272085.62930141547,-1,1,2942
SVR,H3,486,2025-07-01,2025-07-04,97239.0,-0.0027972315634673,0.0015569826180036,96967.0,97390.39943279208,0.0,97239.0,423.3994327920664,179267.0796886435,-1,1,2941
SVR,H4,486,2025-07-01,2025-07-07,97239.0,-8.227151657258513e-05,0.0020199985448606,97231.0,97435.4226385037,0.0,97239.0,204.42263850370364,41788.615132815896,-1,1,2940
SVR,H5,486,2025-07-01,2025-07-08,97239.0,-0.0077540904369646,0.0023337557468021,96485.0,97465.93207506328,0.0,97239.0,980.9320750632904,962227.7358879732,-1,1,2939
SVR,H6,486,2025-07-01,2025-07-09,97239.0,-0.008103744382398,0.0027484599518443,96451.0,97506.2574972574,0.0,97239.0,1055.257497257393,1113568.385517937,-1,1,2938
SVR,H7,486,2025-07-01,2025-07-10,97239.0,-0.0057692900996513,0.0031595186511791,96678.0,97546.22843412202,0.0,97239.0,868.228434122022,753820.6138179783,-1,1,2937
SVR,H1,487,2025-07-02,2025-07-03,97351.0,-0.005649659479615,0.000296502549203,96801.0,97379.86481966746,0.0,97351.0,578.8648196674621,335084.47944864345,-1,1,2944
SVR,H2,487,2025-07-02,2025-07-04,97351.0,-0.0039444895275857,0.0008657268115091,96967.0,97435.27937082722,0.0,97351.0,468.279370827222,219285.5691423389,-1,1,2943
SVR,H3,487,2025-07-02,2025-07-07,97351.0,-0.0012326529773705,0.0015703098593289,97231.0,97503.87123511553,0.0,97351.0,272.8712351155264,74458.71095347287,-1,1,2942
SVR,H4,487,2025-07-02,2025-07-08,97351.0,-0.0088956456533574,0.0020199961997908,96485.0,97547.64865004584,0.0,97351.0,1062.6486500458414,1129222.153444249,-1,1,2941
SVR,H5,487,2025-07-02,2025-07-09,97351.0,-0.0092448973302791,0.0023337491570422,96451.0,97578.19281418723,0.0,97351.0,1127.192814187234,1270563.6403553362,-1,1,2940
SVR,H6,487,2025-07-02,2025-07-10,97351.0,-0.0069131287814198,0.0027484530015558,96678.0,97618.56464815444,0.0,97351.0,940.5646481544536,884661.8573579111,-1,1,2939
SVR,H7,487,2025-07-02,2025-07-11,97351.0,0.0041910201230599,0.0031559255380935,97759.0,97658.23250705894,0.0,97351.0,100.76749294105684,10154.08763362594,1,1,2938
SVR,H1,488,2025-07-03,2025-07-04,96801.0,0.0017148583175794,0.0002964617038263,96967.0,96829.6977893921,0.0,96801.0,137.30221060790063,18851.897037816303,1,1,2945
SVR,H2,488,2025-07-03,2025-07-07,96801.0,0.0044421028708381,0.0008639350698346,97231.0,96884.62977869507,0.0,96801.0,346.3702213049255,119972.33020682308,1,1,2944
SVR,H3,488,2025-07-03,2025-07-08,96801.0,-0.0032644290864763,0.0015703076151295,96485.0,96953.00734745216,0.0,96801.0,468.0073474521487,219030.8772691962,-1,1,2943
SVR,H4,488,2025-07-03,2025-07-09,96801.0,-0.0036156651274263,0.0020248333291584,96451.0,96997.00589109586,0.0,96801.0,546.0058910958614,298122.43311138573,-1,1,2942
SVR,H5,488,2025-07-03,2025-07-10,96801.0,-0.0012706480304955,0.0023337493956441,96678.0,97026.90927524774,0.0,96801.0,348.9092752477445,121737.68235390636,-1,1,2941
SVR,H6,488,2025-07-03,2025-07-11,96801.0,0.0098965919773557,0.0027484399436715,97759.0,97067.05173498734,0.0,96801.0,691.9482650126592,478792.4014540293,1,1,2940
SVR,H7,488,2025-07-03,2025-07-14,96801.0,0.009793287259429,0.0031559151308533,97749.0,97106.49574058174,0.0,96801.0,642.5042594182596,412811.7233706063,1,1,2939
SVR,H1,489,2025-07-04,2025-07-07,96967.0,0.0027225757216373,0.000296419426894,97231.0,96995.74290256764,0.0,96967.0,235.2570974323462,55345.90189229243,1,1,2946
SVR,H2,489,2025-07-04,2025-07-08,96967.0,-0.0049707632493528,0.0008622382521693,96485.0,97050.60865659812,0.0,96967.0,565.6086565981095,319913.1524187182,-1,1,2945
SVR,H3,489,2025-07-04,2025-07-09,96967.0,-0.0053213980013818,0.0015703000179357,96451.0,97119.26728183916,0.0,96967.0,668.2672818391729,446581.1599767166,-1,1,2944
SVR,H4,489,2025-07-04,2025-07-10,96967.0,-0.0029803953922468,0.0020248321342438,96678.0,97163.34189756124,0.0,96967.0,485.3418975612294,235556.7575283349,-1,1,2943
SVR,H5,489,2025-07-04,2025-07-11,96967.0,0.0081677271649118,0.0023392652941365,97759.0,97193.83153777654,0.0,96967.0,565.1684622234607,319415.3906920313,1,1,2942
SVR,H6,489,2025-07-04,2025-07-14,96967.0,0.0080645992966679,0.0027484337409152,97749.0,97233.50737455534,0.0,96967.0,515.4926254446618,265732.6468878304,1,1,2941
SVR,H7,489,2025-07-04,2025-07-15,96967.0,0.0025472583456227,0.0031559024414059,97214.0,97273.0183920358,0.0,96967.0,59.01839203579584,3483.17059849089,1,1,2940
SVR,H1,490,2025-07-07,2025-07-08,97231.0,-0.0076724501445012,0.0002963922812286,96485.0,97259.81851789614,0.0,97231.0,774.818517896143,600343.7356747757,-1,1,2947
SVR,H2,490,2025-07-07,2025-07-09,97231.0,-0.0080221328588618,0.000863497972904,96451.0,97314.95877140344,0.0,97231.0,863.9587714034424,746424.7586849456,-1,1,2946
SVR,H3,490,2025-07-07,2025-07-10,97231.0,-0.0056874865012187,0.0015702970010812,96678.0,97383.68154771214,0.0,97231.0,705.6815477121418,497986.4467814038,-1,1,2945
SVR,H4,490,2025-07-07,2025-07-11,97231.0,0.0054303668583064,0.0020248233367447,97759.0,97427.87559785505,0.0,97231.0,331.12440214496746,109643.36969586211,1,1,2944
SVR,H5,490,2025-07-07,2025-07-14,97231.0,0.0053275190011417,0.0023402994365765,97749.0,97458.5496545178,0.0,97231.0,290.4503454822116,84361.40319073605,1,1,2943
SVR,H6,490,2025-07-07,2025-07-15,97231.0,-0.0001748413571803,0.0027548045507299,97214.0,97498.85240127204,0.0,97231.0,284.85240127203,81140.89051044158,-1,1,2942
SVR,H7,490,2025-07-07,2025-07-16,97231.0,0.00542008207259,0.0031558949524804,97758.0,97537.85082212462,0.0,97231.0,220.14917787538437,48465.66051920762,1,1,2941
SVR,H1,491,2025-07-08,2025-07-09,96485.0,-0.0003523863813027,0.0002973281259009,96451.0,96513.68770422754,0.0,96485.0,62.6877042275446,3929.748261320113,-1,1,2948
SVR,H2,491,2025-07-08,2025-07-10,96485.0,0.0020003109291599,0.0008614376316693,96678.0,96568.11580989162,0.0,96485.0,109.8841901083797,12074.53523577453,1,1,2947
SVR,H3,491,2025-07-08,2025-07-11,96485.0,0.0132041249935224,0.0015702925654987,97759.0,96636.50967818216,0.0,96485.0,1122.4903218178515,1259984.522574744,1,1,2946
SVR,H4,491,2025-07-08,2025-07-14,96485.0,0.0131004819401978,0.0020248214522944,97749.0,96680.36489782463,0.0,96485.0,1068.635102175365,1141980.9816013535,1,1,2945
SVR,H5,491,2025-07-08,2025-07-15,96485.0,0.0075555785873451,0.0023402889053163,97214.0,96710.80277502944,0.0,96485.0,503.1972249705577,253207.4472180701,1,1,2944
SVR,H6,491,2025-07-08,2025-07-16,96485.0,0.0131937606881897,0.0027547984707356,97758.0,96750.79673044891,0.0,96485.0,1007.2032695510716,1014458.4261943684,1,1,2943
SVR,H7,491,2025-07-08,2025-07-17,96485.0,0.0100430118671295,0.0031564453107157,97454.0,96789.5496258044,0.0,96485.0,664.450374195585,441494.29976865294,1,1,2942
SVR,H1,492,2025-07-09,2025-07-10,96451.0,0.0023535266612062,0.0002655182058646,96678.0,96476.60949647384,0.0,96451.0,201.39050352615595,40558.13491051863,1,1,2949
SVR,H2,492,2025-07-09,2025-07-11,96451.0,0.0135612901888004,0.0008582941620957,97759.0,96533.78333022833,0.0,96451.0,1225.216669771689,1501155.8878864287,1,1,2948
SVR,H3,492,2025-07-09,2025-07-14,96451.0,0.0134576106002011,0.0015702902233555,97749.0,96602.45606233289,0.0,96451.0,1146.5439376671277,1314563.0010012418,1,1,2947
SVR,H4,492,2025-07-09,2025-07-15,96451.0,0.0079107526101336,0.0020248209509777,97214.0,96646.29600554275,0.0,96451.0,567.7039944572462,322287.82532271295,1,1,2946
SVR,H5,492,2025-07-09,2025-07-16,96451.0,0.0135509222299405,0.002340284360042,97758.0,96676.7227668104,0.0,96451.0,1081.2772331895976,1169160.4550141515,1,1,2945
SVR,H6,492,2025-07-09,2025-07-17,96451.0,0.0103990627365191,0.0027547789106601,97454.0,96716.70118071209,0.0,96451.0,737.2988192879275,543609.5489233719,1,1,2944
SVR,H7,492,2025-07-09,2025-07-18,96451.0,0.0156970897139481,0.0031564362338182,97965.0,96755.441431188,0.0,96451.0,1209.55856881199,1463031.9313865094,1,1,2943
SVR,H1,493,2025-07-10,2025-07-11,96678.0,0.0111814476923395,0.0002956910684851,97759.0,96706.586821119,0.0,96678.0,1052.4131788810046,1107573.4990824214,1,1,2950
SVR,H2,493,2025-07-10,2025-07-14,96678.0,0.0110780115434743,0.0008586856285569,97749.0,96761.0160091976,0.0,96678.0,987.983990802386,976112.366081809,1,1,2949
SVR,H3,493,2025-07-10,2025-07-15,96678.0,0.0055441775791804,0.0015702886562286,97214.0,96829.81236670686,0.0,96678.0,384.1876332931424,147600.1375753861,1,1,2948
SVR,H4,493,2025-07-10,2025-07-16,96678.0,0.0111711040774529,0.0020248153790699,97758.0,96873.75510121771,0.0,96678.0,884.2448987822863,781889.0410224958,1,1,2947
SVR,H5,493,2025-07-10,2025-07-17,96678.0,0.0080266451519477,0.0023402812813836,97454.0,96904.2537137216,0.0,96678.0,549.7462862783868,302220.97927687806,1,1,2946
SVR,H6,493,2025-07-10,2025-07-18,96678.0,0.0133122323589647,0.0027547686249742,97965.0,96944.32552112524,0.0,96678.0,1020.6744788747455,1041776.3918262334,1,1,2945
SVR,H7,493,2025-07-10,2025-07-21,96678.0,0.0262624381969009,0.0031564115643671,99217.0,96983.15555721988,0.0,96678.0,2233.844442780115,4990060.994539603,1,1,2944
SVR,H1,494,2025-07-11,2025-07-14,97759.0,-0.0001022923720578,0.0003086447020953,97749.0,97789.17279743213,0.0,97759.0,40.17279743212566,1613.853653522602,-1,1,2951
SVR,H2,494,2025-07-11,2025-07-15,97759.0,-0.0055749342771509,0.0008631847915129,97214.0,97843.38408203352,0.0,97759.0,629.3840820335172,396124.3227171731,-1,1,2950
SVR,H3,494,2025-07-11,2025-07-16,97759.0,-1.022923720572777e-05,0.0015702961739541,97758.0,97912.51058366956,0.0,97759.0,154.51058366957295,23873.520465912105,-1,1,2949
SVR,H4,494,2025-07-11,2025-07-17,97759.0,-0.0031199173477634,0.0020248109870478,97454.0,97956.9434972828,0.0,97759.0,502.9434972828021,252952.161459056,-1,1,2948
SVR,H5,494,2025-07-11,2025-07-18,97759.0,0.002107222864391,0.0023402854816074,97965.0,97987.78396839648,0.0,97759.0,22.7839683964703,519.1092158913574,1,1,2947
SVR,H6,494,2025-07-11,2025-07-21,97759.0,0.0149142278460294,0.0027547596808436,99217.0,98028.3025516396,0.0,97759.0,1188.697448360399,1413001.623738523,1,1,2946
SVR,H7,494,2025-07-11,2025-07-22,97759.0,0.0246422324287278,0.0031563978331649,100168.0,98067.56629577238,0.0,97759.0,2100.4337042276165,4411821.745855346,1,1,2945
SVR,H1,495,2025-07-14,2025-07-15,97749.0,-0.0054732017718851,0.0003022018216006,97214.0,97778.53992585966,0.0,97749.0,564.539925859659,318705.32788962923,-1,1,2952
SVR,H2,495,2025-07-14,2025-07-16,97749.0,9.207255317189578e-05,0.0008666927620695,97758.0,97833.71835079954,0.0,97749.0,75.71835079953598,5733.268647801591,1,1,2951
SVR,H3,495,2025-07-14,2025-07-17,97749.0,-0.0030179336873011,0.0015702947815456,97454.0,97902.49474460132,0.0,97749.0,448.49474460131023,201147.5359349945,-1,1,2950
SVR,H4,495,2025-07-14,2025-07-18,97749.0,0.0022097412761254,0.0020248090583687,97965.0,97946.92306064648,0.0,97749.0,18.076939353515627,326.775736390682,1,1,2949
SVR,H5,495,2025-07-14,2025-07-21,97749.0,0.0150180564507054,0.0023402869400423,99217.0,97977.7607081022,0.0,97749.0,1239.2392918978005,1535714.0225833617,1,1,2948
SVR,H6,495,2025-07-14,2025-07-22,97749.0,0.0247470562358693,0.0027550810708029,100168.0,98018.30641958992,0.0,97749.0,2149.6935804100794,4621182.489656307,1,1,2947
SVR,H7,495,2025-07-14,2025-07-23,97749.0,0.0159080911313671,0.0031563842519166,99304.0,98057.5334042406,0.0,97749.0,1246.466595759397,1553678.97434402,1,1,2946
SVR,H1,496,2025-07-15,2025-07-16,97214.0,0.0055959018248399,0.0003013826083296,97758.0,97243.29860888617,0.0,97214.0,514.7013911138492,264917.5220145316,1,1,2953
SVR,H2,496,2025-07-15,2025-07-17,97214.0,0.0024687802168412,0.0008645260896643,97454.0,97298.04403928063,0.0,97214.0,155.95596071935142,24322.26168389589,1,1,2952
SVR,H3,496,2025-07-15,2025-07-18,97214.0,0.0077252247618655,0.0015702937474885,97965.0,97366.65453636835,0.0,97214.0,598.3454636316455,358017.29384856886,1,1,2951
SVR,H4,496,2025-07-15,2025-07-21,97214.0,0.020604028226387,0.0020248095728331,99217.0,97410.83983781342,0.0,97214.0,1806.1601621865848,3262214.5314698704,1,1,2950
SVR,H5,496,2025-07-15,2025-07-22,97214.0,0.0303865698356204,0.0023402875750231,100168.0,97441.5087163183,0.0,97214.0,2726.4912836816948,7433754.719992256,1,1,2949
SVR,H6,496,2025-07-15,2025-07-23,97214.0,0.021498961054992,0.0027550824330413,99304.0,97481.83258364568,0.0,97214.0,1822.1674163543207,3320294.0932233823,1,1,2948
SVR,H7,496,2025-07-15,2025-07-24,97214.0,0.0149566934803628,0.0031563832417541,98668.0,97520.84464046388,0.0,97214.0,1147.1553595361183,1315965.418912441,1,1,2947
SVR,H1,497,2025-07-16,2025-07-17,97758.0,-0.0031097199206202,0.0003016926790867,97454.0,97787.49287292216,0.0,97758.0,333.4928729221574,111217.49628987422,-1,1,2954
SVR,H2,497,2025-07-16,2025-07-18,97758.0,0.0021174737617382,0.000864266499445,97965.0,97842.48896445276,0.0,97758.0,122.5110355472425,15008.953830857716,1,1,2953
SVR,H3,497,2025-07-16,2025-07-21,97758.0,0.0149246097506086,0.0015702909635854,99217.0,97911.5085040182,0.0,97758.0,1305.4914959818125,1704308.0460808307,1,1,2952
SVR,H4,497,2025-07-16,2025-07-22,97758.0,0.0246527138443912,0.0020248105173089,100168.0,97955.94142655109,0.0,97758.0,2212.0585734489287,4893203.132368909,1,1,2951
SVR,H5,497,2025-07-16,2025-07-23,97758.0,0.0158145624910492,0.0023402917509302,99304.0,97986.78224098744,0.0,97758.0,1317.2177590125502,1735062.624658045,1,1,2950
SVR,H6,497,2025-07-16,2025-07-24,97758.0,0.0093087010781727,0.002755080991194,98668.0,98027.33120753717,0.0,97758.0,640.6687924628495,410456.50163580576,1,1,2949
SVR,H7,497,2025-07-16,2025-07-25,97758.0,0.0008592647149081,0.0031563786653714,97842.0,98066.56126556938,0.0,97758.0,224.561265569384,50427.7619941234,1,1,2948
SVR,H1,498,2025-07-17,2025-07-18,97454.0,0.0052434994971986,0.0003267150827775,97965.0,97485.839691677,0.0,97454.0,479.1603083230002,229594.60107219263,1,1,2955
SVR,H2,498,2025-07-17,2025-07-21,97454.0,0.0180905863279086,0.0008648217256604,99217.0,97538.2803364525,0.0,97454.0,1678.7196635474977,2818099.708781023,1,1,2954
SVR,H3,498,2025-07-17,2025-07-22,97454.0,0.0278490364684877,0.0015702910179858,100168.0,97607.0311408668,0.0,97454.0,2560.9688591332088,6558561.497450049,1,1,2953
SVR,H4,498,2025-07-17,2025-07-23,97454.0,0.0189833152051224,0.002024809967896,99304.0,97651.32583061134,0.0,97454.0,1652.674169388658,2731331.9101644903,1,1,2952
SVR,H5,498,2025-07-17,2025-07-24,97454.0,0.0124571592751452,0.002340294623881,98668.0,97682.0710722757,0.0,97454.0,985.9289277242932,972055.8505235747,1,1,2951
SVR,H6,498,2025-07-17,2025-07-25,97454.0,0.0039813655673446,0.0027550821215356,97842.0,97722.49377307211,0.0,97454.0,119.50622692787148,14281.738274535912,1,1,2950
SVR,H7,498,2025-07-17,2025-07-28,97454.0,0.0005233238245736,0.0031563775419782,97505.0,97761.60161697595,0.0,97454.0,256.6016169759532,65844.3898346738,1,1,2949
SVR,H1,499,2025-07-18,2025-07-21,97965.0,0.0127800745164088,0.0003014075406581,99217.0,97994.52738972058,0.0,97965.0,1222.472610279423,1494439.282883386,1,1,2956
SVR,H2,499,2025-07-18,2025-07-22,97965.0,0.0224876231307098,0.0008651473235733,100168.0,98049.75415755383,0.0,97965.0,2118.245842446151,4486965.4490404045,1,1,2955
SVR,H3,499,2025-07-18,2025-07-23,97965.0,0.0136681467871178,0.0015702900132811,99304.0,98118.8334611511,0.0,97965.0,1185.1665388489057,1404619.724807094,1,1,2954
SVR,H4,499,2025-07-18,2025-07-24,97965.0,0.007176032256418,0.0020248111302339,98668.0,98163.36062237337,0.0,97965.0,504.6393776266341,254660.9014513966,1,1,2953
SVR,H5,499,2025-07-18,2025-07-25,97965.0,-0.0012555504516919,0.0023402967576943,97842.0,98194.26717186754,0.0,97965.0,352.26717186754104,124092.1603755557,-1,1,2952
SVR,H6,499,2025-07-18,2025-07-28,97965.0,-0.0046955545347828,0.002755088659989,97505.0,98234.90226057582,0.0,97965.0,729.9022605758219,532757.309993695,-1,1,2951
SVR,H7,499,2025-07-18,2025-07-29,97965.0,0.0016332363599245,0.0031563763768021,98125.0,98274.21441175342,0.0,97965.0,149.21441175341897,22264.940674918857,1,1,2950
SVR,H1,500,2025-07-21,2025-07-22,99217.0,0.0095850509489301,0.0003094985511462,100168.0,99247.70751774908,0.0,99217.0,920.2924822509232,846938.2528875655,1,1,2957
SVR,H2,500,2025-07-21,2025-07-23,99217.0,0.0008768658596813,0.0008712385111691,99304.0,99303.44167136269,0.0,99217.0,0.5583286373293959,0.3117308672621,1,1,2956
SVR,H3,500,2025-07-21,2025-07-24,99217.0,-0.0055333259421268,0.0015711273205876,98668.0,99372.88253936674,0.0,99217.0,704.8825393667357,496859.39430409775,-1,1,2955
SVR,H4,500,2025-07-21,2025-07-25,99217.0,-0.0138585121501355,0.0020302414072375,97842.0,99418.43446170188,0.0,99217.0,1576.4344617018796,2485145.612041295,-1,1,2954
SVR,H5,500,2025-07-21,2025-07-28,99217.0,-0.0172551074916597,0.0023402990783004,97505.0,99449.19745365172,0.0,99217.0,1944.1974536517228,3779903.7387858415,-1,1,2953
SVR,H6,500,2025-07-21,2025-07-29,99217.0,-0.0110061783766894,0.0027550921558141,98125.0,99490.3519784234,0.0,99217.0,1365.3519784234086,1864186.024984716,-1,1,2952
SVR,H7,500,2025-07-21,2025-07-30,99217.0,-0.0122358063638288,0.0031631589201019,98003.0,99530.83913857576,0.0,99217.0,1527.8391385757568,2334292.4333639108,-1,1,2951
SVR,H1,501,2025-07-22,2025-07-23,100168.0,-0.008625509144637,0.0003114374024644,99304.0,100199.19606173004,0.0,100168.0,895.1960617300501,801375.9889369918,-1,1,2958
SVR,H2,501,2025-07-22,2025-07-24,100168.0,-0.0149748422649947,0.0008785576613781,98668.0,100256.00336382492,0.0,100168.0,1588.0033638249297,2521754.683519292,-1,1,2957
SVR,H3,501,2025-07-22,2025-07-25,100168.0,-0.0232209887389186,0.0015868377345734,97842.0,100326.95036219676,0.0,100168.0,2484.950362196745,6174978.302581735,-1,1,2956
SVR,H4,501,2025-07-22,2025-07-28,100168.0,-0.0265853366344541,0.0020393666412576,97505.0,100372.2792777215,0.0,100168.0,2867.2792777215072,8221290.456451168,-1,1,2955
SVR,H5,501,2025-07-22,2025-07-29,100168.0,-0.0203957351649228,0.002352589438328,98125.0,100403.65417885844,0.0,100168.0,2278.654178858444,5192264.866829048,-1,1,2954
SVR,H6,501,2025-07-22,2025-07-30,100168.0,-0.0216136890024758,0.0027616703529957,98003.0,100444.63099591888,0.0,100168.0,2441.63099591888,5961561.920231823,-1,1,2953
SVR,H7,501,2025-07-22,2025-07-31,100168.0,-0.0180696429997604,0.0031687780168088,98358.0,100485.4101563877,0.0,100168.0,2127.410156387705,4525873.973501558,-1,1,2952
SVR,H1,502,2025-07-23,2025-07-24,99304.0,-0.0064045758479014,0.0003091323827312,98668.0,99334.69808213475,0.0,99304.0,666.6980821347533,444486.3327221584,-1,1,2959
SVR,H2,502,2025-07-23,2025-07-25,99304.0,-0.0147224683799243,0.0008785580788644,97842.0,99391.24433146356,0.0,99304.0,1549.2443314635457,2400157.9985719286,-1,1,2958
SVR,H3,502,2025-07-23,2025-07-28,99304.0,-0.0181160879722871,0.0015868365554479,97505.0,99461.5792173022,0.0,99304.0,1956.579217302191,3828202.2335788542,-1,1,2957
SVR,H4,502,2025-07-23,2025-07-29,99304.0,-0.0118726335293644,0.0020433033213143,98125.0,99506.9081930198,0.0,99304.0,1381.9081930198008,1909670.2539352512,-1,1,2956
SVR,H5,502,2025-07-23,2025-07-30,99304.0,-0.0131011842423266,0.002352932747509,98003.0,99537.65563355864,0.0,99304.0,1534.6556335586502,2355167.9136133017,-1,1,2955
SVR,H6,502,2025-07-23,2025-07-31,99304.0,-0.0095263030693627,0.002766167209027,98358.0,99578.69146852524,0.0,99304.0,1220.6914685252268,1490087.6613302748,-1,1,2954
SVR,H7,502,2025-07-23,2025-08-01,99304.0,-0.0006444856199145,0.0031687773910754,99240.0,99618.67227004336,0.0,99304.0,378.6722700433456,143392.68809978047,-1,1,2953
SVR,H1,503,2025-07-24,2025-07-25,98668.0,-0.0083715084931285,0.0003091053654549,97842.0,98698.49880819872,0.0,98668.0,856.4988081987103,733590.2084458112,-1,1,2960
SVR,H2,503,2025-07-24,2025-07-28,98668.0,-0.0117870028783394,0.0008729643893181,97505.0,98754.13365036524,0.0,98668.0,1249.133650365242,1560334.8764747945,-1,1,2959
SVR,H3,503,2025-07-24,2025-07-29,98668.0,-0.0055033040094052,0.0015868340998091,98125.0,98824.56974695995,0.0,98668.0,699.569746959969,489397.8308616352,-1,1,2958
SVR,H4,503,2025-07-24,2025-07-30,98668.0,-0.0067397737868407,0.0020433047930434,98003.0,98869.60879732002,0.0,98668.0,866.6087973200192,751010.8075924502,-1,1,2957
SVR,H5,503,2025-07-24,2025-07-31,98668.0,-0.003141849434467,0.002352936305703,98358.0,98900.15951941111,0.0,98668.0,542.1595194111142,293936.9444880903,-1,1,2956
SVR,H6,503,2025-07-24,2025-08-01,98668.0,0.0057972189565005,0.0027658710333085,99240.0,98940.90296311448,0.0,98668.0,299.0970368855196,89459.03747369788,1,1,2955
SVR,H7,503,2025-07-24,2025-08-04,98668.0,0.0196517614626829,0.0031687751715088,100607.0,98980.65670862244,0.0,98668.0,1626.3432913775614,2644992.5014088,1,1,2954
SVR,H1,504,2025-07-25,2025-07-28,97842.0,-0.0034443286114347,0.0003076314405841,97505.0,97872.09927540962,0.0,97842.0,367.0992754096224,134761.87800626975,-1,1,2961
SVR,H2,504,2025-07-25,2025-07-29,97842.0,0.002892418388831,0.0008675672945742,98125.0,97926.88451923573,0.0,97842.0,198.11548076427425,39249.74371845952,1,1,2960
SVR,H3,504,2025-07-25,2025-07-30,97842.0,0.0016455101081336,0.0015728274040309,98003.0,97995.8885788652,0.0,97842.0,7.111421134803095,50.57231055652414,1,1,2959
SVR,H4,504,2025-07-25,2025-07-31,97842.0,0.0052738087937695,0.0020403214404087,98358.0,98041.62913037249,0.0,97842.0,316.370869627528,100090.52714887832,1,1,2958
SVR,H5,504,2025-07-25,2025-08-01,97842.0,0.0142883424296313,0.0023529418022743,99240.0,98072.21653181812,0.0,97842.0,1167.7834681818786,1363718.2285588966,1,1,2957
SVR,H6,504,2025-07-25,2025-08-04,97842.0,0.0282598475092497,0.0027658758769853,100607.0,98112.618827556,0.0,97842.0,2494.381172444002,6221937.433443114,1,1,2956
SVR,H7,504,2025-07-25,2025-08-05,97842.0,0.0298746959383495,0.0031687703380958,100765.0,98152.03882741996,0.0,97842.0,2612.961172580035,6827566.089410832,1,1,2955
SVR,H1,505,2025-07-28,2025-07-29,97505.0,0.0063586482744475,0.0003095574530165,98125.0,97535.18339945638,0.0,97505.0,589.8166005436215,347883.6222768339,1,1,2962
SVR,H2,505,2025-07-28,2025-07-30,97505.0,0.0051074303881852,0.0008632088735754,98003.0,97589.16718121796,0.0,97505.0,413.8328187820298,171257.6019010803,1,1,2961
SVR,H3,505,2025-07-28,2025-07-31,97505.0,0.0087482693195219,0.0015647155756102,98358.0,97657.56759219988,0.0,97505.0,700.4324078001227,490605.5578966775,1,1,2960
SVR,H4,505,2025-07-28,2025-08-01,97505.0,0.0177939592841391,0.0020257603738243,99240.0,97702.52176524974,0.0,97505.0,1537.4782347502623,2363839.3223307827,1,1,2959
SVR,H5,505,2025-07-28,2025-08-04,97505.0,0.0318137531408646,0.0023475759170469,100607.0,97733.90038979168,0.0,97505.0,2873.09961020833,8254701.370179257,1,1,2958
SVR,H6,505,2025-07-28,2025-08-05,97505.0,0.0334341828624173,0.0027658841631851,100765.0,97774.68753533138,0.0,97505.0,2990.312464668619,8941968.636352511,1,1,2957
SVR,H7,505,2025-07-28,2025-08-06,97505.0,0.0326342238859544,0.0031687696344572,100687.0,97813.97088320774,0.0,97505.0,2873.029116792255,8254296.305936085,1,1,2956
SVR,H1,506,2025-07-29,2025-07-30,98125.0,-0.0012433121019108,0.0003079345820053,98003.0,98155.21608085927,0.0,98125.0,152.21608085927437,23169.735272157155,-1,1,2963
SVR,H2,506,2025-07-29,2025-07-31,98125.0,0.0023745222929936,0.000863809716546,98358.0,98209.76132843609,0.0,98125.0,148.23867156391498,21974.70374703425,1,1,2962
SVR,H3,506,2025-07-29,2025-08-01,98125.0,0.0113630573248406,0.0015647136757951,99240.0,98278.5375294374,0.0,98125.0,961.4624705625902,924410.0823003196,1,1,2961
SVR,H4,506,2025-07-29,2025-08-04,98125.0,0.0252942675159235,0.0020246078311329,100607.0,98323.66464342992,0.0,98125.0,2283.3353565700672,5213620.350562956,1,1,2960
SVR,H5,506,2025-07-29,2025-08-05,98125.0,0.0269044585987261,0.0023396386002748,100765.0,98354.57703765196,0.0,98125.0,2410.422962348035,5810138.857414677,1,1,2959
SVR,H6,506,2025-07-29,2025-08-06,98125.0,0.0261095541401272,0.0027650372625071,100687.0,98396.31928138352,0.0,98125.0,2290.6807186164806,5247218.154641316,1,1,2958
SVR,H7,506,2025-07-29,2025-08-07,98125.0,0.0276178343949045,0.0031687723049491,100835.0,98435.93578242314,0.0,98125.0,2399.064217576859,5755509.120057667,1,1,2957
SVR,H1,507,2025-07-30,2025-07-31,98003.0,0.0036223380916911,0.0003074507091562,98358.0,98033.13109184944,0.0,98003.0,324.8689081505581,105539.80748293578,1,1,2964
SVR,H2,507,2025-07-30,2025-08-01,98003.0,0.0126220625899207,0.0008651921087125,99240.0,98087.79142223016,0.0,98003.0,1152.2085777698376,1327584.606686392,1,1,2963
SVR,H3,507,2025-07-30,2025-08-04,98003.0,0.0265706151852493,0.0015647118497858,100607.0,98156.34645541456,0.0,98003.0,2450.653544585439,6005702.795589175,1,1,2962
SVR,H4,507,2025-07-30,2025-08-05,98003.0,0.0281828107302837,0.0020246060554188,100765.0,98201.4174672492,0.0,98003.0,2563.582532750792,6571955.402224964,1,1,2961
SVR,H5,507,2025-07-30,2025-08-06,98003.0,0.027386916727039,0.0023373367273464,100687.0,98232.06601129014,0.0,98003.0,2454.9339887098613,6026700.888922909,1,1,2960
SVR,H6,507,2025-07-30,2025-08-07,98003.0,0.0288970745793495,0.0027567104288564,100835.0,98273.16589215922,0.0,98003.0,2561.834107840783,6562993.99609638,1,1,2959
SVR,H7,507,2025-07-30,2025-08-08,98003.0,0.0327438955950327,0.0031672469650403,101212.0,98313.39970431484,0.0,98003.0,2898.600295685159,8401883.674146092,1,1,2958
SVR,H1,508,2025-07-31,2025-08-01,98358.0,0.0089672421155371,0.0003074566140531,99240.0,98388.24081764504,0.0,98358.0,851.7591823549737,725493.7047260135,1,1,2965
SVR,H2,508,2025-07-31,2025-08-04,98358.0,0.0228654507005021,0.0008657111316838,100607.0,98443.14961549015,0.0,98358.0,2163.850384509831,4682248.486543344,1,1,2964
SVR,H3,508,2025-07-31,2025-08-05,98358.0,0.0244718274060067,0.0015647102216374,100765.0,98511.9017679798,0.0,98358.0,2253.0982320201874,5076451.643132495,1,1,2963
SVR,H4,508,2025-07-31,2025-08-06,98358.0,0.0236788059944286,0.0020246024111153,100687.0,98557.13584395248,0.0,98358.0,2129.864156047508,4536321.323215963,1,1,2962
SVR,H5,508,2025-07-31,2025-08-07,98358.0,0.0251835132881921,0.0023373353971818,100835.0,98587.895634996,0.0,98358.0,2247.1043650039937,5049478.027220001,1,1,2961
SVR,H6,508,2025-07-31,2025-08-08,98358.0,0.0290164501108196,0.0027567059312318,101212.0,98629.14408198412,0.0,98358.0,2582.855918015892,6671144.693229715,1,1,2960
SVR,H7,508,2025-07-31,2025-08-11,98358.0,0.0145082250554098,0.0031617192028893,99785.0,98668.98037735776,0.0,98358.0,1116.0196226422268,1245499.7981224982,1,1,2959
SVR,H1,509,2025-08-01,2025-08-04,99240.0,0.0137746876259572,0.000309650667475,100607.0,99270.72973224024,0.0,99240.0,1336.27026775977,1785618.2284987671,1,1,2966
SVR,H2,509,2025-08-01,2025-08-05,99240.0,0.0153667875856509,0.0008698478080337,100765.0,99326.32369646928,0.0,99240.0,1438.676303530723,2069789.5063408248,1,1,2965
SVR,H3,509,2025-08-01,2025-08-06,99240.0,0.0145808141878274,0.0015647112465485,100687.0,99395.28194410748,0.0,99240.0,1291.718055892532,1668535.5359187825,1,1,2964
SVR,H4,509,2025-08-01,2025-08-07,99240.0,0.0160721483272874,0.0020274869611407,100835.0,99441.2078060236,0.0,99240.0,1393.792193976391,1942656.6799895216,1,1,2963
SVR,H5,509,2025-08-01,2025-08-08,99240.0,0.0198710197501008,0.0023373387385577,101212.0,99471.95749641448,0.0,99240.0,1740.0425035855296,3027747.914284198,1,1,2962
SVR,H6,509,2025-08-01,2025-08-11,99240.0,0.0054917372027407,0.0027564005631314,99785.0,99513.54519188518,0.0,99240.0,271.4548081148241,73687.71284865598,1,1,2961
SVR,H7,509,2025-08-01,2025-08-12,99240.0,0.0038291011688835,0.00316171347454,99620.0,99553.76844521335,0.0,99240.0,66.23155478664557,4386.618849456434,1,1,2960
SVR,H1,510,2025-08-04,2025-08-05,100607.0,0.0015704672637093,0.0002126535421758,100765.0,100628.39443491767,0.0,100607.0,136.60556508231093,18661.08041145749,1,1,2967
SVR,H2,510,2025-08-04,2025-08-06,100607.0,0.0007951732980806,0.0008769949680811,100687.0,100695.23183275374,0.0,100607.0,8.231832753735944,67.76307048547989,1,1,2966
SVR,H3,510,2025-08-04,2025-08-07,100607.0,0.0022662438995297,0.0015737006670524,100835.0,100765.32530301016,0.0,100607.0,69.67469698985224,4854.563400627724,1,1,2965
SVR,H4,510,2025-08-04,2025-08-08,100607.0,0.006013498066735,0.0020304652301669,101212.0,100811.27901541142,0.0,100607.0,400.7209845885809,160577.3074896417,1,1,2964
SVR,H5,510,2025-08-04,2025-08-11,100607.0,-0.0081704056377787,0.0023464221527067,99785.0,100843.06649351736,0.0,100607.0,1058.06649351737,1119504.7047041426,-1,1,2963
SVR,H6,510,2025-08-04,2025-08-12,100607.0,-0.00981045056507,0.0027610031653754,99620.0,100884.77624545894,0.0,100607.0,1264.7762454589392,1599658.951077211,-1,1,2962
SVR,H7,510,2025-08-04,2025-08-13,100607.0,-0.0094526225809337,0.0031604581302072,99656.0,100924.96421110576,0.0,100607.0,1268.9642111057474,1610270.1690672317,-1,1,2961
SVR,H1,511,2025-08-05,2025-08-06,100765.0,-0.0007740783009974,0.0003103468986183,100687.0,100796.27210523927,0.0,100765.0,109.27210523927351,11940.392983422866,-1,1,2968
SVR,H2,511,2025-08-05,2025-08-07,100765.0,0.0006946856547411,0.0008818453097507,100835.0,100853.85914263704,0.0,100765.0,18.85914263704035,355.66726100423324,1,1,2967
SVR,H3,511,2025-08-05,2025-08-08,100765.0,0.0044360641095617,0.0015905828262842,101212.0,100925.27507849054,0.0,100765.0,286.72492150946346,82211.18061460798,1,1,2966
SVR,H4,511,2025-08-05,2025-08-11,100765.0,-0.0097255991663771,0.0020493456362488,99785.0,100971.50231303662,0.0,100765.0,1186.5023130366171,1407787.7388412426,-1,1,2965
SVR,H5,511,2025-08-05,2025-08-12,100765.0,-0.0113630724954101,0.0023586699123916,99620.0,101002.67137372214,0.0,100765.0,1382.6713737221437,1911780.1277106795,-1,1,2964
SVR,H6,511,2025-08-05,2025-08-13,100765.0,-0.0110058055872575,0.0027778628385795,99656.0,101044.91134892948,0.0,100765.0,1388.9113489294689,1929074.735185076,-1,1,2963
SVR,H7,511,2025-08-05,2025-08-14,100765.0,-0.0139234853371706,0.0031731191263615,99362.0,101084.73934876782,0.0,100765.0,1722.73934876782,2967830.8637929726,-1,1,2962
SVR,H1,512,2025-08-06,2025-08-07,100687.0,0.0014699017748069,0.0003154099088904,100835.0,100718.75767749644,0.0,100687.0,116.24232250354544,13512.277541018266,1,1,2969
SVR,H2,512,2025-08-06,2025-08-08,100687.0,0.0052141785930657,0.0008818457782134,101212.0,100775.79040587095,0.0,100687.0,436.20959412903176,190278.81001021463,1,1,2968
SVR,H3,512,2025-08-06,2025-08-11,100687.0,-0.0089584554113242,0.0015906489566155,99785.0,100847.15767149474,0.0,100687.0,1062.157671494744,1128178.9191151368,-1,1,2967
SVR,H4,512,2025-08-06,2025-08-12,100687.0,-0.010597197254859,0.0020575048936352,99620.0,100894.16399522543,0.0,100687.0,1274.1639952254336,1623493.8867288388,-1,1,2966
SVR,H5,512,2025-08-06,2025-08-13,100687.0,-0.010239653579906,0.0023687830718278,99656.0,100925.50566115316,0.0,100687.0,1269.5056611531472,1611644.6236998895,-1,1,2965
SVR,H6,512,2025-08-06,2025-08-14,100687.0,-0.0131595935920227,0.0027857023646795,99362.0,100967.48401399248,0.0,100687.0,1605.4840139924927,2577578.9191854466,-1,1,2964
SVR,H7,512,2025-08-06,2025-08-18,100687.0,-0.0165562585040769,0.0031830671307975,99020.0,101007.4934801986,0.0,100687.0,1987.4934801986087,3950130.3338319794,-1,1,2963
SVR,H1,513,2025-08-07,2025-08-08,100835.0,0.0037387811771705,0.0003165211947831,101212.0,100866.91641467596,0.0,100835.0,345.0835853240424,119082.68086009564,1,1,2970
SVR,H2,513,2025-08-07,2025-08-11,100835.0,-0.01041305102395,0.0008818461920893,99785.0,100923.92096077932,0.0,100835.0,1138.920960779331,1297140.9549025143,-1,1,2969
SVR,H3,513,2025-08-07,2025-08-12,100835.0,-0.0120493876134278,0.0015906539489498,99620.0,100995.39359094236,0.0,100835.0,1375.39359094236,1891707.5300053195,-1,1,2968
SVR,H4,513,2025-08-07,2025-08-13,100835.0,-0.0116923687211781,0.0020587624070921,99656.0,101042.59530731916,0.0,100835.0,1386.5953073191486,1922646.546279484,-1,1,2967
SVR,H5,513,2025-08-07,2025-08-14,100835.0,-0.0146080230078842,0.0023767184588434,99362.0,101074.65640579748,0.0,100835.0,1712.6564057974756,2933191.964319128,-1,1,2966
SVR,H6,513,2025-08-07,2025-08-18,100835.0,-0.0179997024842564,0.0027948342679139,99020.0,101116.8171134051,0.0,100835.0,2096.8171134050936,4396642.007068469,-1,1,2965
SVR,H7,513,2025-08-07,2025-08-19,100835.0,-0.0245549660336192,0.0031910161280455,98359.0,101156.76611127148,0.0,100835.0,2797.7661112714704,7827495.213379086,-1,1,2964
SVR,H1,514,2025-08-08,2025-08-11,101212.0,-0.0140991186815793,0.0003174448457068,99785.0,101244.12922772368,0.0,101212.0,1459.129227723679,2129058.1031975,-1,1,2971
SVR,H2,514,2025-08-08,2025-08-12,101212.0,-0.0157293601549223,0.0008833610564825,99620.0,101301.4067392487,0.0,101212.0,1681.406739248705,2827128.6227909625,-1,1,2970
SVR,H3,514,2025-08-08,2025-08-13,101212.0,-0.0153736711061929,0.0015906503192788,99656.0,101372.99290011486,0.0,101212.0,1716.9929001148555,2948064.619044823,-1,1,2969
SVR,H4,514,2025-08-08,2025-08-14,101212.0,-0.0182784650041497,0.0020587552937648,99362.0,101420.37074079254,0.0,101212.0,2058.3707407925394,4236890.106550828,-1,1,2968
SVR,H5,514,2025-08-08,2025-08-18,101212.0,-0.021657510967079,0.0023806702360725,99020.0,101452.95239593336,0.0,101212.0,2432.95239593336,5919257.360877877,-1,1,2967
SVR,H6,514,2025-08-08,2025-08-19,101212.0,-0.0281883571118048,0.0028047700353872,98359.0,101495.87638482162,0.0,101212.0,3136.8763848216186,9839993.453651547,-1,1,2966
SVR,H7,514,2025-08-08,2025-08-20,101212.0,-0.0228135003754496,0.0032020610962484,98903.0,101536.0870076735,0.0,101212.0,2633.087007673501,6933147.189978991,-1,1,2965
SVR,H1,515,2025-08-11,2025-08-12,99785.0,-0.0016535551435586,0.0003072348632099,99620.0,99815.65743082542,0.0,99785.0,195.6574308254203,38281.83023720413,-1,1,2972
SVR,H2,515,2025-08-11,2025-08-13,99785.0,-0.0012927794758731,0.000879391088229,99656.0,99872.75003973892,0.0,99785.0,216.75003973892308,46980.57972682473,-1,1,2971
SVR,H3,515,2025-08-11,2025-08-14,99785.0,-0.0042391140953048,0.0015906480800849,99362.0,99943.72281867127,0.0,99785.0,581.7228186712746,338401.4377628526,-1,1,2970
SVR,H4,515,2025-08-11,2025-08-18,99785.0,-0.0076664829383173,0.0020587509798953,99020.0,99990.43246652884,0.0,99785.0,970.432466528844,941739.172093256,-1,1,2969
SVR,H5,515,2025-08-11,2025-08-19,99785.0,-0.0142907250588766,0.0023806633542712,98359.0,100022.55449280594,0.0,99785.0,1663.554492805939,2767413.550534825,-1,1,2968
SVR,H6,515,2025-08-11,2025-08-20,99785.0,-0.0088390038582952,0.002804768999626,98903.0,100064.87387462768,0.0,99785.0,1161.8738746276797,1349950.9005423365,-1,1,2967
SVR,H7,515,2025-08-11,2025-08-21,99785.0,-0.0075161597434484,0.0032020580717026,99035.0,100104.51736468486,0.0,99785.0,1069.517364684856,1143867.3933624397,-1,1,2966
SVR,H1,516,2025-08-12,2025-08-13,99620.0,0.0003613732182292,0.0002924199284248,99656.0,99649.13087326968,0.0,99620.0,6.869126730307471,47.18490203702461,1,1,2973
SVR,H2,516,2025-08-12,2025-08-14,99620.0,-0.0025898413973097,0.0008738005763755,99362.0,99707.04801341852,0.0,99620.0,345.04801341853454,119058.1315640772,-1,1,2972
SVR,H3,516,2025-08-12,2025-08-18,99620.0,-0.0060228869704878,0.0015894774456692,99020.0,99778.34374313758,0.0,99620.0,758.3437431375787,575085.232755914,-1,1,2971
SVR,H4,516,2025-08-12,2025-08-19,99620.0,-0.0126581007829753,0.0020587526483566,98359.0,99825.09293882929,0.0,99620.0,1466.092938829286,2149428.505285093,-1,1,2970
SVR,H5,516,2025-08-12,2025-08-20,99620.0,-0.0071973499297329,0.0023797540576496,98903.0,99857.07109922305,0.0,99620.0,954.0710992230452,910251.6623726696,-1,1,2969
SVR,H6,516,2025-08-12,2025-08-21,99620.0,-0.0058723147962256,0.0028047568253053,99035.0,99899.40987493692,0.0,99620.0,864.409874936915,747204.4318884531,-1,1,2968
SVR,H7,516,2025-08-12,2025-08-22,99620.0,0.0023790403533427,0.0032020501318501,99857.0,99938.98823413491,0.0,99620.0,81.98823413491482,6722.070536561611,1,1,2967
SVR,H1,517,2025-08-13,2025-08-14,99656.0,-0.0029501485108773,0.0003004192869339,99362.0,99685.93858445868,0.0,99656.0,323.93858445867954,104936.20650109304,-1,1,2974
SVR,H2,517,2025-08-13,2025-08-18,99656.0,-0.0063819539214898,0.0008730512889891,99020.0,99743.0047992555,0.0,99656.0,723.0047992555046,522735.9397464925,-1,1,2973
SVR,H3,517,2025-08-13,2025-08-19,99656.0,-0.0130147708115918,0.0015845137926684,98359.0,99813.90630652216,0.0,99656.0,1454.9063065221708,2116752.3607579847,-1,1,2972
SVR,H4,517,2025-08-13,2025-08-20,99656.0,-0.0075559926145941,0.0020577334762303,98903.0,99861.06548730722,0.0,99656.0,958.06548730722,917889.4779692208,-1,1,2971
SVR,H5,517,2025-08-13,2025-08-21,99656.0,-0.0062314361403227,0.0023797562696975,99035.0,99893.156990813,0.0,99656.0,858.1569908129895,736433.4208812054,-1,1,2970
SVR,H6,517,2025-08-13,2025-08-22,99656.0,0.0020169382676407,0.0028038872784649,99857.0,99935.42419062273,0.0,99656.0,78.42419062271074,6150.353674827271,1,1,2969
SVR,H7,517,2025-08-13,2025-08-25,99656.0,0.0046359476599502,0.003202038733939,100118.0,99975.10237206944,0.0,99656.0,142.89762793056434,20419.732068182,1,1,2968
SVR,H1,518,2025-08-14,2025-08-18,99362.0,-0.0034419597029045,0.0003089119888697,99020.0,99392.69411303807,0.0,99362.0,372.6941130380728,138900.9018932358,-1,1,2975
SVR,H2,518,2025-08-14,2025-08-19,99362.0,-0.0100944022865884,0.0008718460126313,98359.0,99448.62836350709,0.0,99362.0,1089.6283635070722,1187289.9705591004,-1,1,2974
SVR,H3,518,2025-08-14,2025-08-20,99362.0,-0.0046194722328455,0.0015845099596646,98903.0,99519.4400786122,0.0,99362.0,616.4400786122133,379998.37051943166,-1,1,2973
SVR,H4,518,2025-08-14,2025-08-21,99362.0,-0.0032909965580403,0.002050772732151,99035.0,99565.768880212,0.0,99362.0,530.7688802119956,281715.6042014957,-1,1,2972
SVR,H5,518,2025-08-14,2025-08-22,99362.0,0.0049817837805197,0.0023762148192928,99857.0,99598.10545687456,0.0,99362.0,258.89454312543967,67026.38446013014,1,1,2971
SVR,H6,518,2025-08-14,2025-08-25,99362.0,0.0076085425011573,0.0028019059961282,100118.0,99640.4029835873,0.0,99362.0,477.5970164127066,228098.9100863191,1,1,2970
SVR,H7,518,2025-08-14,2025-08-26,99362.0,0.0117650610897526,0.0031989997704181,100531.0,99679.85901518828,0.0,99362.0,851.1409848117182,724440.9760262616,1,1,2969
SVR,H1,519,2025-08-18,2025-08-19,99020.0,-0.0066754191072511,0.0003075231178104,98359.0,99050.4509391256,0.0,99020.0,691.4509391255851,478104.4012176537,-1,1,2976
SVR,H2,519,2025-08-18,2025-08-20,99020.0,-0.0011815794788931,0.0008693061828758,98903.0,99106.07869822836,0.0,99020.0,203.07869822836076,41240.9576741256,-1,1,2975
SVR,H3,519,2025-08-18,2025-08-21,99020.0,0.0001514845485759,0.0015845078061485,99035.0,99176.89796296482,0.0,99020.0,141.89796296482382,20135.031893566516,1,1,2974
SVR,H4,519,2025-08-18,2025-08-22,99020.0,0.0084528378105432,0.0020507711378771,99857.0,99223.0673580726,0.0,99020.0,633.9326419274003,401870.5945010535,1,1,2973
SVR,H5,519,2025-08-18,2025-08-25,99020.0,0.0110886689557665,0.0023673264843462,100118.0,99254.41266847996,0.0,99020.0,863.5873315200297,745783.0791618857,1,1,2972
SVR,H6,519,2025-08-18,2025-08-26,99020.0,0.0152595435265603,0.0027962172366418,100531.0,99296.88143077228,0.0,99020.0,1234.1185692277213,1523048.642912678,1,1,2971
SVR,H7,519,2025-08-18,2025-08-27,99020.0,0.0196626944051707,0.0031942003448754,100967.0,99336.28971814956,0.0,99020.0,1630.7102818504354,2659216.0233327267,1,1,2970
SVR,H1,520,2025-08-19,2025-08-20,98359.0,0.0055307597677893,0.0003081666459547,98903.0,98389.31096312946,0.0,98359.0,513.6890368705353,263876.42660097824,1,1,2977
SVR,H2,520,2025-08-19,2025-08-21,98359.0,0.006872782358503,0.0008654614302126,99035.0,98444.12592081427,0.0,98359.0,590.8740791857126,349132.1774535638,1,1,2976
SVR,H3,520,2025-08-19,2025-08-22,98359.0,0.0152299230370378,0.0015822564855551,99857.0,98514.62916566271,0.0,98359.0,1342.370834337271,1801959.4568793408,1,1,2975
SVR,H4,520,2025-08-19,2025-08-25,98359.0,0.0178834677050396,0.0020488937463398,100118.0,98560.52713999624,0.0,98359.0,1557.4728600037631,2425721.7096483023,1,1,2974
SVR,H5,520,2025-08-19,2025-08-26,98359.0,0.0220823717199238,0.0023640598738852,100531.0,98591.52656513549,0.0,98359.0,1939.4734348645288,3761557.204545214,1,1,2973
SVR,H6,520,2025-08-19,2025-08-27,98359.0,0.0265151130044023,0.0027837316406764,100967.0,98632.8050604453,0.0,98359.0,2334.194939554698,5448466.015842761,1,1,2972
SVR,H7,520,2025-08-19,2025-08-28,98359.0,0.0317408676379384,0.0031853960414393,101481.0,98672.31236923994,0.0,98359.0,2808.687630760061,7888726.207184567,1,1,2971
SVR,H1,521,2025-08-20,2025-08-21,98903.0,0.0013346410119006,0.0003083429242261,99035.0,98933.49604023474,0.0,98903.0,101.50395976526488,10303.053848028512,1,1,2978
SVR,H2,521,2025-08-20,2025-08-22,98903.0,0.0096458145860085,0.0008650093289077,99857.0,98988.55201765696,0.0,98903.0,868.4479823430302,754201.8980356801,1,1,2977
SVR,H3,521,2025-08-20,2025-08-25,98903.0,0.0122847638595391,0.0015822552677477,100118.0,99059.48979274606,0.0,98903.0,1058.5102072539448,1120443.858860789,1,1,2976
SVR,H4,521,2025-08-20,2025-08-26,98903.0,0.0164605724801067,0.0020488934209195,100531.0,99105.6417060092,0.0,98903.0,1425.3582939907938,2031646.266248346,1,1,2975
SVR,H5,521,2025-08-20,2025-08-27,98903.0,0.0208689321860813,0.0023640601465809,100967.0,99136.8126406773,0.0,98903.0,1830.1873593227065,3349585.770224621,1,1,2974
SVR,H6,521,2025-08-20,2025-08-28,98903.0,0.0260659433990879,0.0027837297295297,101481.0,99178.31922143968,0.0,98903.0,2302.6807785603305,5302338.76795121,1,1,2973
SVR,H7,521,2025-08-20,2025-08-29,98903.0,0.04308261630082,0.0031767800670078,103164.0,99217.19307896728,0.0,98903.0,3946.806921032709,15577284.871911688,1,1,2972
SVR,H1,522,2025-08-21,2025-08-22,99035.0,0.0083000959256829,0.0003287263139305,99857.0,99067.55541050012,0.0,99035.0,789.4445894998789,623222.7598906324,1,1,2979
SVR,H2,522,2025-08-21,2025-08-25,99035.0,0.0109355278436915,0.0008668554941014,100118.0,99120.84903385834,0.0,99035.0,997.150966141664,994310.049277254,1,1,2978
SVR,H3,522,2025-08-21,2025-08-26,99035.0,0.0151057706871307,0.0015822546467813,100531.0,99191.698588944,0.0,99035.0,1339.3014110560034,1793728.2696566018,1,1,2977
SVR,H4,522,2025-08-21,2025-08-27,99035.0,0.0195082546574443,0.0020488911764002,100967.0,99237.9119376548,0.0,99035.0,1729.0880623451958,2989745.527344664,1,1,2976
SVR,H5,522,2025-08-21,2025-08-28,99035.0,0.0246983389710708,0.0023640610902039,101481.0,99269.12479006837,0.0,99035.0,2211.875209931648,4892391.944310172,1,1,2975
SVR,H6,522,2025-08-21,2025-08-29,99035.0,0.041692330994093,0.0027837319157245,103164.0,99310.68689027378,0.0,99035.0,3853.313109726223,14848021.921587976,1,1,2974
SVR,H7,522,2025-08-21,2025-09-01,99035.0,0.0491644368152672,0.0031767771621764,103904.0,99349.61212625616,0.0,99035.0,4554.38787374385,20742448.904505026,1,1,2973
SVR,H1,523,2025-08-22,2025-08-25,99857.0,0.002613737644832,0.0003440225416967,100118.0,99891.35305894622,0.0,99857.0,226.6469410537829,51368.83588903696,1,1,2980
SVR,H2,523,2025-08-22,2025-08-26,99857.0,0.0067496520023633,0.0008699282974236,100531.0,99943.86842999584,0.0,99857.0,587.1315700041741,344723.48049556644,1,1,2979
SVR,H3,523,2025-08-22,2025-08-27,99857.0,0.0111158957308952,0.0015834178547759,100967.0,100015.11535672436,0.0,99857.0,951.8846432756254,906084.3741039648,1,1,2978
SVR,H4,523,2025-08-22,2025-08-28,99857.0,0.0162632564567331,0.0020488908045154,101481.0,100061.5960890665,0.0,99857.0,1419.403910933499,2014707.4623733123,1,1,2977
SVR,H5,523,2025-08-22,2025-08-29,99857.0,0.033117357821685,0.0023640656137932,103164.0,100093.06849999656,0.0,99857.0,3070.9315000034403,9430620.27771338,1,1,2976
SVR,H6,523,2025-08-22,2025-09-01,99857.0,0.0405279549756152,0.0027837370823825,103904.0,100134.9756338355,0.0,99857.0,3769.0243661645072,14205544.672741763,1,1,2975
SVR,H7,523,2025-08-22,2025-09-02,99857.0,0.0584636029522216,0.0031767741601668,105695.0,100174.22313731178,0.0,99857.0,5520.776862688217,30478977.167593557,1,1,2974
SVR,H1,524,2025-08-25,2025-08-26,100118.0,0.0041251323438342,0.0003074977906395,100531.0,100148.78606380324,0.0,100118.0,382.21393619675655,146087.4930230183,1,1,2981
SVR,H2,524,2025-08-25,2025-08-27,100118.0,0.008479993607543,0.0008734526952788,100967.0,100205.44833694592,0.0,100118.0,761.551663054066,579960.9355004136,1,1,2980
SVR,H3,524,2025-08-25,2025-08-28,100118.0,0.0136139355560438,0.0015834159184813,101481.0,100276.52843492651,0.0,100118.0,1204.471565073487,1450751.751070575,1,1,2979
SVR,H4,524,2025-08-25,2025-08-29,100118.0,0.0304240995625162,0.0020517797940181,103164.0,100323.42008941752,0.0,100118.0,2840.5799105824844,8068894.228404796,1,1,2978
SVR,H5,524,2025-08-25,2025-09-01,100118.0,0.0378153778541321,0.0023640669835335,103904.0,100354.68565825744,0.0,100118.0,3549.3143417425745,12597632.296499524,1,1,2977
SVR,H6,524,2025-08-25,2025-09-02,100118.0,0.0557042689626241,0.0027837391401588,105695.0,100396.70239523442,0.0,100118.0,5298.297604765583,28071957.508664712,1,1,2976
SVR,H7,524,2025-08-25,2025-09-03,100118.0,0.0695379452246349,0.0031767674635265,107080.0,100436.05160491336,0.0,100118.0,6643.9483950866415,44142050.27657436,1,1,2975
SVR,H1,525,2025-08-26,2025-08-27,100531.0,0.004336970685659,0.0003102547912941,100967.0,100562.19022442358,0.0,100531.0,404.8097755764175,163870.95440222946,1,1,2982
SVR,H2,525,2025-08-26,2025-08-28,100531.0,0.0094498214481104,0.0008755036918532,101481.0,100619.0152616457,0.0,100531.0,861.9847383542947,743017.6891557218,1,1,2981
SVR,H3,525,2025-08-26,2025-08-29,100531.0,0.0261909261819737,0.0015844374210278,103164.0,100690.28507837336,0.0,100531.0,2473.7149216266407,6119265.513478297,1,1,2980
SVR,H4,525,2025-08-26,2025-09-01,100531.0,0.0335518397310281,0.0020533837297505,103904.0,100737.42871973554,0.0,100531.0,3166.571280264456,10027173.672995672,1,1,2979
SVR,H5,525,2025-08-26,2025-09-02,100531.0,0.0513672399558344,0.0023694527512959,105695.0,100769.20345454056,0.0,100531.0,4925.796545459452,24263471.60726028,1,1,2978
SVR,H6,525,2025-08-26,2025-09-03,100531.0,0.0651440849091324,0.002783745778387,107080.0,100810.85274684704,0.0,100531.0,6269.147253152973,39302207.28171546,1,1,2977
SVR,H7,525,2025-08-26,2025-09-04,100531.0,0.057484755945927,0.0031767668378865,106310.0,100850.36354697956,0.0,100531.0,5459.63645302043,29807630.199149504,1,1,2976
SVR,H1,526,2025-08-27,2025-08-28,100967.0,0.0050907722325115,0.000309115522996,101481.0,100998.21046701031,0.0,100967.0,482.789532989671,233085.7331643846,1,1,2983
SVR,H2,526,2025-08-27,2025-08-29,100967.0,0.0217595848148404,0.0008781614738671,103164.0,101055.66532953194,0.0,100967.0,2108.334670468059,4445075.082697659,1,1,2982
SVR,H3,526,2025-08-27,2025-09-01,100967.0,0.0290887121534759,0.0015844365433178,103904.0,101126.97580446918,0.0,100967.0,2777.024195530816,7711863.382563573,1,1,2981
SVR,H4,526,2025-08-27,2025-09-02,100967.0,0.0468271811582001,0.0020577300756914,105695.0,101174.76283255234,0.0,100967.0,4520.23716744766,20432544.04997524,1,1,2980
SVR,H5,526,2025-08-27,2025-09-03,100967.0,0.0605445343528083,0.0023742044684913,107080.0,101206.71630257016,0.0,100967.0,5873.283697429841,34495461.390495144,1,1,2979
SVR,H6,526,2025-08-27,2025-09-04,100967.0,0.0529182802301742,0.0027909641782309,106310.0,101248.79528018345,0.0,100967.0,5061.204719816567,25615793.2158935,1,1,2978
SVR,H7,526,2025-08-27,2025-09-05,100967.0,0.065744253072786,0.0031789933344263,107605.0,101287.97341999704,0.0,100967.0,6317.026580002974,39904824.81246407,1,1,2977
SVR,H1,527,2025-08-28,2025-08-29,101481.0,0.0165843852543825,0.0003075118128866,103164.0,101512.20660628354,0.0,101481.0,1651.7933937164637,2728421.415525352,1,1,2984
SVR,H2,527,2025-08-28,2025-09-01,101481.0,0.0238763906544081,0.0008809092026642,103904.0,101570.39554679555,0.0,101481.0,2333.6044532044325,5445709.744015559,1,1,2983
SVR,H3,527,2025-08-28,2025-09-02,101481.0,0.0415250145347405,0.0015844349075806,105695.0,101641.7900388562,0.0,101481.0,4053.2099611438025,16428510.989115344,1,1,2982
SVR,H4,527,2025-08-28,2025-09-03,101481.0,0.05517288950641,0.0020591425816057,107080.0,101689.96384832393,0.0,101481.0,5390.036151676075,29052489.71637503,1,1,2981
SVR,H5,527,2025-08-28,2025-09-04,101481.0,0.0475852622658428,0.0023820460222888,106310.0,101722.73241238788,0.0,101481.0,4587.267587612121,21043023.920356728,1,1,2980
SVR,H6,527,2025-08-28,2025-09-05,101481.0,0.0603462717158878,0.0027987170466067,107605.0,101765.0166046067,0.0,101481.0,5839.9833953932975,34105406.05846943,1,1,2979
SVR,H7,527,2025-08-28,2025-09-08,101481.0,0.0681112720607799,0.0031883026232361,108393.0,101804.55213850865,0.0,101481.0,6588.447861491368,43407645.22359018,1,1,2978
SVR,H1,528,2025-08-29,2025-09-01,103164.0,0.0071730448606102,0.0003205313507918,103904.0,103197.06729627308,0.0,103164.0,706.9327037269104,499753.84759863967,1,1,2985
SVR,H2,528,2025-08-29,2025-09-02,103164.0,0.0245337520840602,0.0008881263810272,105695.0,103255.62266997228,0.0,103164.0,2439.37733002771,5950561.758253118,1,1,2984
SVR,H3,528,2025-08-29,2025-09-03,103164.0,0.0379589779380404,0.0015980673225304,107080.0,103328.86301726152,0.0,103164.0,3751.136982738477,14071028.663268324,1,1,2983
SVR,H4,528,2025-08-29,2025-09-04,103164.0,0.0304951339614594,0.0020732759983692,106310.0,103377.88744509577,0.0,103164.0,2932.112554904233,8597284.034627032,1,1,2982
SVR,H5,528,2025-08-29,2025-09-05,103164.0,0.0430479624675275,0.002396667471878,107605.0,103411.24980306884,0.0,103164.0,4193.750196931171,17587540.71426023,1,1,2981
SVR,H6,528,2025-08-29,2025-09-08,103164.0,0.0506862859136907,0.002816188392392,108393.0,103454.52925931274,0.0,103164.0,4938.470740687262,24388493.2566242,1,1,2980
SVR,H7,528,2025-08-29,2025-09-09,103164.0,0.0556686441006553,0.0032062450010162,108907.0,103494.76905928484,0.0,103164.0,5412.230940715148,29292243.75563437,1,1,2979
SVR,H1,529,2025-09-01,2025-09-02,103904.0,0.0172370649830613,0.0003402967101367,105695.0,103939.35818937005,0.0,103904.0,1755.6418106299534,3082278.167232021,1,1,2986
SVR,H2,529,2025-09-01,2025-09-03,103904.0,0.0305666769325532,0.0008956825776692,107080.0,103997.06500255017,0.0,103904.0,3082.9349974498477,9504488.19850109,1,1,2985
SVR,H3,529,2025-09-01,2025-09-04,103904.0,0.0231559901447488,0.0016149588373255,106310.0,104071.80068303348,0.0,103904.0,2238.199316966522,5009536.182469406,1,1,2984
SVR,H4,529,2025-09-01,2025-09-05,103904.0,0.0356194179242377,0.0020901911012869,107605.0,104121.17921618812,0.0,103904.0,3483.8207838118838,12137007.253719645,1,1,2983
SVR,H5,529,2025-09-01,2025-09-08,103904.0,0.0432033415460424,0.0024142465050787,108393.0,104154.8498688637,0.0,103904.0,4238.150131136295,17961916.5340506,1,1,2982
SVR,H6,529,2025-09-01,2025-09-09,103904.0,0.0481502155836155,0.0028339619583297,108907.0,104198.45998331827,0.0,103904.0,4708.540016681713,22170349.088693023,1,1,2981
SVR,H7,529,2025-09-01,2025-09-10,103904.0,0.047928857406837,0.0032272841798018,108884.0,104239.32773541812,0.0,103904.0,4644.672264581881,21572980.445376176,1,1,2980
SVR,H1,530,2025-09-02,2025-09-03,105695.0,0.0131037418988599,0.0003322252124557,107080.0,105730.11454383052,0.0,105695.0,1349.8854561694898,1822190.744777912,1,1,2987
SVR,H2,530,2025-09-02,2025-09-04,105695.0,0.005818629074223,0.0009033653803905,106310.0,105790.48120388038,0.0,105695.0,519.5187961196207,269899.77952158,1,1,2986
SVR,H3,530,2025-09-02,2025-09-05,105695.0,0.0180708642792941,0.001642562844067,107605.0,105868.61067980366,0.0,105695.0,1736.3893201963365,3015047.8712918954,1,1,2985
SVR,H4,530,2025-09-02,2025-09-08,105695.0,0.0255262784426888,0.0021189817239433,108393.0,105918.9657733122,0.0,105695.0,2474.034226687814,6120845.354822771,1,1,2984
SVR,H5,530,2025-09-02,2025-09-09,105695.0,0.0303893277827711,0.0024428656116388,108907.0,105953.19868082216,0.0,105695.0,2953.80131917783,8724942.23317669,1,1,2983
SVR,H6,530,2025-09-02,2025-09-10,105695.0,0.0301717205165807,0.0028631122444063,108884.0,105997.61664867253,0.0,105695.0,2886.383351327473,8331208.850820415,1,1,2982
SVR,H7,530,2025-09-02,2025-09-11,105695.0,0.030039263919769,0.0032558184894665,108870.0,106039.12373524415,0.0,105695.0,2830.876264755847,8013860.426358016,1,1,2981
SVR,H1,531,2025-09-03,2025-09-04,107080.0,-0.0071908853193873,0.0003396945844714,106310.0,107116.3744961052,0.0,107080.0,806.3744961051998,650239.8279689149,-1,1,2988
SVR,H2,531,2025-09-03,2025-09-05,107080.0,0.0049028763541276,0.000912284469938,107605.0,107177.68742104096,0.0,107080.0,427.3125789590267,182596.04013661444,1,1,2987
SVR,H3,531,2025-09-03,2025-09-08,107080.0,0.0122618602913708,0.0016674533300851,108393.0,107258.55090258551,0.0,107080.0,1134.4490974144865,1286974.754624543,1,1,2986
SVR,H4,531,2025-09-03,2025-09-09,107080.0,0.0170620097123646,0.0021545742414768,108907.0,107310.71180977732,0.0,107080.0,1596.2881902226654,2548135.9862443525,1,1,2985
SVR,H5,531,2025-09-03,2025-09-10,107080.0,0.0168472170339932,0.0024786793888453,108884.0,107345.41698895756,0.0,107080.0,1538.583011042443,2367237.6818684307,1,1,2984
SVR,H6,531,2025-09-03,2025-09-11,107080.0,0.0167164736645499,0.0028975957811625,108870.0,107390.27455624688,0.0,107080.0,1479.7254437531085,2189587.388890333,1,1,2983
SVR,H7,531,2025-09-03,2025-09-12,107080.0,0.0201438177063877,0.0032907703891289,109237.0,107432.37569326792,0.0,107080.0,1804.624306732076,3256668.8884482244,1,1,2982
SVR,H1,532,2025-09-04,2025-09-05,106310.0,0.0121813564104975,0.0003385563570897,107605.0,106345.9919263222,0.0,106310.0,1259.008073677789,1585101.3295858572,1,1,2989
SVR,H2,532,2025-09-04,2025-09-08,106310.0,0.0195936412378892,0.0009139942953984,108393.0,106407.1667335438,0.0,106310.0,1985.8332664561892,3943533.762164059,1,1,2988
SVR,H3,532,2025-09-04,2025-09-09,106310.0,0.0244285579907816,0.0016768597924208,108907.0,106488.26696453226,0.0,106310.0,2418.73303546774,5850269.496862986,1,1,2987
SVR,H4,532,2025-09-04,2025-09-10,106310.0,0.024212209575769,0.0021686216706361,108884.0,106540.54616980534,0.0,106310.0,2343.4538301946595,5491775.85425402,1,1,2986
SVR,H5,532,2025-09-04,2025-09-11,106310.0,0.0240805192361961,0.0025040268468889,108870.0,106576.20309409277,0.0,106310.0,2293.7969059072348,5261504.245549603,1,1,2985
SVR,H6,532,2025-09-04,2025-09-12,106310.0,0.0275326874235726,0.0029231752034932,109237.0,106620.76275588338,0.0,106310.0,2616.2372441166226,6844697.31750294,1,1,2984
SVR,H7,532,2025-09-04,2025-09-15,106310.0,0.0351331013074969,0.0033178876210547,110045.0,106662.72463299432,0.0,106310.0,3382.2753670056845,11439786.65825344,1,1,2983
SVR,H1,533,2025-09-05,2025-09-08,107605.0,0.0073230797825378,0.000344021911336,108393.0,107642.0184777693,0.0,107605.0,750.9815222306934,563973.2467319294,1,1,2990
SVR,H2,533,2025-09-05,2025-09-09,107605.0,0.0120998094884066,0.0009153813312539,108907.0,107703.49960814958,0.0,107605.0,1203.5003918504226,1448413.1931841208,1,1,2989
SVR,H3,533,2025-09-05,2025-09-10,107605.0,0.0118860647739418,0.0016806461413101,108884.0,107785.84592803568,0.0,107605.0,1098.1540719643235,1205942.3657718247,1,1,2988
SVR,H4,533,2025-09-05,2025-09-11,107605.0,0.0117559592955718,0.00218575221537,108870.0,107840.1978671349,0.0,107605.0,1029.802132865094,1060492.4328534964,1,1,2987
SVR,H5,533,2025-09-05,2025-09-12,107605.0,0.0151665814785557,0.0025249722655293,109237.0,107876.69964063229,0.0,107605.0,1360.300359367713,1850417.0676959292,1,1,2986
SVR,H6,533,2025-09-05,2025-09-15,107605.0,0.0226755262301938,0.0029547270199256,110045.0,107922.9434009791,0.0,107605.0,2122.0565990209,4503124.209448148,1,1,2985
SVR,H7,533,2025-09-05,2025-09-16,107605.0,0.0226290599879188,0.0033488171338701,110040.0,107965.34946769007,0.0,107605.0,2074.650532309912,4304174.8312138,1,1,2984
SVR,H1,534,2025-09-08,2025-09-09,108393.0,0.004742003634921,0.0003438390169222,108907.0,108430.26974256129,0.0,108393.0,476.7302574387286,227271.7383575964,1,1,2991
SVR,H2,534,2025-09-08,2025-09-10,108393.0,0.0045298128107904,0.0009219243622864,108884.0,108492.93014740132,0.0,108393.0,391.0698525986809,152935.629611554,1,1,2990
SVR,H3,534,2025-09-08,2025-09-11,108393.0,0.0044006531787108,0.0016806401960695,108870.0,108575.16963277258,0.0,108393.0,294.83036722741963,86924.94543945511,1,1,2989
SVR,H4,534,2025-09-08,2025-09-12,108393.0,0.0077864806767964,0.0021953053497603,109237.0,108630.95573277657,0.0,108393.0,606.0442672234349,367289.65383439016,1,1,2988
SVR,H5,534,2025-09-08,2025-09-15,108393.0,0.0152408365853884,0.0025470265611343,110045.0,108669.07985004105,0.0,108393.0,1375.920149958969,1893156.259063112,1,1,2987
SVR,H6,534,2025-09-08,2025-09-16,108393.0,0.0151947081453598,0.0029793071461349,110040.0,108715.93603949102,0.0,108393.0,1324.0639605089818,1753145.371518731,1,1,2986
SVR,H7,534,2025-09-08,2025-09-17,108393.0,0.0119841687193822,0.0033804343511722,109692.0,108759.41542062662,0.0,108393.0,932.5845793733752,869713.9976850151,1,1,2985
SVR,H1,535,2025-09-09,2025-09-10,108907.0,-0.0002111893634018,0.0003437524205403,108884.0,108944.43704486378,0.0,108907.0,60.43704486377828,3652.6363918663487,-1,1,2992
SVR,H2,535,2025-09-09,2025-09-11,108907.0,-0.0003397394106898,0.0009257438090632,108870.0,109007.81998101366,0.0,108907.0,137.81998101365753,18994.34716660492,-1,1,2991
SVR,H3,535,2025-09-09,2025-09-12,108907.0,0.0030301082575041,0.0016920971303773,109237.0,109091.281222178,0.0,108907.0,145.7187778219959,21233.96220993621,1,1,2990
SVR,H4,535,2025-09-09,2025-09-15,108907.0,0.0104492824152717,0.0021972934468506,110045.0,109146.30063741616,0.0,108907.0,898.6993625838368,807660.5443085945,1,1,2989
SVR,H5,535,2025-09-09,2025-09-16,108907.0,0.0104033716840974,0.0025585333773719,110040.0,109185.64219452944,0.0,108907.0,854.3578054705577,729927.2597684673,1,1,2988
SVR,H6,535,2025-09-09,2025-09-17,108907.0,0.0072079847943657,0.003000969410905,109692.0,109233.82657563344,0.0,108907.0,458.17342436657054,209922.88679578956,1,1,2987
SVR,H7,535,2025-09-09,2025-09-18,108907.0,0.0004040144343337,0.0034065770471415,108951.0,109278.00008647304,0.0,108907.0,327.00008647305367,106929.05655338458,1,1,2986
SVR,H1,536,2025-09-10,2025-09-11,108884.0,-0.0001285772014253,0.0003436766471845,108870.0,108921.42088805205,0.0,108884.0,51.42088805203093,2644.1077280594973,-1,1,2993
SVR,H2,536,2025-09-10,2025-09-12,108884.0,0.0032419822930824,0.0009269936138939,109237.0,108984.9347726552,0.0,108884.0,252.06522734479225,63536.87883638179,1,1,2992
SVR,H3,536,2025-09-10,2025-09-15,108884.0,0.0106627236324896,0.0016920893438583,110045.0,109068.24145611668,0.0,108884.0,976.758543883334,954057.2530490909,1,1,2991
SVR,H4,536,2025-09-10,2025-09-16,108884.0,0.010616803203409,0.0022056447006784,110040.0,109124.15941758869,0.0,108884.0,915.8405824113288,838763.9723915219,1,1,2990
SVR,H5,536,2025-09-10,2025-09-17,108884.0,0.0074207413394071,0.0025598612701195,109692.0,109162.72793453572,0.0,108884.0,529.2720654642908,280128.91928083653,1,1,2989
SVR,H6,536,2025-09-10,2025-09-18,108884.0,0.0006153337496785,0.0030114242001734,108951.0,109211.8959126117,0.0,108884.0,260.895912611697,68066.67721749023,1,1,2988
SVR,H7,536,2025-09-10,2025-09-19,108884.0,0.0076319753131772,0.0034274827334648,109715.0,109257.19802995058,0.0,108884.0,457.80197004941874,209582.6437811289,1,1,2987
SVR,H1,537,2025-09-11,2025-09-12,108870.0,0.0033709929273444,0.0003412573900314,109237.0,108907.15269205272,0.0,108870.0,329.8473079472751,108799.24656006454,1,1,2994
SVR,H2,537,2025-09-11,2025-09-15,108870.0,0.0107926885276017,0.0009265639906912,110045.0,108970.87502166656,0.0,108870.0,1074.1249783334497,1153744.4690798337,1,1,2993
SVR,H3,537,2025-09-11,2025-09-16,108870.0,0.0107467621934416,0.0016920831316335,110040.0,109054.21709054094,0.0,108870.0,985.782909459056,971767.9445815616,1,1,2992
SVR,H4,537,2025-09-11,2025-09-17,108870.0,0.0075502893359051,0.0022056376080153,109692.0,109110.12776638464,0.0,108870.0,581.8722336153733,338575.2962525435,1,1,2991
SVR,H5,537,2025-09-11,2025-09-18,108870.0,0.0007440066133921,0.0025665399350246,108951.0,109149.41920272612,0.0,108870.0,198.41920272611603,39370.18001046754,1,1,2990
SVR,H6,537,2025-09-11,2025-09-19,108870.0,0.0077615504730412,0.0030121868539508,109715.0,109197.93678278963,0.0,108870.0,517.0632172103506,267354.3705919182,1,1,2989
SVR,H7,537,2025-09-11,2025-09-22,108870.0,0.0293928538624046,0.0034364649255566,112070.0,109244.12793644537,0.0,108870.0,2825.872063554634,7985552.919578527,1,1,2988
SVR,H1,538,2025-09-12,2025-09-15,109237.0,0.0073967611706655,0.0003402541305282,110045.0,109274.16834045653,0.0,109237.0,770.8316595434881,594181.4473545679,1,1,2995
SVR,H2,538,2025-09-12,2025-09-16,109237.0,0.0073509891337184,0.0009273618084395,110040.0,109338.30222186852,0.0,109237.0,701.6977781314927,492379.77183467353,1,1,2994
SVR,H3,538,2025-09-12,2025-09-17,109237.0,0.004165255362194,0.0016920733187453,109692.0,109421.8370131198,0.0,109237.0,270.162986880212,72988.0394800376,1,1,2993
SVR,H4,538,2025-09-12,2025-09-18,109237.0,-0.0026181605133791,0.0022056289203448,108951.0,109477.93628637173,0.0,109237.0,526.9362863717251,277661.84989522473,-1,1,2992
SVR,H5,538,2025-09-12,2025-09-19,109237.0,0.0043758067321511,0.0025665354992266,109715.0,109517.36063832902,0.0,109237.0,197.6393616709829,39061.31728171359,1,1,2991
SVR,H6,538,2025-09-12,2025-09-22,109237.0,0.0259344361342768,0.0030207409713492,112070.0,109566.97668148729,0.0,109237.0,2503.023318512729,6265125.733018475,1,1,2990
SVR,H7,538,2025-09-12,2025-09-23,109237.0,0.0409934362899018,0.0034388016526295,113715.0,109612.64437612829,0.0,109237.0,4102.355623871714,16829321.664711878,1,1,2989
SVR,H1,539,2025-09-15,2025-09-16,110045.0,-4.543595801720368e-05,0.0003246904938347,110040.0,110080.73056539404,0.0,110045.0,40.73056539404206,1658.9789573183366,-1,1,2996
SVR,H2,539,2025-09-15,2025-09-17,110045.0,-0.0032077786360125,0.0009308043747506,109692.0,110147.43036741944,0.0,110045.0,455.430367419438,207416.81956780425,-1,1,2995
SVR,H3,539,2025-09-15,2025-09-18,110045.0,-0.0099413876141578,0.0016920695155911,108951.0,110231.20378984322,0.0,110045.0,1280.2037898432172,1638921.7435289363,-1,1,2994
SVR,H4,539,2025-09-15,2025-09-19,110045.0,-0.0029987732291335,0.0022056174060493,109715.0,110287.7171674487,0.0,110045.0,572.7171674487035,328004.9538904664,-1,1,2993
SVR,H5,539,2025-09-15,2025-09-22,110045.0,0.0184015629969558,0.0025665229009862,112070.0,110327.433012639,0.0,110045.0,1742.5669873609877,3036539.7054403485,1,1,2992
SVR,H6,539,2025-09-15,2025-09-23,110045.0,0.0333499931846064,0.0030257770241188,113715.0,110377.97163261916,0.0,110045.0,3337.0283673808444,11135758.324704465,1,1,2991
SVR,H7,539,2025-09-15,2025-09-24,110045.0,0.022081875596347,0.0034505166829436,112475.0,110424.71210837454,0.0,110045.0,2050.287891625456,4203680.438545957,1,1,2990
SVR,H1,540,2025-09-16,2025-09-17,110040.0,-0.0031624863685932,0.0003428420755741,109692.0,110077.72634199618,0.0,110040.0,385.7263419961819,148784.81090975547,-1,1,2997
SVR,H2,540,2025-09-16,2025-09-18,110040.0,-0.009896401308615,0.0009330390201462,108951.0,110142.6716137769,0.0,110040.0,1191.6716137768965,1420081.2350816322,-1,1,2996
SVR,H3,540,2025-09-16,2025-09-19,110040.0,-0.0029534714649218,0.001692066460759,109715.0,110226.19499334192,0.0,110040.0,511.19499334190914,261320.3212178345,-1,1,2995
SVR,H4,540,2025-09-16,2025-09-22,110040.0,0.0184478371501273,0.0022056154579551,112070.0,110282.70592499338,0.0,110040.0,1787.294075006619,3194420.110553766,1,1,2994
SVR,H5,540,2025-09-16,2025-09-23,110040.0,0.0333969465648855,0.0025665143899425,113715.0,110322.41924346928,0.0,110040.0,3392.580756530733,11509604.189582642,1,1,2993
SVR,H6,540,2025-09-16,2025-09-24,110040.0,0.0221283169756452,0.0030257596523563,112475.0,110372.9545921453,0.0,110040.0,2102.0454078547045,4418594.896683051,1,1,2992
SVR,H7,540,2025-09-16,2025-09-25,110040.0,0.0233187931661214,0.0034548516288548,112606.0,110420.1718732392,0.0,110040.0,2185.828126760811,4777844.599738675,1,1,2991
SVR,H1,541,2025-09-17,2025-09-18,109692.0,-0.0067552784159282,0.0003433606622651,108951.0,109729.66391776518,0.0,109692.0,778.6639177651814,606317.4968294211,-1,1,2998
SVR,H2,541,2025-09-17,2025-09-19,109692.0,0.000209678007512,0.0009316046343905,109715.0,109794.18957555556,0.0,109692.0,79.18957555557427,6270.988876672005,1,1,2997
SVR,H3,541,2025-09-17,2025-09-22,109692.0,0.0216788826897129,0.0016920640772049,112070.0,109877.60589275676,0.0,109692.0,2192.394107243236,4806591.921474863,1,1,2996
SVR,H4,541,2025-09-17,2025-09-23,109692.0,0.0366754184443716,0.0022056137417192,113715.0,109933.93818255668,0.0,109692.0,3781.061817443333,14296428.46732788,1,1,2995
SVR,H5,541,2025-09-17,2025-09-24,109692.0,0.0253710389089449,0.0025665169761224,112475.0,109973.52638014482,0.0,109692.0,2501.473619855184,6257370.270831396,1,1,2994
SVR,H6,541,2025-09-17,2025-09-25,109692.0,0.0265652919082521,0.0030257364739521,112606.0,110023.89908530076,0.0,109692.0,2582.100914699244,6667245.133690671,1,1,2993
SVR,H7,541,2025-09-17,2025-09-26,109692.0,0.0362104802538014,0.0034548257178543,113664.0,110070.96674264288,0.0,109692.0,3593.0332573571213,12909887.988474326,1,1,2992
SVR,H1,542,2025-09-18,2025-09-19,108951.0,0.0070123266422519,0.0003432377458092,109715.0,108988.39609564366,0.0,108951.0,726.603904356336,527953.2338258715,1,1,2999
SVR,H2,542,2025-09-18,2025-09-22,108951.0,0.0286275481638533,0.0009278305777093,112070.0,109052.08806927202,0.0,108951.0,3017.911930727976,9107792.42163026,1,1,2998
SVR,H3,542,2025-09-18,2025-09-23,108951.0,0.0437260786959274,0.0016920608183198,113715.0,109135.3517182168,0.0,108951.0,4579.648281783215,20973178.384839952,1,1,2997
SVR,H4,542,2025-09-18,2025-09-24,108951.0,0.032344815559288,0.0022056132583719,112475.0,109191.30377011288,0.0,108951.0,3283.696229887122,10782660.9301749,1,1,2996
SVR,H5,542,2025-09-18,2025-09-25,108951.0,0.0335471909390459,0.0025665190586618,112606.0,109230.62481796028,0.0,108951.0,3375.37518203973,11393157.61952974,1,1,2995
SVR,H6,542,2025-09-18,2025-09-26,108951.0,0.0432579783572431,0.0030257343140904,113664.0,109280.65677925448,0.0,108951.0,4383.3432207455335,19213697.790855825,1,1,2994
SVR,H7,542,2025-09-18,2025-09-29,108951.0,0.0622573450450203,0.0034548009999777,115734.0,109327.40402374858,0.0,108951.0,6406.595976251425,41044472.00292095,1,1,2993
SVR,H1,543,2025-09-19,2025-09-22,109715.0,0.0214647040058333,0.0003430158616979,112070.0,109752.6339852662,0.0,109715.0,2317.3660147338087,5370185.246243255,1,1,3000
SVR,H2,543,2025-09-19,2025-09-23,109715.0,0.0364580959759377,0.0009275948959198,113715.0,109816.77107400584,0.0,109715.0,3898.228925994146,15196188.759457476,1,1,2999
SVR,H3,543,2025-09-19,2025-09-24,109715.0,0.025156086223397,0.0016920578311735,112475.0,109900.6441249472,0.0,109715.0,2574.3558750528027,6627308.171418882,1,1,2998
SVR,H4,543,2025-09-19,2025-09-25,109715.0,0.0263500888666088,0.0022056123666655,112606.0,109956.98876080872,0.0,109715.0,2649.0112391912844,7017260.545361744,1,1,2997
SVR,H5,543,2025-09-19,2025-09-26,109715.0,0.0359932552522443,0.0025665245769386,113664.0,109996.58624395882,0.0,109715.0,3667.413756041176,13449923.65800005,1,1,2996
SVR,H6,543,2025-09-19,2025-09-29,109715.0,0.0548603199197921,0.0030257342830887,115734.0,110046.9684368691,0.0,109715.0,5687.031563130906,32342328.000047155,1,1,2995
SVR,H7,543,2025-09-19,2025-09-30,109715.0,0.062507405550745,0.0034547940759251,116573.0,110094.04273204012,0.0,109715.0,6478.957267959879,41976887.280050136,1,1,2994
SVR,H1,544,2025-09-22,2025-09-23,112070.0,0.0146783260462211,0.0003616639860603,113715.0,112110.5316829178,0.0,112070.0,1604.46831708221,2574318.580520619,1,1,3001
SVR,H2,544,2025-09-22,2025-09-24,112070.0,0.0036138127955742,0.0009362191672399,112475.0,112174.9220820726,0.0,112070.0,300.07791792741045,90046.75682764969,1,1,3000
SVR,H3,544,2025-09-22,2025-09-25,112070.0,0.0047827250825376,0.0017003776198682,112606.0,112260.56131985864,0.0,112070.0,345.4386801413639,119327.8817378075,1,1,2999
SVR,H4,544,2025-09-22,2025-09-26,112070.0,0.0142232533238155,0.0022088279953416,113664.0,112317.54335343794,0.0,112070.0,1346.4566465620592,1812945.501071146,1,1,2998
SVR,H5,544,2025-09-22,2025-09-29,112070.0,0.0326938520567503,0.0025690994241217,115734.0,112357.91897246134,0.0,112070.0,3376.081027538661,11397923.104506502,1,1,2997
SVR,H6,544,2025-09-22,2025-09-30,112070.0,0.0401802444900507,0.0030331316515336,116573.0,112409.9230641874,0.0,112070.0,4163.076935812613,17331209.573494934,1,1,2996
SVR,H7,544,2025-09-22,2025-10-01,112070.0,0.0437048273400553,0.0034633305600824,116968.0,112458.13545586844,0.0,112070.0,4509.86454413156,20338878.206414964,1,1,2995
SVR,H1,545,2025-09-23,2025-09-24,113715.0,-0.0109044541177505,0.0003710581627121,112475.0,113757.1948789728,0.0,113715.0,1282.1948789728049,1644023.7076640858,-1,1,3002
SVR,H2,545,2025-09-23,2025-09-25,113715.0,-0.0097524513036978,0.0009461854933501,112606.0,113822.59548337632,0.0,113715.0,1216.59548337631,1480104.570171637,-1,1,3001
SVR,H3,545,2025-09-23,2025-09-26,113715.0,-0.0004484896451655,0.0017313689323076,113664.0,113911.88261813736,0.0,113715.0,247.88261813737336,61445.792374638855,-1,1,3000
SVR,H4,545,2025-09-23,2025-09-29,113715.0,0.0177549135997889,0.0022278954453587,115734.0,113968.34513056897,0.0,113715.0,1765.6548694310331,3117537.117945519,1,1,2999
SVR,H5,545,2025-09-23,2025-09-30,113715.0,0.0251330079584928,0.0025827299775767,116573.0,114008.69513940014,0.0,113715.0,2564.304860599863,6575659.418096082,1,1,2998
SVR,H6,545,2025-09-23,2025-10-01,113715.0,0.0286066042298729,0.0030454075701674,116968.0,114061.30852184158,0.0,113715.0,2906.69147815842,8448855.349198781,1,1,2997
SVR,H7,545,2025-09-23,2025-10-03,113715.0,0.0321417579035308,0.0034798892372256,117370.0,114110.71560461112,0.0,113715.0,3259.2843953888805,10622934.77002546,1,1,2996
SVR,H1,546,2025-09-24,2025-09-25,112475.0,0.0011647032673927,0.000365868008635,112606.0,112516.15100427125,0.0,112475.0,89.84899572876748,8072.842033468076,1,1,3003
SVR,H2,546,2025-09-24,2025-09-26,112475.0,0.0105712380529006,0.0009471042946213,113664.0,112581.52555553756,0.0,112475.0,1082.474444462452,1171750.9229142943,1,1,3002
SVR,H3,546,2025-09-24,2025-09-29,112475.0,0.0289753278506335,0.0017435559692952,115734.0,112671.10645764649,0.0,112475.0,3062.893542353515,9381316.851790862,1,1,3001
SVR,H4,546,2025-09-24,2025-09-30,112475.0,0.0364347632807291,0.0022431183657671,116573.0,112727.29473818968,0.0,112475.0,3845.7052618103335,14789448.960715683,1,1,3000
SVR,H5,546,2025-09-24,2025-10-01,112475.0,0.0399466548121805,0.0025907992595937,116968.0,112766.4001467228,0.0,112475.0,4201.599853277192,17653441.32705892,1,1,2999
SVR,H6,546,2025-09-24,2025-10-03,112475.0,0.0435207823960879,0.0030497650896934,117370.0,112818.02232846328,0.0,112475.0,4551.977671536733,20720500.722168986,1,1,2998
SVR,H7,546,2025-09-24,2025-10-06,112475.0,0.0626717048232941,0.0034838448947661,119524.0,112866.84545453884,0.0,112475.0,6657.154545461162,44317706.64215422,1,1,2997
SVR,H1,547,2025-09-25,2025-09-26,112606.0,0.009395591709145,0.0003658148170803,113664.0,112647.19294329216,0.0,112606.0,1016.8070567078394,1033896.5905708591,1,1,3004
SVR,H2,547,2025-09-25,2025-09-29,112606.0,0.0277782711400813,0.000943381779424,115734.0,112712.23044865382,0.0,112606.0,3021.7695513461804,9131091.221442897,1,1,3003
SVR,H3,547,2025-09-25,2025-09-30,112606.0,0.0352290286485621,0.0017435498585268,116573.0,112802.33417536928,0.0,112606.0,3770.6658246307343,14217920.761038177,1,1,3002
SVR,H4,547,2025-09-25,2025-10-01,112606.0,0.0387368346269292,0.0022529832568405,116968.0,112859.6994326198,0.0,112606.0,4108.300567380211,16878133.551936563,1,1,3001
SVR,H5,547,2025-09-25,2025-10-03,112606.0,0.0423068042555458,0.0026054216724558,117370.0,112899.38611284856,0.0,112606.0,4470.613887151441,19986388.52799132,1,1,3000
SVR,H6,547,2025-09-25,2025-10-06,112606.0,0.0614354474894764,0.0030571335948797,119524.0,112950.25158558502,0.0,112606.0,6573.7484144149785,43214168.216023445,1,1,2999
SVR,H7,547,2025-09-25,2025-10-07,112606.0,0.0688062803047795,0.0034878691284802,120354.0,112998.75499108166,0.0,112606.0,7355.24500891834,54099629.14121816,1,1,2998
SVR,H1,548,2025-09-26,2025-09-29,113664.0,0.018211570945946,0.0003679618267531,115734.0,113705.82401307608,0.0,113664.0,2028.175986923932,4113497.8339348654,1,1,3005
SVR,H2,548,2025-09-26,2025-09-30,113664.0,0.0255929757882882,0.0009467298592231,116573.0,113771.60910271874,0.0,113664.0,2801.390897281264,7847790.959370326,1,1,3004
SVR,H3,548,2025-09-26,2025-10-01,113664.0,0.0290681306306306,0.0017435385345405,116968.0,113862.17756399002,0.0,113664.0,3105.822436009985,9646133.004022997,1,1,3003
SVR,H4,548,2025-09-26,2025-10-03,113664.0,0.0326048704954955,0.0022529944004313,117370.0,113920.08435553062,0.0,113664.0,3449.91564446938,11901917.953954576,1,1,3002
SVR,H5,548,2025-09-26,2025-10-06,113664.0,0.0515554617117117,0.0026211574980206,119524.0,113961.931245855,0.0,113664.0,5562.068754144988,30936608.825835977,1,1,3001
SVR,H6,548,2025-09-26,2025-10-07,113664.0,0.0588576858108107,0.0030761660199602,120354.0,114013.64933449276,0.0,113664.0,6340.350665507227,40200046.561597936,1,1,3000
SVR,H7,548,2025-09-26,2025-10-08,113664.0,0.0781074042792793,0.00350077448636,122542.0,114061.91203121762,0.0,113664.0,8480.087968782376,71911891.95828761,1,1,2999
SVR,H1,549,2025-09-29,2025-09-30,115734.0,0.0072493822040196,0.0003809870056928,116573.0,115778.09315011684,0.0,115734.0,794.9068498831475,631876.8999911488,1,1,3006
SVR,H2,549,2025-09-29,2025-10-01,115734.0,0.010662380977068,0.0009546922148562,116968.0,115844.49034879416,0.0,115734.0,1123.5096512058371,1262273.9363526618,1,1,3005
SVR,H3,549,2025-09-29,2025-10-03,115734.0,0.0141358632726769,0.00175939433115,117370.0,115937.62174352132,0.0,115734.0,1432.3782564786816,2051707.469632908,1,1,3004
SVR,H4,549,2025-09-29,2025-10-06,115734.0,0.0327475072148202,0.0022555399574907,119524.0,115995.04266144024,0.0,115734.0,3528.9573385597614,12453539.897374794,1,1,3003
SVR,H5,549,2025-09-29,2025-10-07,115734.0,0.0399191248898336,0.0026350463603525,120354.0,116038.96445546905,0.0,115734.0,4315.035544530954,18619531.750565547,1,1,3002
SVR,H6,549,2025-09-29,2025-10-08,115734.0,0.0588245459415557,0.0031033206336346,122542.0,116093.15971021306,0.0,115734.0,6448.840289786938,41587541.08317928,1,1,3001
SVR,H7,549,2025-09-29,2025-10-09,115734.0,0.0357284808267233,0.0035307176811486,119869.0,116142.62408011006,0.0,115734.0,3726.375919889935,13885877.49633556,1,1,3000
SVR,H1,550,2025-09-30,2025-10-01,116573.0,0.0033884347147281,0.0003809080975395,116968.0,116617.40359965448,0.0,116573.0,350.5964003455301,122917.83593524325,1,1,3007
SVR,H2,550,2025-09-30,2025-10-03,116573.0,0.0068369176395906,0.000962300526272,117370.0,116685.1782592491,0.0,116573.0,684.8217407508928,468980.816605083,1,1,3006
SVR,H3,550,2025-09-30,2025-10-06,116573.0,0.0253146097295255,0.0017822985842655,119524.0,116780.7678928636,0.0,116573.0,2743.2321071363986,7525322.393624005,1,1,3005
SVR,H4,550,2025-09-30,2025-10-07,116573.0,0.0324346117883214,0.0022731962082987,120354.0,116837.99330159,0.0,116573.0,3516.0066984099976,12362303.103263972,1,1,3004
SVR,H5,550,2025-09-30,2025-10-08,116573.0,0.0512039666131951,0.0026428924406167,122542.0,116881.08990048002,0.0,116573.0,5660.910099519984,32045903.15484736,1,1,3003
SVR,H6,550,2025-09-30,2025-10-09,116573.0,0.0282741286575793,0.0031196433000585,119869.0,116936.66617841773,0.0,116573.0,2932.333821582288,8598581.641195385,1,1,3002
SVR,H7,550,2025-09-30,2025-10-10,116573.0,0.0356343235569127,0.0035598861317527,120727.0,116987.9866060368,0.0,116573.0,3739.013393963192,13980221.16023615,1,1,3001
SVR,H1,551,2025-10-01,2025-10-03,116968.0,0.0034368374256206,0.0003807570336366,117370.0,117012.53638871042,0.0,116968.0,357.46361128958233,127780.2333961896,1,1,3008
SVR,H2,551,2025-10-01,2025-10-06,116968.0,0.0218521304972301,0.0009656726970525,119524.0,117080.95280402886,0.0,116968.0,2443.047195971143,5968479.601742465,1,1,3007
SVR,H3,551,2025-10-01,2025-10-07,116968.0,0.0289480883660488,0.0017982298868633,120354.0,117178.33535340664,0.0,116968.0,3175.6646465933736,10084845.947623016,1,1,3006
SVR,H4,551,2025-10-01,2025-10-08,116968.0,0.0476540592298748,0.002293436442102,122542.0,117236.2586737598,0.0,116968.0,5305.741326240197,28150891.020973083,1,1,3005
SVR,H5,551,2025-10-01,2025-10-09,116968.0,0.0248016551535463,0.0026621764949928,119869.0,117279.38946026632,0.0,116968.0,2589.610539733665,6706082.747499684,1,1,3004
SVR,H6,551,2025-10-01,2025-10-10,116968.0,0.0321369947336023,0.0031287985803565,120727.0,117333.96931234714,0.0,116968.0,3393.030687652863,11512657.24735406,1,1,3003
SVR,H7,551,2025-10-01,2025-10-13,116968.0,0.0598112304219957,0.0035776991795217,123964.0,117386.47631763032,0.0,116968.0,6577.5236823696905,43263817.792134136,1,1,3002
SVR,H1,552,2025-10-03,2025-10-06,117370.0,0.0183522194768679,0.0003807027911933,119524.0,117414.68308660237,0.0,117370.0,2109.316913397648,4449217.841145381,1,1,3009
SVR,H2,552,2025-10-03,2025-10-07,117370.0,0.0254238732214364,0.0009677081401494,120354.0,117483.57990440936,0.0,117370.0,2870.4200955906417,8239311.525170589,1,1,3008
SVR,H3,552,2025-10-03,2025-10-08,117370.0,0.0440657748998891,0.0017982204273057,122542.0,117581.05713155288,0.0,117370.0,4960.942868447135,24610954.14399649,1,1,3007
SVR,H4,552,2025-10-03,2025-10-09,117370.0,0.0212916418164779,0.0023076377208566,119869.0,117640.84743929694,0.0,117370.0,2228.1525607030635,4964663.833767619,1,1,3006
SVR,H5,552,2025-10-03,2025-10-10,117370.0,0.028601857374116,0.0026828585152691,120727.0,117684.88710393714,0.0,117370.0,3042.112896062856,9254450.872391935,1,1,3005
SVR,H6,552,2025-10-03,2025-10-13,117370.0,0.0561813069779331,0.0031473024810729,123964.0,117739.39889220352,0.0,117370.0,6224.60110779648,38745658.95118116,1,1,3004
SVR,H7,552,2025-10-03,2025-10-14,117370.0,0.0714237028201414,0.0035875394740707,125753.0,117791.06950807168,0.0,117370.0,7961.930491928317,63392337.15829789,1,1,3003
SVR,H1,553,2025-10-06,2025-10-07,119524.0,0.0069442120410962,0.0003938396592065,120354.0,119571.073291427,0.0,119524.0,782.9267085730098,612974.2309969666,1,1,3010
SVR,H2,553,2025-10-06,2025-10-08,119524.0,0.02525015896389,0.0009745630250849,122542.0,119640.48367101028,0.0,119524.0,2901.516328989732,8418797.00739405,1,1,3009
SVR,H3,553,2025-10-06,2025-10-09,119524.0,0.0028864495833473,0.0018099002158989,119869.0,119740.3265134051,0.0,119524.0,128.67348659489653,16556.86615248702,1,1,3008
SVR,H4,553,2025-10-06,2025-10-10,119524.0,0.010064924199324,0.0023222279301505,120727.0,119801.56197112332,0.0,119524.0,925.4380288766696,856435.5452911358,1,1,3007
SVR,H5,553,2025-10-06,2025-10-13,119524.0,0.0371473511595996,0.0027110106391068,123964.0,119848.0308356286,0.0,119524.0,4115.969164371389,16941202.162056107,1,1,3006
SVR,H6,553,2025-10-06,2025-10-14,119524.0,0.0521150563903483,0.0031780528610664,125753.0,119903.85359016612,0.0,119524.0,5849.1464098338765,34212513.723672524,1,1,3005
SVR,H7,553,2025-10-06,2025-10-15,119524.0,0.0595445266222682,0.0036165216432116,126641.0,119956.2611328832,0.0,119524.0,6684.738867116786,44685733.721541815,1,1,3004
SVR,H1,554,2025-10-07,2025-10-08,120354.0,0.018179703208867,0.0003937376705422,122542.0,120401.38790360044,0.0,120354.0,2140.612096399549,4582220.147252073,1,1,3011
SVR,H2,554,2025-10-07,2025-10-09,120354.0,-0.0040297788191501,0.0009824390873986,119869.0,120472.2404739248,0.0,120354.0,603.2404739247868,363899.06938100135,-1,1,3010
SVR,H3,554,2025-10-07,2025-10-10,120354.0,0.0030991907207071,0.0018256953433005,120727.0,120573.7297373476,0.0,120354.0,153.27026265239692,23491.77341353474,1,1,3009
SVR,H4,554,2025-10-07,2025-10-13,120354.0,0.0299948485301693,0.0023376221050853,123964.0,120635.34217083546,0.0,120354.0,3328.657829164542,11079962.9436584,1,1,3008
SVR,H5,554,2025-10-07,2025-10-14,120354.0,0.0448593316383336,0.0027288715195139,125753.0,120682.4306028596,0.0,120354.0,5070.569397140411,25710674.011216868,1,1,3007
SVR,H6,554,2025-10-07,2025-10-15,120354.0,0.0522375658474167,0.003207108563558,126641.0,120739.98834405848,0.0,120354.0,5901.011655941533,34821938.56355783,1,1,3006
SVR,H7,554,2025-10-07,2025-10-16,120354.0,0.0696362397593766,0.003649145613792,128735.0,120793.18927120233,0.0,120354.0,7941.810728797689,63072357.65204608,1,1,3005
SVR,H1,555,2025-10-08,2025-10-09,122542.0,-0.0218129294445985,0.0004050161225268,119869.0,122591.63148568668,0.0,122542.0,2722.631485686681,7412722.206852465,-1,1,3012
SVR,H2,555,2025-10-08,2025-10-10,122542.0,-0.0148112483883077,0.0009908142264718,120727.0,122663.41635694032,0.0,122542.0,1936.4163569403167,3749708.30742601,-1,1,3011
SVR,H3,555,2025-10-08,2025-10-13,122542.0,0.0116041846876988,0.001854577310627,123964.0,122769.26361279888,0.0,122542.0,1194.7363872011338,1427395.034902417,1,1,3010
SVR,H4,555,2025-10-08,2025-10-14,122542.0,0.0262032609227855,0.002365828764445,125753.0,122831.91338845262,0.0,122542.0,2921.0866115473764,8532746.992161334,1,1,3009
SVR,H5,555,2025-10-08,2025-10-15,122542.0,0.0334497560020237,0.0027544721249262,126641.0,122879.53852313272,0.0,122542.0,3761.461476867291,14148592.441956662,1,1,3008
SVR,H6,555,2025-10-08,2025-10-16,122542.0,0.0505377748037407,0.0032369658938295,128735.0,122938.66427456168,0.0,122542.0,5796.33572543833,33597507.84199269,1,1,3007
SVR,H7,555,2025-10-08,2025-10-17,122542.0,0.0278190334742374,0.0036889492549633,125951.0,122994.05121960172,0.0,122542.0,2956.948780398277,8743546.08989886,1,1,3006
SVR,H1,556,2025-10-09,2025-10-10,119869.0,0.0071578139468919,0.000387625065761,120727.0,119915.46422900772,0.0,119869.0,811.5357709922828,658590.3076000388,1,1,3013
SVR,H2,556,2025-10-09,2025-10-13,119869.0,0.0341622938374392,0.000989081858978,123964.0,119987.56025335383,0.0,119869.0,3976.439746646167,15812073.058707433,1,1,3012
SVR,H3,556,2025-10-09,2025-10-14,119869.0,0.0490869198875438,0.0018545658763588,125753.0,120091.30495703328,0.0,119869.0,5661.695042966734,32054790.759554088,1,1,3011
SVR,H4,556,2025-10-09,2025-10-15,119869.0,0.0564950070493621,0.0023713722857185,126641.0,120153.2540245168,0.0,119869.0,6487.745975483194,42090847.84239838,1,1,3010
SVR,H5,556,2025-10-09,2025-10-16,119869.0,0.0739640774512175,0.0027619149167125,128735.0,120200.06797915144,0.0,119869.0,8534.932020848573,72845064.6005063,1,1,3009
SVR,H6,556,2025-10-09,2025-10-17,119869.0,0.0507387231060574,0.0032453222044611,125951.0,120258.01352732656,0.0,119869.0,5692.986472673452,32410094.978042915,1,1,3008
SVR,H7,556,2025-10-09,2025-10-20,119869.0,0.0802876473483553,0.0037003304766729,129493.0,120312.55491390832,0.0,119869.0,9180.445086091684,84280571.97874495,1,1,3007
SVR,H1,557,2025-10-10,2025-10-13,120727.0,0.0268125605705433,0.0003874758079042,123964.0,120773.77879186088,0.0,120727.0,3190.221208139133,10177511.356860712,1,1,3014
SVR,H2,557,2025-10-10,2025-10-14,120727.0,0.0416311181425861,0.0009836638637033,125753.0,120845.75478727333,0.0,120727.0,4907.245212726688,24081055.577829,1,1,3013
SVR,H3,557,2025-10-10,2025-10-15,120727.0,0.048986556445534,0.0018545510368236,126641.0,120950.89438302262,0.0,120727.0,5690.10561697738,32377301.93235753,1,1,3012
SVR,H4,557,2025-10-10,2025-10-16,120727.0,0.0663314751464048,0.0023713561241752,128735.0,121013.28671080332,0.0,120727.0,7721.713289196676,59624856.12055655,1,1,3011
SVR,H5,557,2025-10-10,2025-10-17,120727.0,0.0432711820885136,0.0027723617296622,125951.0,121061.69891453692,0.0,120727.0,4889.30108546307,23905265.10431036,1,1,3010
SVR,H6,557,2025-10-10,2025-10-20,120727.0,0.072610103787885,0.0032558126092605,129493.0,121120.0644888782,0.0,120727.0,8372.935511121803,70106049.07340452,1,1,3009
SVR,H7,557,2025-10-10,2025-10-21,120727.0,0.0549835579447846,0.0037117905301635,127365.0,121175.11333533506,0.0,120727.0,6189.88666466494,38314696.92139686,1,1,3008
SVR,H1,558,2025-10-13,2025-10-14,123964.0,0.0144316091768577,0.0004092994535455,125753.0,124014.73839745932,0.0,123964.0,1738.261602540675,3021553.398867276,1,1,3015
SVR,H2,558,2025-10-13,2025-10-15,123964.0,0.021594979187506,0.0009951299806002,126641.0,124087.36029291512,0.0,123964.0,2553.6397070848907,6521075.753600607,1,1,3014
SVR,H3,558,2025-10-13,2025-10-16,123964.0,0.0384869800909941,0.0018545357318386,128735.0,124193.89566746163,0.0,123964.0,4541.104332538351,20621628.55899858,1,1,3013
SVR,H4,558,2025-10-13,2025-10-17,123964.0,0.0160288470846374,0.0023842287550054,125951.0,124259.55853338548,0.0,123964.0,1691.441466614517,2860974.234983067,1,1,3012
SVR,H5,558,2025-10-13,2025-10-20,123964.0,0.0446016585460296,0.0027895482124201,129493.0,124309.80355460444,0.0,123964.0,5183.196445395559,26865525.39156116,1,1,3011
SVR,H6,558,2025-10-13,2025-10-21,123964.0,0.0274353844664581,0.0032830111492222,127365.0,124370.97519410215,0.0,123964.0,2994.0248058978323,8964184.538331551,1,1,3010
SVR,H7,558,2025-10-13,2025-10-22,123964.0,-0.0233535542576877,0.0037391979948259,121069.0,124427.5259402306,0.0,123964.0,3358.525940230611,11279696.49120191,-1,1,3009
SVR,H1,559,2025-10-14,2025-10-15,125753.0,0.0070614617543915,0.0004181961265916,126641.0,125805.58941750728,0.0,125753.0,835.4105824927246,697910.8413408335,1,1,3016
SVR,H2,559,2025-10-14,2025-10-16,125753.0,0.0237131519725175,0.00100918149284,128735.0,125879.9076002691,0.0,125753.0,2855.0923997309,8151552.61100115,1,1,3015
SVR,H3,559,2025-10-14,2025-10-17,125753.0,0.0015745151209116,0.0018884560909272,125951.0,125990.4790188024,0.0,125753.0,39.47901880239078,1558.592925599525,1,1,3014
SVR,H4,559,2025-10-14,2025-10-20,125753.0,0.0297408411727753,0.0023940388928393,129493.0,126054.05757289124,0.0,125753.0,3438.942427108763,11826325.016968708,1,1,3013
SVR,H5,559,2025-10-14,2025-10-21,125753.0,0.0128187796712604,0.0028123867796454,127365.0,126106.66607470076,0.0,125753.0,1258.3339252992446,1583404.267559005,1,1,3012
SVR,H6,559,2025-10-14,2025-10-22,125753.0,-0.0372476203351013,0.0033078439803704,121069.0,126168.97130406353,0.0,125753.0,5099.971304063525,26009707.30227141,-1,1,3011
SVR,H7,559,2025-10-14,2025-10-23,125753.0,-0.0194667324039983,0.0037737134970492,123305.0,126227.55579339444,0.0,125753.0,2922.5557933944365,8541332.365503384,-1,1,3010
SVR,H1,560,2025-10-15,2025-10-16,126641.0,0.0165349294462298,0.0004192101655999,128735.0,126694.08919458174,0.0,126641.0,2040.910805418258,4165316.915673002,1,1,3017
SVR,H2,560,2025-10-15,2025-10-17,126641.0,-0.0054484724536287,0.0010160511013812,125951.0,126769.67372753004,0.0,126641.0,818.6737275300256,670226.6721479066,-1,1,3016
SVR,H3,560,2025-10-15,2025-10-20,126641.0,0.0225203528083322,0.0019230876000121,129493.0,126884.54173675312,0.0,126641.0,2608.458263246881,6804054.511100935,1,1,3015
SVR,H4,560,2025-10-15,2025-10-21,126641.0,0.0057169479078655,0.0024292308828394,127365.0,126948.64022823368,0.0,126641.0,416.3597717663215,173355.45954530334,1,1,3014
SVR,H5,560,2025-10-15,2025-10-22,126641.0,-0.0439983891472746,0.0028265713229717,121069.0,126998.95981891248,0.0,126641.0,5929.959818912481,35164423.45391654,-1,1,3013
SVR,H6,560,2025-10-15,2025-10-23,126641.0,-0.0263421798627616,0.0033328505515951,123305.0,127063.07552670456,0.0,126641.0,3758.075526704546,14123131.664415652,-1,1,3012
SVR,H7,560,2025-10-15,2025-10-24,126641.0,-0.0323118105510853,0.0038011000489135,122549.0,127122.37511129446,0.0,126641.0,4573.375111294459,20915759.90860761,-1,1,3011
SVR,H1,561,2025-10-16,2025-10-17,128735.0,-0.0216258204839399,0.000431260183939,125951.0,128790.5182797794,0.0,128735.0,2839.518279779397,8062864.061201345,-1,1,3018
SVR,H2,561,2025-10-16,2025-10-20,128735.0,0.0058880646288888,0.0010233101950681,129493.0,128866.73583796209,0.0,128735.0,626.2641620379145,392206.8006530512,1,1,3017
SVR,H3,561,2025-10-16,2025-10-21,128735.0,-0.0106420165456169,0.0019488518653947,127365.0,128985.8854448916,0.0,128735.0,1620.8854448915954,2627269.625461425,-1,1,3016
SVR,H4,561,2025-10-16,2025-10-22,128735.0,-0.0595486852837223,0.0024738336543567,121069.0,129053.46897549364,0.0,128735.0,7984.468975493626,63751744.82062024,-1,1,3015
SVR,H5,561,2025-10-16,2025-10-23,128735.0,-0.0421796714180292,0.0028692605525779,123305.0,129104.37425723612,0.0,128735.0,5799.3742572361225,33632741.775493026,-1,1,3014
SVR,H6,561,2025-10-16,2025-10-24,128735.0,-0.0480522002563404,0.003356621880525,122549.0,129167.1147177894,0.0,128735.0,6618.114717789387,43799442.4178205,-1,1,3013
SVR,H7,561,2025-10-16,2025-10-27,128735.0,-0.0678370295568415,0.0038354666941627,120002.0,129228.75880487304,0.0,128735.0,9226.75880487304,85133078.04330216,-1,1,3012
SVR,H1,562,2025-10-17,2025-10-20,125951.0,0.0281220474629022,0.0004114875604323,129493.0,126002.82726972402,0.0,125951.0,3490.1727302759828,12181305.687162109,1,1,3019
SVR,H2,562,2025-10-17,2025-10-21,125951.0,0.0112265881176012,0.0010214232045422,127365.0,126079.6492740353,0.0,125951.0,1285.3507259647013,1652126.4887379846,1,1,3018
SVR,H3,562,2025-10-17,2025-10-22,125951.0,-0.0387611055092853,0.0019488261439272,121069.0,126196.4566016538,0.0,125951.0,5127.4566016537865,26290811.201843,-1,1,3017
SVR,H4,562,2025-10-17,2025-10-23,125951.0,-0.0210081698438281,0.0024746201921964,123305.0,126262.68088782732,0.0,125951.0,2957.6808878273296,8747876.234219061,-1,1,3016
SVR,H5,562,2025-10-17,2025-10-24,125951.0,-0.0270105040849218,0.0028883057760722,122549.0,126314.78500080208,0.0,125951.0,3765.785000802076,14181136.672265893,-1,1,3015
SVR,H6,562,2025-10-17,2025-10-27,125951.0,-0.0472326539686068,0.0033804174524768,120002.0,126376.7669585569,0.0,125951.0,6374.766958556895,40637653.77590872,-1,1,3014
SVR,H7,562,2025-10-17,2025-10-28,125951.0,-0.0575779469793809,0.003842833844797,118699.0,126435.00876558604,0.0,125951.0,7736.008765586041,59845831.62122405,-1,1,3013
SVR,H1,563,2025-10-20,2025-10-21,129493.0,-0.0164333207200388,0.0004356345117027,127365.0,129549.41161982392,0.0,129493.0,2184.411619823921,4771654.124821765,-1,1,3020
SVR,H2,563,2025-10-20,2025-10-22,129493.0,-0.065053709466921,0.0010227527350853,121069.0,129625.43931992442,0.0,129493.0,8556.439319924422,73212653.83554871,-1,1,3019
SVR,H3,563,2025-10-20,2025-10-23,129493.0,-0.0477863668306395,0.0019576389569224,123305.0,129746.50054144875,0.0,129493.0,6441.500541448768,41492929.225484766,-1,1,3018
SVR,H4,563,2025-10-20,2025-10-24,129493.0,-0.0536245202443375,0.0024871233555918,122549.0,129815.06506468564,0.0,129493.0,7266.065064685652,52795701.52424531,-1,1,3017
SVR,H5,563,2025-10-20,2025-10-27,129493.0,-0.0732935371023916,0.0029104158239853,120002.0,129869.87847629534,0.0,129493.0,9867.878476295344,97375025.62293293,-1,1,3016
SVR,H6,563,2025-10-20,2025-10-28,129493.0,-0.0833558570733553,0.0034173933489724,118699.0,129935.5285169385,0.0,129493.0,11236.528516938502,126259573.11197218,-1,1,3015
SVR,H7,563,2025-10-20,2025-10-29,129493.0,-0.0777570988393194,0.0038828058643465,119424.0,129995.79617979184,0.0,129493.0,10571.796179791823,111762874.46706104,-1,1,3014
SVR,H1,564,2025-10-21,2025-10-22,127365.0,-0.0494327326973658,0.0004240469033643,121069.0,127419.008733847,0.0,127365.0,6350.008733846989,40322610.91993304,-1,1,3021
SVR,H2,564,2025-10-21,2025-10-23,127365.0,-0.0318768892552898,0.0010262867926332,123305.0,127495.71301734372,0.0,127365.0,4190.713017343718,17562075.59373409,-1,1,3020
SVR,H3,564,2025-10-21,2025-10-24,127365.0,-0.0378125858752405,0.0019576204694119,122549.0,127614.33233108664,0.0,127365.0,5065.33233108664,25657591.624351613,-1,1,3019
SVR,H4,564,2025-10-21,2025-10-27,127365.0,-0.0578102304400738,0.0024871019113484,120002.0,127681.76973493892,0.0,127365.0,7679.76973493892,58978863.18168381,-1,1,3018
SVR,H5,564,2025-10-21,2025-10-28,127365.0,-0.0680406705138774,0.0029103659670167,118699.0,127735.67876138908,0.0,127365.0,9036.678761389076,81661563.03654043,-1,1,3017
SVR,H6,564,2025-10-21,2025-10-29,127365.0,-0.0623483688611471,0.0034254033591744,119424.0,127801.27649884128,0.0,127365.0,8377.276498841267,70178761.53803821,-1,1,3016
SVR,H7,564,2025-10-21,2025-10-30,127365.0,-0.0558552192517567,0.0039067973558359,120251.0,127862.58924522605,0.0,127365.0,7611.589245226045,57936290.83804079,-1,1,3015
SVR,H1,565,2025-10-22,2025-10-23,121069.0,0.0184688070439171,0.0003718877079241,123305.0,121114.02407291067,0.0,121069.0,2190.9759270893264,4800375.513084933,1,1,3022
SVR,H2,565,2025-10-22,2025-10-24,121069.0,0.012224434000446,0.0010043279525691,122549.0,121190.5929808896,0.0,121069.0,1358.407019110411,1845269.6295684327,1,1,3021
SVR,H3,565,2025-10-22,2025-10-27,121069.0,-0.0088131561341053,0.0019283501202706,120002.0,121302.46342071104,0.0,121069.0,1300.4634207110505,1691205.108607486,-1,1,3020
SVR,H4,565,2025-10-22,2025-10-28,121069.0,-0.0195756139061196,0.0024441493309177,118699.0,121364.91071534489,0.0,121069.0,2665.910715344886,7107079.942190681,-1,1,3019
SVR,H5,565,2025-10-22,2025-10-29,121069.0,-0.0135872931964416,0.0028841529266311,119424.0,121418.18151067432,0.0,121069.0,1994.181510674316,3976759.8975152974,-1,1,3018
SVR,H6,565,2025-10-22,2025-10-30,121069.0,-0.0067564777110573,0.0034080909233829,120251.0,121481.61416000304,0.0,121069.0,1230.6141600030387,1514411.2107999846,-1,1,3017
SVR,H7,565,2025-10-22,2025-10-31,121069.0,0.0011563653784205,0.0038982196152526,121209.0,121540.95355059902,0.0,121069.0,331.9535505990207,110193.15975529658,1,1,3016
SVR,H1,566,2025-10-23,2025-10-24,123305.0,-0.0061311382344593,0.0003840407214478,122549.0,123352.35414115814,0.0,123305.0,803.3541411581391,645377.8761159313,-1,1,3023
SVR,H2,566,2025-10-23,2025-10-27,123305.0,-0.026787234905316,0.0009935545119763,120002.0,123427.51023909924,0.0,123305.0,3425.51023909924,11734120.39817373,-1,1,3022
SVR,H3,566,2025-10-23,2025-10-28,123305.0,-0.0373545273914277,0.0018909447891273,118699.0,123538.16294722336,0.0,123305.0,4839.162947223347,23417498.029779352,-1,1,3021
SVR,H4,566,2025-10-23,2025-10-29,123305.0,-0.0314747982644662,0.0024349331411923,119424.0,123605.23943097472,0.0,123305.0,4181.239430974718,17482763.17913778,-1,1,3020
SVR,H5,566,2025-10-23,2025-10-30,123305.0,-0.0247678520741251,0.002862206705578,120251.0,123657.92439783127,0.0,123305.0,3406.924397831288,11607133.852538085,-1,1,3019
SVR,H6,566,2025-10-23,2025-10-31,123305.0,-0.0169984996553261,0.0033963638696617,121209.0,123723.78864694864,0.0,123305.0,2514.78864694864,6324161.938821773,-1,1,3018
SVR,H7,566,2025-10-23,2025-11-03,123305.0,-0.0153278455861481,0.0038913873605592,121415.0,123784.82751849377,0.0,123305.0,2369.8275184937665,5616082.467410323,-1,1,3017
SVR,H1,567,2025-10-24,2025-10-27,122549.0,-0.0207835233253637,0.0003831219158566,120002.0,122595.95120766634,0.0,122549.0,2593.9512076663377,6728582.867753652,-1,1,3024
SVR,H2,567,2025-10-24,2025-10-28,122549.0,-0.0314160050265608,0.0009968886014798,118699.0,122671.16770122274,0.0,122549.0,3972.1677012227447,15778116.246637184,-1,1,3023
SVR,H3,567,2025-10-24,2025-10-29,122549.0,-0.0255000040800006,0.0018645353377029,119424.0,122777.49694110017,0.0,122549.0,3353.496941100151,11245941.733968072,-1,1,3022
SVR,H4,567,2025-10-24,2025-10-30,122549.0,-0.0187516830002693,0.00239816016111,120251.0,122842.89212958388,0.0,122549.0,2591.892129583881,6717904.811398866,-1,1,3021
SVR,H5,567,2025-10-24,2025-10-31,122549.0,-0.0109344017495043,0.002848585695468,121209.0,122898.09132839392,0.0,122549.0,1689.091328393915,2853029.5156555213,-1,1,3020
SVR,H6,567,2025-10-24,2025-11-03,122549.0,-0.0092534414805506,0.0033699795495356,121415.0,122961.98762381604,0.0,122549.0,1546.9876238160505,2393170.70824003,-1,1,3019
SVR,H7,567,2025-10-24,2025-11-04,122549.0,-0.0221870435499269,0.0038764073361318,119830.0,123024.04984263564,0.0,122549.0,3194.0498426356357,10201954.397240726,-1,1,3018
SVR,H1,568,2025-10-27,2025-10-28,120002.0,-0.0108581523641272,0.000366964123078,118699.0,120046.0364286976,0.0,120002.0,1347.0364286975964,1814507.1402383747,-1,1,3025
SVR,H2,568,2025-10-27,2025-10-29,120002.0,-0.0048165863902268,0.0009878197062825,119424.0,120120.54034039332,0.0,120002.0,696.540340393316,485168.4457952365,-1,1,3024
SVR,H3,568,2025-10-27,2025-10-30,120002.0,0.0020749654172429,0.001864514097693,120251.0,120225.74542075137,0.0,120002.0,25.25457924864895,637.7937730262903,1,1,3023
SVR,H4,568,2025-10-27,2025-10-31,120002.0,0.0100581656972382,0.0023569240134421,121209.0,120284.83559546107,0.0,120002.0,924.1644045389112,854079.8466167602,1,1,3022
SVR,H5,568,2025-10-27,2025-11-03,120002.0,0.0117748037532707,0.002801742566627,121415.0,120338.2147114804,0.0,120002.0,1076.7852885196044,1159466.5575722477,1,1,3021
SVR,H6,568,2025-10-27,2025-11-04,120002.0,-0.0014333094448425,0.003343410700938,119830.0,120403.21597093396,0.0,120002.0,573.2159709339612,328576.5493337639,-1,1,3020
SVR,H7,568,2025-10-27,2025-11-05,120002.0,0.0040999316678056,0.0038388667984833,120494.0,120462.67169355162,0.0,120002.0,31.328306448383955,981.4627849238556,1,1,3019
SVR,H1,569,2025-10-28,2025-10-29,118699.0,0.0061078863343415,0.0003616006220611,119424.0,118741.92163223802,0.0,118699.0,682.0783677619766,465230.89976884215,1,1,3026
SVR,H2,569,2025-10-28,2025-10-30,118699.0,0.0130750890908937,0.0009770875140249,120251.0,118814.97931082724,0.0,118699.0,1436.0206891727576,2062155.4197322016,1,1,3025
SVR,H3,569,2025-10-28,2025-10-31,118699.0,0.0211459237230304,0.0018375439460212,121209.0,118917.11462884877,0.0,118699.0,2291.8853711512347,5252738.554497033,1,1,3024
SVR,H4,569,2025-10-28,2025-11-03,118699.0,0.022881405909064,0.0023487798470958,121415.0,118977.79781907045,0.0,118699.0,2437.2021809295693,5939954.470727849,1,1,3023
SVR,H5,569,2025-10-28,2025-11-04,118699.0,0.0095283026815726,0.0027575275989283,119830.0,119026.3157684652,0.0,118699.0,803.6842315347894,645908.344017665,1,1,3022
SVR,H6,569,2025-10-28,2025-11-05,118699.0,0.0151222840967488,0.0032923399648711,120494.0,119089.79746149023,0.0,118699.0,1404.202538509751,1971784.7691572297,1,1,3021
SVR,H7,569,2025-10-28,2025-11-06,118699.0,0.0159057784817058,0.0038075748718021,120587.0,119150.95532970806,0.0,118699.0,1436.0446702919437,2062224.2950738969,1,1,3020
SVR,H1,570,2025-10-29,2025-10-30,119424.0,0.0069249062165059,0.0003613381962329,120251.0,119467.15245274692,0.0,119424.0,783.8475472530845,614416.9773346765,1,1,3027
SVR,H2,570,2025-10-29,2025-10-31,119424.0,0.0149467443729902,0.0009750937722654,121209.0,119540.44959865903,0.0,119424.0,1668.5504013409663,2784060.4418151,1,1,3026
SVR,H3,570,2025-10-29,2025-11-03,119424.0,0.0166716907824222,0.0018217316688605,121415.0,119641.558482822,0.0,119424.0,1773.4415171780129,3145094.814850652,1,1,3025
SVR,H4,570,2025-10-29,2025-11-04,119424.0,0.0033996516613075,0.0023308362118217,119830.0,119702.3577837606,0.0,119424.0,127.64221623940102,16292.53536650601,1,1,3024
SVR,H5,570,2025-10-29,2025-11-05,119424.0,0.0089596730975347,0.0027545702714945,120494.0,119752.96180010296,0.0,119424.0,741.0381998970261,549137.6137066247,1,1,3023
SVR,H6,570,2025-10-29,2025-11-06,119424.0,0.009738411039657,0.0032556916532038,120587.0,119812.8077199922,0.0,119424.0,774.1922800077882,599373.6864236576,1,1,3022
SVR,H7,570,2025-10-29,2025-11-07,119424.0,0.0136655948553054,0.0037641226137472,121056.0,119873.52657902415,0.0,119424.0,1182.4734209758462,1398243.391314321,1,1,3021
SVR,H1,571,2025-10-30,2025-10-31,120251.0,0.0079666697158442,0.0003613054168806,121209.0,120294.4473376853,0.0,120251.0,914.5526623147016,836406.5721469086,1,1,3028
SVR,H2,571,2025-10-30,2025-11-03,120251.0,0.0096797531829257,0.0009792758245953,121415.0,120368.75889718343,0.0,120251.0,1046.241102816566,1094620.4452228246,1,1,3027
SVR,H3,571,2025-10-30,2025-11-04,120251.0,-0.0035010103866079,0.0018217072149164,119830.0,120470.06211430092,0.0,120251.0,640.0621143009193,409679.5101633631,-1,1,3026
SVR,H4,571,2025-10-30,2025-11-05,120251.0,0.0020207732160231,0.0023234376218842,120494.0,120530.39569746918,0.0,120251.0,36.39569746918278,1324.6467942682775,1,1,3025
SVR,H5,571,2025-10-30,2025-11-06,120251.0,0.002794155557958,0.0027432832391689,120587.0,120580.88255279332,0.0,120251.0,6.1174472066923045,37.42316032666748,1,1,3024
SVR,H6,571,2025-10-30,2025-11-07,120251.0,0.0066943310242741,0.0032556197389317,121056.0,120642.49152922627,0.0,120251.0,413.508470773726,170989.2554016254,1,1,3023
SVR,H7,571,2025-10-30,2025-11-10,120251.0,0.0303199141795078,0.0037347876238581,123897.0,120700.11194655656,0.0,120251.0,3196.888053443443,10220093.226249406,1,1,3022
SVR,H1,572,2025-10-31,2025-11-03,121209.0,0.0016995437632518,0.000361100093396,121415.0,121252.76858122044,0.0,121209.0,162.2314187795564,26319.033239227807,1,1,3029
SVR,H2,572,2025-10-31,2025-11-04,121209.0,-0.0113770429588562,0.0009840281523711,119830.0,121328.27306832076,0.0,121209.0,1498.2730683207628,2244822.187255313,-1,1,3028
SVR,H3,572,2025-10-31,2025-11-05,121209.0,-0.0058989018967238,0.0018285438100801,120494.0,121430.635966676,0.0,121209.0,936.6359666760108,877286.9340711053,-1,1,3027
SVR,H4,572,2025-10-31,2025-11-06,121209.0,-0.0051316321395276,0.0023233923182431,120587.0,121490.61605950192,0.0,121209.0,903.616059501932,816521.9829897989,-1,1,3026
SVR,H5,572,2025-10-31,2025-11-07,121209.0,-0.0012622825037744,0.002742411042007,121056.0,121541.40489999064,0.0,121209.0,485.4048999906372,235617.9169349205,-1,1,3025
SVR,H6,572,2025-10-31,2025-11-10,121209.0,0.0221765710467045,0.0032501584297851,123897.0,121602.94845311584,0.0,121209.0,2294.0515468841622,5262672.499761618,1,1,3024
SVR,H7,572,2025-10-31,2025-11-11,121209.0,0.0221765710467045,0.0037349895650545,123897.0,121661.71435019068,0.0,121209.0,2235.285649809317,4996501.9362434605,1,1,3023
SVR,H1,573,2025-11-03,2025-11-04,121415.0,-0.0130544001976691,0.0003609586811754,119830.0,121458.82579827492,0.0,121415.0,1628.82579827492,2653073.481125931,-1,1,3030
SVR,H2,573,2025-11-03,2025-11-05,121415.0,-0.0075855536795288,0.0009870247699299,120494.0,121534.83961244104,0.0,121415.0,1040.83961244105,1083347.0988264354,-1,1,3029
SVR,H3,573,2025-11-03,2025-11-06,121415.0,-0.0068195857184037,0.0018303936714681,120587.0,121637.23724762128,0.0,121415.0,1050.237247621291,1102998.2762911457,-1,1,3028
SVR,H4,573,2025-11-03,2025-11-07,121415.0,-0.0029568010542354,0.0023302610635405,121056.0,121697.92864702977,0.0,121415.0,641.9286470297666,412072.3878774666,-1,1,3027
SVR,H5,573,2025-11-03,2025-11-10,121415.0,0.02044228472594,0.0027423728552542,123897.0,121747.9652002207,0.0,121415.0,2149.0347997793,4618350.570662455,1,1,3026
SVR,H6,573,2025-11-03,2025-11-11,121415.0,0.02044228472594,0.0032500629157248,123897.0,121809.60638891273,0.0,121415.0,2087.3936110872746,4357212.087607972,1,1,3025
SVR,H7,573,2025-11-03,2025-11-12,121415.0,0.0407527900177078,0.0037307217412908,126363.0,121867.96558021882,0.0,121415.0,4495.034419781179,20205334.43501752,1,1,3024
SVR,H1,574,2025-11-04,2025-11-05,119830.0,0.0055411833430694,0.000352663828764,120494.0,119872.2597066008,0.0,119830.0,621.740293399198,386560.9924361208,1,1,3031
SVR,H2,574,2025-11-04,2025-11-06,119830.0,0.0063172828173245,0.0009827600987884,120587.0,119947.7641426378,0.0,119830.0,639.2358573621896,408622.4813375736,1,1,3030
SVR,H3,574,2025-11-04,2025-11-07,119830.0,0.0102311608111491,0.0018303825965116,121056.0,120049.33474654,0.0,119830.0,1006.6652534600144,1013374.932523715,1,1,3029
SVR,H4,574,2025-11-04,2025-11-10,119830.0,0.0339397479762997,0.0023302307308098,123897.0,120109.23154847292,0.0,119830.0,3787.768451527066,14347189.842383752,1,1,3028
SVR,H5,574,2025-11-04,2025-11-11,119830.0,0.0339397479762997,0.0027423327940789,123897.0,120158.61373871448,0.0,119830.0,3738.386261285516,13975531.838568294,1,1,3027
SVR,H6,574,2025-11-04,2025-11-12,119830.0,0.054518901777518,0.0032499794613895,126363.0,120219.44503885832,0.0,119830.0,6143.554961141679,37743267.56056854,1,1,3026
SVR,H7,574,2025-11-04,2025-11-13,119830.0,0.0570641742468496,0.0037219797622869,126668.0,120276.00483491484,0.0,119830.0,6391.995165085158,40857602.19047204,1,1,3025
SVR,H1,575,2025-11-05,2025-11-06,120494.0,0.000771822663369,0.0003525943467981,120587.0,120536.4855032231,0.0,120494.0,50.51449677690107,2551.7143846235485,1,1,3032
SVR,H2,575,2025-11-05,2025-11-07,120494.0,0.004664132653908,0.0009798823954425,121056.0,120612.06994935646,0.0,120494.0,443.9300506435393,197073.88986437532,1,1,3031
SVR,H3,575,2025-11-05,2025-11-10,120494.0,0.0282420701445715,0.0018303691269302,123897.0,120714.54849758034,0.0,120494.0,3182.451502419659,10127997.565253144,1,1,3030
SVR,H4,575,2025-11-05,2025-11-11,120494.0,0.0282420701445715,0.0023302058548029,123897.0,120774.77582426864,0.0,120494.0,3122.224175731375,9748283.803521464,1,1,3029
SVR,H5,575,2025-11-05,2025-11-12,120494.0,0.0487078194764885,0.0027423038078928,126363.0,120824.43115502824,0.0,120494.0,5538.568844971756,30675744.850491773,1,1,3028
SVR,H6,575,2025-11-05,2025-11-13,120494.0,0.0512390658456023,0.0032499007182739,126668.0,120885.59353714772,0.0,120494.0,5782.40646285229,33436224.50163593,1,1,3027
SVR,H7,575,2025-11-05,2025-11-14,120494.0,0.024565538533039,0.0037218885130643,123454.0,120942.46523449315,0.0,120494.0,2511.5347655068326,6307806.878349461,1,1,3026
SVR,H1,576,2025-11-06,2025-11-07,120587.0,0.003889308134376,0.0003524736658342,121056.0,120629.50374194195,0.0,120587.0,426.4962580580468,181899.05813751603,1,1,3033
SVR,H2,576,2025-11-06,2025-11-10,120587.0,0.0274490616733147,0.0009816440246428,123897.0,120705.3735079996,0.0,120587.0,3191.6264920003887,10186479.664438708,1,1,3032
SVR,H3,576,2025-11-06,2025-11-11,120587.0,0.0274490616733147,0.0018303582521061,123897.0,120807.71741054671,0.0,120587.0,3089.2825894532725,9543666.917499118,1,1,3031
SVR,H4,576,2025-11-06,2025-11-12,120587.0,0.0478990272583279,0.0023301870255875,126363.0,120867.99026285454,0.0,120587.0,5495.009737145461,30195132.01132343,1,1,3030
SVR,H5,576,2025-11-06,2025-11-13,120587.0,0.050428321460854,0.0027422808134174,126668.0,120917.68341644756,0.0,120587.0,5750.316583552427,33066140.811078057,1,1,3029
SVR,H6,576,2025-11-06,2025-11-14,120587.0,0.0237753655037442,0.0032498355009014,123454.0,120978.8879135472,0.0,120587.0,2475.1120864528057,6126179.840504761,1,1,3028
SVR,H7,576,2025-11-06,2025-11-17,120587.0,0.0182606748654499,0.0037218211639523,122789.0,121035.80324869754,0.0,120587.0,1753.1967513024574,3073698.8487774907,1,1,3027
SVR,H1,577,2025-11-07,2025-11-10,121056.0,0.0234684773988897,0.0003524015473763,123897.0,121098.6603217192,0.0,121056.0,2798.339678280812,7830704.955040759,1,1,3034
SVR,H2,577,2025-11-07,2025-11-11,121056.0,0.0234684773988897,0.0009829039871303,123897.0,121174.98642506605,0.0,121056.0,2722.0135749339534,7409357.902124721,1,1,3033
SVR,H3,577,2025-11-07,2025-11-12,121056.0,0.0438392149088024,0.0018303460288392,126363.0,121277.57436886718,0.0,121056.0,5085.425631132821,25861553.84978265,1,1,3032
SVR,H4,577,2025-11-07,2025-11-13,121056.0,0.0463587100185038,0.002330163663956,126668.0,121338.08029250387,0.0,121056.0,5329.919707496127,28408044.0883556,1,1,3031
SVR,H5,577,2025-11-07,2025-11-14,121056.0,0.0198090140100448,0.0027422629642458,123454.0,121387.96738539974,0.0,121056.0,2066.0326146002626,4268490.7645919975,1,1,3030
SVR,H6,577,2025-11-07,2025-11-17,121056.0,0.0143156886069257,0.0032497791502945,122789.0,121449.40526481804,0.0,121056.0,1339.5947351819486,1794514.0545271952,1,1,3029
SVR,H7,577,2025-11-07,2025-11-18,121056.0,0.0126800819455459,0.0037217573085171,122591.0,121506.54105273983,0.0,121056.0,1084.458947260151,1176051.208292595,1,1,3028
SVR,H1,578,2025-11-10,2025-11-11,123897.0,0.0,0.0003708635426294,123897.0,123942.94888034117,0.0,123897.0,45.94888034115138,2111.299604605448,0,1,3035
SVR,H2,578,2025-11-10,2025-11-12,123897.0,0.019903629627836,0.000991619862118,126363.0,124019.85872605685,0.0,123897.0,2343.1412739431544,5490311.029655948,1,1,3034
SVR,H3,578,2025-11-10,2025-11-13,123897.0,0.0223653518648554,0.0018456720266344,126668.0,124125.67322708391,0.0,123897.0,2542.3267729160725,6463425.420285852,1,1,3033
SVR,H4,578,2025-11-10,2025-11-14,123897.0,-0.0035755506590151,0.0023460807282754,123454.0,124187.67236399117,0.0,123897.0,733.6723639911652,538275.1376843848,-1,1,3032
SVR,H5,578,2025-11-10,2025-11-17,123897.0,-0.0089429122577624,0.0027462255649448,122789.0,124237.24910881996,0.0,123897.0,1448.249108819975,2097425.481197852,-1,1,3031
SVR,H6,578,2025-11-10,2025-11-18,123897.0,-0.0105410139067128,0.0032541669179139,122591.0,124300.1815186288,0.0,123897.0,1709.1815186288004,2921301.4636222525,-1,1,3030
SVR,H7,578,2025-11-10,2025-11-19,123897.0,-0.0080147219060994,0.003730538636587,122904.0,124359.20254545724,0.0,123897.0,1455.2025454572286,2117614.448305197,-1,1,3029
SVR,H1,579,2025-11-11,2025-11-12,123897.0,0.019903629627836,0.0003707560514998,126363.0,123942.93556251268,0.0,123897.0,2420.0644374873227,5856711.881590832,1,1,3036
SVR,H2,579,2025-11-11,2025-11-13,123897.0,0.0223653518648554,0.0009988244951016,126668.0,124020.7513584696,0.0,123897.0,2647.248641530401,7007925.370084554,1,1,3035
SVR,H3,579,2025-11-11,2025-11-14,123897.0,-0.0035755506590151,0.0018600880215756,123454.0,124127.45932560916,0.0,123897.0,673.4593256091466,453547.4632499266,-1,1,3034
SVR,H4,579,2025-11-11,2025-11-17,123897.0,-0.0089429122577624,0.002357300155211,122789.0,124189.0624173302,0.0,123897.0,1400.0624173301912,1960174.7724204585,-1,1,3033
SVR,H5,579,2025-11-11,2025-11-18,123897.0,-0.0105410139067128,0.0027602799359346,122591.0,124238.99040322247,0.0,123897.0,1647.990403222473,2715872.3691133694,-1,1,3032
SVR,H6,579,2025-11-11,2025-11-19,123897.0,-0.0080147219060994,0.0032573496807196,122904.0,124300.57585339212,0.0,123897.0,1396.5758533921326,1950424.1142779635,-1,1,3031
SVR,H7,579,2025-11-11,2025-11-20,123897.0,-0.010645939772553,0.0037343004113371,122578.0,124359.66861806344,0.0,123897.0,1781.668618063428,3174343.064592045,-1,1,3030
SVR,H1,580,2025-11-12,2025-11-13,126363.0,0.0024136812199773,0.0003860109984297,126668.0,126411.77750779456,0.0,126363.0,256.22249220543017,65649.96551196172,1,1,3037
SVR,H2,580,2025-11-12,2025-11-14,126363.0,-0.0230209792423414,0.0010052696609812,123454.0,126490.02889017058,0.0,126363.0,3036.028890170579,9217471.421950398,-1,1,3036
SVR,H3,580,2025-11-12,2025-11-17,126363.0,-0.0282835956727839,0.0018893686897042,122789.0,126601.74629573707,0.0,126363.0,3812.746295737088,14537034.315656887,-1,1,3035
SVR,H4,580,2025-11-12,2025-11-18,126363.0,-0.0298505100385397,0.0023858419298392,122591.0,126664.48214378027,0.0,126363.0,4073.482143780275,16593256.775696743,-1,1,3034
SVR,H5,580,2025-11-12,2025-11-19,126363.0,-0.0273735191472187,0.0027851783783123,122904.0,126714.94349541869,0.0,126363.0,3810.9434954186872,14523290.325274002,-1,1,3033
SVR,H6,580,2025-11-12,2025-11-20,126363.0,-0.0299533882544732,0.0032837398735383,122578.0,126777.94322163991,0.0,126363.0,4199.943221639929,17639523.064999186,-1,1,3032
SVR,H7,580,2025-11-12,2025-11-21,126363.0,-0.0198950642197478,0.0037494626906556,123849.0,126836.79335397932,0.0,126363.0,2987.793353979316,8926909.126082968,-1,1,3031
SVR,H1,581,2025-11-13,2025-11-14,126668.0,-0.0253734171219249,0.0003858940465478,123454.0,126716.88042708812,0.0,126668.0,3262.8804270881083,10646388.681474676,-1,1,3038
SVR,H2,581,2025-11-13,2025-11-17,126668.0,-0.0306233618593488,0.0010125562480347,122789.0,126796.25847482609,0.0,126668.0,4007.258474826071,16058120.484065363,-1,1,3037
SVR,H3,581,2025-11-13,2025-11-18,126668.0,-0.0321865032999653,0.0018980244196977,122591.0,126908.41895719428,0.0,126668.0,4317.418957194284,18640106.45194058,-1,1,3036
SVR,H4,581,2025-11-13,2025-11-19,126668.0,-0.0297154766791928,0.002412428779851,122904.0,126973.57752868618,0.0,126668.0,4069.577528686176,16561461.261987478,-1,1,3035
SVR,H5,581,2025-11-13,2025-11-20,126668.0,-0.0322891337985915,0.0028120549789115,122578.0,127024.19738006876,0.0,126668.0,4446.197380068756,19768671.142530262,-1,1,3034
SVR,H6,581,2025-11-13,2025-11-21,126668.0,-0.0222550288944326,0.003307399625993,123849.0,127086.9416958253,0.0,126668.0,3237.9416958252987,10484266.425564012,-1,1,3033
SVR,H7,581,2025-11-13,2025-11-24,126668.0,-0.0241102725234471,0.0037752190578537,123614.0,127146.1994476202,0.0,126668.0,3532.199447620209,12476432.93776851,-1,1,3032
SVR,H1,582,2025-11-14,2025-11-17,123454.0,-0.0053866217376512,0.0003625765675337,122789.0,123498.7615275683,0.0,123454.0,709.7615275683056,503761.4260160946,-1,1,3039
SVR,H2,582,2025-11-14,2025-11-18,123454.0,-0.0069904579843504,0.0010044236515769,122591.0,123578.00011748176,0.0,123454.0,987.0001174817736,974169.2319090348,-1,1,3038
SVR,H3,582,2025-11-14,2025-11-19,123454.0,-0.0044551006852754,0.0018980150590651,122904.0,123688.31755110182,0.0,123454.0,784.3175511018198,615154.0209663558,-1,1,3037
SVR,H4,582,2025-11-14,2025-11-20,123454.0,-0.0070957603641842,0.002412417630922,122578.0,123751.82260620785,0.0,123454.0,1173.822606207832,1377859.510844547,-1,1,3036
SVR,H5,582,2025-11-14,2025-11-21,123454.0,0.0031995723103341,0.0028154717509124,123849.0,123801.58124953716,0.0,123454.0,47.418750462835305,2248.537895456644,1,1,3035
SVR,H6,582,2025-11-14,2025-11-24,123454.0,0.0012960292902619,0.0033128646730781,123614.0,123862.9863953502,0.0,123454.0,248.9863953502063,61994.22506948923,1,1,3034
SVR,H7,582,2025-11-14,2025-11-25,123454.0,0.0118424676397685,0.0037804875398891,124916.0,123920.71630874948,0.0,123454.0,995.2836912505154,990589.6260692512,1,1,3033
SVR,H1,583,2025-11-17,2025-11-18,122789.0,-0.0016125222943422,0.0003623989696035,122591.0,122833.49860707864,0.0,122789.0,242.4986070786545,58805.57443508764,-1,1,3040
SVR,H2,583,2025-11-17,2025-11-19,122789.0,0.0009365659790372,0.0009944892122259,122904.0,122911.11233588004,0.0,122789.0,7.112335880025057,50.585321670291805,1,1,3039
SVR,H3,583,2025-11-17,2025-11-20,122789.0,-0.0017183949702335,0.0018786508851006,122578.0,123019.67766353065,0.0,122789.0,441.6776635306305,195079.15846187688,-1,1,3038
SVR,H4,583,2025-11-17,2025-11-21,122789.0,0.0086326951111255,0.0024124074516399,123849.0,123085.2170985794,0.0,122789.0,763.7829014205927,583364.3205024588,1,1,3037
SVR,H5,583,2025-11-17,2025-11-24,122789.0,0.0067188428930931,0.0028154652582453,123614.0,123134.70816359468,0.0,122789.0,479.29183640531846,229720.66444478257,1,1,3036
SVR,H6,583,2025-11-17,2025-11-25,122789.0,0.0173223985861925,0.0033128589503777,124916.0,123195.78263765792,0.0,122789.0,1720.2173623420676,2959147.7737031006,1,1,3035
SVR,H7,583,2025-11-17,2025-11-26,122789.0,0.0234955899958464,0.0037816803127265,125674.0,123253.3487439194,0.0,122789.0,2420.651256080615,5859552.50356466,1,1,3034
SVR,H1,584,2025-11-18,2025-11-19,122591.0,0.0025532053739671,0.0003622676384817,122904.0,122635.41075206912,0.0,122591.0,268.58924793088227,72140.18410407695,1,1,3041
SVR,H2,584,2025-11-18,2025-11-20,122591.0,-0.0001060436736791,0.0009918262900991,122578.0,122712.58897672954,0.0,122591.0,134.5889767295448,18114.19265710596,-1,1,3040
SVR,H3,584,2025-11-18,2025-11-21,122591.0,0.0102617647298741,0.001857076414092,123849.0,122818.66085467995,0.0,122591.0,1030.339145320031,1061598.7543788122,1,1,3039
SVR,H4,584,2025-11-18,2025-11-24,122591.0,0.0083448213979819,0.0023959714628016,123614.0,122884.72453759632,0.0,122591.0,729.2754624036752,531842.7000640943,1,1,3038
SVR,H5,584,2025-11-18,2025-11-25,122591.0,0.0189655031772315,0.0028148857909876,124916.0,122936.07966400296,0.0,122591.0,1979.920335997041,3920084.536894638,1,1,3037
SVR,H6,584,2025-11-18,2025-11-26,122591.0,0.0251486650732923,0.0033119963252005,125674.0,122997.02094150268,0.0,122591.0,2676.9790584973234,7166216.879633216,1,1,3036
SVR,H7,584,2025-11-18,2025-11-27,122591.0,0.0234438090887585,0.003781667227208,125465.0,123054.59836705068,0.0,122591.0,2410.401632949317,5810036.032124734,1,1,3035
SVR,H1,585,2025-11-19,2025-11-20,122904.0,-0.0026524767298053,0.0003617862757476,122578.0,122948.4649804345,0.0,122904.0,370.4649804344954,137244.30172833105,-1,1,3042
SVR,H2,585,2025-11-19,2025-11-21,122904.0,0.007688927943761,0.0009918279828639,123849.0,123025.89962640592,0.0,122904.0,823.1003735940758,677494.2250107072,1,1,3041
SVR,H3,585,2025-11-19,2025-11-24,122904.0,0.0057768664974289,0.0018565278746129,123614.0,123132.17470190144,0.0,122904.0,481.8252980985708,232155.6178877766,1,1,3040
SVR,H4,585,2025-11-19,2025-11-25,122904.0,0.0163705005532772,0.0023790868811826,124916.0,123196.39929404488,0.0,122904.0,1719.600705955134,2957026.587921395,1,1,3039
SVR,H5,585,2025-11-19,2025-11-26,122904.0,0.0225379157716592,0.0028011929238385,125674.0,123248.27781511145,0.0,122904.0,2425.722184888553,5884128.118260494,1,1,3038
SVR,H6,585,2025-11-19,2025-11-27,122904.0,0.0208374015491765,0.0033119794618723,125465.0,123311.05552378196,0.0,122904.0,2153.944476218036,4639476.806630188,1,1,3037
SVR,H7,585,2025-11-19,2025-11-28,122904.0,0.0328630475818525,0.0037816374479489,126943.0,123368.77836890271,0.0,122904.0,3574.221631097287,12775060.268203752,1,1,3036
SVR,H1,586,2025-11-20,2025-11-21,122578.0,0.0103689079606454,0.0003617225804146,123849.0,122622.33923046206,0.0,122578.0,1226.6607695379353,1504696.6435233995,1,1,3043
SVR,H2,586,2025-11-20,2025-11-24,122578.0,0.0084517613274812,0.0009914639655682,123614.0,122699.53166997142,0.0,122578.0,914.4683300285832,836252.3266252659,1,1,3042
SVR,H3,586,2025-11-20,2025-11-25,122578.0,0.0190735694822887,0.0018565136454019,124916.0,122805.56772962608,0.0,122578.0,2110.432270373931,4453924.367835664,1,1,3041
SVR,H4,586,2025-11-20,2025-11-26,122578.0,0.0252573871330907,0.0023790588915403,125674.0,122869.62028080724,0.0,122578.0,2804.379719192759,7864545.609419657,1,1,3040
SVR,H5,586,2025-11-20,2025-11-27,122578.0,0.0235523503401915,0.0027844705200639,125465.0,122919.3148274084,0.0,122578.0,2545.685172591606,6480512.997952754,1,1,3039
SVR,H6,586,2025-11-20,2025-11-28,122578.0,0.0356099789521773,0.0032982161168216,126943.0,122982.28873516776,0.0,122578.0,3960.711264832251,15687233.723369088,1,1,3038
SVR,H7,586,2025-11-20,2025-12-01,122578.0,0.0445104341725268,0.0037804471714413,128034.0,123041.39965338094,0.0,122578.0,4992.60034661906,24926058.221060757,1,1,3037
SVR,H1,587,2025-11-21,2025-11-24,123849.0,-0.0018974719214527,0.0003647224340089,123614.0,123894.17050872956,0.0,123849.0,280.17050872957043,78495.5139617863,-1,1,3044
SVR,H2,587,2025-11-21,2025-11-25,123849.0,0.0086153299582556,0.0009936841154866,124916.0,123972.06678401893,0.0,123849.0,943.9332159810874,891009.9162323982,1,1,3043
SVR,H3,587,2025-11-21,2025-11-26,123849.0,0.0147356861985159,0.0018564992988495,125674.0,124078.9255816632,0.0,123849.0,1595.074418336793,2544262.4000324598,1,1,3042
SVR,H4,587,2025-11-21,2025-11-27,123849.0,0.0130481473407133,0.0023788235034635,125465.0,124143.61491208046,0.0,123849.0,1321.385087919538,1746058.550576125,1,1,3041
SVR,H5,587,2025-11-21,2025-11-28,123849.0,0.0249820345743607,0.0027844355936893,126943.0,124193.84956384284,0.0,123849.0,2749.150436157157,7557828.120623087,1,1,3040
SVR,H6,587,2025-11-21,2025-12-01,123849.0,0.0337911488990625,0.0032891592898246,128034.0,124256.35908888548,0.0,123849.0,3777.640911114519,14270570.853326129,1,1,3039
SVR,H7,587,2025-11-21,2025-12-02,123849.0,0.03889413721548,0.0037732814457627,128666.0,124316.31713377626,0.0,123849.0,4349.6828662237385,18919741.03672036,1,1,3038
SVR,H1,588,2025-11-24,2025-11-25,123614.0,0.0105327875483358,0.0003648627630389,124916.0,123659.10214559032,0.0,123614.0,1256.89785440969,1579792.216419682,1,1,3045
SVR,H2,588,2025-11-24,2025-11-26,123614.0,0.0166647790703318,0.0009962410855365,125674.0,123737.1493455475,0.0,123614.0,1936.8506544525007,3751390.4576530806,1,1,3044
SVR,H3,588,2025-11-24,2025-11-27,123614.0,0.014974032067565,0.0018564862843406,125465.0,123843.48769555248,0.0,123614.0,1621.5123044475183,2629302.153474702,1,1,3043
SVR,H4,588,2025-11-24,2025-11-28,123614.0,0.0269306065655994,0.0023790146512273,126943.0,123908.0795170968,0.0,123614.0,3034.920482903195,9210742.337545363,1,1,3042
SVR,H5,588,2025-11-24,2025-12-01,123614.0,0.0357564677140129,0.0027844107015435,128034.0,123958.1921444606,0.0,123614.0,4075.807855539388,16612209.67527658,1,1,3041
SVR,H6,588,2025-11-24,2025-12-02,123614.0,0.0408691572152022,0.0032890985965985,128666.0,124020.57863391993,0.0,123614.0,4645.421366080074,21579939.668433264,1,1,3040
SVR,H7,588,2025-11-24,2025-12-03,123614.0,0.0460384746064361,0.0037636624111215,129305.0,124079.24136528836,0.0,123614.0,5225.75863471163,27308553.308263164,1,1,3039
SVR,H1,589,2025-11-25,2025-11-26,124916.0,0.0060680777482469,0.0003683323478303,125674.0,124962.01060356158,0.0,124916.0,711.9893964384246,506928.9006407521,1,1,3046
SVR,H2,589,2025-11-25,2025-11-27,124916.0,0.0043949534086906,0.0009988511011784,125465.0,125040.7724841548,0.0,124916.0,424.2275158451957,179968.9852001858,1,1,3045
SVR,H3,589,2025-11-25,2025-11-28,124916.0,0.0162269044798104,0.0018615448212535,126943.0,125148.5367328917,0.0,124916.0,1794.4632671082943,3220098.4170009745,1,1,3044
SVR,H4,589,2025-11-25,2025-12-01,124916.0,0.024960773639886,0.0023801774855608,128034.0,125213.32225078634,0.0,124916.0,2820.6777492136607,7956222.964909043,1,1,3043
SVR,H5,589,2025-11-25,2025-12-02,124916.0,0.0300201735566301,0.0027868102073638,128666.0,125264.11718386304,0.0,124916.0,3401.8828161369456,11572806.694727836,1,1,3042
SVR,H6,589,2025-11-25,2025-12-03,124916.0,0.0351356111306797,0.0032900492069072,129305.0,125326.97978673002,0.0,124916.0,3978.020213269978,15824644.81718452,1,1,3041
SVR,H7,589,2025-11-25,2025-12-04,124916.0,0.0318454001088732,0.0037635928178684,128894.0,125386.13296043688,0.0,124916.0,3507.8670395631343,12305131.167253427,1,1,3040
SVR,H1,590,2025-11-26,2025-11-27,125674.0,-0.0016630329264605,0.0003677970318447,125465.0,125720.22252418006,0.0,125674.0,255.2225241800625,65138.53684884257,-1,1,3047
SVR,H2,590,2025-11-26,2025-11-28,125674.0,0.0100975539888918,0.0010042320804688,126943.0,125800.20586248084,0.0,125674.0,1142.7941375191583,1305978.4407481574,1,1,3046
SVR,H3,590,2025-11-26,2025-12-01,125674.0,0.0187787450069227,0.0018615309932426,128034.0,125907.94604604476,0.0,125674.0,2126.0539539552265,4520105.415128652,1,1,3045
SVR,H4,590,2025-11-26,2025-12-02,125674.0,0.0238076292630138,0.0023890046502857,128666.0,125974.23577042,0.0,125674.0,2691.7642295800038,7245594.667646429,1,1,3044
SVR,H5,590,2025-11-26,2025-12-03,125674.0,0.0288922131864983,0.0027923462190687,129305.0,126024.92531873524,0.0,125674.0,3280.0746812647703,10758889.914674183,1,1,3043
SVR,H6,590,2025-11-26,2025-12-04,125674.0,0.0256218470009708,0.0032964663405595,128894.0,126088.28011088348,0.0,125674.0,2805.719889116532,7872064.096184083,1,1,3042
SVR,H7,590,2025-11-26,2025-12-05,125674.0,0.0281044607476486,0.0037681404667834,129206.0,126147.55728502256,0.0,125674.0,3058.442714977442,9354071.840798588,1,1,3041
SVR,H1,591,2025-11-27,2025-11-28,125465.0,0.0117801777388115,0.000367743451702,126943.0,125511.1389321678,0.0,125465.0,1431.8610678322148,2050226.1175736105,1,1,3048
SVR,H2,591,2025-11-27,2025-12-01,125465.0,0.0204758299127245,0.0010053860511834,128034.0,125591.14076091172,0.0,125465.0,2442.859239088269,5967561.261998919,1,1,3047
SVR,H3,591,2025-11-27,2025-12-02,125465.0,0.0255130913003627,0.0018615253089551,128666.0,125698.55627288805,0.0,125465.0,2967.443727111953,8805722.27357608,1,1,3046
SVR,H4,591,2025-11-27,2025-12-03,125465.0,0.0306061451400789,0.0023889868866222,129305.0,125764.73423973008,0.0,125465.0,3540.265760269933,12533481.653339645,1,1,3045
SVR,H5,591,2025-11-27,2025-12-04,125465.0,0.0273303311680548,0.0027986674744222,128894.0,125816.1348146784,0.0,125465.0,3077.8651853216143,9473254.099014854,1,1,3044
SVR,H6,591,2025-11-27,2025-12-05,125465.0,0.0298170804606863,0.0032998444906009,129206.0,125879.01498901325,0.0,125465.0,3326.985010986755,11068829.263330536,1,1,3043
SVR,H7,591,2025-11-27,2025-12-08,125465.0,0.0260710158211452,0.0037723593956845,128736.0,125938.29907157956,0.0,125465.0,2797.700928420425,7827130.484884508,1,1,3042
SVR,H1,592,2025-11-28,2025-12-01,126943.0,0.0085944085140574,0.0003725076409077,128034.0,126990.28723745976,0.0,126943.0,1043.7127625402354,1089336.33068937,1,1,3049
SVR,H2,592,2025-11-28,2025-12-02,126943.0,0.013573020962164,0.0010085015050115,128666.0,127071.0222065507,0.0,126943.0,1594.9777934493031,2543954.161596408,1,1,3048
SVR,H3,592,2025-11-28,2025-12-03,126943.0,0.0186067762696642,0.0018629171721884,129305.0,127179.48429458911,0.0,126943.0,2125.515705410886,4517817.013948335,1,1,3047
SVR,H4,592,2025-11-28,2025-12-04,126943.0,0.0153691026681266,0.0023986953019134,128894.0,127247.4975777108,0.0,126943.0,1646.5024222891952,2710970.2266041874,1,1,3046
SVR,H5,592,2025-11-28,2025-12-05,126943.0,0.0178268986868121,0.0028060511914694,129206.0,127299.20855639868,0.0,126943.0,1906.7914436013089,3635853.609391164,1,1,3045
SVR,H6,592,2025-11-28,2025-12-08,126943.0,0.0141244495560999,0.003312857372238,128736.0,127363.54405340402,0.0,126943.0,1372.4559465959755,1883635.3253466552,1,1,3044
SVR,H7,592,2025-11-28,2025-12-09,126943.0,0.0150461230631071,0.0037829443185298,128853.0,127423.21830062712,0.0,126943.0,1429.7816993728777,2044275.7078615932,1,1,3043
SVR,H1,593,2025-12-01,2025-12-02,128034.0,0.0049361888248433,0.0003738978907959,128666.0,128081.87164255016,0.0,128034.0,584.1283574498375,341205.93797704513,1,1,3050
SVR,H2,593,2025-12-01,2025-12-03,128034.0,0.0099270506271771,0.0010151026526077,129305.0,128163.96765302398,0.0,128034.0,1141.0323469760187,1301954.8168456017,1,1,3049
SVR,H3,593,2025-12-01,2025-12-04,128034.0,0.0067169658059578,0.0018676350549534,128894.0,128273.12078662588,0.0,128034.0,620.8792133741081,385490.9976000512,1,1,3048
SVR,H4,593,2025-12-01,2025-12-05,128034.0,0.0091538185169564,0.0024072550329759,129206.0,128342.21049089204,0.0,128034.0,863.7895091079699,746132.3160449876,1,1,3047
SVR,H5,593,2025-12-01,2025-12-08,128034.0,0.0054829185997469,0.0028213524260772,128736.0,128395.22903652037,0.0,128034.0,340.7709634796338,116124.84955083791,1,1,3046
SVR,H6,593,2025-12-01,2025-12-09,128034.0,0.0063967383663714,0.0033252635295318,128853.0,128459.7467907401,0.0,128034.0,393.25320925989945,154648.08659321026,1,1,3045
SVR,H7,593,2025-12-01,2025-12-10,128034.0,0.0036396582157864,0.0038001554702682,128500.0,128520.54910548031,0.0,128034.0,20.549105480327853,422.2657360416402,1,1,3044
SVR,H1,594,2025-12-02,2025-12-03,128666.0,0.0049663469758911,0.0003727499293165,129305.0,128713.96024240546,0.0,128666.0,591.039757594539,349327.9950574114,1,1,3051
SVR,H2,594,2025-12-02,2025-12-04,128666.0,0.0017720299068906,0.0010194059077685,128894.0,128797.16288052897,0.0,128666.0,96.83711947104894,9377.427707450204,1,1,3050
SVR,H3,594,2025-12-02,2025-12-05,128666.0,0.0041969129373726,0.0018797395309127,129206.0,128907.8585664844,0.0,128666.0,298.141433515586,88888.31437872857,1,1,3049
SVR,H4,594,2025-12-02,2025-12-08,128666.0,0.0005440442696593,0.002414031600464,128736.0,128976.60378990528,0.0,128666.0,240.6037899052899,57890.18371678887,1,1,3048
SVR,H5,594,2025-12-02,2025-12-09,128666.0,0.0014533754060901,0.0028326726098658,128853.0,129030.468654021,0.0,128666.0,177.46865402100957,31495.1231600288,1,1,3047
SVR,H6,594,2025-12-02,2025-12-10,128666.0,-0.0012901621251923,0.0033416033731682,128500.0,129095.95073961208,0.0,128666.0,595.9507396120753,355157.28404417954,-1,1,3046
SVR,H7,594,2025-12-02,2025-12-11,128666.0,0.0174016445681066,0.0038138805664217,130905.0,129156.71675695924,0.0,128666.0,1748.2832430407725,3056494.297897161,1,1,3045
SVR,H1,595,2025-12-03,2025-12-04,129305.0,-0.003178531379297,0.0003726543049592,128894.0,129353.18606490277,0.0,129305.0,459.1860649027658,210851.84220088704,-1,1,3052
SVR,H2,595,2025-12-03,2025-12-05,129305.0,-0.0007656316461079,0.0010224533223188,129206.0,129437.20832684245,0.0,129305.0,231.2083268424467,53457.29040128366,-1,1,3051
SVR,H3,595,2025-12-03,2025-12-08,129305.0,-0.0044004485518734,0.0018837052544581,128736.0,129548.57250792767,0.0,129305.0,812.572507927689,660274.0806398942,-1,1,3050
SVR,H4,595,2025-12-03,2025-12-09,129305.0,-0.0034956111519276,0.0024270917147693,128853.0,129618.83509417824,0.0,129305.0,765.835094178241,586503.3914749952,-1,1,3049
SVR,H5,595,2025-12-03,2025-12-10,129305.0,-0.0062255906577471,0.0028430505745175,128500.0,129672.620654538,0.0,129305.0,1172.620654537997,1375039.1994491213,-1,1,3048
SVR,H6,595,2025-12-03,2025-12-11,129305.0,0.0123738447855845,0.0033545985446684,130905.0,129738.76636481834,0.0,129305.0,1166.233635181663,1360100.8918290362,1,1,3047
SVR,H7,595,2025-12-03,2025-12-12,129305.0,0.0180967479989173,0.0038325295513673,131645.0,129800.56523363954,0.0,129305.0,1844.4347663604567,3401939.6073591523,1,1,3046
SVR,H1,596,2025-12-04,2025-12-05,128894.0,0.0024205936661132,0.0003727202379051,129206.0,128942.04140234456,0.0,128894.0,263.95859765545174,69674.14127623265,1,1,3053
SVR,H2,596,2025-12-04,2025-12-08,128894.0,-0.0012258134591214,0.001022454425817,128736.0,129025.78824076126,0.0,128894.0,289.7882407612633,83977.2244835079,-1,1,3052
SVR,H3,596,2025-12-04,2025-12-09,128894.0,-0.0003180908343289,0.0018837017374454,128853.0,129136.79785174628,0.0,128894.0,283.79785174627614,80541.22065580133,-1,1,3051
SVR,H4,596,2025-12-04,2025-12-10,128894.0,-0.0030567753347712,0.0024270836520797,128500.0,129206.83652025118,0.0,128894.0,706.8365202511777,499617.8663607936,-1,1,3050
SVR,H5,596,2025-12-04,2025-12-11,128894.0,0.0156019675081851,0.0028517887608121,130905.0,129261.57846053613,0.0,128894.0,1643.421539463874,2700834.3563738097,1,1,3049
SVR,H6,596,2025-12-04,2025-12-12,128894.0,0.0213431191521715,0.0033613052953345,131645.0,129327.25208473684,0.0,128894.0,2317.7479152631568,5371955.398706709,1,1,3048
SVR,H7,596,2025-12-04,2025-12-15,128894.0,0.0279066519775939,0.0038411332727887,132491.0,129389.09903206283,0.0,128894.0,3101.9009679371666,9621789.61488953,1,1,3047
SVR,H1,597,2025-12-05,2025-12-08,129206.0,-0.0036376019689488,0.0003725864413846,128736.0,129254.14040374554,0.0,129206.0,518.1404037455359,268469.4779935869,-1,1,3054
SVR,H2,597,2025-12-05,2025-12-09,129206.0,-0.0027320712660402,0.0010218548954738,128853.0,129338.0297836246,0.0,129206.0,485.0297836246027,235253.89100292893,-1,1,3053
SVR,H3,597,2025-12-05,2025-12-10,129206.0,-0.0054641425320806,0.0018836938499765,128500.0,129449.38454758008,0.0,129206.0,949.3845475800916,901331.0191838556,-1,1,3052
SVR,H4,597,2025-12-05,2025-12-11,129206.0,0.0131495441388171,0.0024270718787313,130905.0,129519.59224916335,0.0,129206.0,1385.4077508366315,1919354.6360782147,1,1,3051
SVR,H5,597,2025-12-05,2025-12-12,129206.0,0.018876832345247,0.0028536078559276,131645.0,129574.70325663296,0.0,129206.0,2070.2967433670274,4286128.60559612,1,1,3050
SVR,H6,597,2025-12-05,2025-12-15,129206.0,0.0254245158893549,0.0033709096582102,132491.0,129641.5417532987,0.0,129206.0,2849.458246701295,8119412.299694019,1,1,3049
SVR,H7,597,2025-12-05,2025-12-16,129206.0,0.0264770985867528,0.0038483035914191,132627.0,129703.2239138329,0.0,129206.0,2923.7760861670977,8548466.602042591,1,1,3048
SVR,H1,598,2025-12-08,2025-12-09,128736.0,0.0009088366890379,0.0003725131285035,128853.0,128783.95585011104,0.0,128736.0,69.04414988897042,4767.094633890614,1,1,3055
SVR,H2,598,2025-12-08,2025-12-10,128736.0,-0.0018332090479741,0.0010210970380917,128500.0,128867.45194829575,0.0,128736.0,367.4519482957694,135020.9343063568,-1,1,3054
SVR,H3,598,2025-12-08,2025-12-11,128736.0,0.0168484340044743,0.0018836892206093,130905.0,128978.49861550436,0.0,128736.0,1926.501384495641,3711407.584463622,1,1,3053
SVR,H4,598,2025-12-08,2025-12-12,128736.0,0.022596631866766,0.0024270520223305,131645.0,129048.44896914676,0.0,128736.0,2596.55103085324,6742077.25582502,1,1,3052
SVR,H5,598,2025-12-08,2025-12-15,128736.0,0.0291682202336565,0.0028536099876793,132491.0,129103.36233537388,0.0,128736.0,3387.63766462612,11476088.94679351,1,1,3051
SVR,H6,598,2025-12-08,2025-12-16,128736.0,0.0302246457867263,0.0033709088351271,132627.0,129169.95731979892,0.0,128736.0,3457.042680201092,11951144.092731947,1,1,3050
SVR,H7,598,2025-12-08,2025-12-17,128736.0,0.0340153492418593,0.0038544358026995,133115.0,129232.20464749631,0.0,128736.0,3882.795352503672,15076099.749424111,1,1,3049
SVR,H1,599,2025-12-09,2025-12-10,128853.0,-0.002739555928073,0.0003725831390909,128500.0,128901.00845522126,0.0,128853.0,401.0084552212648,160807.7811589451,-1,1,3056
SVR,H2,599,2025-12-09,2025-12-11,128853.0,0.0159251239784872,0.0010198240831889,130905.0,128984.40739259114,0.0,128853.0,1920.592607408864,3688675.963633578,1,1,3055
SVR,H3,599,2025-12-09,2025-12-12,128853.0,0.0216681024112748,0.0018836849829018,131645.0,129095.71846110185,0.0,128853.0,2549.2815388981544,6498836.364566943,1,1,3054
SVR,H4,599,2025-12-09,2025-12-15,128853.0,0.0282337237006511,0.0024270371318368,132491.0,129165.73101554858,0.0,128853.0,3325.2689844514243,11057413.818954607,1,1,3053
SVR,H5,599,2025-12-09,2025-12-16,128853.0,0.0292891900072176,0.0028536044957164,132627.0,129220.69550008656,0.0,128853.0,3406.304499913429,11602910.346130475,1,1,3052
SVR,H6,599,2025-12-09,2025-12-17,128853.0,0.0330764514601911,0.0033709085319048,133115.0,129287.35167706154,0.0,128853.0,3827.648322938461,14650891.684093617,1,1,3051
SVR,H7,599,2025-12-09,2025-12-18,128853.0,0.0297315545621754,0.003854425358538,132684.0,129349.6542707237,0.0,128853.0,3334.345729276305,11117861.442343134,1,1,3050
SVR,H1,600,2025-12-10,2025-12-11,128500.0,0.018715953307393,0.0003742319759877,130905.0,128548.08880891444,0.0,128500.0,2356.911191085557,5555030.36266434,1,1,3057
SVR,H2,600,2025-12-10,2025-12-12,128500.0,0.0244747081712062,0.0010189413536982,131645.0,128630.93396395024,0.0,128500.0,3014.066036049772,9084594.06966878,1,1,3056
SVR,H3,600,2025-12-10,2025-12-15,128500.0,0.0310583657587548,0.0018836821845076,132491.0,128742.05316070924,0.0,128500.0,3748.946839290773,14054602.403828276,1,1,3055
SVR,H4,600,2025-12-10,2025-12-16,128500.0,0.0321167315175097,0.0024270263947725,132627.0,128811.87289172829,0.0,128500.0,3815.127108271729,14555194.8522698,1,1,3054
SVR,H5,600,2025-12-10,2025-12-17,128500.0,0.0359143968871595,0.0028536034930828,133115.0,128866.68804886116,0.0,128500.0,4248.31195113885,18048154.434189186,1,1,3053
SVR,H6,600,2025-12-10,2025-12-18,128500.0,0.0325603112840466,0.0033708954513009,132684.0,128933.16006549218,0.0,128500.0,3750.8399345078215,14068800.214298638,1,1,3052
SVR,H7,600,2025-12-10,2025-12-19,128500.0,0.0305603112840466,0.0038544203302145,132427.0,128995.29301243256,0.0,128500.0,3431.7069875674497,11776612.84851926,1,1,3051
SVR,H1,601,2025-12-11,2025-12-12,130905.0,0.0056529544326038,0.0003878619317456,131645.0,130955.77306617516,0.0,130905.0,689.2269338248298,475033.7663095763,1,1,3058
SVR,H2,601,2025-12-11,2025-12-15,130905.0,0.0121156563920399,0.00102395908683,132491.0,131039.04136426147,0.0,130905.0,1451.958635738527,2108183.8798956843,1,1,3057
SVR,H3,601,2025-12-11,2025-12-16,130905.0,0.0131545777472212,0.0018857085717334,132627.0,131151.84868058277,0.0,130905.0,1475.1513194172294,2176071.4151783925,1,1,3056
SVR,H4,601,2025-12-11,2025-12-17,130905.0,0.0168824720216951,0.0024270138402073,133115.0,131222.70824675236,0.0,130905.0,1892.2917532476424,3580768.0794090354,1,1,3055
SVR,H5,601,2025-12-11,2025-12-18,130905.0,0.013590008021084,0.0028536046298062,132684.0,131278.5511140648,0.0,130905.0,1405.4488859352132,1975286.570976532,1,1,3054
SVR,H6,601,2025-12-11,2025-12-19,130905.0,0.0116267522248958,0.0033708876771893,132427.0,131346.26605138247,0.0,130905.0,1080.733948617533,1167985.8676944452,1,1,3053
SVR,H7,601,2025-12-11,2025-12-22,130905.0,0.0285168633742025,0.0038549896367575,134638.0,131409.63741839974,0.0,130905.0,3228.3625816002605,10422324.958276698,1,1,3052
SVR,H1,602,2025-12-12,2025-12-15,131645.0,0.0064263739602719,0.0003877191290589,132491.0,131696.04128474495,0.0,131645.0,794.9587152550521,631959.358959963,1,1,3059
SVR,H2,602,2025-12-12,2025-12-16,131645.0,0.0074594553534126,0.0010316473070314,132627.0,131780.81120973418,0.0,131645.0,846.18879026582,716035.468771532,1,1,3058
SVR,H3,602,2025-12-12,2025-12-17,131645.0,0.011166394469976,0.0018922015017143,133115.0,131894.0988666932,0.0,131645.0,1220.90113330679,1490599.5773098045,1,1,3057
SVR,H4,602,2025-12-12,2025-12-18,131645.0,0.007892437996126,0.002433494941529,132684.0,131965.3574415776,0.0,131645.0,718.6425584224053,516447.1267759002,1,1,3056
SVR,H5,602,2025-12-12,2025-12-19,131645.0,0.0059402180105587,0.0028558822068402,132427.0,132020.96261311948,0.0,131645.0,406.03738688051817,164866.3595447596,1,1,3055
SVR,H6,602,2025-12-12,2025-12-22,131645.0,0.0227353868358084,0.0033745976175104,134638.0,132089.24890335716,0.0,131645.0,2548.751096642838,6496132.152638069,1,1,3054
SVR,H7,602,2025-12-12,2025-12-23,131645.0,0.0315545596110753,0.0038560083540822,135799.0,132152.62421977313,0.0,131645.0,3646.3757802268665,13296056.330625089,1,1,3053
SVR,H1,603,2025-12-15,2025-12-16,132491.0,0.0010264848178367,0.0003876013776822,132627.0,132542.3536941305,0.0,132491.0,84.64630586950807,7164.997097354316,1,1,3060
SVR,H2,603,2025-12-15,2025-12-17,132491.0,0.0047097538700742,0.0010354336939015,133115.0,132628.1856455387,0.0,132491.0,486.8143544612976,236988.21570956992,1,1,3059
SVR,H3,603,2025-12-15,2025-12-18,132491.0,0.0014567027194301,0.0019096719729926,132684.0,132744.01434937376,0.0,132491.0,60.01434937375598,3601.7221307552445,1,1,3058
SVR,H4,603,2025-12-15,2025-12-19,132491.0,-0.0004830516789819,0.0024444999058271,132427.0,132814.87423702294,0.0,132491.0,387.8742370229447,150446.4237461315,-1,1,3057
SVR,H5,603,2025-12-15,2025-12-22,132491.0,0.0162048742933482,0.0028661309882786,134638.0,132870.73656076804,0.0,132491.0,1767.2634392319596,3123220.0636459743,1,1,3056
SVR,H6,603,2025-12-15,2025-12-23,132491.0,0.0249677336573805,0.0033811329924219,135799.0,132938.96969129896,0.0,132491.0,2860.03030870104,8179773.366688564,1,1,3055
SVR,H7,603,2025-12-15,2025-12-24,132491.0,0.0272697768150289,0.0038626596741316,136104.0,133002.7676428854,0.0,132491.0,3101.232357114612,9617642.13281465,1,1,3054
SVR,H1,604,2025-12-16,2025-12-17,132627.0,0.0036794921094498,0.0003876083655536,133115.0,132678.40733469828,0.0,132627.0,436.5926653017232,190613.15539526247,1,1,3061
SVR,H2,604,2025-12-16,2025-12-18,132627.0,0.0004297767422922,0.0010376230404886,132684.0,132764.61683099088,0.0,132627.0,80.61683099088259,6499.073439012528,1,1,3060
SVR,H3,604,2025-12-16,2025-12-19,132627.0,-0.0015079885694466,0.0019096657957704,132427.0,132880.27324549566,0.0,132627.0,453.2732454956568,205456.6350821659,-1,1,3059
SVR,H4,604,2025-12-16,2025-12-22,132627.0,0.015162825065786,0.0024591216324016,134638.0,132953.14592474053,0.0,132627.0,1684.8540752594708,2838733.2549184468,1,1,3058
SVR,H5,604,2025-12-16,2025-12-23,132627.0,0.0239166987114238,0.0028764241112095,135799.0,133008.4915005974,0.0,132627.0,2790.508499402611,7786937.685238212,1,1,3057
SVR,H6,604,2025-12-16,2025-12-24,132627.0,0.0262163812798299,0.0033909950097899,136104.0,133076.7374951634,0.0,132627.0,3027.2625048366026,9164318.273189582,1,1,3056
SVR,H7,604,2025-12-16,2025-12-26,132627.0,0.0389211849774178,0.0038682460991464,137789.0,133140.0338753915,0.0,132627.0,4648.966124608502,21612886.02775739,1,1,3055
SVR,H1,605,2025-12-17,2025-12-18,133115.0,-0.0032378019006122,0.0003858079360469,132684.0,133166.3568234069,0.0,133115.0,482.3568234069098,232668.1050872048,-1,1,3062
SVR,H2,605,2025-12-17,2025-12-19,133115.0,-0.0051684633587499,0.0010388675354242,132427.0,133253.288851978,0.0,133115.0,826.2888519779954,682753.2669031136,-1,1,3061
SVR,H3,605,2025-12-17,2025-12-22,133115.0,0.0114412350223491,0.0019096463919468,134638.0,133369.202579464,0.0,133115.0,1268.7974205359933,1609846.8943587902,1,1,3060
SVR,H4,605,2025-12-17,2025-12-23,133115.0,0.0201630169402395,0.0024606481918988,135799.0,133442.5491840646,0.0,133115.0,2356.4508159353863,5552860.447922548,1,1,3059
SVR,H5,605,2025-12-17,2025-12-24,133115.0,0.0224542688652669,0.0028917592981853,136104.0,133499.93653897793,0.0,133115.0,2604.063461022073,6781146.509030258,1,1,3058
SVR,H6,605,2025-12-17,2025-12-26,133115.0,0.0351124967133682,0.0034013511910105,137789.0,133567.77086379135,0.0,133115.0,4221.229136208625,17818775.420376617,1,1,3057
SVR,H7,605,2025-12-17,2025-12-29,133115.0,-0.0039063967246365,0.0038794696395625,132595.0,133631.41560107036,0.0,133115.0,1036.4156010703591,1074157.298142034,-1,1,3056
SVR,H1,606,2025-12-18,2025-12-19,132684.0,-0.0019369328630429,0.0003875116956622,132427.0,132735.41660182725,0.0,132684.0,308.4166018272517,95120.80028266952,-1,1,3063
SVR,H2,606,2025-12-18,2025-12-22,132684.0,0.0147267191221247,0.0010386739325512,134638.0,132821.8154120666,0.0,132684.0,1816.184587933385,3298526.45744676,1,1,3062
SVR,H3,606,2025-12-18,2025-12-23,132684.0,0.023476832172681,0.0019096388846018,135799.0,132937.3785257645,0.0,132684.0,2861.621474235493,8188877.461805718,1,1,3061
SVR,H4,606,2025-12-18,2025-12-24,132684.0,0.0257755268155919,0.0024603097564847,136104.0,133010.44373972944,0.0,132684.0,3093.5562602705613,9570090.33545918,1,1,3060
SVR,H5,606,2025-12-18,2025-12-26,132684.0,0.0384748726297066,0.0028917602617409,137789.0,133067.6903185688,0.0,132684.0,4721.309681431187,22290765.10797585,1,1,3059
SVR,H6,606,2025-12-18,2025-12-29,132684.0,-0.0006707666335051,0.0034124478525234,132595.0,133136.77723086422,0.0,132684.0,541.7772308642161,293522.56788289815,-1,1,3058
SVR,H7,606,2025-12-18,2025-12-30,132684.0,0.0097223478339514,0.0038879346190178,133974.0,133199.86671698978,0.0,132684.0,774.1332830102183,599282.3398641787,1,1,3057
SVR,H1,607,2025-12-19,2025-12-22,132427.0,0.0166959909988144,0.0003878933082934,134638.0,132478.36754713737,0.0,132427.0,2159.6324528626283,4664012.331457452,1,1,3064
SVR,H2,607,2025-12-19,2025-12-23,132427.0,0.0254630853224795,0.0010365637011753,135799.0,132564.26902125555,0.0,132427.0,3234.7309787444538,10463484.504849052,1,1,3063
SVR,H3,607,2025-12-19,2025-12-24,132427.0,0.0277662410233563,0.0019096335775883,136104.0,132679.8870457793,0.0,132427.0,3424.112954220705,11724549.523262046,1,1,3062
SVR,H4,607,2025-12-19,2025-12-26,132427.0,0.0404902323544291,0.0024603029867978,137789.0,132752.81054363266,0.0,132427.0,5036.189456367341,25363204.240425576,1,1,3061
SVR,H5,607,2025-12-19,2025-12-29,132427.0,0.0012686234680239,0.002891736927166,132595.0,132809.94404605383,0.0,132427.0,214.9440460538317,46200.94293399172,1,1,3060
SVR,H6,607,2025-12-19,2025-12-30,132427.0,0.0116819077680534,0.0034124413328936,133974.0,132878.8993683911,0.0,132427.0,1095.1006316088897,1199245.393350189,1,1,3059
SVR,H7,607,2025-12-19,2025-12-31,132427.0,0.0228578764149305,0.0038969104590835,135454.0,132943.05616136506,0.0,132427.0,2510.943838634936,6304838.960778746,1,1,3058
SVR,H1,608,2025-12-22,2025-12-23,134638.0,0.0086231227439503,0.0003972101679845,135799.0,134691.4795825971,0.0,134638.0,1107.520417402906,1226601.474964307,1,1,3065
SVR,H2,608,2025-12-22,2025-12-24,134638.0,0.0108884564536015,0.0010412356111454,136104.0,134778.1898802134,0.0,134638.0,1325.8101197865908,1757772.4737285343,1,1,3064
SVR,H3,608,2025-12-22,2025-12-26,134638.0,0.0234034967839689,0.001909625659823,137789.0,134895.10817958726,0.0,134638.0,2893.8918204127403,8374609.868251764,1,1,3063
SVR,H4,608,2025-12-22,2025-12-29,134638.0,-0.015174022192843,0.0024603046469918,132595.0,134969.25049706167,0.0,134638.0,2374.250497061672,5637065.422797596,-1,1,3062
SVR,H5,608,2025-12-22,2025-12-30,134638.0,-0.0049317428957649,0.002891831764615,133974.0,135027.35044512426,0.0,134638.0,1053.3504451242625,1109547.160243482,-1,1,3061
SVR,H6,608,2025-12-22,2025-12-31,134638.0,0.0060606960887714,0.0034170166834209,135454.0,135098.06029222242,0.0,134638.0,355.9397077775793,126693.07557278856,1,1,3060
SVR,H7,608,2025-12-22,2026-01-01,134638.0,0.0084151576820807,0.0039037904497461,135771.0,135163.5985385729,0.0,134638.0,607.4014614271,368936.53534377686,1,1,3059
SVR,H1,609,2025-12-23,2025-12-24,135799.0,0.0022459664651433,0.0003976649178544,136104.0,135853.00249817973,0.0,135799.0,250.99750182026764,62999.74592001526,1,1,3066
SVR,H2,609,2025-12-23,2025-12-26,135799.0,0.0146540107070007,0.0010486371340228,137789.0,135941.40387416317,0.0,135799.0,1847.5961258368332,3413611.444207276,1,1,3065
SVR,H3,609,2025-12-23,2025-12-29,135799.0,-0.0235936936207188,0.0019188092337143,132595.0,136059.57237512918,0.0,135799.0,3464.5723751291807,12003261.742508251,-1,1,3064
SVR,H4,609,2025-12-23,2025-12-30,135799.0,-0.0134389796684806,0.0024646359032027,133974.0,136133.69509101904,0.0,135799.0,2159.6950910190358,4664282.886171719,-1,1,3063
SVR,H5,609,2025-12-23,2025-12-31,135799.0,-0.0025405194441785,0.0028979626965016,135454.0,136192.54043622222,0.0,135799.0,738.540436222218,545441.9759353041,-1,1,3062
SVR,H6,609,2025-12-23,2026-01-01,135799.0,-0.0002061870853246,0.0034231572942813,135771.0,136263.86133740612,0.0,135799.0,492.8613374061242,242912.29790975343,-1,1,3061
SVR,H7,609,2025-12-23,2026-01-02,135799.0,-4.418294685526458e-05,0.0039128260441305,135793.0,136330.3578639669,0.0,135799.0,537.3578639668995,288753.4739670688,-1,1,3060
