Model,Horizon,Evaluation_Step,Origin_Date,Target_Date,Current_Price,Actual_Return,Predicted_Return,Actual_Price,Predicted_Price,Persistence_Return,Persistence_Price,Absolute_Price_Error,Squared_Price_Error,Actual_Direction,Predicted_Direction,Eligible_Training_Rows
XGBoost,H1,1,2023-08-11,2023-08-14,58629.0,0.0005799177881253,0.0003246351261623204,58663.0,58648.03303281177,0.0,58629.0,14.966967188229319,224.01010681353304,1,1,2458
XGBoost,H2,1,2023-08-11,2023-08-16,58629.0,-0.0036841835951491,0.0006905862828716636,58413.0,58669.48838317848,0.0,58629.0,256.48838317848276,65786.2907055122,-1,1,2457
XGBoost,H3,1,2023-08-11,2023-08-17,58629.0,-0.010267956130925,0.0009418553672730923,58027.0,58684.220038327854,0.0,58629.0,657.2200383278541,431938.178779666,-1,1,2456
XGBoost,H4,1,2023-08-11,2023-08-18,58629.0,-0.009056951338075,0.0012747178552672267,58098.0,58703.73543313646,0.0,58629.0,605.7354331364622,366915.4149570175,-1,1,2455
XGBoost,H5,1,2023-08-11,2023-08-21,58629.0,-0.0079312285728905,0.0015663591912016273,58164.0,58720.83407302096,0.0,58629.0,556.8340730209602,310064.18487711204,-1,1,2454
XGBoost,H6,1,2023-08-11,2023-08-22,58629.0,-0.0069590134575039,0.0018391621997579932,58221.0,58736.82824060961,0.0,58629.0,515.8282406096114,266078.77381040715,-1,1,2453
XGBoost,H7,1,2023-08-11,2023-08-23,58629.0,-0.0033942247010865,0.002110498957335949,58430.0,58752.73644336965,0.0,58629.0,322.73644336964935,104158.81187889088,-1,1,2452
XGBoost,H1,2,2023-08-14,2023-08-16,58663.0,-0.0042616299882378,0.0003247969434596598,58413.0,58682.053563094174,0.0,58663.0,269.053563094174,72389.81981367068,-1,1,2459
XGBoost,H2,2,2023-08-14,2023-08-17,58663.0,-0.0108415866900771,0.0007058645132929087,58027.0,58704.4081299433,0.0,58663.0,677.4081299433019,458881.7745132814,-1,1,2458
XGBoost,H3,2,2023-08-14,2023-08-18,58663.0,-0.0096312837734177,0.0009746270952746272,58098.0,58720.174549290095,0.0,58663.0,622.1745492900955,387101.16978433344,-1,1,2457
XGBoost,H4,2,2023-08-14,2023-08-21,58663.0,-0.0085062134565228,0.0012720291269943118,58164.0,58737.62104467687,0.0,58663.0,573.6210446768673,329041.1028961806,-1,1,2456
XGBoost,H5,2,2023-08-14,2023-08-22,58663.0,-0.0075345618192046,0.0015621569473296404,58221.0,58754.6408130012,0.0,58663.0,533.6408130011987,284772.51730058034,-1,1,2455
XGBoost,H6,2,2023-08-14,2023-08-23,58663.0,-0.0039718391490377,0.0018241796642541885,58430.0,58770.01185164414,0.0,58663.0,340.01185164414346,115608.05925847903,-1,1,2454
XGBoost,H7,2,2023-08-14,2023-08-24,58663.0,-0.00386956002932,0.002106680301949382,58436.0,58786.58418655326,0.0,58663.0,350.5841865532566,122909.27186120862,-1,1,2453
XGBoost,H1,3,2023-08-16,2023-08-17,58413.0,-0.0066081180559122,0.0003228830173611641,58027.0,58431.86056569312,0.0,58413.0,404.8605656931177,163912.07765335127,-1,1,2460
XGBoost,H2,3,2023-08-16,2023-08-18,58413.0,-0.0053926352010682,0.0007032285793684423,58098.0,58454.07769100665,0.0,58413.0,356.0776910066488,126791.32203262647,-1,1,2459
XGBoost,H3,3,2023-08-16,2023-08-21,58413.0,-0.0042627497303682,0.0009735124767757952,58164.0,58469.865784305905,0.0,58413.0,305.8657843059045,93553.87800906612,-1,1,2458
XGBoost,H4,3,2023-08-16,2023-08-22,58413.0,-0.0032869395511273,0.0012693986063823104,58221.0,58487.14938079461,0.0,58413.0,266.1493807946099,70835.49289735427,-1,1,2457
XGBoost,H5,3,2023-08-16,2023-08-23,58413.0,0.0002910311060893,0.0015571324620395899,58430.0,58503.95677850512,0.0,58413.0,73.95677850511856,5469.605086855167,1,1,2456
XGBoost,H6,3,2023-08-16,2023-08-24,58413.0,0.0003937479670621,0.0018293700413778424,58436.0,58519.858992227004,0.0,58413.0,83.85899222700391,7032.330577328702,1,1,2455
XGBoost,H7,3,2023-08-16,2023-08-25,58413.0,-0.0023967267560303,0.002100994111970067,58273.0,58535.72536906251,0.0,58413.0,262.7253690625075,69024.61954903079,-1,1,2454
XGBoost,H1,4,2023-08-17,2023-08-18,58027.0,0.0012235683388768,0.0003197507467120886,58098.0,58045.55417657946,0.0,58027.0,52.445823420537636,2750.564394258214,1,1,2461
XGBoost,H2,4,2023-08-17,2023-08-21,58027.0,0.0023609698933255,0.0006388924666680396,58164.0,58064.073013163346,0.0,58027.0,99.92698683665367,9985.402698252756,1,1,2460
XGBoost,H3,4,2023-08-17,2023-08-22,58027.0,0.0033432712358039,0.000929187226574868,58221.0,58080.91794719646,0.0,58027.0,140.08205280354014,19622.981517653807,1,1,2459
XGBoost,H4,4,2023-08-17,2023-08-23,58027.0,0.0069450428248918,0.0012648814590647817,58430.0,58100.39727642515,0.0,58027.0,329.6027235748479,108637.9553879576,1,1,2458
XGBoost,H5,4,2023-08-17,2023-08-24,58027.0,0.0070484429662054,0.0015477098058909178,58436.0,58116.80895690643,0.0,58027.0,319.1910430935677,101882.9219911598,1,1,2457
XGBoost,H6,4,2023-08-17,2023-08-25,58027.0,0.0042394057938546,0.0018105815397575498,58273.0,58132.06261500751,0.0,58027.0,140.93738499248866,19863.34648852097,1,1,2456
XGBoost,H7,4,2023-08-17,2023-08-28,58027.0,0.0080996777362263,0.0020918590016663074,58497.0,58148.38430228969,0.0,58027.0,348.6156977103092,121532.90469004567,1,1,2455
XGBoost,H1,5,2023-08-18,2023-08-21,58098.0,0.0011360115666632,0.0003201123035978526,58164.0,58116.59788461443,0.0,58098.0,47.40211538557196,2246.960543027078,1,1,2462
XGBoost,H2,5,2023-08-18,2023-08-22,58098.0,0.0021171124651451,0.0006824091542512178,58221.0,58137.64660704369,0.0,58098.0,83.35339295631275,6947.788117329487,1,1,2461
XGBoost,H3,5,2023-08-18,2023-08-23,58098.0,0.0057144824262453,0.0009641352808102965,58430.0,58154.01433154452,0.0,58098.0,275.9856684554834,76168.08919282,1,1,2460
XGBoost,H4,5,2023-08-18,2023-08-24,58098.0,0.0058177562050327,0.0012604263611137867,58436.0,58171.22825072799,0.0,58098.0,264.7717492720112,70104.07921256077,1,1,2459
XGBoost,H5,5,2023-08-18,2023-08-25,58098.0,0.0030121518813039,0.001553608221001923,58273.0,58188.26153042377,0.0,58098.0,84.73846957623027,7180.608226121703,1,1,2458
XGBoost,H6,5,2023-08-18,2023-08-28,58098.0,0.0068677062893731,0.0017992466455325484,58497.0,58202.53263161215,0.0,58098.0,294.46736838785,86711.03104526576,1,1,2457
XGBoost,H7,5,2023-08-18,2023-08-29,58098.0,0.0128231608661226,0.0020836752373725176,58843.0,58219.05736394087,0.0,58098.0,623.9426360591315,389304.4130924178,1,1,2456
XGBoost,H1,6,2023-08-21,2023-08-22,58164.0,0.000979987621209,0.00033159900340251625,58221.0,58183.287124433904,0.0,58164.0,37.712875566096045,1422.260983463844,1,1,2463
XGBoost,H2,6,2023-08-21,2023-08-23,58164.0,0.004573275565642,0.0006405530730262399,58430.0,58201.2571289395,0.0,58164.0,228.74287106050178,52323.301061001344,1,1,2462
XGBoost,H3,6,2023-08-21,2023-08-24,58164.0,0.0046764321573482,0.0009283770341426134,58436.0,58217.99812181387,0.0,58164.0,218.00187818612903,47524.81889267984,1,1,2461
XGBoost,H4,6,2023-08-21,2023-08-25,58164.0,0.001874011415996,0.0012562874471768737,58273.0,58237.070703077596,0.0,58164.0,35.92929692240432,1290.9143773382925,1,1,2460
XGBoost,H5,6,2023-08-21,2023-08-28,58164.0,0.0057251908396946,0.001541933510452509,58497.0,58253.68502070196,0.0,58164.0,243.31497929804027,59202.179150805765,1,1,2459
XGBoost,H6,6,2023-08-21,2023-08-29,58164.0,0.0116738876280861,0.0017958196112886071,58843.0,58268.45205187099,0.0,58164.0,574.5479481290095,330105.34469925496,1,1,2458
XGBoost,H7,6,2023-08-21,2023-08-30,58164.0,0.0163847053160031,0.0020809199195355177,59117.0,58285.034626199864,0.0,58164.0,831.9653738001361,692166.3832024003,1,1,2457
XGBoost,H1,7,2023-08-22,2023-08-23,58221.0,0.0035897700142559,0.0003246538690291345,58430.0,58239.901672908745,0.0,58221.0,190.09832709125476,36137.37396289368,1,1,2464
XGBoost,H2,7,2023-08-22,2023-08-24,58221.0,0.0036928256127513,0.0006839647539891303,58436.0,58260.821111942,0.0,58221.0,175.17888805799885,30687.642821236892,1,1,2463
XGBoost,H3,7,2023-08-22,2023-08-25,58221.0,0.0008931485202934,0.0009233090677298605,58273.0,58274.7559772323,0.0,58221.0,1.7559772323002107,3.083456040356708,1,1,2462
XGBoost,H4,7,2023-08-22,2023-08-28,58221.0,0.0047405575307879,0.0012544315541163087,58497.0,58294.034259512206,0.0,58221.0,202.9657404877944,41195.0918117587,1,1,2461
XGBoost,H5,7,2023-08-22,2023-08-29,58221.0,0.0106834303773553,0.0015320052625611424,58843.0,58310.19487839157,0.0,58221.0,532.8051216084277,283881.29761217145,1,1,2460
XGBoost,H6,7,2023-08-22,2023-08-30,58221.0,0.015389636041978,0.001792181166820228,59117.0,58325.34257971344,0.0,58221.0,791.6574202865595,626721.4710947704,1,1,2459
XGBoost,H7,7,2023-08-22,2023-08-31,58221.0,0.0153209323096477,0.0020647388882935047,59113.0,58341.211162815336,0.0,58221.0,771.7888371846639,595658.0092028556,1,1,2458
XGBoost,H1,8,2023-08-23,2023-08-24,58430.0,0.0001026869758684,0.00032595236552879214,58436.0,58449.04539671785,0.0,58430.0,13.045396717847325,170.18237552602176,1,1,2465
XGBoost,H2,8,2023-08-23,2023-08-25,58430.0,-0.0026869758685607,0.0006425064639188349,58273.0,58467.54165268678,0.0,58430.0,194.54165268677752,37846.45463010277,-1,1,2464
XGBoost,H3,8,2023-08-23,2023-08-28,58430.0,0.0011466712305323,0.0009313086629845202,58497.0,58484.416365178186,0.0,58430.0,12.583634821814485,158.34786532878206,1,1,2463
XGBoost,H4,8,2023-08-23,2023-08-29,58430.0,0.0070682868389526,0.0012567020021378994,58843.0,58503.42909798492,0.0,58430.0,339.57090201508254,115308.39749533679,1,1,2462
XGBoost,H5,8,2023-08-23,2023-08-30,58430.0,0.0117576587369501,0.001531499670818448,59117.0,58519.48552576592,0.0,58430.0,597.5144742340781,357023.54691922676,1,1,2461
XGBoost,H6,8,2023-08-23,2023-08-31,58430.0,0.0116892007530378,0.0017902603140100837,59113.0,58534.60491014761,0.0,58430.0,578.3950898523908,334540.8799653552,1,1,2460
XGBoost,H7,8,2023-08-23,2023-09-01,58430.0,0.0115693992811911,0.002062487881630659,59106.0,58550.51116692368,0.0,58430.0,555.4888330763206,308567.84367249237,1,1,2459
XGBoost,H1,9,2023-08-24,2023-08-25,58436.0,-0.0027893764118009,0.00032963152625598013,58273.0,58455.262347868294,0.0,58436.0,182.26234786829446,33219.56345046318,-1,1,2466
XGBoost,H2,9,2023-08-24,2023-08-28,58436.0,0.001043877062085,0.000644307816401124,58497.0,58473.650771559216,0.0,58436.0,23.349228440783918,545.1864687799126,1,1,2465
XGBoost,H3,9,2023-08-24,2023-08-29,58436.0,0.0069648846601411,0.0009328230516985059,58843.0,58490.510447849054,0.0,58436.0,352.4895521509461,124248.88437557456,1,1,2464
XGBoost,H4,9,2023-08-24,2023-08-30,58436.0,0.0116537750701621,0.001258603297173977,59117.0,58509.54774227366,0.0,58436.0,607.4522577263415,368998.2454168296,1,1,2463
XGBoost,H5,9,2023-08-24,2023-08-31,58436.0,0.0115853241152714,0.0015336958458647132,59113.0,58525.62305044895,0.0,58436.0,587.3769495510496,345011.68086389627,1,1,2462
XGBoost,H6,9,2023-08-24,2023-09-01,58436.0,0.0114655349442125,0.0017903018742799759,59106.0,58540.618080325425,0.0,58436.0,565.3819196745753,319656.71509490797,1,1,2461
XGBoost,H7,9,2023-08-24,2023-09-04,58436.0,0.0162399890478472,0.002061197767034173,59385.0,58556.44815271441,0.0,58436.0,828.5518472855911,686498.1636403655,1,1,2460
XGBoost,H1,10,2023-08-25,2023-08-28,58273.0,0.0038439757692241,0.0003212302690371871,58497.0,58291.719051467604,0.0,58273.0,205.280948532396,42140.267830360215,1,1,2467
XGBoost,H2,10,2023-08-25,2023-08-29,58273.0,0.0097815454841865,0.0006428376655094326,58843.0,58310.46007928223,0.0,58273.0,532.5399207177688,283598.7671580875,1,1,2466
XGBoost,H3,10,2023-08-25,2023-08-30,58273.0,0.0144835515590411,0.0009321927791461349,59117.0,58327.32166981918,0.0,58273.0,789.6783301808173,623591.8651571639,1,1,2465
XGBoost,H4,10,2023-08-25,2023-08-31,58273.0,0.0144149091345906,0.0012590771075338125,59113.0,58346.37020028732,0.0,58273.0,766.6297997126821,587721.2498075071,1,1,2464
XGBoost,H5,10,2023-08-25,2023-09-01,58273.0,0.0142947848918024,0.0015340456739068031,59106.0,58362.39344355557,0.0,58273.0,743.6065564444289,552950.7107871416,1,1,2463
XGBoost,H6,10,2023-08-25,2023-09-04,58273.0,0.0190825939972199,0.0017914592754095793,59385.0,58377.39370635594,0.0,58273.0,1007.6062936440576,1015270.4429911148,1,1,2462
XGBoost,H7,10,2023-08-25,2023-09-05,58273.0,0.0176411030837608,0.002051586750894785,59301.0,58392.55211473489,0.0,58273.0,908.4478852651082,825277.5602426472,1,1,2461
XGBoost,H1,11,2023-08-28,2023-08-29,58497.0,0.0059148332393115,0.0003226909029763192,58843.0,58515.876449751406,0.0,58497.0,327.12355024859426,107009.81712724458,1,1,2468
XGBoost,H2,11,2023-08-28,2023-08-30,58497.0,0.0105988341282459,0.0006425526225939393,59117.0,58534.58740076388,0.0,58497.0,582.4125992361223,339204.435748976,1,1,2467
XGBoost,H3,11,2023-08-28,2023-08-31,58497.0,0.0105304545532249,0.0009326121071353555,59113.0,58551.5550104311,0.0,58497.0,561.4449895689031,315220.47631202574,1,1,2466
XGBoost,H4,11,2023-08-28,2023-09-01,58497.0,0.0104107902969383,0.0012601938797160983,59106.0,58570.71756138175,0.0,58497.0,535.2824386182474,286527.2890930978,1,1,2465
XGBoost,H5,11,2023-08-28,2023-09-04,58497.0,0.0151802656546489,0.0015355669893324375,59385.0,58586.82606217498,0.0,58497.0,798.1739378250204,637081.6350230995,1,1,2464
XGBoost,H6,11,2023-08-28,2023-09-05,58497.0,0.0137442945792092,0.0017935624346137047,59301.0,58601.9180217376,0.0,58497.0,699.0819782624021,488715.6123312737,1,1,2463
XGBoost,H7,11,2023-08-28,2023-09-06,58497.0,0.0104962647657145,0.002065469976514578,59111.0,58617.82379721617,0.0,58497.0,493.17620278382674,243222.7669922742,1,1,2462
XGBoost,H1,12,2023-08-29,2023-08-30,58843.0,0.0046564587121662,0.000328391877701506,59117.0,58862.32356325959,0.0,58843.0,254.67643674041028,64860.0874307922,1,1,2469
XGBoost,H2,12,2023-08-29,2023-08-31,58843.0,0.0045884812127185,0.000644684478174895,59113.0,58880.935168749245,0.0,58843.0,232.06483125075465,53854.085903441235,1,1,2468
XGBoost,H3,12,2023-08-29,2023-09-01,58843.0,0.0044695205886851,0.0009353839559480548,59106.0,58898.04079811985,0.0,58843.0,207.9592018801486,43247.029646628405,1,1,2467
XGBoost,H4,12,2023-08-29,2023-09-04,58843.0,0.009210951175161,0.0012626886600628495,59385.0,58917.30038882408,0.0,58843.0,467.69961117592175,218742.9262941084,1,1,2466
XGBoost,H5,12,2023-08-29,2023-09-05,58843.0,0.0077834236867597,0.001536003197543323,59301.0,58933.38303615304,0.0,58843.0,367.61696384695824,135142.23210805582,1,1,2465
XGBoost,H6,12,2023-08-29,2023-09-06,58843.0,0.0045544924629947,0.001797645934857428,59111.0,58948.778879744816,0.0,58843.0,162.22112025518436,26315.691856846985,1,1,2464
XGBoost,H7,12,2023-08-29,2023-09-07,58843.0,0.0029400268511123,0.0020699789747595787,59016.0,58964.80377281178,0.0,58843.0,51.19622718822211,2621.053678308053,1,1,2463
XGBoost,H1,13,2023-08-30,2023-08-31,59117.0,-6.766243212608103e-05,0.0003371653438080102,59113.0,59136.9322036299,0.0,59117.0,23.93220362989814,572.7503705829097,-1,1,2470
XGBoost,H2,13,2023-08-30,2023-09-01,59117.0,-0.0001860716883468,0.000691196124535054,59106.0,59157.86144129414,0.0,59117.0,51.861441294138785,2689.6090931054036,-1,1,2469
XGBoost,H3,13,2023-08-30,2023-09-04,59117.0,0.0045333829524503,0.0009738088701851666,59385.0,59174.56865897874,0.0,59117.0,210.4313410212635,44281.349284007294,1,1,2468
XGBoost,H4,13,2023-08-30,2023-09-05,59117.0,0.0031124718778017,0.0012670871801674366,59301.0,59191.90639282996,0.0,59117.0,109.09360717004165,11901.415125371363,1,1,2467
XGBoost,H5,13,2023-08-30,2023-09-06,59117.0,-0.0001014936481892,0.0015433816006407142,59111.0,59208.24009008508,0.0,59117.0,97.2400900850771,9455.63511975391,-1,1,2466
XGBoost,H6,13,2023-08-30,2023-09-07,59117.0,-0.0017084764111845,0.001802473678253591,59016.0,59223.55683643732,0.0,59117.0,207.55683643731754,43079.84035186739,-1,1,2465
XGBoost,H7,13,2023-08-30,2023-09-08,59117.0,-0.0035861089026845,0.0020757876336574554,58905.0,59239.71433753893,0.0,59117.0,334.7143375389278,112033.68775412328,-1,1,2464
XGBoost,H1,14,2023-08-31,2023-09-01,59113.0,-0.0001184172686211,0.0003669711877591908,59106.0,59134.69276782201,0.0,59113.0,28.692767822009046,823.2749252877177,-1,1,2471
XGBoost,H2,14,2023-08-31,2023-09-04,59113.0,0.0046013567235634,0.0006949705420993268,59385.0,59154.08179365512,0.0,59113.0,230.9182063448825,53323.21802153773,1,1,2470
XGBoost,H3,14,2023-08-31,2023-09-05,59113.0,0.0031803495001099,0.0010383693734183908,59301.0,59174.38112877088,0.0,59113.0,126.61887122911867,16032.338551336135,1,1,2469
XGBoost,H4,14,2023-08-31,2023-09-06,59113.0,-3.383350532026874e-05,0.0012723661493510008,59111.0,59188.213380186586,0.0,59113.0,77.21338018658571,5961.906079838227,-1,1,2468
XGBoost,H5,14,2023-08-31,2023-09-07,59113.0,-0.0016409250080354,0.0015475776745006442,59016.0,59204.48195907276,0.0,59113.0,188.48195907275658,35525.44889590429,-1,1,2467
XGBoost,H6,14,2023-08-31,2023-09-08,59113.0,-0.0035186845533131,0.0018067217897623777,58905.0,59219.80074515822,0.0,59113.0,314.80074515822344,99099.50915217273,-1,1,2466
XGBoost,H7,14,2023-08-31,2023-09-11,59113.0,-0.0029096814575474,0.00208027265034616,58941.0,59235.97115717991,0.0,59113.0,294.97115717991255,87007.98356805668,-1,1,2465
XGBoost,H1,15,2023-09-01,2023-09-04,59106.0,0.0047203329611207,0.0003663183597382158,59385.0,59127.65161297069,0.0,59106.0,257.348387029313,66228.19230658909,1,1,2472
XGBoost,H2,15,2023-09-01,2023-09-05,59106.0,0.0032991574459446,0.000694813032168895,59301.0,59147.067619079375,0.0,59106.0,153.9323809206253,23695.177895892484,1,1,2471
XGBoost,H3,15,2023-09-01,2023-09-06,59106.0,8.459378066527634e-05,0.001040198840200901,59111.0,59167.481992648914,0.0,59106.0,56.481992648914456,3190.2154935920266,1,1,2470
XGBoost,H4,15,2023-09-01,2023-09-07,59106.0,-0.0015226880519744,0.0012759700184687972,59016.0,59181.41748391162,0.0,59106.0,165.41748391161673,27362.94398364998,-1,1,2469
XGBoost,H5,15,2023-09-01,2023-09-08,59106.0,-0.0034006699827429,0.0015527571085840464,58905.0,59197.77726165997,0.0,59106.0,292.77726165996864,85718.52494510975,-1,1,2468
XGBoost,H6,15,2023-09-01,2023-09-11,59106.0,-0.0027915947619531,0.0018096888670697808,58941.0,59212.96347017703,0.0,59106.0,271.96347017702647,73964.12911073037,-1,1,2467
XGBoost,H7,15,2023-09-01,2023-09-12,59106.0,-0.0078503028457347,0.0020847960840910673,58642.0,59229.22395734629,0.0,59106.0,587.2239573462866,344831.9760814335,-1,1,2466
XGBoost,H1,16,2023-09-04,2023-09-05,59385.0,-0.0014144986107602,0.0003682519600261003,59301.0,59406.86864264615,0.0,59385.0,105.86864264614997,11208.169495738202,-1,1,2473
XGBoost,H2,16,2023-09-04,2023-09-06,59385.0,-0.0046139597541466,0.0006951417890377343,59111.0,59426.280995142006,0.0,59385.0,315.28099514200585,99402.10589773352,-1,1,2472
XGBoost,H3,16,2023-09-04,2023-09-07,59385.0,-0.0062136903258398,0.0010415976867079735,59016.0,59446.85527862515,0.0,59385.0,430.855278625153,185636.27111915822,-1,1,2471
XGBoost,H4,16,2023-09-04,2023-09-08,59385.0,-0.0080828492043445,0.0012792515335604548,58905.0,59460.96835232049,0.0,59385.0,555.9683523204876,309100.80878195784,-1,1,2470
XGBoost,H5,16,2023-09-04,2023-09-11,59385.0,-0.0074766355140186,0.0015665143728256226,58941.0,59478.02745603025,0.0,59385.0,537.0274560302496,288398.4885303217,-1,1,2469
XGBoost,H6,16,2023-09-04,2023-09-12,59385.0,-0.0125115769975583,0.0018168013775721192,58642.0,59492.89074980712,0.0,59385.0,850.8907498071203,724015.0681073234,-1,1,2468
XGBoost,H7,16,2023-09-04,2023-09-13,59385.0,-0.0130504336111813,0.002090000081807375,58610.0,59509.11465485813,0.0,59385.0,899.114654858131,808407.162580656,-1,1,2467
XGBoost,H1,17,2023-09-05,2023-09-06,59301.0,-0.0032039931872986,0.0003732420736923814,59111.0,59323.13362821203,0.0,59301.0,212.1336282120319,45000.67621840058,-1,1,2474
XGBoost,H2,17,2023-09-05,2023-09-07,59301.0,-0.004805989780948,0.0006875006365589797,59016.0,59341.769475248584,0.0,59301.0,325.76947524858406,106125.75100373782,-1,1,2473
XGBoost,H3,17,2023-09-05,2023-09-08,59301.0,-0.0066777963272119,0.001043227268382907,58905.0,59362.864420242375,0.0,59301.0,457.86442024237476,209639.82732388595,-1,1,2472
XGBoost,H4,17,2023-09-05,2023-09-11,59301.0,-0.0060707239338291,0.0012799985706806183,58941.0,59376.90519523993,0.0,59301.0,435.90519523993134,190013.33923716267,-1,1,2471
XGBoost,H5,17,2023-09-05,2023-09-12,59301.0,-0.0111127974233149,0.0015690959990024567,58642.0,59394.048961836845,0.0,59301.0,752.0489618368447,565577.6409998758,-1,1,2470
XGBoost,H6,17,2023-09-05,2023-09-13,59301.0,-0.0116524173285441,0.0018230646383017302,58610.0,59409.10955611593,0.0,59301.0,799.1095561159309,638576.0826758001,-1,1,2469
XGBoost,H7,17,2023-09-05,2023-09-14,59301.0,-0.0116861435726209,0.0020962797570973635,58608.0,59425.31148587563,0.0,59301.0,817.3114858756308,667998.0649442314,-1,1,2468
XGBoost,H1,18,2023-09-06,2023-09-07,59111.0,-0.0016071458780937,0.0003274062182754278,59016.0,59130.35330896848,0.0,59111.0,114.35330896847881,13076.679272040377,-1,1,2475
XGBoost,H2,18,2023-09-06,2023-09-08,59111.0,-0.0034849689567085,0.0006847992190159857,58905.0,59151.479166635254,0.0,59111.0,246.47916663525393,60751.97958520927,-1,1,2474
XGBoost,H3,18,2023-09-06,2023-09-11,59111.0,-0.0028759452555362,0.0009479406871832907,58941.0,59167.03372196009,0.0,59111.0,226.0337219600915,51091.24346313195,-1,1,2473
XGBoost,H4,18,2023-09-06,2023-09-12,59111.0,-0.0079342254402733,0.0012800119584426284,58642.0,59186.6627868755,0.0,59111.0,544.6627868755022,296657.55140698876,-1,1,2472
XGBoost,H5,18,2023-09-06,2023-09-13,59111.0,-0.0084755798413155,0.0015683990204706788,58610.0,59203.70963449904,0.0,59111.0,593.7096344990423,352491.13009698637,-1,1,2471
XGBoost,H6,18,2023-09-06,2023-09-14,59111.0,-0.0085094144913806,0.0018241999205201864,58608.0,59218.83028150187,0.0,59111.0,610.8302815018687,373113.63279965223,-1,1,2470
XGBoost,H7,18,2023-09-06,2023-09-15,59111.0,-0.0020131616788753,0.002099789446219802,58992.0,59235.1206539555,0.0,59111.0,243.1206539554987,59107.65237974935,-1,1,2469
XGBoost,H1,19,2023-09-07,2023-09-08,59016.0,-0.0018808458723058,0.0003266050189267844,58905.0,59035.27492179698,0.0,59016.0,130.2749217969831,16971.555249210065,-1,1,2476
XGBoost,H2,19,2023-09-07,2023-09-11,59016.0,-0.0012708418056119,0.0006823109579272568,58941.0,59056.267263493035,0.0,59016.0,115.26726349303499,13286.542033172756,-1,1,2475
XGBoost,H3,19,2023-09-07,2023-09-12,59016.0,-0.006337264470652,0.0009773558704182506,58642.0,59073.6796340486,0.0,59016.0,431.6796340486035,186347.30645233623,-1,1,2474
XGBoost,H4,19,2023-09-07,2023-09-13,59016.0,-0.0068794903077131,0.001278843847103417,58610.0,59091.472248480655,0.0,59016.0,481.47224848065525,231815.52605701782,-1,1,2473
XGBoost,H5,19,2023-09-07,2023-09-14,59016.0,-0.0069133794225294,0.0015635471791028976,58608.0,59108.27430032194,0.0,59016.0,500.2743003219366,250274.37556260324,-1,1,2472
XGBoost,H6,19,2023-09-07,2023-09-15,59016.0,-0.0004066693777958,0.0018287664279341698,58992.0,59123.92647951096,0.0,59016.0,131.92647951096296,17404.59599615653,-1,1,2471
XGBoost,H7,19,2023-09-07,2023-09-18,59016.0,0.0033211332519995,0.0021001328714191914,59212.0,59139.941441539675,0.0,59016.0,72.058558460325,5192.435847380076,1,1,2470
XGBoost,H1,20,2023-09-08,2023-09-11,58905.0,0.0006111535523301,0.0003312228654976934,58941.0,58924.51068289214,0.0,58905.0,16.48931710785837,271.8975786835107,1,1,2477
XGBoost,H2,20,2023-09-08,2023-09-12,58905.0,-0.0044648162295221,0.000680591503623873,58642.0,58945.090242520964,0.0,58905.0,303.09024252096424,91863.69511141692,-1,1,2476
XGBoost,H3,20,2023-09-08,2023-09-13,58905.0,-0.0050080638315932,0.0009741233079694211,58610.0,58962.38073345594,0.0,58905.0,352.38073345593875,124172.18131094535,-1,1,2475
XGBoost,H4,20,2023-09-08,2023-09-14,58905.0,-0.0050420168067226,0.0012745276326313615,58608.0,58980.07605020015,0.0,58905.0,372.07605020015035,138440.5871325448,-1,1,2474
XGBoost,H5,20,2023-09-08,2023-09-15,58905.0,0.0014769544181307,0.001561512122862041,58992.0,58996.98087159719,0.0,58905.0,4.980871597188525,24.809081867679367,1,1,2473
XGBoost,H6,20,2023-09-08,2023-09-18,58905.0,0.00521178168237,0.0018265369581058621,59212.0,59012.592159517226,0.0,58905.0,199.4078404827742,39763.486846003514,1,1,2472
XGBoost,H7,20,2023-09-08,2023-09-19,58905.0,0.0061115355233001,0.0020983582362532616,59265.0,59028.6037919065,0.0,58905.0,236.39620809350163,55883.16720098612,1,1,2471
XGBoost,H1,21,2023-09-11,2023-09-12,58941.0,-0.0050728694796491,0.0003241527301725,58642.0,58960.1058860691,0.0,58941.0,318.1058860690973,101191.35475180553,-1,1,2478
XGBoost,H2,21,2023-09-11,2023-09-13,58941.0,-0.0056157852768021,0.0006874100072309375,58610.0,58981.5166332362,0.0,58941.0,371.5166332361987,138024.60877116016,-1,1,2477
XGBoost,H3,21,2023-09-11,2023-09-14,58941.0,-0.0056497175141242,0.0009725819109007716,58608.0,58998.3249504104,0.0,58941.0,390.3249504104024,152353.56691288308,-1,1,2476
XGBoost,H4,21,2023-09-11,2023-09-15,58941.0,0.0008652720517128,0.0012773593189194798,58992.0,59016.28883561643,0.0,58941.0,24.28883561643306,589.9475356021072,1,1,2475
XGBoost,H5,21,2023-09-11,2023-09-18,58941.0,0.0045978181571402,0.001557485549710691,59212.0,59032.7997557855,0.0,58941.0,179.20024421450216,32112.727526537215,1,1,2474
XGBoost,H6,21,2023-09-11,2023-09-19,58941.0,0.005497022446175,0.0018248206470161676,59265.0,59048.55675375578,0.0,58941.0,216.44324624422006,46847.67884473608,1,1,2473
XGBoost,H7,21,2023-09-11,2023-09-20,58941.0,0.0071597020749563,0.0020979740656912327,59363.0,59064.65668940591,0.0,58941.0,298.34331059409305,89008.73097624347,1,1,2472
XGBoost,H1,22,2023-09-12,2023-09-13,58642.0,-0.0005456839807645,0.00032204441959038377,58610.0,58660.88532885362,0.0,58642.0,50.885328853619285,2589.316692540979,-1,1,2479
XGBoost,H2,22,2023-09-12,2023-09-14,58642.0,-0.0005797892295624,0.0006444829632528126,58608.0,58679.79376993107,0.0,58642.0,71.79376993107144,5154.345400915618,-1,1,2478
XGBoost,H3,22,2023-09-12,2023-09-15,58642.0,0.0059684185396131,0.000940546568017453,58992.0,58697.15553184168,0.0,58642.0,294.8444681583205,86933.26040356289,1,1,2477
XGBoost,H4,22,2023-09-12,2023-09-18,58642.0,0.0097199959073701,0.001267806044779718,59212.0,58716.34668207797,0.0,58642.0,495.6533179220278,245672.21156711475,1,1,2476
XGBoost,H5,22,2023-09-12,2023-09-19,58642.0,0.0106237850005115,0.001556029892526567,59265.0,58733.24870495754,0.0,58642.0,531.7512950424571,282759.4397793302,1,1,2475
XGBoost,H6,22,2023-09-12,2023-09-20,58642.0,0.0122949421916032,0.001818787190131843,59363.0,58748.65731840371,0.0,58642.0,614.3426815962885,377416.93043091864,1,1,2474
XGBoost,H7,22,2023-09-12,2023-09-21,58642.0,0.0035981037481669,0.002093976130709052,58853.0,58764.79494825704,0.0,58642.0,88.20505174295977,7780.13115297821,1,1,2473
XGBoost,H1,23,2023-09-13,2023-09-14,58610.0,-3.4123869646851546e-05,0.00032168597681447864,58608.0,58628.8540151011,0.0,58610.0,20.854015101096593,434.88994583676475,-1,1,2480
XGBoost,H2,23,2023-09-13,2023-09-15,58610.0,0.0065176591025422,0.0006831226055510342,58992.0,58650.037815911346,0.0,58610.0,341.9621840886539,116938.13534668241,1,1,2479
XGBoost,H3,23,2023-09-13,2023-09-18,58610.0,0.0102712847636921,0.0009552276460453868,59212.0,58665.98589233472,0.0,58610.0,546.0141076652799,298131.4057695118,1,1,2478
XGBoost,H4,23,2023-09-13,2023-09-19,58610.0,0.0111755673093327,0.0012703246902674437,59265.0,58684.453730096575,0.0,58610.0,580.5462699034251,337033.97149878053,1,1,2477
XGBoost,H5,23,2023-09-13,2023-09-20,58610.0,0.0128476369220269,0.001551922527141869,59363.0,58700.958179315785,0.0,58610.0,662.041820684215,438299.37233487034,1,1,2476
XGBoost,H6,23,2023-09-13,2023-09-21,58610.0,0.0041460501620884,0.0018133986741304398,58853.0,58716.283296290785,0.0,58610.0,136.71670370921493,18691.457073113263,1,1,2475
XGBoost,H7,23,2023-09-13,2023-09-22,58610.0,0.0048797133594948,0.0020876748021692038,58896.0,58732.35862015514,0.0,58610.0,163.64137984486297,26778.501197530724,1,1,2474
XGBoost,H1,24,2023-09-14,2023-09-15,58608.0,0.0065520065520066,0.000328552327118814,58992.0,58627.25579478778,0.0,58608.0,364.74420521222055,133038.33523589445,1,1,2481
XGBoost,H2,24,2023-09-14,2023-09-18,58608.0,0.0103057603057603,0.0006837437395006418,59212.0,58648.07285308465,0.0,58608.0,563.9271469153464,318013.8270280827,1,1,2480
XGBoost,H3,24,2023-09-14,2023-09-19,58608.0,0.0112100737100737,0.000935488729737699,59265.0,58662.82712347247,0.0,58608.0,602.1728765275329,362612.1732254434,1,1,2479
XGBoost,H4,24,2023-09-14,2023-09-20,58608.0,0.0128822003822004,0.0012677969643846154,59363.0,58682.30304448865,0.0,58608.0,680.6969555113465,463348.34524241596,1,1,2478
XGBoost,H5,24,2023-09-14,2023-09-21,58608.0,0.0041803166803167,0.0015482521848753095,58853.0,58698.73996405117,0.0,58608.0,154.26003594882786,23796.158690933666,1,1,2477
XGBoost,H6,24,2023-09-14,2023-09-22,58608.0,0.0049140049140048,0.0018091615056619048,58896.0,58714.03133752383,0.0,58608.0,181.96866247616708,33112.59412336522,1,1,2476
XGBoost,H7,24,2023-09-14,2023-09-25,58608.0,0.0016891891891892,0.0020904287230223417,58707.0,58730.51584659889,0.0,58608.0,23.515846598893404,552.9950412626865,1,1,2475
XGBoost,H1,25,2023-09-15,2023-09-18,58992.0,0.003729319229726,0.00032393596484325826,59212.0,59011.10963043803,0.0,58992.0,200.8903695619665,40356.94058274348,1,1,2482
XGBoost,H2,25,2023-09-15,2023-09-19,58992.0,0.0046277461350692,0.0006458137650042772,59265.0,59030.09784562513,0.0,58992.0,234.90215437486768,55179.022129954166,1,1,2481
XGBoost,H3,25,2023-09-15,2023-09-20,58992.0,0.0062889883374017,0.0009375537047162652,59363.0,59047.30816814862,0.0,58992.0,315.6918318513781,99661.33269767878,1,1,2480
XGBoost,H4,25,2023-09-15,2023-09-21,58992.0,-0.002356251695145,0.0012670792639255524,58853.0,59066.747539937496,0.0,58992.0,213.74753993749619,45688.01082933153,-1,1,2479
XGBoost,H5,25,2023-09-15,2023-09-22,58992.0,-0.001627339300244,0.0015482832677662373,58896.0,59083.336326532066,0.0,58992.0,187.33632653206587,35094.89923852881,-1,1,2478
XGBoost,H6,25,2023-09-15,2023-09-25,58992.0,-0.0048311635475997,0.0018080540467053652,58707.0,59098.66072432324,0.0,58992.0,391.6607243232429,153398.12297740727,-1,1,2477
XGBoost,H7,25,2023-09-15,2023-09-26,58992.0,-0.0087130458367236,0.0020734837744385004,58478.0,59114.318954821676,0.0,58992.0,636.318954821676,404901.81226535013,-1,1,2476
XGBoost,H1,26,2023-09-18,2023-09-19,59212.0,0.0008950888333445,0.00032520832610316575,59265.0,59231.25623540522,0.0,59212.0,33.74376459477935,1138.6416490278843,1,1,2483
XGBoost,H2,26,2023-09-18,2023-09-20,59212.0,0.0025501587516043,0.0006910780211910605,59363.0,59252.920111790765,0.0,59212.0,110.07988820923492,12117.581788157659,1,1,2482
XGBoost,H3,26,2023-09-18,2023-09-21,59212.0,-0.0060629602107681,0.0009584668441675603,58853.0,59268.75273877685,0.0,59212.0,415.7527387768496,172850.33980045133,-1,1,2481
XGBoost,H4,26,2023-09-18,2023-09-22,59212.0,-0.0053367560629602,0.0012706536799669266,58896.0,59287.2379456982,0.0,59212.0,391.23794569820166,153067.130154149,-1,1,2480
XGBoost,H5,26,2023-09-18,2023-09-25,59212.0,-0.0085286766196041,0.0015494843246415257,58707.0,59303.748065830674,0.0,59212.0,596.748065830674,356108.25407265045,-1,1,2479
XGBoost,H6,26,2023-09-18,2023-09-26,59212.0,-0.0123961359183949,0.0018092114478349686,58478.0,59319.127028249204,0.0,59212.0,841.1270282492042,707494.6776513375,-1,1,2478
XGBoost,H7,26,2023-09-18,2023-09-27,59212.0,-0.0245389448084847,0.0020738893654197454,57759.0,59334.799137105234,0.0,59212.0,1575.799137105234,2483142.9205016,-1,1,2477
XGBoost,H1,27,2023-09-19,2023-09-20,59265.0,0.0016535898084872,0.00037097063614055514,59363.0,59286.98557475087,0.0,59265.0,76.01442524913,5778.192845955572,1,1,2484
XGBoost,H2,27,2023-09-19,2023-09-21,59265.0,-0.0069518265418037,0.0006925396737642586,58853.0,59306.04336376564,0.0,59265.0,453.0433637656388,205248.28945208492,-1,1,2483
XGBoost,H3,27,2023-09-19,2023-09-22,59265.0,-0.0062262718299165,0.0009625079110264778,58896.0,59322.043031346984,0.0,59265.0,426.0430313469842,181512.66455932736,-1,1,2482
XGBoost,H4,27,2023-09-19,2023-09-25,59265.0,-0.0094153378891419,0.0012747857253998518,58707.0,59340.55017601582,0.0,59265.0,633.5501760158222,401385.8255296793,-1,1,2481
XGBoost,H5,27,2023-09-19,2023-09-26,59265.0,-0.0132793385640765,0.00155940733384341,58478.0,59357.41827564023,0.0,59265.0,879.4182756402297,773376.503530035,-1,1,2480
XGBoost,H6,27,2023-09-19,2023-09-27,59265.0,-0.0254112882814477,0.001810699817724526,57759.0,59372.311124697444,0.0,59265.0,1613.311124697444,2602772.785072532,-1,1,2479
XGBoost,H7,27,2023-09-19,2023-09-28,59265.0,-0.0357546612671897,0.0020755077712237835,57146.0,59388.00496806158,0.0,59265.0,2242.0049680615775,5026586.276812796,-1,1,2478
XGBoost,H1,28,2023-09-20,2023-09-21,59363.0,-0.008591210012971,0.0003275886410847306,58853.0,59382.44664450071,0.0,59363.0,529.4466445007129,280313.7493730642,-1,1,2485
XGBoost,H2,28,2023-09-20,2023-09-22,59363.0,-0.0078668530903087,0.0006933904369361699,58896.0,59404.16173650784,0.0,59363.0,508.16173650784185,258228.35045066528,-1,1,2484
XGBoost,H3,28,2023-09-20,2023-09-25,59363.0,-0.0110506544480568,0.0009477185667492449,58707.0,59419.259417277935,0.0,59363.0,712.2594172779354,507313.4775011041,-1,1,2483
XGBoost,H4,28,2023-09-20,2023-09-26,59363.0,-0.0149082761989791,0.001279650256037712,58478.0,59438.96387814917,0.0,59363.0,960.9638781491667,923451.5751074866,-1,1,2482
XGBoost,H5,28,2023-09-20,2023-09-27,59363.0,-0.0270201977662853,0.0015563120832666755,57759.0,59455.38735419896,0.0,59363.0,1696.3873541989597,2877730.055486147,-1,1,2481
XGBoost,H6,28,2023-09-20,2023-09-28,59363.0,-0.0373464952916799,0.0018151829717680812,57146.0,59470.75470675307,0.0,59363.0,2324.7547067530686,5404484.446570546,-1,1,2480
XGBoost,H7,28,2023-09-20,2023-09-29,59363.0,-0.0387783636271751,0.00207756320014596,57061.0,59486.330384250265,0.0,59363.0,2425.3303842502646,5882227.4727675365,-1,1,2479
XGBoost,H1,29,2023-09-21,2023-09-22,58853.0,0.0007306339523898,0.00032398756593465805,58896.0,58872.06764021795,0.0,58853.0,23.93235978204757,572.757844737368,1,1,2486
XGBoost,H2,29,2023-09-21,2023-09-25,58853.0,-0.0024807571406725,0.0006475804257206619,58707.0,58891.11205079494,0.0,58853.0,184.1120507949381,33897.24724791787,-1,1,2485
XGBoost,H3,29,2023-09-21,2023-09-26,58853.0,-0.0063718077243301,0.0009447148186154664,58478.0,58908.599301219976,0.0,58853.0,430.59930121997604,185415.75821113167,-1,1,2484
XGBoost,H4,29,2023-09-21,2023-09-27,58853.0,-0.018588687067779,0.0012782990233972669,57759.0,58928.231732424,0.0,58853.0,1169.2317324239993,1367102.8441072267,-1,1,2483
XGBoost,H5,29,2023-09-21,2023-09-28,58853.0,-0.0290044687611507,0.001557624782435596,57146.0,58944.67089132068,0.0,58853.0,1798.6708913206821,3235216.975284337,-1,1,2482
XGBoost,H6,29,2023-09-21,2023-09-29,58853.0,-0.0304487451786654,0.0018163331551477313,57061.0,58959.89665517991,0.0,58853.0,1898.8966551799094,3605808.507053448,-1,1,2481
XGBoost,H7,29,2023-09-21,2023-10-03,58853.0,-0.0419349905697246,0.002079783705994487,56385.0,58975.40151044889,0.0,58853.0,2590.4015104488935,6710179.985335909,-1,1,2480
XGBoost,H1,30,2023-09-22,2023-09-25,58896.0,-0.0032090464547677,0.0003225696855224669,58707.0,58914.99806419853,0.0,58896.0,207.9980641985312,43263.19471033631,-1,1,2487
XGBoost,H2,30,2023-09-22,2023-09-26,58896.0,-0.0070972561803858,0.0006820163107477129,58478.0,58936.1680326378,0.0,58896.0,458.1680326377973,209917.94613118967,-1,1,2486
XGBoost,H3,30,2023-09-22,2023-09-27,58896.0,-0.01930521597392,0.0009587345994077623,57759.0,58952.46563296672,0.0,58896.0,1193.4656329667196,1424360.2170726527,-1,1,2485
XGBoost,H4,30,2023-09-22,2023-09-28,58896.0,-0.0297133930997011,0.0012692552991211414,57146.0,58970.75406009704,0.0,58896.0,1824.7540600970387,3329727.3798406273,-1,1,2484
XGBoost,H5,30,2023-09-22,2023-09-29,58896.0,-0.0311566150502581,0.0015565520152449608,57061.0,58987.67468748987,0.0,58896.0,1926.6746874898672,3712075.3514141776,-1,1,2483
XGBoost,H6,30,2023-09-22,2023-10-03,58896.0,-0.0426344743276283,0.001817422453314066,56385.0,59003.038912810385,0.0,58896.0,2618.038912810385,6854127.748989384,-1,1,2482
XGBoost,H7,30,2023-09-22,2023-10-04,58896.0,-0.0452832110839446,0.00208614906296134,56229.0,59018.86583521217,0.0,58896.0,2789.865835212171,7783351.378484105,-1,1,2481
XGBoost,H1,31,2023-09-25,2023-09-26,58707.0,-0.0039007273408622,0.0003282258112449199,58478.0,58726.269152700756,0.0,58707.0,248.2691527007555,61637.57218275106,-1,1,2488
XGBoost,H2,31,2023-09-25,2023-09-27,58707.0,-0.0161479891665389,0.000667986401822418,57759.0,58746.21547769179,0.0,58707.0,987.2154776917887,974594.3993942265,-1,1,2487
XGBoost,H3,31,2023-09-25,2023-09-28,58707.0,-0.0265896741444802,0.0009334526257589459,57146.0,58761.80020330043,0.0,58707.0,1615.8002033004304,2610810.2969857124,-1,1,2486
XGBoost,H4,31,2023-09-25,2023-09-29,58707.0,-0.0280375423714378,0.0012649816926568747,57061.0,58781.26328023081,0.0,58707.0,1720.2632802308071,2959305.7533104564,-1,1,2485
XGBoost,H5,31,2023-09-25,2023-10-03,58707.0,-0.0395523532117123,0.0015435260720551014,56385.0,58797.61578511214,0.0,58707.0,2412.615785112139,5820714.926572262,-1,1,2484
XGBoost,H6,31,2023-09-25,2023-10-04,58707.0,-0.0422096172517757,0.001814612653106451,56229.0,58813.53046502592,0.0,58707.0,2584.5304650259204,6679797.7246471,-1,1,2483
XGBoost,H7,31,2023-09-25,2023-10-05,58707.0,-0.0442025652818233,0.0020860633812844753,56112.0,58829.46652292507,0.0,58707.0,2717.4665229250677,7384624.303218458,-1,1,2482
XGBoost,H1,32,2023-09-26,2023-09-27,58478.0,-0.0122952221348199,0.0003198218473698944,57759.0,58496.7025419905,0.0,58478.0,737.7025419904967,544205.0404592406,-1,1,2489
XGBoost,H2,32,2023-09-26,2023-09-28,58478.0,-0.0227777967782756,0.0006325764115899801,57146.0,58514.99180339696,0.0,58478.0,1368.9918033969589,1874138.5577680576,-1,1,2488
XGBoost,H3,32,2023-09-26,2023-09-29,58478.0,-0.0242313348609733,0.000926220731344074,57061.0,58532.16353592754,0.0,58478.0,1471.1635359275388,2164322.1494428185,-1,1,2487
XGBoost,H4,32,2023-09-26,2023-10-03,58478.0,-0.0357912377304285,0.001254113158211112,56385.0,58551.33802926587,0.0,58478.0,2166.3380292658694,4693020.45704353,-1,1,2486
XGBoost,H5,32,2023-09-26,2023-10-04,58478.0,-0.0384589076233797,0.0015421292046085,56229.0,58568.180631627096,0.0,58478.0,2339.180631627096,5471766.02737934,-1,1,2485
XGBoost,H6,32,2023-09-26,2023-10-05,58478.0,-0.040459660043093,0.001808810979127884,56112.0,58583.77564843744,0.0,58478.0,2471.7756484374404,6109674.856208329,-1,1,2484
XGBoost,H7,32,2023-09-26,2023-10-06,58478.0,-0.032422449468176,0.0020681489259004593,56582.0,58598.94121288881,0.0,58478.0,2016.941212888807,4068051.856249372,-1,1,2483
XGBoost,H1,33,2023-09-27,2023-09-28,57759.0,-0.0106130646306202,0.0003148659598082304,57146.0,57777.18634297256,0.0,57759.0,631.1863429725636,398396.19955507864,-1,1,2490
XGBoost,H2,33,2023-09-27,2023-09-29,57759.0,-0.0120846967572153,0.0006299254600889981,57061.0,57795.38386464928,0.0,57759.0,734.3838646492804,539319.6606572126,-1,1,2489
XGBoost,H3,33,2023-09-27,2023-10-03,57759.0,-0.0237885004934296,0.0009155018487945199,56385.0,57811.87847128452,0.0,57759.0,1426.8784712845227,2035982.1718152564,-1,1,2488
XGBoost,H4,33,2023-09-27,2023-10-04,57759.0,-0.0264893782787097,0.0012459838762879372,56229.0,57830.966782710515,0.0,57759.0,1601.966782710515,2566297.572907878,-1,1,2487
XGBoost,H5,33,2023-09-27,2023-10-05,57759.0,-0.0285150366176699,0.0015257365303114057,56112.0,57847.12501625426,0.0,57759.0,1735.1250162542565,3010658.822031334,-1,1,2486
XGBoost,H6,33,2023-09-27,2023-10-06,57759.0,-0.0203777766235565,0.0017978958785533905,56582.0,57862.844668049365,0.0,57759.0,1280.8446680493653,1640563.0636704888,-1,1,2485
XGBoost,H7,33,2023-09-27,2023-10-09,57759.0,-0.0085008396959781,0.002057076897472143,57268.0,57877.81470452109,0.0,57759.0,609.8147045210935,371873.9738501486,-1,1,2484
XGBoost,H1,34,2023-09-28,2023-09-29,57146.0,-0.0014874181919994,0.0003100505273323506,57061.0,57163.718147434935,0.0,57146.0,102.71814743493451,10551.017812464943,-1,1,2491
XGBoost,H2,34,2023-09-28,2023-10-03,57146.0,-0.0133167675777832,0.0006570479599758983,56385.0,57183.54766272078,0.0,57146.0,798.5476627207827,637678.3696368249,-1,1,2490
XGBoost,H3,34,2023-09-28,2023-10-04,57146.0,-0.0160466174360409,0.0009044642793014646,56229.0,57197.68651570496,0.0,57146.0,968.6865157049615,938353.5657086186,-1,1,2489
XGBoost,H4,34,2023-09-28,2023-10-05,57146.0,-0.0180940048297343,0.0012302941177040339,56112.0,57216.306387650315,0.0,57146.0,1104.3063876503147,1219492.5978052872,-1,1,2488
XGBoost,H5,34,2023-09-28,2023-10-06,57146.0,-0.0098694571798551,0.0015133919660001993,56582.0,57232.48429728905,0.0,57146.0,650.4842972890474,423129.8210196258,-1,1,2487
XGBoost,H6,34,2023-09-28,2023-10-09,57146.0,0.0021348825814579,0.001766790053807199,57268.0,57246.964984414866,0.0,57146.0,21.035015585133806,442.47188066682213,1,1,2486
XGBoost,H7,34,2023-09-28,2023-10-10,57146.0,0.0038147901865397,0.0020420660730451345,57364.0,57262.69590781024,0.0,57146.0,101.30409218976274,10262.519094391948,1,1,2485
XGBoost,H1,35,2023-09-29,2023-10-03,57061.0,-0.0118469707856504,0.00036242909845896065,56385.0,57081.68056678717,0.0,57061.0,696.6805667871668,485363.81213888794,-1,1,2492
XGBoost,H2,35,2023-09-29,2023-10-04,57061.0,-0.0145808871208005,0.0006481899763457477,56229.0,57097.986368240265,0.0,57061.0,868.9863682402647,755137.308187405,-1,1,2491
XGBoost,H3,35,2023-09-29,2023-10-05,57061.0,-0.016631324372163,0.0009754042839631438,56112.0,57116.65754384722,0.0,57061.0,1004.657543847221,1009336.7804091307,-1,1,2490
XGBoost,H4,35,2023-09-29,2023-10-06,57061.0,-0.0083945251572877,0.0012186110252514482,56582.0,57130.53516371187,0.0,57061.0,548.5351637118729,300890.8258284112,-1,1,2489
XGBoost,H5,35,2023-09-29,2023-10-09,57061.0,0.0036276966754875,0.0014992154901847243,57268.0,57146.54673508543,0.0,57061.0,121.45326491456944,14750.895558408585,1,1,2488
XGBoost,H6,35,2023-09-29,2023-10-10,57061.0,0.0053101067278877,0.0017537963576614857,57364.0,57161.07337396452,0.0,57061.0,202.92662603547797,41179.21555414273,1,1,2487
XGBoost,H7,35,2023-09-29,2023-10-11,57061.0,0.0100769352096878,0.0020201795268803835,57636.0,57176.27346398332,0.0,57061.0,459.72653601667844,211348.48791789432,1,1,2486
XGBoost,H1,36,2023-10-03,2023-10-04,56385.0,-0.0027666932694865,0.00034974253503605723,56229.0,56404.72023283801,0.0,56385.0,175.7202328380081,30877.600228643776,-1,1,2493
XGBoost,H2,36,2023-10-03,2023-10-05,56385.0,-0.0048417132216015,0.0006325866561383009,56112.0,56420.66839860636,0.0,56385.0,308.6683986063581,95276.18029821357,-1,1,2492
XGBoost,H3,36,2023-10-03,2023-10-06,56385.0,0.0034938370133901,0.000965793791692704,56582.0,56439.45628294459,0.0,56385.0,142.5437170554069,20318.711271971897,1,1,2491
XGBoost,H4,36,2023-10-03,2023-10-09,56385.0,0.0156601933138245,0.001202449668198824,57268.0,56452.80012454139,0.0,56385.0,815.1998754586093,664550.8369477321,1,1,2490
XGBoost,H5,36,2023-10-03,2023-10-10,56385.0,0.0173627737873547,0.0015037159901112318,57364.0,56469.78702610242,0.0,56385.0,894.2129738975782,799616.8426867508,1,1,2489
XGBoost,H6,36,2023-10-03,2023-10-11,56385.0,0.0221867517956904,0.001735434401780367,57636.0,56482.852468744386,0.0,56385.0,1153.147531255614,1329749.2288409173,1,1,2488
XGBoost,H7,36,2023-10-03,2023-10-12,56385.0,0.0217788418905737,0.0020299723837524652,57613.0,56499.45999285788,0.0,56385.0,1113.5400071421172,1239971.3475060666,1,1,2487
XGBoost,H1,37,2023-10-04,2023-10-05,56229.0,-0.0020807768233473,0.00034241171670146286,56112.0,56248.25346841841,0.0,56229.0,136.25346841840656,18565.007656045713,-1,1,2494
XGBoost,H2,37,2023-10-04,2023-10-06,56229.0,0.0062778993046292,0.000634864263702184,56582.0,56264.69778268371,0.0,56229.0,317.3022173162899,100680.69711383406,1,1,2493
XGBoost,H3,37,2023-10-04,2023-10-09,56229.0,0.0184780095680165,0.0009685499826446176,57268.0,56283.460596974124,0.0,56229.0,984.5394030258758,969317.8361105479,1,1,2492
XGBoost,H4,37,2023-10-04,2023-10-10,56229.0,0.0201853136281988,0.0011918679811060429,57364.0,56296.01754470961,0.0,56229.0,1067.9824552903883,1140586.5248080862,1,1,2491
XGBoost,H5,37,2023-10-04,2023-10-11,56229.0,0.0250226751320492,0.0014605566393584013,57636.0,56311.12563927448,0.0,56229.0,1324.8743607255165,1755292.071707846,1,1,2490
XGBoost,H6,37,2023-10-04,2023-10-12,56229.0,0.0246136335342972,0.0017321412451565266,57613.0,56326.396570073906,0.0,56229.0,1286.6034299260937,1655348.3858975887,1,1,2489
XGBoost,H7,37,2023-10-04,2023-10-13,56229.0,0.0491561293994202,0.0020105326548218727,58993.0,56342.05024064798,0.0,56229.0,2650.949759352021,7027534.6266085375,1,1,2488
XGBoost,H1,38,2023-10-05,2023-10-06,56112.0,0.0083761049329911,0.0003483368782326579,56582.0,56131.54587891139,0.0,56112.0,450.4541210886091,202908.9152057113,1,1,2495
XGBoost,H2,38,2023-10-05,2023-10-09,56112.0,0.0206016538351867,0.0006197129259817302,57268.0,56146.77333170269,0.0,56112.0,1121.2266682973132,1257149.241701093,1,1,2494
XGBoost,H3,38,2023-10-05,2023-10-10,56112.0,0.0223125178214997,0.0009492695680819452,57364.0,56165.265414004214,0.0,56112.0,1198.734585995786,1436964.6076624882,1,1,2493
XGBoost,H4,38,2023-10-05,2023-10-11,56112.0,0.0271599657827201,0.0011839503422379494,57636.0,56178.433821603656,0.0,56112.0,1457.5661783963442,2124499.1644049236,1,1,2492
XGBoost,H5,38,2023-10-05,2023-10-12,56112.0,0.0267500712859993,0.0014555278467014432,57613.0,56193.67257853411,0.0,56112.0,1419.3274214658886,2014490.3293250082,1,1,2491
XGBoost,H6,38,2023-10-05,2023-10-13,56112.0,0.0513437410892501,0.0017093401402235031,58993.0,56207.91449394822,0.0,56112.0,2785.085506051779,7756701.276019692,1,1,2490
XGBoost,H7,38,2023-10-05,2023-10-16,56112.0,0.0513437410892501,0.001992432866245508,58993.0,56223.79939299077,0.0,56112.0,2769.200607009232,7668472.001860299,1,1,2489
XGBoost,H1,39,2023-10-06,2023-10-09,56582.0,0.0121239970308579,0.0003071087412536144,57268.0,56599.37682679761,0.0,56582.0,668.623173202388,447056.9477432305,1,1,2496
XGBoost,H2,39,2023-10-06,2023-10-10,56582.0,0.0138206496765755,0.000611894007306546,57364.0,56616.62218672142,0.0,56582.0,747.377813278581,558573.5957810736,1,1,2495
XGBoost,H3,39,2023-10-06,2023-10-11,56582.0,0.0186278321727757,0.000883755914401263,57636.0,56632.00467714865,0.0,56582.0,1003.9953228513477,1008006.608307382,1,1,2494
XGBoost,H4,39,2023-10-06,2023-10-12,56582.0,0.0182213424764059,0.0011847327696159482,57613.0,56649.03454957041,0.0,56582.0,963.9654504295904,929229.3896219231,1,1,2493
XGBoost,H5,39,2023-10-06,2023-10-13,56582.0,0.0426107242585982,0.0014677760191261768,58993.0,56665.0497027142,0.0,56582.0,2327.9502972858027,5419352.586633057,1,1,2492
XGBoost,H6,39,2023-10-06,2023-10-16,56582.0,0.0426107242585982,0.0017062437254935503,58993.0,56678.542682475876,0.0,56582.0,2314.457317524124,5356712.674640964,1,1,2491
XGBoost,H7,39,2023-10-06,2023-10-17,56582.0,0.0413559082393695,0.0019783000461757183,58922.0,56693.936173212714,0.0,56582.0,2228.0638267872855,4964268.416238003,1,1,2490
XGBoost,H1,40,2023-10-09,2023-10-10,57268.0,0.0016763288398407,0.000311944168061018,57364.0,57285.86441861652,0.0,57268.0,78.13558138348162,6105.16907813468,1,1,2497
XGBoost,H2,40,2023-10-09,2023-10-11,57268.0,0.0064259272193896,0.000616596604231745,57636.0,57303.31125433114,0.0,57268.0,332.6887456688564,110681.80149471703,1,1,2496
XGBoost,H3,40,2023-10-09,2023-10-12,57268.0,0.0060243067681777,0.0008865582058206201,57613.0,57318.771415330935,0.0,57268.0,294.22858466906473,86570.460036361,1,1,2495
XGBoost,H4,40,2023-10-09,2023-10-13,57268.0,0.0301215338408884,0.0011906559811905026,58993.0,57336.18648673082,0.0,57268.0,1656.8135132691823,2745031.017751371,1,1,2494
XGBoost,H5,40,2023-10-09,2023-10-16,57268.0,0.0301215338408884,0.0014522038400173187,58993.0,57351.16480951011,0.0,57268.0,1641.8351904898882,2695622.7927309675,1,1,2493
XGBoost,H6,40,2023-10-09,2023-10-17,57268.0,0.0288817489697561,0.001683119684457779,58922.0,57364.38889808953,0.0,57268.0,1557.611101910472,2426152.3447947544,1,1,2492
XGBoost,H7,40,2023-10-09,2023-10-18,57268.0,0.0421177621009987,0.0019457607995718718,59680.0,57379.42982946988,0.0,57268.0,2300.570170530118,5292623.1095329765,1,1,2491
XGBoost,H1,41,2023-10-10,2023-10-11,57364.0,0.004741649815215,0.0003124670765828341,57636.0,57381.9243613811,0.0,57364.0,254.0756386189023,64554.43013960304,1,1,2498
XGBoost,H2,41,2023-10-10,2023-10-12,57364.0,0.0043407014852521,0.0006185275851748884,57613.0,57399.48121639597,0.0,57364.0,213.5187836040277,45590.27095174361,1,1,2497
XGBoost,H3,41,2023-10-10,2023-10-13,57364.0,0.0283976012830347,0.0008950673509389162,58993.0,57415.34464351926,0.0,57364.0,1577.65535648074,2488996.423832371,1,1,2496
XGBoost,H4,41,2023-10-10,2023-10-16,57364.0,0.0283976012830347,0.001198402140289545,58993.0,57432.74514037557,0.0,57364.0,1560.2548596244305,2434395.2269816515,1,1,2495
XGBoost,H5,41,2023-10-10,2023-10-17,57364.0,0.0271598912209747,0.001453702338039875,58922.0,57447.39018091932,0.0,57364.0,1474.6098190806806,2174474.1185291577,1,1,2494
XGBoost,H6,41,2023-10-10,2023-10-18,57364.0,0.0403737535736699,0.0016859675524756312,59680.0,57460.71384268021,0.0,57364.0,2219.286157319788,4925231.048071231,1,1,2493
XGBoost,H7,41,2023-10-10,2023-10-19,57364.0,0.0448190502754339,0.0019464255310595036,59935.0,57475.6547541637,0.0,57364.0,2459.3452458363026,6048379.038217624,1,1,2492
XGBoost,H1,42,2023-10-11,2023-10-12,57636.0,-0.0003990561454646,0.00032311270479112864,57613.0,57654.62292385334,0.0,57636.0,41.62292385334149,1732.4677901010639,-1,1,2499
XGBoost,H2,42,2023-10-11,2023-10-13,57636.0,0.0235443125824137,0.0006230520084500313,58993.0,57671.910225559026,0.0,57636.0,1321.089774440974,1745278.1921325035,1,1,2498
XGBoost,H3,42,2023-10-11,2023-10-16,57636.0,0.0235443125824137,0.00090041320072487,58993.0,57687.89621523698,0.0,57636.0,1305.1037847630214,1703295.889002763,1,1,2497
XGBoost,H4,42,2023-10-11,2023-10-17,57636.0,0.0223124436116315,0.0012068406213074923,58922.0,57705.55746604968,0.0,57636.0,1216.4425339503214,1479732.4384034788,1,1,2496
XGBoost,H5,42,2023-10-11,2023-10-18,57636.0,0.0354639461447705,0.0014632239472121,59680.0,57720.33437542152,0.0,57636.0,1959.6656245784834,3840289.3601545775,1,1,2495
XGBoost,H6,42,2023-10-11,2023-10-19,57636.0,0.0398882642792699,0.0016943751834332943,59935.0,57733.65700807236,0.0,57636.0,2201.3429919276386,4845910.968108928,1,1,2494
XGBoost,H7,42,2023-10-11,2023-10-20,57636.0,0.0480428898605038,0.0019548151176422834,60405.0,57748.66772412043,0.0,57636.0,2656.3322758795694,7056101.159879533,1,1,2493
XGBoost,H1,43,2023-10-12,2023-10-13,57613.0,0.0239529272907157,0.0003229542344342917,58993.0,57631.60636230846,0.0,57613.0,1361.3936376915372,1853392.6367469963,1,1,2500
XGBoost,H2,43,2023-10-12,2023-10-16,57613.0,0.0239529272907157,0.0006246206467039883,58993.0,57648.98626931856,0.0,57613.0,1344.0137306814431,1806372.9082602507,1,1,2499
XGBoost,H3,43,2023-10-12,2023-10-17,57613.0,0.0227205665388019,0.0009060392039828002,58922.0,57665.19963665906,0.0,57613.0,1256.800363340939,1579547.153293916,1,1,2498
XGBoost,H4,43,2023-10-12,2023-10-18,57613.0,0.0358773193550066,0.001213893759995699,59680.0,57682.93606119463,0.0,57613.0,1997.0639388053678,3988264.37567681,1,1,2497
XGBoost,H5,43,2023-10-12,2023-10-19,57613.0,0.0403034037456824,0.001495984150096774,59935.0,57699.188134839525,0.0,57613.0,2235.8118651604746,4998854.69639236,1,1,2496
XGBoost,H6,43,2023-10-12,2023-10-20,57613.0,0.0484612847794767,0.0017272356199100614,60405.0,57712.51122576988,0.0,57613.0,2692.4887742301216,7249495.799355223,1,1,2495
XGBoost,H7,43,2023-10-12,2023-10-23,57613.0,0.0484092131984101,0.001990850316360593,60402.0,57727.69885927648,0.0,57613.0,2674.301140723517,7151886.591275105,1,1,2494
XGBoost,H1,44,2023-10-13,2023-10-16,58993.0,0.0,0.0002553084341343492,58993.0,59008.06141045489,0.0,58993.0,15.061410454887664,226.84608489059943,0,1,2501
XGBoost,H2,44,2023-10-13,2023-10-17,58993.0,-0.0012035326225144,0.00047508394345641136,58922.0,59021.026627076324,0.0,58993.0,99.02662707632408,9806.27287011336,-1,1,2500
XGBoost,H3,44,2023-10-13,2023-10-18,58993.0,0.0116454494601054,0.0007686315220780671,59680.0,59038.34387938195,0.0,58993.0,641.6561206180486,411722.57712660375,1,1,2499
XGBoost,H4,44,2023-10-13,2023-10-19,58993.0,0.0159679962029393,0.0010010295081883669,59935.0,59052.053733776556,0.0,58993.0,882.9462662234437,779594.1090379203,1,1,2498
XGBoost,H5,44,2023-10-13,2023-10-20,58993.0,0.0239350431407117,0.001288982224650681,60405.0,59069.04092837882,0.0,58993.0,1335.9590716211824,1784786.6410469315,1,1,2497
XGBoost,H6,44,2023-10-13,2023-10-23,58993.0,0.0238841896496193,0.0016894021537154913,60402.0,59092.66290125414,0.0,58993.0,1309.337098745862,1714363.6381522312,1,1,2496
XGBoost,H7,44,2023-10-13,2023-10-24,58993.0,0.0230196803010527,0.0019776371773332357,60351.0,59109.66675000242,0.0,58993.0,1241.3332499975804,1540908.2375495555,1,1,2495
XGBoost,H1,45,2023-10-16,2023-10-17,58993.0,-0.0012035326225144,0.00031574946478940547,58922.0,59011.62700817632,0.0,58993.0,89.6270081763214,8033.000594638383,-1,1,2502
XGBoost,H2,45,2023-10-16,2023-10-18,58993.0,0.0116454494601054,0.0006392915965989232,59680.0,59030.71372915816,0.0,58993.0,649.2862708418397,421572.66150370287,1,1,2501
XGBoost,H3,45,2023-10-16,2023-10-19,58993.0,0.0159679962029393,0.0009292211616411805,59935.0,59047.8175439887,0.0,58993.0,887.1824560113018,787092.7102542456,1,1,2500
XGBoost,H4,45,2023-10-16,2023-10-20,58993.0,0.0239350431407117,0.0012395544908940792,60405.0,59066.125038081314,0.0,58993.0,1338.8749619186856,1792586.1636527618,1,1,2499
XGBoost,H5,45,2023-10-16,2023-10-23,58993.0,0.0238841896496193,0.0015092154499143362,60402.0,59082.0331470368,0.0,58993.0,1319.9668529632036,1742312.4929215834,1,1,2498
XGBoost,H6,45,2023-10-16,2023-10-24,58993.0,0.0230196803010527,0.0017370961140841246,60351.0,59095.476511058165,0.0,58993.0,1255.5234889418352,1576339.2312846787,1,1,2497
XGBoost,H7,45,2023-10-16,2023-10-25,58993.0,0.0281219805739663,0.0019946617539972067,60652.0,59110.67108085356,0.0,58993.0,1541.3289191464428,2375694.8369971416,1,1,2496
XGBoost,H1,46,2023-10-17,2023-10-18,58922.0,0.0128644648857811,0.00032943653059192,59680.0,58941.41105925554,0.0,58922.0,738.5889407444629,545513.6233900277,1,1,2503
XGBoost,H2,46,2023-10-17,2023-10-19,58922.0,0.0171922202233461,0.0006385119049809873,59935.0,58959.62239846529,0.0,58922.0,975.3776015347103,951361.465575604,1,1,2502
XGBoost,H3,46,2023-10-17,2023-10-20,58922.0,0.0251688673161127,0.0009315640782006085,60405.0,58976.889618615736,0.0,58922.0,1428.1103813842637,2039499.2614175072,1,1,2501
XGBoost,H4,46,2023-10-17,2023-10-23,58922.0,0.0251179525474356,0.0012504926417022943,60402.0,58995.68152743438,0.0,58922.0,1406.3184725656174,1977731.6462792912,1,1,2500
XGBoost,H5,46,2023-10-17,2023-10-24,58922.0,0.0242524014799225,0.0015160857001319528,60351.0,59011.330801623175,0.0,58922.0,1339.669198376825,1794713.561079605,1,1,2499
XGBoost,H6,46,2023-10-17,2023-10-25,58922.0,0.0293608499372051,0.0017475123750045896,60652.0,59024.96692416002,0.0,58922.0,1627.0330758399796,2647236.6298773047,1,1,2498
XGBoost,H7,46,2023-10-17,2023-10-26,58922.0,0.0307694918706085,0.0020106087904423475,60735.0,59040.469091150444,0.0,58922.0,1694.530908849556,2871435.001046502,1,1,2497
XGBoost,H1,47,2023-10-18,2023-10-19,59680.0,0.0042727882037534,0.00029478524811565876,59935.0,59697.59278360754,0.0,59680.0,237.40721639245749,56362.18639521513,1,1,2504
XGBoost,H2,47,2023-10-18,2023-10-20,59680.0,0.0121481233243967,0.0006441555451601744,60405.0,59718.44320293516,0.0,59680.0,686.5567970648408,471360.235595933,1,1,2503
XGBoost,H3,47,2023-10-18,2023-10-23,59680.0,0.012097855227882,0.0009336629300378263,60402.0,59735.72100366466,0.0,59680.0,666.2789963353425,443927.7009576314,1,1,2502
XGBoost,H4,47,2023-10-18,2023-10-24,59680.0,0.0112432975871312,0.001259406330063939,60351.0,59755.161369778216,0.0,59680.0,595.8386302217841,355023.673264572,1,1,2501
XGBoost,H5,47,2023-10-18,2023-10-25,59680.0,0.0162868632707775,0.0015298667130991817,60652.0,59771.30244543776,0.0,59680.0,880.6975545622408,775628.1826119112,1,1,2500
XGBoost,H6,47,2023-10-18,2023-10-26,59680.0,0.0176776139410188,0.0017728765960782766,60735.0,59785.80527525395,0.0,59680.0,949.1947247460485,900970.6254857266,1,1,2499
XGBoost,H7,47,2023-10-18,2023-10-27,59680.0,0.021313672922252,0.0020282119512557983,60952.0,59801.043689250946,0.0,59680.0,1150.956310749054,1324700.429253073,1,1,2498
XGBoost,H1,48,2023-10-19,2023-10-20,59935.0,0.0078418286477017,0.00033589504892006516,60405.0,59955.131869757024,0.0,59935.0,449.8681302429759,202381.33460831112,1,1,2505
XGBoost,H2,48,2023-10-19,2023-10-23,59935.0,0.0077917744222908,0.0006535826250910759,60402.0,59974.17247463483,0.0,59935.0,427.82752536516637,183036.39146008206,1,1,2504
XGBoost,H3,48,2023-10-19,2023-10-24,59935.0,0.006940852590306,0.0009399579139426351,60351.0,59991.33637757215,0.0,59935.0,359.66362242784817,129357.92129792173,1,1,2503
XGBoost,H4,48,2023-10-19,2023-10-25,59935.0,0.011962959873196,0.0012626448879018426,60652.0,60010.6766213564,0.0,59935.0,641.3233786436031,411295.6759948463,1,1,2502
XGBoost,H5,48,2023-10-19,2023-10-26,59935.0,0.0133477934428964,0.0015527597861364484,60735.0,60028.06465778209,0.0,59935.0,706.935342217912,499757.5780767563,1,1,2501
XGBoost,H6,48,2023-10-19,2023-10-27,59935.0,0.0169683824142821,0.0017933548660948873,60952.0,60042.4847238994,0.0,59935.0,909.5152761006029,827218.037460356,1,1,2500
XGBoost,H7,48,2023-10-19,2023-10-30,59935.0,0.0190539751397347,0.002045639557763934,61077.0,60057.60540689458,0.0,59935.0,1019.3945931054186,1039165.336452562,1,1,2499
XGBoost,H1,49,2023-10-20,2023-10-23,60405.0,-4.966476285073185e-05,0.00031578788184560835,60402.0,60424.075167002884,0.0,60405.0,22.075167002883973,487.31299820521735,-1,1,2506
XGBoost,H2,49,2023-10-20,2023-10-24,60405.0,-0.0008939657313136,0.0006591679994016886,60351.0,60444.81704300386,0.0,60405.0,93.817043003859,8801.63755798793,-1,1,2505
XGBoost,H3,49,2023-10-20,2023-10-25,60405.0,0.0040890654747123,0.0010043680667877197,60652.0,60465.66885307431,0.0,60405.0,186.3311469256878,34719.29631464225,1,1,2504
XGBoost,H4,49,2023-10-20,2023-10-26,60405.0,0.0054631239135833,0.0012720631202682853,60735.0,60481.838972779806,0.0,60405.0,253.16102722019423,64090.505703183924,1,1,2503
XGBoost,H5,49,2023-10-20,2023-10-27,60405.0,0.0090555417597881,0.0015618434408679605,60952.0,60499.34315304563,0.0,60405.0,452.65684695437085,204898.2210946727,1,1,2502
XGBoost,H6,49,2023-10-20,2023-10-30,60405.0,0.0111249068785697,0.0018105116905644536,61077.0,60514.363958668546,0.0,60405.0,562.6360413314542,316559.31500512984,1,1,2501
XGBoost,H7,49,2023-10-20,2023-10-31,60405.0,0.0078470325304196,0.002077733865007758,60879.0,60530.50551411579,0.0,60405.0,348.49448588420637,121448.40669169731,1,1,2500
XGBoost,H1,50,2023-10-23,2023-10-24,60402.0,-0.0008443429025528,0.0003485947090666741,60351.0,60423.055817617045,0.0,60402.0,72.05581761704525,5192.040852460888,-1,1,2507
XGBoost,H2,50,2023-10-23,2023-10-25,60402.0,0.004138935796828,0.0007440242916345596,60652.0,60446.94055526331,0.0,60402.0,205.05944473668933,42049.37587571934,1,1,2506
XGBoost,H3,50,2023-10-23,2023-10-26,60402.0,0.0055130624813748,0.0009538701269775629,60735.0,60459.6156634097,0.0,60402.0,275.38433659030125,75836.53283928033,1,1,2505
XGBoost,H4,50,2023-10-23,2023-10-27,60402.0,0.0091056587530213,0.0012812227942049503,60952.0,60479.38841921557,0.0,60402.0,472.6115807844326,223361.70629156026,1,1,2504
XGBoost,H5,50,2023-10-23,2023-10-30,60402.0,0.0111751266514352,0.0015709972940385342,61077.0,60496.891378554516,0.0,60402.0,580.1086214454845,336526.0126753804,1,1,2503
XGBoost,H6,50,2023-10-23,2023-10-31,60402.0,0.0078970895003476,0.0018140036845579743,60879.0,60511.56945055467,0.0,60402.0,367.43054944532923,135005.20866569653,1,1,2502
XGBoost,H7,50,2023-10-23,2023-11-01,60402.0,0.0058772888314957,0.002074554795399308,60757.0,60527.30725875171,0.0,60402.0,229.692741248291,52758.755382154355,1,1,2501
XGBoost,H1,51,2023-10-24,2023-10-25,60351.0,0.004987489851038,0.0003387402684893459,60652.0,60371.4433139436,0.0,60351.0,280.5566860563995,78712.0540909491,1,1,2508
XGBoost,H2,51,2023-10-24,2023-10-26,60351.0,0.0063627777501615,0.0006643224623985589,60735.0,60391.092524928215,0.0,60351.0,343.9074750717846,118272.35141025014,1,1,2507
XGBoost,H3,51,2023-10-24,2023-10-27,60351.0,0.0099584099683518,0.0009562444756738842,60952.0,60408.710310351395,0.0,60351.0,543.2896896486054,295163.686878478,1,1,2506
XGBoost,H4,51,2023-10-24,2023-10-30,60351.0,0.0120296266838992,0.001285299425944686,61077.0,60428.56910565519,0.0,60351.0,648.4308943448123,420462.6247408131,1,1,2505
XGBoost,H5,51,2023-10-24,2023-10-31,60351.0,0.0087488194064722,0.0015795647632330656,60879.0,60446.32831302588,0.0,60351.0,432.67168697412126,187204.78870903197,1,1,2504
XGBoost,H6,51,2023-10-24,2023-11-01,60351.0,0.0067273118920978,0.0018228598637506366,60757.0,60461.011415637215,0.0,60351.0,295.98858436278533,87609.24207308568,1,1,2503
XGBoost,H7,51,2023-10-24,2023-11-02,60351.0,0.0075226591108681,0.002086206106469035,60805.0,60476.90462473151,0.0,60351.0,328.09537526848726,107646.57527256948,1,1,2502
XGBoost,H1,52,2023-10-25,2023-10-26,60652.0,0.0013684627052694,0.0003356839588377625,60735.0,60672.35990347143,0.0,60652.0,62.64009652857203,3923.781693108822,1,1,2509
XGBoost,H2,52,2023-10-25,2023-10-27,60652.0,0.0049462507419375,0.0006642381777055562,60952.0,60692.2873739542,0.0,60652.0,259.7126260458026,67450.64812760691,1,1,2508
XGBoost,H3,52,2023-10-25,2023-10-30,60652.0,0.0070071885510782,0.0009575025178492069,61077.0,60710.07444271259,0.0,60652.0,366.9255572874099,134634.36459067633,1,1,2507
XGBoost,H4,52,2023-10-25,2023-10-31,60652.0,0.0037426630613994,0.0012895759427919984,60879.0,60730.21536008222,0.0,60652.0,148.7846399177797,22136.869075463368,1,1,2506
XGBoost,H5,52,2023-10-25,2023-11-01,60652.0,0.0017311877596781,0.0015868634218350053,60757.0,60748.24644026114,0.0,60652.0,8.75355973886326,76.62480810184782,1,1,2505
XGBoost,H6,52,2023-10-25,2023-11-02,60652.0,0.0025225878783881,0.001822314690798521,60805.0,60762.52703062631,0.0,60652.0,42.4729693736881,1803.9531274182475,1,1,2504
XGBoost,H7,52,2023-10-25,2023-11-03,60652.0,0.0029182879377431,0.002097019460052252,60829.0,60779.18842429109,0.0,60652.0,49.81157570891082,2481.1930746045546,1,1,2503
XGBoost,H1,53,2023-10-26,2023-10-27,60735.0,0.0035728986581049,0.0003389235935173929,60952.0,60755.58452445228,0.0,60735.0,196.41547554772114,38579.03903463744,1,1,2510
XGBoost,H2,53,2023-10-26,2023-10-30,60735.0,0.0056310200049394,0.0006673327879980206,61077.0,60775.53045687906,0.0,60735.0,301.4695431209402,90883.88542954843,1,1,2509
XGBoost,H3,53,2023-10-26,2023-10-31,60735.0,0.0023709557915534,0.0009595467709004879,60879.0,60793.27807313064,0.0,60735.0,85.72192686935887,7348.24874619571,1,1,2508
XGBoost,H4,53,2023-10-26,2023-11-01,60735.0,0.0003622293570428,0.001293581328354776,60757.0,60813.56566197763,0.0,60735.0,56.565661977627315,3199.6741149671925,1,1,2507
XGBoost,H5,53,2023-10-26,2023-11-02,60735.0,0.0011525479542273,0.0015860657440498471,60805.0,60831.32970296487,0.0,60735.0,26.329702964867465,693.2532582181506,1,1,2506
XGBoost,H6,53,2023-10-26,2023-11-03,60735.0,0.0015477072528196,0.0018396958475932479,60829.0,60846.733927303576,0.0,60735.0,17.73392730357591,314.4921776085152,1,1,2505
XGBoost,H7,53,2023-10-26,2023-11-06,60735.0,0.0013665925742982,0.0021085552871227264,60818.0,60863.0631053634,0.0,60735.0,45.06310536339879,2030.6834649927807,1,1,2504
XGBoost,H1,54,2023-10-27,2023-10-30,60952.0,0.002050794067463,0.0003473895776551217,61077.0,60973.174089537235,0.0,60952.0,103.82591046276502,10779.8196834221,1,1,2511
XGBoost,H2,54,2023-10-27,2023-10-31,60952.0,-0.0011976637353983,0.0006730544264428318,60879.0,60993.02401340054,0.0,60952.0,114.02401340054348,13001.47563196732,-1,1,2510
XGBoost,H3,54,2023-10-27,2023-11-01,60952.0,-0.0031992387452421,0.0009628959815017879,60757.0,61010.6904358645,0.0,60952.0,253.69043586449698,64358.83724911846,-1,1,2509
XGBoost,H4,54,2023-10-27,2023-11-02,60952.0,-0.0024117338233363,0.0012966636568307877,60805.0,61031.03424321115,0.0,60952.0,226.03424321115017,51091.47910403739,-1,1,2508
XGBoost,H5,54,2023-10-27,2023-11-03,60952.0,-0.0020179813623835,0.0015901062870398164,60829.0,61048.92015840765,0.0,60952.0,219.9201584076509,48364.87607404626,-1,1,2507
XGBoost,H6,54,2023-10-27,2023-11-06,60952.0,-0.0021984512403202,0.0018513461109250784,60818.0,61064.843248153105,0.0,60952.0,246.84324815310538,60931.58915877556,-1,1,2506
XGBoost,H7,54,2023-10-27,2023-11-07,60952.0,-0.0096305289408058,0.0021167288068681955,60365.0,61081.01885423623,0.0,60952.0,716.0188542362303,512682.99962176394,-1,1,2505
XGBoost,H1,55,2023-10-30,2023-10-31,61077.0,-0.0032418095191315,0.00034086781670339406,60879.0,61097.81918364079,0.0,61077.0,218.8191836407932,47881.835129223175,-1,1,2512
XGBoost,H2,55,2023-10-30,2023-11-01,61077.0,-0.0052392881117278,0.0007032369612716138,60757.0,61119.951603883586,0.0,61077.0,362.95160388358636,131733.86676166777,-1,1,2511
XGBoost,H3,55,2023-10-30,2023-11-02,61077.0,-0.0044533948949686,0.0009818323887884617,60805.0,61136.96737681003,0.0,61077.0,331.9673768100329,110202.33926613435,-1,1,2510
XGBoost,H4,55,2023-10-30,2023-11-03,61077.0,-0.004060448286589,0.0013007903471589088,60829.0,61156.448372033425,0.0,61077.0,327.4483720334247,107222.43634734009,-1,1,2509
XGBoost,H5,55,2023-10-30,2023-11-06,61077.0,-0.0042405488154296,0.0015985106583684683,60818.0,61174.63223548117,0.0,61077.0,356.63223548117094,127186.55138429736,-1,1,2508
XGBoost,H6,55,2023-10-30,2023-11-07,61077.0,-0.0116574160485943,0.0018550241366028786,60365.0,61190.299309191294,0.0,61077.0,825.299309191294,681118.9497516272,-1,1,2507
XGBoost,H7,55,2023-10-30,2023-11-08,61077.0,-0.0169294497110205,0.0021234038285911083,60043.0,61206.69113563886,0.0,61077.0,1163.6911356388591,1354177.0591644577,-1,1,2506
XGBoost,H1,56,2023-10-31,2023-11-01,60879.0,-0.0020039750981455,0.0003650049911811948,60757.0,60901.22113885812,0.0,60879.0,144.22113885811996,20799.736893533118,-1,1,2513
XGBoost,H2,56,2023-10-31,2023-11-02,60879.0,-0.001215525879203,0.0006978618912398815,60805.0,60921.48513407679,0.0,60879.0,116.48513407679275,13568.786460888383,-1,1,2512
XGBoost,H3,56,2023-10-31,2023-11-03,60879.0,-0.0008213012697317,0.001045030658133328,60829.0,60942.6204214365,0.0,60879.0,113.62042143649887,12909.600167407612,-1,1,2511
XGBoost,H4,56,2023-10-31,2023-11-06,60879.0,-0.0010019875490727,0.0013017872115597129,60818.0,60958.251503652544,0.0,60879.0,140.25150365254376,19670.484276799496,-1,1,2510
XGBoost,H5,56,2023-10-31,2023-11-07,60879.0,-0.0084429770528424,0.0016012887936085463,60365.0,60976.484860466095,0.0,60879.0,611.4848604660947,373913.7345792393,-1,1,2509
XGBoost,H6,56,2023-10-31,2023-11-08,60879.0,-0.013732157229915,0.0018574646674096584,60043.0,60992.08059148723,0.0,60879.0,949.0805914872326,900753.9691377553,-1,1,2508
XGBoost,H7,56,2023-10-31,2023-11-09,60879.0,-0.0099870234399382,0.002125399885699153,60271.0,61008.39221964148,0.0,60879.0,737.3922196414787,543747.2855877868,-1,1,2507
XGBoost,H1,57,2023-11-01,2023-11-02,60757.0,0.0007900324242473,0.00035815552109852433,60805.0,60778.76045499538,0.0,60757.0,26.239545004616957,688.5137220493187,1,1,2514
XGBoost,H2,57,2023-11-01,2023-11-03,60757.0,0.0011850486363711,0.0006954583805054426,60829.0,60799.25396482437,0.0,60757.0,29.746035175630823,884.8266086698662,1,1,2513
XGBoost,H3,57,2023-11-01,2023-11-06,60757.0,0.0010039995391477,0.0010433746501803398,60818.0,60820.39231362101,0.0,60757.0,2.392313621006906,5.723164461255174,1,1,2512
XGBoost,H4,57,2023-11-01,2023-11-07,60757.0,-0.0064519314646871,0.0012995171127840877,60365.0,60835.95476122142,0.0,60757.0,470.9547612214228,221798.38711712736,-1,1,2511
XGBoost,H5,57,2023-11-01,2023-11-08,60757.0,-0.0117517323106802,0.001601330703124404,60043.0,60854.29204952973,0.0,60757.0,811.2920495297294,658194.7896301489,-1,1,2510
XGBoost,H6,57,2023-11-01,2023-11-09,60757.0,-0.007999078295505,0.0018593566492199898,60271.0,60869.96893193666,0.0,60757.0,598.9689319366589,358763.78142534196,-1,1,2509
XGBoost,H7,57,2023-11-01,2023-11-10,60757.0,-0.0174465493687969,0.002124299993738532,59697.0,60886.06609471957,0.0,60757.0,1189.066094719572,1413878.1776116542,-1,1,2508
XGBoost,H1,58,2023-11-02,2023-11-03,60805.0,0.0003947043828631,0.0003655462642200291,60829.0,60827.2270405959,0.0,60805.0,1.7729594041011296,3.1433850485906327,1,1,2515
XGBoost,H2,58,2023-11-02,2023-11-06,60805.0,0.0002137982073842,0.0006952221156097949,60818.0,60847.27298073965,0.0,60805.0,29.272980739653576,856.9074013841292,1,1,2514
XGBoost,H3,58,2023-11-02,2023-11-07,60805.0,-0.0072362470191595,0.0010410663671791553,60365.0,60868.30204045633,0.0,60805.0,503.30204045632854,253312.94392750377,-1,1,2513
XGBoost,H4,58,2023-11-02,2023-11-08,60805.0,-0.0125318641559082,0.0012980146566405892,60043.0,60883.92578119703,0.0,60805.0,840.925781197031,707156.169481837,-1,1,2512
XGBoost,H5,58,2023-11-02,2023-11-09,60805.0,-0.0087821725187073,0.001599238021299243,60271.0,60902.2416678851,0.0,60805.0,631.2416678851005,398466.0432743635,-1,1,2511
XGBoost,H6,58,2023-11-02,2023-11-10,60805.0,-0.0182221856755201,0.0018596169538795948,59697.0,60918.07400888065,0.0,60805.0,1221.0740088806488,1491021.7351638586,-1,1,2510
XGBoost,H7,58,2023-11-02,2023-11-12,60805.0,-0.0167749362716881,0.0021263768430799246,59785.0,60934.294343943475,0.0,60805.0,1149.2943439434748,1320877.4890204621,-1,1,2509
XGBoost,H1,59,2023-11-03,2023-11-06,60829.0,-0.0001808347991911,0.0003654637257568538,60818.0,60851.230792974064,0.0,60829.0,33.23079297406366,1104.2856016850787,-1,1,2516
XGBoost,H2,59,2023-11-03,2023-11-07,60829.0,-0.0076279406204277,0.0007091183797456324,60365.0,60872.13496192155,0.0,60829.0,507.1349619215471,257185.869603169,-1,1,2515
XGBoost,H3,59,2023-11-03,2023-11-08,60829.0,-0.0129214683785694,0.0010401328327134252,60043.0,60892.270240081125,0.0,60829.0,849.2702400811249,721259.9406874516,-1,1,2514
XGBoost,H4,59,2023-11-03,2023-11-09,60829.0,-0.0091732561771523,0.0012958022998645902,60271.0,60907.82235809846,0.0,60829.0,636.8223580984632,405542.71577408724,-1,1,2513
XGBoost,H5,59,2023-11-03,2023-11-10,60829.0,-0.0186095447894918,0.0015978837618604302,59697.0,60926.19767135021,0.0,60829.0,1229.197671350208,1510926.9152527743,-1,1,2512
XGBoost,H6,59,2023-11-03,2023-11-12,60829.0,-0.0171628663959624,0.0018591841217130423,59785.0,60942.09231093968,0.0,60829.0,1157.0923109396826,1338862.6160357352,-1,1,2511
XGBoost,H7,59,2023-11-03,2023-11-13,60829.0,-0.0161929342912098,0.0021267328411340714,59844.0,60958.367031993344,0.0,60829.0,1114.3670319933444,1241813.8819936556,-1,1,2510
XGBoost,H1,60,2023-11-06,2023-11-07,60818.0,-0.0074484527606958,0.0003471550589893013,60365.0,60839.11327637761,0.0,60818.0,474.1132763776113,224783.39883751326,-1,1,2517
XGBoost,H2,60,2023-11-06,2023-11-08,60818.0,-0.0127429379460027,0.0006672842428088188,60043.0,60858.58289307915,0.0,60818.0,815.5828930791467,665175.4554833509,-1,1,2516
XGBoost,H3,60,2023-11-06,2023-11-09,60818.0,-0.0089940478147916,0.0009614307200536132,60271.0,60876.47229353222,0.0,60818.0,605.4722935322206,366596.69823516754,-1,1,2515
XGBoost,H4,60,2023-11-06,2023-11-10,60818.0,-0.0184320431451214,0.0012950527016073465,59697.0,60896.762515206356,0.0,60818.0,1199.7625152063556,1439430.0928942806,-1,1,2514
XGBoost,H5,60,2023-11-06,2023-11-12,60818.0,-0.0169851030944786,0.0015954466070979834,59785.0,60915.031871750485,0.0,60818.0,1130.0318717504852,1276972.0311719049,-1,1,2513
XGBoost,H6,60,2023-11-06,2023-11-13,60818.0,-0.0160149955605248,0.0018575341673567891,59844.0,60930.971512990305,0.0,60818.0,1086.9715129903052,1181507.0700524333,-1,1,2512
XGBoost,H7,60,2023-11-06,2023-11-14,60818.0,-0.0120852379229833,0.002138496143743396,60083.0,60948.059058470186,0.0,60818.0,865.0590584701858,748327.1746413244,-1,1,2511
XGBoost,H1,61,2023-11-07,2023-11-08,60365.0,-0.005334216847511,0.0003307973383925855,60043.0,60384.96858133207,0.0,60365.0,341.9685813320684,116942.5106182675,-1,1,2518
XGBoost,H2,61,2023-11-07,2023-11-09,60365.0,-0.0015571937380932,0.0006604637019336224,60271.0,60404.86889136722,0.0,60365.0,133.8688913672231,17920.880075889385,-1,1,2517
XGBoost,H3,61,2023-11-07,2023-11-10,60365.0,-0.0110660150749606,0.0009581772028468549,59697.0,60422.84036684985,0.0,60365.0,725.8403668498504,526844.2381487254,-1,1,2516
XGBoost,H4,61,2023-11-07,2023-11-12,60365.0,-0.009608216681852,0.0012919141445308924,59785.0,60442.98639733461,0.0,60365.0,657.9863973346073,432946.0990773757,-1,1,2515
XGBoost,H5,61,2023-11-07,2023-11-13,60365.0,-0.008630829122836,0.0015913756797090173,59844.0,60461.063392905635,0.0,60365.0,617.0633929056348,380767.23086421384,-1,1,2514
XGBoost,H6,61,2023-11-07,2023-11-14,60365.0,-0.0046715812142797,0.0018516767304390669,60083.0,60476.776465832954,0.0,60365.0,393.7764658329543,155059.9050438918,-1,1,2513
XGBoost,H7,61,2023-11-07,2023-11-15,60365.0,-0.0040586432535409,0.0021339752711355686,60120.0,60493.8174172421,0.0,60365.0,373.8174172420986,139739.46143355322,-1,1,2512
XGBoost,H1,62,2023-11-08,2023-11-09,60043.0,0.003797278616991,0.00033562915632501245,60271.0,60063.15218143322,0.0,60043.0,207.84781856677728,43200.715682967966,1,1,2519
XGBoost,H2,62,2023-11-08,2023-11-10,60043.0,-0.0057625368485918,0.0006599896005354822,59697.0,60082.62775558495,0.0,60043.0,385.62775558495196,148708.76587748746,-1,1,2518
XGBoost,H3,62,2023-11-08,2023-11-12,60043.0,-0.0042969205402794,0.0009411373757757246,59785.0,60099.5087114537,0.0,60043.0,314.50871145370184,98915.72958026789,-1,1,2517
XGBoost,H4,62,2023-11-08,2023-11-13,60043.0,-0.0033142914244791,0.0012863320298492908,59844.0,60120.23523406824,0.0,60043.0,276.23523406824097,76305.90454073588,-1,1,2516
XGBoost,H5,62,2023-11-08,2023-11-14,60043.0,0.0006661892310511,0.0015848539769649506,60083.0,60138.15938733891,0.0,60043.0,55.15938733890653,3042.5580116035217,1,1,2515
XGBoost,H6,62,2023-11-08,2023-11-15,60043.0,0.0012824142697733,0.0018398984102532268,60120.0,60153.473020246834,0.0,60043.0,33.473020246834494,1120.4430844449919,1,1,2514
XGBoost,H7,62,2023-11-08,2023-11-16,60043.0,0.0101760405043052,0.0021260639186948538,60654.0,60170.655255870195,0.0,60043.0,483.3447441298049,233622.14167790656,1,1,2513
XGBoost,H1,63,2023-11-09,2023-11-10,60271.0,-0.0095236515073584,0.0003370177000761032,59697.0,60291.31239380129,0.0,60271.0,594.3123938012868,353207.22142581583,-1,1,2520
XGBoost,H2,63,2023-11-09,2023-11-12,60271.0,-0.0080635794992616,0.0006472207023762167,59785.0,60310.00863895292,0.0,60271.0,525.008638952917,275634.07097519434,-1,1,2519
XGBoost,H3,63,2023-11-09,2023-11-13,60271.0,-0.0070846675847422,0.0009371942142024636,59844.0,60327.4856324842,0.0,60271.0,483.4856324841967,233758.35681864372,-1,1,2518
XGBoost,H4,63,2023-11-09,2023-11-14,60271.0,-0.0031192447445703,0.001281884964555502,60083.0,60348.260488698725,0.0,60271.0,265.26048869872466,70363.12686468623,-1,1,2517
XGBoost,H5,63,2023-11-09,2023-11-15,60271.0,-0.0025053508320751,0.001580208190716803,60120.0,60366.24072786269,0.0,60271.0,246.24072786269244,60634.49605834856,-1,1,2516
XGBoost,H6,63,2023-11-09,2023-11-16,60271.0,0.0063546315806939,0.001825285260565579,60654.0,60381.01176793955,0.0,60271.0,272.988232060452,74522.5748434912,1,1,2515
XGBoost,H7,63,2023-11-09,2023-11-17,60271.0,0.0067528330374475,0.0021210715640336275,60678.0,60398.83910423587,0.0,60271.0,279.16089576412924,77930.80572383103,1,1,2514
XGBoost,H1,64,2023-11-10,2023-11-12,59697.0,0.0014741109268472,0.00032593662035651505,59785.0,59716.45743842542,0.0,59697.0,68.54256157457712,4698.082747204696,1,1,2521
XGBoost,H2,64,2023-11-10,2023-11-13,59697.0,0.0024624352982562,0.0006555388681590557,59844.0,59736.13370381249,0.0,59697.0,107.86629618750885,11635.137853211387,1,1,2520
XGBoost,H3,64,2023-11-10,2023-11-14,59697.0,0.006465986565489,0.0009460001601837575,60083.0,59753.47337156249,0.0,59697.0,329.5266284375102,108587.79884939293,1,1,2519
XGBoost,H4,64,2023-11-10,2023-11-15,59697.0,0.0070857832051862,0.001274126349017024,60120.0,59773.06152065727,0.0,59697.0,346.9384793427307,120366.30844864639,1,1,2518
XGBoost,H5,64,2023-11-10,2023-11-16,59697.0,0.0160309563294638,0.0015718251233920455,60654.0,59790.833244391135,0.0,59697.0,863.1667556088651,745056.8479883341,1,1,2517
XGBoost,H6,64,2023-11-10,2023-11-17,59697.0,0.0164329865822403,0.001808728207834065,60678.0,59804.97564782307,0.0,59697.0,873.0243521769298,762171.519493948,1,1,2516
XGBoost,H7,64,2023-11-10,2023-11-20,59697.0,0.0160812101110607,0.0021014083176851273,60657.0,59822.44777234085,0.0,59697.0,834.552227659151,696477.4206908513,1,1,2515
XGBoost,H1,65,2023-11-12,2023-11-13,59785.0,0.0009868696161243,0.0003575127921067178,59844.0,59806.3739022761,0.0,59785.0,37.626097723899875,1415.7232299284633,1,1,2522
XGBoost,H2,65,2023-11-12,2023-11-14,59785.0,0.0049845278916116,0.0006781640113331378,60083.0,59825.54403541755,0.0,59785.0,257.45596458244836,66283.5736990789,1,1,2521
XGBoost,H3,65,2023-11-12,2023-11-15,59785.0,0.0056034122271473,0.0009511275566183031,60120.0,59841.863160972425,0.0,59785.0,278.13683902757475,77360.10122425103,1,1,2520
XGBoost,H4,65,2023-11-12,2023-11-16,59785.0,0.0145354185832566,0.0012698272475972772,60654.0,59860.9166219976,0.0,59785.0,793.0833780023968,628981.2444636925,1,1,2519
XGBoost,H5,65,2023-11-12,2023-11-17,59785.0,0.0149368570711716,0.0015647087711840868,60678.0,59878.54611388524,0.0,59785.0,799.4538861147594,639126.5160239907,1,1,2518
XGBoost,H6,65,2023-11-12,2023-11-20,59785.0,0.014585598394246,0.0018009498016908765,60657.0,59892.66978389409,0.0,59785.0,764.330216105911,584200.6792525086,1,1,2517
XGBoost,H7,65,2023-11-12,2023-11-21,59785.0,0.023868863427281,0.0020934229250997305,61212.0,59910.15528957709,0.0,59785.0,1301.8447104229126,1694799.6500561172,1,1,2516
XGBoost,H1,66,2023-11-13,2023-11-14,59844.0,0.0039937169975268,0.00032693587127141654,60083.0,59863.56515028037,0.0,59844.0,219.43484971963335,48151.65327147807,1,1,2523
XGBoost,H2,66,2023-11-13,2023-11-15,59844.0,0.0046119911770603,0.0006395503878593445,60120.0,59882.273253411055,0.0,59844.0,237.7267465889454,56514.00604376466,1,1,2522
XGBoost,H3,66,2023-11-13,2023-11-16,59844.0,0.0135351914978945,0.0009452631929889321,60654.0,59900.56833052123,0.0,59844.0,753.4316694787703,567659.280573567,1,1,2521
XGBoost,H4,66,2023-11-13,2023-11-17,59844.0,0.0139362342089432,0.001269118394702673,60678.0,59919.94912121259,0.0,59844.0,758.0508787874132,574641.1348303695,1,1,2520
XGBoost,H5,66,2023-11-13,2023-11-20,59844.0,0.0135853218367756,0.001556100440211594,60657.0,59937.12327474402,0.0,59844.0,719.8767252559774,518222.4995652699,1,1,2519
XGBoost,H6,66,2023-11-13,2023-11-21,59844.0,0.0228594345297774,0.001797156990505755,61212.0,59951.54906293983,0.0,59844.0,1260.4509370601736,1588736.5647358696,1,1,2518
XGBoost,H7,66,2023-11-13,2023-11-22,59844.0,0.020403047924604,0.002086152322590351,61065.0,59968.8436995931,0.0,59844.0,1096.156300406903,1201558.6349217487,1,1,2517
XGBoost,H1,67,2023-11-14,2023-11-15,60083.0,0.0006158147895412,0.00032797921448946,60120.0,60102.70597514417,0.0,60083.0,17.294024855829775,299.08329571405807,1,1,2524
XGBoost,H2,67,2023-11-14,2023-11-16,60083.0,0.009503520130486,0.0006588602554984391,60654.0,60122.58630073111,0.0,60083.0,531.4136992688873,282400.5197706434,1,1,2523
XGBoost,H3,67,2023-11-14,2023-11-17,60083.0,0.0099029675615398,0.0009476563427597284,60678.0,60139.93803604203,0.0,60083.0,538.0619639579672,289510.67705830483,1,1,2522
XGBoost,H4,67,2023-11-14,2023-11-20,60083.0,0.0095534510593677,0.0012673562159761786,60657.0,60159.1465635245,0.0,60083.0,497.85343647550326,247858.04421046795,1,1,2521
XGBoost,H5,67,2023-11-14,2023-11-21,60083.0,0.0187906729024849,0.0015561373438686132,61212.0,60176.49740003166,0.0,60083.0,1035.502599968342,1072265.6345411963,1,1,2520
XGBoost,H6,67,2023-11-14,2023-11-22,60083.0,0.0163440573872808,0.0017944969004020095,61065.0,60190.818757266854,0.0,60083.0,874.1812427331461,764192.8451464677,1,1,2519
XGBoost,H7,67,2023-11-14,2023-11-23,60083.0,0.0168100793901768,0.0020798391196876764,61093.0,60207.962973828195,0.0,60083.0,885.0370261718053,783290.5376950329,1,1,2518
XGBoost,H1,68,2023-11-15,2023-11-16,60120.0,0.0088822355289421,0.00033831543987616897,60654.0,60140.339524245355,0.0,60120.0,513.6604757546447,263847.08435248793,1,1,2525
XGBoost,H2,68,2023-11-15,2023-11-17,60120.0,0.0092814371257485,0.0006605117814615369,60678.0,60159.70996830147,0.0,60120.0,518.2900316985324,268624.5569580657,1,1,2524
XGBoost,H3,68,2023-11-15,2023-11-20,60120.0,0.008932135728543,0.0009494643891230226,60657.0,60177.081799074076,0.0,60120.0,479.9182009259239,230321.47957997545,1,1,2523
XGBoost,H4,68,2023-11-15,2023-11-21,60120.0,0.0181636726546905,0.0012694037286564708,61212.0,60196.31655216683,0.0,60120.0,1015.683447833173,1031612.8662022818,1,1,2522
XGBoost,H5,68,2023-11-15,2023-11-22,60120.0,0.0157185628742515,0.001554506947286427,61065.0,60213.45695767086,0.0,60120.0,851.54304232914,725125.5529391675,1,1,2521
XGBoost,H6,68,2023-11-15,2023-11-23,60120.0,0.0161842980705255,0.0017970658373087645,61093.0,60228.039598139,0.0,60120.0,864.9604018609971,748156.4967875376,1,1,2520
XGBoost,H7,68,2023-11-15,2023-11-24,60120.0,0.0204923486360613,0.0020773415453732014,61352.0,60244.88977370784,0.0,60120.0,1107.1102262921631,1225693.0531606846,1,1,2519
XGBoost,H1,69,2023-11-16,2023-11-17,60654.0,0.0003956870115737,0.0003345823206473142,60678.0,60674.29375607654,0.0,60654.0,3.706243923457805,13.736244020167904,1,1,2526
XGBoost,H2,69,2023-11-16,2023-11-20,60654.0,4.946087644674968e-05,0.0006640399806201458,60657.0,60694.276680984534,0.0,60654.0,37.27668098453432,1389.5509452227427,1,1,2525
XGBoost,H3,69,2023-11-16,2023-11-21,60654.0,0.0091997230190918,0.0009546623332425952,61212.0,60711.9040891605,0.0,60654.0,500.09591083950363,250095.92003839277,1,1,2524
XGBoost,H4,69,2023-11-16,2023-11-22,60654.0,0.006776140073202,0.0012746646534651518,61065.0,60731.313509891275,0.0,60654.0,333.6864901087247,111346.67368108002,1,1,2523
XGBoost,H5,69,2023-11-16,2023-11-23,60654.0,0.0072377749200382,0.001560125034302473,61093.0,60748.62782383058,0.0,60654.0,344.3721761694178,118592.19571966052,1,1,2522
XGBoost,H6,69,2023-11-16,2023-11-24,60654.0,0.0115078972532727,0.0017989176558330655,61352.0,60763.1115514969,0.0,60654.0,588.8884485031012,346789.60478038975,1,1,2521
XGBoost,H7,69,2023-11-16,2023-11-27,60654.0,0.0148877238104658,0.002095670672133565,61557.0,60781.11080894759,0.0,60654.0,775.8891910524108,602004.0367919643,1,1,2520
XGBoost,H1,70,2023-11-17,2023-11-20,60678.0,-0.0003460891921289,0.000344823143677786,60657.0,60698.92317871208,0.0,60678.0,41.9231787120807,1757.5529133250564,-1,1,2527
XGBoost,H2,70,2023-11-17,2023-11-21,60678.0,0.0088005537427073,0.0006676685297861695,61212.0,60718.512791050365,0.0,60678.0,493.4872089496348,243529.62539690052,1,1,2526
XGBoost,H3,70,2023-11-17,2023-11-22,60678.0,0.0063779293978047,0.0009580145706422627,61065.0,60736.13040811743,0.0,60678.0,328.8695918825688,108155.20846500735,1,1,2525
XGBoost,H4,70,2023-11-17,2023-11-23,60678.0,0.0068393816539766,0.0012796848313882947,61093.0,60755.64871619898,0.0,60678.0,337.35128380102105,113805.88868219705,1,1,2524
XGBoost,H5,70,2023-11-17,2023-11-24,60678.0,0.011107815023567,0.0015653716400265694,61352.0,60772.98362037353,0.0,60678.0,579.0163796264678,335259.9678757419,1,1,2523
XGBoost,H6,70,2023-11-17,2023-11-27,60678.0,0.0144863047562542,0.0018048048950731754,61557.0,60787.51195142325,0.0,60678.0,769.4880485767499,592111.8569024545,1,1,2522
XGBoost,H7,70,2023-11-17,2023-11-28,60678.0,0.028527637694057,0.0020975598599761724,62409.0,60805.275737183634,0.0,60678.0,1603.7242628163658,2571931.511145896,1,1,2521
XGBoost,H1,71,2023-11-20,2023-11-21,60657.0,0.0091498095850437,0.0003341905539855361,61212.0,60677.2709964331,0.0,60657.0,534.7290035668993,285935.10725564905,1,1,2528
XGBoost,H2,71,2023-11-20,2023-11-22,60657.0,0.0067263465057618,0.0006672171293757856,61065.0,60697.47138941655,0.0,60657.0,367.528610583453,135077.27959740342,1,1,2527
XGBoost,H3,71,2023-11-20,2023-11-23,60657.0,0.0071879585208631,0.0009612090652808547,61093.0,60715.30405827274,0.0,60657.0,377.6959417272592,142654.22439724117,1,1,2526
XGBoost,H4,71,2023-11-20,2023-11-24,60657.0,0.0114578696605502,0.0012829501647502184,61352.0,60734.819908143254,0.0,60657.0,617.180091856746,380911.26578430145,1,1,2525
XGBoost,H5,71,2023-11-20,2023-11-27,60657.0,0.0148375290568276,0.0015701923985034227,61557.0,60752.24316031602,0.0,60657.0,804.7568396839779,647633.5710181437,1,1,2524
XGBoost,H6,71,2023-11-20,2023-11-28,60657.0,0.0288837232306247,0.0018100683810189366,62409.0,60766.793317787466,0.0,60657.0,1642.2066822125344,2696842.7871034998,1,1,2523
XGBoost,H7,71,2023-11-20,2023-11-29,60657.0,0.0298893779778095,0.002102989237755537,62470.0,60784.56101819454,0.0,60657.0,1685.4389818054624,2840704.5613894337,1,1,2522
XGBoost,H1,72,2023-11-21,2023-11-22,61212.0,-0.0024014899039404,0.000347991386661306,61065.0,61233.30124876031,0.0,61212.0,168.30124876031186,28325.310334280377,-1,1,2529
XGBoost,H2,72,2023-11-21,2023-11-23,61212.0,-0.0019440632555708,0.0006684522377327085,61093.0,61252.917298376095,0.0,61212.0,159.91729837609455,25573.54231990885,-1,1,2528
XGBoost,H3,72,2023-11-21,2023-11-24,61212.0,0.0022871332418479,0.0009645436075516045,61352.0,61271.04164330545,0.0,61212.0,80.95835669455118,6554.255518682181,1,1,2527
XGBoost,H4,72,2023-11-21,2023-11-27,61212.0,0.005636149774554,0.0012896452099084854,61557.0,61290.94176258892,0.0,61212.0,266.0582374110818,70786.98569429156,1,1,2526
XGBoost,H5,72,2023-11-21,2023-11-28,61212.0,0.0195549892178004,0.0015769265592098236,62409.0,61308.52682854235,0.0,61212.0,1100.4731714576483,1211041.2010980546,1,1,2525
XGBoost,H6,72,2023-11-21,2023-11-29,61212.0,0.0205515258446056,0.0018180760089308023,62470.0,61323.28806865867,0.0,61212.0,1146.7119313413277,1314948.2534805578,1,1,2524
XGBoost,H7,72,2023-11-21,2023-11-30,61212.0,0.0233124224008365,0.002111750654876232,62639.0,61341.264481086284,0.0,61212.0,1297.735518913716,1684117.477050252,1,1,2523
XGBoost,H1,73,2023-11-22,2023-11-23,61065.0,0.0004585277982478,0.0003400605346541852,61093.0,61085.76579654866,0.0,61065.0,7.234203451342182,52.33369957541114,1,1,2530
XGBoost,H2,73,2023-11-22,2023-11-24,61065.0,0.0046999099320397,0.0006709367735311389,61352.0,61105.97075407568,0.0,61065.0,246.029245924321,60530.389850090025,1,1,2529
XGBoost,H3,73,2023-11-22,2023-11-27,61065.0,0.008056988454925,0.0009622867801226676,61557.0,61123.76204222819,0.0,61065.0,433.2379577718093,187695.128054288,1,1,2528
XGBoost,H4,73,2023-11-22,2023-11-28,61065.0,0.0220093343158929,0.001292069791816175,62409.0,61143.900241837255,0.0,61065.0,1265.0997581627453,1600477.3981034367,1,1,2527
XGBoost,H5,73,2023-11-22,2023-11-29,61065.0,0.0230082698763611,0.0015825917944312096,62470.0,61161.64096792694,0.0,61065.0,1308.3590320730582,1711803.3568071497,1,1,2526
XGBoost,H6,73,2023-11-22,2023-11-30,61065.0,0.0257758126586424,0.0018295375630259514,62639.0,61176.72071128618,0.0,61065.0,1462.2792887138203,2138260.718201396,1,1,2525
XGBoost,H7,73,2023-11-22,2023-12-01,61065.0,0.029656922950954,0.0021219560876488686,62876.0,61194.57724849228,0.0,61065.0,1681.4227515077218,2827182.4692877983,1,1,2524
XGBoost,H1,74,2023-11-23,2023-11-24,61093.0,0.0042394382335129,0.00034013602999038994,61352.0,61113.7799304802,0.0,61093.0,238.2200695197971,56748.80152201697,1,1,2531
XGBoost,H2,74,2023-11-23,2023-11-27,61093.0,0.0075949781480693,0.0006959997117519379,61557.0,61135.52071039006,0.0,61093.0,421.47928960993886,177644.79157009872,1,1,2530
XGBoost,H3,74,2023-11-23,2023-11-28,61093.0,0.0215409294027137,0.0009826796595007181,62409.0,61153.03484843788,0.0,61093.0,1255.9651515621226,1577448.4619384657,1,1,2529
XGBoost,H4,74,2023-11-23,2023-11-29,61093.0,0.0225394071333868,0.001293327659368515,62470.0,61172.0132666938,0.0,61093.0,1297.9867333061993,1684769.5598388985,1,1,2528
XGBoost,H5,74,2023-11-23,2023-11-30,61093.0,0.0253056815019723,0.0015861758729442954,62639.0,61189.904242605786,0.0,61093.0,1449.0957573942142,2099878.5140979113,1,1,2527
XGBoost,H6,74,2023-11-23,2023-12-01,61093.0,0.0291850130129474,0.0018355051288381219,62876.0,61205.13651483611,0.0,61093.0,1670.8634851638926,2791784.7860540296,1,1,2526
XGBoost,H7,74,2023-11-23,2023-12-04,61093.0,0.0197895012521893,0.002127727260813117,62302.0,61222.989241544856,0.0,61093.0,1079.0107584551442,1164264.2168619456,1,1,2525
XGBoost,H1,75,2023-11-24,2023-11-27,61352.0,0.0033413743643238,0.0003416711406316608,61557.0,61372.962207820034,0.0,61352.0,184.03779217996635,33869.908950476485,1,1,2532
XGBoost,H2,75,2023-11-24,2023-11-28,61352.0,0.0172284522101968,0.0006974801071919501,62409.0,61394.79179953644,0.0,61352.0,1014.2082004635595,1028618.2738875316,1,1,2531
XGBoost,H3,75,2023-11-24,2023-11-29,61352.0,0.0182227148259226,0.0009676013723947108,62470.0,61411.36427939916,0.0,61352.0,1058.6357206008397,1120709.5889320592,1,1,2530
XGBoost,H4,75,2023-11-24,2023-11-30,61352.0,0.0209773112530968,0.0012993691489100456,62639.0,61431.71889602393,0.0,61352.0,1207.2811039760709,1457527.6640176806,1,1,2529
XGBoost,H5,75,2023-11-24,2023-12-01,61352.0,0.024840266005998,0.0015896629774942994,62876.0,61449.52900299523,0.0,61352.0,1426.4709970047697,2034819.505295782,1,1,2528
XGBoost,H6,75,2023-11-24,2023-12-04,61352.0,0.0154844177858912,0.0018523617181926966,62302.0,61465.64609613456,0.0,61352.0,836.3539038654417,699487.8525109645,1,1,2527
XGBoost,H7,75,2023-11-24,2023-12-05,61352.0,0.0203416351545182,0.00213492545299232,62600.0,61482.981946391985,0.0,61352.0,1117.0180536080152,1247729.3320862388,1,1,2526
XGBoost,H1,76,2023-11-27,2023-11-28,61557.0,0.0138408304498269,0.00034299996332265437,62409.0,61578.11404874225,0.0,61557.0,830.8859512577474,690371.4639974918,1,1,2533
XGBoost,H2,76,2023-11-27,2023-11-29,61557.0,0.0148317819256948,0.0007032455177977681,62470.0,61600.28968433908,0.0,61557.0,869.7103156609228,756396.0331670219,1,1,2532
XGBoost,H3,76,2023-11-27,2023-11-30,61557.0,0.0175772048670337,0.0009862662991508842,62639.0,61617.71159457683,0.0,61557.0,1021.288405423169,1043030.0070517992,1,1,2531
XGBoost,H4,76,2023-11-27,2023-12-01,61557.0,0.021427295027373,0.001301116542890668,62876.0,61637.09283103072,0.0,61557.0,1238.9071689692792,1534890.973323474,1,1,2530
XGBoost,H5,76,2023-11-27,2023-12-04,61557.0,0.0121026040905176,0.0015969775849953294,62302.0,61655.30514919956,0.0,61557.0,646.6948508004425,418214.2300518066,1,1,2529
XGBoost,H6,76,2023-11-27,2023-12-05,61557.0,0.0169436457267249,0.0018558885203674436,62600.0,61671.24292964826,0.0,61557.0,928.7570703517413,862589.6957283493,1,1,2528
XGBoost,H7,76,2023-11-27,2023-12-06,61557.0,0.0115665155871793,0.0021400887053459883,62269.0,61688.73744043498,0.0,61557.0,580.262559565017,336704.6380329449,1,1,2527
XGBoost,H1,77,2023-11-28,2023-11-29,62409.0,0.0009774231280745,0.0003549218236003071,62470.0,62431.15031608907,0.0,62409.0,38.849683910928434,1509.2979399790515,1,1,2534
XGBoost,H2,77,2023-11-28,2023-11-30,62409.0,0.0036853658927398,0.000682370678987354,62639.0,62451.58607170492,0.0,62409.0,187.41392829507822,35123.98051899272,1,1,2533
XGBoost,H3,77,2023-11-28,2023-12-01,62409.0,0.0074828950952587,0.0009765076683834195,62876.0,62469.94286707614,0.0,62409.0,406.05713292385917,164882.39519834463,1,1,2532
XGBoost,H4,77,2023-11-28,2023-12-04,62409.0,-0.0017144963066224,0.0013089925050735474,62302.0,62490.692913249135,0.0,62409.0,188.69291324913502,35605.01551044559,-1,1,2531
XGBoost,H5,77,2023-11-28,2023-12-05,62409.0,0.0030604560239708,0.00160407240036875,62600.0,62509.10855443461,0.0,62409.0,90.89144556538668,8261.25487696565,1,1,2530
XGBoost,H6,77,2023-11-28,2023-12-06,62409.0,-0.0022432661955807,0.0018667686963453889,62269.0,62525.50316757022,0.0,62409.0,256.5031675702194,65793.87497355604,-1,1,2529
XGBoost,H7,77,2023-11-28,2023-12-07,62409.0,-0.0019067762662436,0.0021355508361011744,62290.0,62542.27759213024,0.0,62409.0,252.2775921302382,63643.98349103082,-1,1,2528
XGBoost,H1,78,2023-11-29,2023-11-30,62470.0,0.0027052985433007,0.00037349198828451335,62639.0,62493.33204450813,0.0,62470.0,145.66795549186645,21219.153257180384,1,1,2535
XGBoost,H2,78,2023-11-29,2023-12-01,62470.0,0.0064991195773971,0.0007142655085772276,62876.0,62514.62016632082,0.0,62470.0,361.3798336791806,130595.38418999223,1,1,2534
XGBoost,H3,78,2023-11-29,2023-12-04,62470.0,-0.0026892908596125,0.0010014583822339773,62302.0,62532.56110513816,0.0,62470.0,230.56110513815656,53158.42320252809,-1,1,2533
XGBoost,H4,78,2023-11-29,2023-12-05,62470.0,0.0020809988794621,0.0013175179483368993,62600.0,62552.305346232606,0.0,62470.0,47.6946537673939,2274.7799979915812,1,1,2532
XGBoost,H5,78,2023-11-29,2023-12-06,62470.0,-0.0032175444213222,0.0016166872810572386,62269.0,62570.994454447646,0.0,62470.0,301.9944544476457,91200.65051713114,-1,1,2531
XGBoost,H6,78,2023-11-29,2023-12-07,62470.0,-0.0028813830638706,0.001884964294731617,62290.0,62587.753719491884,0.0,62470.0,297.7537194918841,88657.27747125161,-1,1,2530
XGBoost,H7,78,2023-11-29,2023-12-08,62470.0,-0.0139747078597727,0.0021612979471683502,61597.0,62605.01628275961,0.0,62470.0,1008.0162827596068,1016096.8263084956,-1,1,2529
XGBoost,H1,79,2023-11-30,2023-12-01,62639.0,0.0037835853062788,0.0003744339046534151,62876.0,62662.454165353585,0.0,62639.0,213.54583464641473,45601.8234948339,1,1,2536
XGBoost,H2,79,2023-11-30,2023-12-04,62639.0,-0.0053800348025989,0.000716112379450351,62302.0,62683.85656333639,0.0,62639.0,381.85656333639054,145814.43496307885,-1,1,2535
XGBoost,H3,79,2023-11-30,2023-12-05,62639.0,-0.0006226153035648,0.0010678927646949887,62600.0,62705.89173488773,0.0,62639.0,105.8917348877294,11213.059517533167,-1,1,2534
XGBoost,H4,79,2023-11-30,2023-12-06,62639.0,-0.0059068631363846,0.0013278609840199351,62269.0,62722.175884178025,0.0,62639.0,453.1758841780247,205368.38200053448,-1,1,2533
XGBoost,H5,79,2023-11-30,2023-12-07,62639.0,-0.0055716087421574,0.0016263540601357818,62290.0,62740.873191972845,0.0,62639.0,450.87319197284523,203286.63523978216,-1,1,2532
XGBoost,H6,79,2023-11-30,2023-12-08,62639.0,-0.0166350037516562,0.0018943340983241796,61597.0,62757.65919358493,0.0,62639.0,1160.6591935849283,1347129.763653216,-1,1,2531
XGBoost,H7,79,2023-11-30,2023-12-11,62639.0,-0.0263893101741726,0.0021842652931809425,60986.0,62775.82019369956,0.0,62639.0,1789.820193699561,3203456.3257747344,-1,1,2530
XGBoost,H1,80,2023-12-01,2023-12-04,62876.0,-0.0091290794579808,0.00037548458203673363,62302.0,62899.60896858014,0.0,62876.0,597.6089685801417,357136.47932742076,-1,1,2537
XGBoost,H2,80,2023-12-01,2023-12-05,62876.0,-0.004389592213245,0.0007182614644989371,62600.0,62921.161407841835,0.0,62876.0,321.16140784183517,103144.64988694958,-1,1,2536
XGBoost,H3,80,2023-12-01,2023-12-06,62876.0,-0.0096539220052166,0.001072822604328394,62269.0,62943.45479406975,0.0,62876.0,674.4547940697521,454889.26924367173,-1,1,2535
XGBoost,H4,80,2023-12-01,2023-12-07,62876.0,-0.0093199312933393,0.0013361237943172455,62290.0,62960.01011969149,0.0,62876.0,670.0101196914911,448913.5604890063,-1,1,2534
XGBoost,H5,80,2023-12-01,2023-12-08,62876.0,-0.0203416247852916,0.0016358144348487258,61597.0,62978.85346840555,0.0,62876.0,1381.8534684055485,1909519.008144444,-1,1,2533
XGBoost,H6,80,2023-12-01,2023-12-11,62876.0,-0.0300591640689611,0.0019054417498409748,60986.0,62995.806555463,0.0,62876.0,2009.8065554630011,4039322.3903820533,-1,1,2532
XGBoost,H7,80,2023-12-01,2023-12-12,62876.0,-0.0300909727081875,0.0021952844690531492,60984.0,63014.030706276186,0.0,62876.0,2030.0307062761858,4121024.6684241896,-1,1,2531
XGBoost,H1,81,2023-12-04,2023-12-05,62302.0,0.0047831530287951,0.0003722292894963175,62600.0,62325.1906291942,0.0,62302.0,274.8093708058004,75520.19028267992,1,1,2538
XGBoost,H2,81,2023-12-04,2023-12-06,62302.0,-0.0005296780199672,0.0007128812721930444,62269.0,62346.41392902017,0.0,62302.0,77.41392902017105,5992.916406340082,-1,1,2537
XGBoost,H3,81,2023-12-04,2023-12-07,62302.0,-0.000192610189079,0.0010712979128584266,62290.0,62368.744002566906,0.0,62302.0,78.74400256690569,6200.6179402568505,-1,1,2536
XGBoost,H4,81,2023-12-04,2023-12-08,62302.0,-0.0113158486083914,0.0013392803957685828,61597.0,62385.439847217174,0.0,62302.0,788.4398472171742,621637.392679841,-1,1,2535
XGBoost,H5,81,2023-12-04,2023-12-11,62302.0,-0.0211229174023306,0.0016402477631345391,60986.0,62404.19071613881,0.0,62302.0,1418.190716138808,2011264.9073423052,-1,1,2534
XGBoost,H6,81,2023-12-04,2023-12-12,62302.0,-0.0211550191005104,0.0019110350403934717,60984.0,62421.061305086594,0.0,62302.0,1437.061305086594,2065145.194577185,-1,1,2533
XGBoost,H7,81,2023-12-04,2023-12-13,62302.0,-0.0210266123077911,0.0022141302470117807,60992.0,62439.94474264933,0.0,62302.0,1447.944742649328,2096543.9777658286,-1,1,2532
XGBoost,H1,82,2023-12-05,2023-12-06,62600.0,-0.0052875399361022,0.00036702354555018246,62269.0,62622.97567395144,0.0,62600.0,353.9756739514414,125298.77774937717,-1,1,2539
XGBoost,H2,82,2023-12-05,2023-12-07,62600.0,-0.0049520766773163,0.0007108267163857818,62290.0,62644.49775244575,0.0,62600.0,354.49775244574994,125668.6564890882,-1,1,2538
XGBoost,H3,82,2023-12-05,2023-12-08,62600.0,-0.0160223642172524,0.0010398922022432089,61597.0,62665.097251860425,0.0,62600.0,1068.0972518604249,1140831.739431792,-1,1,2537
XGBoost,H4,82,2023-12-05,2023-12-11,62600.0,-0.0257827476038338,0.0013395127607509494,60986.0,62683.85349882301,0.0,62600.0,1697.8534988230094,2882706.503465535,-1,1,2536
XGBoost,H5,82,2023-12-05,2023-12-12,62600.0,-0.0258146964856229,0.001641203765757382,60984.0,62702.73935573641,0.0,62600.0,1718.739355736412,2954064.972957217,-1,1,2535
XGBoost,H6,82,2023-12-05,2023-12-13,62600.0,-0.0256869009584664,0.0019169318256899714,60992.0,62719.99993228819,0.0,62600.0,1727.9999322881922,2985983.765987997,-1,1,2534
XGBoost,H7,82,2023-12-05,2023-12-14,62600.0,-0.005926517571885,0.002221481641754508,62229.0,62739.06475077383,0.0,62600.0,510.0647507738322,260166.04998197156,-1,1,2533
XGBoost,H1,83,2023-12-06,2023-12-07,62269.0,0.0003372464629269,0.00035373473656363785,62290.0,62291.02670831108,0.0,62269.0,1.0267083110811654,1.0541299560431392,1,1,2540
XGBoost,H2,83,2023-12-06,2023-12-08,62269.0,-0.0107918868136632,0.0006707215216010809,61597.0,62310.76515842858,0.0,62269.0,713.7651584285777,509460.7013865726,-1,1,2539
XGBoost,H3,83,2023-12-06,2023-12-11,62269.0,-0.0206041529493006,0.000992962741293013,60986.0,62330.830796937575,0.0,62269.0,1344.8307969375746,1808569.8723917522,-1,1,2538
XGBoost,H4,83,2023-12-06,2023-12-12,62269.0,-0.0206362716600555,0.0013365147169679403,60984.0,62352.22343491088,0.0,62269.0,1368.2234349108767,1872035.367839318,-1,1,2537
XGBoost,H5,83,2023-12-06,2023-12-13,62269.0,-0.0205077968170357,0.0016392377438023686,60992.0,62371.07369506883,0.0,62269.0,1379.0736950688297,1901844.2564307954,-1,1,2536
XGBoost,H6,83,2023-12-06,2023-12-14,62269.0,-0.000642374215099,0.001926861354149878,62229.0,62388.98372966156,0.0,62269.0,159.98372966155875,25594.793756422714,-1,1,2535
XGBoost,H7,83,2023-12-06,2023-12-15,62269.0,-0.004464500794938,0.002214191947132349,61991.0,62406.875518355984,0.0,62269.0,415.87551835598424,172952.44676785858,-1,1,2534
XGBoost,H1,84,2023-12-07,2023-12-08,62290.0,-0.0111253812811045,0.0003536706790328026,61597.0,62312.03014659695,0.0,62290.0,715.0301465969533,511268.11054246046,-1,1,2541
XGBoost,H2,84,2023-12-07,2023-12-11,62290.0,-0.0209343393803178,0.0006811386556364596,60986.0,62332.428126859595,0.0,62290.0,1346.428126859595,1812868.700798638,-1,1,2540
XGBoost,H3,84,2023-12-07,2023-12-12,62290.0,-0.020966447262803,0.0009785555303096771,60984.0,62350.95422398299,0.0,62290.0,1366.9542239829898,1868563.8504649377,-1,1,2539
XGBoost,H4,84,2023-12-07,2023-12-13,62290.0,-0.0208380157328623,0.0013322648592293262,60992.0,62372.986778081395,0.0,62290.0,1380.9867780813947,1907124.4812356313,-1,1,2538
XGBoost,H5,84,2023-12-07,2023-12-14,62290.0,-0.000979290415797,0.0016362315509468317,62229.0,62391.92086330848,0.0,62290.0,162.92086330847815,26543.20770117982,-1,1,2537
XGBoost,H6,84,2023-12-07,2023-12-15,62290.0,-0.0048001284315299,0.0019249028991907835,61991.0,62409.902201590594,0.0,62290.0,418.9022015905939,175479.05449744657,-1,1,2536
XGBoost,H7,84,2023-12-07,2023-12-18,62290.0,-0.0037405683095199,0.0022165970876812935,62057.0,62428.07183259167,0.0,62290.0,371.07183259166777,137694.3049429387,-1,1,2535
XGBoost,H1,85,2023-12-08,2023-12-11,61597.0,-0.0099193142523175,0.0003423244343139231,60986.0,61618.086158180435,0.0,61597.0,632.0861581804347,399532.91136330157,-1,1,2542
XGBoost,H2,85,2023-12-08,2023-12-12,61597.0,-0.009951783366073,0.0006763105047866702,60984.0,61638.658698163345,0.0,61597.0,654.6586981633445,428578.011080925,-1,1,2541
XGBoost,H3,85,2023-12-08,2023-12-13,61597.0,-0.0098219069110508,0.0009878023993223906,60992.0,61657.84566439106,0.0,61597.0,665.8456643910613,443350.44878837385,-1,1,2540
XGBoost,H4,85,2023-12-08,2023-12-14,61597.0,0.0102602399467506,0.001321408781222999,62229.0,61678.39481669699,0.0,61597.0,550.6051833030069,303166.0678801379,1,1,2539
XGBoost,H5,85,2023-12-08,2023-12-15,61597.0,0.0063964154098414,0.0016230476321652532,61991.0,61696.97486499848,0.0,61597.0,294.0251350015169,86450.78001266024,1,1,2538
XGBoost,H6,85,2023-12-08,2023-12-18,61597.0,0.0074678961637741,0.0019170113373547792,62057.0,61715.08214734704,0.0,61597.0,341.91785265295766,116907.81796280967,1,1,2537
XGBoost,H7,85,2023-12-08,2023-12-19,61597.0,0.0099680179229508,0.0022083702497184277,62211.0,61733.028982271906,0.0,61597.0,477.971017728094,228456.29378802996,1,1,2536
XGBoost,H1,86,2023-12-11,2023-12-12,60986.0,-3.2794411832237635e-05,0.0003382330178283155,60984.0,61006.62747882528,0.0,60986.0,22.62747882527765,512.0027979883884,-1,1,2543
XGBoost,H2,86,2023-12-11,2023-12-13,60986.0,9.838323549660188e-05,0.0006679396028630435,60992.0,61026.734964620206,0.0,60986.0,34.734964620205574,1206.517767166933,1,1,2542
XGBoost,H3,86,2023-12-11,2023-12-14,60986.0,0.0203817269537269,0.0009654129389673471,62229.0,61044.87667349586,0.0,60986.0,1184.1233265041374,1402148.052371224,1,1,2541
XGBoost,H4,86,2023-12-11,2023-12-15,60986.0,0.0164791919456923,0.001310884952545166,61991.0,61065.94562971592,0.0,60986.0,925.0543702840805,855725.5879816767,1,1,2540
XGBoost,H5,86,2023-12-11,2023-12-18,60986.0,0.0175614075361558,0.0016136578051373363,62057.0,61084.410534904106,0.0,60986.0,972.5894650958944,945930.2676155181,1,1,2539
XGBoost,H6,86,2023-12-11,2023-12-19,60986.0,0.0200865772472371,0.0019038543105125427,62211.0,61102.10845898092,0.0,60986.0,1108.891541019082,1229640.4497436746,1,1,2538
XGBoost,H7,86,2023-12-11,2023-12-20,60986.0,0.0191027448922702,0.0021946285851299763,62151.0,61119.84161889274,0.0,60986.0,1031.1583811072633,1063287.606927752,1,1,2537
XGBoost,H1,87,2023-12-12,2023-12-13,60984.0,0.0001311819493636,0.00033695437014102936,60992.0,61004.54882530868,0.0,60984.0,12.548825308680534,157.4730166277811,1,1,2544
XGBoost,H2,87,2023-12-12,2023-12-14,60984.0,0.0204151908697363,0.0006507461657747626,62229.0,61023.68510417361,0.0,60984.0,1205.3148958263919,1452783.998100986,1,1,2543
XGBoost,H3,87,2023-12-12,2023-12-15,60984.0,0.0165125278761641,0.0009544903296045959,61991.0,61042.20863826061,0.0,60984.0,948.7913617393933,900205.0481112923,1,1,2542
XGBoost,H4,87,2023-12-12,2023-12-18,60984.0,0.0175947789584152,0.001304773730225861,62057.0,61063.570321164094,0.0,60984.0,993.4296788359061,986902.5267920116,1,1,2541
XGBoost,H5,87,2023-12-12,2023-12-19,60984.0,0.0201200314836678,0.0016018204623833299,62211.0,61081.685419077985,0.0,60984.0,1129.314580922015,1275351.4226830665,1,1,2540
XGBoost,H6,87,2023-12-12,2023-12-20,60984.0,0.0191361668634395,0.001894372166134417,62151.0,61099.52639217954,0.0,60984.0,1051.4736078204587,1105596.7479429718,1,1,2539
XGBoost,H7,87,2023-12-12,2023-12-21,60984.0,0.0208743276925094,0.002182052470743656,62257.0,61117.07028787583,0.0,60984.0,1139.9297121241689,1299439.7485834905,1,1,2538
XGBoost,H1,88,2023-12-13,2023-12-14,60992.0,0.0202813483735571,0.0003368770412635058,62229.0,61012.546804500744,0.0,60992.0,1216.4531954992563,1479758.3768403518,1,1,2545
XGBoost,H2,88,2023-12-13,2023-12-15,60992.0,0.0163791972717732,0.0006504850462079048,61991.0,61031.67438393831,0.0,60992.0,959.3256160616875,920305.6376321362,1,1,2544
XGBoost,H3,88,2023-12-13,2023-12-18,60992.0,0.0174613064008395,0.0009641728829592466,62057.0,61050.80683247745,0.0,60992.0,1006.1931675225496,1012424.6903690617,1,1,2543
XGBoost,H4,88,2023-12-13,2023-12-19,60992.0,0.0199862277019937,0.0012960268650203943,62211.0,61071.047270551324,0.0,60992.0,1139.952729448676,1299492.2253774866,1,1,2542
XGBoost,H5,88,2023-12-13,2023-12-20,60992.0,0.0190024921301155,0.0015931319212540984,62151.0,61089.16830214113,0.0,60992.0,1061.83169785887,1127486.5545778507,1,1,2541
XGBoost,H6,88,2023-12-13,2023-12-21,60992.0,0.020740424973767,0.0018788509769365191,62257.0,61106.59487878531,0.0,60992.0,1150.4051212146878,1323431.9429169805,1,1,2540
XGBoost,H7,88,2023-12-13,2023-12-22,60992.0,0.0272986621196222,0.0021598783787339926,62657.0,61123.735302075744,0.0,60992.0,1533.2646979242563,2350900.633900761,1,1,2539
XGBoost,H1,89,2023-12-14,2023-12-15,62229.0,-0.0038245833935945,0.00032862951047718525,61991.0,62249.450285807485,0.0,62229.0,258.45028580748476,66796.55023397056,-1,1,2546
XGBoost,H2,89,2023-12-14,2023-12-18,62229.0,-0.0027639846373876,0.0006704196566715837,62057.0,62270.719544815016,0.0,62229.0,213.71954481501598,45676.04383593762,-1,1,2545
XGBoost,H3,89,2023-12-14,2023-12-19,62229.0,-0.0002892542062382,0.0009720523958094418,62211.0,62289.489848538826,0.0,62229.0,78.48984853882575,6160.656323647808,-1,1,2544
XGBoost,H4,89,2023-12-14,2023-12-20,62229.0,-0.0012534348936991,0.0012997317826375365,62151.0,62309.88100910175,0.0,62229.0,158.88100910175126,25243.175053190767,-1,1,2543
XGBoost,H5,89,2023-12-14,2023-12-21,62229.0,0.0004499509874817,0.001591845415532589,62257.0,62328.05894836318,0.0,62229.0,71.05894836317748,5049.374142480723,1,1,2542
XGBoost,H6,89,2023-12-14,2023-12-22,62229.0,0.0068778222372205,0.0018748189322650433,62657.0,62345.66810733592,0.0,62229.0,311.3318926640786,96927.54738979737,1,1,2541
XGBoost,H7,89,2023-12-14,2023-12-26,62229.0,0.007922351315303,0.002156709088012576,62722.0,62363.209849837935,0.0,62229.0,358.7901501620654,128730.37185331744,1,1,2540
XGBoost,H1,90,2023-12-15,2023-12-18,61991.0,0.0010646706780017,0.00035088573349639773,62057.0,62012.751757505175,0.0,61991.0,44.24824249482481,1957.90696388082,1,1,2547
XGBoost,H2,90,2023-12-15,2023-12-19,61991.0,0.0035489022600054,0.0006766579463146627,62211.0,62032.94670274999,0.0,61991.0,178.05329725000774,31702.976661599616,1,1,2546
XGBoost,H3,90,2023-12-15,2023-12-20,61991.0,0.0025810198254585,0.000980077893473208,62151.0,62051.7560086943,0.0,61991.0,99.24399130570237,9849.369810286327,1,1,2545
XGBoost,H4,90,2023-12-15,2023-12-21,61991.0,0.0042909454598247,0.0014719127211719751,62257.0,62082.24534149817,0.0,61991.0,174.7546585018281,30539.190668090556,1,1,2544
XGBoost,H5,90,2023-12-15,2023-12-22,61991.0,0.010743495023471,0.0015937640564516187,62657.0,62089.79902762349,0.0,61991.0,567.2009723765077,321716.9430648559,1,1,2543
XGBoost,H6,90,2023-12-15,2023-12-26,61991.0,0.0117920343275637,0.0018666741671040654,62722.0,62106.71699829295,0.0,61991.0,615.2830017070519,378573.17218964,1,1,2542
XGBoost,H7,90,2023-12-15,2023-12-27,61991.0,0.0209869174557597,0.002152303932234645,63292.0,62124.42347306316,0.0,61991.0,1167.5765269368421,1363234.9462538983,1,1,2541
XGBoost,H1,91,2023-12-18,2023-12-19,62057.0,0.0024815895064214,0.0003436591650824994,62211.0,62078.326456807525,0.0,62057.0,132.67354319247534,17602.269063245618,1,1,2548
XGBoost,H2,91,2023-12-18,2023-12-20,62057.0,0.0015147364519716,0.0007026639650575817,62151.0,62100.60521767958,0.0,62057.0,50.394782320421655,2539.634085122683,1,1,2547
XGBoost,H3,91,2023-12-18,2023-12-21,62057.0,0.0032228435148331,0.0009866241598501801,62257.0,62118.22693548782,0.0,62057.0,138.77306451217737,19257.96343410094,1,1,2546
XGBoost,H4,91,2023-12-18,2023-12-22,62057.0,0.0096685305444994,0.001309738028794527,62657.0,62138.2784128529,0.0,62057.0,518.721587147098,269072.0849724044,1,1,2545
XGBoost,H5,91,2023-12-18,2023-12-26,62057.0,0.01071595468682,0.0016003890195861459,62722.0,62156.31534138846,0.0,62057.0,565.6846586115425,319999.13298845745,1,1,2544
XGBoost,H6,91,2023-12-18,2023-12-27,62057.0,0.0199010587040946,0.0018539712764322758,63292.0,62172.05189550156,0.0,62057.0,1119.9481044984423,1254283.7567696536,1,1,2543
XGBoost,H7,91,2023-12-18,2023-12-28,62057.0,0.0171132990637639,0.0021498645655810833,63119.0,62190.414145346265,0.0,62057.0,928.5858546537347,862271.6894630069,1,1,2542
XGBoost,H1,92,2023-12-19,2023-12-20,62211.0,-0.0009644596614746,0.0003449255018495023,62151.0,62232.45816039556,0.0,62211.0,81.45816039555939,6635.431895028681,-1,1,2549
XGBoost,H2,92,2023-12-19,2023-12-21,62211.0,0.0007394190737972,0.0006766361766494811,62257.0,62253.09421318554,0.0,62211.0,3.905786814459134,15.255170640002829,1,1,2548
XGBoost,H3,92,2023-12-19,2023-12-22,62211.0,0.007169150150295,0.0009860181016847491,62657.0,62272.34117212391,0.0,62211.0,384.6588278760901,147962.4138630075,1,1,2547
XGBoost,H4,92,2023-12-19,2023-12-26,62211.0,0.0082139814502257,0.0013170139864087105,62722.0,62292.93275710847,0.0,62211.0,429.0672428915277,184098.69892253724,1,1,2546
XGBoost,H5,92,2023-12-19,2023-12-27,62211.0,0.017376348234235,0.0016077536856755614,63292.0,62311.01996453956,0.0,62211.0,980.9800354604376,962321.8299719616,1,1,2545
XGBoost,H6,92,2023-12-19,2023-12-28,62211.0,0.0145954895436497,0.0018658082699403167,63119.0,62327.07379828126,0.0,62211.0,791.926201718743,627147.1089686751,1,1,2544
XGBoost,H7,92,2023-12-19,2023-12-29,62211.0,0.0119432254745945,0.0021546457428485155,62954.0,62345.04266630835,0.0,62211.0,608.957333691651,370829.0342568448,1,1,2543
XGBoost,H1,93,2023-12-20,2023-12-21,62151.0,0.0017055236440282,0.00034439924638718367,62257.0,62172.40475756221,0.0,62151.0,84.59524243779015,7156.355043108491,1,1,2550
XGBoost,H2,93,2023-12-20,2023-12-22,62151.0,0.0081414619233801,0.0006769802421331406,62657.0,62193.07499902882,0.0,62151.0,463.9250009711832,215226.40652611232,1,1,2549
XGBoost,H3,93,2023-12-20,2023-12-26,62151.0,0.0091873018937749,0.0009866883046925068,62722.0,62212.323664824944,0.0,62151.0,509.676335175056,259769.96663747603,1,1,2548
XGBoost,H4,93,2023-12-20,2023-12-27,62151.0,0.0183585139418513,0.0013159140944480896,63292.0,62232.78537688404,0.0,62151.0,1059.2146231159568,1121935.6178226783,1,1,2547
XGBoost,H5,93,2023-12-20,2023-12-28,62151.0,0.0155749706360315,0.001616062130779028,63119.0,62251.43987749005,0.0,62151.0,867.5601225099526,752660.566169484,1,1,2546
XGBoost,H6,93,2023-12-20,2023-12-29,62151.0,0.0129201460957988,0.0018784295534715056,62954.0,62267.74627517781,0.0,62151.0,686.2537248221925,470944.17483233346,1,1,2545
XGBoost,H7,93,2023-12-20,2024-01-01,62151.0,0.0136763688436227,0.002161511220037937,63001.0,62285.34008383658,0.0,62151.0,715.6599161634222,512169.1156030364,1,1,2544
XGBoost,H1,94,2023-12-21,2023-12-22,62257.0,0.0064249803234976,0.00035198553814552724,62657.0,62278.913563648326,0.0,62257.0,378.0864363516739,142949.35335310837,1,1,2551
XGBoost,H2,94,2023-12-21,2023-12-26,62257.0,0.0074690396260661,0.0006770011386834085,62722.0,62299.14805989101,0.0,62257.0,422.85194010898704,178803.76325393436,1,1,2550
XGBoost,H3,94,2023-12-21,2023-12-27,62257.0,0.0166246365870503,0.0010415189899504185,63292.0,62321.84184775734,0.0,62257.0,970.1581522426568,941206.8403628861,1,1,2549
XGBoost,H4,94,2023-12-21,2023-12-28,62257.0,0.0138458325971375,0.0013171022292226553,63119.0,62338.998833484715,0.0,62257.0,780.0011665152851,608401.8197652056,1,1,2548
XGBoost,H5,94,2023-12-21,2023-12-29,62257.0,0.0111955282136948,0.0016155455959960818,62954.0,62357.57902216993,0.0,62257.0,596.4209778300719,355717.9827957792,1,1,2547
XGBoost,H6,94,2023-12-21,2024-01-01,62257.0,0.0119504634017058,0.001889849198050797,63001.0,62374.65634152305,0.0,62257.0,626.3436584769515,392306.3785142921,1,1,2546
XGBoost,H7,94,2023-12-21,2024-01-02,62257.0,0.0125608365324381,0.0021688262932002544,63039.0,62392.02461853577,0.0,62257.0,646.9753814642318,418577.1442207882,1,1,2545
XGBoost,H1,95,2023-12-22,2023-12-26,62657.0,0.0010373940661059,0.0003719278611242771,62722.0,62680.303883994464,0.0,62657.0,41.69611600553617,1738.5660899471295,1,1,2552
XGBoost,H2,95,2023-12-22,2023-12-27,62657.0,0.0101345420304195,0.0007569023873656988,63292.0,62704.42523288517,0.0,62657.0,587.5747671148274,345244.10695004364,1,1,2551
XGBoost,H3,95,2023-12-22,2023-12-28,62657.0,0.0073734778237068,0.000990114058367908,63119.0,62719.03757655516,0.0,62657.0,399.962423444842,159969.9401678711,1,1,2550
XGBoost,H4,95,2023-12-22,2023-12-29,62657.0,0.0047400928866687,0.0013264294248074293,62954.0,62740.11008847016,0.0,62657.0,213.8899115298409,45748.89425424317,1,1,2549
XGBoost,H5,95,2023-12-22,2024-01-01,62657.0,0.0054902085960069,0.0016194212948903441,63001.0,62758.468080073944,0.0,62657.0,242.5319199260557,58821.7321830187,1,1,2548
XGBoost,H6,95,2023-12-22,2024-01-02,62657.0,0.006096685126961,0.0018923056777566671,63039.0,62775.5661968512,0.0,62657.0,263.4338031488005,69397.36864144097,1,1,2547
XGBoost,H7,95,2023-12-22,2024-01-03,62657.0,-0.0057934468614839,0.002178870839998126,62294.0,62793.52151022176,0.0,62657.0,499.5215102217626,249521.73917423046,-1,1,2546
XGBoost,H1,96,2023-12-26,2023-12-27,62722.0,0.0090877204170785,0.0003463203611318022,63292.0,62743.72190569091,0.0,62722.0,548.2780943090911,300608.8686992086,1,1,2553
XGBoost,H2,96,2023-12-26,2023-12-28,62722.0,0.0063295175536495,0.0007087003905326128,63119.0,62766.45110589499,0.0,62722.0,352.54889410501346,124290.722734668,1,1,2552
XGBoost,H3,96,2023-12-26,2023-12-29,62722.0,0.0036988616434425,0.001008958206512034,62954.0,62785.28387662885,0.0,62722.0,168.7161233711522,28465.130285389852,1,1,2551
XGBoost,H4,96,2023-12-26,2024-01-01,62722.0,0.0044481999936225,0.0013291735667735338,63001.0,62805.36842445517,0.0,62722.0,195.6315755448304,38271.71335015269,1,1,2550
XGBoost,H5,96,2023-12-26,2024-01-02,62722.0,0.0050540480214278,0.0016228622989729047,63039.0,62823.78916911618,0.0,62722.0,215.21083088382147,46315.70172970481,1,1,2549
XGBoost,H6,96,2023-12-26,2024-01-03,62722.0,-0.0068237619973853,0.001902326475828886,62294.0,62841.31772121694,0.0,62722.0,547.3177212169394,299556.6879581034,-1,1,2548
XGBoost,H7,96,2023-12-26,2024-01-04,62722.0,-0.0044322566244698,0.0021811549086123705,62444.0,62858.806398177985,0.0,62722.0,414.8063981779851,172064.34796939313,-1,1,2547
XGBoost,H1,97,2023-12-27,2023-12-28,63292.0,-0.0027333628262655,0.00034967914689332247,63119.0,63314.13189256517,0.0,63292.0,195.13189256517217,38076.45549606589,-1,1,2554
XGBoost,H2,97,2023-12-27,2023-12-29,63292.0,-0.0053403273715477,0.0006870624492876232,62954.0,63335.48555654031,0.0,63292.0,381.48555654031225,145531.22984887176,-1,1,2553
XGBoost,H3,97,2023-12-27,2024-01-01,63292.0,-0.0045977374707704,0.0009998006280511618,63001.0,63355.279381350614,0.0,63292.0,354.27938135061413,125513.88005017387,-1,1,2552
XGBoost,H4,97,2023-12-27,2024-01-02,63292.0,-0.0039973456360993,0.0013357349671423435,63039.0,63376.54133754037,0.0,63292.0,337.5413375403732,113934.15454854416,-1,1,2551
XGBoost,H5,97,2023-12-27,2024-01-03,63292.0,-0.0157681855526764,0.0016290202038362622,62294.0,63395.103946741205,0.0,63292.0,1101.1039467412047,1212429.9015290579,-1,1,2550
XGBoost,H6,97,2023-12-27,2024-01-04,63292.0,-0.0133982177842381,0.0019096810137853026,62444.0,63412.8675307245,0.0,63292.0,968.8675307244994,938704.2920921887,-1,1,2549
XGBoost,H7,97,2023-12-27,2024-01-05,63292.0,-0.0105068571067433,0.002189443213865161,62627.0,63430.574239891954,0.0,63292.0,803.5742398919538,645731.5590179312,-1,1,2548
XGBoost,H1,98,2023-12-28,2023-12-29,63119.0,-0.0026141098559863,0.00035743406624533236,62954.0,63141.56088082734,0.0,63119.0,187.56088082733913,35179.08401672731,-1,1,2555
XGBoost,H2,98,2023-12-28,2024-01-01,63119.0,-0.0018694846242811,0.0006887846975587308,63001.0,63162.47540132521,0.0,63119.0,161.47540132520953,26074.305233137482,-1,1,2554
XGBoost,H3,98,2023-12-28,2024-01-02,63119.0,-0.0012674472029025,0.0010022640926763415,63039.0,63182.26190726564,0.0,63119.0,143.261907265638,20523.97407338826,-1,1,2553
XGBoost,H4,98,2023-12-28,2024-01-03,63119.0,-0.0130705492799315,0.00134096120018512,62294.0,63203.640129994485,0.0,63119.0,909.6401299944846,827445.1660963829,-1,1,2552
XGBoost,H5,98,2023-12-28,2024-01-04,63119.0,-0.0106940857744894,0.001634325715713203,62444.0,63222.1570048501,0.0,63119.0,778.1570048501017,605528.3241972812,-1,1,2551
XGBoost,H6,98,2023-12-28,2024-01-05,63119.0,-0.00779480029785,0.001915179891511798,62627.0,63239.88423957233,0.0,63119.0,612.8842395723332,375627.09111615707,-1,1,2550
XGBoost,H7,98,2023-12-28,2024-01-08,63119.0,-0.0155103851455188,0.0021955231204628944,62140.0,63257.5792238405,0.0,63119.0,1117.5792238404974,1248983.3215599286,-1,1,2549
XGBoost,H1,99,2023-12-29,2024-01-01,62954.0,0.0007465768656478,0.0003502127365209162,63001.0,62976.04729261494,0.0,62954.0,24.95270738506224,622.6376058445396,1,1,2556
XGBoost,H2,99,2023-12-29,2024-01-02,62954.0,0.0013501922038314,0.0007127051940187812,63039.0,62998.86764278426,0.0,62954.0,40.13235721574165,1610.606095691891,1,1,2555
XGBoost,H3,99,2023-12-29,2024-01-03,62954.0,-0.0104838453473965,0.001008592895232141,62294.0,63017.494957126444,0.0,62954.0,723.4949571264442,523444.95298739534,-1,1,2554
XGBoost,H4,99,2023-12-29,2024-01-04,62954.0,-0.0081011532229882,0.0013421238400042057,62444.0,63038.492064223625,0.0,62954.0,594.4920642236248,353420.8144248664,-1,1,2553
XGBoost,H5,99,2023-12-29,2024-01-05,62954.0,-0.0051942688312101,0.0016427150694653392,62627.0,63057.41548448312,0.0,62954.0,430.41548448312096,185257.48928283976,-1,1,2552
XGBoost,H6,99,2023-12-29,2024-01-08,62954.0,-0.0129300759284557,0.0019238952081650496,62140.0,63075.11689893482,0.0,62954.0,935.1168989348225,874443.6146734791,-1,1,2551
XGBoost,H7,99,2023-12-29,2024-01-09,62954.0,-0.0118022683229024,0.002210389357060194,62211.0,63093.15285158437,0.0,62954.0,882.1528515843675,778193.6535584311,-1,1,2550
XGBoost,H1,100,2024-01-01,2024-01-02,63001.0,0.0006031650291264,0.0003594436275307089,63039.0,63023.64530797806,0.0,63001.0,15.354692021937808,235.76656708856058,1,1,2557
XGBoost,H2,100,2024-01-01,2024-01-03,63001.0,-0.0112220440945381,0.0007133378530852497,62294.0,63045.940998082224,0.0,63001.0,751.9409980822238,565415.2645968909,-1,1,2556
XGBoost,H3,100,2024-01-01,2024-01-04,63001.0,-0.0088411295058808,0.0010219754185527563,62444.0,63065.38547334424,0.0,63001.0,621.3854733442422,386119.90648324793,-1,1,2555
XGBoost,H4,100,2024-01-01,2024-01-05,63001.0,-0.0059364137077189,0.0013433516724035144,62627.0,63085.632498713094,0.0,63001.0,458.6324987130938,210343.768875816,-1,1,2554
XGBoost,H5,100,2024-01-01,2024-01-08,63001.0,-0.013666449738893,0.00164423743262887,62140.0,63104.58860249305,0.0,63001.0,964.5886024930514,930431.172059498,-1,1,2553
XGBoost,H6,100,2024-01-01,2024-01-09,63001.0,-0.0125394835002619,0.0019281578715890646,62211.0,63122.47587406798,0.0,63001.0,911.4758740679827,830788.2690079929,-1,1,2552
XGBoost,H7,100,2024-01-01,2024-01-10,63001.0,-0.0151426167838605,0.0022145851980894804,62047.0,63140.521082064835,0.0,63001.0,1093.5210820648354,1195788.3569202484,-1,1,2551
XGBoost,H1,101,2024-01-02,2024-01-03,63039.0,-0.0118180808705722,0.00036648334935307503,62294.0,63062.10274385987,0.0,63039.0,768.1027438598685,589981.8251250588,-1,1,2558
XGBoost,H2,101,2024-01-02,2024-01-04,63039.0,-0.0094386015006583,0.0007136203930713236,62444.0,63083.98591595882,0.0,63039.0,639.9859159588232,409581.9726256539,-1,1,2557
XGBoost,H3,101,2024-01-02,2024-01-05,63039.0,-0.0065356366693634,0.001042613061144948,62627.0,63104.72528476152,0.0,63039.0,477.7252847615164,228221.4477004719,-1,1,2556
XGBoost,H4,101,2024-01-02,2024-01-08,63039.0,-0.0142610130236837,0.0013411808758974075,62140.0,63123.5467012357,0.0,63039.0,983.5467012356967,967364.1135116208,-1,1,2555
XGBoost,H5,101,2024-01-02,2024-01-09,63039.0,-0.0131347261219245,0.0016487925313413143,62211.0,63142.938232383225,0.0,63039.0,931.9382323832251,868508.8689775701,-1,1,2554
XGBoost,H6,101,2024-01-02,2024-01-10,63039.0,-0.0157362902330303,0.0019299091072753072,62047.0,63160.65954021353,0.0,63039.0,1113.659540213528,1240237.571508607,-1,1,2553
XGBoost,H7,101,2024-01-02,2024-01-11,63039.0,-0.0191786037215057,0.0022334582172334194,61830.0,63179.79497255618,0.0,63039.0,1349.7949725561775,1821946.4679379321,-1,1,2552
XGBoost,H1,102,2024-01-03,2024-01-04,62294.0,0.002407936558898,0.0003536897129379213,62444.0,62316.032746977755,0.0,62294.0,127.96725302224513,16375.617846059306,1,1,2559
XGBoost,H2,102,2024-01-03,2024-01-05,62294.0,0.0053456191607539,0.0007922283839434385,62627.0,62343.35107494937,0.0,62294.0,283.64892505062744,80456.71268237647,1,1,2558
XGBoost,H3,102,2024-01-03,2024-01-08,62294.0,-0.0024721482004687,0.0010163804981857538,62140.0,62357.31440675398,0.0,62294.0,217.31440675398335,47225.55138283572,-1,1,2557
XGBoost,H4,102,2024-01-03,2024-01-09,62294.0,-0.0013323915625903,0.0013330165529623628,62211.0,62377.03893315024,0.0,62294.0,166.03893315023743,27568.927321669013,-1,1,2556
XGBoost,H5,102,2024-01-03,2024-01-10,62294.0,-0.0039650688669855,0.0016376759158447385,62047.0,62396.01738350163,0.0,62294.0,349.01738350163214,121813.13398632537,-1,1,2555
XGBoost,H6,102,2024-01-03,2024-01-11,62294.0,-0.0074485504221915,0.0019282784778624773,61830.0,62414.120179499965,0.0,62294.0,584.1201794999652,341196.3840990715,-1,1,2554
XGBoost,H7,102,2024-01-03,2024-01-12,62294.0,0.0012521270106269,0.002215729560703039,62372.0,62432.026657254435,0.0,62294.0,60.02665725443512,3603.1995811414286,1,1,2553
XGBoost,H1,103,2024-01-04,2024-01-05,62444.0,0.0029306258407533,0.00036318766069598496,62627.0,62466.6788902845,0.0,62444.0,160.32110971549992,25702.858220409362,1,1,2560
XGBoost,H2,103,2024-01-04,2024-01-08,62444.0,-0.0048683620523989,0.0007059543859213591,62140.0,62488.08261567447,0.0,62444.0,348.08261567447335,121161.50733478312,-1,1,2559
XGBoost,H3,103,2024-01-04,2024-01-09,62444.0,-0.003731343283582,0.001020162715576589,62211.0,62507.703040611465,0.0,62444.0,296.70304061146453,88032.69430808836,-1,1,2558
XGBoost,H4,103,2024-01-04,2024-01-10,62444.0,-0.0063576964960604,0.0013317071134224534,62047.0,62527.15711899055,0.0,62444.0,480.1571189905517,230550.85891730682,-1,1,2557
XGBoost,H5,103,2024-01-04,2024-01-11,62444.0,-0.0098328101979373,0.0016374060651287436,61830.0,62546.2461843309,0.0,62444.0,716.2461843308993,513008.5965685725,-1,1,2556
XGBoost,H6,103,2024-01-04,2024-01-12,62444.0,-0.0011530331176734,0.0019222358241677284,62372.0,62564.03209380433,0.0,62444.0,192.03209380432963,36876.32505087485,-1,1,2555
XGBoost,H7,103,2024-01-04,2024-01-15,62444.0,0.0019697649093588,0.0022015601862221956,62567.0,62581.47422426846,0.0,62444.0,14.474224268458784,209.5031681736412,1,1,2554
XGBoost,H1,104,2024-01-05,2024-01-08,62627.0,-0.0077761987641112,0.00036337890196591616,62140.0,62649.75733049342,0.0,62627.0,509.75733049341943,259852.53599177723,-1,1,2561
XGBoost,H2,104,2024-01-05,2024-01-09,62627.0,-0.0066425024350519,0.000707790779415518,62211.0,62671.326813142456,0.0,62627.0,460.32681314245565,211900.7748978893,-1,1,2560
XGBoost,H3,104,2024-01-05,2024-01-10,62627.0,-0.0092611812796398,0.001030678628012538,62047.0,62691.54831043654,0.0,62627.0,644.5483104365412,415442.5244865999,-1,1,2559
XGBoost,H4,104,2024-01-05,2024-01-11,62627.0,-0.0127261404825395,0.0013287856709212065,61830.0,62710.21786021278,0.0,62627.0,880.2178602127824,774783.4814375694,-1,1,2558
XGBoost,H5,104,2024-01-05,2024-01-12,62627.0,-0.0040717262522553,0.001634360640309751,62372.0,62729.35510382068,0.0,62627.0,357.3551038206788,127702.6702266881,-1,1,2557
XGBoost,H6,104,2024-01-05,2024-01-15,62627.0,-0.0009580532358247,0.0019178262446075678,62567.0,62747.10770422104,0.0,62627.0,180.10770422103815,32438.78511977296,-1,1,2556
XGBoost,H7,104,2024-01-05,2024-01-16,62627.0,-0.0089737653088923,0.002196827670559287,62065.0,62764.58072652412,0.0,62627.0,699.5807265241165,489413.1929240106,-1,1,2555
XGBoost,H1,105,2024-01-08,2024-01-09,62140.0,0.0011425812681042,0.00034632149618119,62211.0,62161.5204177727,0.0,62140.0,49.47958222730085,2448.2290573882265,1,1,2562
XGBoost,H2,105,2024-01-08,2024-01-10,62140.0,-0.0014966205342774,0.000677265808917582,62047.0,62182.08529736614,0.0,62140.0,135.08529736613855,18248.037564498078,-1,1,2561
XGBoost,H3,105,2024-01-08,2024-01-11,62140.0,-0.0049887351142581,0.000992320477962494,61830.0,62201.66279450059,0.0,62140.0,371.66279450058937,138133.2328159873,-1,1,2560
XGBoost,H4,105,2024-01-08,2024-01-12,62140.0,0.003733504988735,0.0013200630201026797,62372.0,62222.02871606918,0.0,62140.0,149.97128393081948,22491.386003858475,1,1,2559
XGBoost,H5,105,2024-01-08,2024-01-15,62140.0,0.0068715803025425,0.0016281866701319814,62567.0,62241.175519682,0.0,62140.0,325.8244803179987,106161.5919744939,1,1,2558
XGBoost,H6,105,2024-01-08,2024-01-16,62140.0,-0.001206952043772,0.0019118220079690218,62065.0,62258.800619575195,0.0,62140.0,193.80061957519501,37558.68014772946,-1,1,2557
XGBoost,H7,105,2024-01-08,2024-01-17,62140.0,-0.0093176697779208,0.0021898436825722456,61561.0,62276.07688643504,0.0,62140.0,715.0768864350393,511334.95351363014,-1,1,2556
XGBoost,H1,106,2024-01-09,2024-01-10,62211.0,-0.002636189741364,0.00036394564085640013,62047.0,62233.64142226332,0.0,62211.0,186.6414222633175,34835.02050447399,-1,1,2563
XGBoost,H2,106,2024-01-09,2024-01-11,62211.0,-0.0061243188503641,0.0006749342428520322,61830.0,62252.98833418207,0.0,62211.0,422.9883341820678,178919.13085412065,-1,1,2562
XGBoost,H3,106,2024-01-09,2024-01-12,62211.0,0.0025879667582904,0.0009767345618456602,62372.0,62271.76363382698,0.0,62211.0,100.23636617301963,10047.329103571674,1,1,2561
XGBoost,H4,106,2024-01-09,2024-01-15,62211.0,0.005722460658083,0.0013215093640610576,62567.0,62293.2124190476,0.0,62211.0,273.78758095239755,74959.63948376564,1,1,2560
XGBoost,H5,106,2024-01-09,2024-01-16,62211.0,-0.0023468518429217,0.0016179804224520922,62065.0,62311.65618006117,0.0,62211.0,246.6561800611671,60839.27116236689,-1,1,2559
XGBoost,H6,106,2024-01-09,2024-01-17,62211.0,-0.0104483129993088,0.0019062039209529757,61561.0,62329.586852126406,0.0,62211.0,768.5868521264056,590725.7492615773,-1,1,2558
XGBoost,H7,106,2024-01-09,2024-01-18,62211.0,-0.0067512176303226,0.0021837204694747925,61791.0,62346.851434126496,0.0,62211.0,555.8514341264963,308970.81682048267,-1,1,2557
XGBoost,H1,107,2024-01-10,2024-01-11,62047.0,-0.0034973487839863,0.00033933986560441554,61830.0,62068.05502064116,0.0,62047.0,238.05502064115717,56670.19285246177,-1,1,2564
XGBoost,H2,107,2024-01-10,2024-01-12,62047.0,0.0052379647686431,0.0006759269163012505,62372.0,62088.939237375744,0.0,62047.0,283.0607626242563,80123.39533742558,1,1,2563
XGBoost,H3,107,2024-01-10,2024-01-15,62047.0,0.0083807436298291,0.0009792088530957699,62567.0,62107.75697170803,0.0,62047.0,459.24302829196677,210904.15903477618,1,1,2562
XGBoost,H4,107,2024-01-10,2024-01-16,62047.0,0.0002901026641095,0.0013183490373194218,62065.0,62128.79960271856,0.0,62047.0,63.79960271855816,4070.389307045854,1,1,2561
XGBoost,H5,107,2024-01-10,2024-01-17,62047.0,-0.0078327719309555,0.0016155856428667903,61561.0,62147.242242382956,0.0,62047.0,586.2422423829557,343679.9667541962,-1,1,2560
XGBoost,H6,107,2024-01-10,2024-01-18,62047.0,-0.0041259045562235,0.0018990525277331471,61791.0,62164.83051218826,0.0,62047.0,373.8305121882586,139749.25184293574,-1,1,2559
XGBoost,H7,107,2024-01-10,2024-01-19,62047.0,-0.0004190371814914,0.002177232876420021,62021.0,62182.09076828323,0.0,62047.0,161.09076828323305,25950.23562608228,-1,1,2558
XGBoost,H1,108,2024-01-11,2024-01-12,61830.0,0.0087659712113861,0.0003379910485818982,62372.0,61850.89798653382,0.0,61830.0,521.1020134661812,271547.30843850813,1,1,2565
XGBoost,H2,108,2024-01-11,2024-01-15,61830.0,0.0119197800420507,0.0006731487810611725,62567.0,61871.62078913301,0.0,61830.0,695.3792108669877,483552.24690599454,1,1,2564
XGBoost,H3,108,2024-01-11,2024-01-16,61830.0,0.0038007439754164,0.000987487263046205,62065.0,61891.05633747415,0.0,61830.0,173.94366252585314,30256.397732907888,1,1,2563
XGBoost,H4,108,2024-01-11,2024-01-17,61830.0,-0.0043506388484554,0.001311102882027626,61561.0,61911.06549119577,0.0,61830.0,350.0654911957681,122545.8481261344,-1,1,2562
XGBoost,H5,108,2024-01-11,2024-01-18,61830.0,-0.0006307617661329,0.0016108888667076826,61791.0,61929.601258628536,0.0,61830.0,138.60125862853602,19210.30889341433,-1,1,2561
XGBoost,H6,108,2024-01-11,2024-01-19,61830.0,0.0030891153161896,0.0018955225823447108,62021.0,61947.20016126637,0.0,61830.0,73.79983873362653,5446.416197109283,1,1,2560
XGBoost,H7,108,2024-01-11,2024-01-22,61830.0,0.0009380559598899,0.0021687564440071583,61888.0,61964.09421093296,0.0,61830.0,76.0942109329626,5790.328937510204,1,1,2559
XGBoost,H1,109,2024-01-12,2024-01-15,62372.0,0.0031264028730839,0.0003503357875160873,62567.0,62393.85114373895,0.0,62372.0,173.1488562610466,29980.52642450858,1,1,2566
XGBoost,H2,109,2024-01-12,2024-01-16,62372.0,-0.0049220804207016,0.0006788013270124793,62065.0,62414.33819636842,0.0,62372.0,349.33819636842236,122037.17544194243,-1,1,2565
XGBoost,H3,109,2024-01-12,2024-01-17,62372.0,-0.0130026293849804,0.0009881331352517009,61561.0,62433.63183991192,0.0,62372.0,872.6318399119191,761486.3280280612,-1,1,2564
XGBoost,H4,109,2024-01-12,2024-01-18,62372.0,-0.0093150772782658,0.001320095849223435,61791.0,62454.337018307764,0.0,62372.0,663.3370183077641,440015.99985743494,-1,1,2563
XGBoost,H5,109,2024-01-12,2024-01-19,62372.0,-0.0056275251715512,0.0016076089814305305,62021.0,62472.269787389785,0.0,62372.0,451.26978738978505,203644.4210108218,-1,1,2562
XGBoost,H6,109,2024-01-12,2024-01-22,62372.0,-0.0077598922593471,0.0018966435454785824,61888.0,62490.29745121859,0.0,62372.0,602.2974512185901,362762.21974440996,-1,1,2561
XGBoost,H7,109,2024-01-12,2024-01-23,62372.0,-0.0059161162059898,0.0021683168597519398,62003.0,62507.24225917645,0.0,62372.0,504.242259176448,254260.25593936816,-1,1,2560
XGBoost,H1,110,2024-01-15,2024-01-16,62567.0,-0.0080233989163616,0.0003514454001560807,62065.0,62588.988884351566,0.0,62567.0,523.9888843515655,274564.3509239983,-1,1,2567
XGBoost,H2,110,2024-01-15,2024-01-17,62567.0,-0.0160787635654577,0.000696903676725924,61561.0,62610.60317234171,0.0,62567.0,1049.603172341711,1101666.8193897833,-1,1,2566
XGBoost,H3,110,2024-01-15,2024-01-18,62567.0,-0.0124027043009893,0.0009909444488584995,61791.0,62629.00042133173,0.0,62567.0,838.0004213317297,702244.7061521566,-1,1,2565
XGBoost,H4,110,2024-01-15,2024-01-19,62567.0,-0.0087266450365208,0.0013218766544014215,62021.0,62649.705856635934,0.0,62567.0,628.7058566359337,395271.0541683233,-1,1,2564
XGBoost,H5,110,2024-01-15,2024-01-22,62567.0,-0.0108523662633657,0.001616909634321928,61888.0,62668.16518509062,0.0,62567.0,780.1651850906201,608657.7160274815,-1,1,2563
XGBoost,H6,110,2024-01-15,2024-01-23,62567.0,-0.0090143366311313,0.001885115634649992,62003.0,62684.946029913146,0.0,62567.0,681.946029913146,465050.38771430147,-1,1,2562
XGBoost,H7,110,2024-01-15,2024-01-24,62567.0,-0.0079115188517908,0.0021682349033653736,62072.0,62702.65995319886,0.0,62567.0,630.6599531988613,397731.97656879,-1,1,2561
XGBoost,H1,111,2024-01-16,2024-01-17,62065.0,-0.008120518810924,0.00034800858702510595,61561.0,62086.59915295371,0.0,62065.0,525.5991529537132,276254.4695856608,-1,1,2568
XGBoost,H2,111,2024-01-16,2024-01-18,62065.0,-0.004414726496415,0.0006810909835621715,61791.0,62107.271911894786,0.0,62065.0,316.2719118947862,100027.92225358338,-1,1,2567
XGBoost,H3,111,2024-01-16,2024-01-19,62065.0,-0.000708934181906,0.0009920584270730615,62021.0,62126.57210627629,0.0,62065.0,105.57210627628956,11145.469623612178,-1,1,2566
XGBoost,H4,111,2024-01-16,2024-01-22,62065.0,-0.0028518488681221,0.0013215341605246067,61888.0,62147.02101767296,0.0,62065.0,259.0210176729597,67091.88759633571,-1,1,2565
XGBoost,H5,111,2024-01-16,2024-01-23,62065.0,-0.0009989527108675,0.001615280518308282,62003.0,62165.2523853688,0.0,62065.0,162.25238536880352,26325.836557866725,-1,1,2564
XGBoost,H6,111,2024-01-16,2024-01-24,62065.0,0.0001127849834849,0.001884157070890069,62072.0,62181.94020860479,0.0,62065.0,109.94020860479213,12086.84946806521,1,1,2563
XGBoost,H7,111,2024-01-16,2024-01-25,62065.0,-0.000467252074438,0.002164089120924473,62036.0,62199.31419129018,0.0,62065.0,163.3141912901774,26671.525076764658,-1,1,2562
XGBoost,H1,112,2024-01-17,2024-01-18,61561.0,0.0037361316417861,0.00033587831421755254,61791.0,61581.67700490155,0.0,61561.0,209.32299509845325,43816.11627698708,1,1,2569
XGBoost,H2,112,2024-01-17,2024-01-19,61561.0,0.0074722632835724,0.0007196310325525701,62021.0,61605.30120599497,0.0,61561.0,415.69879400503123,172805.4873372374,1,1,2568
XGBoost,H3,112,2024-01-17,2024-01-22,61561.0,0.0053118045515829,0.0009844290325418115,61888.0,61621.60243567231,0.0,61561.0,266.39756432769354,70967.66227972762,1,1,2567
XGBoost,H4,112,2024-01-17,2024-01-23,61561.0,0.0071798703724761,0.0013192874612286687,62003.0,61642.2166554007,0.0,61561.0,360.7833445993019,130164.62174025865,1,1,2566
XGBoost,H5,112,2024-01-17,2024-01-24,61561.0,0.0083007098650118,0.0016111996956169605,62072.0,61660.187064461876,0.0,61561.0,411.8129355381243,169589.89387652732,1,1,2565
XGBoost,H6,112,2024-01-17,2024-01-25,61561.0,0.0077159240428192,0.0019439749885350466,62036.0,61680.673044269206,0.0,61561.0,355.326955730794,126257.24546891364,1,1,2564
XGBoost,H7,112,2024-01-17,2024-01-29,61561.0,0.0109322460648786,0.0021596045698970556,62234.0,61693.94741692743,0.0,61561.0,540.0525830725674,291656.79248335224,1,1,2563
XGBoost,H1,113,2024-01-18,2024-01-19,61791.0,0.0037222249194865,0.00033759555662982166,62021.0,61811.86036703971,0.0,61791.0,209.1396329602867,43739.38607476343,1,1,2570
XGBoost,H2,113,2024-01-18,2024-01-22,61791.0,0.001569807900827,0.0006716233328916132,61888.0,61832.500277362706,0.0,61791.0,55.499722637294326,3080.2192128166002,1,1,2569
XGBoost,H3,113,2024-01-18,2024-01-23,61791.0,0.0034309203605702,0.0009811915224418044,62003.0,61851.6288053632,0.0,61791.0,151.37119463679846,22913.238565771524,1,1,2568
XGBoost,H4,113,2024-01-18,2024-01-24,61791.0,0.0045475878364162,0.0013150724116712809,62072.0,61872.25963938958,0.0,61791.0,199.74036061041988,39896.21165678058,1,1,2567
XGBoost,H5,113,2024-01-18,2024-01-25,61791.0,0.0039649787185835,0.0016072202706709504,62036.0,61890.31174774503,0.0,61791.0,145.6882522549713,21225.06684510815,1,1,2566
XGBoost,H6,113,2024-01-18,2024-01-29,61791.0,0.0071693288666634,0.0018680768553167582,62234.0,61906.43033696688,0.0,61791.0,327.5696630331222,107301.88413963323,1,1,2565
XGBoost,H7,113,2024-01-18,2024-01-30,61791.0,0.0093864802317489,0.00215596379712224,62371.0,61924.21915898798,0.0,61791.0,446.78084101201966,199613.11989540758,1,1,2564
XGBoost,H1,114,2024-01-19,2024-01-22,62021.0,-0.0021444349494526,0.0003407327167224139,61888.0,62042.13258382384,0.0,62021.0,154.13258382384083,23756.853396213322,-1,1,2571
XGBoost,H2,114,2024-01-19,2024-01-23,62021.0,-0.0002902242788732,0.0006729543092660606,62003.0,62062.73729921499,0.0,62021.0,59.737299214990344,3568.544917501286,-1,1,2570
XGBoost,H3,114,2024-01-19,2024-01-24,62021.0,0.0008223021234743,0.0009814532240852714,62072.0,62081.87071041099,0.0,62021.0,9.870710410992615,97.430924017678,1,1,2569
XGBoost,H4,114,2024-01-19,2024-01-25,62021.0,0.0002418535657278,0.0013108891434967518,62036.0,62102.30265556881,0.0,62021.0,66.30265556881204,4396.042135476522,1,1,2568
XGBoost,H5,114,2024-01-19,2024-01-29,62021.0,0.0034343206333338,0.0016042714705690742,62234.0,62120.498520876165,0.0,62021.0,113.50147912383545,12882.585763298455,1,1,2567
XGBoost,H6,114,2024-01-19,2024-01-30,62021.0,0.0056432498669805,0.0018718196079134941,62371.0,62137.0921239024,0.0,62021.0,233.90787609759718,54712.894500488874,1,1,2566
XGBoost,H7,114,2024-01-19,2024-01-31,62021.0,0.0136082939649473,0.0021553151309490204,62865.0,62154.67479973659,0.0,62021.0,710.3252002634108,504561.89012925467,1,1,2565
XGBoost,H1,115,2024-01-22,2024-01-23,61888.0,0.0018581954498448,0.00035709055373445153,62003.0,61910.09962018952,0.0,61888.0,92.90037981048226,8630.48056893186,1,1,2572
XGBoost,H2,115,2024-01-22,2024-01-24,61888.0,0.0029731127197518,0.0006869647186249495,62072.0,61930.51487250626,0.0,61888.0,141.48512749373913,20018.041301919617,1,1,2571
XGBoost,H3,115,2024-01-22,2024-01-25,61888.0,0.0023914167528438,0.0009832072537392378,62036.0,61948.848730519414,0.0,61888.0,87.15126948058605,7595.34377207773,1,1,2570
XGBoost,H4,115,2024-01-22,2024-01-29,61888.0,0.0055907445708376,0.0013097478076815605,62234.0,61969.0576723218,0.0,61888.0,264.9423276782036,70194.4369955446,1,1,2569
XGBoost,H5,115,2024-01-22,2024-01-30,61888.0,0.0078044208893484,0.001599727082066238,62371.0,61987.003909654915,0.0,61888.0,383.99609034508467,147452.9974003104,1,1,2568
XGBoost,H6,115,2024-01-22,2024-01-31,61888.0,0.01578658221303,0.001860877382569015,62865.0,62003.16597945243,0.0,61888.0,861.8340205475688,742757.8789731872,1,1,2567
XGBoost,H7,115,2024-01-22,2024-02-01,61888.0,0.0192444415718717,0.0021548301447182894,63079.0,62021.358127996325,0.0,61888.0,1057.6418720036745,1118606.329415437,1,1,2566
XGBoost,H1,116,2024-01-23,2024-01-24,62003.0,0.0011128493782559,0.0003385344462003559,62072.0,62023.99015126776,0.0,62003.0,48.009848732239334,2304.945575292503,1,1,2573
XGBoost,H2,116,2024-01-23,2024-01-25,62003.0,0.0005322323113396,0.0006728633888997138,62036.0,62044.71954870195,0.0,62003.0,8.719548701948952,76.03052956565965,1,1,2572
XGBoost,H3,116,2024-01-23,2024-01-29,62003.0,0.0037256261793783,0.0009842363651841879,62234.0,62064.025607350515,0.0,62003.0,169.9743926494848,28891.29415656123,1,1,2571
XGBoost,H4,116,2024-01-23,2024-01-30,62003.0,0.0059351966840313,0.0013121399097144604,62371.0,62084.356610822026,0.0,62003.0,286.6433891779743,82164.43255943565,1,1,2570
XGBoost,H5,116,2024-01-23,2024-01-31,62003.0,0.0139025531022691,0.001602760050445795,62865.0,62102.37593140779,0.0,62003.0,762.6240685922094,581595.4699961349,1,1,2569
XGBoost,H6,116,2024-01-23,2024-02-01,62003.0,0.0173539990000484,0.00186506740283221,63079.0,62118.639774177806,0.0,62003.0,960.3602258221945,922291.7633412564,1,1,2568
XGBoost,H7,116,2024-01-23,2024-02-02,62003.0,0.0102575681821848,0.0021516475826501846,62639.0,62136.40860506706,0.0,62003.0,502.5913949329406,252598.11026063908,1,1,2567
XGBoost,H1,117,2024-01-24,2024-01-25,62072.0,-0.0005799716458306,0.00034073757706210017,62036.0,62093.1502628834,0.0,62072.0,57.15026288339868,3266.152547641577,-1,1,2574
XGBoost,H2,117,2024-01-24,2024-01-29,62072.0,0.002609872406238,0.0006741355755366385,62234.0,62113.84494344471,0.0,62072.0,120.15505655528978,14437.237615804885,1,1,2573
XGBoost,H3,117,2024-01-24,2024-01-30,62072.0,0.0048169867250933,0.0009841494029387832,62371.0,62133.088121739216,0.0,62072.0,237.91187826078385,56602.06181757404,1,1,2572
XGBoost,H4,117,2024-01-24,2024-01-31,62072.0,0.0127754865317695,0.0013131920713931322,62865.0,62153.512458255515,0.0,62072.0,711.4875417444855,506214.522057611,1,1,2571
XGBoost,H5,117,2024-01-24,2024-02-01,62072.0,0.0162230957597628,0.0016051377169787884,63079.0,62171.63410836831,0.0,62072.0,907.3658916316926,823312.8612965766,1,1,2570
XGBoost,H6,117,2024-01-24,2024-02-02,62072.0,0.0091345534218327,0.0018682630034163594,62639.0,62187.96682114806,0.0,62072.0,451.03317885193974,203430.92842528585,1,1,2569
XGBoost,H7,117,2024-01-24,2024-02-05,62072.0,0.0075718520427889,0.0021476491820067167,62542.0,62205.30888002552,0.0,62072.0,336.6911199744791,113360.91026966907,1,1,2568
XGBoost,H1,118,2024-01-25,2024-01-29,62036.0,0.0031916951447545,0.0003399380948394537,62234.0,62057.08839965146,0.0,62036.0,176.91160034853965,31297.714337881414,1,1,2575
XGBoost,H2,118,2024-01-25,2024-01-30,62036.0,0.0054000902701656,0.0006719297380186617,62371.0,62077.683833227726,0.0,62036.0,293.3161667722743,86034.37368998062,1,1,2574
XGBoost,H3,118,2024-01-25,2024-01-31,62036.0,0.013363208459604,0.0009829316986724734,62865.0,62096.977150858846,0.0,62036.0,768.0228491411544,589859.0968028965,1,1,2573
XGBoost,H4,118,2024-01-25,2024-02-01,62036.0,0.0168128183635307,0.0013127635465934873,63079.0,62117.43859937647,0.0,62036.0,961.5614006235264,924600.3271690779,1,1,2572
XGBoost,H5,118,2024-01-25,2024-02-02,62036.0,0.0097201624862983,0.001605959259904921,62639.0,62135.62728864746,0.0,62036.0,503.3727113525383,253384.08653440585,1,1,2571
XGBoost,H6,118,2024-01-25,2024-02-05,62036.0,0.0081565542588175,0.0018706487026065588,62542.0,62152.0475629149,0.0,62036.0,389.9524370850995,152062.9031886085,1,1,2570
XGBoost,H7,118,2024-01-25,2024-02-06,62036.0,0.0046102263202012,0.0021504589822143316,62322.0,62169.40587342065,0.0,62036.0,152.59412657935172,23284.967466515216,1,1,2569
XGBoost,H1,119,2024-01-29,2024-01-30,62234.0,0.0022013690265771,0.00034115268499590456,62371.0,62255.231296198035,0.0,62234.0,115.76870380196488,13402.392779987076,1,1,2576
XGBoost,H2,119,2024-01-29,2024-01-31,62234.0,0.0101391522318989,0.0006724151899106801,62865.0,62275.8470869289,0.0,62234.0,589.1529130710987,347101.15498016163,1,1,2575
XGBoost,H3,119,2024-01-29,2024-02-01,62234.0,0.0135777870617348,0.000983957783319056,63079.0,62295.23562868708,0.0,62234.0,783.7643713129219,614286.5897395397,1,1,2574
XGBoost,H4,119,2024-01-29,2024-02-02,62234.0,0.0065076967573995,0.0013145656557753682,62639.0,62315.810679021524,0.0,62234.0,323.18932097847573,104451.33719452821,1,1,2573
XGBoost,H5,119,2024-01-29,2024-02-05,62234.0,0.0049490632130346,0.001606686390005052,62542.0,62333.990520795574,0.0,62234.0,208.0094792044256,43267.943438896364,1,1,2572
XGBoost,H6,119,2024-01-29,2024-02-06,62234.0,0.001414018060867,0.0018731169402599335,62322.0,62350.57155966014,0.0,62234.0,28.5715596601367,816.3340214127508,1,1,2571
XGBoost,H7,119,2024-01-29,2024-02-07,62234.0,0.0011408554809269,0.0021534604020416737,62305.0,62368.01845466066,0.0,62234.0,63.01845466066152,3971.3256278178515,1,1,2570
XGBoost,H1,120,2024-01-30,2024-01-31,62371.0,0.0079203475974412,0.00036606512730941176,62865.0,62393.831848055415,0.0,62371.0,471.1681519445847,221999.42740687524,1,1,2577
XGBoost,H2,120,2024-01-30,2024-02-01,62371.0,0.0113514293501788,0.0006885436596348882,63079.0,62413.94515659509,0.0,62371.0,665.0548434049124,442297.9447363325,1,1,2576
XGBoost,H3,120,2024-01-30,2024-02-02,62371.0,0.0042968687370732,0.0009871982038021088,62639.0,62432.57253916934,0.0,62371.0,206.42746083065867,42612.29658499312,1,1,2575
XGBoost,H4,120,2024-01-30,2024-02-05,62371.0,0.0027416587837296,0.0013164087431505322,62542.0,62453.10572971904,0.0,62371.0,88.89427028095815,7902.19128878404,1,1,2574
XGBoost,H5,120,2024-01-30,2024-02-06,62371.0,-0.0007856215228231,0.0016092146979644895,62322.0,62471.36832992674,0.0,62371.0,149.36832992674317,22310.8979851044,-1,1,2573
XGBoost,H6,120,2024-01-30,2024-02-07,62371.0,-0.0010581840919657,0.0018746196292340755,62305.0,62487.92190089496,0.0,62371.0,182.92190089495853,33460.42182702503,-1,1,2572
XGBoost,H7,120,2024-01-30,2024-02-08,62371.0,-0.0024370300299818,0.002156110480427742,62219.0,62505.47876677476,0.0,62371.0,286.4787667747587,82070.08381278659,-1,1,2571
XGBoost,H1,121,2024-01-31,2024-02-01,62865.0,0.0034041199395529,0.0003688918659463525,63079.0,62888.19038715272,0.0,62865.0,190.80961284728255,36408.30835492985,1,1,2578
XGBoost,H2,121,2024-01-31,2024-02-02,62865.0,-0.0035950051698083,0.0006940942257642746,62639.0,62908.63423350267,0.0,62865.0,269.6342335026711,72702.61987657298,-1,1,2577
XGBoost,H3,121,2024-01-31,2024-02-05,62865.0,-0.0051379941143721,0.0009941206080839038,62542.0,62927.495392027195,0.0,62865.0,385.4953920271946,148606.69727420047,-1,1,2576
XGBoost,H4,121,2024-01-31,2024-02-06,62865.0,-0.0086375566690527,0.0013208093587309122,62322.0,62948.03268033662,0.0,62865.0,626.0326803366188,391916.91684945114,-1,1,2575
XGBoost,H5,121,2024-01-31,2024-02-07,62865.0,-0.0089079774119144,0.001614149659872055,62305.0,62966.47351836786,0.0,62865.0,661.4735183678567,437547.2155019513,-1,1,2574
XGBoost,H6,121,2024-01-31,2024-02-08,62865.0,-0.010275988228744,0.0018800286343321204,62219.0,62983.18800009729,0.0,62865.0,764.1880000972888,583983.2994926937,-1,1,2573
XGBoost,H7,121,2024-01-31,2024-02-09,62865.0,-0.0120893979161695,0.002160677220672369,62105.0,63000.83097347757,0.0,62865.0,895.8309734775685,802513.133041768,-1,1,2572
XGBoost,H1,122,2024-02-01,2024-02-02,63079.0,-0.0069753800789486,0.00037717094528488815,62639.0,63102.791566057625,0.0,63079.0,463.79156605762546,215102.61674618477,-1,1,2579
XGBoost,H2,122,2024-02-01,2024-02-05,63079.0,-0.0085131343236258,0.00069836201146245,62542.0,63123.05197732104,0.0,63079.0,581.0519773210399,337621.4003486902,-1,1,2578
XGBoost,H3,122,2024-02-01,2024-02-06,63079.0,-0.0120008243631002,0.0009969162056222558,62322.0,63141.884477334446,0.0,63079.0,819.8844773344463,672210.5561739781,-1,1,2577
XGBoost,H4,122,2024-02-01,2024-02-07,63079.0,-0.0122703276843323,0.0013268908951431513,62305.0,63162.698950774735,0.0,63079.0,857.6989507747348,735647.4901600811,-1,1,2576
XGBoost,H5,122,2024-02-01,2024-02-08,63079.0,-0.0136336974270359,0.00161969184409827,62219.0,63181.168541833875,0.0,63079.0,962.1685418338748,925768.3028947248,-1,1,2575
XGBoost,H6,122,2024-02-01,2024-02-09,63079.0,-0.0154409549929454,0.0018862489378079772,62105.0,63197.98269674799,0.0,63079.0,1092.9826967479894,1194611.1753905073,-1,1,2574
XGBoost,H7,122,2024-02-01,2024-02-12,63079.0,-0.0193883859921685,0.0021680232603102922,61856.0,63215.75673923711,0.0,63079.0,1359.756739237113,1848938.3899007458,-1,1,2573
XGBoost,H1,123,2024-02-02,2024-02-05,62639.0,-0.0015485560114305,0.0003662054368760437,62542.0,62661.93874236048,0.0,62639.0,119.9387423604785,14385.30191901324,-1,1,2580
XGBoost,H2,123,2024-02-02,2024-02-06,62639.0,-0.0050607449033349,0.0006964246858842671,62322.0,62682.623345899105,0.0,62639.0,360.6233458991046,130049.19760746525,-1,1,2579
XGBoost,H3,123,2024-02-02,2024-02-07,62639.0,-0.0053321413177094,0.0009982179617509246,62305.0,62701.527374906116,0.0,62639.0,396.52737490611617,157233.9590499356,-1,1,2578
XGBoost,H4,123,2024-02-02,2024-02-08,62639.0,-0.0067050878845448,0.0013288476038724184,62219.0,62722.237685058964,0.0,62639.0,503.2376850589644,253248.16766350545,-1,1,2577
XGBoost,H5,123,2024-02-02,2024-02-09,62639.0,-0.0085250403103497,0.0016230117762461305,62105.0,62740.66383465228,0.0,62639.0,635.6638346522814,404068.5106848429,-1,1,2576
XGBoost,H6,123,2024-02-02,2024-02-12,62639.0,-0.012500199556187,0.0018897710833698511,61856.0,62757.373370891204,0.0,62639.0,901.3733708912041,812473.9537517722,-1,1,2575
XGBoost,H7,123,2024-02-02,2024-02-13,62639.0,-0.0219032870895129,0.0021712700836360455,61267.0,62775.00618676888,0.0,62639.0,1508.0061867688783,2274082.6593332128,-1,1,2574
XGBoost,H1,124,2024-02-05,2024-02-06,62542.0,-0.0035176361485081,0.00035183082218281925,62322.0,62564.00420328096,0.0,62542.0,242.00420328095788,58566.03440565118,-1,1,2581
XGBoost,H2,124,2024-02-05,2024-02-07,62542.0,-0.0037894534872565,0.0006927254144102335,62305.0,62585.324432868045,0.0,62542.0,280.3244328680448,78581.78766279097,-1,1,2580
XGBoost,H3,124,2024-02-05,2024-02-08,62542.0,-0.0051645294362188,0.0009958489099517465,62219.0,62604.2823825262,0.0,62542.0,385.2823825262021,148442.51428506675,-1,1,2579
XGBoost,H4,124,2024-02-05,2024-02-09,62542.0,-0.0069873045313548,0.0013294062810018659,62105.0,62625.14372762642,0.0,62542.0,520.1437276264187,270549.497389106,-1,1,2578
XGBoost,H5,124,2024-02-05,2024-02-12,62542.0,-0.0109686290812573,0.0016240952536463737,61856.0,62643.57416535355,0.0,62542.0,787.5741653535515,620273.0659323432,-1,1,2577
XGBoost,H6,124,2024-02-05,2024-02-13,62542.0,-0.0203863004061271,0.0018998223822563887,61267.0,62660.81869143108,0.0,62542.0,1393.818691431079,1942730.5445826456,-1,1,2576
XGBoost,H7,124,2024-02-05,2024-02-14,62542.0,-0.0219372581625147,0.0021736889611929655,61170.0,62677.94685501093,0.0,62542.0,1507.9468550109304,2273903.717537356,-1,1,2575
XGBoost,H1,125,2024-02-06,2024-02-07,62322.0,-0.0002727768685215,0.00034184171818196774,62305.0,62343.30425956054,0.0,62322.0,38.30425956053659,1467.216300480959,-1,1,2582
XGBoost,H2,125,2024-02-06,2024-02-08,62322.0,-0.0016527069092776,0.000676961790304631,62219.0,62364.189612695365,0.0,62322.0,145.1896126953652,21080.023634630157,-1,1,2581
XGBoost,H3,125,2024-02-06,2024-02-09,62322.0,-0.0034819164981868,0.0009906894993036985,62105.0,62383.741750975605,0.0,62322.0,278.7417509756051,77696.96373694624,-1,1,2580
XGBoost,H4,125,2024-02-06,2024-02-12,62322.0,-0.0074772953371201,0.0013255641097202897,61856.0,62404.61180644599,0.0,62322.0,548.6118064459879,300974.9141719301,-1,1,2579
XGBoost,H5,125,2024-02-06,2024-02-13,62322.0,-0.0169282115464843,0.0016231527552008629,61267.0,62423.15812600963,0.0,62322.0,1156.1581260096282,1336701.6123380952,-1,1,2578
XGBoost,H6,125,2024-02-06,2024-02-14,62322.0,-0.018484644266872,0.0018997638253495097,61170.0,62440.39708112343,0.0,62322.0,1270.3970811234321,1613908.7437269362,-1,1,2577
XGBoost,H7,125,2024-02-06,2024-02-15,62322.0,-0.0163024293186996,0.002174545545130968,61306.0,62457.52202746365,0.0,62322.0,1151.5220274636522,1326002.979734,-1,1,2576
XGBoost,H1,126,2024-02-07,2024-02-08,62305.0,-0.0013803065564561,0.0003486233181320131,62219.0,62326.720975836215,0.0,62305.0,107.72097583621508,11603.808635106432,-1,1,2583
XGBoost,H2,126,2024-02-07,2024-02-09,62305.0,-0.0032100152475724,0.0006864274037070572,62105.0,62347.76785938797,0.0,62305.0,242.7678593879682,58936.2335518163,-1,1,2582
XGBoost,H3,126,2024-02-07,2024-02-12,62305.0,-0.0072064842308,0.0009865144966170192,61856.0,62366.46478571172,0.0,62305.0,510.4647857117234,260574.29745171568,-1,1,2581
XGBoost,H4,126,2024-02-07,2024-02-13,62305.0,-0.0166599791349009,0.0013201915426179767,61267.0,62387.25453406281,0.0,62305.0,1120.254534062813,1254970.2210882904,-1,1,2580
XGBoost,H5,126,2024-02-07,2024-02-14,62305.0,-0.0182168365299735,0.0016190529568120837,61170.0,62405.87509447418,0.0,62305.0,1235.8750944741769,1527387.2491415555,-1,1,2579
XGBoost,H6,126,2024-02-07,2024-02-15,62305.0,-0.0160340261616243,0.0018985895439982414,61306.0,62423.29162153881,0.0,62305.0,1117.2916215388104,1248340.5675608243,-1,1,2578
XGBoost,H7,126,2024-02-07,2024-02-16,62305.0,-0.0129524115239547,0.0021743762772530317,61498.0,62440.47451395425,0.0,62305.0,942.4745139542501,888258.2094533,-1,1,2577
XGBoost,H1,127,2024-02-08,2024-02-09,62219.0,-0.001832237740883,0.0003409285855013877,62105.0,62240.21223566131,0.0,62219.0,135.21223566131084,18282.34867252986,-1,1,2584
XGBoost,H2,127,2024-02-08,2024-02-12,62219.0,-0.0058342307012327,0.0006723313126713037,61856.0,62260.831781943096,0.0,62219.0,404.83178194309585,163888.77167122232,-1,1,2583
XGBoost,H3,127,2024-02-08,2024-02-13,62219.0,-0.0153007923624616,0.0009840603452175856,61267.0,62280.22725061909,0.0,62219.0,1013.227250619093,1026629.4613971262,-1,1,2582
XGBoost,H4,127,2024-02-08,2024-02-14,62219.0,-0.0168598016683007,0.0013171397149562836,61170.0,62300.951115924865,0.0,62219.0,1130.951115924865,1279050.4266116975,-1,1,2581
XGBoost,H5,127,2024-02-08,2024-02-15,62219.0,-0.014673974187949,0.0016129805007949471,61306.0,62319.35803377896,0.0,62219.0,1013.3580337789608,1026894.5046243615,-1,1,2580
XGBoost,H6,127,2024-02-08,2024-02-16,62219.0,-0.0115881000980407,0.0019146970007568598,61498.0,62338.13053269009,0.0,62219.0,840.1305326900911,705819.3119581362,-1,1,2579
XGBoost,H7,127,2024-02-08,2024-02-19,62219.0,-0.0092897667914945,0.0021725487895309925,61641.0,62354.17381313583,0.0,62219.0,713.1738131358288,508616.8877426981,-1,1,2578
XGBoost,H1,128,2024-02-09,2024-02-12,62105.0,-0.004009339022623,0.0003400617279112339,61856.0,62126.11953361193,0.0,62105.0,270.1195336119272,72964.56243872506,-1,1,2585
XGBoost,H2,128,2024-02-09,2024-02-13,62105.0,-0.0134932775138877,0.000685965467710048,61267.0,62147.60188537213,0.0,62105.0,880.6018853721325,775459.6805209544,-1,1,2584
XGBoost,H3,128,2024-02-09,2024-02-14,62105.0,-0.0150551485387649,0.0009823089931160212,61170.0,62166.00630001747,0.0,62105.0,996.0063000174705,992028.5496744914,-1,1,2583
XGBoost,H4,128,2024-02-09,2024-02-15,62105.0,-0.0128653087513083,0.0013138232752680779,61306.0,62186.594994510524,0.0,62105.0,880.594994510524,775447.5443569898,-1,1,2582
XGBoost,H5,128,2024-02-09,2024-02-16,62105.0,-0.0097737702278399,0.001609073136933148,61498.0,62204.93148716923,0.0,62105.0,706.9314871692332,499752.12755130365,-1,1,2581
XGBoost,H6,128,2024-02-09,2024-02-19,62105.0,-0.0074712180983818,0.0019077734323218465,61641.0,62223.48226901435,0.0,62105.0,582.4822690143483,339285.5937161036,-1,1,2580
XGBoost,H7,128,2024-02-09,2024-02-20,62105.0,-0.0047500201272039,0.0021670605055987835,61810.0,62239.58529270021,0.0,62105.0,429.58529270021245,184543.5237043272,-1,1,2579
XGBoost,H1,129,2024-02-12,2024-02-13,61856.0,-0.0095221158820486,0.0003384506271686405,61267.0,61876.93520199414,0.0,61856.0,609.9352019941434,372020.95063163654,-1,1,2586
XGBoost,H2,129,2024-02-12,2024-02-14,61856.0,-0.0110902741852043,0.0006702427635900676,61170.0,61897.45853638463,0.0,61856.0,727.4585363846272,529195.922158864,-1,1,2585
XGBoost,H3,129,2024-02-12,2024-02-15,61856.0,-0.0088916192446973,0.0009790282929316163,61306.0,61916.55877408758,0.0,61856.0,610.5587740875781,372782.01661532617,-1,1,2584
XGBoost,H4,129,2024-02-12,2024-02-16,61856.0,-0.0057876357992757,0.0013103714445605874,61498.0,61937.05433607474,0.0,61856.0,439.0543360747397,192768.71002603046,-1,1,2583
XGBoost,H5,129,2024-02-12,2024-02-19,61856.0,-0.0034758147956543,0.0016039591282606125,61641.0,61955.21449583769,0.0,61856.0,314.21449583768845,98730.74939453273,-1,1,2582
XGBoost,H6,129,2024-02-12,2024-02-20,61856.0,-0.0007436627004655,0.0018924119649454951,61810.0,61973.05703450367,0.0,61856.0,163.05703450366855,26587.596501130556,-1,1,2581
XGBoost,H7,129,2024-02-12,2024-02-21,61856.0,-0.0018106570098292,0.002158527262508869,61744.0,61989.51786234975,0.0,61856.0,245.5178623497486,60279.02073279011,-1,1,2580
XGBoost,H1,130,2024-02-13,2024-02-14,61267.0,-0.0015832340411641,0.0003347275487612933,61170.0,61287.50775272996,0.0,61267.0,117.50775272995816,13808.071951644988,-1,1,2587
XGBoost,H2,130,2024-02-13,2024-02-15,61267.0,0.0006365580165506,0.0006639669300056994,61306.0,61307.67926190066,0.0,61267.0,1.679261900659185,2.819920531005498,1,1,2586
XGBoost,H3,130,2024-02-13,2024-02-16,61267.0,0.0037703820980299,0.0009725563577376306,61498.0,61326.58561036951,0.0,61267.0,171.41438963048859,29382.892972392954,1,1,2585
XGBoost,H4,130,2024-02-13,2024-02-19,61267.0,0.006104428158715,0.0013033139985054731,61641.0,61346.850138746435,0.0,61267.0,294.1498612535652,86524.14087549165,1,1,2584
XGBoost,H5,130,2024-02-13,2024-02-20,61267.0,0.008862846230434,0.0016192917246371508,61810.0,61366.209146093344,0.0,61267.0,443.7908539066557,196950.32201119862,1,1,2583
XGBoost,H6,130,2024-02-13,2024-02-21,61267.0,0.0077855942024254,0.0019085707608610392,61744.0,61383.93240480567,0.0,61267.0,360.0675951943267,129648.67310902553,1,1,2582
XGBoost,H7,130,2024-02-13,2024-02-22,61267.0,0.0064308681672025,0.002190037164837122,61661.0,61401.177006978076,0.0,61267.0,259.82299302192405,67507.9877028708,1,1,2581
XGBoost,H1,131,2024-02-14,2024-02-15,61170.0,0.0022233120810855,0.0003338678798172623,61306.0,61190.42269820842,0.0,61170.0,115.57730179157807,13358.112689421514,1,1,2588
XGBoost,H2,131,2024-02-14,2024-02-16,61170.0,0.0053621056073238,0.0006591931451112032,61498.0,61210.32284468645,0.0,61170.0,287.6771553135477,82758.14568929505,1,1,2587
XGBoost,H3,131,2024-02-14,2024-02-19,61170.0,0.0076998528690535,0.0009666337282396853,61641.0,61229.12898515642,0.0,61170.0,411.87101484357845,169637.7328682792,1,1,2586
XGBoost,H4,131,2024-02-14,2024-02-20,61170.0,0.0104626450874611,0.0012961066095158458,61810.0,61249.282841304084,0.0,61170.0,560.7171586959157,314403.7320560207,1,1,2585
XGBoost,H5,131,2024-02-14,2024-02-21,61170.0,0.0093836848128168,0.0016114450991153717,61744.0,61268.57209671289,0.0,61170.0,475.4279032871127,226031.6912239802,1,1,2584
XGBoost,H6,131,2024-02-14,2024-02-22,61170.0,0.0080268105280365,0.0018856541719287634,61661.0,61285.34546569688,0.0,61170.0,375.65453430311754,141116.32914249212,1,1,2583
XGBoost,H7,131,2024-02-14,2024-02-23,61170.0,0.0120974333823768,0.0021805681753903627,61910.0,61303.38535528863,0.0,61170.0,606.6146447113715,367981.3271783035,1,1,2582
XGBoost,H1,132,2024-02-15,2024-02-16,61306.0,0.0031318304896748,0.0003416664549149573,61498.0,61326.94620368502,0.0,61306.0,171.05379631498363,29259.401233767905,1,1,2589
XGBoost,H2,132,2024-02-15,2024-02-19,61306.0,0.0054643917397971,0.0006570894620381296,61641.0,61346.28352655971,0.0,61306.0,294.71647344029043,86857.79971708142,1,1,2588
XGBoost,H3,132,2024-02-15,2024-02-20,61306.0,0.0082210550353962,0.0009628624538891017,61810.0,61365.029245598125,0.0,61306.0,444.97075440187473,197998.9722729735,1,1,2587
XGBoost,H4,132,2024-02-15,2024-02-21,61306.0,0.0071444883045705,0.00129096326418221,61744.0,61385.143793873955,0.0,61306.0,358.85620612604544,128777.77667517881,1,1,2586
XGBoost,H5,132,2024-02-15,2024-02-22,61306.0,0.0057906240824714,0.0015820167027413845,61661.0,61402.98711597826,0.0,61306.0,258.0128840217367,66570.64832121415,1,1,2585
XGBoost,H6,132,2024-02-15,2024-02-23,61306.0,0.0098522167487684,0.0018431739881634712,61910.0,61418.99762451835,0.0,61306.0,491.00237548165023,241083.33272862344,1,1,2584
XGBoost,H7,132,2024-02-15,2024-02-26,61306.0,0.0075033438815124,0.0021204575896263123,61766.0,61435.99677298963,0.0,61306.0,330.0032270103693,108902.12983725734,1,1,2583
XGBoost,H1,133,2024-02-16,2024-02-19,61498.0,0.0023252788708576,0.0003427484189160168,61641.0,61519.0783422665,0.0,61498.0,121.9216577335028,14864.890624485402,1,1,2590
XGBoost,H2,133,2024-02-16,2024-02-20,61498.0,0.0050733357182346,0.0006581038469448686,61810.0,61538.472070379416,0.0,61498.0,271.5279296205845,73727.41656404108,1,1,2589
XGBoost,H3,133,2024-02-16,2024-02-21,61498.0,0.0040001300855312,0.0009660403593443334,61744.0,61557.40955001896,0.0,61498.0,186.59044998104218,34815.9960241278,1,1,2588
XGBoost,H4,133,2024-02-16,2024-02-22,61498.0,0.0026504926989494,0.001288236933760345,61661.0,61577.223994952394,0.0,61498.0,83.7760050476063,7018.419021736557,1,1,2587
XGBoost,H5,133,2024-02-16,2024-02-23,61498.0,0.0066994048586945,0.001577884191647172,61910.0,61595.03672201792,0.0,61498.0,314.9632779820822,99201.8664772184,1,1,2586
XGBoost,H6,133,2024-02-16,2024-02-26,61498.0,0.0043578652964324,0.0018261924851685762,61766.0,61610.3071854529,0.0,61498.0,155.6928145471029,24240.252501598578,1,1,2585
XGBoost,H7,133,2024-02-16,2024-02-27,61498.0,0.0055448957689681,0.0021145574282854795,61839.0,61628.0410527247,0.0,61498.0,210.95894727529958,44503.67743550263,1,1,2584
XGBoost,H1,134,2024-02-19,2024-02-20,61641.0,0.0027416816729124,0.00033647255622781813,61810.0,61661.74050483844,0.0,61641.0,148.25949516156106,21980.87790556095,1,1,2591
XGBoost,H2,134,2024-02-19,2024-02-21,61641.0,0.0016709657533136,0.0006753067136742175,61744.0,61682.62658113759,0.0,61641.0,61.37341886240756,3766.6965428605245,1,1,2590
XGBoost,H3,134,2024-02-19,2024-02-22,61641.0,0.0003244593695754,0.0009633796871639788,61661.0,61700.383687296475,0.0,61641.0,39.38368729647482,1551.074825066512,1,1,2589
XGBoost,H4,134,2024-02-19,2024-02-23,61641.0,0.0043639785207896,0.00129022728651762,61910.0,61720.53090016823,0.0,61641.0,189.46909983176738,35898.53979106023,1,1,2588
XGBoost,H5,134,2024-02-19,2024-02-26,61641.0,0.0020278710598464,0.001575607224367559,61766.0,61738.12200491724,0.0,61641.0,27.8779950827593,777.1826098343516,1,1,2587
XGBoost,H6,134,2024-02-19,2024-02-27,61641.0,0.0032121477587969,0.0018228043336421251,61839.0,61753.359481930034,0.0,61641.0,85.64051806996576,7334.298335292133,1,1,2586
XGBoost,H7,134,2024-02-19,2024-02-28,61641.0,0.0024496682402945,0.002110020024701953,61792.0,61771.06374434265,0.0,61641.0,20.93625565734692,438.3268009497909,1,1,2585
XGBoost,H1,135,2024-02-20,2024-02-21,61810.0,-0.0010677883837566,0.0003374046355020255,61744.0,61830.85498052038,0.0,61810.0,86.8549805203802,7543.787641195623,-1,1,2592
XGBoost,H2,135,2024-02-20,2024-02-22,61810.0,-0.00241061316939,0.0006770049803890288,61661.0,61851.845677837846,0.0,61810.0,190.84567783784587,36422.072749386854,-1,1,2591
XGBoost,H3,135,2024-02-20,2024-02-23,61810.0,0.0016178611875101,0.0009659954812377691,61910.0,61869.70818069531,0.0,61810.0,40.29181930469349,1623.430702882071,1,1,2590
XGBoost,H4,135,2024-02-20,2024-02-26,61810.0,-0.0007118589225044,0.001293729990720749,61766.0,61889.96545072645,0.0,61810.0,123.96545072644949,15367.432973811776,-1,1,2589
XGBoost,H5,135,2024-02-20,2024-02-27,61810.0,0.0004691797443778,0.001578460680320859,61839.0,61907.56465465063,0.0,61810.0,68.56465465063229,4701.111867360472,1,1,2588
XGBoost,H6,135,2024-02-20,2024-02-28,61810.0,-0.0002912150137518,0.0018218272598460317,61792.0,61922.60714293108,0.0,61810.0,130.60714293108322,17058.2257846204,-1,1,2587
XGBoost,H7,135,2024-02-20,2024-02-29,61810.0,0.0078142695356737,0.002107470529153943,62293.0,61940.262753407005,0.0,61810.0,352.7372465929948,124423.5651340072,1,1,2586
XGBoost,H1,136,2024-02-21,2024-02-22,61744.0,-0.0013442601710287,0.00033678876934573054,61661.0,61764.79468577448,0.0,61744.0,103.79468577448279,10773.336795023619,-1,1,2593
XGBoost,H2,136,2024-02-21,2024-02-23,61744.0,0.0026885203420574,0.0006771347252652049,61910.0,61785.809006476775,0.0,61744.0,124.19099352322519,15423.40287228576,1,1,2592
XGBoost,H3,136,2024-02-21,2024-02-26,61744.0,0.0003563099248509,0.0009671777370385826,61766.0,61803.71742219571,0.0,61744.0,37.71742219571024,1422.6039370894555,1,1,2591
XGBoost,H4,136,2024-02-21,2024-02-27,61744.0,0.0015386110391293,0.0012959891464561224,61839.0,61824.01955385879,0.0,61744.0,14.980446141213179,224.41376658978882,1,1,2590
XGBoost,H5,136,2024-02-21,2024-02-28,61744.0,0.0007774034724021,0.0015812863130122423,61792.0,61841.63494211063,0.0,61744.0,49.63494211062789,2463.6274783253816,1,1,2589
XGBoost,H6,136,2024-02-21,2024-02-29,61744.0,0.0088915522155998,0.0018225242383778095,62293.0,61856.5299365744,0.0,61744.0,436.47006342560053,190506.11626674776,1,1,2588
XGBoost,H7,136,2024-02-21,2024-03-01,61744.0,0.022528504793988,0.0021059757564216852,63135.0,61874.0313671045,0.0,61744.0,1260.9686328954995,1590041.893146345,1,1,2587
XGBoost,H1,137,2024-02-22,2024-02-23,61661.0,0.0040382089164949,0.00033613850246183574,61910.0,61681.7266362003,0.0,61661.0,228.27336379970075,52108.72862043053,1,1,2594
XGBoost,H2,137,2024-02-22,2024-02-26,61661.0,0.0017028591816545,0.0006689898436889052,61766.0,61702.2505827517,0.0,61661.0,63.749417248298414,4063.988199497647,1,1,2593
XGBoost,H3,137,2024-02-22,2024-02-27,61661.0,0.0028867517555666,0.0009669193532317877,61839.0,61720.621214239625,0.0,61661.0,118.37878576037474,14013.5369181007,1,1,2592
XGBoost,H4,137,2024-02-22,2024-02-28,61661.0,0.0021245195504451,0.0012963503831997514,61792.0,61740.93426097848,0.0,61661.0,51.06573902152013,2607.709701814004,1,1,2591
XGBoost,H5,137,2024-02-22,2024-02-29,61661.0,0.0102495905029111,0.0015830221818760037,62293.0,61758.610730756656,0.0,61661.0,534.3892692433437,285571.8910824349,1,1,2590
XGBoost,H6,137,2024-02-22,2024-03-01,61661.0,0.0239048993691313,0.0018209697445854545,63135.0,61773.282815420884,0.0,61661.0,1361.7171845791163,1854273.690778075,1,1,2589
XGBoost,H7,137,2024-02-22,2024-03-04,61661.0,0.0315272214203468,0.0021073720417916775,63605.0,61790.94266746892,0.0,61661.0,1814.0573325310834,3290804.0057097897,1,1,2588
XGBoost,H1,138,2024-02-23,2024-02-26,61910.0,-0.0023259570344047,0.0003375883388798684,61766.0,61930.90009406005,0.0,61910.0,164.90009406005265,27192.04102101421,-1,1,2595
XGBoost,H2,138,2024-02-23,2024-02-27,61910.0,-0.0011468260377968,0.0006705296691507101,61839.0,61951.51249181712,0.0,61910.0,112.51249181712046,12659.060814897599,-1,1,2594
XGBoost,H3,138,2024-02-23,2024-02-28,61910.0,-0.0019059925698594,0.0009671712177805603,61792.0,61969.877570092794,0.0,61910.0,177.87757009279449,31640.429942117014,-1,1,2593
XGBoost,H4,138,2024-02-23,2024-02-29,61910.0,0.0061863996123405,0.0012975684367120266,62293.0,61990.33246191684,0.0,61910.0,302.66753808315843,91607.63860932016,1,1,2592
XGBoost,H5,138,2024-02-23,2024-03-01,61910.0,0.0197867872718462,0.0015799090033397079,63135.0,62007.81216639676,0.0,61910.0,1127.1878336032387,1270552.4122231626,1,1,2591
XGBoost,H6,138,2024-02-23,2024-03-04,61910.0,0.0273784525924729,0.0018283763201907277,63605.0,62023.19477798301,0.0,61910.0,1581.805222016992,2502107.7604002254,1,1,2590
XGBoost,H7,138,2024-02-23,2024-03-05,61910.0,0.0368761104829591,0.002111074747517705,64193.0,62040.69663761882,0.0,61910.0,2152.303362381179,4632409.763717328,1,1,2589
XGBoost,H1,139,2024-02-26,2024-02-27,61766.0,0.0011818799987048,0.00034184305695816875,61839.0,61787.11427825608,0.0,61766.0,51.88572174392175,2692.1281208876744,1,1,2596
XGBoost,H2,139,2024-02-26,2024-02-28,61766.0,0.0004209435611826,0.0006775117944926023,61792.0,61807.84719349863,0.0,61766.0,15.847193498630077,251.13354178302336,1,1,2595
XGBoost,H3,139,2024-02-26,2024-02-29,61766.0,0.0085322021824305,0.0009668659185990691,62293.0,61825.71944032819,0.0,61766.0,467.2805596718099,218351.1214471999,1,1,2594
XGBoost,H4,139,2024-02-26,2024-03-01,61766.0,0.0221642975099569,0.0012967708753421903,63135.0,61846.096349886386,0.0,61766.0,1288.9036501136143,1661272.6192761983,1,1,2593
XGBoost,H5,139,2024-02-26,2024-03-04,61766.0,0.0297736618851796,0.0015768988523632288,63605.0,61863.39873451507,0.0,61766.0,1741.6012654849328,3033174.9679387193,1,1,2592
XGBoost,H6,139,2024-02-26,2024-03-05,61766.0,0.0392934624226921,0.0018293776083737612,64193.0,61878.993337358814,0.0,61766.0,2314.0066626411863,5354626.834747801,1,1,2591
XGBoost,H7,139,2024-02-26,2024-03-06,61766.0,0.0530388887089985,0.002113149268552661,65042.0,61896.520777721424,0.0,61766.0,3145.4792222785763,9894039.537786238,1,1,2590
XGBoost,H1,140,2024-02-27,2024-02-28,61839.0,-0.0007600381636184,0.00033446826273575425,61792.0,61859.683182899316,0.0,61839.0,67.68318289931631,4581.013247382303,-1,1,2597
XGBoost,H2,140,2024-02-27,2024-02-29,61839.0,0.0073416452400587,0.0006642271764576435,62293.0,61880.075144364964,0.0,61839.0,412.9248556350358,170506.93640121515,1,1,2596
XGBoost,H3,140,2024-02-27,2024-03-01,61839.0,0.0209576480861592,0.0009676186600700021,63135.0,61898.83657032007,0.0,61839.0,1236.1634296799311,1528100.02487805,1,1,2595
XGBoost,H4,140,2024-02-27,2024-03-04,61839.0,0.0285580297223435,0.001297040143981576,63605.0,61919.20766546368,0.0,61839.0,1685.7923345363233,2841895.795181427,1,1,2594
XGBoost,H5,140,2024-02-27,2024-03-05,61839.0,0.0380665922799527,0.001576450071297586,64193.0,61936.48609595897,0.0,61839.0,2256.5139040410286,5091854.999130485,1,1,2593
XGBoost,H6,140,2024-02-27,2024-03-06,61839.0,0.0517957922993579,0.0018337909132242203,65042.0,61952.39979628287,0.0,61839.0,3089.6002037171274,9545629.418808915,1,1,2592
XGBoost,H7,140,2024-02-27,2024-03-07,61839.0,0.0550946813499571,0.0021144924685359,65246.0,61969.75809976179,0.0,61839.0,3276.2419002382085,10733760.988876468,1,1,2591
XGBoost,H1,141,2024-02-28,2024-02-29,61792.0,0.0081078456758156,0.00033401246764697134,62293.0,61812.63929840084,0.0,61792.0,480.36070159915835,230746.40364083566,1,1,2598
XGBoost,H2,141,2024-02-28,2024-03-01,61792.0,0.0217342050750906,0.0006765906000509858,63135.0,61833.80788635835,0.0,61792.0,1301.1921136416495,1693100.9166032232,1,1,2597
XGBoost,H3,141,2024-02-28,2024-03-04,61792.0,0.0293403676851371,0.0009665206307545304,63605.0,61851.723242815584,0.0,61792.0,1753.276757184416,3073979.3872831017,1,1,2596
XGBoost,H4,141,2024-02-28,2024-03-05,61792.0,0.0388561626100465,0.0012972819386050105,64193.0,61872.16164555028,0.0,61792.0,2320.838354449719,5386290.66748488,1,1,2595
XGBoost,H5,141,2024-02-28,2024-03-06,61792.0,0.0525958052822372,0.0015820690896362066,65042.0,61889.7592131868,0.0,61792.0,3152.2407868131995,9936621.978048699,1,1,2594
XGBoost,H6,141,2024-02-28,2024-03-07,61792.0,0.0558972035214915,0.0018329336307942867,65246.0,61905.26063491404,0.0,61792.0,3340.7393650859594,11160539.50543494,1,1,2593
XGBoost,H7,141,2024-02-28,2024-03-08,61792.0,0.0656233816675297,0.002113978611305356,65847.0,61922.62696634978,0.0,61792.0,3924.3730336502194,15400703.707241027,1,1,2592
XGBoost,H1,142,2024-02-29,2024-03-01,62293.0,0.0135167675340728,0.0003615593886934221,63135.0,62315.52261899988,0.0,62293.0,819.4773810001207,671543.177970817,1,1,2599
XGBoost,H2,142,2024-02-29,2024-03-04,62293.0,0.0210617565376527,0.0006792522617615759,63605.0,62335.312661141914,0.0,62293.0,1269.6873388580862,1612105.9384565286,1,1,2598
XGBoost,H3,142,2024-02-29,2024-03-05,62293.0,0.0305010193761738,0.0009725262061692774,64193.0,62353.5815749609,0.0,62293.0,1839.4184250390972,3383460.1423733127,1,1,2597
XGBoost,H4,142,2024-02-29,2024-03-06,62293.0,0.0441301590868958,0.001299152965657413,65042.0,62373.9281356897,0.0,62293.0,2668.0718643103028,7118607.4731242545,1,1,2596
XGBoost,H5,142,2024-02-29,2024-03-07,62293.0,0.0474050053778112,0.001585475285537541,65246.0,62391.76401196199,0.0,62293.0,2854.23598803801,8146663.075411315,1,1,2595
XGBoost,H6,142,2024-02-29,2024-03-08,62293.0,0.0570529594015378,0.001825754065066576,65847.0,62406.73169797519,0.0,62293.0,3440.268302024808,11835445.989916654,1,1,2594
XGBoost,H7,142,2024-02-29,2024-03-11,62293.0,0.057454288603856,0.0021162228658795357,65872.0,62424.825870984234,0.0,62293.0,3447.174129015766,11883009.475755606,1,1,2593
XGBoost,H1,143,2024-03-01,2024-03-04,63135.0,0.0074443652490694,0.0003534241986926645,63605.0,63157.31343678446,0.0,63135.0,447.6865632155386,200423.25888374046,1,1,2600
XGBoost,H2,143,2024-03-01,2024-03-05,63135.0,0.0167577413479051,0.0006888819043524563,64193.0,63178.49255903129,0.0,63135.0,1014.5074409687077,1029225.3477808759,1,1,2599
XGBoost,H3,143,2024-03-01,2024-03-06,63135.0,0.0302051160212244,0.0009818085236474872,65042.0,63196.986481140484,0.0,63135.0,1845.013518859516,3404074.8847743734,1,1,2598
XGBoost,H4,143,2024-03-01,2024-03-07,63135.0,0.0334362873208204,0.0013070902787148952,65246.0,63217.523144746665,0.0,63135.0,2028.476855253335,4114718.35229846,1,1,2597
XGBoost,H5,143,2024-03-01,2024-03-08,63135.0,0.0429555713946305,0.0015924801118671894,65847.0,63235.541231862735,0.0,63135.0,2611.458768137265,6819716.897681002,1,1,2596
XGBoost,H6,143,2024-03-01,2024-03-11,63135.0,0.0433515482695809,0.0018442055443301797,65872.0,63251.433917041286,0.0,63135.0,2620.566082958714,6867366.595153578,1,1,2595
XGBoost,H7,143,2024-03-01,2024-03-12,63135.0,0.0348301259206462,0.0021240997593849897,65334.0,63269.10503830877,0.0,63135.0,2064.8949616912287,4263791.202817821,1,1,2594
XGBoost,H1,144,2024-03-04,2024-03-05,63605.0,0.009244556245578,0.0003763570566661656,64193.0,63628.93819058925,0.0,63605.0,564.0618094107485,318165.7248357276,1,1,2601
XGBoost,H2,144,2024-03-04,2024-03-06,63605.0,0.0225925634777139,0.0006953756674192846,65042.0,63649.2293693262,0.0,63605.0,1392.7706306737964,1939810.0296674846,1,1,2600
XGBoost,H3,144,2024-03-04,2024-03-07,63605.0,0.02579985850169,0.0009932882385328412,65246.0,63668.17809841188,0.0,63605.0,1577.8219015881186,2489521.9531311467,1,1,2599
XGBoost,H4,144,2024-03-04,2024-03-08,63605.0,0.0352488011948746,0.0013176420470699668,65847.0,63688.808622403885,0.0,63605.0,2158.1913775961148,4657790.022330215,1,1,2598
XGBoost,H5,144,2024-03-04,2024-03-11,63605.0,0.035641852055656,0.0016035945154726505,65872.0,63706.99662915664,0.0,63605.0,2165.003370843362,4687239.59576312,1,1,2597
XGBoost,H6,144,2024-03-04,2024-03-12,63605.0,0.0271833975316406,0.0018540247110649943,65334.0,63722.92524174729,0.0,63605.0,1611.074758252711,2595561.876679031,1,1,2596
XGBoost,H7,144,2024-03-04,2024-03-13,63605.0,0.0332049367188114,0.0021355077624320984,65717.0,63740.82897122949,0.0,63605.0,1976.1710287705064,3905251.9349518814,1,1,2595
XGBoost,H1,145,2024-03-05,2024-03-06,64193.0,0.0132257411244216,0.0003793223586399108,65042.0,64217.34984016817,0.0,64193.0,824.6501598318282,680047.8861106598,1,1,2602
XGBoost,H2,145,2024-03-05,2024-03-07,64193.0,0.0164036577196891,0.0007102926610969007,65246.0,64238.59581679379,0.0,64193.0,1007.4041832062067,1014863.1883413644,1,1,2601
XGBoost,H3,145,2024-03-05,2024-03-08,64193.0,0.0257660492577072,0.0010068131377920508,65847.0,64257.630355754285,0.0,64193.0,1589.3696442457149,2526095.8660497502,1,1,2600
XGBoost,H4,145,2024-03-05,2024-03-11,64193.0,0.0261554998208526,0.0013326175976544619,65872.0,64278.54472144623,0.0,64193.0,1593.4552785537671,2539099.7247508634,1,1,2599
XGBoost,H5,145,2024-03-05,2024-03-12,64193.0,0.0177745237019613,0.0016229759203270078,65334.0,64297.18369325355,0.0,64193.0,1036.8163067464484,1074988.0539353453,1,1,2598
XGBoost,H6,145,2024-03-05,2024-03-13,64193.0,0.0237409063293505,0.001870847656391561,65717.0,64313.09532360674,0.0,64193.0,1403.9046763932565,1970948.3403988543,1,1,2597
XGBoost,H7,145,2024-03-05,2024-03-14,64193.0,0.0193479039770692,0.0021606474183499813,65435.0,64331.69843972614,0.0,64193.0,1103.3015602738596,1217274.3329027332,1,1,2596
XGBoost,H1,146,2024-03-06,2024-03-07,65042.0,0.0031364349189755,0.00035690306685864925,65246.0,65065.21368927462,0.0,65042.0,180.78631072537974,32683.690145693552,1,1,2603
XGBoost,H2,146,2024-03-06,2024-03-08,65042.0,0.0123766181851725,0.0006971049006097019,65847.0,65087.341096945456,0.0,65042.0,759.6589030545438,577081.6489900327,1,1,2602
XGBoost,H3,146,2024-03-06,2024-03-11,65042.0,0.0127609852095569,0.001015921006910503,65872.0,65108.07753413147,0.0,65042.0,763.9224658685271,583577.533858651,1,1,2601
XGBoost,H4,146,2024-03-06,2024-03-12,65042.0,0.004489406844808,0.001349725411273539,65334.0,65129.78884020005,0.0,65042.0,204.21115979994647,41702.19778683927,1,1,2600
XGBoost,H5,146,2024-03-06,2024-03-13,65042.0,0.0103779096583744,0.001643112045712769,65717.0,65148.87129367725,0.0,65042.0,568.1287063227501,322770.2269479616,1,1,2599
XGBoost,H6,146,2024-03-06,2024-03-14,65042.0,0.0060422496233203,0.0019142808159813285,65435.0,65166.50865283306,0.0,65042.0,268.49134716694243,72087.60350351961,1,1,2598
XGBoost,H7,146,2024-03-06,2024-03-15,65042.0,0.0049967713169951,0.002181056421250105,65367.0,65183.86027175095,0.0,65042.0,183.13972824905068,33540.16006313613,1,1,2597
XGBoost,H1,147,2024-03-07,2024-03-08,65246.0,0.0092112926462923,0.0003508787485770881,65847.0,65268.89343482966,0.0,65246.0,578.1065651703393,334207.2006930478,1,1,2604
XGBoost,H2,147,2024-03-07,2024-03-11,65246.0,0.0095944578978022,0.0007024374208413064,65872.0,65291.83123196021,0.0,65246.0,580.1687680397881,336595.7994088055,1,1,2603
XGBoost,H3,147,2024-03-07,2024-03-12,65246.0,0.0013487416853139,0.0010301420697942376,65334.0,65313.212649485795,0.0,65246.0,20.787350514205173,432.11394140042603,1,1,2602
XGBoost,H4,147,2024-03-07,2024-03-13,65246.0,0.0072188333384421,0.001361526665277779,65717.0,65334.834168802714,0.0,65246.0,382.165831197286,146050.72253471252,1,1,2601
XGBoost,H5,147,2024-03-07,2024-03-14,65246.0,0.002896729301413,0.001664530485868454,65435.0,65354.60395608097,0.0,65246.0,80.39604391902685,6463.5238778300945,1,1,2600
XGBoost,H6,147,2024-03-07,2024-03-15,65246.0,0.0018545198173067,0.0019356661941856146,65367.0,65372.294476505835,0.0,65246.0,5.294476505834609,28.031481470834652,1,1,2599
XGBoost,H7,147,2024-03-07,2024-03-18,65246.0,0.0028047696410506,0.002202102215960622,65429.0,65389.67836118257,0.0,65246.0,39.32163881743327,1546.1912792886747,1,1,2598
XGBoost,H1,148,2024-03-08,2024-03-11,65847.0,0.0003796680182848,0.0003341257106512785,65872.0,65869.00117566925,0.0,65847.0,2.998824330745265,8.992947366669785,1,1,2605
XGBoost,H2,148,2024-03-08,2024-03-12,65847.0,-0.0077907877352043,0.0007072154548950493,65334.0,65893.56801605847,0.0,65847.0,559.5680160584743,313116.364595617,-1,1,2604
XGBoost,H3,148,2024-03-08,2024-03-13,65847.0,-0.001974273695081,0.0010400235187262297,65717.0,65915.48242863757,0.0,65847.0,198.48242863756604,39395.2744778665,-1,1,2603
XGBoost,H4,148,2024-03-08,2024-03-14,65847.0,-0.0062569289413336,0.0013750680955126882,65435.0,65937.54410888522,0.0,65847.0,502.544108885224,252550.58137524384,-1,1,2602
XGBoost,H5,148,2024-03-08,2024-03-15,65847.0,-0.0072896259510684,0.0016802671598270535,65367.0,65957.64055167313,0.0,65847.0,590.640551673132,348856.2612807417,-1,1,2601
XGBoost,H6,148,2024-03-08,2024-03-18,65847.0,-0.006348049265722,0.0019584379624575377,65429.0,65975.95726451394,0.0,65847.0,546.9572645139415,299162.24920457375,-1,1,2600
XGBoost,H7,148,2024-03-08,2024-03-19,65847.0,-0.0063176758242592,0.002227547112852335,65431.0,65993.67729473999,0.0,65847.0,562.6772947399877,316605.738015911,-1,1,2599
XGBoost,H1,149,2024-03-11,2024-03-12,65872.0,-0.008167354870051,0.0003318757517263293,65334.0,65893.86131951772,0.0,65872.0,559.8613195177168,313444.69709211896,-1,1,2606
XGBoost,H2,149,2024-03-11,2024-03-13,65872.0,-0.0023530483361671,0.0007097034831531346,65717.0,65918.74958784226,0.0,65872.0,201.74958784226328,40702.896194523106,-1,1,2605
XGBoost,H3,149,2024-03-11,2024-03-14,65872.0,-0.0066340782122904,0.0010465370723977685,65435.0,65940.93749003299,0.0,65872.0,505.9374900329858,255972.7438208776,-1,1,2604
XGBoost,H4,149,2024-03-11,2024-03-15,65872.0,-0.0076663832888025,0.0013850469840690494,65367.0,65963.2358149346,0.0,65872.0,596.2358149345964,355497.1470107223,-1,1,2603
XGBoost,H5,149,2024-03-11,2024-03-18,65872.0,-0.0067251639543356,0.0016937784384936094,65429.0,65983.57257330045,0.0,65872.0,554.572573300451,307550.73905708414,-1,1,2602
XGBoost,H6,149,2024-03-11,2024-03-19,65872.0,-0.0066948020403205,0.0019744711462408304,65431.0,66002.06236334518,0.0,65872.0,571.062363345176,326112.2228293778,-1,1,2601
XGBoost,H7,149,2024-03-11,2024-03-20,65872.0,-0.0047971824143794,0.0022571193985641003,65556.0,66020.68096902221,0.0,65872.0,464.6809690222144,215928.4029714242,-1,1,2600
XGBoost,H1,150,2024-03-12,2024-03-13,65334.0,0.005862185079744,0.0003511069226078689,65717.0,65356.93921968166,0.0,65334.0,360.0607803183375,129643.76552345009,1,1,2607
XGBoost,H2,150,2024-03-12,2024-03-14,65334.0,0.0015459025928306,0.0007078110938891768,65435.0,65380.244130008155,0.0,65334.0,54.75586999184452,2998.2052985637793,1,1,2606
XGBoost,H3,150,2024-03-12,2024-03-15,65334.0,0.0005050968867663,0.0010466491803526878,65367.0,65402.38177754916,0.0,65334.0,35.38177754916251,1251.87018253842,1,1,2605
XGBoost,H4,150,2024-03-12,2024-03-18,65334.0,0.0014540667952367,0.0013862045016139746,65429.0,65424.56628490845,0.0,65334.0,4.433715091552585,19.65782951306115,1,1,2604
XGBoost,H5,150,2024-03-12,2024-03-19,65334.0,0.001484678727768,0.0017005095724016428,65431.0,65445.10109240329,0.0,65334.0,14.10109240328893,198.8408069660928,1,1,2603
XGBoost,H6,150,2024-03-12,2024-03-20,65334.0,0.0033979245109743,0.001984645612537861,65556.0,65463.66483644955,0.0,65334.0,92.3351635504514,8525.78242788861,1,1,2602
XGBoost,H7,150,2024-03-12,2024-03-21,65334.0,0.0092601095907185,0.002281645080074668,65939.0,65483.0689996616,0.0,65334.0,455.93100033840165,207873.0770695756,1,1,2601
XGBoost,H1,151,2024-03-13,2024-03-14,65717.0,-0.0042911271056195,0.00035492569440975785,65435.0,65740.32465185953,0.0,65717.0,305.32465185952606,93223.14303314079,-1,1,2608
XGBoost,H2,151,2024-03-13,2024-03-15,65717.0,-0.0053258669750597,0.0007066018879413605,65367.0,65763.43575626984,0.0,65717.0,396.4357562698424,157161.30884924188,-1,1,2607
XGBoost,H3,151,2024-03-13,2024-03-18,65717.0,-0.0043824276823348,0.0010476082097738981,65429.0,65785.84566872171,0.0,65717.0,356.84566872171126,127338.8312854453,-1,1,2606
XGBoost,H4,151,2024-03-13,2024-03-19,65717.0,-0.0043519941567631,0.0013884044019505382,65431.0,65808.24177208298,0.0,65717.0,377.2417720829835,142311.3546043097,-1,1,2605
XGBoost,H5,151,2024-03-13,2024-03-20,65717.0,-0.0024498988085275,0.0017038449877873063,65556.0,65828.97158106242,0.0,65717.0,272.9715810624184,74513.48406771646,-1,1,2604
XGBoost,H6,151,2024-03-13,2024-03-21,65717.0,0.0033781213384664,0.0019912607967853546,65939.0,65847.85968578234,0.0,65717.0,91.14031421765685,8306.556875693224,1,1,2603
XGBoost,H7,151,2024-03-13,2024-03-22,65717.0,-0.0004717196463623,0.0023057865910232067,65686.0,65868.52937740227,0.0,65717.0,182.52937740227208,33316.97361486107,-1,1,2602
XGBoost,H1,152,2024-03-14,2024-03-15,65435.0,-0.0010391992053182,0.0003531334805302322,65367.0,65458.107289298496,0.0,65435.0,91.10728929849574,8300.538163319798,-1,1,2609
XGBoost,H2,152,2024-03-14,2024-03-18,65435.0,-9.169404752806808e-05,0.0006943002226762474,65429.0,65480.43153507082,0.0,65435.0,51.431535070820246,2645.2027997410128,-1,1,2608
XGBoost,H3,152,2024-03-14,2024-03-19,65435.0,-6.112936501867505e-05,0.001044324948452413,65431.0,65503.335403001984,0.0,65435.0,72.33540300198365,5232.410527459385,-1,1,2607
XGBoost,H4,152,2024-03-14,2024-03-20,65435.0,0.0018491632918162,0.0013854289427399635,65556.0,65525.65554286819,0.0,65435.0,30.344457131810486,920.7860786242843,1,1,2606
XGBoost,H5,152,2024-03-14,2024-03-21,65435.0,0.0077022999923588,0.0017040532547980547,65939.0,65546.50472472771,0.0,65435.0,392.4952752722893,154052.54111107014,1,1,2605
XGBoost,H6,152,2024-03-14,2024-03-22,65435.0,0.0038358676549248,0.001992887817323208,65686.0,65565.40461432654,0.0,65435.0,120.5953856734559,14543.247045729571,1,1,2604
XGBoost,H7,152,2024-03-14,2024-03-25,65435.0,0.0065255597157485,0.0023145140148699284,65862.0,65586.45022456301,0.0,65435.0,275.54977543698624,75927.67874337354,1,1,2603
XGBoost,H1,153,2024-03-15,2024-03-18,65367.0,0.0009484908287056,0.00035086795105598867,65429.0,65389.93518535668,0.0,65367.0,39.06481464332319,1526.0597431171977,1,1,2610
XGBoost,H2,153,2024-03-15,2024-03-19,65367.0,0.0009790873070509,0.0007046211394481361,65431.0,65413.058970022306,0.0,65367.0,17.941029977693688,321.8805566605036,1,1,2609
XGBoost,H3,153,2024-03-15,2024-03-20,65367.0,0.0028913672036348,0.0010420395992696285,65556.0,65435.11500248546,0.0,65367.0,120.88499751454219,14613.182624090872,1,1,2608
XGBoost,H4,153,2024-03-15,2024-03-21,65367.0,0.0087505928067679,0.001381718902848661,65939.0,65457.31881952251,0.0,65367.0,481.6811804774916,232016.75962618983,1,1,2607
XGBoost,H5,153,2024-03-15,2024-03-22,65367.0,0.0048801382960821,0.0016950214048847556,65686.0,65477.7984641731,0.0,65367.0,208.20153582689818,43347.87952067917,1,1,2606
XGBoost,H6,153,2024-03-15,2024-03-25,65367.0,0.0075726283904722,0.001992755103856325,65862.0,65497.26042287378,0.0,65367.0,364.7395771262236,133034.95912221642,1,1,2605
XGBoost,H7,153,2024-03-15,2024-03-26,65367.0,0.0100968378539629,0.00231558782979846,66027.0,65518.363029670436,0.0,65367.0,508.63697032956406,258711.56758603783,1,1,2604
XGBoost,H1,154,2024-03-18,2024-03-19,65429.0,3.0567485365784464e-05,0.0003511043032631278,65431.0,65451.9724034582,0.0,65429.0,20.97240345820319,439.8417068136531,1,1,2611
XGBoost,H2,154,2024-03-18,2024-03-20,65429.0,0.0019410353207294,0.0007022187346592546,65556.0,65474.94546959002,0.0,65429.0,81.05453040997963,6569.836899982313,1,1,2610
XGBoost,H3,154,2024-03-18,2024-03-21,65429.0,0.0077947087682832,0.0010383173357695341,65939.0,65496.936064962065,0.0,65429.0,442.06393503793515,195420.52266122375,1,1,2609
XGBoost,H4,154,2024-03-18,2024-03-22,65429.0,0.0039279218695074,0.0013819230953231454,65686.0,65519.4178462039,0.0,65429.0,166.58215379610192,27749.613963348154,1,1,2608
XGBoost,H5,154,2024-03-18,2024-03-25,65429.0,0.0066178605816993,0.001691407640464604,65862.0,65539.66711050796,0.0,65429.0,322.33288949204143,103898.49164828859,1,1,2607
XGBoost,H6,154,2024-03-18,2024-03-26,65429.0,0.0091396781243791,0.00198948523029685,66027.0,65559.17002913309,0.0,65429.0,467.8299708669074,218864.88164133142,1,1,2606
XGBoost,H7,154,2024-03-18,2024-03-27,65429.0,0.0132357211633984,0.0023153419606387615,66295.0,65580.49050914263,0.0,65429.0,714.5094908573665,510523.81252525304,1,1,2605
XGBoost,H1,155,2024-03-19,2024-03-20,65431.0,0.001910409438951,0.00035094411578029394,65556.0,65453.96262443962,0.0,65431.0,102.03737556037959,10411.62601124995,1,1,2612
XGBoost,H2,155,2024-03-19,2024-03-21,65431.0,0.0077639039598966,0.0007024252554401755,65939.0,65476.960386888706,0.0,65431.0,462.0396131112939,213480.60408403413,1,1,2611
XGBoost,H3,155,2024-03-19,2024-03-22,65431.0,0.00389723525546,0.0010380581952631474,65686.0,65498.92118577426,0.0,65431.0,187.078814225737,34998.48273210782,1,1,2610
XGBoost,H4,155,2024-03-19,2024-03-25,65431.0,0.0065870917455028,0.001379666500724852,65862.0,65521.27295880893,0.0,65431.0,340.7270411910722,116094.91659882262,1,1,2609
XGBoost,H5,155,2024-03-19,2024-03-26,65431.0,0.0091088322049182,0.001691019395366311,66027.0,65541.64509005821,0.0,65431.0,485.3549099417869,235569.38860460007,1,1,2608
XGBoost,H6,155,2024-03-19,2024-03-27,65431.0,0.0132047500420289,0.001986009767279029,66295.0,65560.94660508283,0.0,65431.0,734.0533949171659,538834.3865894167,1,1,2607
XGBoost,H7,155,2024-03-19,2024-03-28,65431.0,0.0330271583805841,0.002297609578818083,67592.0,65581.33489235165,0.0,65431.0,2010.665107648354,4042774.175114567,1,1,2606
XGBoost,H1,156,2024-03-20,2024-03-21,65556.0,0.0058423332723167,0.00036046572495251894,65939.0,65579.63069106499,0.0,65556.0,359.36930893501267,129146.30020442858,1,1,2613
XGBoost,H2,156,2024-03-20,2024-03-22,65556.0,0.0019830374031362,0.0007051312713883817,65686.0,65602.22558562714,0.0,65556.0,83.77441437286325,7018.152503516197,1,1,2612
XGBoost,H3,156,2024-03-20,2024-03-25,65556.0,0.0046677649643054,0.0010387669317424297,65862.0,65624.0974049773,0.0,65556.0,237.90259502269328,56597.64471853161,1,1,2611
XGBoost,H4,156,2024-03-20,2024-03-26,65556.0,0.0071846970529012,0.0013798519503325224,66027.0,65646.457574456,0.0,65556.0,380.54242554400116,144812.53763891166,1,1,2610
XGBoost,H5,156,2024-03-20,2024-03-27,65556.0,0.011272804930136,0.0016894725849851966,66295.0,65666.75506478129,0.0,65556.0,628.2449352187105,394691.6986279617,1,1,2609
XGBoost,H6,156,2024-03-20,2024-03-28,65556.0,0.0310574165598878,0.0019863995257765055,67592.0,65686.2204073118,0.0,65556.0,1905.7795926881954,3631995.855906784,1,1,2608
XGBoost,H7,156,2024-03-20,2024-04-01,65556.0,0.0412929403868449,0.0022947874385863543,68263.0,65706.43708532397,0.0,65556.0,2556.562914676033,6536013.936696813,1,1,2607
XGBoost,H1,157,2024-03-21,2024-03-22,65939.0,-0.003836879540181,0.0003627089026849717,65686.0,65962.91666233414,0.0,65939.0,276.91666233414435,76682.83787828252,-1,1,2614
XGBoost,H2,157,2024-03-21,2024-03-25,65939.0,-0.0011677459470116,0.0007078349008224905,65862.0,65985.67392552533,0.0,65939.0,123.6739255253342,15295.23985484591,-1,1,2613
XGBoost,H3,157,2024-03-21,2024-03-26,65939.0,0.0013345667965847,0.0010412902338430285,66027.0,66007.66163672938,0.0,65939.0,19.33836327062454,373.9722939866403,1,1,2612
XGBoost,H4,157,2024-03-21,2024-03-27,65939.0,0.0053989293134564,0.0013828668743371964,66295.0,66030.18485882692,0.0,65939.0,264.8151411730796,70127.05899451808,1,1,2611
XGBoost,H5,157,2024-03-21,2024-03-28,65939.0,0.0250686240313016,0.0016919014742597938,67592.0,66050.56229131122,0.0,65939.0,1541.4377086887835,2376030.2097677267,1,1,2610
XGBoost,H6,157,2024-03-21,2024-04-01,65939.0,0.0352446958552601,0.0019869287498295307,68263.0,66070.01609483501,0.0,65939.0,2192.9839051649906,4809178.408312692,1,1,2609
XGBoost,H7,157,2024-03-21,2024-04-02,65939.0,0.0434189174843415,0.0022971106227487326,68802.0,66090.46917735343,0.0,65939.0,2711.5308226465713,7352399.402162392,1,1,2608
XGBoost,H1,158,2024-03-22,2024-03-25,65686.0,0.0026794141826265,0.0003611532738432288,65862.0,65709.72271394567,0.0,65686.0,152.27728605433367,23188.371848073366,1,1,2615
XGBoost,H2,158,2024-03-22,2024-03-26,65686.0,0.0051913649788386,0.0007083264645189047,66027.0,65732.52713214839,0.0,65686.0,294.4728678516112,86714.2699007525,1,1,2614
XGBoost,H3,158,2024-03-22,2024-03-27,65686.0,0.0092713820296561,0.0010423626517876983,66295.0,65754.46863314533,0.0,65686.0,540.5313668546733,292174.15855378134,1,1,2613
XGBoost,H4,158,2024-03-22,2024-03-28,65686.0,0.0290168376823067,0.0013838165905326605,67592.0,65776.89737656573,0.0,65686.0,1815.1026234342717,3294597.5335979755,1,1,2612
XGBoost,H5,158,2024-03-22,2024-04-01,65686.0,0.0392321042535699,0.0016933368751779199,68263.0,65797.22852598294,0.0,65686.0,2465.771474017063,6080028.96207628,1,1,2611
XGBoost,H6,158,2024-03-22,2024-04-02,65686.0,0.0474378101878634,0.0019904025830328465,68802.0,65816.7415840691,0.0,65686.0,2985.2584159309044,8911767.809886293,1,1,2610
XGBoost,H7,158,2024-03-22,2024-04-03,65686.0,0.0614895107024326,0.0022960363421589136,69725.0,65836.81744317105,0.0,65686.0,3888.1825568289496,15117963.595228909,1,1,2609
XGBoost,H1,159,2024-03-25,2024-03-26,65862.0,0.0025052382253802,0.0003619371564127505,66027.0,65885.83790499566,0.0,65862.0,141.16209500434343,19926.73706601528,1,1,2616
XGBoost,H2,159,2024-03-25,2024-03-27,65862.0,0.0065743524338768,0.0007325629703700542,66295.0,65910.24806235451,0.0,65862.0,384.7519376454875,148034.0535219571,1,1,2615
XGBoost,H3,159,2024-03-25,2024-03-28,65862.0,0.0262670432115634,0.0010474860901013017,67592.0,65930.98952886625,0.0,65862.0,1661.010471133748,2758955.7852159557,1,1,2614
XGBoost,H4,159,2024-03-25,2024-04-01,65862.0,0.0364550119947768,0.0013857715530321002,68263.0,65953.2696860258,0.0,65862.0,2309.7303139742,5334854.123291356,1,1,2613
XGBoost,H5,159,2024-03-25,2024-04-02,65862.0,0.0446387901976861,0.0016951741417869925,68802.0,65973.64755932637,0.0,65862.0,2828.352440673625,7999577.528664452,1,1,2612
XGBoost,H6,159,2024-03-25,2024-04-03,65862.0,0.058652940997844,0.0019925530068576336,69725.0,65993.23352613766,0.0,65862.0,3731.7664738623425,13926081.015442982,1,1,2611
XGBoost,H7,159,2024-03-25,2024-04-04,65862.0,0.0569372323950077,0.002298306208103895,69612.0,66013.37104347814,0.0,65862.0,3598.6289565218613,12950130.36671762,1,1,2610
XGBoost,H1,160,2024-03-26,2024-03-27,66027.0,0.0040589455828676,0.0003554989816620946,66295.0,66050.4725312622,0.0,66027.0,244.52746873779688,59793.68296731423,1,1,2617
XGBoost,H2,160,2024-03-26,2024-03-28,66027.0,0.0237024247656261,0.0007117390632629395,67592.0,66073.99399513006,0.0,66027.0,1518.006004869938,2304342.23082119,1,1,2616
XGBoost,H3,160,2024-03-26,2024-04-01,66027.0,0.0338649340421342,0.0010475957533344626,68263.0,66096.16960480541,0.0,66027.0,2166.8303951945854,4695153.961539123,1,1,2615
XGBoost,H4,160,2024-03-26,2024-04-02,66027.0,0.0420282611658866,0.0013879913603886962,68802.0,66118.64490555238,0.0,66027.0,2683.3550944476156,7200394.562897972,1,1,2614
XGBoost,H5,160,2024-03-26,2024-04-03,66027.0,0.0560073909158373,0.0016979827778413892,69725.0,66139.11270887253,0.0,66027.0,3585.8872911274666,12858587.66466948,1,1,2613
XGBoost,H6,160,2024-03-26,2024-04-04,66027.0,0.0542959698305238,0.0020043407566845417,69612.0,66159.34060714161,0.0,66027.0,3452.6593928583898,11920856.883093264,1,1,2612
XGBoost,H7,160,2024-03-26,2024-04-05,66027.0,0.0707892225907582,0.002315364545211196,70701.0,66179.87657482666,0.0,66027.0,4521.12342517334,20440557.025651116,1,1,2611
XGBoost,H1,161,2024-03-27,2024-03-28,66295.0,0.0195640696885135,0.00035391023266129196,67592.0,66318.46247887428,0.0,66295.0,1273.5375211257196,1621897.8177150427,1,1,2618
XGBoost,H2,161,2024-03-27,2024-04-01,66295.0,0.0296854966437891,0.0007137316861189902,68263.0,66342.31684213126,0.0,66295.0,1920.6831578687415,3689023.792920641,1,1,2617
XGBoost,H3,161,2024-03-27,2024-04-02,66295.0,0.0378158232144203,0.0010509340791031718,68802.0,66364.67167477414,0.0,66295.0,2437.328325225855,5940569.364948273,1,1,2616
XGBoost,H4,161,2024-03-27,2024-04-03,66295.0,0.0517384418131081,0.0013895141892135143,69725.0,66387.11784317391,0.0,66295.0,3337.88215682609,11141457.292857992,1,1,2615
XGBoost,H5,161,2024-03-27,2024-04-04,66295.0,0.0500339392111019,0.0017075855284929276,69612.0,66408.20438261144,0.0,66295.0,3203.7956173885614,10264306.357998153,1,1,2614
XGBoost,H6,161,2024-03-27,2024-04-05,66295.0,0.0664605173844181,0.0020086136646568775,70701.0,66428.16104289843,0.0,66295.0,4272.838957101572,18257152.75332485,1,1,2613
XGBoost,H7,161,2024-03-27,2024-04-08,66295.0,0.06504261256505,0.002319440245628357,70607.0,66448.76729108393,0.0,66295.0,4158.232708916068,17290899.26149946,1,1,2612
XGBoost,H1,162,2024-03-28,2024-04-01,67592.0,0.0099272103207479,0.0003488755028229207,68263.0,67615.5811929868,0.0,67592.0,647.4188070131931,419151.11167438625,1,1,2619
XGBoost,H2,162,2024-03-28,2024-04-02,67592.0,0.0179015268079063,0.0007225057343021035,68802.0,67640.83560759295,0.0,67592.0,1161.1643924070522,1348302.7461940388,1,1,2618
XGBoost,H3,162,2024-03-28,2024-04-03,67592.0,0.0315569889927802,0.0010605372954159975,69725.0,67663.68383687176,0.0,67592.0,2061.316163128242,4249024.324373737,1,1,2617
XGBoost,H4,162,2024-03-28,2024-04-04,67592.0,0.0298851935140254,0.0014034024206921458,69612.0,67686.85877641942,0.0,67592.0,1925.1412235805765,3706168.730729319,1,1,2616
XGBoost,H5,162,2024-03-28,2024-04-05,67592.0,0.0459965676411409,0.0017165138851851225,70701.0,67708.02260652743,0.0,67592.0,2992.977393472567,8957913.677837843,1,1,2615
XGBoost,H6,162,2024-03-28,2024-04-08,67592.0,0.0446058705172209,0.0020153922960162163,70607.0,67728.22439607233,0.0,67592.0,2878.775603927672,8287348.977769132,1,1,2614
XGBoost,H7,162,2024-03-28,2024-04-09,67592.0,0.0523434726003078,0.0023311965633183718,71130.0,67749.57023810782,0.0,67592.0,3380.4297618921846,11427305.375086453,1,1,2613
XGBoost,H1,163,2024-04-01,2024-04-02,68263.0,0.0078959319104052,0.0003952406405005604,68802.0,68289.98031184249,0.0,68263.0,512.0196881575102,262164.16106091405,1,1,2620
XGBoost,H2,163,2024-04-01,2024-04-03,68263.0,0.0214171659610624,0.0007508263224735856,69725.0,68314.25365725101,0.0,68263.0,1410.7463427489856,1990205.2435796384,1,1,2619
XGBoost,H3,163,2024-04-01,2024-04-04,68263.0,0.0197618036124986,0.0010730966459959745,69612.0,68336.25279634562,0.0,68263.0,1275.7472036543768,1627530.9276319619,1,1,2618
XGBoost,H4,163,2024-04-01,2024-04-05,68263.0,0.0357148089008687,0.001416817307472229,70701.0,68359.71619985998,0.0,68263.0,2341.2838001400232,5481609.832798108,1,1,2617
XGBoost,H5,163,2024-04-01,2024-04-08,68263.0,0.034337781814453,0.0017317294841632247,70607.0,68381.21304977743,0.0,68263.0,2225.786950222566,4954127.547781071,1,1,2616
XGBoost,H6,163,2024-04-01,2024-04-09,68263.0,0.041999326135681,0.00203270697966218,71130.0,68401.75867655268,0.0,68263.0,2728.2413234473206,7443300.718965587,1,1,2615
XGBoost,H7,163,2024-04-01,2024-04-10,68263.0,0.0419553784627104,0.0023460788652300835,71127.0,68423.1503815772,0.0,68263.0,2703.849618422799,7310802.759045115,1,1,2614
XGBoost,H1,164,2024-04-02,2024-04-03,68802.0,0.0134153076945437,0.00037609049468301237,69725.0,68827.87577821518,0.0,68802.0,897.1242217848194,804831.8693130178,1,1,2621
XGBoost,H2,164,2024-04-02,2024-04-04,68802.0,0.0117729135780937,0.0007574189803563058,69612.0,68854.11194068647,0.0,68802.0,757.8880593135254,574394.3104500219,1,1,2620
XGBoost,H3,164,2024-04-02,2024-04-05,68802.0,0.0276009418330862,0.0010864732321351767,70701.0,68876.75153131736,0.0,68802.0,1824.2484686826356,3327882.4754909407,1,1,2619
XGBoost,H4,164,2024-04-02,2024-04-08,68802.0,0.026234702479579,0.0014321316266432405,70607.0,68900.53352017631,0.0,68802.0,1706.4664798236918,2912027.8467618623,1,1,2618
XGBoost,H5,164,2024-04-02,2024-04-09,68802.0,0.0338362256911135,0.0017483378760516644,71130.0,68922.2891425481,0.0,68802.0,2207.7108574518934,4873987.230110974,1,1,2617
XGBoost,H6,164,2024-04-02,2024-04-10,68802.0,0.0337926223074911,0.002057027304545045,71127.0,68943.52759260731,0.0,68802.0,2183.472407392692,4767551.753845237,1,1,2616
XGBoost,H7,164,2024-04-02,2024-04-11,68802.0,0.0394174587948024,0.002373065799474716,71514.0,68965.27167313546,0.0,68802.0,2548.7283268645406,6496016.08416172,1,1,2615
XGBoost,H1,165,2024-04-03,2024-04-04,69725.0,-0.0016206525636428,0.0004367452929727733,69612.0,69755.45206555253,0.0,69725.0,143.45206555252662,20578.495111286393,-1,1,2622
XGBoost,H2,165,2024-04-03,2024-04-05,69725.0,0.0139978486912872,0.0008187153725884855,70701.0,69782.08492935373,0.0,69725.0,918.9150706462678,844404.9070608354,1,1,2621
XGBoost,H3,165,2024-04-03,2024-04-08,69725.0,0.0126496952312655,0.0010982253588736057,70607.0,69801.57376314746,0.0,69725.0,805.4262368525378,648711.4230104404,1,1,2620
XGBoost,H4,165,2024-04-03,2024-04-09,69725.0,0.020150591609896,0.0014509910251945257,71130.0,69826.17034923169,0.0,69725.0,1303.8296507683117,1699971.7582226177,1,1,2619
XGBoost,H5,165,2024-04-03,2024-04-10,69725.0,0.0201075654356399,0.0017688942607492208,71127.0,69848.33615233074,0.0,69725.0,1278.6638476692606,1634981.235336358,1,1,2618
XGBoost,H6,165,2024-04-03,2024-04-11,69725.0,0.0256579419146647,0.002078989753499627,71514.0,69869.95756056276,0.0,69725.0,1644.0424394372385,2702875.542670746,1,1,2617
XGBoost,H7,165,2024-04-03,2024-04-12,69725.0,0.0305772678379347,0.0024097284767776728,71857.0,69893.01831804332,0.0,69725.0,1963.9816819566768,3857224.047061377,1,1,2616
XGBoost,H1,166,2024-04-04,2024-04-05,69612.0,0.0156438545078434,0.0004075104952789843,70701.0,69640.36762059736,0.0,69612.0,1060.6323794026393,1124941.0442373042,1,1,2623
XGBoost,H2,166,2024-04-04,2024-04-08,69612.0,0.0142935126127679,0.0008263297495432198,70607.0,69669.5224665252,0.0,69612.0,937.4775334747974,878864.1257699898,1,1,2622
XGBoost,H3,166,2024-04-04,2024-04-09,69612.0,0.0218065850715394,0.0012709003640338778,71130.0,69700.46991614113,0.0,69612.0,1429.5300838588737,2043556.2606575585,1,1,2621
XGBoost,H4,166,2024-04-04,2024-04-10,69612.0,0.0217634890536113,0.0014619076391682029,71127.0,69713.76631457778,0.0,69612.0,1413.233685422223,1997229.449612079,1,1,2620
XGBoost,H5,166,2024-04-04,2024-04-11,69612.0,0.0273228753663161,0.001788212568499148,71514.0,69736.48105331836,0.0,69612.0,1777.5189466816373,3159573.6058121976,1,1,2619
XGBoost,H6,166,2024-04-04,2024-04-12,69612.0,0.0322501867494109,0.0021076835691928864,71857.0,69758.72006861866,0.0,69612.0,2098.279931381345,4402778.670437701,1,1,2618
XGBoost,H7,166,2024-04-04,2024-04-15,69612.0,0.0390306269034075,0.002432652050629258,72329.0,69781.3417745484,0.0,69612.0,2547.658225451596,6490562.433711176,1,1,2617
XGBoost,H1,167,2024-04-05,2024-04-08,70701.0,-0.001329542722168,0.00025447396910749376,70607.0,70718.99156408987,0.0,70701.0,111.99156408986892,12542.110427295216,-1,1,2624
XGBoost,H2,167,2024-04-05,2024-04-09,70701.0,0.0060678066788306,0.000836165389046073,71130.0,70760.11772917095,0.0,70701.0,369.8822708290536,136812.89427365735,1,1,2623
XGBoost,H3,167,2024-04-05,2024-04-10,70701.0,0.0060253744642932,0.0013550558360293508,71127.0,70796.80380266311,0.0,70701.0,330.1961973368889,109029.52873574165,1,1,2622
XGBoost,H4,167,2024-04-05,2024-04-11,70701.0,0.0114991301396019,0.001450310810469091,71514.0,70803.53842461098,0.0,70701.0,710.4615753890248,504755.65010425495,1,1,2621
XGBoost,H5,167,2024-04-05,2024-04-12,70701.0,0.0163505466683639,0.0019431083928793669,71857.0,70838.37970648496,0.0,70701.0,1018.6202935150359,1037587.3023606578,1,1,2620
XGBoost,H6,167,2024-04-05,2024-04-15,70701.0,0.0230265484222287,0.00261224084533751,72329.0,70885.68804000621,0.0,70701.0,1443.3119599937927,2083149.4138611234,1,1,2619
XGBoost,H7,167,2024-04-05,2024-04-16,70701.0,0.0340589242019206,0.0028956702444702387,73109.0,70905.72678195429,0.0,70701.0,2203.2732180457097,4854412.873357497,1,1,2618
XGBoost,H1,168,2024-04-08,2024-04-09,70607.0,0.0074071975866416,0.00035244988976046443,71130.0,70631.88542936632,0.0,70607.0,498.1145706336829,248118.12547757826,1,1,2625
XGBoost,H2,168,2024-04-08,2024-04-10,70607.0,0.0073647088815556,0.0008661862229928374,71127.0,70668.15881064686,0.0,70607.0,458.8411893531447,210535.2370470084,1,1,2624
XGBoost,H3,168,2024-04-08,2024-04-11,70607.0,0.0128457518376365,0.001420189393684268,71514.0,70707.27531251987,0.0,70607.0,806.7246874801349,650804.7213899213,1,1,2623
XGBoost,H4,168,2024-04-08,2024-04-12,70607.0,0.0177036271191242,0.001756718847900629,71857.0,70731.03664769372,0.0,70607.0,1125.9633523062803,1267793.4707367967,1,1,2622
XGBoost,H5,168,2024-04-08,2024-04-15,70607.0,0.0243885167193054,0.002798054600134492,72329.0,70804.5622411517,0.0,70607.0,1524.437758848304,2323910.4806024395,1,1,2621
XGBoost,H6,168,2024-04-08,2024-04-16,70607.0,0.0354355800416388,0.003769919276237488,73109.0,70873.1826903373,0.0,70607.0,2235.8173096626997,4998879.042187353,1,1,2620
XGBoost,H7,168,2024-04-08,2024-04-17,70607.0,0.0295721387397849,0.0042740232311189175,72695.0,70908.77595827961,0.0,70607.0,1786.2240417203866,3190596.3272199132,1,1,2619
XGBoost,H1,169,2024-04-09,2024-04-10,71130.0,-4.2176296921159206e-05,-0.0001587684964761138,71127.0,71118.70679684565,0.0,71130.0,8.293203154345974,68.77721855925402,-1,-1,2626
XGBoost,H2,169,2024-04-09,2024-04-11,71130.0,0.0053985660059046,0.0008231050451286137,71514.0,71188.54746186,0.0,71130.0,325.4525381400017,105919.35458176926,1,1,2625
XGBoost,H3,169,2024-04-09,2024-04-12,71130.0,0.0102207226205539,0.0015608756802976131,71857.0,71241.02508713957,0.0,71130.0,615.9749128604308,379425.0932734153,1,1,2624
XGBoost,H4,169,2024-04-09,2024-04-15,71130.0,0.0168564600028118,0.0017730671679601073,72329.0,71256.118267657,0.0,71130.0,1072.8817323429976,1151075.2115953115,1,1,2623
XGBoost,H5,169,2024-04-09,2024-04-16,71130.0,0.0278222972023056,0.003888404928147793,73109.0,71406.58224253915,0.0,71130.0,1702.4177574608475,2898226.220918021,1,1,2622
XGBoost,H6,169,2024-04-09,2024-04-17,71130.0,0.0220019682271896,0.005100949201732874,72695.0,71492.83051671926,0.0,71130.0,1202.1694832807407,1445211.466531483,1,1,2621
XGBoost,H7,169,2024-04-09,2024-04-18,71130.0,0.0265148319977506,0.005718717351555824,73016.0,71536.77236521617,0.0,71130.0,1479.2276347838342,2188114.3955081766,1,1,2620
XGBoost,H1,170,2024-04-10,2024-04-11,71127.0,0.0054409717828671,-2.8085401936550625e-05,71514.0,71125.00236961646,0.0,71127.0,388.99763038354286,151319.15644401143,1,-1,2627
XGBoost,H2,170,2024-04-10,2024-04-12,71127.0,0.0102633317868039,0.0006382936844602227,71857.0,71172.3999148946,0.0,71127.0,684.6000851053977,468677.2765263178,1,1,2626
XGBoost,H3,170,2024-04-10,2024-04-15,71127.0,0.0168993490516962,0.0013440215261653066,72329.0,71222.59621909156,0.0,71127.0,1106.4037809084402,1224129.326408492,1,1,2625
XGBoost,H4,170,2024-04-10,2024-04-16,71127.0,0.0278656487691031,0.002068951027467847,73109.0,71274.1582797307,0.0,71127.0,1834.8417202692945,3366644.1384407836,1,1,2624
XGBoost,H5,170,2024-04-10,2024-04-17,71127.0,0.0220450743037101,0.004252900369465351,72695.0,71429.49604457896,0.0,71127.0,1265.503955421038,1601500.2611862924,1,1,2623
XGBoost,H6,170,2024-04-10,2024-04-18,71127.0,0.0265581284181815,0.005899720825254917,73016.0,71546.6294431379,0.0,71127.0,1469.3705568620935,2159049.833373219,1,1,2622
XGBoost,H7,170,2024-04-10,2024-04-19,71127.0,0.0297917808989554,0.006504798773676157,73246.0,71589.66682237526,0.0,71127.0,1656.333177624736,2743439.595300455,1,1,2621
XGBoost,H1,171,2024-04-11,2024-04-12,71514.0,0.0047962636686522,0.0003839367418549955,71857.0,71541.45685215702,0.0,71514.0,315.54314784298185,99567.4781506579,1,1,2628
XGBoost,H2,171,2024-04-11,2024-04-15,71514.0,0.0113963699415498,0.0008848177967593074,72329.0,71577.27685991745,0.0,71514.0,751.7231400825549,565087.6793355765,1,1,2627
XGBoost,H3,171,2024-04-11,2024-04-16,71514.0,0.0223033252230333,0.0014306268421933055,73109.0,71616.30984799261,0.0,71514.0,1492.690152007388,2228123.8898998387,1,1,2626
XGBoost,H4,171,2024-04-11,2024-04-17,71514.0,0.0165142489582459,0.002122115110978484,72695.0,71665.76094004652,0.0,71514.0,1029.2390599534847,1059333.042533933,1,1,2625
XGBoost,H5,171,2024-04-11,2024-04-18,71514.0,0.0210028805548563,0.004880111198872328,73016.0,71862.99627227616,0.0,71514.0,1153.0037277238443,1329417.596145081,1,1,2624
XGBoost,H6,171,2024-04-11,2024-04-19,71514.0,0.0242190340352936,0.006161648780107498,73246.0,71954.64415086061,0.0,71514.0,1291.3558491393924,1667599.9291065212,1,1,2623
XGBoost,H7,171,2024-04-11,2024-04-22,71514.0,0.0059009424728024,0.007243880070745945,71936.0,72032.03883937933,0.0,71514.0,96.03883937932551,9223.458669327883,1,1,2622
XGBoost,H1,172,2024-04-12,2024-04-15,71857.0,0.0065686015280348,0.00031029462115839124,72329.0,71879.29684059258,0.0,71857.0,449.7031594074215,202232.93158101675,1,1,2629
XGBoost,H2,172,2024-04-12,2024-04-16,71857.0,0.0174234938836856,0.0005922767450101674,73109.0,71899.5592300662,0.0,71857.0,1209.4407699338044,1462746.9759780737,1,1,2628
XGBoost,H3,172,2024-04-12,2024-04-17,71857.0,0.0116620510179941,0.0017678183503448963,72695.0,71984.03012320073,0.0,71857.0,710.9698767992668,505478.16571596457,1,1,2627
XGBoost,H4,172,2024-04-12,2024-04-18,71857.0,0.0161292567182043,0.002024558838456869,73016.0,72002.478724455,0.0,71857.0,1013.5212755450048,1027225.3759823735,1,1,2626
XGBoost,H5,172,2024-04-12,2024-04-19,71857.0,0.0193300583102551,0.005109814926981926,73246.0,72224.17597120814,0.0,71857.0,1021.8240287918597,1044124.3458164274,1,1,2625
XGBoost,H6,172,2024-04-12,2024-04-22,71857.0,0.0010994057642261,0.006625098176300526,71936.0,72333.05967965443,0.0,71857.0,397.0596796544269,157656.38920727608,1,1,2624
XGBoost,H7,172,2024-04-12,2024-04-23,71857.0,-0.0037157131525112,0.007787576876580715,71590.0,72416.59191162046,0.0,71857.0,826.5919116204605,683254.188356367,-1,1,2623
XGBoost,H1,173,2024-04-15,2024-04-16,72329.0,0.0107840561876979,0.00039110149373300374,73109.0,72357.28797994021,0.0,72329.0,751.7120200597856,565070.9611023634,1,1,2630
XGBoost,H2,173,2024-04-15,2024-04-17,72329.0,0.0050602109803812,0.000748249760363251,72695.0,72383.12015691731,0.0,72329.0,311.8798430826864,97269.0365212811,1,1,2629
XGBoost,H3,173,2024-04-15,2024-04-18,72329.0,0.0094982648730108,0.0018104863120242953,73016.0,72459.9506644624,0.0,72329.0,556.0493355375947,309190.8635518006,1,1,2628
XGBoost,H4,173,2024-04-15,2024-04-19,72329.0,0.0126781788770755,0.0021259747445583344,73246.0,72482.76962729916,0.0,72329.0,763.2303727008402,582520.6018130635,1,1,2627
XGBoost,H5,173,2024-04-15,2024-04-22,72329.0,-0.0054335052330324,0.004891622345894575,71936.0,72682.80615265621,0.0,72329.0,746.8061526562087,557719.4296451685,-1,1,2626
XGBoost,H6,173,2024-04-15,2024-04-23,72329.0,-0.0102172019521906,0.006809606682509184,71590.0,72821.5320417392,0.0,72329.0,1231.5320417392068,1516671.1698303393,-1,1,2625
XGBoost,H7,173,2024-04-15,2024-04-24,72329.0,-0.0088069792199532,0.00825693178921938,71692.0,72926.21561938245,0.0,72329.0,1234.2156193824485,1523288.195127601,-1,1,2624
XGBoost,H1,174,2024-04-16,2024-04-17,73109.0,-0.0056627774966145,0.0003560110053513199,72695.0,73135.02760859023,0.0,73109.0,440.02760859022965,193624.29632163636,-1,1,2631
XGBoost,H2,174,2024-04-16,2024-04-18,73109.0,-0.0012720732057612,0.000728210317902267,73016.0,73162.23872813152,0.0,73109.0,146.23872813151684,21385.765605523695,-1,1,2630
XGBoost,H3,174,2024-04-16,2024-04-19,73109.0,0.001873914292358,0.0016884085489436984,73246.0,73232.43786060472,0.0,73109.0,13.562139395275153,183.9316249768743,1,1,2629
XGBoost,H4,174,2024-04-16,2024-04-22,73109.0,-0.0160445362404081,0.0028946909587830305,71936.0,73320.62796130567,0.0,73109.0,1384.6279613056686,1917194.591229492,-1,1,2628
XGBoost,H5,174,2024-04-16,2024-04-23,73109.0,-0.0207771956941006,0.005032661370933056,71590.0,73476.93284016754,0.0,73109.0,1886.9328401675448,3560515.543302757,-1,1,2627
XGBoost,H6,174,2024-04-16,2024-04-24,73109.0,-0.0193820186297172,0.007014879956841469,71692.0,73621.85085876472,0.0,73109.0,1929.850858764723,3724324.3370749387,-1,1,2626
XGBoost,H7,174,2024-04-16,2024-04-25,73109.0,-0.0189306378147697,0.0085176732391119,71725.0,73731.71857283823,0.0,73109.0,2006.718572838232,4026919.4305739105,-1,1,2625
XGBoost,H1,175,2024-04-17,2024-04-18,72695.0,0.0044157094710777,0.0003894046531058848,73016.0,72723.30777125753,0.0,72695.0,292.6922287424677,85668.74076623304,1,1,2632
XGBoost,H2,175,2024-04-17,2024-04-19,72695.0,0.00757961345347,0.0008702154154889286,73246.0,72758.26030962897,0.0,72695.0,487.73969037103234,237890.0055632305,1,1,2631
XGBoost,H3,175,2024-04-17,2024-04-22,72695.0,-0.0104408831418941,0.0017103067366406322,71936.0,72819.33074822009,0.0,72695.0,883.3307482200908,780273.2107510654,-1,1,2630
XGBoost,H4,175,2024-04-17,2024-04-23,72695.0,-0.0152004952197537,0.002634925302118063,71590.0,72886.54589483747,0.0,72695.0,1296.5458948374726,1681031.2574199026,-1,1,2629
XGBoost,H5,175,2024-04-17,2024-04-24,72695.0,-0.0137973725840842,0.004866731818765402,71692.0,73048.78706956515,0.0,72695.0,1356.787069565151,1840871.1521391897,-1,1,2628
XGBoost,H6,175,2024-04-17,2024-04-25,72695.0,-0.0133434211431322,0.006336856633424759,71725.0,73155.65779296681,0.0,72695.0,1430.6577929668128,2046781.7205766719,-1,1,2627
XGBoost,H7,175,2024-04-17,2024-04-26,72695.0,-0.008088589311507,0.007736265193670988,72107.0,73257.38779825391,0.0,72695.0,1150.3877982539125,1323392.0863714844,-1,1,2626
XGBoost,H1,176,2024-04-18,2024-04-19,73016.0,0.0031499945217485,0.00039829013985581696,73246.0,73045.08155285171,0.0,73016.0,200.91844714828767,40368.22240447927,1,1,2633
XGBoost,H2,176,2024-04-18,2024-04-22,73016.0,-0.0147912786238633,0.0008706551743671298,71936.0,73079.57175821159,0.0,73016.0,1143.5717582115903,1307756.366179148,-1,1,2632
XGBoost,H3,176,2024-04-18,2024-04-23,73016.0,-0.0195299660348416,0.0016784450272098184,71590.0,73138.55334210675,0.0,73016.0,1548.553342106752,2398017.4533499917,-1,1,2631
XGBoost,H4,176,2024-04-18,2024-04-24,73016.0,-0.0181330119425878,0.00265125697478652,71692.0,73209.58417927101,0.0,73016.0,1517.5841792710125,2303061.741173673,-1,1,2630
XGBoost,H5,176,2024-04-18,2024-04-25,73016.0,-0.0176810562068587,0.0043859598226845264,71725.0,73336.24524241313,0.0,73016.0,1611.2452424131334,2596111.231198957,-1,1,2629
XGBoost,H6,176,2024-04-18,2024-04-26,73016.0,-0.0124493261750848,0.005920158699154854,72107.0,73448.26630757749,0.0,73016.0,1341.2663075774908,1798995.3078425562,-1,1,2628
XGBoost,H7,176,2024-04-18,2024-04-29,73016.0,-0.0104908513202586,0.00745127908885479,72250.0,73560.06259395182,0.0,73016.0,1310.0625939518213,1716264.0000717747,-1,1,2627
XGBoost,H1,177,2024-04-19,2024-04-22,73246.0,-0.0178849356961472,0.0003920571762137115,71936.0,73274.71661992895,0.0,73246.0,1338.7166199289495,1792162.1884739914,-1,1,2634
XGBoost,H2,177,2024-04-19,2024-04-23,73246.0,-0.022608743139557,0.0008598814602009952,71590.0,73308.98287743388,0.0,73246.0,1718.982877433882,2954902.132910869,-1,1,2633
XGBoost,H3,177,2024-04-19,2024-04-24,73246.0,-0.021216175627338,0.0016062193317338824,71692.0,73363.64914117218,0.0,73246.0,1671.64914117218,2794410.851181687,-1,1,2632
XGBoost,H4,177,2024-04-19,2024-04-25,73246.0,-0.020765639079267,0.002590694697573781,71725.0,73435.75802381849,0.0,73246.0,1710.7580238184892,2926693.0160593423,-1,1,2631
XGBoost,H5,177,2024-04-19,2024-04-26,73246.0,-0.0155503372197799,0.004175704438239336,72107.0,73551.85364728328,0.0,73246.0,1444.8536472832784,2087602.0620677923,-1,1,2630
XGBoost,H6,177,2024-04-19,2024-04-29,73246.0,-0.0135980121781393,0.005650267004966736,72250.0,73659.8594570458,0.0,73246.0,1409.8594570457935,1987703.6886214598,-1,1,2629
XGBoost,H7,177,2024-04-19,2024-04-30,73246.0,-0.031087021816891,0.0067703151144087315,70969.0,73741.89850086998,0.0,73246.0,2772.898500869982,7688966.096126993,-1,1,2628
XGBoost,H1,178,2024-04-22,2024-04-23,71936.0,-0.004809830960854,0.0003922254836652428,71590.0,71964.21513239294,0.0,71936.0,374.2151323929429,140036.9653118678,-1,1,2635
XGBoost,H2,178,2024-04-22,2024-04-24,71936.0,-0.0033919039145907,0.0008244822383858263,71692.0,71995.30995430052,0.0,71936.0,303.3099543005228,91996.92837778523,-1,1,2634
XGBoost,H3,178,2024-04-22,2024-04-25,71936.0,-0.0029331628113878,0.0015171549748629332,71725.0,72045.13806027174,0.0,71936.0,320.13806027173996,102488.3776345522,-1,1,2633
XGBoost,H4,178,2024-04-22,2024-04-26,71936.0,0.0023771129893237,0.0024253034498542547,72107.0,72110.46662896872,0.0,71936.0,3.4666289687156677,12.017516406738654,1,1,2632
XGBoost,H5,178,2024-04-22,2024-04-29,71936.0,0.0043649911032028,0.003998347092419863,72250.0,72223.62509644032,0.0,71936.0,26.374903559684753,695.6355377826715,1,1,2631
XGBoost,H6,178,2024-04-22,2024-04-30,71936.0,-0.0134425044483985,0.005217488389462233,70969.0,72311.32524478436,0.0,71936.0,1342.3252447843552,1801837.0627853791,-1,1,2630
XGBoost,H7,178,2024-04-22,2024-05-01,71936.0,-0.0092026245551601,0.0063859447836875916,71274.0,72395.37932395935,0.0,71936.0,1121.3793239593506,1257491.58820353,-1,1,2629
XGBoost,H1,179,2024-04-23,2024-04-24,71590.0,0.0014247799972062,0.0003828451444860548,71692.0,71617.40788389376,0.0,71590.0,74.59211610624334,5563.983785207287,1,1,2636
XGBoost,H2,179,2024-04-23,2024-04-25,71590.0,0.0018857382315966,0.0007687207544222474,71725.0,71645.03271880909,0.0,71590.0,79.96728119091131,6394.766061066278,1,1,2635
XGBoost,H3,179,2024-04-23,2024-04-26,71590.0,0.0072216790054477,0.0012021843576803803,72107.0,71676.06437816634,0.0,71590.0,430.93562183366157,185705.51016516457,1,1,2634
XGBoost,H4,179,2024-04-23,2024-04-29,71590.0,0.0092191646878054,0.002103909384459257,72250.0,71740.61887283344,0.0,71590.0,509.3811271665618,259469.13271347698,1,1,2633
XGBoost,H5,179,2024-04-23,2024-04-30,71590.0,-0.0086743958653443,0.00354352337308228,70969.0,71843.68083827896,0.0,71590.0,874.6808382789604,765066.5688523849,-1,1,2632
XGBoost,H6,179,2024-04-23,2024-05-01,71590.0,-0.0044140243050705,0.005037670489400625,71274.0,71950.64683033619,0.0,71590.0,676.6468303361908,457850.9330040137,-1,1,2631
XGBoost,H7,179,2024-04-23,2024-05-02,71590.0,-0.0065791311635703,0.006091025657951832,71119.0,72026.05652685277,0.0,71590.0,907.0565268527716,822751.5429062129,-1,1,2630
XGBoost,H1,180,2024-04-24,2024-04-25,71692.0,0.0004603024047313,0.0003832475922536105,71725.0,71719.47578638385,0.0,71692.0,5.524213616154157,30.516936076902983,1,1,2637
XGBoost,H2,180,2024-04-24,2024-04-26,71692.0,0.0057886514534397,0.0007539505022577941,72107.0,71746.05221940787,0.0,71692.0,360.9477805921342,130283.30031438747,1,1,2636
XGBoost,H3,180,2024-04-24,2024-04-29,71692.0,0.0077832952072756,0.0011944740545004606,72250.0,71777.63423391525,0.0,71692.0,472.365766084753,223129.41696883558,1,1,2635
XGBoost,H4,180,2024-04-24,2024-04-30,71692.0,-0.0100848072309323,0.0018973449477925897,70969.0,71828.02445399715,0.0,71692.0,859.0244539971463,737923.0125650954,-1,1,2634
XGBoost,H5,180,2024-04-24,2024-05-01,71692.0,-0.0058304971265971,0.0031568396370857954,71274.0,71918.32014726195,0.0,71692.0,644.3201472619548,415148.45216766716,-1,1,2633
XGBoost,H6,180,2024-04-24,2024-05-02,71692.0,-0.0079925235730625,0.004290811717510223,71119.0,71999.61687365174,0.0,71692.0,880.6168736517429,775486.0781601698,-1,1,2632
XGBoost,H7,180,2024-04-24,2024-05-03,71692.0,-0.0096802990570774,0.005861885845661163,70998.0,72112.25032004714,0.0,71692.0,1114.2503200471401,1241553.7757251542,-1,1,2631
XGBoost,H1,181,2024-04-25,2024-04-26,71725.0,0.0053258975252701,0.00038324727211147547,72107.0,71752.4884105922,0.0,71725.0,354.5115894078044,125678.4670244477,1,1,2638
XGBoost,H2,181,2024-04-25,2024-04-29,71725.0,0.0073196235622168,0.0007674466469325125,72250.0,71780.04511075123,0.0,71725.0,469.95488924876554,220857.59792881948,1,1,2637
XGBoost,H3,181,2024-04-25,2024-04-30,71725.0,-0.0105402579295922,0.0011881468817591667,70969.0,71810.21983509418,0.0,71725.0,841.2198350941762,707650.8109558731,-1,1,2636
XGBoost,H4,181,2024-04-25,2024-05-01,71725.0,-0.0062879051934472,0.0017175570828840137,71274.0,71848.19178176986,0.0,71725.0,574.1917817698559,329696.2022520418,-1,1,2635
XGBoost,H5,181,2024-04-25,2024-05-02,71725.0,-0.0084489369118159,0.002863953821361065,71119.0,71930.41708783712,0.0,71725.0,811.4170878371224,658397.6904340764,-1,1,2634
XGBoost,H6,181,2024-04-25,2024-05-03,71725.0,-0.0101359358661554,0.004213795997202396,70998.0,72027.23451789934,0.0,71725.0,1029.2345178993419,1059323.6928354907,-1,1,2633
XGBoost,H7,181,2024-04-25,2024-05-06,71725.0,-0.0056326246078772,0.005506738089025021,71321.0,72119.97078943532,0.0,71725.0,798.9707894353196,638354.3223708979,-1,1,2632
XGBoost,H1,182,2024-04-26,2024-04-29,72107.0,0.0019831639091905,0.00039795920019969344,72250.0,72135.6956440488,0.0,72107.0,114.3043559512007,13065.485789418792,1,1,2639
XGBoost,H2,182,2024-04-26,2024-04-30,72107.0,-0.0157821015990126,0.0007716118707321584,70969.0,72162.63861716288,0.0,72107.0,1193.6386171628837,1424773.1483825215,-1,1,2638
XGBoost,H3,182,2024-04-26,2024-05-01,72107.0,-0.0115522764780118,0.001191787887364626,71274.0,72192.9362491942,0.0,72107.0,918.9362491942011,844443.8300831069,-1,1,2637
XGBoost,H4,182,2024-04-26,2024-05-02,72107.0,-0.0137018597362252,0.0015956168062984943,71119.0,72222.05514105177,0.0,72107.0,1103.0551410517655,1216730.6442007304,-1,1,2636
XGBoost,H5,182,2024-04-26,2024-05-03,72107.0,-0.0153799215055403,0.0023351942654699087,70998.0,72275.38385290024,0.0,72107.0,1277.3838529002387,1631709.5076502587,-1,1,2635
XGBoost,H6,182,2024-04-26,2024-05-06,72107.0,-0.0109004673610051,0.0035096555948257446,71321.0,72360.0707359761,0.0,72107.0,1039.0707359761,1079667.994361914,-1,1,2634
XGBoost,H7,182,2024-04-26,2024-05-07,72107.0,-0.013466098991776,0.005090014543384314,71136.0,72474.02567867981,0.0,72107.0,1338.0256786798127,1790312.7168065733,-1,1,2633
XGBoost,H1,183,2024-04-29,2024-04-30,72250.0,-0.0177301038062284,0.0003927696088794619,70969.0,72278.37760424154,0.0,72250.0,1309.3776042415411,1714469.7104893178,-1,1,2640
XGBoost,H2,183,2024-04-29,2024-05-01,72250.0,-0.0135086505190311,0.0007969898288138211,71274.0,72307.5825151318,0.0,72250.0,1033.5825151317986,1068292.8155861746,-1,1,2639
XGBoost,H3,183,2024-04-29,2024-05-02,72250.0,-0.0156539792387543,0.0012258714996278286,71119.0,72338.56921584811,0.0,72250.0,1219.5692158481106,1487349.0722443755,-1,1,2638
XGBoost,H4,183,2024-04-29,2024-05-03,72250.0,-0.0173287197231833,0.0016172216273844242,70998.0,72366.84426257852,0.0,72250.0,1368.8442625785246,1873734.615194145,-1,1,2637
XGBoost,H5,183,2024-04-29,2024-05-06,72250.0,-0.0128581314878892,0.002298725303262472,71321.0,72416.08290316071,0.0,72250.0,1095.0829031607136,1199206.5647948969,-1,1,2636
XGBoost,H6,183,2024-04-29,2024-05-07,72250.0,-0.0154186851211072,0.0032109180465340614,71136.0,72481.98882886209,0.0,72250.0,1345.988828862086,1811685.9274215298,-1,1,2635
XGBoost,H7,183,2024-04-29,2024-05-08,72250.0,-0.015515570934256,0.004439866170287132,71129.0,72570.78033080325,0.0,72250.0,1441.7803308032453,2078730.5222911155,-1,1,2634
XGBoost,H1,184,2024-04-30,2024-05-01,70969.0,0.0042976510870944,0.0004066365654580295,71274.0,70997.85859041399,0.0,70969.0,276.1414095860091,76254.07808814805,1,1,2641
XGBoost,H2,184,2024-04-30,2024-05-02,70969.0,0.0021135988952922,0.0007885924424044788,71119.0,71024.965617045,0.0,70969.0,94.03438295499654,8842.465177726945,1,1,2640
XGBoost,H3,184,2024-04-30,2024-05-03,70969.0,0.0004086291197564,0.0011554076336324215,70998.0,71050.99812435126,0.0,70969.0,52.99812435125932,2808.8011847515463,1,1,2639
XGBoost,H4,184,2024-04-30,2024-05-06,70969.0,0.004959912074286,0.0015961978351697326,71321.0,71082.28056416416,0.0,70969.0,238.71943583583925,56986.96904578137,1,1,2638
XGBoost,H5,184,2024-04-30,2024-05-07,70969.0,0.0023531401034253,0.002185181714594364,71136.0,71124.08016110305,0.0,70969.0,11.91983889695257,142.08255932930345,1,1,2637
XGBoost,H6,184,2024-04-30,2024-05-08,70969.0,0.0022545054883118,0.002797237131744623,71129.0,71167.51712200278,0.0,70969.0,38.51712200278416,1483.5686873773598,1,1,2636
XGBoost,H7,184,2024-04-30,2024-05-09,70969.0,0.0086939367893024,0.0035641449503600597,71586.0,71221.9438029821,0.0,70969.0,364.0561970178969,132536.91458713377,1,1,2635
XGBoost,H1,185,2024-05-01,2024-05-02,71274.0,-0.0021747060639223,0.00041460839565843344,71119.0,71303.55079879216,0.0,71274.0,184.55079879215918,34058.997334824024,-1,1,2642
XGBoost,H2,185,2024-05-01,2024-05-03,71274.0,-0.003872379829952,0.0007821109029464424,70998.0,71329.7441724966,0.0,71274.0,331.74417249660473,110054.19598545703,-1,1,2641
XGBoost,H3,185,2024-05-01,2024-05-06,71274.0,0.0006594270000279,0.0011392575688660145,71321.0,71355.19944396336,0.0,71274.0,34.199443963356316,1169.6019674027489,1,1,2640
XGBoost,H4,185,2024-05-01,2024-05-07,71274.0,-0.001936189914976,0.0015084916958585382,71136.0,71381.51623713062,0.0,71274.0,245.51623713062145,60278.22269477954,-1,1,2639
XGBoost,H5,185,2024-05-01,2024-05-08,71274.0,-0.0020344024468951,0.002057009609416127,71129.0,71420.61130290153,0.0,71274.0,291.61130290152505,85037.151979925,-1,1,2638
XGBoost,H6,185,2024-05-01,2024-05-09,71274.0,0.00437747285125,0.0025671403855085373,71586.0,71456.97036383674,0.0,71274.0,129.0296361632645,16648.647008424417,1,1,2637
XGBoost,H7,185,2024-05-01,2024-05-10,71274.0,0.0185341078092993,0.003311834530904889,72595.0,71510.04769435572,0.0,71274.0,1084.952305644285,1177121.50552285,1,1,2636
XGBoost,H1,186,2024-05-02,2024-05-03,71119.0,-0.0017013737538491,0.0004140635428484529,70998.0,71148.44778510384,0.0,71119.0,150.44778510383912,22634.536042650958,-1,1,2643
XGBoost,H2,186,2024-05-02,2024-05-06,71119.0,0.0028403099031202,0.0007695932290516794,71321.0,71173.73270085693,0.0,71119.0,147.26729914307361,21687.65739689553,1,1,2642
XGBoost,H3,186,2024-05-02,2024-05-07,71119.0,0.0002390359819457,0.0011327635729685426,71136.0,71199.56101254595,0.0,71119.0,63.56101254594978,4040.0023158663853,1,1,2641
XGBoost,H4,186,2024-05-02,2024-05-08,71119.0,0.0001406094011444,0.0015028330963104963,71129.0,71225.8799869765,0.0,71119.0,96.87998697650619,9385.731876568008,1,1,2640
XGBoost,H5,186,2024-05-02,2024-05-09,71119.0,0.0065664590334508,0.0019390047527849674,71586.0,71256.90007901331,0.0,71119.0,329.0999209866859,108306.75799344291,1,1,2639
XGBoost,H6,186,2024-05-02,2024-05-10,71119.0,0.0207539476089371,0.0025186282582581043,72595.0,71298.12232309906,0.0,71119.0,1296.8776769009419,1681891.7088439837,1,1,2638
XGBoost,H7,186,2024-05-02,2024-05-13,71119.0,0.0098426580801191,0.003156543243676424,71819.0,71343.49019894702,0.0,71119.0,475.5098010529764,226109.57089744118,1,1,2637
XGBoost,H1,187,2024-05-03,2024-05-06,70998.0,0.0045494239274346,0.0004131889727432281,71321.0,71027.33559068682,0.0,70998.0,293.6644093131763,86238.78529725675,1,1,2644
XGBoost,H2,187,2024-05-03,2024-05-07,70998.0,0.0019437167244147,0.0007810262031853199,71136.0,71053.45129837375,0.0,70998.0,82.54870162624866,6814.2881401794275,1,1,2643
XGBoost,H3,187,2024-05-03,2024-05-08,70998.0,0.0018451223978139,0.001132457284256816,71129.0,71078.40220226767,0.0,70998.0,50.597797732334584,2560.1371353622426,1,1,2642
XGBoost,H4,187,2024-05-03,2024-05-09,70998.0,0.0082819234344628,0.0014958441024646163,71586.0,71104.20193958678,0.0,70998.0,481.7980604132172,232129.37101793807,1,1,2641
XGBoost,H5,187,2024-05-03,2024-05-10,70998.0,0.0224935913687709,0.0019286469323560596,72595.0,71134.93007490342,0.0,70998.0,1460.0699250965845,2131804.1861715456,1,1,2640
XGBoost,H6,187,2024-05-03,2024-05-13,70998.0,0.0115637060198878,0.0025785272009670734,71819.0,71181.07027421426,0.0,70998.0,637.9297257857397,406954.3350410691,1,1,2639
XGBoost,H7,187,2024-05-03,2024-05-14,70998.0,0.0171131581171299,0.0029235444962978363,72213.0,71205.56581214815,0.0,70998.0,1007.4341878518462,1014923.6428527089,1,1,2638
XGBoost,H1,188,2024-05-06,2024-05-07,71321.0,-0.0025939064230731,0.00040016244747675955,71136.0,71349.53998591649,0.0,71321.0,213.53998591648997,45599.325585214734,-1,1,2645
XGBoost,H2,188,2024-05-06,2024-05-08,71321.0,-0.0026920542336759,0.0007558041834272444,71129.0,71374.90471016621,0.0,71321.0,245.9047101662145,60469.126481929954,-1,1,2644
XGBoost,H3,188,2024-05-06,2024-05-09,71321.0,0.0037155956871048,0.0011143576120957732,71586.0,71400.47709925228,0.0,71321.0,185.52290074771736,34418.74670184738,1,1,2643
XGBoost,H4,188,2024-05-06,2024-05-10,71321.0,0.0178629015297038,0.0014971597120165825,72595.0,71427.77892782073,0.0,71321.0,1167.2210721792653,1362405.0313393136,1,1,2642
XGBoost,H5,188,2024-05-06,2024-05-13,71321.0,0.0069825156685969,0.0019054830772802234,71819.0,71456.9009585547,0.0,71321.0,362.0990414452972,131115.71581560306,1,1,2641
XGBoost,H6,188,2024-05-06,2024-05-14,71321.0,0.0125068352939528,0.0025681271217763424,72213.0,71504.16139445221,0.0,71321.0,708.8386055477895,502452.16871493467,1,1,2640
XGBoost,H7,188,2024-05-06,2024-05-15,71321.0,0.0235554745446642,0.0030025020241737366,73001.0,71535.1414468661,0.0,71321.0,1465.858553133905,2148741.297795825,1,1,2639
XGBoost,H1,189,2024-05-07,2024-05-08,71136.0,-9.840305892938606e-05,0.00037960504414513707,71129.0,71163.00358442031,0.0,71136.0,34.00358442030847,1156.243753429045,-1,1,2646
XGBoost,H2,189,2024-05-07,2024-05-09,71136.0,0.0063259109311741,0.0007562738610431552,71586.0,71189.79829737917,0.0,71136.0,396.2017026208341,156975.78915964786,1,1,2645
XGBoost,H3,189,2024-05-07,2024-05-10,71136.0,0.020510008996851,0.0011123965959995985,72595.0,71215.13144425303,0.0,71136.0,1379.8685557469726,1904037.231139236,1,1,2644
XGBoost,H4,189,2024-05-07,2024-05-13,71136.0,0.0096013270355375,0.0014958992833271623,71819.0,71242.41229141876,0.0,71136.0,576.587708581239,332453.3856869638,1,1,2643
XGBoost,H5,189,2024-05-07,2024-05-14,71136.0,0.0151400134952766,0.001910018501803279,72213.0,71271.87107614428,0.0,71136.0,941.128923855722,885723.6513178293,1,1,2642
XGBoost,H6,189,2024-05-07,2024-05-15,71136.0,0.0262173864147547,0.0024475662503391504,73001.0,71310.11007278413,0.0,71136.0,1690.8899272158742,2859108.7459601043,1,1,2641
XGBoost,H7,189,2024-05-07,2024-05-16,71136.0,0.0247413405308141,0.0028916671872138977,72896.0,71341.70163702965,0.0,71136.0,1554.2983629703522,2415843.401132317,1,1,2640
XGBoost,H1,190,2024-05-08,2024-05-09,71129.0,0.0064249462244654,0.00037949197576381266,71586.0,71155.9928847441,0.0,71129.0,430.00711525589577,184906.11917069723,1,1,2647
XGBoost,H2,190,2024-05-08,2024-05-10,71129.0,0.0206104401861406,0.0007549813017249107,72595.0,71182.70106501039,0.0,71129.0,1412.2989349896088,1994588.2817727833,1,1,2646
XGBoost,H3,190,2024-05-08,2024-05-13,71129.0,0.0097006846715124,0.0011125843739137053,71819.0,71208.13701393211,0.0,71129.0,610.862986067892,373153.58774778165,1,1,2645
XGBoost,H4,190,2024-05-08,2024-05-14,71129.0,0.0152399162085787,0.0014954793732613325,72213.0,71235.3719523407,0.0,71129.0,977.6280476592947,955756.5995701242,1,1,2644
XGBoost,H5,190,2024-05-08,2024-05-15,71129.0,0.0263183792827117,0.0018375290092080832,73001.0,71259.70160089596,0.0,71129.0,1741.2983991040383,3032120.1147222864,1,1,2643
XGBoost,H6,190,2024-05-08,2024-05-16,71129.0,0.0248421881370468,0.0024424942675977945,72896.0,71302.73217475996,0.0,71129.0,1593.2678252400365,2538502.362945115,1,1,2642
XGBoost,H7,190,2024-05-08,2024-05-17,71129.0,0.0346412855516033,0.0026579294353723526,73593.0,71318.0558628086,0.0,71129.0,2274.9441371914,5175370.827341523,1,1,2641
XGBoost,H1,191,2024-05-09,2024-05-10,71586.0,0.0140949347637806,0.00038186548044905066,72595.0,71613.33622228343,0.0,71586.0,981.6637777165743,963663.7724807757,1,1,2648
XGBoost,H2,191,2024-05-09,2024-05-13,71586.0,0.0032548263626965,0.000758995593059808,71819.0,71640.33345852478,0.0,71586.0,178.66654147522058,31921.733042716718,1,1,2647
XGBoost,H3,191,2024-05-09,2024-05-14,71586.0,0.008758695834381,0.0011136233806610107,72213.0,71665.719843328,0.0,71586.0,547.2801566720009,299515.5698869298,1,1,2646
XGBoost,H4,191,2024-05-09,2024-05-15,71586.0,0.0197664347777497,0.0014977912651374936,73001.0,71693.22088550613,0.0,71586.0,1307.7791144938674,1710286.212306364,1,1,2645
XGBoost,H5,191,2024-05-09,2024-05-16,71586.0,0.0182996675327578,0.0019113293383270502,72896.0,71722.82442201348,0.0,71586.0,1173.1755779865198,1376340.9367840048,1,1,2644
XGBoost,H6,191,2024-05-09,2024-05-17,71586.0,0.0280362081971334,0.002446012571454048,73593.0,71761.10025594011,0.0,71586.0,1831.8997440598905,3355856.6722866925,1,1,2643
XGBoost,H7,191,2024-05-09,2024-05-20,71586.0,0.0376749643785097,0.002660309197381139,74283.0,71776.44089420373,0.0,71586.0,2506.559105796274,6282838.550850215,1,1,2642
XGBoost,H1,192,2024-05-10,2024-05-13,72595.0,-0.0106894414215854,0.0003941703762393445,71819.0,72623.6147984631,0.0,72595.0,804.6147984630952,647404.9739058074,-1,1,2649
XGBoost,H2,192,2024-05-10,2024-05-14,72595.0,-0.0052620703905227,0.0007523951353505254,72213.0,72649.62012485077,0.0,72595.0,436.6201248507714,190637.1334247032,-1,1,2648
XGBoost,H3,192,2024-05-10,2024-05-15,72595.0,0.0055926716716028,0.0011207181960344315,73001.0,72676.35853744112,0.0,72595.0,324.64146255888045,105392.07921236898,1,1,2647
XGBoost,H4,192,2024-05-10,2024-05-16,72595.0,0.0041462910668779,0.0015040372963994741,72896.0,72704.18558753212,0.0,72595.0,191.81441246788017,36792.76883039807,1,1,2646
XGBoost,H5,192,2024-05-10,2024-05-17,72595.0,0.0137475032715752,0.0019324618624523282,73593.0,72735.28706890473,0.0,72595.0,857.7129310952732,735671.4721680449,1,1,2645
XGBoost,H6,192,2024-05-10,2024-05-20,72595.0,0.0232522901026241,0.002457978203892708,74283.0,72773.43692771159,0.0,72595.0,1509.5630722884089,2278780.66921682,1,1,2644
XGBoost,H7,192,2024-05-10,2024-05-21,72595.0,0.0189406983952062,0.0027563010808080435,73970.0,72795.09367696126,0.0,72595.0,1174.90632303874,1380404.8679164122,1,1,2643
XGBoost,H1,193,2024-05-13,2024-05-14,71819.0,0.0054860134504797,0.0003855004324577749,72213.0,71846.68625555868,0.0,71819.0,366.31374444131507,134185.75936661707,1,1,2650
XGBoost,H2,193,2024-05-13,2024-05-15,71819.0,0.0164580403514389,0.0007694900268688798,73001.0,71874.2640042397,0.0,71819.0,1126.735995760304,1269534.0041419636,1,1,2649
XGBoost,H3,193,2024-05-13,2024-05-16,71819.0,0.0149960316907782,0.0011240595486015081,72896.0,71899.72883272101,0.0,71819.0,996.2711672789883,992556.2387514379,1,1,2648
XGBoost,H4,193,2024-05-13,2024-05-17,71819.0,0.0247009844191647,0.001507095294073224,73593.0,71927.23807692504,0.0,71819.0,1665.7619230749551,2774762.7843663725,1,1,2647
XGBoost,H5,193,2024-05-13,2024-05-20,71819.0,0.0343084699035074,0.0019319988787174225,74283.0,71957.7542274706,0.0,71819.0,2325.2457725293934,5406767.902665815,1,1,2646
XGBoost,H6,193,2024-05-13,2024-05-21,71819.0,0.0299502917055374,0.00246089487336576,73970.0,71995.73900891026,0.0,71819.0,1974.2609910897445,3897706.46093866,1,1,2645
XGBoost,H7,193,2024-05-13,2024-05-22,71819.0,0.0168200615436027,0.0027467713225632906,73027.0,72016.27036961517,0.0,71819.0,1010.729630384827,1021574.385737849,1,1,2644
XGBoost,H1,194,2024-05-14,2024-05-15,72213.0,0.0109121626299972,0.0003874412795994431,73001.0,72240.97829712371,0.0,72213.0,760.0217028762854,577632.9888429687,1,1,2651
XGBoost,H2,194,2024-05-14,2024-05-16,72213.0,0.0094581308074723,0.0007705267635174096,72896.0,72268.64204917388,0.0,72213.0,627.3579508261173,393577.998464745,1,1,2650
XGBoost,H3,194,2024-05-14,2024-05-17,72213.0,0.0191101325246145,0.0011271557305008173,73593.0,72294.39529676666,0.0,72213.0,1298.6047032333445,1686374.1752597627,1,1,2649
XGBoost,H4,194,2024-05-14,2024-05-20,72213.0,0.0286651987869219,0.0015124547062441707,74283.0,72322.21889170201,0.0,72213.0,1960.7811082979897,3844662.554658293,1,1,2648
XGBoost,H5,194,2024-05-14,2024-05-21,72213.0,0.0243307991635854,0.0018583317287266254,73970.0,72347.19570912654,0.0,72213.0,1622.8042908734642,2633493.766477327,1,1,2647
XGBoost,H6,194,2024-05-14,2024-05-22,72213.0,0.0112722086050987,0.002461125608533621,73027.0,72390.72526356904,0.0,72213.0,636.2747364309616,404845.5402202897,1,1,2646
XGBoost,H7,194,2024-05-14,2024-05-23,72213.0,-0.0080456427513051,0.0026606773026287556,71632.0,72405.13549005473,0.0,72213.0,773.1354900547303,597738.485982168,-1,1,2645
XGBoost,H1,195,2024-05-15,2024-05-16,73001.0,-0.0014383364611443,0.0003983303322456777,72896.0,73030.07851258427,0.0,73001.0,134.07851258426672,17977.04753680937,-1,1,2652
XGBoost,H2,195,2024-05-15,2024-05-17,73001.0,0.0081094779523567,0.0007191580953076482,73593.0,73053.49926011555,0.0,73001.0,539.5007398844464,291061.0483358651,1,1,2651
XGBoost,H3,195,2024-05-15,2024-05-20,73001.0,0.0175614032684483,0.0011309843976050615,74283.0,73083.56299200957,0.0,73001.0,1199.437007990433,1438649.1361370417,1,1,2650
XGBoost,H4,195,2024-05-15,2024-05-21,73001.0,0.0132737907699893,0.001519548473879695,73970.0,73111.92855814169,0.0,73001.0,858.0714418583084,736286.5993327963,1,1,2649
XGBoost,H5,195,2024-05-15,2024-05-22,73001.0,0.0003561595046643,0.00186787243001163,73027.0,73137.35655526328,0.0,73001.0,110.356555263279,12178.569289577154,1,1,2648
XGBoost,H6,195,2024-05-15,2024-05-23,73001.0,-0.0187531677648251,0.002393714152276516,71632.0,73175.74352683034,0.0,73001.0,1543.743526830338,2383144.0766305705,-1,1,2647
XGBoost,H7,195,2024-05-15,2024-05-24,73001.0,-0.0222051752715716,0.002669435925781727,71380.0,73195.87149201799,0.0,73001.0,1815.8714920179918,3297389.2755236477,-1,1,2646
XGBoost,H1,196,2024-05-16,2024-05-17,72896.0,0.0095615671641791,0.0003974414721596986,73593.0,72924.97189355455,0.0,72896.0,668.0281064454466,446261.5510010889,1,1,2653
XGBoost,H2,196,2024-05-16,2024-05-20,72896.0,0.0190271071115013,0.0007776722777634859,74283.0,72952.68919835985,0.0,72896.0,1330.310801640153,1769726.8289604664,1,1,2652
XGBoost,H3,196,2024-05-16,2024-05-21,72896.0,0.0147333187006146,0.0011361740762367845,73970.0,72978.82254546136,0.0,72896.0,991.1774545386434,982432.7463857044,1,1,2651
XGBoost,H4,196,2024-05-16,2024-05-22,72896.0,0.0017970807726075,0.0015208738623186946,73027.0,73006.86562106758,0.0,72896.0,20.13437893241644,405.39321499413495,1,1,2650
XGBoost,H5,196,2024-05-16,2024-05-23,72896.0,-0.0173397717295873,0.0019433158449828625,71632.0,73037.65995183587,0.0,72896.0,1405.6599518358707,1975879.9001952223,-1,1,2649
XGBoost,H6,196,2024-05-16,2024-05-24,72896.0,-0.0207967515364354,0.0024035749956965446,71380.0,73071.2110028863,0.0,72896.0,1691.2110028862953,2860194.6562836687,-1,1,2648
XGBoost,H7,196,2024-05-16,2024-05-27,72896.0,-0.0122777655838455,0.0027712383307516575,72001.0,73098.01218935847,0.0,72896.0,1097.0121893584728,1203435.7436010698,-1,1,2647
XGBoost,H1,197,2024-05-17,2024-05-20,73593.0,0.0093758917288329,0.00039430163451470435,74283.0,73622.01784018884,0.0,73593.0,660.9821598111594,436897.415588625,1,1,2654
XGBoost,H2,197,2024-05-17,2024-05-21,73593.0,0.0051227698286522,0.000780574802774936,73970.0,73650.44484146062,0.0,73593.0,319.55515853938414,102115.49934913093,1,1,2653
XGBoost,H3,197,2024-05-17,2024-05-22,73593.0,-0.0076909488674195,0.0011431524762883782,73027.0,73677.12802018749,0.0,73593.0,650.1280201874906,422666.4426329062,-1,1,2652
XGBoost,H4,197,2024-05-17,2024-05-23,73593.0,-0.0266465560583207,0.0015295081539079547,71632.0,73705.56109357055,0.0,73593.0,2073.561093570548,4299655.608769488,-1,1,2651
XGBoost,H5,197,2024-05-17,2024-05-24,73593.0,-0.0300707947766771,0.0019420688040554523,71380.0,73735.92266949685,0.0,73593.0,2355.922669496853,5550371.624649177,-1,1,2650
XGBoost,H6,197,2024-05-17,2024-05-27,73593.0,-0.0216324922207274,0.0025600316002964973,72001.0,73781.40040556062,0.0,73593.0,1780.4004055606201,3169825.6041204208,-1,1,2649
XGBoost,H7,197,2024-05-17,2024-05-28,73593.0,-0.0196757843816667,0.0028783108573406935,72145.0,73804.82353092427,0.0,73593.0,1659.8235309242737,2755014.153809923,-1,1,2648
XGBoost,H1,198,2024-05-20,2024-05-21,74283.0,-0.0042136154974893,0.0003979338798671961,73970.0,74312.55972239817,0.0,74283.0,342.5597223981749,117347.16340951467,-1,1,2655
XGBoost,H2,198,2024-05-20,2024-05-22,74283.0,-0.0169083101113309,0.0007871687412261963,73027.0,74341.4732556045,0.0,74283.0,1314.4732556045055,1727839.9396995078,-1,1,2654
XGBoost,H3,198,2024-05-20,2024-05-23,74283.0,-0.0356878424403969,0.0011553418589755893,71632.0,74368.82225931028,0.0,74283.0,2736.8222593102837,7490196.079056246,-1,1,2653
XGBoost,H4,198,2024-05-20,2024-05-24,74283.0,-0.0390802740869378,0.0016021564370021224,71380.0,74402.01298660983,0.0,74283.0,3022.0129866098287,9132562.491238456,-1,1,2652
XGBoost,H5,198,2024-05-20,2024-05-27,74283.0,-0.0307203532436761,0.002030641306191683,72001.0,74433.84212814784,0.0,74283.0,2432.842128147837,5918720.820490896,-1,1,2651
XGBoost,H6,198,2024-05-20,2024-05-28,74283.0,-0.0287818208742242,0.0026447991840541363,72145.0,74479.4636177891,0.0,74283.0,2334.4636177890934,5449720.382780942,-1,1,2650
XGBoost,H7,198,2024-05-20,2024-05-29,74283.0,-0.0308280494864235,0.002981864847242832,71993.0,74504.50186644774,0.0,74283.0,2511.5018664477393,6307641.625170479,-1,1,2649
XGBoost,H1,199,2024-05-21,2024-05-22,73970.0,-0.012748411518183,0.0003963239723816514,73027.0,73999.31608423707,0.0,73970.0,972.3160842370708,945398.5676661105,-1,1,2656
XGBoost,H2,199,2024-05-21,2024-05-23,73970.0,-0.0316074084088143,0.0007861923659220338,71632.0,74028.15464930725,0.0,73970.0,2396.154649307253,5741557.103396764,-1,1,2655
XGBoost,H3,199,2024-05-21,2024-05-24,73970.0,-0.0350141949438961,0.0011605307227000594,71380.0,74055.84445755812,0.0,73970.0,2675.8444575581234,7160143.561044527,-1,1,2654
XGBoost,H4,199,2024-05-21,2024-05-27,73970.0,-0.0266188995538732,0.0016075825551524758,72001.0,74088.91288160463,0.0,73970.0,2087.9128816046286,4359380.201170544,-1,1,2653
XGBoost,H5,199,2024-05-21,2024-05-28,73970.0,-0.0246721643909693,0.0022011203691363335,72145.0,74132.81687370501,0.0,73970.0,1987.8168737050146,3951415.9233863777,-1,1,2652
XGBoost,H6,199,2024-05-21,2024-05-29,73970.0,-0.0267270515073678,0.002797604538500309,71993.0,74176.93880771287,0.0,73970.0,2183.938807712868,4769588.715834303,-1,1,2651
XGBoost,H7,199,2024-05-21,2024-05-30,73970.0,-0.0286332296877112,0.0033370964229106903,71852.0,74216.8450224027,0.0,73970.0,2364.8450224027038,5592491.979982845,-1,1,2650
XGBoost,H1,200,2024-05-22,2024-05-23,73027.0,-0.019102523724102,0.0003912761458195746,71632.0,73055.57372310077,0.0,73027.0,1423.573723100766,2026562.1451029766,-1,1,2657
XGBoost,H2,200,2024-05-22,2024-05-24,73027.0,-0.0225533022032946,0.0007793565164320171,71380.0,73083.91406832548,0.0,73027.0,1703.914068325481,2903323.1522374917,-1,1,2656
XGBoost,H3,200,2024-05-22,2024-05-27,73027.0,-0.0140495980938556,0.0011548202019184828,72001.0,73111.3330548855,0.0,73027.0,1110.333054885501,1232839.4927713692,-1,1,2655
XGBoost,H4,200,2024-05-22,2024-05-28,73027.0,-0.0120777246771741,0.001609847997315228,72145.0,73144.56236969994,0.0,73027.0,999.5623696999392,999124.9309201578,-1,1,2654
XGBoost,H5,200,2024-05-22,2024-05-29,73027.0,-0.0141591466170046,0.002202309900894761,71993.0,73187.82808513264,0.0,73027.0,1194.8280851326417,1427614.1530217354,-1,1,2653
XGBoost,H6,200,2024-05-22,2024-05-30,73027.0,-0.0160899393375053,0.0027233664877712727,71852.0,73225.87928450247,0.0,73027.0,1373.8792845024727,1887544.2883850264,-1,1,2652
XGBoost,H7,200,2024-05-22,2024-05-31,73027.0,-0.0181302805811549,0.0032612495124340057,71703.0,73265.15926814452,0.0,73027.0,1562.1592681445181,2440341.5790498164,-1,1,2651
XGBoost,H1,201,2024-05-23,2024-05-24,71632.0,-0.003517980790708,0.0003817159158643335,71380.0,71659.3430744852,0.0,71632.0,279.34307448519394,78032.5532628406,-1,1,2658
XGBoost,H2,201,2024-05-23,2024-05-27,71632.0,0.0051513290149654,0.0007678766269236803,72001.0,71687.0045385398,0.0,71632.0,313.99546146020293,98593.14981760578,1,1,2657
XGBoost,H3,201,2024-05-23,2024-05-28,71632.0,0.0071616037525128,0.0011362212244421244,72145.0,71713.38979874924,0.0,71632.0,431.61020125076175,186287.36582372306,1,1,2656
XGBoost,H4,201,2024-05-23,2024-05-29,71632.0,0.0050396470851017,0.0015998644521459937,71993.0,71746.60149043612,0.0,71632.0,246.39850956387818,60712.22551530057,1,1,2655
XGBoost,H5,201,2024-05-23,2024-05-30,71632.0,0.0030712530712531,0.0020343600772321224,71852.0,71777.72528105229,0.0,71632.0,74.2747189477086,5516.733874761104,1,1,2654
XGBoost,H6,201,2024-05-23,2024-05-31,71632.0,0.0009911771275408,0.0026359132025390863,71703.0,71820.81573452428,0.0,71632.0,117.81573452427983,13880.547301495582,1,1,2653
XGBoost,H7,201,2024-05-23,2024-06-03,71632.0,0.0025966048693322,0.003301293356344104,71818.0,71868.47824570164,0.0,71632.0,50.478245701640844,2548.0532891152225,1,1,2652
XGBoost,H1,202,2024-05-24,2024-05-27,71380.0,0.0086999159428411,0.0003802636347245425,72001.0,71407.14321824664,0.0,71380.0,593.8567817533622,352665.87723446044,1,1,2659
XGBoost,H2,202,2024-05-24,2024-05-28,71380.0,0.0107172877556738,0.000743978307582438,72145.0,71433.10517159523,0.0,71380.0,711.8948284047656,506794.2467094506,1,1,2658
XGBoost,H3,202,2024-05-24,2024-05-29,71380.0,0.008587839731017,0.0011225136695429683,71993.0,71460.12502573198,0.0,71380.0,532.8749742680229,283955.7382011461,1,1,2657
XGBoost,H4,202,2024-05-24,2024-05-30,71380.0,0.0066124964976184,0.0015175776788964868,71852.0,71488.32469471963,0.0,71380.0,363.6753052803688,132259.7276707694,1,1,2656
XGBoost,H5,202,2024-05-24,2024-05-31,71380.0,0.0045250770523956,0.002019220497459173,71703.0,71524.13195910864,0.0,71380.0,178.86804089136422,31993.77605231474,1,1,2655
XGBoost,H6,202,2024-05-24,2024-06-03,71380.0,0.0061361725973663,0.002405038569122553,71818.0,71551.67165306397,0.0,71380.0,266.3283469360322,70930.78838167952,1,1,2654
XGBoost,H7,202,2024-05-24,2024-06-04,71380.0,0.0056318296441579,0.0028655470814555883,71782.0,71584.5427506743,0.0,71380.0,197.4572493257001,38989.36531127169,1,1,2653
XGBoost,H1,203,2024-05-27,2024-05-28,72001.0,0.001999972222608,0.00039009336614981294,72145.0,72029.08711245615,0.0,72001.0,115.91288754384732,13435.797498752594,1,1,2660
XGBoost,H2,203,2024-05-27,2024-05-29,72001.0,-0.0001111095679227,0.0006784690194763243,71993.0,72049.85044787131,0.0,72001.0,56.85044787131483,3231.9734231690845,-1,1,2659
XGBoost,H3,203,2024-05-27,2024-05-30,72001.0,-0.0020694157025596,0.0011152924271300435,71852.0,72081.30217004579,0.0,72001.0,229.30217004579026,52579.48518770852,-1,1,2658
XGBoost,H4,203,2024-05-27,2024-05-31,72001.0,-0.0041388314051193,0.0015069105429574847,71703.0,72109.49906600348,0.0,72001.0,406.49906600348186,165241.4906617031,-1,1,2657
XGBoost,H5,203,2024-05-27,2024-06-03,72001.0,-0.0025416313662309,0.0018658351618796587,71818.0,72135.3419974905,0.0,72001.0,317.3419974904973,100705.94337125879,-1,1,2656
XGBoost,H6,203,2024-05-27,2024-06-04,72001.0,-0.003041624421883,0.0023786260280758142,71782.0,72172.26345264749,0.0,72001.0,390.2634526474867,152305.5624723371,-1,1,2655
XGBoost,H7,203,2024-05-27,2024-06-05,72001.0,0.0067221288593213,0.0026953609194606543,72485.0,72195.06868156209,0.0,72001.0,289.93131843791343,84060.16941114677,1,1,2654
XGBoost,H1,204,2024-05-28,2024-05-29,72145.0,-0.0021068681128283,0.0004037320031784475,71993.0,72174.12724536931,0.0,72145.0,181.1272453693091,32807.079015073905,-1,1,2661
XGBoost,H2,204,2024-05-28,2024-05-30,72145.0,-0.0040612655069651,0.0007693675579503179,71852.0,72200.50602246833,0.0,72145.0,348.5060224683257,121456.44769669313,-1,1,2660
XGBoost,H3,204,2024-05-28,2024-05-31,72145.0,-0.0061265506965139,0.0011189563665539026,71703.0,72225.72710706503,0.0,72145.0,522.7271070650313,273243.6284605767,-1,1,2659
XGBoost,H4,204,2024-05-28,2024-06-03,72145.0,-0.0045325386374661,0.0015019380953162909,71818.0,72253.3573238866,0.0,72145.0,435.3573238865938,189535.99946169654,-1,1,2658
XGBoost,H5,204,2024-05-28,2024-06-04,72145.0,-0.0050315337168203,0.001855705981142819,71782.0,72278.87990800955,0.0,72145.0,496.87990800954867,246889.64298357756,-1,1,2657
XGBoost,H6,204,2024-05-28,2024-06-05,72145.0,0.0047127313050108,0.002208550926297903,72485.0,72304.33590657776,0.0,72145.0,180.66409342223778,32639.514652079062,1,1,2656
XGBoost,H7,204,2024-05-28,2024-06-06,72145.0,0.0113382770808787,0.002674354473128915,72963.0,72337.94130346389,0.0,72145.0,625.0586965361144,390698.3741154264,1,1,2655
XGBoost,H1,205,2024-05-29,2024-05-30,71993.0,-0.001958523745364,0.00039590088999830186,71852.0,72021.50209277365,0.0,71993.0,169.50209277364775,28730.959454646287,-1,1,2662
XGBoost,H2,205,2024-05-29,2024-05-31,71993.0,-0.0040281694053588,0.0007690342026762664,71703.0,72048.36507935327,0.0,71993.0,345.36507935327245,119277.03803669217,-1,1,2661
XGBoost,H3,205,2024-05-29,2024-06-03,71993.0,-0.0024307918825441,0.0011217398568987846,71818.0,72073.75741751771,0.0,71993.0,255.7574175177142,65411.856615330384,-1,1,2660
XGBoost,H4,205,2024-05-29,2024-06-04,71993.0,-0.0029308404983817,0.0015032526571303606,71782.0,72101.22366854479,0.0,71993.0,319.22366854478605,101903.75055919142,-1,1,2659
XGBoost,H5,205,2024-05-29,2024-06-05,71993.0,0.0068339977497813,0.0018497613491490483,72485.0,72126.16986880929,0.0,71993.0,358.83013119071256,128759.06305034399,1,1,2658
XGBoost,H6,205,2024-05-29,2024-06-06,71993.0,0.0134735321489589,0.0021974619012326,72963.0,72151.20187465544,0.0,71993.0,811.7981253445614,659016.1963129443,1,1,2657
XGBoost,H7,205,2024-05-29,2024-06-07,71993.0,-0.0095148139402442,0.0025781721342355013,71308.0,72178.61034646002,0.0,71993.0,870.6103464600164,757962.3753632299,-1,1,2656
XGBoost,H1,206,2024-05-30,2024-05-31,71852.0,-0.0020737070645214,0.0004094931937288493,71703.0,71881.4229049558,0.0,71852.0,178.42290495580528,31834.733012868324,-1,1,2663
XGBoost,H2,206,2024-05-30,2024-06-03,71852.0,-0.000473194900629,0.0007805300992913544,71818.0,71908.08264869428,0.0,71852.0,90.0826486942824,8114.883595777498,-1,1,2662
XGBoost,H3,206,2024-05-30,2024-06-04,71852.0,-0.0009742247954127,0.0011362212244421244,71782.0,71933.63976741862,0.0,71852.0,151.63976741861552,22994.61906277181,-1,1,2661
XGBoost,H4,206,2024-05-30,2024-06-05,71852.0,0.008809775649947,0.0015051929512992501,72485.0,71960.15112393675,0.0,71852.0,524.8488760632463,275466.34270485287,1,1,2660
XGBoost,H5,206,2024-05-30,2024-06-06,71852.0,0.0154623392529087,0.0018502158345654607,72963.0,71984.9417081452,0.0,71852.0,978.0582918548025,956598.022265934,1,1,2659
XGBoost,H6,206,2024-05-30,2024-06-07,71852.0,-0.007571118410065,0.0021904909517616034,71308.0,72009.39115586597,0.0,71852.0,701.3911558659747,491949.55352700804,-1,1,2658
XGBoost,H7,206,2024-05-30,2024-06-10,71852.0,-0.0076407058954517,0.0025671517942100763,71303.0,72036.45499071758,0.0,71852.0,733.4549907175824,537956.2234085288,-1,1,2657
XGBoost,H1,207,2024-05-31,2024-06-03,71703.0,0.0016038380541958,0.0004154000780545175,71818.0,71732.78543179674,0.0,71703.0,85.21456820325693,7261.522634067527,1,1,2664
XGBoost,H2,207,2024-05-31,2024-06-04,71703.0,0.0011017670111432,0.0007734951796010137,71782.0,71758.46192486293,0.0,71703.0,23.538075137068518,554.0409811582831,1,1,2663
XGBoost,H3,207,2024-05-31,2024-06-05,71703.0,0.0109060987685312,0.0011333056027069688,72485.0,71784.2614116309,0.0,71703.0,700.7385883691022,491034.5692295221,1,1,2662
XGBoost,H4,207,2024-05-31,2024-06-06,71703.0,0.0175724865068407,0.0015030410140752792,72963.0,71810.77254983224,0.0,71703.0,1152.2274501677603,1327628.0969200984,1,1,2661
XGBoost,H5,207,2024-05-31,2024-06-07,71703.0,-0.0055088350557159,0.001851209090091288,71308.0,71835.73724538682,0.0,71703.0,527.7372453868156,278506.60016846407,-1,1,2660
XGBoost,H6,207,2024-05-31,2024-06-10,71703.0,-0.0055785671450288,0.0021900394931435585,71303.0,71860.03240177687,0.0,71703.0,557.0324017768726,310285.0966293112,-1,1,2659
XGBoost,H7,207,2024-05-31,2024-06-11,71703.0,-0.0049788711769381,0.002557888627052307,71346.0,71886.40828822553,0.0,71703.0,540.4082882255316,292041.1179828492,-1,1,2658
XGBoost,H1,208,2024-06-03,2024-06-04,71818.0,-0.0005012670918154,0.00041576786315999925,71782.0,71847.85961639642,0.0,71818.0,65.85961639642483,4337.48907188423,-1,1,2665
XGBoost,H2,208,2024-06-03,2024-06-05,71818.0,0.0092873652844691,0.0007729485514573753,72485.0,71873.51161906857,0.0,71818.0,611.4883809314342,373918.0400141468,1,1,2664
XGBoost,H3,208,2024-06-03,2024-06-06,71818.0,0.0159430783369072,0.0011265435023233294,72963.0,71898.90610124986,0.0,71818.0,1064.0938987501431,1132295.8253572797,1,1,2663
XGBoost,H4,208,2024-06-03,2024-06-07,71818.0,-0.0071012838007185,0.0015006901230663061,71308.0,71925.77656325838,0.0,71818.0,617.776563258376,381647.8821113302,-1,1,2662
XGBoost,H5,208,2024-06-03,2024-06-10,71818.0,-0.0071709042301373,0.0018494706600904465,71303.0,71950.82528386638,0.0,71818.0,647.8252838663757,419677.59841655026,-1,1,2661
XGBoost,H6,208,2024-06-03,2024-06-11,71818.0,-0.0065721685371354,0.0021914036478847265,71346.0,71975.38222718379,0.0,71818.0,629.3822271837853,396121.9878948219,-1,1,2660
XGBoost,H7,208,2024-06-03,2024-06-12,71818.0,-0.0003063298894427,0.002557904925197363,71796.0,72001.70361591782,0.0,71818.0,205.7036159178242,42313.97760166774,-1,1,2659
XGBoost,H1,209,2024-06-04,2024-06-05,71782.0,0.009793541556379,0.0004155726346652955,72485.0,71811.83063486154,0.0,71782.0,673.1693651384558,453156.9941609116,1,1,2666
XGBoost,H2,209,2024-06-04,2024-06-06,71782.0,0.0164525925719538,0.0007816909928806126,72963.0,71838.11134285096,0.0,71782.0,1124.8886571490439,1265374.490982579,1,1,2665
XGBoost,H3,209,2024-06-04,2024-06-07,71782.0,-0.0066033267392939,0.0011257546721026301,71308.0,71862.80892187287,0.0,71782.0,554.808921872871,307812.93978973746,-1,1,2664
XGBoost,H4,209,2024-06-04,2024-06-10,71782.0,-0.0066729820846451,0.0014982637949287891,71303.0,71889.54837172758,0.0,71782.0,586.5483717275783,344038.99237627344,-1,1,2663
XGBoost,H5,209,2024-06-04,2024-06-11,71782.0,-0.0060739461146248,0.0018468002090230584,71346.0,71914.5670126041,0.0,71782.0,568.5670126040932,323268.447821543,-1,1,2662
XGBoost,H6,209,2024-06-04,2024-06-12,71782.0,0.0001950349669834,0.0022009301465004683,71796.0,71939.9871677761,0.0,71782.0,143.9871677760966,20732.304484181794,1,1,2661
XGBoost,H7,209,2024-06-04,2024-06-13,71782.0,-0.0104761639408208,0.002559047657996416,71030.0,71965.6935589863,0.0,71782.0,935.6935589862987,875522.4363284461,-1,1,2660
XGBoost,H1,210,2024-06-05,2024-06-06,72485.0,0.0065944678209284,0.0004192662891000509,72963.0,72515.39051696542,0.0,72485.0,447.6094830345828,200354.24930248648,1,1,2667
XGBoost,H2,210,2024-06-05,2024-06-07,72485.0,-0.0162378423122024,0.0007849180838093162,71308.0,72541.89478730492,0.0,72485.0,1233.8947873049183,1522496.3461382496,-1,1,2666
XGBoost,H3,210,2024-06-05,2024-06-10,72485.0,-0.0163068221011243,0.0011294778669252992,71303.0,72566.87020318408,0.0,72485.0,1263.8702031840803,1597367.8904965685,-1,1,2665
XGBoost,H4,210,2024-06-05,2024-06-11,72485.0,-0.0157135959163965,0.0015010397182777524,71346.0,72593.80286397936,0.0,72485.0,1247.8028639793629,1557011.9873551005,-1,1,2664
XGBoost,H5,210,2024-06-05,2024-06-12,72485.0,-0.0095054149134303,0.0018489909125491977,71796.0,72619.02410629613,0.0,72485.0,823.0241062961286,677368.6795445412,-1,1,2663
XGBoost,H6,210,2024-06-05,2024-06-13,72485.0,-0.0200731185762571,0.002201935276389122,71030.0,72644.60727850907,0.0,72485.0,1614.6072785090655,2606956.663814451,-1,1,2662
XGBoost,H7,210,2024-06-05,2024-06-14,72485.0,-0.0109539904807891,0.0025615510530769825,71691.0,72670.67402808229,0.0,72485.0,979.6740280822851,959761.2012989699,-1,1,2661
XGBoost,H1,211,2024-06-06,2024-06-07,72963.0,-0.0226827296026753,0.0003940729075111449,71308.0,72991.75274155074,0.0,72963.0,1683.7527415507357,2835023.2946796184,-1,1,2668
XGBoost,H2,211,2024-06-06,2024-06-10,72963.0,-0.0227512574866712,0.0007669281330890954,71303.0,73018.95737737458,0.0,72963.0,1715.9573773745797,2944509.7209662455,-1,1,2667
XGBoost,H3,211,2024-06-06,2024-06-11,72963.0,-0.0221619176843057,0.0011192617239430547,71346.0,73044.66469316406,0.0,72963.0,1698.664693164057,2885461.7398021403,-1,1,2666
XGBoost,H4,211,2024-06-06,2024-06-12,72963.0,-0.0159944081246659,0.0015070590889081359,71796.0,73072.959552304,0.0,72963.0,1276.9595523040043,1630625.6982204432,-1,1,2665
XGBoost,H5,211,2024-06-06,2024-06-13,72963.0,-0.0264928799528527,0.001854055211879313,71030.0,73098.27743042435,0.0,72963.0,2068.2774304243503,4277771.529202754,-1,1,2664
XGBoost,H6,211,2024-06-06,2024-06-14,72963.0,-0.0174334936885819,0.0022015876602381468,71691.0,73123.63444045396,0.0,72963.0,1432.634440453956,2052441.4399748193,-1,1,2663
XGBoost,H7,211,2024-06-06,2024-06-17,72963.0,-0.0229979578690568,0.0025647992733865976,71285.0,73150.1354493841,0.0,72963.0,1865.1354493841063,3478730.244549252,-1,1,2662
XGBoost,H1,212,2024-06-07,2024-06-10,71308.0,-7.011835979131575e-05,0.00030872091883793473,71303.0,71330.0142712805,0.0,71308.0,27.01427128049545,729.7708528162012,-1,1,2669
XGBoost,H2,212,2024-06-07,2024-06-11,71308.0,0.000532899534414,0.0005634386325255036,71346.0,71348.17768200813,0.0,71308.0,2.1776820081286132,4.742298928527069,1,1,2668
XGBoost,H3,212,2024-06-07,2024-06-12,71308.0,0.0068435519156335,0.0009772118646651506,71796.0,71377.68302364554,0.0,71308.0,418.31697635445744,174989.0927063357,1,1,2667
XGBoost,H4,212,2024-06-07,2024-06-13,71308.0,-0.0038985808043978,0.0012371657649055123,71030.0,71396.21981636388,0.0,71308.0,366.2198163638823,134116.95389759567,-1,1,2666
XGBoost,H5,212,2024-06-07,2024-06-14,71308.0,0.0053710663600157,0.0016147022834047675,71691.0,71423.14119042503,0.0,71308.0,267.85880957497284,71748.34186692156,1,1,2665
XGBoost,H6,212,2024-06-07,2024-06-17,71308.0,-0.00032254445504,0.002144032157957554,71285.0,71460.88664511964,0.0,71308.0,175.88664511963725,30936.111931441214,-1,1,2664
XGBoost,H7,212,2024-06-07,2024-06-18,71308.0,0.0027346160318617,0.0025561098009347916,71503.0,71490.27107768506,0.0,71308.0,12.728922314941883,162.02546329982542,1,1,2663
XGBoost,H1,213,2024-06-10,2024-06-11,71303.0,0.0006030601797961,0.0003771179763134569,71346.0,71329.88964306508,0.0,71303.0,16.110356934921583,259.54360057057596,1,1,2670
XGBoost,H2,213,2024-06-10,2024-06-12,71303.0,0.0069141550846387,0.0008340378408320248,71796.0,71362.46940016485,0.0,71303.0,433.53059983515413,187948.78099342855,1,1,2669
XGBoost,H3,213,2024-06-10,2024-06-13,71303.0,-0.0038287309089378,0.0011141831055283546,71030.0,71382.44459797349,0.0,71303.0,352.44459797348827,124217.19464069378,-1,1,2668
XGBoost,H4,213,2024-06-10,2024-06-14,71303.0,0.0054415662735087,0.0015006809262558818,71691.0,71410.00305208482,0.0,71303.0,280.99694791517686,78959.28473764462,1,1,2667
XGBoost,H5,213,2024-06-10,2024-06-17,71303.0,-0.0002524437961937,0.0018486055778339505,71285.0,71434.8111235163,0.0,71303.0,149.81112351629417,22443.37272921435,-1,1,2666
XGBoost,H6,213,2024-06-10,2024-06-18,71303.0,0.0028049310688189,0.0022588500287383795,71503.0,71464.06278359913,0.0,71303.0,38.93721640086733,1516.1068210479716,1,1,2665
XGBoost,H7,213,2024-06-10,2024-06-19,71303.0,0.0030293255543245,0.0025522068608552217,71519.0,71484.98000579956,0.0,71303.0,34.019994200440124,1157.3600053979796,1,1,2664
XGBoost,H1,214,2024-06-11,2024-06-12,71346.0,0.0063072912286603,0.00037719999090768397,71796.0,71372.9117105513,0.0,71346.0,423.0882894487004,179003.70066862728,1,1,2671
XGBoost,H2,214,2024-06-11,2024-06-13,71346.0,-0.0044291200627926,0.0007380706956610084,71030.0,71398.65839185263,0.0,71346.0,368.6583918526303,135909.00988336751,-1,1,2670
XGBoost,H3,214,2024-06-11,2024-06-14,71346.0,0.0048355899419729,0.0011050882749259472,71691.0,71424.84362806287,0.0,71346.0,266.1563719371334,70839.21432273768,1,1,2669
XGBoost,H4,214,2024-06-11,2024-06-17,71346.0,-0.0008549883665517,0.0014939976390451193,71285.0,71452.59075555531,0.0,71346.0,167.59075555531308,28086.6613476007,-1,1,2668
XGBoost,H5,214,2024-06-11,2024-06-18,71346.0,0.0022005438286658,0.0018450554925948381,71503.0,71477.63732917467,0.0,71346.0,25.362670825328678,643.2650713939785,1,1,2667
XGBoost,H6,214,2024-06-11,2024-06-19,71346.0,0.0024248030723517,0.0021797132212668657,71519.0,71501.5138194845,0.0,71346.0,17.486180515494198,305.76650902044895,1,1,2666
XGBoost,H7,214,2024-06-11,2024-06-20,71346.0,0.012782776890085,0.0025493053253740072,72258.0,71527.88273774413,0.0,71346.0,730.1172622558661,533071.2166440011,1,1,2665
XGBoost,H1,215,2024-06-12,2024-06-13,71796.0,-0.0106691180567162,0.00037947605596855283,71030.0,71823.24486291432,0.0,71796.0,793.2448629143182,629237.4125399555,-1,1,2672
XGBoost,H2,215,2024-06-12,2024-06-14,71796.0,-0.0014624770182183,0.000752555497456342,71691.0,71850.03047449538,0.0,71796.0,159.03047449537553,25290.691818224288,-1,1,2671
XGBoost,H3,215,2024-06-12,2024-06-17,71796.0,-0.007117388155329,0.0011029609013348818,71285.0,71875.18818087224,0.0,71796.0,590.1881808722392,348322.0888412829,-1,1,2670
XGBoost,H4,215,2024-06-12,2024-06-18,71796.0,-0.0040810072984567,0.0014873278560116887,71503.0,71902.78419075022,0.0,71796.0,399.7841907502152,159827.39917380444,-1,1,2669
XGBoost,H5,215,2024-06-12,2024-06-19,71796.0,-0.0038581536575853,0.0018407230963930488,71519.0,71928.15655542864,0.0,71796.0,409.15655542863533,167409.08685022593,-1,1,2668
XGBoost,H6,215,2024-06-12,2024-06-20,71796.0,0.0064348988801603,0.002183317206799984,72258.0,71952.75344217941,0.0,71796.0,305.24655782058835,93175.4610613178,1,1,2667
XGBoost,H7,215,2024-06-12,2024-06-21,71796.0,-0.0051117053874867,0.002546626143157482,71429.0,71978.83757057413,0.0,71796.0,549.8375705741346,302321.35401486646,-1,1,2666
XGBoost,H1,216,2024-06-13,2024-06-14,71030.0,0.0093059270730677,0.00032777697197161615,71691.0,71053.28199831914,0.0,71030.0,637.7180016808561,406684.24966782436,1,1,2673
XGBoost,H2,216,2024-06-13,2024-06-17,71030.0,0.0035900323806841,0.0007506387191824615,71285.0,71083.31786822353,0.0,71030.0,201.68213177646976,40675.68227790132,1,1,2672
XGBoost,H3,216,2024-06-13,2024-06-18,71030.0,0.0066591581022104,0.0011011060560122132,71503.0,71108.21156315855,0.0,71030.0,394.7884368414525,155857.90986371753,1,1,2671
XGBoost,H4,216,2024-06-13,2024-06-19,71030.0,0.0068844150359004,0.0014854454202577472,71519.0,71135.51118820091,0.0,71030.0,383.4888117990922,147063.66877507957,1,1,2670
XGBoost,H5,216,2024-06-13,2024-06-20,71030.0,0.0172884696607067,0.001828853040933609,72258.0,71159.90343149751,0.0,71030.0,1098.0965685024858,1205816.0737569344,1,1,2669
XGBoost,H6,216,2024-06-13,2024-06-21,71030.0,0.005617344783894,0.002174688270315528,71429.0,71184.46810784051,0.0,71030.0,244.53189215948805,59795.8462830995,1,1,2668
XGBoost,H7,216,2024-06-13,2024-06-24,71030.0,0.0067858651274108,0.002541548805311322,71512.0,71210.52621164126,0.0,71030.0,301.4737883587368,90886.44506736842,1,1,2667
XGBoost,H1,217,2024-06-14,2024-06-17,71691.0,-0.0056631934273478,0.0003433183010201901,71285.0,71715.61283231844,0.0,71691.0,430.61283231843845,185427.4113573076,-1,1,2674
XGBoost,H2,217,2024-06-14,2024-06-18,71691.0,-0.0026223654294122,0.0007498037302866578,71503.0,71744.75417922798,0.0,71691.0,241.75417922798079,58445.08317419465,-1,1,2673
XGBoost,H3,217,2024-06-14,2024-06-19,71691.0,-0.0023991853928666,0.0011025301646441221,71519.0,71770.0414900335,0.0,71691.0,251.04149003350176,63021.82971824076,-1,1,2672
XGBoost,H4,217,2024-06-14,2024-06-20,71691.0,0.0079089425450893,0.0014869400765746832,72258.0,71797.60022102972,0.0,71691.0,460.3997789702844,211967.95647588672,1,1,2671
XGBoost,H5,217,2024-06-14,2024-06-21,71691.0,-0.0036545730984363,0.0018309832084923983,71429.0,71822.26501720003,0.0,71691.0,393.2650172000285,154657.37375333873,-1,1,2670
XGBoost,H6,217,2024-06-14,2024-06-24,71691.0,-0.0024968266588553,0.0021689378190785646,71512.0,71846.49332118756,0.0,71691.0,334.4933211875614,111885.7819190851,-1,1,2669
XGBoost,H7,217,2024-06-14,2024-06-25,71691.0,-0.0068348886192129,0.0025366165209561586,71201.0,71872.85257500387,0.0,71691.0,671.852575003868,451385.882539328,-1,1,2668
XGBoost,H1,218,2024-06-17,2024-06-18,71285.0,0.0030581468752191,0.00028337596450001,71503.0,71305.20045562938,0.0,71285.0,197.7995443706168,39124.6597532236,1,1,2675
XGBoost,H2,218,2024-06-17,2024-06-19,71285.0,0.0032825980220243,0.0007438314496539533,71519.0,71338.02402488858,0.0,71285.0,180.97597511141794,32752.303567528565,1,1,2674
XGBoost,H3,218,2024-06-17,2024-06-20,71285.0,0.0136494353650837,0.00109948986209929,72258.0,71363.37713481975,0.0,71285.0,894.6228651802521,800350.0709033236,1,1,2673
XGBoost,H4,218,2024-06-17,2024-06-21,71285.0,0.0020200603212456,0.0014860379742458463,71429.0,71390.93221699412,0.0,71285.0,38.06778300588485,1449.1561029831353,1,1,2672
XGBoost,H5,218,2024-06-17,2024-06-24,71285.0,0.003184400645297,0.00183017086237669,71512.0,71415.46372992452,0.0,71285.0,96.53627007547766,9319.251440085563,1,1,2671
XGBoost,H6,218,2024-06-17,2024-06-25,71285.0,-0.0011783685207266,0.002163908677175641,71201.0,71439.25423005247,0.0,71285.0,238.25423005246557,56765.078137893186,-1,1,2670
XGBoost,H7,218,2024-06-17,2024-06-26,71285.0,-0.0051343199831661,0.002526692347601056,70919.0,71465.11526399874,0.0,71285.0,546.1152639987413,298241.8815724149,-1,1,2669
XGBoost,H1,219,2024-06-18,2024-06-19,71503.0,0.000223766834958,0.00037893300759606063,71519.0,71530.09484684214,0.0,71503.0,11.094846842141123,123.09562645056886,1,1,2676
XGBoost,H2,219,2024-06-18,2024-06-20,71503.0,0.0105589975245794,0.0007550307782366872,72258.0,71556.98696573626,0.0,71503.0,701.0130342637422,491419.27420765854,1,1,2675
XGBoost,H3,219,2024-06-18,2024-06-21,71503.0,-0.0010349216116806,0.0011069888714700937,71429.0,71582.15302527673,0.0,71503.0,153.1530252767261,23455.849151413506,-1,1,2674
XGBoost,H4,219,2024-06-18,2024-06-24,71503.0,0.0001258688446639,0.0014840099029242992,71512.0,71609.1111600888,0.0,71503.0,97.11116008879617,9430.577413791798,1,1,2673
XGBoost,H5,219,2024-06-18,2024-06-25,71503.0,-0.0042235990098317,0.0018302960088476539,71201.0,71633.87165552063,0.0,71503.0,432.8716555206338,187377.87015317424,-1,1,2672
XGBoost,H6,219,2024-06-18,2024-06-26,71503.0,-0.008167489475966,0.0021641359198838472,70919.0,71657.74221067945,0.0,71503.0,738.7422106794547,545740.0538395679,-1,1,2671
XGBoost,H7,219,2024-06-18,2024-06-27,71503.0,-0.0027970854369746,0.002513287356123328,71303.0,71682.70758582489,0.0,71503.0,379.70758582488634,144177.85073296342,-1,1,2670
XGBoost,H1,220,2024-06-19,2024-06-20,71519.0,0.010332918525147,0.00037887546932324767,72258.0,71546.09679469053,0.0,71519.0,711.9032053094706,506806.1737298983,1,1,2677
XGBoost,H2,220,2024-06-19,2024-06-21,71519.0,-0.0012584068569191,0.0007686534081585705,71429.0,71573.9733230981,0.0,71519.0,144.9733230980928,21017.26441010401,-1,1,2676
XGBoost,H3,220,2024-06-19,2024-06-24,71519.0,-9.787608887146249e-05,0.0011056642979383469,71512.0,71598.07600492425,0.0,71519.0,86.07600492425263,7409.078623719963,-1,1,2675
XGBoost,H4,220,2024-06-19,2024-06-25,71519.0,-0.0044463708944476,0.0014867790741845965,71201.0,71625.33295260661,0.0,71519.0,424.33295260660816,180058.45466784196,-1,1,2674
XGBoost,H5,220,2024-06-19,2024-06-26,71519.0,-0.0083893790461275,0.0018280528020113707,70919.0,71649.74050834705,0.0,71519.0,730.7405083470512,533981.6905393068,-1,1,2673
XGBoost,H6,220,2024-06-19,2024-06-27,71519.0,-0.0030201764566059,0.0021640860941261053,71303.0,71673.7732733658,0.0,71519.0,370.7732733658049,137472.8202423939,-1,1,2672
XGBoost,H7,220,2024-06-19,2024-06-28,71519.0,-0.0034116808120918,0.0025134661700576544,71275.0,71698.76058701635,0.0,71519.0,423.7605870163534,179573.0351084444,-1,1,2671
XGBoost,H1,221,2024-06-20,2024-06-21,72258.0,-0.0114727781006946,0.0003825851599685848,71429.0,72285.64483848901,0.0,72258.0,856.64483848901,733840.379309862,-1,1,2678
XGBoost,H2,221,2024-06-20,2024-06-24,72258.0,-0.0103241163608182,0.0007626334554515779,71512.0,72313.10636822402,0.0,72258.0,801.1063682240201,641771.4132090793,-1,1,2677
XGBoost,H3,221,2024-06-20,2024-06-25,72258.0,-0.0146281380608375,0.001115067396312952,71201.0,72338.57253992278,0.0,72258.0,1137.5725399227813,1294071.2835863677,-1,1,2676
XGBoost,H4,221,2024-06-20,2024-06-26,72258.0,-0.0185308201168036,0.001489199697971344,70919.0,72365.60659177601,0.0,72258.0,1446.6065917760134,2092670.6313698133,-1,1,2675
XGBoost,H5,221,2024-06-20,2024-06-27,72258.0,-0.0132165296576157,0.0018343636766076088,71303.0,72390.54745054431,0.0,72258.0,1087.5474505443126,1182759.457185434,-1,1,2674
XGBoost,H6,221,2024-06-20,2024-06-28,72258.0,-0.0136040300035982,0.002165684476494789,71275.0,72414.48802890256,0.0,72258.0,1139.4880289025605,1298432.9680122426,-1,1,2673
XGBoost,H7,221,2024-06-20,2024-07-01,72258.0,-0.0128567079077749,0.0025308055337518454,71329.0,72440.87094625784,0.0,72258.0,1111.8709462578408,1236257.0011323064,-1,1,2672
XGBoost,H1,222,2024-06-21,2024-06-24,71429.0,0.0011619930280417,0.000375475239707157,71512.0,71455.81982089704,0.0,71429.0,56.18017910295748,3156.2125240403807,1,1,2679
XGBoost,H2,222,2024-06-21,2024-06-25,71429.0,-0.0031919808481148,0.0007619632524438202,71201.0,71483.42627315881,0.0,71429.0,282.42627315880964,79764.59977037455,-1,1,2678
XGBoost,H3,222,2024-06-21,2024-06-26,71429.0,-0.007139957160257,0.0011099721305072308,70919.0,71508.28419931,0.0,71429.0,589.284199310001,347255.86755642894,-1,1,2677
XGBoost,H4,222,2024-06-21,2024-06-27,71429.0,-0.0017639894160634,0.0014895176282152534,71303.0,71535.39475466579,0.0,71429.0,232.39475466578733,54007.321996171486,-1,1,2676
XGBoost,H5,222,2024-06-21,2024-06-28,71429.0,-0.0021559870640776,0.001831571920774877,71275.0,71559.82735072903,0.0,71429.0,284.8273507290287,81126.61972331713,-1,1,2675
XGBoost,H6,222,2024-06-21,2024-07-01,71429.0,-0.0013999916000504,0.0021673894952982664,71329.0,71583.81446425966,0.0,71429.0,254.81446425965987,64930.41119593748,-1,1,2674
XGBoost,H7,222,2024-06-21,2024-07-02,71429.0,-0.0010079939520363,0.0025144799146801233,71357.0,71608.60678582569,0.0,71429.0,251.60678582568653,63305.974673532895,-1,1,2673
XGBoost,H1,223,2024-06-24,2024-06-25,71512.0,-0.0043489204609016,0.0003757792292162776,71201.0,71538.87272423971,0.0,71512.0,337.87272423971444,114157.97778516612,-1,1,2680
XGBoost,H2,223,2024-06-24,2024-06-26,71512.0,-0.0082923145765745,0.0007526500266976655,70919.0,71565.8235087092,0.0,71512.0,646.8235087092035,418380.651418885,-1,1,2679
XGBoost,H3,223,2024-06-24,2024-06-27,71512.0,-0.0029225864190625,0.0011094884248450398,71303.0,71591.34173623752,0.0,71512.0,288.3417362375185,83140.95685646668,-1,1,2678
XGBoost,H4,223,2024-06-24,2024-06-28,71512.0,-0.0033141290972144,0.001488694571889937,71275.0,71618.459526225,0.0,71512.0,343.45952622499317,117964.44615469677,-1,1,2677
XGBoost,H5,223,2024-06-24,2024-07-01,71512.0,-0.0025590110750642,0.001832268782891333,71329.0,71643.02920520213,0.0,71512.0,314.029205202125,98614.34171987834,-1,1,2676
XGBoost,H6,223,2024-06-24,2024-07-02,71512.0,-0.0021674683969123,0.0021702656522393227,71357.0,71667.20003732294,0.0,71512.0,310.20003732293844,96224.0631551524,-1,1,2675
XGBoost,H7,223,2024-06-24,2024-07-03,71512.0,0.0090614162658015,0.0025347121991217136,72160.0,71693.26233878359,0.0,71512.0,466.737661216408,217844.04439776245,1,1,2674
XGBoost,H1,224,2024-06-25,2024-06-26,71201.0,-0.0039606185306385,0.0003739855601452291,70919.0,71227.6281458679,0.0,71201.0,308.62814586790046,95251.33242185804,-1,1,2681
XGBoost,H2,224,2024-06-25,2024-06-27,71201.0,0.0014325641493799,0.0007388100493699312,71303.0,71253.60401432519,0.0,71201.0,49.39598567481153,2439.9634007861855,1,1,2680
XGBoost,H3,224,2024-06-25,2024-06-28,71201.0,0.0010393112456286,0.0010979452636092901,71275.0,71279.17480071425,0.0,71201.0,4.174800714245066,17.428961003661115,1,1,2679
XGBoost,H4,224,2024-06-25,2024-07-01,71201.0,0.0017977275600062,0.0014865053817629814,71329.0,71306.8406696869,0.0,71201.0,22.15933031309396,491.0359199248049,1,1,2678
XGBoost,H5,224,2024-06-25,2024-07-02,71201.0,0.0021909804637574,0.0018299877410754561,71357.0,71331.29695715231,0.0,71201.0,25.703042847686447,660.6464116300054,1,1,2677
XGBoost,H6,224,2024-06-25,2024-07-03,71201.0,0.0134689119534838,0.002168934792280197,72160.0,71355.43032614514,0.0,71201.0,804.5696738548577,647332.360086912,1,1,2676
XGBoost,H7,224,2024-06-25,2024-07-04,71201.0,0.0133425092344208,0.002531053964048624,72151.0,71381.21357329423,0.0,71201.0,769.7864267057739,592571.1427404438,1,1,2675
XGBoost,H1,225,2024-06-26,2024-06-27,70919.0,0.0054146279558369,0.0003712985198944807,71303.0,70945.3321197324,0.0,70919.0,357.6678802676033,127926.31257512062,1,1,2682
XGBoost,H2,225,2024-06-26,2024-06-28,70919.0,0.0050198113340571,0.000747451966162771,71275.0,70972.0085459883,0.0,70919.0,302.99145401170244,91803.82120412559,1,1,2681
XGBoost,H3,225,2024-06-26,2024-07-01,70919.0,0.0057812433903468,0.001094762934371829,71329.0,70996.63949254272,0.0,70919.0,332.36050745728426,110463.5069172635,1,1,2680
XGBoost,H4,225,2024-06-26,2024-07-02,70919.0,0.0061760600121265,0.0014783244114369154,71357.0,71023.8412889347,0.0,70919.0,333.1587110653054,110994.72675869564,1,1,2679
XGBoost,H5,225,2024-06-26,2024-07-03,70919.0,0.0174988367010251,0.0018267978448420763,72160.0,71048.55467635836,0.0,70919.0,1111.4453236416448,1235310.7074448806,1,1,2678
XGBoost,H6,225,2024-06-26,2024-07-04,70919.0,0.0173719313583102,0.0021648684050887823,72151.0,71072.53030242049,0.0,70919.0,1078.4696975795086,1163096.888597237,1,1,2677
XGBoost,H7,225,2024-06-26,2024-07-05,70919.0,0.0329389867313414,0.002556661143898964,73255.0,71100.31585166417,0.0,70919.0,2154.6841483358294,4642663.779089699,1,1,2676
XGBoost,H1,226,2024-06-27,2024-06-28,71303.0,-0.0003926903496346,0.00038758156006224453,71275.0,71330.63572797712,0.0,71303.0,55.63572797711822,3095.3342275438954,-1,1,2683
XGBoost,H2,226,2024-06-27,2024-07-01,71303.0,0.0003646410389464,0.0007479370688088238,71329.0,71356.33015681728,0.0,71303.0,27.330156817275565,746.9374716568741,1,1,2682
XGBoost,H3,226,2024-06-27,2024-07-02,71303.0,0.0007573313885811,0.001093248138204217,71357.0,71380.95187199838,0.0,71303.0,23.95187199837528,573.6921722265539,1,1,2681
XGBoost,H4,226,2024-06-27,2024-07-03,71303.0,0.0120191296298892,0.0014770267298445106,72160.0,71408.3164369181,0.0,71303.0,751.6835630818969,565028.179007496,1,1,2680
XGBoost,H5,226,2024-06-27,2024-07-04,71303.0,0.0118929077317924,0.0018206748645752668,72151.0,71432.81957986881,0.0,71303.0,718.1804201311897,515783.11585981224,1,1,2679
XGBoost,H6,226,2024-06-27,2024-07-05,71303.0,0.0273761272316732,0.0021582820918411016,73255.0,71456.89198799455,0.0,71303.0,1798.108012005454,3233192.4228382055,1,1,2678
XGBoost,H7,226,2024-06-27,2024-07-08,71303.0,0.0144313703490737,0.0025258627720177174,72332.0,71483.10159323318,0.0,71303.0,848.8984067668207,720628.5050112465,1,1,2677
XGBoost,H1,227,2024-06-28,2024-07-01,71275.0,0.0007576289021395,0.0003741100081242621,71329.0,71301.66469082906,0.0,71275.0,27.33530917094322,747.2191274710525,1,1,2684
XGBoost,H2,227,2024-06-28,2024-07-02,71275.0,0.0011504735180638,0.000749558734241873,71357.0,71328.42479878309,0.0,71275.0,28.5752012169105,816.5421245869234,1,1,2683
XGBoost,H3,227,2024-06-28,2024-07-03,71275.0,0.0124166958961768,0.0010932241566479206,72160.0,71352.91955176508,0.0,71275.0,807.0804482349195,651378.8499230786,1,1,2682
XGBoost,H4,227,2024-06-28,2024-07-04,71275.0,0.0122904244124868,0.0014755235752090812,72151.0,71380.16794282303,0.0,71275.0,770.8320571769727,594182.0603716838,1,1,2681
XGBoost,H5,227,2024-06-28,2024-07-05,71275.0,0.0277797264117853,0.001819131663069129,73255.0,71404.65860928525,0.0,71275.0,1850.3413907147478,3423763.262192187,1,1,2680
XGBoost,H6,227,2024-06-28,2024-07-08,71275.0,0.0148298842511398,0.0021520000882446766,72332.0,71428.38380628964,0.0,71275.0,903.6161937103607,816522.2255356001,1,1,2679
XGBoost,H7,227,2024-06-28,2024-07-09,71275.0,0.015573482988425,0.0025523509830236435,72385.0,71456.91881631501,0.0,71275.0,928.0811836849898,861334.6835101318,1,1,2678
XGBoost,H1,228,2024-07-01,2024-07-02,71329.0,0.0003925472108119,0.00041925875120796263,71357.0,71358.90530746491,0.0,71329.0,1.9053074649127666,3.6301965358523134,1,1,2685
XGBoost,H2,228,2024-07-01,2024-07-03,71329.0,0.0116502404351666,0.0007629130268469453,72160.0,71383.41782329197,0.0,71329.0,776.5821767080342,603079.8771805885,1,1,2684
XGBoost,H3,228,2024-07-01,2024-07-04,71329.0,0.011524064545977,0.0011106797028332949,72151.0,71408.2236725234,0.0,71329.0,742.7763274766039,551716.6726596311,1,1,2683
XGBoost,H4,228,2024-07-01,2024-07-05,71329.0,0.0270016402865593,0.001475639408454299,73255.0,71434.25588336564,0.0,71329.0,1820.7441166343633,3315109.138258648,1,1,2682
XGBoost,H5,228,2024-07-01,2024-07-08,71329.0,0.014061601873011,0.0018173932330682874,72332.0,71458.63284192153,0.0,71329.0,873.3671580784721,762770.192810067,1,1,2681
XGBoost,H6,228,2024-07-01,2024-07-09,71329.0,0.0148046376649049,0.002150119747966528,72385.0,71482.3658915027,0.0,71329.0,902.6341084972955,814748.3338227075,1,1,2680
XGBoost,H7,228,2024-07-01,2024-07-10,71329.0,0.0182254062162654,0.002527601318433881,72629.0,71509.29127444257,0.0,71329.0,1119.7087255574297,1253747.6300894434,1,1,2679
XGBoost,H1,229,2024-07-02,2024-07-03,71357.0,0.0112532757823338,0.0004191155021544546,72160.0,71386.90682488724,0.0,71357.0,773.0931751127646,597673.0574059357,1,1,2686
XGBoost,H2,229,2024-07-02,2024-07-04,71357.0,0.0111271494037024,0.0007717127446085215,72151.0,71412.06710631703,0.0,71357.0,738.9328936829697,546021.8213666871,1,1,2685
XGBoost,H3,229,2024-07-02,2024-07-05,71357.0,0.0265986518491527,0.0011105629382655025,73255.0,71436.24643958581,0.0,71357.0,1818.7535604141885,3307864.5135192876,1,1,2684
XGBoost,H4,229,2024-07-02,2024-07-08,71357.0,0.0136636910184004,0.0014774644514545798,72332.0,71462.42743086244,0.0,71357.0,869.5725691375555,756156.4529964888,1,1,2683
XGBoost,H5,229,2024-07-02,2024-07-09,71357.0,0.0144064352481185,0.0018174665747210383,72385.0,71486.68896237237,0.0,71357.0,898.3110376276309,806962.7203236308,1,1,2682
XGBoost,H6,229,2024-07-02,2024-07-10,71357.0,0.0178258615132362,0.0021484647877514362,72629.0,71510.30800185958,0.0,71357.0,1118.6919981404208,1251471.786703407,1,1,2681
XGBoost,H7,229,2024-07-02,2024-07-11,71357.0,0.025897949745645,0.0025262264534831047,73205.0,71537.2639410412,0.0,71357.0,1667.736058958806,2781343.5623514503,1,1,2680
XGBoost,H1,230,2024-07-03,2024-07-04,72160.0,-0.0001247228381374,0.0004238405963405967,72151.0,72190.58433743194,0.0,72160.0,39.584337431937456,1566.9197699254848,-1,1,2687
XGBoost,H2,230,2024-07-03,2024-07-05,72160.0,0.0151746119733924,0.0007669784245081246,73255.0,72215.3451631125,0.0,72160.0,1039.6548368874937,1080882.1798635612,1,1,2686
XGBoost,H3,230,2024-07-03,2024-07-08,72160.0,0.0023835920177384,0.0011147101176902652,72332.0,72240.43748209253,0.0,72160.0,91.56251790747046,8383.694685555849,1,1,2685
XGBoost,H4,230,2024-07-03,2024-07-09,72160.0,0.0031180709534368,0.0014812584267929196,72385.0,72266.88760807738,0.0,72160.0,118.11239192262292,13950.53712568328,1,1,2684
XGBoost,H5,230,2024-07-03,2024-07-10,72160.0,0.006499445676275,0.0018189605325460434,72629.0,72291.25619202852,0.0,72160.0,337.7438079714775,114070.87982307427,1,1,2683
XGBoost,H6,230,2024-07-03,2024-07-11,72160.0,0.0144817073170731,0.002152935601770878,73205.0,72315.35583302379,0.0,72160.0,889.6441669762135,791466.7438348008,1,1,2682
XGBoost,H7,230,2024-07-03,2024-07-12,72160.0,0.0138442350332594,0.0025009687524288893,73159.0,72340.46990517527,0.0,72160.0,818.5300948247313,669991.5161337837,1,1,2681
XGBoost,H1,231,2024-07-04,2024-07-05,72151.0,0.015301243226012,0.0004235101514495909,73255.0,72181.55668093724,0.0,72151.0,1073.4433190627606,1152280.5592404755,1,1,2688
XGBoost,H2,231,2024-07-04,2024-07-08,72151.0,0.0025086277390473,0.0007797449943609536,72332.0,72207.25938108814,0.0,72151.0,124.74061891186284,15560.222006514592,1,1,2687
XGBoost,H3,231,2024-07-04,2024-07-09,72151.0,0.0032431982924698,0.0011187131749466062,72385.0,72231.71627428557,0.0,72151.0,153.28372571442742,23495.900568895817,1,1,2686
XGBoost,H4,231,2024-07-04,2024-07-10,72151.0,0.0066249948025667,0.0014850127045065165,72629.0,72258.14515164285,0.0,72151.0,370.85484835715033,137533.31855000497,1,1,2685
XGBoost,H5,231,2024-07-04,2024-07-11,72151.0,0.0146082521378774,0.0018227361142635345,73205.0,72282.51223338023,0.0,72151.0,922.4877666197717,850983.6795631344,1,1,2684
XGBoost,H6,231,2024-07-04,2024-07-12,72151.0,0.0139707003367937,0.0021590853575617075,73159.0,72306.78016763343,0.0,72151.0,852.2198323665652,726278.6426788965,1,1,2683
XGBoost,H7,231,2024-07-04,2024-07-15,72151.0,0.0160773932447229,0.002518392400816083,73311.0,72332.70453011128,0.0,72151.0,978.2954698887188,957062.0264047891,1,1,2682
XGBoost,H1,232,2024-07-05,2024-07-08,73255.0,-0.0125998225377107,0.00031941139604896307,72332.0,73278.39848181757,0.0,73255.0,946.3984818175668,895670.0863865953,-1,1,2689
XGBoost,H2,232,2024-07-05,2024-07-09,73255.0,-0.0118763224353286,0.0007852998096495867,72385.0,73312.52713755588,0.0,73255.0,927.5271375558805,860306.5909026052,-1,1,2688
XGBoost,H3,232,2024-07-05,2024-07-10,73255.0,-0.0085454917753053,0.0011285586515441537,72629.0,73337.67256401887,0.0,73255.0,708.672564018867,502216.8029930751,-1,1,2687
XGBoost,H4,232,2024-07-05,2024-07-11,73255.0,-0.0006825472663981,0.0014945963630452752,73205.0,73364.48665657488,0.0,73255.0,159.48665657488164,25435.993625434236,-1,1,2686
XGBoost,H5,232,2024-07-05,2024-07-12,73255.0,-0.0013104907514845,0.0018332601757720113,73159.0,73389.29547417618,0.0,73255.0,230.2954741761787,53036.005426030984,-1,1,2685
XGBoost,H6,232,2024-07-05,2024-07-15,73255.0,0.0007644529383659,0.0021794154308736324,73311.0,73414.65307738865,0.0,73255.0,103.65307738864794,10743.96045213704,1,1,2684
XGBoost,H7,232,2024-07-05,2024-07-16,73255.0,0.0105112279025323,0.0025307179894298315,74025.0,73440.38774631568,0.0,73255.0,584.6122536843177,341771.48715785705,1,1,2683
XGBoost,H1,233,2024-07-08,2024-07-09,72332.0,0.0007327324005972,0.00038755484274588525,72385.0,72360.0326168855,0.0,72332.0,24.967383114504628,623.3702195864508,1,1,2690
XGBoost,H2,233,2024-07-08,2024-07-10,72332.0,0.0041060664712713,0.0007566646672785282,72629.0,72386.73106871359,0.0,72332.0,242.2689312864095,58694.23506665901,1,1,2689
XGBoost,H3,233,2024-07-08,2024-07-11,72332.0,0.0120693469004036,0.0011141793802380562,73205.0,72412.59082293138,0.0,72332.0,792.4091770686209,627912.303902569,1,1,2688
XGBoost,H4,233,2024-07-08,2024-07-12,72332.0,0.0114333904772438,0.0014993521617725492,73159.0,72440.45114056533,0.0,72332.0,718.548859434668,516312.46339486225,1,1,2687
XGBoost,H5,233,2024-07-08,2024-07-15,72332.0,0.013534811701598,0.0018426973838359118,73311.0,72465.28598716762,0.0,72332.0,845.7140128323808,715232.1915010484,1,1,2686
XGBoost,H6,233,2024-07-08,2024-07-16,72332.0,0.0234059614002102,0.0021842599380761385,74025.0,72489.99188984092,0.0,72332.0,1535.0081101590768,2356249.8982541403,1,1,2685
XGBoost,H7,233,2024-07-08,2024-07-17,72332.0,0.0220096222971852,0.0025350700598210096,73924.0,72515.36668756697,0.0,72332.0,1408.6333124330267,1984247.808896041,1,1,2684
XGBoost,H1,234,2024-07-09,2024-07-10,72385.0,0.0033708641293086,0.00038799981120973825,72629.0,72413.08536633442,0.0,72385.0,215.9146336655831,46619.129030942946,1,1,2691
XGBoost,H2,234,2024-07-09,2024-07-11,72385.0,0.0113283138771844,0.0007516648038290441,73205.0,72439.40925682517,0.0,72385.0,765.5907431748346,586129.1860349956,1,1,2690
XGBoost,H3,234,2024-07-09,2024-07-12,72385.0,0.0106928230987082,0.001092496677301824,73159.0,72464.08037198649,0.0,72385.0,694.9196280135075,482913.2893984316,1,1,2689
XGBoost,H4,234,2024-07-09,2024-07-15,72385.0,0.0127927056710643,0.0014978779945522547,73311.0,72493.42389863566,0.0,72385.0,817.576101364335,668430.6815221055,1,1,2688
XGBoost,H5,234,2024-07-09,2024-07-16,72385.0,0.0226566277543689,0.0018427206669002771,74025.0,72518.38533547358,0.0,72385.0,1506.6146645264234,2269887.7473660675,1,1,2687
XGBoost,H6,234,2024-07-09,2024-07-17,72385.0,0.021261311045106,0.002189100021496415,73924.0,72543.45800505602,0.0,72385.0,1380.541994943982,1905896.1998039095,1,1,2686
XGBoost,H7,234,2024-07-09,2024-07-18,72385.0,0.0218277267389652,0.002540057525038719,73965.0,72568.86206394993,0.0,72385.0,1396.1379360500723,1949201.1364781559,1,1,2685
XGBoost,H1,235,2024-07-10,2024-07-11,72629.0,0.0079307163805091,0.00034380689612589777,73205.0,72653.97035105873,0.0,72629.0,551.0296489412722,303633.67401234165,1,1,2692
XGBoost,H2,235,2024-07-10,2024-07-12,72629.0,0.0072973605584545,0.0007420353940688074,73159.0,72682.89328863582,0.0,72629.0,476.1067113641766,226677.60060601137,1,1,2691
XGBoost,H3,235,2024-07-10,2024-07-15,72629.0,0.0093901884922,0.0011019648518413305,73311.0,72709.03460522438,0.0,72629.0,601.965394775616,362362.33650736324,1,1,2690
XGBoost,H4,235,2024-07-10,2024-07-16,72629.0,0.0192209723388729,0.0014957881066948175,74025.0,72737.63759440114,0.0,72629.0,1287.362405598862,1657301.963349289,1,1,2689
XGBoost,H5,235,2024-07-10,2024-07-17,72629.0,0.0178303432513182,0.0018431238131597638,73924.0,72762.86423942598,0.0,72629.0,1161.1357605740195,1348236.2544838067,1,1,2688
XGBoost,H6,235,2024-07-10,2024-07-18,72629.0,0.0183948560492366,0.002183268079534173,73965.0,72787.56857734849,0.0,72629.0,1177.4314226515125,1386344.7550471649,1,1,2687
XGBoost,H7,235,2024-07-10,2024-07-19,72629.0,0.0033457709730273,0.002545889001339674,72872.0,72813.9053722783,0.0,72629.0,58.09462772170082,3374.985770123009,1,1,2686
XGBoost,H1,236,2024-07-11,2024-07-12,73205.0,-0.0006283723789358,0.0003999434702564031,73159.0,73234.27786174012,0.0,73205.0,75.27786174011999,5666.756468164621,-1,1,2693
XGBoost,H2,236,2024-07-11,2024-07-15,73205.0,0.0014479885253739,0.000672198657412082,73311.0,73254.20830271585,0.0,73205.0,56.79169728414854,3225.2968804143648,1,1,2692
XGBoost,H3,236,2024-07-11,2024-07-16,73205.0,0.0112014206679871,0.0011103301076218486,74025.0,73286.28171552846,0.0,73205.0,738.7182844715426,545704.7038125789,1,1,2691
XGBoost,H4,236,2024-07-11,2024-07-17,73205.0,0.0098217334881496,0.0014946305891498923,73924.0,73314.41443227872,0.0,73205.0,609.5855677212821,371594.56437407783,1,1,2690
XGBoost,H5,236,2024-07-11,2024-07-18,73205.0,0.0103818045215491,0.0018539989832788706,73965.0,73340.72199557093,0.0,73205.0,624.2780044290703,389723.0268139423,1,1,2689
XGBoost,H6,236,2024-07-11,2024-07-19,73205.0,-0.0045488696127313,0.0021959207952022552,72872.0,73365.75238181278,0.0,73205.0,493.7523818127811,243791.41454579437,-1,1,2688
XGBoost,H7,236,2024-07-11,2024-07-22,73205.0,-0.007704391776518,0.0025562525261193514,72641.0,73392.13046617457,0.0,73205.0,751.1304661745671,564196.9772156226,-1,1,2687
XGBoost,H1,237,2024-07-12,2024-07-15,73159.0,0.0020776664525212,0.00033293021260760725,73311.0,73183.35684142416,0.0,73159.0,127.64315857584006,16292.775931217053,1,1,2694
XGBoost,H2,237,2024-07-12,2024-07-16,73159.0,0.0118372312360748,0.0006762734265066683,74025.0,73208.4754876098,0.0,73159.0,816.5245123901987,666712.2793340517,1,1,2693
XGBoost,H3,237,2024-07-12,2024-07-17,73159.0,0.0104566765538074,0.0011139428243041039,73924.0,73240.49494308326,0.0,73159.0,683.5050569167361,467179.16283075063,1,1,2692
XGBoost,H4,237,2024-07-12,2024-07-18,73159.0,0.0110170997416585,0.0014983238652348518,73965.0,73268.61587565672,0.0,73159.0,696.3841243432835,484950.8486373617,1,1,2691
XGBoost,H5,237,2024-07-12,2024-07-19,73159.0,-0.0039229623149578,0.0018509746296331286,72872.0,73294.41545292933,0.0,73159.0,422.41545292933006,178434.81487349106,-1,1,2690
XGBoost,H6,237,2024-07-12,2024-07-22,73159.0,-0.0070804685684604,0.002202281728386879,72641.0,73320.11672896706,0.0,73159.0,679.1167289670557,461199.5315629134,-1,1,2689
XGBoost,H7,237,2024-07-12,2024-07-23,73159.0,-0.0616602195218632,0.0025560467038303614,68648.0,73345.99782080553,0.0,73159.0,4697.997820805525,22071183.524293467,-1,1,2688
XGBoost,H1,238,2024-07-15,2024-07-16,73311.0,0.0097393297049555,0.00029527745209634304,74025.0,73332.64708529064,0.0,73311.0,692.352914709365,479352.55850655324,1,1,2695
XGBoost,H2,238,2024-07-15,2024-07-17,73311.0,0.0083616374077559,0.000607368943747133,73924.0,73355.52682463505,0.0,73311.0,568.4731753649539,323161.7511095137,1,1,2694
XGBoost,H3,238,2024-07-15,2024-07-18,73311.0,0.0089208986373123,0.0009982073679566383,73965.0,73384.17958035227,0.0,73311.0,580.8204196477309,337352.3598797662,1,1,2693
XGBoost,H4,238,2024-07-15,2024-07-19,73311.0,-0.0059881873115903,0.0015025632455945015,72872.0,73421.15441409778,0.0,73311.0,549.1544140977785,301570.57052307436,-1,1,2692
XGBoost,H5,238,2024-07-15,2024-07-22,73311.0,-0.0091391469220171,0.0018553618574514985,72641.0,73447.01843313163,0.0,73311.0,806.0184331316268,649665.7145479628,-1,1,2691
XGBoost,H6,238,2024-07-15,2024-07-23,73311.0,-0.0636057344736806,0.0022016826551407576,68648.0,73472.40755713102,0.0,73311.0,4824.407557131024,23274908.277302936,-1,1,2690
XGBoost,H7,238,2024-07-15,2024-07-24,73311.0,-0.0584223377119395,0.00256157573312521,69028.0,73498.79167857114,0.0,73311.0,4470.791678571142,19987978.23318097,-1,1,2689
XGBoost,H1,239,2024-07-16,2024-07-17,74025.0,-0.0013644039175954,0.0003861833829432726,73924.0,74053.58722492238,0.0,74025.0,129.58722492237575,16792.848863082403,-1,1,2696
XGBoost,H2,239,2024-07-16,2024-07-18,74025.0,-0.0008105369807497,0.0006118165911175311,73965.0,74070.28972315748,0.0,74025.0,105.28972315747524,11085.925802577776,-1,1,2695
XGBoost,H3,239,2024-07-16,2024-07-19,74025.0,-0.0155758189800743,0.0011209605727344751,72872.0,74107.97910639667,0.0,74025.0,1235.9791063966695,1527644.3514491096,-1,1,2694
XGBoost,H4,239,2024-07-16,2024-07-22,74025.0,-0.0186963863559608,0.001509739668108523,72641.0,74136.75847893173,0.0,74025.0,1495.7584789317334,2237293.427296173,-1,1,2693
XGBoost,H5,239,2024-07-16,2024-07-23,74025.0,-0.0726376224248565,0.0018681446090340614,68648.0,74163.28940468375,0.0,74025.0,5515.289404683746,30418417.217416793,-1,1,2692
XGBoost,H6,239,2024-07-16,2024-07-24,74025.0,-0.0675042215467747,0.0022098813205957413,69028.0,74188.5864647571,0.0,74025.0,5160.5864647571,26631652.66023418,-1,1,2691
XGBoost,H7,239,2024-07-16,2024-07-25,74025.0,-0.0882674772036474,0.002565208123996854,67491.0,74214.88953137887,0.0,74025.0,6723.889531378867,45210690.430186324,-1,1,2690
XGBoost,H1,240,2024-07-17,2024-07-18,73924.0,0.0005546236675504,0.0003922646283172071,73965.0,73952.99777038372,0.0,73924.0,12.002229616278782,144.05351576187954,1,1,2697
XGBoost,H2,240,2024-07-17,2024-07-19,73924.0,-0.0142308316649532,0.0007680545677430928,72872.0,73980.77766586584,0.0,73924.0,1108.7776658658404,1229387.9123229012,-1,1,2696
XGBoost,H3,240,2024-07-17,2024-07-22,73924.0,-0.0173556625723716,0.0011244588531553745,72641.0,74007.12449626066,0.0,73924.0,1366.124496260658,1866296.1392834364,-1,1,2695
XGBoost,H4,240,2024-07-17,2024-07-23,73924.0,-0.0713705968291759,0.001512876246124506,68648.0,74035.83786361851,0.0,73924.0,5387.837863618508,29028796.84464125,-1,1,2694
XGBoost,H5,240,2024-07-17,2024-07-24,73924.0,-0.06623018234944,0.001869828556664288,69028.0,74062.22520622285,0.0,73924.0,5034.225206222851,25343423.426969506,-1,1,2693
XGBoost,H6,240,2024-07-17,2024-07-25,73924.0,-0.0870218061793193,0.002221832750365138,67491.0,74088.24676423799,0.0,73924.0,6597.2467642379925,43523664.868248664,-1,1,2692
XGBoost,H7,240,2024-07-17,2024-07-26,73924.0,-0.0777961149288458,0.0025725567247718573,68173.0,74114.17368332203,0.0,73924.0,5941.173683322035,35297544.735398315,-1,1,2691
XGBoost,H1,241,2024-07-18,2024-07-19,73965.0,-0.0147772595146352,0.0003855964750982821,72872.0,73993.52064328064,0.0,73965.0,1121.5206432806444,1257808.5533046306,-1,1,2698
XGBoost,H2,241,2024-07-18,2024-07-22,73965.0,-0.0179003582775637,0.0007674670196138322,72641.0,74021.76569810574,0.0,73965.0,1380.765698105737,1906513.9130654235,-1,1,2697
XGBoost,H3,241,2024-07-18,2024-07-23,73965.0,-0.071885351179612,0.0011273518903180957,68648.0,74048.38458256738,0.0,73965.0,5400.384582567378,29164153.63963143,-1,1,2696
XGBoost,H4,241,2024-07-18,2024-07-24,73965.0,-0.0667477861150543,0.001521702972240746,69028.0,74077.55276034179,0.0,73965.0,5049.552760341787,25497983.079475358,-1,1,2695
XGBoost,H5,241,2024-07-18,2024-07-25,73965.0,-0.0875278848103833,0.0018731176387518644,67491.0,74103.54514615028,0.0,73965.0,6612.545146150282,43725753.30987565,-1,1,2694
XGBoost,H6,241,2024-07-18,2024-07-26,73965.0,-0.0783073075103089,0.002228549914434552,68173.0,74129.83469442115,0.0,73965.0,5956.834694421152,35483879.57665954,-1,1,2693
XGBoost,H7,241,2024-07-18,2024-07-29,73965.0,-0.0778611505441763,0.002579980995506048,68206.0,74155.8282943326,0.0,73965.0,5949.828294332605,35400456.73204084,-1,1,2692
XGBoost,H1,242,2024-07-19,2024-07-22,72872.0,-0.0031699418157865,0.0003797355748247355,72641.0,72899.67209080863,0.0,72872.0,258.6720908086281,66911.25056330716,-1,1,2699
XGBoost,H2,242,2024-07-19,2024-07-23,72872.0,-0.0579646503458118,0.0007457341998815536,68648.0,72926.34314261377,0.0,72872.0,4278.343142613769,18304220.045950256,-1,1,2698
XGBoost,H3,242,2024-07-19,2024-07-24,72872.0,-0.0527500274453837,0.0011211647652089596,69028.0,72953.70151877031,0.0,72872.0,3925.7015187703073,15411132.414475497,-1,1,2697
XGBoost,H4,242,2024-07-19,2024-07-25,72872.0,-0.0738418048084312,0.0015188786201179028,67491.0,72982.68372280523,0.0,72872.0,5491.683722805232,30158590.11132393,-1,1,2696
XGBoost,H5,242,2024-07-19,2024-07-26,72872.0,-0.064482928971347,0.0018709215801209211,68173.0,73008.33779738657,0.0,72872.0,4835.337797386572,23380491.614835225,-1,1,2695
XGBoost,H6,242,2024-07-19,2024-07-29,72872.0,-0.0640300801405203,0.002225924516096711,68206.0,73034.207571337,0.0,72872.0,4828.2075713369995,23311588.351915926,-1,1,2694
XGBoost,H7,242,2024-07-19,2024-07-30,72872.0,-0.058390053792952,0.0025804711040109396,68617.0,73060.04409029149,0.0,72872.0,4443.044090291485,19740640.78827409,-1,1,2693
XGBoost,H1,243,2024-07-22,2024-07-23,72641.0,-0.0549689569251524,0.00038728208164684474,68648.0,72669.13255769291,0.0,72641.0,4021.1325576929084,16169507.046537912,-1,1,2700
XGBoost,H2,243,2024-07-22,2024-07-24,72641.0,-0.0497377514076072,0.0007504485547542572,69028.0,72695.5133334659,0.0,72641.0,3667.513333465904,13450654.051150188,-1,1,2699
XGBoost,H3,243,2024-07-22,2024-07-25,72641.0,-0.0708966010930466,0.0010995876509696245,67491.0,72720.87514655408,0.0,72641.0,5229.8751465540845,27351594.048544105,-1,1,2698
XGBoost,H4,243,2024-07-22,2024-07-26,72641.0,-0.0615079638220839,0.001506006228737533,68173.0,72750.39779846172,0.0,72641.0,4577.397798461723,20952570.60536223,-1,1,2697
XGBoost,H5,243,2024-07-22,2024-07-29,72641.0,-0.061053674921876,0.0018662329530343413,68206.0,72776.56502794137,0.0,72641.0,4570.565027941368,20890064.674640674,-1,1,2696
XGBoost,H6,243,2024-07-22,2024-07-30,72641.0,-0.0553957131647416,0.002222601789981127,68617.0,72802.45201662602,0.0,72641.0,4185.452016626019,17518008.58347881,-1,1,2695
XGBoost,H7,243,2024-07-22,2024-07-31,72641.0,-0.0489806032405941,0.0025764680467545986,69083.0,72828.1572153843,0.0,72641.0,3745.157215384301,14026202.56794509,-1,1,2694
XGBoost,H1,244,2024-07-23,2024-07-24,68648.0,0.0055354853746649,0.00013292448420543224,69028.0,68657.12499999173,0.0,68648.0,370.8750000082655,137548.26563113093,1,1,2701
XGBoost,H2,244,2024-07-23,2024-07-25,68648.0,-0.0168540962591772,0.000323866173857823,67491.0,68670.23276510299,0.0,68648.0,1179.2327651029918,1390589.914292448,-1,1,2700
XGBoost,H3,244,2024-07-23,2024-07-26,68648.0,-0.0069193567183312,0.0007793736876919866,68173.0,68701.50244491268,0.0,68648.0,528.5024449126795,279314.8342786798,-1,1,2699
XGBoost,H4,244,2024-07-23,2024-07-29,68648.0,-0.0064386435147418,0.002089438959956169,68206.0,68791.43580572307,0.0,68648.0,585.4358057230711,342735.08262262144,-1,1,2698
XGBoost,H5,244,2024-07-23,2024-07-30,68648.0,-0.0004515790700384,0.004782930016517639,68617.0,68976.3385797739,0.0,68648.0,359.3385797739029,129124.21491392558,-1,1,2697
XGBoost,H6,244,2024-07-23,2024-07-31,68648.0,0.0063366740473138,0.007416222710162401,69083.0,69157.10885660723,0.0,68648.0,74.10885660722852,5492.122627630758,1,1,2696
XGBoost,H7,244,2024-07-23,2024-08-01,68648.0,0.0111292390164317,0.00895319040864706,69412.0,69262.6186151728,0.0,68648.0,149.3813848271966,22314.798132891003,1,1,2695
XGBoost,H1,245,2024-07-24,2024-07-25,69028.0,-0.0222663267080025,0.0003650343860499561,67491.0,69053.19759360026,0.0,69028.0,1562.1975936002564,2440461.321450432,-1,1,2702
XGBoost,H2,245,2024-07-24,2024-07-26,69028.0,-0.0123862780321029,0.0007214143988676369,68173.0,69077.79779312504,0.0,69028.0,904.7977931250352,818659.0464439341,-1,1,2701
XGBoost,H3,245,2024-07-24,2024-07-29,69028.0,-0.0119082111606884,0.0010918078478425741,68206.0,69103.36531212088,0.0,69028.0,897.3653121208772,805264.5033977993,-1,1,2700
XGBoost,H4,245,2024-07-24,2024-07-30,69028.0,-0.0059541055803442,0.0021849428303539753,68617.0,69178.82223369367,0.0,69028.0,561.8222336936742,315644.22227254946,-1,1,2699
XGBoost,H5,245,2024-07-24,2024-07-31,69028.0,0.0007967781190241,0.00474332133308053,69083.0,69355.42198497988,0.0,69028.0,272.42198497988284,74213.7379003795,1,1,2698
XGBoost,H6,245,2024-07-24,2024-08-01,69028.0,0.0055629599582778,0.007283644285053015,69412.0,69530.77539770864,0.0,69028.0,118.7753977086395,14107.595100845487,1,1,2697
XGBoost,H7,245,2024-07-24,2024-08-02,69028.0,0.0051138668366459,0.008926083333790302,69381.0,69644.14968036488,0.0,69028.0,263.149680364877,69247.75427613693,1,1,2696
XGBoost,H1,246,2024-07-25,2024-07-26,67491.0,0.0101050510438429,0.0003565350198186934,68173.0,67515.06290502258,0.0,67491.0,657.9370949774166,432881.2209473221,1,1,2703
XGBoost,H2,246,2024-07-25,2024-07-29,67491.0,0.0105940051266095,0.000717270071618259,68206.0,67539.40927440359,0.0,67491.0,666.5907255964121,444343.1954511512,1,1,2702
XGBoost,H3,246,2024-07-25,2024-07-30,67491.0,0.0166837059756115,0.0010732144583016634,68617.0,67563.43231700524,0.0,67491.0,1053.5676829947624,1110004.8626509523,1,1,2701
XGBoost,H4,246,2024-07-25,2024-07-31,67491.0,0.0235883302958912,0.0015908428467810154,69083.0,67598.3675745721,0.0,67491.0,1484.6324254279025,2204133.4386319364,1,1,2700
XGBoost,H5,246,2024-07-25,2024-08-01,67491.0,0.0284630543331703,0.004124853760004044,69412.0,67769.39050511643,0.0,67491.0,1642.609494883567,2698165.9526816476,1,1,2699
XGBoost,H6,246,2024-07-25,2024-08-02,67491.0,0.0280037338311773,0.006464613601565361,69381.0,67927.30323658325,0.0,67491.0,1453.6967634167522,2113234.279968341,1,1,2698
XGBoost,H7,246,2024-07-25,2024-08-05,67491.0,0.0170393089448963,0.00836720410734415,68641.0,68055.71097240876,0.0,67491.0,585.2890275912359,342563.24581869453,1,1,2697
XGBoost,H1,247,2024-07-26,2024-07-29,68173.0,0.0004840626054303,0.0003602959041018039,68206.0,68197.56245267033,0.0,68173.0,8.437547329667723,71.19220494038292,1,1,2704
XGBoost,H2,247,2024-07-26,2024-07-30,68173.0,0.0065128423276077,0.0007120862137526274,68617.0,68221.54505345016,0.0,68173.0,395.45494654984213,156384.6147507385,1,1,2703
XGBoost,H3,247,2024-07-26,2024-07-31,68173.0,0.0133483930588356,0.001070272410288453,69083.0,68245.9636810266,0.0,68173.0,837.0363189734053,700629.7992805482,1,1,2702
XGBoost,H4,247,2024-07-26,2024-08-01,68173.0,0.0181743505493376,0.001419221400283277,69412.0,68269.75258052151,0.0,68173.0,1142.2474194784882,1304729.1673052653,1,1,2701
XGBoost,H5,247,2024-07-26,2024-08-02,68173.0,0.0177196250715092,0.0028515055309981108,69381.0,68367.39568656473,0.0,68173.0,1013.6043134352658,1027393.7042145765,1,1,2700
XGBoost,H6,247,2024-07-26,2024-08-05,68173.0,0.0068648878588297,0.005997980013489723,68641.0,68581.90029145963,0.0,68173.0,59.0997085403651,3492.7755495561037,1,1,2699
XGBoost,H7,247,2024-07-26,2024-08-06,68173.0,0.0083464128027224,0.007806742563843727,68742.0,68705.20906080492,0.0,68173.0,36.79093919508159,1353.5732068561908,1,1,2698
XGBoost,H1,248,2024-07-29,2024-07-30,68206.0,0.0060258628273173,0.00036709100822918117,68617.0,68231.03780930728,0.0,68206.0,385.96219069272047,148966.81264432392,1,1,2705
XGBoost,H2,248,2024-07-29,2024-07-31,68206.0,0.0128581063249566,0.0007155169732868671,69083.0,68254.80255068,0.0,68206.0,828.1974493199959,685911.0150601473,1,1,2704
XGBoost,H3,248,2024-07-29,2024-08-01,68206.0,0.0176817288801571,0.0010703189764171839,69412.0,68279.00217610551,0.0,68206.0,1132.9978238944896,1283684.0689496489,1,1,2703
XGBoost,H4,248,2024-07-29,2024-08-02,68206.0,0.0172272234114301,0.001413610647432506,69381.0,68302.41672781878,0.0,68206.0,1078.5832721812185,1163341.8750291443,1,1,2702
XGBoost,H5,248,2024-07-29,2024-08-05,68206.0,0.0063777380289125,0.0026602596044540405,68641.0,68387.44566658139,0.0,68206.0,253.5543334186077,64289.799995354486,1,1,2701
XGBoost,H6,248,2024-07-29,2024-08-06,68206.0,0.0078585461689586,0.005516414064913988,68742.0,68582.25253771152,0.0,68206.0,159.74746228847653,25519.25170760823,1,1,2700
XGBoost,H7,248,2024-07-29,2024-08-07,68206.0,0.0080051608362901,0.006950266659259796,68752.0,68680.04988776147,0.0,68206.0,71.95011223852634,5176.818651136538,1,1,2699
XGBoost,H1,249,2024-07-30,2024-07-31,68617.0,0.0067913199352929,0.0003624384698923677,69083.0,68641.8694404886,0.0,68617.0,441.1305595113954,194596.17053483677,1,1,2706
XGBoost,H2,249,2024-07-30,2024-08-01,68617.0,0.0115860501042015,0.0007438856991939247,69412.0,68668.04320502159,0.0,68617.0,743.9567949784105,553471.7127945487,1,1,2705
XGBoost,H3,249,2024-07-30,2024-08-02,68617.0,0.0111342670183773,0.001076279440894723,69381.0,68690.85106639587,0.0,68617.0,690.1489336041268,476305.5505549134,1,1,2704
XGBoost,H4,249,2024-07-30,2024-08-05,68617.0,0.0003497675503154,0.0014108775649219751,68641.0,68713.81018587225,0.0,68617.0,72.81018587225117,5301.323166751764,1,1,2703
XGBoost,H5,249,2024-07-30,2024-08-06,68617.0,0.0018217059912266,0.002219173591583967,68742.0,68769.27303433372,0.0,68617.0,27.273034333717078,743.8184017681106,1,1,2702
XGBoost,H6,249,2024-07-30,2024-08-07,68617.0,0.0019674424705247,0.004913547076284885,68752.0,68954.15285973344,0.0,68617.0,202.15285973343998,40865.77869840786,1,1,2701
XGBoost,H7,249,2024-07-30,2024-08-08,68617.0,0.0113528717373245,0.005980417598038912,69396.0,69027.35831432464,0.0,68617.0,368.641685675364,135896.69241757385,1,1,2700
XGBoost,H1,250,2024-07-31,2024-08-01,69083.0,0.00476238727328,0.0003921294992323965,69412.0,69110.08948219547,0.0,69083.0,301.91051780452835,91149.96076099844,1,1,2707
XGBoost,H2,250,2024-07-31,2024-08-02,69083.0,0.0043136516943387,0.0007484509260393679,69381.0,69134.70523532358,0.0,69083.0,246.29476467642235,60661.11110701426,1,1,2706
XGBoost,H3,250,2024-07-31,2024-08-05,69083.0,-0.0063981008352271,0.0010774820111691952,68641.0,69157.4356897776,0.0,69083.0,516.4356897776015,266705.8216760671,-1,1,2705
XGBoost,H4,250,2024-07-31,2024-08-06,69083.0,-0.004936091368354,0.0014221251476556063,68742.0,69181.24467157549,0.0,69083.0,439.24467157549225,192935.88150746204,-1,1,2704
XGBoost,H5,250,2024-07-31,2024-08-07,69083.0,-0.0047913379557923,0.0017387811094522476,68752.0,69203.12021538429,0.0,69083.0,451.1202153842896,203509.44872836786,-1,1,2703
XGBoost,H6,250,2024-07-31,2024-08-08,69083.0,0.0045307818131812,0.002066820627078414,69396.0,69225.78216938046,0.0,69083.0,170.21783061954193,28974.109860823064,1,1,2702
XGBoost,H7,250,2024-07-31,2024-08-09,69083.0,0.0075416527944647,0.002418826101347804,69604.0,69250.09976355941,0.0,69083.0,353.90023644058965,125245.37735270525,1,1,2701
XGBoost,H1,251,2024-08-01,2024-08-02,69412.0,-0.0004466086555638,0.000394453207263723,69381.0,69439.37978602259,0.0,69412.0,58.37978602258954,3408.1994160433414,-1,1,2708
XGBoost,H2,251,2024-08-01,2024-08-05,69412.0,-0.0111075894657983,0.000753095664549619,68641.0,69464.27387626772,0.0,69412.0,823.2738762677182,677779.8753448741,-1,1,2707
XGBoost,H3,251,2024-08-01,2024-08-06,69412.0,-0.0096525096525096,0.0010826828656718135,68742.0,69487.15118307201,0.0,69412.0,745.1511830720119,555250.2856336191,-1,1,2706
XGBoost,H4,251,2024-08-01,2024-08-07,69412.0,-0.0095084423442632,0.0014220302691683173,68752.0,69510.70596504351,0.0,69412.0,758.7059650435112,575634.7413926057,-1,1,2705
XGBoost,H5,251,2024-08-01,2024-08-08,69412.0,-0.0002305076931942,0.0017485483549535275,69396.0,69533.37023841403,0.0,69412.0,137.37023841403425,18870.582401928612,-1,1,2704
XGBoost,H6,251,2024-08-01,2024-08-09,69412.0,0.002766092318331,0.002068124245852232,69604.0,69555.5526401531,0.0,69412.0,48.447359846904874,2347.1466761354905,1,1,2703
XGBoost,H7,251,2024-08-01,2024-08-12,69412.0,0.0135711404368121,0.002425992861390114,70354.0,69580.39301649481,0.0,69412.0,773.6069835051894,598467.7649279984,1,1,2702
XGBoost,H1,252,2024-08-02,2024-08-05,69381.0,-0.0106657442239229,0.0003941405448131263,68641.0,69408.34586513968,0.0,69381.0,767.3458651396795,588819.6767469632,-1,1,2709
XGBoost,H2,252,2024-08-02,2024-08-06,69381.0,-0.0092100142690362,0.0007517059566453099,68742.0,69433.15411097801,0.0,69381.0,691.1541109780082,477694.00512180093,-1,1,2708
XGBoost,H3,252,2024-08-02,2024-08-07,69381.0,-0.0090658825903345,0.001086714561097324,68752.0,69456.3973429635,0.0,69381.0,704.3973429634934,496175.6167740294,-1,1,2707
XGBoost,H4,252,2024-08-02,2024-08-08,69381.0,0.0002161975180525,0.0014287977246567607,69396.0,69480.13141493441,0.0,69381.0,84.13141493441071,7078.094978865986,1,1,2706
XGBoost,H5,252,2024-08-02,2024-08-09,69381.0,0.003214136435047,0.001741717103868723,69604.0,69501.84207438352,0.0,69381.0,102.15792561648414,10436.241766263105,1,1,2705
XGBoost,H6,252,2024-08-02,2024-08-12,69381.0,0.0140240123376715,0.0020724351052194834,70354.0,69524.78762003523,0.0,69381.0,829.212379964767,687593.1710868331,1,1,2704
XGBoost,H7,252,2024-08-02,2024-08-13,69381.0,0.014052838673412,0.0024266706313937902,70356.0,69549.36483507673,0.0,69381.0,806.6351649232674,650660.2892907868,1,1,2703
XGBoost,H1,253,2024-08-05,2024-08-06,68641.0,0.0014714237846185,0.0003838323464151472,68742.0,68667.34663609028,0.0,68641.0,74.65336390971788,5573.124743036768,1,1,2710
XGBoost,H2,253,2024-08-05,2024-08-07,68641.0,0.001617109307848,0.0007474165759049356,68752.0,68692.30342118669,0.0,68641.0,59.696578813309316,3563.6815220136505,1,1,2709
XGBoost,H3,253,2024-08-05,2024-08-08,68641.0,0.0109992570038315,0.0010836683213710785,69396.0,68715.38407724723,0.0,68641.0,680.6159227527678,463238.0343046016,1,1,2708
XGBoost,H4,253,2024-08-05,2024-08-09,68641.0,0.0140295158870062,0.0014284021453931928,69604.0,68739.04695166193,0.0,68641.0,864.9530483380659,748143.7758293125,1,1,2707
XGBoost,H5,253,2024-08-05,2024-08-12,68641.0,0.024955930129223,0.0017497033113613725,70354.0,68761.10138499516,0.0,68641.0,1592.898615004844,2537325.9976843502,1,1,2706
XGBoost,H6,253,2024-08-05,2024-08-13,68641.0,0.0249850672338689,0.0020683552138507366,70356.0,68782.97397023393,0.0,68641.0,1573.0260297660716,2474410.89032161,1,1,2705
XGBoost,H7,253,2024-08-05,2024-08-14,68641.0,0.0179630250142044,0.0024339400697499514,69874.0,68808.0680803277,0.0,68641.0,1065.9319196722936,1136210.857376261,1,1,2704
XGBoost,H1,254,2024-08-06,2024-08-07,68742.0,0.0001454714730442,0.0003660750517155975,68752.0,68767.16473120503,0.0,68742.0,15.164731205033604,229.96907252091995,1,1,2711
XGBoost,H2,254,2024-08-06,2024-08-08,68742.0,0.0095138343370864,0.000716893351636827,69396.0,68791.28068277822,0.0,68742.0,604.7193172217812,365685.4526211773,1,1,2710
XGBoost,H3,254,2024-08-06,2024-08-09,68742.0,0.0125396409764044,0.0010797675931826234,69604.0,68816.22538389056,0.0,68742.0,787.7746161094401,620588.8457863757,1,1,2709
XGBoost,H4,254,2024-08-06,2024-08-12,68742.0,0.0234500014547147,0.0014261341420933604,70354.0,68840.03531319578,0.0,68742.0,1513.9646868042182,2292089.0728901946,1,1,2708
XGBoost,H5,254,2024-08-06,2024-08-13,68742.0,0.0234790957493236,0.0017497341614216566,70356.0,68862.28022572445,0.0,68742.0,1493.7197742755525,2231198.7640618077,1,1,2707
XGBoost,H6,254,2024-08-06,2024-08-14,68742.0,0.0164673707485962,0.0020775706507265568,69874.0,68884.81636167224,0.0,68742.0,989.183638327755,978484.2703353349,1,1,2706
XGBoost,H7,254,2024-08-06,2024-08-16,68742.0,0.0319455354804922,0.0024091587401926517,70938.0,68907.61039011832,0.0,68742.0,2030.3896098816767,4122481.9679154675,1,1,2705
XGBoost,H1,255,2024-08-07,2024-08-08,68752.0,0.0093670002327204,0.0003659731592051685,69396.0,68777.16138664167,0.0,68752.0,618.8386133583263,382961.229383256,1,1,2712
XGBoost,H2,255,2024-08-07,2024-08-09,68752.0,0.0123923667675123,0.0007165628485381603,69604.0,68801.2651289627,0.0,68752.0,802.7348710373044,644383.2731792778,1,1,2711
XGBoost,H3,255,2024-08-07,2024-08-12,68752.0,0.023301140330463,0.0010744864121079445,70354.0,68825.87308980525,0.0,68752.0,1528.1269101947546,2335171.8536613677,1,1,2710
XGBoost,H4,255,2024-08-07,2024-08-13,68752.0,0.0233302303932976,0.0014221339952200651,70356.0,68849.77455643937,0.0,68752.0,1506.22544356063,2268715.086829417,1,1,2709
XGBoost,H5,255,2024-08-07,2024-08-14,68752.0,0.0163195252501744,0.0017473072512075305,69874.0,68872.13086813502,0.0,68752.0,1001.8691318649799,1003741.7573838884,1,1,2708
XGBoost,H6,255,2024-08-07,2024-08-16,68752.0,0.0317954386781476,0.002077531535178423,70938.0,68894.83444810659,0.0,68752.0,2043.165551893413,4174525.472443915,1,1,2707
XGBoost,H7,255,2024-08-07,2024-08-19,68752.0,0.0347044449616011,0.002438201801851392,71138.0,68919.63125028089,0.0,68752.0,2218.368749719113,4921159.909730341,1,1,2706
XGBoost,H1,256,2024-08-08,2024-08-09,69396.0,0.002997290910139,0.0003692884638439864,69604.0,69421.62714223692,0.0,69396.0,182.37285776308272,33259.8592486736,1,1,2713
XGBoost,H2,256,2024-08-08,2024-08-12,69396.0,0.0138048302495821,0.0007202664855867624,70354.0,69445.98361303378,0.0,69396.0,908.016386966221,824493.7589991901,1,1,2712
XGBoost,H3,256,2024-08-08,2024-08-13,69396.0,0.0138336503544873,0.0010758714051917195,70356.0,69470.66117203468,0.0,69396.0,885.3388279653154,783824.8403029984,1,1,2711
XGBoost,H4,256,2024-08-08,2024-08-14,69396.0,0.0068880050723385,0.0014216654235497117,69874.0,69494.65789373266,0.0,69396.0,379.3421062673442,143900.43358734506,1,1,2710
XGBoost,H5,256,2024-08-08,2024-08-16,69396.0,0.0222203008818953,0.0017465985147282481,70938.0,69517.20695052808,0.0,69396.0,1420.7930494719185,2018652.8894277134,1,1,2709
XGBoost,H6,256,2024-08-08,2024-08-19,69396.0,0.0251023113724133,0.0020784414373338223,71138.0,69540.23552198522,0.0,69396.0,1597.764478014782,2552851.327205849,1,1,2708
XGBoost,H7,256,2024-08-08,2024-08-20,69396.0,0.0280131419678366,0.002442598110064864,71340.0,69565.50653844606,0.0,69396.0,1774.4934615539387,3148827.04509768,1,1,2707
XGBoost,H1,257,2024-08-09,2024-08-12,69604.0,0.0107752428021377,0.0003703005495481193,70354.0,69629.77439945075,0.0,69604.0,724.2256005492527,524502.7204909257,1,1,2714
XGBoost,H2,257,2024-08-09,2024-08-13,69604.0,0.0108039767829435,0.0007288204506039619,70356.0,69654.72881864384,0.0,69604.0,701.2711813561618,491781.26980066684,1,1,2713
XGBoost,H3,257,2024-08-09,2024-08-14,69604.0,0.0038790874087695,0.001080324873328209,69874.0,69679.19493248314,0.0,69604.0,194.80506751686335,37949.01433024969,1,1,2712
XGBoost,H4,257,2024-08-09,2024-08-16,69604.0,0.0191655651974025,0.0014263675548136234,70938.0,69703.28088728525,0.0,69604.0,1234.7191127147526,1524531.287303106,1,1,2711
XGBoost,H5,257,2024-08-09,2024-08-19,69604.0,0.0220389632779725,0.001747128670103848,71138.0,69725.60714395391,0.0,69604.0,1412.3928560460918,1994853.579810036,1,1,2710
XGBoost,H6,257,2024-08-09,2024-08-20,69604.0,0.0249410953393482,0.002078688470646739,71340.0,69748.6850323109,0.0,69604.0,1591.3149676891044,2532283.326391375,1,1,2709
XGBoost,H7,257,2024-08-09,2024-08-21,69604.0,0.0259036836963393,0.0024444973096251488,71407.0,69774.14679073915,0.0,69604.0,1632.8532092608511,2666209.602993461,1,1,2708
XGBoost,H1,258,2024-08-12,2024-08-13,70354.0,2.842766580446465e-05,0.00037397112464532256,70356.0,70380.3103645033,0.0,70354.0,24.310364503297023,590.9938222831639,1,1,2715
XGBoost,H2,258,2024-08-12,2024-08-14,70354.0,-0.0068226397930466,0.0007321615121327341,69874.0,70405.51049102459,0.0,70354.0,531.5104910245864,282503.4020691969,-1,1,2714
XGBoost,H3,258,2024-08-12,2024-08-16,70354.0,0.0083008784148732,0.0010887712705880404,70938.0,70430.59941397095,0.0,70354.0,507.400586029049,257455.35470262237,1,1,2713
XGBoost,H4,258,2024-08-12,2024-08-19,70354.0,0.0111436449953095,0.0014332762220874429,71138.0,70454.83671532874,0.0,70354.0,683.16328467126,466712.0735228251,1,1,2712
XGBoost,H5,258,2024-08-12,2024-08-20,70354.0,0.0140148392415497,0.0017555167432874441,71340.0,70477.50762495724,0.0,70354.0,862.4923750427552,743893.0970068927,1,1,2711
XGBoost,H6,258,2024-08-12,2024-08-21,70354.0,0.014967166045996,0.0020830435678362846,71407.0,70500.55044717155,0.0,70354.0,906.449552828446,821650.7918228898,1,1,2710
XGBoost,H7,258,2024-08-12,2024-08-22,70354.0,0.0062825141427638,0.0024191131815314293,70796.0,70524.19428877346,0.0,70354.0,271.8057112265378,73878.34465536407,1,1,2709
XGBoost,H1,259,2024-08-13,2024-08-14,70356.0,-0.0068508727045312,0.0003738046798389405,69874.0,70382.29940205475,0.0,70356.0,508.2994020547485,258368.28212921487,-1,1,2716
XGBoost,H2,259,2024-08-13,2024-08-16,70356.0,0.0082722155892887,0.0007347541977651417,70938.0,70407.69436633796,0.0,70356.0,530.3056336620357,281224.0650936932,1,1,2715
XGBoost,H3,259,2024-08-13,2024-08-19,70356.0,0.0111149013588038,0.0010900766355916858,71138.0,70432.69343177369,0.0,70356.0,705.3065682263114,497457.3551831764,1,1,2714
XGBoost,H4,259,2024-08-13,2024-08-20,70356.0,0.0139860139860139,0.0014413377502933145,71340.0,70457.40675875964,0.0,70356.0,882.5932412403636,778970.8294831706,1,1,2713
XGBoost,H5,259,2024-08-13,2024-08-21,70356.0,0.0149383137188015,0.0017635977128520608,71407.0,70480.07968068542,0.0,70356.0,926.9203193145804,859181.2783582438,1,1,2712
XGBoost,H6,259,2024-08-13,2024-08-22,70356.0,0.0062539086929331,0.0020910007879137993,70796.0,70503.11445143446,0.0,70356.0,292.88554856553674,85781.94455853538,1,1,2711
XGBoost,H7,259,2024-08-13,2024-08-23,70356.0,0.013346409687873,0.0024233413860201836,71295.0,70526.49660655484,0.0,70356.0,768.503393445164,590597.4657367325,1,1,2710
XGBoost,H1,260,2024-08-14,2024-08-16,69874.0,0.0152274093368063,0.00037119354237802327,70938.0,69899.93677758012,0.0,69874.0,1038.063222419878,1077575.2537407412,1,1,2717
XGBoost,H2,260,2024-08-14,2024-08-19,69874.0,0.0180897043249277,0.0007346595521084964,71138.0,69925.33360154403,0.0,69874.0,1212.666398455971,1470559.7939441756,1,1,2716
XGBoost,H3,260,2024-08-14,2024-08-20,69874.0,0.0209806222629305,0.0010959808714687824,71340.0,69950.58056741301,0.0,69874.0,1389.4194325869903,1930486.3596503541,1,1,2715
XGBoost,H4,260,2024-08-14,2024-08-21,69874.0,0.0219394910839512,0.0014433251926675439,71407.0,69974.85090451245,0.0,69874.0,1432.149095487548,2051051.031705802,1,1,2714
XGBoost,H5,260,2024-08-14,2024-08-22,69874.0,0.0131951798952401,0.0017689435044303536,70796.0,69997.60315842857,0.0,69874.0,798.3968415714335,637437.5166312406,1,1,2713
XGBoost,H6,260,2024-08-14,2024-08-23,69874.0,0.0203366058906031,0.0020963435526937246,71295.0,70020.47990940092,0.0,69874.0,1274.5200905990787,1624401.4613406837,1,1,2712
XGBoost,H7,260,2024-08-14,2024-08-26,69874.0,0.0232704582534275,0.0024579674936830997,71500.0,70045.74802065361,0.0,69874.0,1454.251979346387,2114848.8194328845,1,1,2711
XGBoost,H1,261,2024-08-16,2024-08-19,70938.0,0.0028193633877471,0.00032937611103989184,71138.0,70961.36528256495,0.0,70938.0,176.63471743505215,31199.82340336072,1,1,2718
XGBoost,H2,261,2024-08-16,2024-08-20,70938.0,0.0056669204093715,0.0005752900033257902,71340.0,70978.80992225592,0.0,70938.0,361.1900777440751,130458.27226077102,1,1,2717
XGBoost,H3,261,2024-08-16,2024-08-21,70938.0,0.0066114071442668,0.0009449013159610331,71407.0,71005.02940955164,0.0,70938.0,401.97059044835623,161580.35558540013,1,1,2716
XGBoost,H4,261,2024-08-16,2024-08-22,70938.0,-0.0020017480053003,0.001338321715593338,70796.0,71032.93786586076,0.0,70938.0,236.9378658607602,56139.5522786516,-1,1,2715
XGBoost,H5,261,2024-08-16,2024-08-23,70938.0,0.0050325636471284,0.0017446473939344287,71295.0,71061.76179683092,0.0,70938.0,233.2382031690795,54400.059417540804,1,1,2714
XGBoost,H6,261,2024-08-16,2024-08-26,70938.0,0.0079224111195692,0.0021072423551231623,71500.0,71087.48355818773,0.0,70938.0,412.5164418122731,170169.81476545852,1,1,2713
XGBoost,H7,261,2024-08-16,2024-08-27,70938.0,0.0086413487834446,0.0024394411593675613,71551.0,71111.04907696322,0.0,70938.0,439.95092303678393,193556.81468091818,1,1,2712
XGBoost,H1,262,2024-08-19,2024-08-20,71138.0,0.0028395512946666,0.00037752388743683696,71340.0,71164.85629430448,0.0,71138.0,175.1437056955183,30675.31764475833,1,1,2719
XGBoost,H2,262,2024-08-19,2024-08-21,71138.0,0.0037813826646799,0.0007431129342876375,71407.0,71190.86356791935,0.0,71138.0,216.13643208064605,46714.95727255172,1,1,2718
XGBoost,H3,262,2024-08-19,2024-08-22,71138.0,-0.0048075571424555,0.0011044219136238098,70796.0,71216.56636609137,0.0,71138.0,420.5663660913706,176876.06828730073,-1,1,2717
XGBoost,H4,262,2024-08-19,2024-08-23,71138.0,0.0022069779864488,0.0014559455448761582,71295.0,71241.5730541714,0.0,71138.0,53.426945828599855,2854.4385405721437,1,1,2716
XGBoost,H5,262,2024-08-19,2024-08-26,71138.0,0.0050887008349966,0.0017835694598034024,71500.0,71264.8795642315,0.0,71138.0,235.12043576850556,55281.61931597195,1,1,2715
XGBoost,H6,262,2024-08-19,2024-08-27,71138.0,0.005805617250977,0.0021156121511012316,71551.0,71288.50041720504,0.0,71138.0,262.4995827949606,68906.03096752836,1,1,2714
XGBoost,H7,262,2024-08-19,2024-08-28,71138.0,0.002670865079142,0.0024810691829770803,71328.0,71314.49829953862,0.0,71138.0,13.501700461376458,182.29591534873327,1,1,2713
XGBoost,H1,263,2024-08-20,2024-08-21,71340.0,0.0009391645640595,0.0003784428699873388,71407.0,71366.9981143449,0.0,71340.0,40.00188565510325,1600.1508559639553,1,1,2720
XGBoost,H2,263,2024-08-20,2024-08-22,71340.0,-0.0076254555649004,0.0007293813396245241,70796.0,71392.03406476881,0.0,71340.0,596.0340647688136,355256.60636483424,-1,1,2719
XGBoost,H3,263,2024-08-20,2024-08-23,71340.0,-0.0006307821698906,0.0011067345039919019,71295.0,71418.95443951478,0.0,71340.0,123.95443951478228,15364.703075423819,-1,1,2718
XGBoost,H4,263,2024-08-20,2024-08-26,71340.0,0.0022427810485001,0.0014604595489799976,71500.0,71444.18918422423,0.0,71340.0,55.81081577576697,3114.847157556599,1,1,2717
XGBoost,H5,263,2024-08-20,2024-08-27,71340.0,0.0029576675077096,0.001788464724086225,71551.0,71467.58907341631,0.0,71340.0,83.4109265836887,6957.382673549508,1,1,2716
XGBoost,H6,263,2024-08-20,2024-08-28,71340.0,-0.0001682085786375,0.002123693935573101,71328.0,71491.50432536379,0.0,71340.0,163.50432536378503,26733.664412666476,-1,1,2715
XGBoost,H7,263,2024-08-20,2024-08-29,71340.0,0.004569666386319,0.0024602857884019613,71666.0,71515.5167881446,0.0,71340.0,150.48321185540408,22645.197050318428,1,1,2714
XGBoost,H1,264,2024-08-21,2024-08-22,71407.0,-0.0085565840883946,0.00037867220817133784,70796.0,71434.03984636889,0.0,71407.0,638.0398463688907,407094.84555443766,-1,1,2721
XGBoost,H2,264,2024-08-21,2024-08-23,71407.0,-0.0015684736790511,0.0007421015179716051,71295.0,71459.9912430938,0.0,71407.0,164.9912430937984,27222.11029763688,-1,1,2720
XGBoost,H3,264,2024-08-21,2024-08-26,71407.0,0.0013023933227835,0.0011083731660619378,71500.0,71486.14560266898,0.0,71407.0,13.854397331015207,191.94432540564128,1,1,2719
XGBoost,H4,264,2024-08-21,2024-08-27,71407.0,0.0020166090159228,0.001467904425226152,71551.0,71511.81865129212,0.0,71407.0,39.18134870787617,1535.1780865681894,1,1,2718
XGBoost,H5,264,2024-08-21,2024-08-28,71407.0,-0.001106334112902,0.001793191651813686,71328.0,71535.04643628106,0.0,71407.0,207.04643628105987,42868.226776686985,-1,1,2717
XGBoost,H6,264,2024-08-21,2024-08-29,71407.0,0.0036270953828057,0.0021291207522153854,71666.0,71559.03412555344,0.0,71407.0,106.96587444655597,11441.698296116376,1,1,2716
XGBoost,H7,264,2024-08-21,2024-08-30,71407.0,-0.0029688966067752,0.0024685878306627274,71195.0,71583.27445122413,0.0,71407.0,388.2744512241334,150757.04947340192,-1,1,2715
XGBoost,H1,265,2024-08-22,2024-08-23,70796.0,0.0070484208147352,0.00037534869625233114,71295.0,70822.57318629988,0.0,70796.0,472.42681370011996,223187.09430284787,1,1,2722
XGBoost,H2,265,2024-08-22,2024-08-26,70796.0,0.0099440646364201,0.0007390019600279629,71500.0,70848.31838276214,0.0,70796.0,651.6816172378603,424688.9302457531,1,1,2721
XGBoost,H3,265,2024-08-22,2024-08-27,70796.0,0.0106644443188881,0.001121200737543404,71551.0,70875.37652741512,0.0,70796.0,675.6234725848772,456467.0767076483,1,1,2720
XGBoost,H4,265,2024-08-22,2024-08-28,70796.0,0.0075145488445675,0.0014667320065200329,71328.0,70899.83875913359,0.0,70796.0,428.16124086640775,183322.04818026203,1,1,2719
XGBoost,H5,265,2024-08-22,2024-08-29,70796.0,0.0122888298773942,0.0017972978530451655,71666.0,70923.24149880419,0.0,70796.0,742.7585011958145,551690.1910986527,1,1,2718
XGBoost,H6,265,2024-08-22,2024-08-30,70796.0,0.0056359116334256,0.0021306010894477367,71195.0,70946.83803472854,0.0,70796.0,248.16196527145803,61584.36100739234,1,1,2717
XGBoost,H7,265,2024-08-22,2024-09-02,70796.0,0.0061726651223232,0.0025019703898578882,71233.0,70973.12949572038,0.0,70796.0,259.87050427962095,67532.67899454449,1,1,2716
XGBoost,H1,266,2024-08-23,2024-08-26,71295.0,0.0028753769549056,0.00037780386628583074,71500.0,71321.93552664685,0.0,71295.0,178.0644733531517,31706.95667053527,1,1,2723
XGBoost,H2,266,2024-08-23,2024-08-27,71295.0,0.00359071463637,0.0007381393807008862,71551.0,71347.62564714707,0.0,71295.0,203.37435285293031,41361.1273983482,1,1,2722
XGBoost,H3,266,2024-08-23,2024-08-28,71295.0,0.0004628655585945,0.0011208932846784592,71328.0,71374.91408673115,0.0,71295.0,46.914086731150746,2200.9315338179345,1,1,2721
XGBoost,H4,266,2024-08-23,2024-08-29,71295.0,0.0052037309769268,0.0014671710086986423,71666.0,71399.60195706517,0.0,71295.0,266.3980429348303,70967.91727950769,1,1,2720
XGBoost,H5,266,2024-08-23,2024-08-30,71295.0,-0.001402622904832,0.0017985281301662326,71195.0,71423.2260630402,0.0,71295.0,228.22606304020155,52087.135850830055,-1,1,2719
XGBoost,H6,266,2024-08-23,2024-09-02,71295.0,-0.0008696262009958,0.002137276344001293,71233.0,71447.37711694557,0.0,71295.0,214.3771169455722,45957.54826989554,-1,1,2718
XGBoost,H7,266,2024-08-23,2024-09-03,71295.0,-0.0068447997755803,0.002503981115296483,70807.0,71473.52133361506,0.0,71295.0,666.5213336150628,444250.6881640018,-1,1,2717
XGBoost,H1,267,2024-08-26,2024-08-27,71500.0,0.0007132867132866,0.000378676486434415,71551.0,71527.07536878006,0.0,71500.0,23.92463121993933,572.3879790100956,1,1,2724
XGBoost,H2,267,2024-08-26,2024-08-28,71500.0,-0.0024055944055944,0.0007426294614560902,71328.0,71553.09800649411,0.0,71500.0,225.09800649411045,50669.112527622594,-1,1,2723
XGBoost,H3,267,2024-08-26,2024-08-29,71500.0,0.0023216783216784,0.0011059505632147193,71666.0,71579.07546526985,0.0,71500.0,86.92453473014757,7555.874738052631,1,1,2722
XGBoost,H4,267,2024-08-26,2024-08-30,71500.0,-0.0042657342657342,0.001467459136620164,71195.0,71604.92332826834,0.0,71500.0,409.9233282683417,168037.13505859463,-1,1,2721
XGBoost,H5,267,2024-08-26,2024-09-02,71500.0,-0.0037342657342657,0.0017997506074607372,71233.0,71628.68216843344,0.0,71500.0,395.6821684334427,156564.37841619132,-1,1,2720
XGBoost,H6,267,2024-08-26,2024-09-03,71500.0,-0.0096923076923076,0.0021392423659563065,70807.0,71652.95582916588,0.0,71500.0,845.9558291658759,715641.2648997246,-1,1,2719
XGBoost,H7,267,2024-08-26,2024-09-04,71500.0,-0.0062517482517482,0.00248223845846951,71053.0,71677.48004978057,0.0,71500.0,624.48004978057,389975.33257394313,-1,1,2718
XGBoost,H1,268,2024-08-27,2024-08-28,71551.0,-0.0031166580481055,0.00037883385084569454,71328.0,71578.10594086186,0.0,71551.0,250.1059408618603,62552.98165439635,-1,1,2725
XGBoost,H2,268,2024-08-27,2024-08-29,71551.0,0.0016072451817583,0.0007436075247824192,71666.0,71604.2058620057,0.0,71551.0,61.79413799429312,3818.515490457741,1,1,2724
XGBoost,H3,268,2024-08-27,2024-08-30,71551.0,-0.0049754720409218,0.0011143701849505305,71195.0,71630.7343011034,0.0,71551.0,435.7343011033954,189864.38115806447,-1,1,2723
XGBoost,H4,268,2024-08-27,2024-09-02,71551.0,-0.0044443823286886,0.0014676630962640047,71233.0,71656.01276220079,0.0,71551.0,423.0127622007858,178939.79698473855,-1,1,2722
XGBoost,H5,268,2024-08-27,2024-09-03,71551.0,-0.0103981775237242,0.0018001776188611984,70807.0,71679.80450880714,0.0,71551.0,872.8045088071376,761787.7105940687,-1,1,2721
XGBoost,H6,268,2024-08-27,2024-09-04,71551.0,-0.006960070439267,0.002140606055036187,71053.0,71704.1625038439,0.0,71551.0,651.1625038438942,424012.60641224956,-1,1,2720
XGBoost,H7,268,2024-08-27,2024-09-05,71551.0,0.0047378792749228,0.002515175146982074,71890.0,71730.96329694171,0.0,71551.0,159.03670305828564,25292.67291964932,1,1,2719
XGBoost,H1,269,2024-08-28,2024-08-29,71328.0,0.0047386720502466,0.00037753101787529886,71666.0,71354.92853244301,0.0,71328.0,311.0714675569907,96765.45792805991,1,1,2726
XGBoost,H2,269,2024-08-28,2024-08-30,71328.0,-0.0018646253925527,0.0007443354115821421,71195.0,71381.09195623733,0.0,71328.0,186.09195623733103,34630.216176236725,-1,1,2725
XGBoost,H3,269,2024-08-28,2024-09-02,71328.0,-0.0013318752803948,0.001114136422984302,71233.0,71407.46912277862,0.0,71328.0,174.4691227786243,30439.47480314268,-1,1,2724
XGBoost,H4,269,2024-08-28,2024-09-03,71328.0,-0.0073042844324808,0.001469771726988256,70807.0,71432.83587774262,0.0,71328.0,625.8358777426183,391670.5458698735,-1,1,2723
XGBoost,H5,269,2024-08-28,2024-09-04,71328.0,-0.003855428443248,0.0017991967033594847,71053.0,71456.33310245723,0.0,71328.0,403.3331024572253,162677.5915377706,-1,1,2722
XGBoost,H6,269,2024-08-28,2024-09-05,71328.0,0.0078790937640196,0.002139763906598091,71890.0,71480.62507992983,0.0,71328.0,409.37492007017136,167587.8251824592,1,1,2721
XGBoost,H7,269,2024-08-28,2024-09-06,71328.0,0.0011355989232839,0.00251574395224452,71409.0,71507.4429846257,0.0,71328.0,98.44298462569714,9691.021222015243,1,1,2720
XGBoost,H1,270,2024-08-29,2024-08-30,71666.0,-0.0065721541595735,0.0003790329210460186,71195.0,71693.16377331968,0.0,71666.0,498.16377331968397,248167.14504810548,-1,1,2727
XGBoost,H2,270,2024-08-29,2024-09-02,71666.0,-0.0060419166689922,0.0007418738096021116,71233.0,71719.16712843894,0.0,71666.0,486.1671284389449,236358.47677456957,-1,1,2726
XGBoost,H3,270,2024-08-29,2024-09-03,71666.0,-0.0119861580107721,0.0011146910255774856,70807.0,71745.88544703904,0.0,71666.0,938.8854470390361,881505.8826616906,-1,1,2725
XGBoost,H4,270,2024-08-29,2024-09-04,71666.0,-0.0085535679401669,0.0014711080584675074,71053.0,71771.42843011813,0.0,71666.0,718.4284301181324,516139.4092020042,-1,1,2724
XGBoost,H5,270,2024-08-29,2024-09-05,71666.0,0.003125610470795,0.0018030967330560088,71890.0,71795.22073047119,0.0,71666.0,94.77926952880807,8983.109932414447,1,1,2723
XGBoost,H6,270,2024-08-29,2024-09-06,71666.0,-0.0035860798705104,0.002140318276360631,71409.0,71819.38804959366,0.0,71666.0,410.388049593661,168418.35124928915,-1,1,2722
XGBoost,H7,270,2024-08-29,2024-09-09,71666.0,-0.0012976864901068,0.0025164999533444643,71573.0,71846.34748565638,0.0,71666.0,273.3474856563844,74718.84791466726,-1,1,2721
XGBoost,H1,271,2024-08-30,2024-09-02,71195.0,0.0005337453472855,0.00037646610871888697,71233.0,71221.80250461024,0.0,71195.0,11.197495389758842,125.38390300367053,1,1,2728
XGBoost,H2,271,2024-08-30,2024-09-03,71195.0,-0.00544982091439,0.0007409522077068686,70807.0,71247.75209242769,0.0,71195.0,440.7520924276905,194262.40697938745,-1,1,2727
XGBoost,H3,271,2024-08-30,2024-09-04,71195.0,-0.0019945220872252,0.0011123726144433022,71053.0,71274.19536828529,0.0,71195.0,221.1953682852909,48927.390950865476,-1,1,2726
XGBoost,H4,271,2024-08-30,2024-09-05,71195.0,0.0097619214832502,0.0014689932577311993,71890.0,71299.58497498417,0.0,71195.0,590.4150250158273,348589.90176443994,1,1,2725
XGBoost,H5,271,2024-08-30,2024-09-06,71195.0,0.0030058290610295,0.0018019602866843343,71409.0,71323.29056261049,0.0,71195.0,85.70943738950882,7346.107657626133,1,1,2724
XGBoost,H6,271,2024-08-30,2024-09-09,71195.0,0.0053093616124728,0.002141613280400634,71573.0,71347.47215749812,0.0,71195.0,225.52784250187688,50862.807743551384,1,1,2723
XGBoost,H7,271,2024-08-30,2024-09-10,71195.0,0.008792752300021,0.002514490159228444,71821.0,71374.01912688627,0.0,71195.0,446.9808731137309,199791.9009295132,1,1,2722
XGBoost,H1,272,2024-09-02,2024-09-03,71233.0,-0.0059803742647368,0.0003947272780351341,70807.0,71261.11760819628,0.0,71233.0,454.1176081962767,206222.80207390708,-1,1,2729
XGBoost,H2,272,2024-09-02,2024-09-04,71233.0,-0.0025269187034099,0.0007638072711415589,71053.0,71287.40828334523,0.0,71233.0,234.40828334522666,54947.24330085607,-1,1,2728
XGBoost,H3,272,2024-09-02,2024-09-05,71233.0,0.0092232532674463,0.0011114573571830988,71890.0,71312.17244192422,0.0,71233.0,577.8275580757763,333884.68687181466,1,1,2727
XGBoost,H4,272,2024-09-02,2024-09-06,71233.0,0.0024707649544453,0.00146654830314219,71409.0,71337.46663527773,0.0,71233.0,71.53336472227238,5117.022268489643,1,1,2726
XGBoost,H5,272,2024-09-02,2024-09-09,71233.0,0.0047730686619964,0.001799928373657167,71573.0,71361.21429784072,0.0,71233.0,211.78570215927903,44853.18363909885,1,1,2725
XGBoost,H6,272,2024-09-02,2024-09-10,71233.0,0.0082546010978057,0.0021405459847301245,71821.0,71385.47751213028,0.0,71233.0,435.52248786971904,189679.83744022957,1,1,2724
XGBoost,H7,272,2024-09-02,2024-09-11,71233.0,0.0090547920205523,0.0024845460429787636,71878.0,71409.9816682795,0.0,71233.0,468.01833172049373,219041.1588264341,1,1,2723
XGBoost,H1,273,2024-09-03,2024-09-04,70807.0,0.0034742327735959,0.0003924985649064183,71053.0,70834.79164588533,0.0,70807.0,218.20835411467124,47614.88580543376,1,1,2730
XGBoost,H2,273,2024-09-03,2024-09-05,70807.0,0.0152950979422938,0.0007615338545292616,71890.0,70860.92192763765,0.0,70807.0,1029.0780723623466,1059001.679017003,1,1,2729
XGBoost,H3,273,2024-09-03,2024-09-06,70807.0,0.0085019842670921,0.0011158494744449854,71409.0,70886.00995373703,0.0,70807.0,522.9900462629739,273518.5884901476,1,1,2728
XGBoost,H4,273,2024-09-03,2024-09-09,70807.0,0.0108181394494895,0.0014633609680458903,71573.0,70910.61620006443,0.0,70807.0,662.3837999355746,438752.29841709137,1,1,2727
XGBoost,H5,273,2024-09-03,2024-09-10,70807.0,0.0143206180179926,0.001795390504412353,71821.0,70934.12621544593,0.0,70807.0,886.8737845540745,786545.109729267,1,1,2726
XGBoost,H6,273,2024-09-03,2024-09-11,70807.0,0.01512562317285,0.0021361950784921646,71878.0,70958.2575649228,0.0,70807.0,919.7424350772053,845926.1468817472,1,1,2725
XGBoost,H7,273,2024-09-03,2024-09-12,70807.0,0.0264663098281243,0.0025109276175498962,72681.0,70984.79125181586,0.0,70807.0,1696.2087481841445,2877124.1174164223,1,1,2724
XGBoost,H1,274,2024-09-04,2024-09-05,71053.0,0.0117799389188353,0.0003937888250220567,71890.0,71080.97987738429,0.0,71053.0,809.0201226157078,654513.5587971349,1,1,2731
XGBoost,H2,274,2024-09-04,2024-09-06,71053.0,0.0050103443908069,0.0007601496181450784,71409.0,71107.01091081806,0.0,71053.0,301.98908918193774,91197.40998493634,1,1,2730
XGBoost,H3,274,2024-09-04,2024-09-09,71053.0,0.0073184805708415,0.0011052562622353435,71573.0,71131.53177320061,0.0,71053.0,441.46822679939214,194894.19527339953,1,1,2729
XGBoost,H4,274,2024-09-04,2024-09-10,71053.0,0.0108088328430888,0.0014597538392990828,71821.0,71156.71988954372,0.0,71053.0,664.2801104562823,441268.06514781056,1,1,2728
XGBoost,H5,274,2024-09-04,2024-09-11,71053.0,0.0116110509056619,0.0017932041082531214,71878.0,71180.41253150371,0.0,71053.0,697.587468496291,486628.2762030637,1,1,2727
XGBoost,H6,274,2024-09-04,2024-09-12,71053.0,0.0229124737871728,0.0021328162401914597,72681.0,71204.54299231432,0.0,71053.0,1476.4570076856762,2179925.295544141,1,1,2726
XGBoost,H7,274,2024-09-04,2024-09-13,71053.0,0.0325672385402446,0.0024781418032944202,73367.0,71229.07940954948,0.0,71053.0,2137.9205904505216,4570704.451072306,1,1,2725
XGBoost,H1,275,2024-09-05,2024-09-06,71890.0,-0.0066907775768535,0.00039805867709219456,71409.0,71918.61643829616,0.0,71890.0,509.61643829615787,259708.91418166168,-1,1,2732
XGBoost,H2,275,2024-09-05,2024-09-09,71890.0,-0.0044095145360968,0.0007679222035221756,71573.0,71945.20592721121,0.0,71890.0,372.2059272112092,138537.25225115597,-1,1,2731
XGBoost,H3,275,2024-09-05,2024-09-10,71890.0,-0.0009597996939768,0.0011030338937416673,71821.0,71969.29710662109,0.0,71890.0,148.29710662108846,21992.03183218648,-1,1,2730
XGBoost,H4,275,2024-09-05,2024-09-11,71890.0,-0.000166921685909,0.0014628530479967594,71878.0,71995.16450562049,0.0,71890.0,117.16450562048703,13727.521377293138,-1,1,2729
XGBoost,H5,275,2024-09-05,2024-09-12,71890.0,0.0110029211295035,0.001793685252778232,72681.0,72018.94803282223,0.0,71890.0,662.0519671777729,438312.8072439589,1,1,2728
XGBoost,H6,275,2024-09-05,2024-09-13,71890.0,0.0205452775073027,0.002134953159838915,73367.0,72043.48178266082,0.0,71890.0,1323.5182173391804,1751700.471628682,1,1,2727
XGBoost,H7,275,2024-09-05,2024-09-16,71890.0,0.0213103352343859,0.002478973474353552,73422.0,72068.21340307128,0.0,71890.0,1353.7865969287232,1832738.1500238532,1,1,2726
XGBoost,H1,276,2024-09-06,2024-09-09,71409.0,0.0022966292764217,0.00033034931402653456,71573.0,71432.58991416532,0.0,71409.0,140.4100858346792,19714.992204101978,1,1,2733
XGBoost,H2,276,2024-09-06,2024-09-10,71409.0,0.0057695808651569,0.0006233856547623873,71821.0,71453.51534622093,0.0,71409.0,367.4846537790727,135044.97076312493,1,1,2732
XGBoost,H3,276,2024-09-06,2024-09-11,71409.0,0.006567799577084,0.0009683457901701331,71878.0,71478.14860453026,0.0,71409.0,399.85139546974096,159881.1384590992,1,1,2731
XGBoost,H4,276,2024-09-06,2024-09-12,71409.0,0.0178128807293198,0.0013524856185540557,72681.0,71505.57964553533,0.0,71409.0,1175.4203544646734,1381613.0096898586,1,1,2730
XGBoost,H5,276,2024-09-06,2024-09-13,71409.0,0.0274195129465473,0.0017624091124162078,73367.0,71534.85187230853,0.0,71409.0,1832.148127691471,3356766.761803363,1,1,2729
XGBoost,H6,276,2024-09-06,2024-09-16,71409.0,0.0281897239843718,0.002132897265255451,73422.0,71561.30806081463,0.0,71409.0,1860.6919391853735,3462174.4925494255,1,1,2728
XGBoost,H7,276,2024-09-06,2024-09-17,71409.0,0.0225881891638308,0.0024779110681265593,73022.0,71585.94515146385,0.0,71409.0,1436.0548485361505,2062253.5280041862,1,1,2727
XGBoost,H1,277,2024-09-09,2024-09-10,71573.0,0.0034649937825717,0.00037797732511535287,71821.0,71600.05297109048,0.0,71573.0,220.94702890951885,48817.58958394376,1,1,2734
XGBoost,H2,277,2024-09-09,2024-09-11,71573.0,0.0042613834825981,0.0007407459779642522,71878.0,71626.01741188084,0.0,71573.0,251.98258811916457,63495.22471523254,1,1,2733
XGBoost,H3,277,2024-09-09,2024-09-12,71573.0,0.0154806980285862,0.0011083245044574142,72681.0,71652.32610975753,0.0,71573.0,1028.6738902424695,1058169.9724665761,1,1,2732
XGBoost,H4,277,2024-09-09,2024-09-13,71573.0,0.0250653179271513,0.0014666428323835135,73367.0,71677.97202744219,0.0,71573.0,1689.0279725578148,2852815.4920827625,1,1,2731
XGBoost,H5,277,2024-09-09,2024-09-16,71573.0,0.0258337641289312,0.0017952458001673222,73422.0,71701.49112765538,0.0,71573.0,1720.5088723446243,2960150.7798165707,1,1,2730
XGBoost,H6,277,2024-09-09,2024-09-17,71573.0,0.0202450644796221,0.002134063746780157,73022.0,71725.7413445483,0.0,71573.0,1296.2586554517038,1680286.501833459,1,1,2729
XGBoost,H7,277,2024-09-09,2024-09-18,71573.0,0.020342866723485,0.0024764053523540497,73029.0,71750.24376028404,0.0,71573.0,1278.7562397159636,1635217.5206125109,1,1,2728
XGBoost,H1,278,2024-09-10,2024-09-11,71821.0,0.0007936397432506,0.00037907916703261435,71878.0,71848.22584485545,0.0,71821.0,29.774155144550605,886.5003145717692,1,1,2735
XGBoost,H2,278,2024-09-10,2024-09-12,71821.0,0.0119742136700964,0.0007423824863508344,72681.0,71874.3186525522,0.0,71821.0,806.6813474477967,650734.796320193,1,1,2734
XGBoost,H3,278,2024-09-10,2024-09-13,71821.0,0.0215257375976385,0.001107564545236528,73367.0,71900.54639320343,0.0,71821.0,1466.4536067965673,2150486.180886661,1,1,2733
XGBoost,H4,278,2024-09-10,2024-09-16,71821.0,0.022291530332354,0.0014701422769576311,73422.0,71926.58708847337,0.0,71821.0,1495.412911526626,2236259.7759605404,1,1,2732
XGBoost,H5,278,2024-09-10,2024-09-17,71821.0,0.0167221286253325,0.0017998325638473034,73022.0,71950.26577456808,0.0,71821.0,1071.7342254319228,1148614.2499621636,1,1,2731
XGBoost,H6,278,2024-09-10,2024-09-18,71821.0,0.0168195931552053,0.002136198803782463,73029.0,71974.42393428646,0.0,71821.0,1054.5760657135397,1112130.678375848,1,1,2730
XGBoost,H7,278,2024-09-10,2024-09-19,71821.0,0.0213865025549631,0.0024787045549601316,73357.0,71999.02303984179,0.0,71821.0,1357.9769601582084,1844101.4243205283,1,1,2729
XGBoost,H1,279,2024-09-11,2024-09-12,71878.0,0.011171707615682,0.00038138721720315516,72681.0,71905.41335039813,0.0,71878.0,775.5866496018716,601534.6510406564,1,1,2736
XGBoost,H2,279,2024-09-11,2024-09-13,71878.0,0.0207156570856172,0.0007456046878360212,73367.0,71931.59257375228,0.0,71878.0,1435.4074262477225,2060394.4793271108,1,1,2735
XGBoost,H3,279,2024-09-11,2024-09-16,71878.0,0.0214808425387462,0.0011145840398967266,73422.0,71958.1140716197,0.0,71878.0,1463.885928380303,2142962.0113098617,1,1,2734
XGBoost,H4,279,2024-09-11,2024-09-17,71878.0,0.0159158574250812,0.0014693819684907794,73022.0,71983.61623713118,0.0,71878.0,1038.3837628688198,1078240.8389896094,1,1,2733
XGBoost,H5,279,2024-09-11,2024-09-18,71878.0,0.0160132446645704,0.001803502906113863,73029.0,72007.63218188565,0.0,71878.0,1021.3678181143478,1043192.2198796633,1,1,2732
XGBoost,H6,279,2024-09-11,2024-09-19,71878.0,0.0205765324577755,0.0021409508772194386,73357.0,72031.88726715278,0.0,71878.0,1325.1127328472212,1755923.754753831,1,1,2731
XGBoost,H7,279,2024-09-11,2024-09-20,71878.0,0.029202259383956,0.0024810051545500755,73977.0,72056.32968849875,0.0,71878.0,1920.6703115012497,3688974.4454823076,1,1,2730
XGBoost,H1,280,2024-09-12,2024-09-13,72681.0,0.0094385052489647,0.000300727755529806,73367.0,72702.85719399966,0.0,72681.0,664.1428060003382,441085.6667620028,1,1,2737
XGBoost,H2,280,2024-09-12,2024-09-16,72681.0,0.0101952367193627,0.0004281346336938441,73422.0,72712.1172533115,0.0,72681.0,709.8827466884977,503933.51404600585,1,1,2736
XGBoost,H3,280,2024-09-12,2024-09-17,72681.0,0.0046917351164679,0.00078999885590747,73022.0,72738.41790684621,0.0,72681.0,283.5820931537892,80418.80355748437,1,1,2735
XGBoost,H4,280,2024-09-12,2024-09-18,72681.0,0.0047880463945184,0.0012529570376500487,73029.0,72772.06617045344,0.0,72681.0,256.9338295465568,66014.9927654591,1,1,2734
XGBoost,H5,280,2024-09-12,2024-09-19,72681.0,0.0093009177088922,0.0016345666954293847,73357.0,72799.8019419905,0.0,72681.0,557.1980580094969,310469.67584955465,1,1,2733
XGBoost,H6,280,2024-09-12,2024-09-20,72681.0,0.0178313451933793,0.002005473244935274,73977.0,72826.75980091514,0.0,72681.0,1150.2401990848593,1323052.515590777,1,1,2732
XGBoost,H7,280,2024-09-12,2024-09-23,72681.0,0.02066564851887,0.0023554458748549223,74183.0,72852.19616163033,0.0,72681.0,1330.8038383696694,1771038.8562194451,1,1,2731
XGBoost,H1,281,2024-09-13,2024-09-16,73367.0,0.000749655839819,0.0002820403897203505,73422.0,73387.69245727261,0.0,73367.0,34.307542727387045,1177.0074879914878,1,1,2738
XGBoost,H2,281,2024-09-13,2024-09-17,73367.0,-0.0047023866315918,0.0004901384236291051,73022.0,73402.9599857264,0.0,73367.0,380.95998572639655,145130.51072465625,-1,1,2737
XGBoost,H3,281,2024-09-13,2024-09-18,73367.0,-0.0046069758883421,0.00045194593258202076,73029.0,73400.15791723575,0.0,73367.0,371.1579172357451,137758.1995267762,-1,1,2736
XGBoost,H4,281,2024-09-13,2024-09-19,73367.0,-0.0001363010617853,-5.5685081861156505e-06,73357.0,73366.59145525991,0.0,73367.0,9.591455259913346,91.99601400291938,-1,-1,2735
XGBoost,H5,281,2024-09-13,2024-09-20,73367.0,0.0083143647689014,-0.0013798901345580816,73977.0,73265.76160049788,0.0,73367.0,711.2383995021228,505860.0609263412,1,-1,2734
XGBoost,H6,281,2024-09-13,2024-09-23,73367.0,0.011122166641678,-0.0011221823515370488,74183.0,73284.66884741478,0.0,73367.0,898.3311525852187,806998.8597050874,1,-1,2733
XGBoost,H7,281,2024-09-13,2024-09-24,73367.0,0.0207041312851827,-0.002453962340950966,74886.0,73186.96014493145,0.0,73367.0,1699.0398550685495,2886736.429111358,1,-1,2732
XGBoost,H1,282,2024-09-16,2024-09-17,73422.0,-0.005447958377598,0.0002875170612242073,73022.0,73443.1100776692,0.0,73422.0,421.11007766920375,177333.6975145628,-1,1,2739
XGBoost,H2,282,2024-09-16,2024-09-18,73422.0,-0.00535261910599,0.000518248591106385,73029.0,73460.05084805621,0.0,73422.0,431.050848056213,185804.83360998041,-1,1,2738
XGBoost,H3,282,2024-09-16,2024-09-19,73422.0,-0.0008852932363596,6.161569763207808e-05,73357.0,73426.52394775154,0.0,73422.0,69.52394775154244,4833.579310959202,-1,1,2737
XGBoost,H4,282,2024-09-16,2024-09-20,73422.0,0.0075590422489171,-0.0007335498230531812,73977.0,73368.14130489179,0.0,73422.0,608.8586951082107,370708.91060887306,1,-1,2736
XGBoost,H5,282,2024-09-16,2024-09-23,73422.0,0.0103647408133802,-0.0017469122540205717,74183.0,73293.7382084853,0.0,73422.0,889.2617915146984,790786.533847931,1,-1,2735
XGBoost,H6,282,2024-09-16,2024-09-24,73422.0,0.0199395276620086,-0.002181367017328739,74886.0,73261.83967085369,0.0,73422.0,1624.1603291463107,2637896.7747726524,1,-1,2734
XGBoost,H7,282,2024-09-16,2024-09-25,73422.0,0.0237667184222711,-0.0053243981674313545,75167.0,73031.07203775086,0.0,73422.0,2135.927962249145,4562188.2599177845,1,-1,2733
XGBoost,H1,283,2024-09-17,2024-09-18,73022.0,9.586152118545854e-05,0.00019332801457494497,73029.0,73036.11719828029,0.0,73022.0,7.117198280291632,50.65451136098616,1,1,2740
XGBoost,H2,283,2024-09-17,2024-09-19,73022.0,0.0045876585138724,0.00014774600276723504,73357.0,73032.78870861407,0.0,73022.0,324.21129138593096,105112.96146213303,1,1,2739
XGBoost,H3,283,2024-09-17,2024-09-20,73022.0,0.0130782503902933,3.710084274644032e-05,73977.0,73024.70917773903,0.0,73022.0,952.2908222609694,906857.8101624732,1,1,2738
XGBoost,H4,283,2024-09-17,2024-09-23,73022.0,0.0158993180137492,-0.0005831365706399083,74183.0,72979.41820133873,0.0,73022.0,1203.5817986612674,1448609.1460686915,1,-1,2737
XGBoost,H5,283,2024-09-17,2024-09-24,73022.0,0.0255265536413684,-0.002067875349894166,74886.0,72870.99960620003,0.0,73022.0,2015.0003937999718,4060226.5870140414,1,-1,2736
XGBoost,H6,283,2024-09-17,2024-09-25,73022.0,0.0293747089918106,-0.002565990900620818,75167.0,72834.62621245487,0.0,73022.0,2332.3737875451334,5439967.484827631,1,-1,2735
XGBoost,H7,283,2024-09-17,2024-09-26,73022.0,0.0317301635123661,-0.004822134040296078,75339.0,72669.8781281095,0.0,73022.0,2669.1218718905,7124211.567004248,1,-1,2734
XGBoost,H1,284,2024-09-18,2024-09-19,73029.0,0.0044913664434675,0.00016911901184357703,73357.0,73041.35059231592,0.0,73029.0,315.6494076840754,99634.54857130765,1,1,2741
XGBoost,H2,284,2024-09-18,2024-09-20,73029.0,0.0129811444768517,-4.4219188566785306e-05,73977.0,73025.77071687815,0.0,73029.0,951.229283121851,904837.1490685106,1,-1,2740
XGBoost,H3,284,2024-09-18,2024-09-23,73029.0,0.0158019416943953,0.0002577067934907973,74183.0,73047.82006942184,0.0,73029.0,1135.1799305781606,1288633.4747874374,1,1,2739
XGBoost,H4,284,2024-09-18,2024-09-24,73029.0,0.0254282545290227,-0.0002525014278944582,74886.0,73010.5600732223,0.0,73029.0,1875.4399267777044,3517274.918951961,1,-1,2738
XGBoost,H5,284,2024-09-18,2024-09-25,73029.0,0.0292760410247983,-0.0012457008706405759,75167.0,72938.02771111799,0.0,73029.0,2228.9722888820106,4968317.464603909,1,-1,2737
XGBoost,H6,284,2024-09-18,2024-09-26,73029.0,0.0316312697695435,-0.0018602366326376796,75339.0,72893.1487789551,0.0,73029.0,2445.851221044897,5982188.195486814,1,-1,2736
XGBoost,H7,284,2024-09-18,2024-09-27,73029.0,0.0253187090060114,-0.004336442798376083,74878.0,72712.3139188774,0.0,73029.0,2165.686081122607,4690196.201968195,1,-1,2735
XGBoost,H1,285,2024-09-19,2024-09-20,73357.0,0.0084518178224299,0.0001478727936046198,73977.0,73367.84750452045,0.0,73357.0,609.1524954795459,371066.7627489582,1,1,2742
XGBoost,H2,285,2024-09-19,2024-09-23,73357.0,0.0112600024537534,-0.0008357461192645133,74183.0,73295.69217192911,0.0,73357.0,887.3078280708869,787315.1817558745,1,-1,2741
XGBoost,H3,285,2024-09-19,2024-09-24,73357.0,0.0208432733072507,-0.002324123866856098,74886.0,73186.50924549904,0.0,73357.0,1699.4907545009628,2888268.8246342517,1,-1,2740
XGBoost,H4,285,2024-09-19,2024-09-25,73357.0,0.0246738552558039,-0.0030836667865514755,75167.0,73130.79145553894,0.0,73357.0,2036.2085444610566,4146145.2365362146,1,-1,2739
XGBoost,H5,285,2024-09-19,2024-09-26,73357.0,0.0270185531033166,-0.004257025197148323,75339.0,73044.71740261279,0.0,73357.0,2294.2825973872095,5263732.636673801,1,-1,2738
XGBoost,H6,285,2024-09-19,2024-09-27,73357.0,0.020734217593413,-0.0037289124447852373,74878.0,73083.45816978789,0.0,73357.0,1794.5418302121107,3220380.380381032,1,-1,2737
XGBoost,H7,285,2024-09-19,2024-09-30,73357.0,0.0202707308096024,-0.0026787060778588057,74844.0,73160.49815824651,0.0,73357.0,1683.5018417534884,2834178.4511873876,1,-1,2736
XGBoost,H1,286,2024-09-20,2024-09-23,73977.0,0.0027846492828851,0.00012185359082650393,74183.0,73986.01436308857,0.0,73977.0,196.98563691142772,38803.34114940083,1,1,2743
XGBoost,H2,286,2024-09-20,2024-09-24,73977.0,0.0122876029036052,-0.0014966012677177787,74886.0,73866.28592801804,0.0,73977.0,1019.7140719819581,1039816.788598026,1,-1,2742
XGBoost,H3,286,2024-09-20,2024-09-25,73977.0,0.0160860808089,-0.0032201744616031647,75167.0,73738.78115385398,0.0,73977.0,1428.2188461460173,2039809.0724866611,1,-1,2741
XGBoost,H4,286,2024-09-20,2024-09-26,73977.0,0.0184111277829595,-0.0036801565438508987,75339.0,73704.75305935554,0.0,73977.0,1634.246940644458,2670763.0630057706,1,-1,2740
XGBoost,H5,286,2024-09-20,2024-09-27,73977.0,0.0121794611838814,-0.003801159095019102,74878.0,73695.80165362777,0.0,73977.0,1182.1983463722281,1397592.9301652305,1,-1,2739
XGBoost,H6,286,2024-09-20,2024-09-30,73977.0,0.0117198588750557,-0.004863270558416843,74844.0,73617.2298339,0.0,73977.0,1226.7701661000028,1504965.0404330285,1,-1,2738
XGBoost,H7,286,2024-09-20,2024-10-01,73977.0,0.022750314286873,-0.005548197776079178,75660.0,73566.56097311899,0.0,73977.0,2093.4390268810093,4382486.959268508,1,-1,2737
XGBoost,H1,287,2024-09-23,2024-09-24,74183.0,0.0094765647115915,4.103471292182803e-05,74886.0,74186.04407810868,0.0,74183.0,699.95592189132,489938.2925907277,1,1,2744
XGBoost,H2,287,2024-09-23,2024-09-25,74183.0,0.0132644945607485,-0.0013407301157712936,75167.0,74083.54061782174,0.0,74183.0,1083.4593821782619,1173884.232830101,1,-1,2743
XGBoost,H3,287,2024-09-23,2024-09-26,74183.0,0.0155830850733995,-0.003161091823130846,75339.0,73948.50072528468,0.0,74183.0,1390.4992747153156,1933488.2329838185,1,-1,2742
XGBoost,H4,287,2024-09-23,2024-09-27,74183.0,0.0093687232923984,-0.0033051585778594017,74878.0,73937.81342121866,0.0,74183.0,940.186578781344,883950.8029205684,1,-1,2741
XGBoost,H5,287,2024-09-23,2024-09-30,74183.0,0.0089103972608279,-0.004519729875028133,74844.0,73847.71287868079,0.0,74183.0,996.287121319212,992588.0281065223,1,-1,2740
XGBoost,H6,287,2024-09-23,2024-10-01,74183.0,0.0199102220185216,-0.005154767539352179,75660.0,73800.60387962824,0.0,74183.0,1859.3961203717627,3457353.9324535625,1,-1,2739
XGBoost,H7,287,2024-09-23,2024-10-03,74183.0,0.0221614116441772,-0.005586756393313408,75827.0,73768.55765047483,0.0,74183.0,2058.4423495251685,4237184.906318696,1,-1,2738
XGBoost,H1,288,2024-09-24,2024-09-25,74886.0,0.0037523702694761,0.00019514634914230555,75167.0,74900.61372950187,0.0,74886.0,266.3862704981293,70961.64510990251,1,1,2745
XGBoost,H2,288,2024-09-24,2024-09-26,74886.0,0.0060491947760596,-0.000611770199611783,75339.0,74840.18697683187,0.0,74886.0,498.813023168128,248814.43208212737,1,-1,2744
XGBoost,H3,288,2024-09-24,2024-09-27,74886.0,-0.0001068290468178,-0.0026512674521654844,74878.0,74687.45718557714,0.0,74886.0,190.54281442286447,36306.56412818617,-1,-1,2743
XGBoost,H4,288,2024-09-24,2024-09-30,74886.0,-0.0005608524957936,-0.003198365680873394,74844.0,74646.48718762212,0.0,74886.0,197.51281237788498,39011.311053421596,-1,-1,2742
XGBoost,H5,288,2024-09-24,2024-10-01,74886.0,0.010335710279625,-0.003908808808773756,75660.0,74593.28494354617,0.0,74886.0,1066.7150564538315,1137881.011665301,1,-1,2741
XGBoost,H6,288,2024-09-24,2024-10-03,74886.0,0.0125657666319471,-0.004986077547073364,75827.0,74512.61259680986,0.0,74886.0,1314.387403190136,1727614.245664909,1,-1,2740
XGBoost,H7,288,2024-09-24,2024-10-04,74886.0,0.0116577197339957,-0.005294899456202984,75759.0,74489.48615932278,0.0,74886.0,1269.5138406772166,1611665.3916710175,1,-1,2739
XGBoost,H1,289,2024-09-25,2024-09-26,75167.0,0.0022882381896311,0.00015566317597404122,75339.0,75178.70073394844,0.0,75167.0,160.29926605155924,25695.854696668575,1,1,2746
XGBoost,H2,289,2024-09-25,2024-09-27,75167.0,-0.0038447723069964,-0.00024540995946154,74878.0,75148.55326957715,0.0,75167.0,270.5532695771544,73199.07167888839,-1,-1,2745
XGBoost,H3,289,2024-09-25,2024-09-30,75167.0,-0.0042970984607606,-0.0020255937706679106,74844.0,75014.7421930402,0.0,75167.0,170.74219304020517,29152.896484178684,-1,-1,2744
XGBoost,H4,289,2024-09-25,2024-10-01,75167.0,0.0065587292295821,-0.0027842482086271048,75660.0,74957.71641490213,0.0,75167.0,702.2835850978736,493202.23389792227,1,-1,2743
XGBoost,H5,289,2024-09-25,2024-10-03,75167.0,0.0087804488671889,-0.003620942123234272,75827.0,74894.82464342285,0.0,75167.0,932.1753565771505,868950.8954097377,1,-1,2742
XGBoost,H6,289,2024-09-25,2024-10-04,75167.0,0.0078757965596605,-0.004595962353050709,75759.0,74821.53529780824,0.0,75167.0,937.4647021917626,878840.0678554901,1,-1,2741
XGBoost,H7,289,2024-09-25,2024-10-07,75167.0,0.0065188180983677,-0.003878361079841852,75657.0,74875.47523271153,0.0,75167.0,781.5247672884725,610780.961885301,1,-1,2740
XGBoost,H1,290,2024-09-26,2024-09-27,75339.0,-0.0061190087471296,-1.1919641110580415e-05,74878.0,75338.10198615838,0.0,75339.0,460.10198615837726,211693.83766688357,-1,-1,2747
XGBoost,H2,290,2024-09-26,2024-09-30,75339.0,-0.0065703022339027,-0.00047718777204863727,74844.0,75303.04915044163,0.0,75339.0,459.0491504416277,210726.12252118016,-1,-1,2746
XGBoost,H3,290,2024-09-26,2024-10-01,75339.0,0.0042607414486521,-0.0013801287859678268,75660.0,75235.02247739397,0.0,75339.0,424.9775226060301,180605.89472035883,1,-1,2745
XGBoost,H4,290,2024-09-26,2024-10-03,75339.0,0.0064773888689788,-0.0018495783442631364,75827.0,75199.65461712156,0.0,75339.0,627.3453828784404,393562.229418897,1,-1,2744
XGBoost,H5,290,2024-09-26,2024-10-04,75339.0,0.0055748018954326,-0.0034632745664566755,75759.0,75078.08035743772,0.0,75339.0,680.9196425622795,463651.55962714244,1,-1,2743
XGBoost,H6,290,2024-09-26,2024-10-07,75339.0,0.0042209214351132,-0.004105398431420326,75657.0,75029.70338757522,0.0,75339.0,627.296612424776,393501.03995959956,1,-1,2742
XGBoost,H7,290,2024-09-26,2024-10-08,75339.0,-0.0071676024369847,-0.003265690989792347,74799.0,75092.96610652003,0.0,75339.0,293.9661065200344,86416.0717825482,-1,-1,2741
XGBoost,H1,291,2024-09-27,2024-09-30,74878.0,-0.0004540719570501,-7.525776891270652e-05,74844.0,74872.36484877935,0.0,74878.0,28.36484877935436,804.5646462756406,-1,-1,2748
XGBoost,H2,291,2024-09-27,2024-10-01,74878.0,0.0104436550121531,-0.0008146899635903537,75660.0,74816.99764490628,0.0,74878.0,843.0023550937185,710652.9706935559,1,-1,2747
XGBoost,H3,291,2024-09-27,2024-10-03,74878.0,0.0126739496247227,-0.0015876208199188113,75827.0,74759.12212824612,0.0,74878.0,1067.8778717538808,1140363.1489815977,1,-1,2746
XGBoost,H4,291,2024-09-27,2024-10-04,74878.0,0.0117658057106226,-0.0012058797292411327,75759.0,74787.70613763388,0.0,74878.0,971.2938623661175,943411.7670700905,1,-1,2745
XGBoost,H5,291,2024-09-27,2024-10-07,74878.0,0.0104035898394723,-0.002458324423059821,75657.0,74693.92558385013,0.0,74878.0,963.0744161498733,927512.3310424193,1,-1,2744
XGBoost,H6,291,2024-09-27,2024-10-08,74878.0,-0.0010550495472635,-0.003150111995637417,74799.0,74642.12591399066,0.0,74878.0,156.8740860093385,24609.478861265332,-1,-1,2743
XGBoost,H7,291,2024-09-27,2024-10-09,74878.0,-0.004887951067069,-0.0029556292574852705,74512.0,74656.68839245802,0.0,74878.0,144.68839245801792,20934.730912085415,-1,-1,2742
XGBoost,H1,292,2024-09-30,2024-10-01,74844.0,0.0109026775693441,-8.457082731183618e-05,75660.0,74837.67038100067,0.0,74844.0,822.3296189993271,676226.0022835784,1,-1,2749
XGBoost,H2,292,2024-09-30,2024-10-03,74844.0,0.0131339853562075,-0.0009359868708997965,75827.0,74773.94699863438,0.0,74844.0,1053.0530013656244,1108920.6236851497,1,-1,2748
XGBoost,H3,292,2024-09-30,2024-10-04,74844.0,0.0122254288920955,-0.0018008422339335084,75759.0,74709.21776384348,0.0,74844.0,1049.7822361565195,1102042.7433497824,1,-1,2747
XGBoost,H4,292,2024-09-30,2024-10-07,74844.0,0.0108625941959275,-0.0014376097824424505,75657.0,74736.40353344288,0.0,74844.0,920.5964665571228,847497.8542374596,1,-1,2746
XGBoost,H5,292,2024-09-30,2024-10-08,74844.0,-0.0006012506012506,-0.0016842617187649012,74799.0,74717.94311592076,0.0,74844.0,81.05688407924026,6570.2184566353935,-1,-1,2745
XGBoost,H6,292,2024-09-30,2024-10-09,74844.0,-0.0044358933247822,-0.0017661405727267265,74512.0,74711.81497497484,0.0,74844.0,199.81497497484088,39926.024224196284,-1,-1,2744
XGBoost,H7,292,2024-09-30,2024-10-10,74844.0,-0.0001336112447223,-0.002391038928180933,74834.0,74665.04508245923,0.0,74844.0,168.95491754077375,28545.764161209656,-1,-1,2743
XGBoost,H1,293,2024-10-01,2024-10-03,75660.0,0.0022072429288924,0.00014619415742345154,75827.0,75671.06104995066,0.0,75660.0,155.93895004934166,24316.95614249107,1,1,2750
XGBoost,H2,293,2024-10-01,2024-10-04,75660.0,0.0013084853291038,-0.0006582046044059098,75759.0,75610.20023963065,0.0,75660.0,148.79976036935113,22141.368685976322,1,-1,2749
XGBoost,H3,293,2024-10-01,2024-10-07,75660.0,-3.965107057890549e-05,-0.00128742097876966,75657.0,75562.59372874629,0.0,75660.0,94.40627125371248,8912.544052029538,-1,-1,2748
XGBoost,H4,293,2024-10-01,2024-10-08,75660.0,-0.0113798572561458,-0.0012371087213978171,74799.0,75566.40035413904,0.0,75660.0,767.4003541390412,588903.3035327258,-1,-1,2747
XGBoost,H5,293,2024-10-01,2024-10-09,75660.0,-0.0151731430081945,-0.0017476124921813607,74512.0,75527.77563884156,0.0,75660.0,1015.7756388415582,1031800.1484639758,-1,-1,2746
XGBoost,H6,293,2024-10-01,2024-10-10,75660.0,-0.0109172614327253,-0.0009812575299292803,74834.0,75585.75805528555,0.0,75660.0,751.7580552855507,565140.173686713,-1,-1,2745
XGBoost,H7,293,2024-10-01,2024-10-11,75660.0,0.0010309278350515,-0.0009437068365514278,75738.0,75588.59914074652,0.0,75660.0,149.40085925348103,22320.61674567845,1,-1,2744
XGBoost,H1,294,2024-10-03,2024-10-04,75827.0,-0.0008967781924644,0.00020249455701559782,75759.0,75842.35455477482,0.0,75827.0,83.35455477482174,6947.981801708757,-1,1,2751
XGBoost,H2,294,2024-10-03,2024-10-07,75827.0,-0.002241945481161,-0.00011270039976807311,75657.0,75818.45426678678,0.0,75827.0,161.45426678677904,26067.480263656424,-1,-1,2750
XGBoost,H3,294,2024-10-03,2024-10-08,75827.0,-0.0135571762037268,-0.0012403973378241062,74799.0,75732.94439106481,0.0,75827.0,933.9443910648115,872252.1256014216,-1,-1,2749
XGBoost,H4,294,2024-10-03,2024-10-09,75827.0,-0.0173421076925105,-0.000850524811539799,74512.0,75762.50725511537,0.0,75827.0,1250.5072551153717,1563768.3950961812,-1,-1,2748
XGBoost,H5,294,2024-10-03,2024-10-10,75827.0,-0.0130955991928995,-0.0015525713097304106,74834.0,75709.27317529707,0.0,75827.0,875.2731752970722,766103.1313946192,-1,-1,2747
XGBoost,H6,294,2024-10-03,2024-10-11,75827.0,-0.0011737243989607,-0.0005302716745063663,75738.0,75786.7910897372,0.0,75827.0,48.791089737205766,2380.5704377440657,-1,-1,2746
XGBoost,H7,294,2024-10-03,2024-10-14,75827.0,-0.0036134885990478,0.00027950727962888777,75553.0,75848.19419849242,0.0,75827.0,295.1941984924197,87139.61482358206,-1,1,2745
XGBoost,H1,295,2024-10-04,2024-10-07,75759.0,-0.0013463746881559,0.00023139457334764302,75657.0,75776.53022148224,0.0,75759.0,119.53022148224409,14287.473847594327,-1,1,2752
XGBoost,H2,295,2024-10-04,2024-10-08,75759.0,-0.0126717617708786,2.4672181098139845e-05,74799.0,75760.86913976782,0.0,75759.0,961.8691397678194,925192.242037685,-1,1,2751
XGBoost,H3,295,2024-10-04,2024-10-09,75759.0,-0.0164600905502976,-0.0004012392892036587,74512.0,75728.60251268922,0.0,75759.0,1216.60251268922,1480121.6738817238,-1,-1,2750
XGBoost,H4,295,2024-10-04,2024-10-10,75759.0,-0.0122097704563154,-0.0007902964716777205,74834.0,75699.12792960217,0.0,75759.0,865.1279296021676,748446.334577733,-1,-1,2749
XGBoost,H5,295,2024-10-04,2024-10-11,75759.0,-0.0002771947887379,-0.000831774203106761,75738.0,75695.98561814683,0.0,75759.0,42.014381853165105,1765.2082825035693,-1,-1,2748
XGBoost,H6,295,2024-10-04,2024-10-14,75759.0,-0.002719148880001,-0.00045960352872498333,75553.0,75724.18089626732,0.0,75759.0,171.180896267324,29302.899246884335,-1,-1,2747
XGBoost,H7,295,2024-10-04,2024-10-15,75759.0,0.0010427803957284,0.0008393792086280882,75838.0,75822.59052946646,0.0,75759.0,15.409470533544663,237.45178212418125,1,1,2746
XGBoost,H1,296,2024-10-07,2024-10-08,75657.0,-0.0113406558547126,0.00029881566297262907,74799.0,75679.60749661352,0.0,75657.0,880.6074966135202,775469.5630919309,-1,1,2753
XGBoost,H2,296,2024-10-07,2024-10-09,75657.0,-0.0151340920205664,8.273172716144472e-05,74512.0,75663.25923428185,0.0,75657.0,1151.2592342818534,1325397.8245192394,-1,1,2752
XGBoost,H3,296,2024-10-07,2024-10-10,75657.0,-0.0108780416881452,-0.0005603479803539813,74834.0,75614.60575285036,0.0,75657.0,780.6057528503588,609345.3413830755,-1,-1,2751
XGBoost,H4,296,2024-10-07,2024-10-11,75657.0,0.0010706213569133,-8.3510996773839e-05,75738.0,75650.68180851708,0.0,75657.0,87.31819148291834,7624.466563847593,1,-1,2750
XGBoost,H5,296,2024-10-07,2024-10-14,75657.0,-0.0013746249520864,-0.0006499272421933711,75553.0,75607.82845463738,0.0,75657.0,54.828454637376126,3006.159437922812,-1,-1,2749
XGBoost,H6,296,2024-10-07,2024-10-15,75657.0,0.0023923761185349,0.00030040377168916166,75838.0,75679.72764815469,0.0,75657.0,158.2723518453131,25050.137358646585,1,1,2748
XGBoost,H7,296,2024-10-07,2024-10-16,75657.0,0.0066880790938048,0.0006628406699746847,76163.0,75707.14853656827,0.0,75657.0,455.8514634317253,207800.55671284557,1,1,2747
XGBoost,H1,297,2024-10-08,2024-10-09,74799.0,-0.0038369496918407,0.0002709142572712153,74512.0,74819.26411552963,0.0,74799.0,307.26411552962963,94411.23669220558,-1,1,2754
XGBoost,H2,297,2024-10-08,2024-10-10,74799.0,0.0004679206941269,0.0002516679815016687,74834.0,74817.82451334834,0.0,74799.0,16.175486651656684,261.64636841792355,1,1,2753
XGBoost,H3,297,2024-10-08,2024-10-11,74799.0,0.0125536437652908,-0.0004009643162135035,75738.0,74769.00827011155,0.0,74799.0,968.9917298884538,938944.9725922183,1,-1,2752
XGBoost,H4,297,2024-10-08,2024-10-14,74799.0,0.0100803486677629,0.00021216575987637043,75553.0,74814.86978667299,0.0,74799.0,738.1302133270074,544836.2118261734,1,1,2751
XGBoost,H5,297,2024-10-08,2024-10-15,74799.0,0.0138905600342249,-6.697206117678434e-06,75838.0,74798.4990556796,0.0,74799.0,1039.5009443204035,1080562.2132430107,1,-1,2750
XGBoost,H6,297,2024-10-08,2024-10-16,74799.0,0.0182355379082608,-4.8567409976385534e-05,76163.0,74795.36720630118,0.0,74799.0,1367.6327936988237,1870419.4584004492,1,-1,2749
XGBoost,H7,297,2024-10-08,2024-10-17,74799.0,0.0232757122421423,0.0011832746677100658,76540.0,74887.50776187005,0.0,74799.0,1652.4922381299548,2730730.5970797474,1,1,2748
XGBoost,H1,298,2024-10-09,2024-10-10,74512.0,0.0043214515782692,0.0002513606450520456,74834.0,74530.72938438412,0.0,74512.0,303.270615615882,91973.06629603604,1,1,2755
XGBoost,H2,298,2024-10-09,2024-10-11,74512.0,0.0164537255744041,0.00037399877328425646,75738.0,74539.86739659496,0.0,74512.0,1198.1326034050435,1435521.7353421473,1,1,2754
XGBoost,H3,298,2024-10-09,2024-10-14,74512.0,0.0139709040154605,-0.00028382905293256044,75553.0,74490.85132960789,0.0,74512.0,1062.148670392111,1128159.798015729,1,-1,2753
XGBoost,H4,298,2024-10-09,2024-10-15,74512.0,0.017795791281941,0.0004391735710669309,75838.0,74544.72370112734,0.0,74512.0,1293.2762988726608,1672563.585225768,1,1,2752
XGBoost,H5,298,2024-10-09,2024-10-16,74512.0,0.0221575048314366,0.0006644765380769968,76163.0,74561.5114758052,0.0,74512.0,1601.4885241948068,2564765.4931276604,1,1,2751
XGBoost,H6,298,2024-10-09,2024-10-17,74512.0,0.0272170925488512,0.0005730653647333384,76540.0,74554.70024645701,0.0,74512.0,1985.2997535429895,3941415.1114178547,1,1,2750
XGBoost,H7,298,2024-10-09,2024-10-18,74512.0,0.0355244792785054,0.00039250781992450356,77159.0,74541.24654267821,0.0,74512.0,2617.7534573217854,6852633.1633201605,1,1,2749
XGBoost,H1,299,2024-10-10,2024-10-11,74834.0,0.0120800705561643,0.0002844737027771771,75738.0,74855.28830507363,0.0,74834.0,882.7116949263727,779179.9363597897,1,1,2756
XGBoost,H2,299,2024-10-10,2024-10-14,74834.0,0.0096079322233209,0.00037449179217219353,75553.0,74862.02471877541,0.0,74834.0,690.9752812245861,477446.8392633958,1,1,2755
XGBoost,H3,299,2024-10-10,2024-10-15,74834.0,0.0134163615468905,7.96097592683509e-05,75838.0,74839.95751672509,0.0,74834.0,998.0424832749122,996088.7984215535,1,1,2754
XGBoost,H4,299,2024-10-10,2024-10-16,74834.0,0.0177593072667503,0.000544942042324692,76163.0,74874.78019279533,0.0,74834.0,1288.219807204674,1659510.2716744475,1,1,2753
XGBoost,H5,299,2024-10-10,2024-10-17,74834.0,0.0227971243017879,0.0010019303299486637,76540.0,74908.97845431138,0.0,74834.0,1631.0215456886217,2660231.282500501,1,1,2752
XGBoost,H6,299,2024-10-10,2024-10-18,74834.0,0.0310687655343828,0.0007466625538654625,77159.0,74889.87574555597,0.0,74834.0,2269.124254444032,5148924.882106184,1,1,2751
XGBoost,H7,299,2024-10-10,2024-10-21,74834.0,0.0357324210920169,0.0013942922232672572,77508.0,74938.34046423598,0.0,74834.0,2569.659535764018,6603150.129742949,1,1,2750
XGBoost,H1,300,2024-10-11,2024-10-14,75738.0,-0.0024426311758958,0.00029645051108673215,75553.0,75760.45256880869,0.0,75738.0,207.45256880868692,43036.56830532298,-1,1,2757
XGBoost,H2,300,2024-10-11,2024-10-15,75738.0,0.0013203411761599,0.0006093818228691816,75838.0,75784.15336050047,0.0,75738.0,53.84663949953392,2899.460585392767,1,1,2756
XGBoost,H3,300,2024-10-11,2024-10-16,75738.0,0.0056114499986796,0.00021913771342951804,76163.0,75754.59705213972,0.0,75738.0,408.40294786027516,166792.96782096263,1,1,2755
XGBoost,H4,300,2024-10-11,2024-10-17,75738.0,0.0105891362328025,0.0008307987591251731,76540.0,75800.92303641862,0.0,75738.0,739.0769635813776,546234.758096669,1,1,2754
XGBoost,H5,300,2024-10-11,2024-10-18,75738.0,0.0187620481132324,0.0009853828232735395,77159.0,75812.63092426909,0.0,75738.0,1346.3690757309087,1812709.6880845013,1,1,2753
XGBoost,H6,300,2024-10-11,2024-10-21,75738.0,0.0233700388180306,0.0010105418041348457,77508.0,75814.53641516156,0.0,75738.0,1693.463584838435,2867818.9131738436,1,1,2752
XGBoost,H7,300,2024-10-11,2024-10-22,75738.0,0.0330481396392827,0.0015663264784961939,78241.0,75856.63043482834,0.0,75738.0,2384.3695651716553,5685218.223316869,1,1,2751
XGBoost,H1,301,2024-10-14,2024-10-15,75553.0,0.0037721864121875,0.0002992398804053664,75838.0,75575.60847068427,0.0,75553.0,262.39152931573335,68849.31465664935,1,1,2758
XGBoost,H2,301,2024-10-14,2024-10-16,75553.0,0.0080738024962609,0.0005950945196673274,76163.0,75597.96117624443,0.0,75553.0,565.0388237555744,319268.8723510831,1,1,2757
XGBoost,H3,301,2024-10-14,2024-10-17,75553.0,0.0130636771537859,0.0008349029812961817,76540.0,75616.07942494587,0.0,75553.0,923.9205750541296,853629.2290083535,1,1,2756
XGBoost,H4,301,2024-10-14,2024-10-18,75553.0,0.0212566013262214,0.0009640964563004673,77159.0,75625.84037956287,0.0,75553.0,1533.1596204371308,2350578.421738927,1,1,2755
XGBoost,H5,301,2024-10-14,2024-10-21,75553.0,0.0258758752134262,0.0008556692628189921,77508.0,75617.64837981376,0.0,75553.0,1890.3516201862367,3573429.24794073,1,1,2754
XGBoost,H6,301,2024-10-14,2024-10-22,75553.0,0.0355776739507365,0.0010430454276502132,78241.0,75631.80521119526,0.0,75553.0,2609.1947888047434,6807897.44592583,1,1,2753
XGBoost,H7,301,2024-10-14,2024-10-23,75553.0,0.0255317459267003,0.0017657673452049494,77482.0,75686.40902023227,0.0,75553.0,1795.5909797677305,3224146.9666232383,1,1,2752
XGBoost,H1,302,2024-10-15,2024-10-16,75838.0,0.0042854505656795,0.00030343272374011576,76163.0,75861.011730903,0.0,75838.0,301.9882690969971,91196.91467220034,1,1,2759
XGBoost,H2,302,2024-10-15,2024-10-17,75838.0,0.0092565732218676,0.0005402704700827599,76540.0,75878.97303191014,0.0,75838.0,661.0269680898637,436956.65254207765,1,1,2758
XGBoost,H3,302,2024-10-15,2024-10-18,75838.0,0.0174187082992693,0.0006928739603608847,77159.0,75890.54617540585,0.0,75838.0,1268.4538245941512,1608975.1051275297,1,1,2757
XGBoost,H4,302,2024-10-15,2024-10-21,75838.0,0.0220206229067221,0.0011505254078656435,77508.0,75925.25354588171,0.0,75838.0,1582.7464541182853,2505086.3380240053,1,1,2756
XGBoost,H5,302,2024-10-15,2024-10-22,75838.0,0.0316859621825469,0.0011187518248334527,78241.0,75922.84390089172,0.0,75838.0,2318.1560991082806,5373847.699832921,1,1,2755
XGBoost,H6,302,2024-10-15,2024-10-23,75838.0,0.0216777868614679,0.0010465760715305805,77482.0,75917.37023611274,0.0,75838.0,1564.6297638872638,2448066.298041915,1,1,2754
XGBoost,H7,302,2024-10-15,2024-10-24,75838.0,0.0268203275402831,0.001625806326046586,77872.0,75961.29790015472,0.0,75838.0,1910.702099845279,3650782.5143531584,1,1,2753
XGBoost,H1,303,2024-10-16,2024-10-17,76163.0,0.0049499100613159,0.0003341153496876359,76540.0,76188.44722737826,0.0,76163.0,351.5527726217406,123589.35193803324,1,1,2760
XGBoost,H2,303,2024-10-16,2024-10-18,76163.0,0.0130772159710095,0.0006121734622865915,77159.0,76209.62496740813,0.0,76163.0,949.3750325918663,901312.9525088073,1,1,2759
XGBoost,H3,303,2024-10-16,2024-10-21,76163.0,0.017659493454827,0.0007093622698448598,77508.0,76217.0271585582,0.0,76163.0,1290.972841441806,1666610.8773403303,1,1,2758
XGBoost,H4,303,2024-10-16,2024-10-22,76163.0,0.0272835891443352,0.001355038140900433,78241.0,76266.2037699254,0.0,76163.0,1974.7962300746003,3899820.1503168535,1,1,2757
XGBoost,H5,303,2024-10-16,2024-10-23,76163.0,0.0173181203471501,0.0014619571156799793,77482.0,76274.34703980153,0.0,76163.0,1207.6529601984657,1458425.6722761171,1,1,2756
XGBoost,H6,303,2024-10-16,2024-10-24,76163.0,0.0224387169623045,0.0016007012454792857,77872.0,76284.91420895944,0.0,76163.0,1587.0857910405612,2518841.308122844,1,1,2755
XGBoost,H7,303,2024-10-16,2024-10-25,76163.0,0.0242374906450639,0.0018753450131043792,78009.0,76305.83190223307,0.0,76163.0,1703.1680977669312,2900781.569251027,1,1,2754
XGBoost,H1,304,2024-10-17,2024-10-18,76540.0,0.0080872746276456,0.0003343914868310094,77159.0,76565.59432440205,0.0,76540.0,593.4056755979545,352130.2958318649,1,1,2761
XGBoost,H2,304,2024-10-17,2024-10-21,76540.0,0.0126469819702117,0.0007232110947370529,77508.0,76595.35457719117,0.0,76540.0,912.645422808826,832921.6677739007,1,1,2760
XGBoost,H3,304,2024-10-17,2024-10-22,76540.0,0.0222236738960019,0.0009415401145815849,78241.0,76612.06548037007,0.0,76540.0,1628.9345196299255,2653427.669241976,1,1,2759
XGBoost,H4,304,2024-10-17,2024-10-23,76540.0,0.0123072903057224,0.001245124381966889,77482.0,76635.30182019575,0.0,76540.0,846.6981798042543,716897.8076838374,1,1,2758
XGBoost,H5,304,2024-10-17,2024-10-24,76540.0,0.0174026652730598,0.0015865633031353354,77872.0,76661.43555522198,0.0,76540.0,1210.5644447780214,1465466.2749607193,1,1,2757
XGBoost,H6,304,2024-10-17,2024-10-25,76540.0,0.0191925790436373,0.001964166294783354,78009.0,76690.33728820272,0.0,76540.0,1318.662711797282,1738871.3474845618,1,1,2756
XGBoost,H7,304,2024-10-17,2024-10-28,76540.0,0.0211523386464593,0.002233832608908415,78159.0,76710.97754788585,0.0,76540.0,1448.02245211415,2096769.0218266756,1,1,2755
XGBoost,H1,305,2024-10-18,2024-10-21,77159.0,0.0045231275677497,0.0003380332491360605,77508.0,77185.08230747009,0.0,77159.0,322.9176925299107,104275.83614884195,1,1,2762
XGBoost,H2,305,2024-10-18,2024-10-22,77159.0,0.0140229914851151,0.0007435539155267179,78241.0,77216.37187656813,0.0,77159.0,1024.628123431874,1049862.7913275235,1,1,2761
XGBoost,H3,305,2024-10-18,2024-10-23,77159.0,0.0041861610440778,0.000995348091237247,77482.0,77235.80006337177,0.0,77159.0,246.19993662822526,60614.408795742136,1,1,2760
XGBoost,H4,305,2024-10-18,2024-10-24,77159.0,0.0092406588991562,0.0014835813781246543,77872.0,77273.47165555472,0.0,77159.0,598.5283444452798,358236.1791044075,1,1,2759
XGBoost,H5,305,2024-10-18,2024-10-25,77159.0,0.0110162132738889,0.0016979834763333201,78009.0,77290.0147070504,0.0,77159.0,718.9852929495974,516939.85147781833,1,1,2758
XGBoost,H6,305,2024-10-18,2024-10-28,77159.0,0.0129602509104576,0.0020635256078094244,78159.0,77318.21957237297,0.0,77159.0,840.7804276270326,706911.7274806958,1,1,2757
XGBoost,H7,305,2024-10-18,2024-10-29,77159.0,0.0221101880532406,0.0024930553045123816,78865.0,77351.36165424087,0.0,77159.0,1513.6383457591292,2291101.041752433,1,1,2756
XGBoost,H1,306,2024-10-21,2024-10-22,77508.0,0.0094570883005624,0.0004011817800346762,78241.0,77539.09479740693,0.0,77508.0,701.9052025930723,492670.9134272219,1,1,2763
XGBoost,H2,306,2024-10-21,2024-10-23,77508.0,-0.000335449243949,0.0007494469755329192,77482.0,77566.0881361796,0.0,77508.0,84.0881361796055,7070.814646159879,-1,1,2762
XGBoost,H3,306,2024-10-21,2024-10-24,77508.0,0.0046962894152862,0.0011582153383642435,77872.0,77597.77095444594,0.0,77508.0,274.2290455540642,75201.56942549303,1,1,2761
XGBoost,H4,306,2024-10-21,2024-10-25,77508.0,0.0064638488930175,0.001466043759137392,78009.0,77621.63011968322,0.0,77508.0,387.369880316779,150055.4241766357,1,1,2760
XGBoost,H5,306,2024-10-21,2024-10-28,77508.0,0.0083991329927233,0.001848061103373766,78159.0,77651.2395200003,0.0,77508.0,507.76047999970615,257820.705049532,1,1,2759
XGBoost,H6,306,2024-10-21,2024-10-29,77508.0,0.0175078701553388,0.0020753827411681414,78865.0,77668.85876550246,0.0,77508.0,1196.1412344975397,1430753.8528652983,1,1,2758
XGBoost,H7,306,2024-10-21,2024-10-30,77508.0,0.02256541260257,0.0025040435139089823,79257.0,77702.08340467606,0.0,77508.0,1554.9165953239426,2417765.6184138013,1,1,2757
XGBoost,H1,307,2024-10-22,2024-10-23,78241.0,-0.0097007962577165,0.00040453049587085843,77482.0,78272.65087052743,0.0,78241.0,790.6508705274318,625128.7990657858,-1,1,2764
XGBoost,H2,307,2024-10-22,2024-10-24,78241.0,-0.0047161973901151,0.0007539616199210286,77872.0,78299.99071110424,0.0,78241.0,427.9907111042412,183176.04879151404,-1,1,2763
XGBoost,H3,307,2024-10-22,2024-10-25,78241.0,-0.0029651972750859,0.0011655305279418826,78009.0,78332.1922740367,0.0,78241.0,323.19227403670084,104453.24599701393,-1,1,2762
XGBoost,H4,307,2024-10-22,2024-10-28,78241.0,-0.0010480438644699,0.0015612184070050716,78159.0,78363.15128938248,0.0,78241.0,204.1512893824838,41677.748956530646,-1,1,2761
XGBoost,H5,307,2024-10-22,2024-10-29,78241.0,0.0079753581881623,0.0018589301034808159,78865.0,78386.44455022644,0.0,78241.0,478.5554497735575,229015.3185079719,1,1,2760
XGBoost,H6,307,2024-10-22,2024-10-30,78241.0,0.0129855191012384,0.0021057352423667908,79257.0,78405.75483109802,0.0,78241.0,851.2451689019799,724618.3375789603,1,1,2759
XGBoost,H7,307,2024-10-22,2024-10-31,78241.0,0.0010863869326822,0.0025116095785051584,78326.0,78437.51084503182,0.0,78241.0,111.5108450318221,12434.668559711043,1,1,2758
XGBoost,H1,308,2024-10-23,2024-10-24,77482.0,0.0050334271185565,0.00040064999484457076,77872.0,77513.04316290055,0.0,77482.0,358.95683709945297,128850.01090044322,1,1,2765
XGBoost,H2,308,2024-10-23,2024-10-25,77482.0,0.0068015797217417,0.0007584801060147583,78009.0,77540.76855557424,0.0,77482.0,468.2314444257645,219240.6855490378,1,1,2764
XGBoost,H3,308,2024-10-23,2024-10-28,77482.0,0.0087375132288789,0.0011666594073176384,78159.0,77572.39510419779,0.0,77482.0,586.6048958022147,344105.3037791272,1,1,2763
XGBoost,H4,308,2024-10-23,2024-10-29,77482.0,0.0178493069358045,0.0015649610431864858,78865.0,77603.25631154818,0.0,77482.0,1261.7436884518247,1591997.1353480152,1,1,2762
XGBoost,H5,308,2024-10-23,2024-10-30,77482.0,0.0229085465011229,0.0018645921954885125,79257.0,77626.47233249084,0.0,77482.0,1630.527667509159,2658620.474512859,1,1,2761
XGBoost,H6,308,2024-10-23,2024-10-31,77482.0,0.0108928525334917,0.0021889330819249153,78326.0,77651.6029130537,0.0,77482.0,674.3970869462937,454811.43088164687,1,1,2760
XGBoost,H7,308,2024-10-23,2024-11-01,77482.0,0.0173846828940915,0.0025992447044700384,78829.0,77683.39467819175,0.0,77482.0,1145.6053218082525,1312411.5533553897,1,1,2759
XGBoost,H1,309,2024-10-24,2024-10-25,77872.0,0.0017592973084035,0.00040235932101495564,78009.0,77903.33252504608,0.0,77872.0,105.66747495392337,11165.615263138023,1,1,2766
XGBoost,H2,309,2024-10-24,2024-10-28,77872.0,0.0036855352373124,0.000752254156395793,78159.0,77930.57953566685,0.0,77872.0,228.4204643331468,52175.908526170395,1,1,2765
XGBoost,H3,309,2024-10-24,2024-10-29,77872.0,0.0127516950893773,0.0011550163617357612,78865.0,77961.94343412109,0.0,77872.0,903.0565658789128,815511.1611770152,1,1,2764
XGBoost,H4,309,2024-10-24,2024-10-30,77872.0,0.0177855968769262,0.0015676456969231367,79257.0,77994.0757057108,0.0,77872.0,1262.9242942892015,1594977.7731058777,1,1,2763
XGBoost,H5,309,2024-10-24,2024-10-31,77872.0,0.0058300801314978,0.0018754656193777919,78326.0,78018.04625871219,0.0,77872.0,307.9537412878126,94835.506773161,1,1,2762
XGBoost,H6,309,2024-10-24,2024-11-01,77872.0,0.0122893979864393,0.0022540194913744926,78829.0,78047.52500583231,0.0,77872.0,781.4749941676855,610703.166509384,1,1,2761
XGBoost,H7,309,2024-10-24,2024-11-04,77872.0,0.0067931990959524,0.002594336401671171,78401.0,78074.02616427094,0.0,77872.0,326.97383572906256,106911.889251376,1,1,2760
XGBoost,H1,310,2024-10-25,2024-10-28,78009.0,0.0019228550551859,0.0004029978299513459,78159.0,78040.43745771667,0.0,78009.0,118.56254228332546,14057.076432685337,1,1,2767
XGBoost,H2,310,2024-10-25,2024-10-29,78009.0,0.0109730928482612,0.0007816153229214251,78865.0,78069.97302972578,0.0,78009.0,795.0269702742225,632067.8834634095,1,1,2766
XGBoost,H3,310,2024-10-25,2024-10-30,78009.0,0.0159981540591469,0.0011808534618467093,79257.0,78101.1171977052,0.0,78009.0,1155.8828022948,1336065.0526408798,1,1,2765
XGBoost,H4,310,2024-10-25,2024-10-31,78009.0,0.0040636336832928,0.0015695786569267511,78326.0,78131.4412614482,0.0,78009.0,194.55873855180107,37853.102746868084,1,1,2764
XGBoost,H5,310,2024-10-25,2024-11-01,78009.0,0.0105116076350164,0.0019471643026918173,78829.0,78160.89634008869,0.0,78009.0,668.103659911314,446362.50038689276,1,1,2763
XGBoost,H6,310,2024-10-25,2024-11-04,78009.0,0.0050250612108859,0.0022667141165584326,78401.0,78185.8241015186,0.0,78009.0,215.17589848139323,46300.667287274846,1,1,2762
XGBoost,H7,310,2024-10-25,2024-11-05,78009.0,0.0061659552102961,0.002621716121211648,78490.0,78213.5174528996,0.0,78009.0,276.48254710040055,76442.5988511252,1,1,2761
XGBoost,H1,311,2024-10-28,2024-10-29,78159.0,0.0090328688954566,0.0004305401525925845,78865.0,78192.65058778648,0.0,78159.0,672.3494122135162,452053.7321038607,1,1,2768
XGBoost,H2,311,2024-10-28,2024-10-30,78159.0,0.0140482861858519,0.0007828327361494303,79257.0,78220.1854238247,0.0,78159.0,1036.8145761752967,1074984.46536956,1,1,2767
XGBoost,H3,311,2024-10-28,2024-10-31,78159.0,0.0021366701211633,0.0012216389877721667,78326.0,78254.48208164528,0.0,78159.0,71.51791835471522,5114.812645791712,1,1,2766
XGBoost,H4,311,2024-10-28,2024-11-01,78159.0,0.0085722693483796,0.0015687458217144012,78829.0,78281.61160467938,0.0,78159.0,547.3883953206241,299634.05533168785,1,1,2765
XGBoost,H5,311,2024-10-28,2024-11-04,78159.0,0.0030962525109072,0.0019497325411066413,78401.0,78311.38914568035,0.0,78159.0,89.61085431964602,8030.105211896823,1,1,2764
XGBoost,H6,311,2024-10-28,2024-11-05,78159.0,0.0042349569467368,0.0023029777221381664,78490.0,78338.9984357846,0.0,78159.0,151.00156421540305,22801.47239549849,1,1,2763
XGBoost,H7,311,2024-10-28,2024-11-06,78159.0,-0.018807814838982,0.0027139123994857073,76689.0,78371.1166792314,0.0,78159.0,1682.1166792314034,2829516.522548484,-1,1,2762
XGBoost,H1,312,2024-10-29,2024-10-30,78865.0,0.0049705192417421,0.00043387175537645817,79257.0,78899.21729598776,0.0,78865.0,357.7827040122356,128008.463290307,1,1,2769
XGBoost,H2,312,2024-10-29,2024-10-31,78865.0,-0.0068344639573955,0.0008180742734111845,78326.0,78929.51742757257,0.0,78865.0,603.5174275725731,364233.285383816,-1,1,2768
XGBoost,H3,312,2024-10-29,2024-11-01,78865.0,-0.0004564762568947,0.001225883956067264,78829.0,78961.67933819524,0.0,78865.0,132.67933819524478,17603.80678392814,-1,1,2767
XGBoost,H4,312,2024-10-29,2024-11-04,78865.0,-0.0058834717555316,0.0015749881276860833,78401.0,78989.21143868996,0.0,78865.0,588.211438689963,345992.6966057161,-1,1,2766
XGBoost,H5,312,2024-10-29,2024-11-05,78865.0,-0.0047549610093197,0.0019520529313012958,78490.0,79018.94865442708,0.0,78865.0,528.9486544270767,279786.679020215,-1,1,2765
XGBoost,H6,312,2024-10-29,2024-11-06,78865.0,-0.0275914537500792,0.002350088208913803,76689.0,79050.33970659599,0.0,78865.0,2361.339706595987,5575925.209946822,-1,1,2764
XGBoost,H7,312,2024-10-29,2024-11-07,78865.0,-0.0187535662207569,0.002723030047491193,77386.0,79079.7517646954,0.0,78865.0,1693.751764695393,2868795.0404087575,-1,1,2763
XGBoost,H1,313,2024-10-30,2024-10-31,79257.0,-0.0117465965151343,0.00042877066880464554,78326.0,79290.98307689745,0.0,79257.0,964.9830768974498,931192.3386984695,-1,1,2770
XGBoost,H2,313,2024-10-30,2024-11-01,79257.0,-0.0054001539296213,0.0008229649974964559,78829.0,79322.22573680658,0.0,79257.0,493.2257368065766,243271.62744839038,-1,1,2769
XGBoost,H3,313,2024-10-30,2024-11-04,79257.0,-0.0108003078592426,0.0012308962177485228,78401.0,79354.5571415301,0.0,79257.0,953.5571415300947,909271.222163045,-1,1,2768
XGBoost,H4,313,2024-10-30,2024-11-05,79257.0,-0.0096773786542513,0.001580850570462644,78490.0,79382.29347366316,0.0,79257.0,892.2934736631578,796187.6431418644,-1,1,2767
XGBoost,H5,313,2024-10-30,2024-11-06,79257.0,-0.0324009235777281,0.001965466421097517,76689.0,79412.77697213693,0.0,79257.0,2723.776972136926,7418960.9939434,-1,1,2766
XGBoost,H6,313,2024-10-30,2024-11-07,79257.0,-0.0236067476689756,0.0023576521780341864,77386.0,79443.86043867446,0.0,79257.0,2057.8604386744555,4234789.585061423,-1,1,2765
XGBoost,H7,313,2024-10-30,2024-11-08,79257.0,-0.0253479187958161,0.0027312987949699163,77248.0,79473.47454859293,0.0,79257.0,2225.4745485929307,4952736.966434908,-1,1,2764
XGBoost,H1,314,2024-10-31,2024-11-01,78326.0,0.0064218777928146,0.00042452989146113396,78829.0,78359.25172827858,0.0,78326.0,469.7482717214152,220663.43878525656,1,1,2771
XGBoost,H2,314,2024-10-31,2024-11-04,78326.0,0.0009575364502207,0.0008200548472814262,78401.0,78390.23161596816,0.0,78326.0,10.768384031835012,115.95809465707927,1,1,2770
XGBoost,H3,314,2024-10-31,2024-11-05,78326.0,0.0020938130378163,0.001231156405992806,78490.0,78422.43155665579,0.0,78326.0,67.56844334420748,4565.494535959376,1,1,2769
XGBoost,H4,314,2024-10-31,2024-11-06,78326.0,-0.0208998289201541,0.0015816056402400136,76689.0,78449.88084337744,0.0,78326.0,1760.8808433774393,3100701.344573642,-1,1,2768
XGBoost,H5,314,2024-10-31,2024-11-07,78326.0,-0.0120011235094349,0.001966953044757247,77386.0,78480.06356418366,0.0,78326.0,1094.0635641836561,1196975.082474245,-1,1,2767
XGBoost,H6,314,2024-10-31,2024-11-08,78326.0,-0.0137629905778413,0.002360776299610734,77248.0,78510.91016444331,0.0,78326.0,1262.9101644433104,1594942.0834542292,-1,1,2766
XGBoost,H7,314,2024-10-31,2024-11-11,78326.0,-0.0375864974593366,0.0027315381448715925,75382.0,78539.95045673521,0.0,78326.0,3157.9504567352124,9972651.087194135,-1,1,2765
XGBoost,H1,315,2024-11-01,2024-11-04,78829.0,-0.0054294739245709,0.0004267131444066763,78401.0,78862.63737046043,0.0,78829.0,461.6373704604339,213109.06180562387,-1,1,2772
XGBoost,H2,315,2024-11-01,2024-11-05,78829.0,-0.0043004478047419,0.0008177951676771045,78490.0,78893.46597527282,0.0,78829.0,403.46597527281847,162784.79320284657,-1,1,2771
XGBoost,H3,315,2024-11-01,2024-11-06,78829.0,-0.0271473696228545,0.0011802182998508215,76689.0,78922.03542835894,0.0,78829.0,2233.0354283589404,4986447.224306197,-1,1,2770
XGBoost,H4,315,2024-11-01,2024-11-07,78829.0,-0.0183054459653173,0.0015841600252315402,77386.0,78953.87775062898,0.0,78829.0,1567.877750628977,2458240.640917381,-1,1,2769
XGBoost,H5,315,2024-11-01,2024-11-08,78829.0,-0.0200560707353892,0.0019703861325979233,77248.0,78984.32356844656,0.0,78829.0,1736.3235684465617,3014819.534343002,-1,1,2768
XGBoost,H6,315,2024-11-01,2024-11-11,78829.0,-0.0437275621915792,0.002322570653632283,75382.0,79012.08592205518,0.0,78829.0,3630.0859220551793,13177523.8015032,-1,1,2767
XGBoost,H7,315,2024-11-01,2024-11-12,78829.0,-0.0496137208387775,0.002734437817707658,74918.0,79044.55299873208,0.0,78829.0,4126.552998732077,17028439.651344698,-1,1,2766
XGBoost,H1,316,2024-11-04,2024-11-05,78401.0,0.0011351896021734,0.0004069000715389848,78490.0,78432.90137250873,0.0,78401.0,57.098627491272055,3260.253261387049,1,1,2773
XGBoost,H2,316,2024-11-04,2024-11-06,78401.0,-0.0218364561676509,0.0007932137814350426,76689.0,78463.18875367829,0.0,78401.0,1774.1887536782888,3147745.7336785197,-1,1,2772
XGBoost,H3,316,2024-11-04,2024-11-07,78401.0,-0.0129462634405173,0.0011762394569814205,77386.0,78493.2183496668,0.0,78401.0,1107.2183496668003,1225932.473838873,-1,1,2771
XGBoost,H4,316,2024-11-04,2024-11-08,78401.0,-0.0147064450708537,0.001581745920702815,77248.0,78525.01046192902,0.0,78401.0,1277.0104619290214,1630755.7198761727,-1,1,2770
XGBoost,H5,316,2024-11-04,2024-11-11,78401.0,-0.0385071618984451,0.001970781246200204,75382.0,78555.51122048334,0.0,78401.0,3173.511220483342,10071173.466533672,-1,1,2769
XGBoost,H6,316,2024-11-04,2024-11-12,78401.0,-0.0444254537569673,0.0023237154819071293,74918.0,78583.181617497,0.0,78401.0,3665.181617497001,13433556.289237931,-1,1,2768
XGBoost,H7,316,2024-11-04,2024-11-13,78401.0,-0.0495784492544737,0.0027394399512559175,74514.0,78615.77483161842,0.0,78401.0,4101.774831618415,16824556.769298278,-1,1,2767
XGBoost,H1,317,2024-11-05,2024-11-06,78490.0,-0.0229455981653713,0.0004071395960636437,76689.0,78521.95638689504,0.0,78490.0,1832.9563868950354,3359729.1162593025,-1,1,2774
XGBoost,H2,317,2024-11-05,2024-11-07,78490.0,-0.0140654860491782,0.0007914259331300855,77386.0,78552.11902149138,0.0,78490.0,1166.1190214913804,1359833.5722840144,-1,1,2773
XGBoost,H3,317,2024-11-05,2024-11-08,78490.0,-0.0158236718053255,0.0011631646193563938,77248.0,78581.29679097328,0.0,78490.0,1333.2967909732834,1777680.3328196553,-1,1,2772
XGBoost,H4,317,2024-11-05,2024-11-11,78490.0,-0.0395974009427952,0.0015778124798089266,75382.0,78613.8425015402,0.0,78490.0,3231.8425015402026,10444805.954761636,-1,1,2771
XGBoost,H5,317,2024-11-05,2024-11-12,78490.0,-0.0455089820359281,0.0019676382653415203,74918.0,78644.43992744666,0.0,78490.0,3726.439927446656,13886354.532868639,-1,1,2770
XGBoost,H6,317,2024-11-05,2024-11-13,78490.0,-0.0506561345394317,0.0023243974428623915,74514.0,78672.44195529027,0.0,78490.0,4158.441955290269,17292639.495518357,-1,1,2769
XGBoost,H7,317,2024-11-05,2024-11-14,78490.0,-0.0552809275066887,0.0027372734621167183,74151.0,78704.84859404154,0.0,78490.0,4553.848594041541,20737537.01745412,-1,1,2768
XGBoost,H1,318,2024-11-06,2024-11-07,76689.0,0.0090886567825894,0.0003189950075466186,77386.0,76713.46340813374,0.0,76689.0,672.5365918662574,452305.4673990808,1,1,2775
XGBoost,H2,318,2024-11-06,2024-11-08,76689.0,0.0072891809777151,0.0006364794098772109,77248.0,76737.81096946407,0.0,76689.0,510.1890305359266,260292.8468791886,1,1,2774
XGBoost,H3,318,2024-11-06,2024-11-11,76689.0,-0.0170428614273233,0.0009705345146358013,75382.0,76763.4293213929,0.0,76689.0,1381.429321392905,1908346.970004062,-1,1,2773
XGBoost,H4,318,2024-11-06,2024-11-12,76689.0,-0.0230932728292193,0.0012492832029238343,74918.0,76784.80627954903,0.0,76689.0,1866.806279549026,3484965.685363676,-1,1,2772
XGBoost,H5,318,2024-11-06,2024-11-13,76689.0,-0.0283613034463873,0.0017133132787421346,74514.0,76820.39228203346,0.0,76689.0,2306.3922820334556,5319445.358623491,-1,1,2771
XGBoost,H6,318,2024-11-06,2024-11-14,76689.0,-0.0330947071939913,0.0022852246183902025,74151.0,76864.25159075973,0.0,76689.0,2713.2515907597262,7361734.194760185,-1,1,2770
XGBoost,H7,318,2024-11-06,2024-11-15,76689.0,-0.0355200876266479,0.0027281525544822216,73965.0,76898.21929125069,0.0,76689.0,2933.219291250687,8603775.410565183,-1,1,2769
XGBoost,H1,319,2024-11-07,2024-11-08,77386.0,-0.0017832682914221,0.00037632050225511193,77248.0,77415.12193838751,0.0,77386.0,167.1219383875141,27929.742290400056,-1,1,2776
XGBoost,H2,319,2024-11-07,2024-11-11,77386.0,-0.0258961569276096,0.0008300156332552433,75382.0,77450.23158979509,0.0,77386.0,2068.2315897950903,4277581.909026327,-1,1,2775
XGBoost,H3,319,2024-11-07,2024-11-12,77386.0,-0.031892073501667,0.0011623997706919909,74918.0,77475.95346865477,0.0,77386.0,2557.9534686547704,6543125.947802971,-1,1,2774
XGBoost,H4,319,2024-11-07,2024-11-13,77386.0,-0.0371126560359754,0.0015597627498209476,74514.0,77506.70380015764,0.0,77386.0,2992.703800157644,8956276.035478003,-1,1,2773
XGBoost,H5,319,2024-11-07,2024-11-14,77386.0,-0.0418034269764556,0.001941919093951583,74151.0,77536.27735100454,0.0,77386.0,3385.277351004537,11460102.743224297,-1,1,2772
XGBoost,H6,319,2024-11-07,2024-11-15,77386.0,-0.0442069624996769,0.0023666401393711567,73965.0,77569.14481382538,0.0,77386.0,3604.1448138253763,12989859.839024357,-1,1,2771
XGBoost,H7,319,2024-11-07,2024-11-18,77386.0,-0.0303284831881736,0.0027187501545995474,75039.0,77596.39319946384,0.0,77386.0,2557.3931994638406,6540259.976663899,-1,1,2770
XGBoost,H1,320,2024-11-08,2024-11-11,77248.0,-0.0241559652029825,0.00039245159132406116,75382.0,77278.3161005266,0.0,77248.0,1896.316100526601,3596014.7531164144,-1,1,2777
XGBoost,H2,320,2024-11-08,2024-11-12,77248.0,-0.0301625932062965,0.0007474303711205721,74918.0,77305.73750130832,0.0,77248.0,2387.737501308322,5701290.375154109,-1,1,2776
XGBoost,H3,320,2024-11-08,2024-11-13,77248.0,-0.035392502071251,0.0011563716689124703,74514.0,77337.32739868015,0.0,77248.0,2823.3273986801505,7971177.600138025,-1,1,2775
XGBoost,H4,320,2024-11-08,2024-11-14,77248.0,-0.0400916528583263,0.0015539797022938728,74151.0,77368.0418240428,0.0,77248.0,3217.041824042797,10349358.097640608,-1,1,2774
XGBoost,H5,320,2024-11-08,2024-11-15,77248.0,-0.042499482187241,0.0019339720020070672,73965.0,77397.39546921104,0.0,77248.0,3432.395469211042,11781338.657060489,-1,1,2773
XGBoost,H6,320,2024-11-08,2024-11-18,77248.0,-0.0285962096106048,0.002297723200172186,75039.0,77425.4945217669,0.0,77248.0,2386.494521766901,5695356.1024234295,-1,1,2772
XGBoost,H7,320,2024-11-08,2024-11-19,77248.0,-0.0219164250207125,0.0026623497251421213,75555.0,77453.66119156778,0.0,77248.0,1898.6611915677786,3604914.320365577,-1,1,2771
XGBoost,H1,321,2024-11-11,2024-11-12,75382.0,-0.0061553155925817,0.0003355973749421537,74918.0,75407.29800131789,0.0,75382.0,489.29800131788943,239412.53409368132,-1,1,2778
XGBoost,H2,321,2024-11-11,2024-11-13,75382.0,-0.0115146852033641,0.0006095607532188296,74514.0,75427.94990869914,0.0,75382.0,913.9499086991418,835304.4356111697,-1,1,2777
XGBoost,H3,321,2024-11-11,2024-11-14,75382.0,-0.0163301583932503,0.0009539625025354326,74151.0,75453.91160136613,0.0,75382.0,1302.911601366126,1697578.6409744427,-1,1,2776
XGBoost,H4,321,2024-11-11,2024-11-15,75382.0,-0.0187975909368284,0.0012200716882944107,73965.0,75473.97144400701,0.0,75382.0,1508.9714440070093,2276994.8188285986,-1,1,2775
XGBoost,H5,321,2024-11-11,2024-11-18,75382.0,-0.0045501578626196,0.0017145411111414433,75039.0,75511.24553804006,0.0,75382.0,472.2455380400643,223015.8481987498,-1,1,2774
XGBoost,H6,321,2024-11-11,2024-11-19,75382.0,0.0022949775808549,0.0022509575355798006,75555.0,75551.68168094708,0.0,75382.0,3.3183190529234707,11.01124133699492,1,1,2773
XGBoost,H7,321,2024-11-11,2024-11-20,75382.0,0.0083043697434401,0.0026470415759831667,76008.0,75581.53928808076,0.0,75382.0,426.4607119192369,181868.73881066238,1,1,2772
XGBoost,H1,322,2024-11-12,2024-11-13,74918.0,-0.0053925625350382,0.0003338498354423791,74514.0,74943.01136197167,0.0,74918.0,429.01136197167216,184050.74870078912,-1,1,2779
XGBoost,H2,322,2024-11-12,2024-11-14,74918.0,-0.0102378600603326,0.0005766557296738029,74151.0,74961.2018939557,0.0,74918.0,810.201893955702,656427.1089694066,-1,1,2778
XGBoost,H3,322,2024-11-12,2024-11-15,74918.0,-0.0127205744947809,0.000805304036475718,73965.0,74978.33176780469,0.0,74918.0,1013.3317678046878,1026841.2716421738,-1,1,2777
XGBoost,H4,322,2024-11-12,2024-11-18,74918.0,0.001615099175098,0.001207283465191722,75039.0,75008.44726264523,0.0,74918.0,30.552737354766577,933.469759869349,1,1,2776
XGBoost,H5,322,2024-11-12,2024-11-19,74918.0,0.0085026295416321,0.0016979920910671353,75555.0,75045.21017147857,0.0,74918.0,509.78982852143236,259885.6692639114,1,1,2775
XGBoost,H6,322,2024-11-12,2024-11-20,74918.0,0.0145492405029499,0.0022313869558274746,76008.0,75085.17104795668,0.0,74918.0,922.8289520433173,851613.2747293671,1,1,2774
XGBoost,H7,322,2024-11-12,2024-11-21,74918.0,0.0236391788355267,0.002628310350701213,76689.0,75114.90775485383,0.0,74918.0,1574.0922451461665,2477766.3962292993,1,1,2773
XGBoost,H1,323,2024-11-13,2024-11-14,74514.0,-0.0048715677590788,0.00037628886639140546,74151.0,74542.03878859029,0.0,74514.0,391.0387885902892,152911.33418216088,-1,1,2780
XGBoost,H2,323,2024-11-13,2024-11-15,74514.0,-0.0073677429744746,0.0007145003182813525,73965.0,74567.24027671642,0.0,74514.0,602.2402767164167,362693.35089946614,-1,1,2779
XGBoost,H3,323,2024-11-13,2024-11-18,74514.0,0.0070456558499074,0.0010550816077739,75039.0,74592.61835092166,0.0,74514.0,446.3816490783356,199256.57663389435,1,1,2778
XGBoost,H4,323,2024-11-13,2024-11-19,74514.0,0.013970529028102,0.0015140302712097764,75555.0,74626.81645162893,0.0,74514.0,928.1835483710747,861524.6994667192,1,1,2777
XGBoost,H5,323,2024-11-13,2024-11-20,74514.0,0.0200499235043079,0.0018410941120237112,76008.0,74651.18728666333,0.0,74514.0,1356.8127133366652,1840940.7390720036,1,1,2776
XGBoost,H6,323,2024-11-13,2024-11-21,74514.0,0.0291891456639021,0.0021667801775038242,76689.0,74675.45545814652,0.0,74514.0,2013.54454185348,4054361.622027941,1,1,2775
XGBoost,H7,323,2024-11-13,2024-11-22,74514.0,0.0411332098666021,0.0025951762218028307,77579.0,74707.37696099142,0.0,74514.0,2871.623039008584,8246218.878164895,1,1,2774
XGBoost,H1,324,2024-11-14,2024-11-15,74151.0,-0.0025083950317594,0.00031466930522583425,73965.0,74174.3330436518,0.0,74151.0,209.33304365180084,43820.32316452675,-1,1,2781
XGBoost,H2,324,2024-11-14,2024-11-18,74151.0,0.0119755633774325,0.0005621231975965202,75039.0,74192.68199722498,0.0,74151.0,846.3180027750204,716254.1618210995,1,1,2780
XGBoost,H3,324,2024-11-14,2024-11-19,74151.0,0.0189343366913461,0.0008139576530084014,75555.0,74211.35577392823,0.0,74151.0,1343.644226071774,1805379.8062560165,1,1,2779
XGBoost,H4,324,2024-11-14,2024-11-20,74151.0,0.0250434923332119,0.0011768846306949854,76008.0,74238.26717225066,0.0,74151.0,1769.7328277493361,3131954.2816136614,1,1,2778
XGBoost,H5,324,2024-11-14,2024-11-21,74151.0,0.0342274547882024,0.00157791911624372,76689.0,74268.00428038859,0.0,74151.0,2420.995719611412,5861220.274376778,1,1,2777
XGBoost,H6,324,2024-11-14,2024-11-22,74151.0,0.0462299901552238,0.002059712540358305,77579.0,74303.72974458011,0.0,74151.0,3275.2702554198913,10727395.24603828,1,1,2776
XGBoost,H7,324,2024-11-14,2024-11-25,74151.0,0.0165338296179418,0.002745006699115038,75377.0,74354.54499174608,0.0,74151.0,1022.4550082539208,1045414.2439035253,1,1,2775
XGBoost,H1,325,2024-11-15,2024-11-18,73965.0,0.0145203812614074,0.00034192035673186183,75039.0,73990.29013918567,0.0,73965.0,1048.7098608143278,1099792.3721692069,1,1,2782
XGBoost,H2,325,2024-11-15,2024-11-19,73965.0,0.0214966538227538,0.0006669530994258821,75555.0,74014.33118599904,0.0,73965.0,1540.6688140009646,2373660.394435139,1,1,2781
XGBoost,H3,325,2024-11-15,2024-11-20,73965.0,0.0276211721760291,0.0009231747826561332,76008.0,74033.28262279916,0.0,73965.0,1974.717377200839,3899508.719818961,1,1,2780
XGBoost,H4,325,2024-11-15,2024-11-21,73965.0,0.0368282295680388,0.0014892428880557418,76689.0,74075.15185021504,0.0,73965.0,2613.848149784957,6832202.150134243,1,1,2779
XGBoost,H5,325,2024-11-15,2024-11-22,73965.0,0.0488609477455552,0.0017255173297598958,77579.0,74092.62788929569,0.0,73965.0,3486.3721107043093,12154790.49429682,1,1,2778
XGBoost,H6,325,2024-11-15,2024-11-25,73965.0,0.0190901101872507,0.002065603854134679,75377.0,74117.78238907107,0.0,73965.0,1259.2176109289285,1585628.9916735583,1,1,2777
XGBoost,H7,325,2024-11-15,2024-11-26,73965.0,0.0179544379098222,0.002436773618683219,75293.0,74145.2359607059,0.0,73965.0,1147.7640392940957,1317362.2898966984,1,1,2776
XGBoost,H1,326,2024-11-18,2024-11-19,75039.0,0.006876424259385,0.0003852279915008694,75555.0,75067.90712325423,0.0,75039.0,487.09287674576626,237259.47057646624,1,1,2783
XGBoost,H2,326,2024-11-18,2024-11-20,75039.0,0.0129132850917523,0.0006811737548559904,76008.0,75090.11459739064,0.0,75039.0,917.8854026093613,842513.6123233493,1,1,2782
XGBoost,H3,326,2024-11-18,2024-11-21,75039.0,0.0219885659457081,0.0010392948752269149,76689.0,75116.98764814215,0.0,75039.0,1572.0123518578475,2471222.834393641,1,1,2781
XGBoost,H4,326,2024-11-18,2024-11-22,75039.0,0.0338490651527871,0.0014894612831994891,77579.0,75150.76768523,0.0,75039.0,2428.2323147699935,5896312.174493241,1,1,2780
XGBoost,H5,326,2024-11-18,2024-11-25,75039.0,0.0045043244179692,0.0017338895704597235,75377.0,75169.10933947773,0.0,75039.0,207.8906605222728,43218.526732386876,1,1,2779
XGBoost,H6,326,2024-11-18,2024-11-26,75039.0,0.0033849065152786,0.0018837067764252424,75293.0,75180.35147279617,0.0,75039.0,112.64852720382623,12689.69068119118,1,1,2778
XGBoost,H7,326,2024-11-18,2024-11-27,75039.0,0.0099814762989911,0.0023907097056508064,75788.0,75218.39646560233,0.0,75039.0,569.6035343976691,324448.18639831664,1,1,2777
XGBoost,H1,327,2024-11-19,2024-11-20,75555.0,0.0059956323208258,0.00038744130870327353,76008.0,75584.27312807908,0.0,75555.0,423.72687192092417,179544.46198789126,1,1,2784
XGBoost,H2,327,2024-11-19,2024-11-21,75555.0,0.0150089338892198,0.000686994637362659,76689.0,75606.90587982594,0.0,75555.0,1082.0941201740643,1170927.6849152823,1,1,2783
XGBoost,H3,327,2024-11-19,2024-11-22,75555.0,0.0267884322678844,0.0010866986121982336,77579.0,75637.10551364464,0.0,75555.0,1941.8944863553625,3770954.196137357,1,1,2782
XGBoost,H4,327,2024-11-19,2024-11-25,75555.0,-0.0023558996757329,0.00135854072868824,75377.0,75657.64454475604,0.0,75555.0,280.64454475604,78761.36050132493,-1,1,2781
XGBoost,H5,327,2024-11-19,2024-11-26,75555.0,-0.0034676725564158,0.0017425146652385592,75293.0,75686.6556955321,0.0,75555.0,393.65569553209934,154964.8066248609,-1,1,2780
XGBoost,H6,327,2024-11-19,2024-11-27,75555.0,0.0030838462047515,0.001923811505548656,75788.0,75700.35357830173,0.0,75555.0,87.6464216982713,7681.895236511202,1,1,2779
XGBoost,H7,327,2024-11-19,2024-11-28,75555.0,0.0027264906359605,0.0021865202579647303,75761.0,75720.20253809053,0.0,75555.0,40.797461909474805,1664.4328982550476,1,1,2778
XGBoost,H1,328,2024-11-20,2024-11-21,76008.0,0.0089595832017681,0.00038940089871175587,76689.0,76037.59758350928,0.0,76008.0,651.4024164907169,424325.1082099454,1,1,2785
XGBoost,H2,328,2024-11-20,2024-11-22,76008.0,0.02066887696032,0.0007349882507696748,77579.0,76063.8649869645,0.0,76008.0,1515.1350130354986,2295634.1077260803,1,1,2784
XGBoost,H3,328,2024-11-20,2024-11-25,76008.0,-0.0083017577097147,0.001131238299421966,75377.0,76093.98316066246,0.0,76008.0,716.9831606624648,514064.8526735378,-1,1,2783
XGBoost,H4,328,2024-11-20,2024-11-26,76008.0,-0.0094069045363646,0.0015020378632470965,75293.0,76122.16689390969,0.0,76008.0,829.1668939096853,687517.7379558353,-1,1,2782
XGBoost,H5,328,2024-11-20,2024-11-27,76008.0,-0.0028944321650352,0.0015271457377821207,75788.0,76124.07529323734,0.0,76008.0,336.07529323734343,112946.60272456637,-1,1,2781
XGBoost,H6,328,2024-11-20,2024-11-28,76008.0,-0.0032496579307441,0.0020622096490114927,75761.0,76164.74443100207,0.0,76008.0,403.74443100206554,163009.56556518166,-1,1,2780
XGBoost,H7,328,2024-11-20,2024-11-29,76008.0,0.00627565519419,0.0020322001073509455,76485.0,76162.46346575953,0.0,76008.0,322.53653424046934,104029.81591985346,1,1,2779
XGBoost,H1,329,2024-11-21,2024-11-22,76689.0,0.0116053149734642,0.00039260846097022295,77579.0,76719.10875026335,0.0,76689.0,859.8912497366546,739412.9613736656,1,1,2786
XGBoost,H2,329,2024-11-21,2024-11-25,76689.0,-0.0171080598260506,0.0007099767099134624,75377.0,76743.44740390655,0.0,76689.0,1366.4474039065535,1867178.5076429597,-1,1,2785
XGBoost,H3,329,2024-11-21,2024-11-26,76689.0,-0.0182033929246697,0.001138595282100141,75293.0,76776.31773358898,0.0,76689.0,1483.3177335889777,2200231.4987795413,-1,1,2784
XGBoost,H4,329,2024-11-21,2024-11-27,76689.0,-0.0117487514506643,0.0015151506522670388,75788.0,76805.1953883717,0.0,76689.0,1017.1953883717069,1034686.4581246678,-1,1,2783
XGBoost,H5,329,2024-11-21,2024-11-28,76689.0,-0.0121008228037919,0.0018856334500014782,75761.0,76833.60734364716,0.0,76689.0,1072.6073436471634,1150486.513645824,-1,1,2782
XGBoost,H6,329,2024-11-21,2024-11-29,76689.0,-0.0026600946680749,0.0019155621994286776,76485.0,76835.90254951199,0.0,76689.0,350.90254951198585,123132.59925401169,-1,1,2781
XGBoost,H7,329,2024-11-21,2024-12-02,76689.0,-0.0113966800975368,0.0024776323698461056,75815.0,76879.00714881113,0.0,76689.0,1064.007148811128,1132111.2127211858,-1,1,2780
XGBoost,H1,330,2024-11-22,2024-11-25,77579.0,-0.0283839698887585,0.00037553999572992325,75377.0,77608.13401732873,0.0,77579.0,2231.1340173287317,4977959.003281445,-1,1,2787
XGBoost,H2,330,2024-11-22,2024-11-26,77579.0,-0.0294667371324713,0.0006865643663331866,75293.0,77632.26297697576,0.0,77579.0,2339.2629769757623,5472151.275449506,-1,1,2786
XGBoost,H3,330,2024-11-22,2024-11-27,77579.0,-0.0230861444463063,0.001024550525471568,75788.0,77658.48360521556,0.0,77579.0,1870.4836052155588,3498708.917380194,-1,1,2785
XGBoost,H4,330,2024-11-22,2024-11-28,77579.0,-0.0234341767746426,0.001445845584385097,75761.0,77691.16725459101,0.0,77579.0,1930.1672545910114,3725545.630695402,-1,1,2784
XGBoost,H5,330,2024-11-22,2024-11-29,77579.0,-0.0141017543407365,0.0017907569417729974,76485.0,77717.92513278581,0.0,77579.0,1232.9251327858074,1520104.3830549007,-1,1,2783
XGBoost,H6,330,2024-11-22,2024-12-02,77579.0,-0.02273811211797,0.0021923361346125603,75815.0,77749.07924498711,0.0,77579.0,1934.0792449871078,3740662.525889901,-1,1,2782
XGBoost,H7,330,2024-11-22,2024-12-03,77579.0,-0.0212041918560434,0.002482723444700241,75934.0,77771.6072021164,0.0,77579.0,1837.6072021164,3376800.229270064,-1,1,2781
XGBoost,H1,331,2024-11-25,2024-11-26,75377.0,-0.0011143982912559,0.00028066299273632467,75293.0,75398.15553440349,0.0,75377.0,105.15553440348594,11057.686415682716,-1,1,2788
XGBoost,H2,331,2024-11-25,2024-11-27,75377.0,0.0054525916393595,0.0006173854344524443,75788.0,75423.53666189272,0.0,75377.0,364.4633381072781,132833.5248243001,1,1,2787
XGBoost,H3,331,2024-11-25,2024-11-28,75377.0,0.0050943921885986,0.0009494259138591588,75761.0,75448.56487710896,0.0,75377.0,312.4351228910382,97615.70601593814,1,1,2786
XGBoost,H4,331,2024-11-25,2024-11-29,75377.0,0.014699444127519,0.0012312507024034858,76485.0,75469.80798419507,0.0,75377.0,1015.1920158049325,1030614.8289540822,1,1,2785
XGBoost,H5,331,2024-11-25,2024-12-02,75377.0,0.0058107910901203,0.0016966374823823571,75815.0,75504.88744350953,0.0,75377.0,310.11255649046507,96169.79769305189,1,1,2784
XGBoost,H6,331,2024-11-25,2024-12-03,75377.0,0.0073895220027329,0.0021989289671182632,75934.0,75542.74866875447,0.0,75377.0,391.25133124552667,153077.60420139684,1,1,2783
XGBoost,H7,331,2024-11-25,2024-12-04,75377.0,0.0087427199278293,0.0025643419940024614,76036.0,75570.29240648192,0.0,75377.0,465.70759351807646,216883.56266039793,1,1,2782
XGBoost,H1,332,2024-11-26,2024-11-27,75293.0,0.006574316337508,0.0003539186727721244,75788.0,75319.64759862903,0.0,75293.0,468.35240137096844,219353.97186995271,1,1,2789
XGBoost,H2,332,2024-11-26,2024-11-28,75293.0,0.0062157172645531,0.0006414325325749815,75761.0,75341.29537967517,0.0,75293.0,419.7046203248319,176151.96832201132,1,1,2788
XGBoost,H3,332,2024-11-26,2024-11-29,75293.0,0.0158314849986054,0.001045453012920916,76485.0,75371.71529370185,0.0,75293.0,1113.2847062981455,1239402.837277348,1,1,2787
XGBoost,H4,332,2024-11-26,2024-12-02,75293.0,0.0069329154104631,0.0014981100102886558,75815.0,75405.79719700466,0.0,75293.0,409.20280299533624,167446.93397923996,1,1,2786
XGBoost,H5,332,2024-11-26,2024-12-03,75293.0,0.0085134076208943,0.0018714740872383118,75934.0,75433.90889845043,0.0,75293.0,500.0911015495658,250091.10984905812,1,1,2785
XGBoost,H6,332,2024-11-26,2024-12-04,75293.0,0.0098681152298354,0.00206542806699872,76036.0,75448.51227544853,0.0,75293.0,587.4877245514654,345141.82649865845,1,1,2784
XGBoost,H7,332,2024-11-26,2024-12-05,75293.0,0.0140783339752699,0.0024018913973122835,76353.0,75473.84560897783,0.0,75293.0,879.1543910221662,772912.4432535559,1,1,2783
XGBoost,H1,333,2024-11-27,2024-11-28,75788.0,-0.000356256927218,0.00037225428968667984,75761.0,75816.21240810677,0.0,75788.0,55.21240810677409,3048.4100089489734,-1,1,2790
XGBoost,H2,333,2024-11-27,2024-11-29,75788.0,0.0091967066026283,0.0007319693686440587,76485.0,75843.4744945108,0.0,75788.0,641.5255054892041,411554.9741931788,1,1,2789
XGBoost,H3,333,2024-11-27,2024-12-02,75788.0,0.0003562569272179,0.0011286252411082387,75815.0,75873.53624977311,0.0,75788.0,58.536249773111194,3426.4925375000603,1,1,2788
XGBoost,H4,333,2024-11-27,2024-12-03,75788.0,0.0019264263471789,0.0015192570863291621,75934.0,75903.14145605871,0.0,75788.0,30.85854394128546,952.2497341762456,1,1,2787
XGBoost,H5,333,2024-11-27,2024-12-04,75788.0,0.0032722858500027,0.001895857392810285,76036.0,75931.6832400863,0.0,75788.0,104.31675991369411,10881.986398891298,1,1,2786
XGBoost,H6,333,2024-11-27,2024-12-05,75788.0,0.0074550060695623,0.0022272628266364336,76353.0,75956.79979510512,0.0,75788.0,396.20020489487797,156974.6023587433,1,1,2785
XGBoost,H7,333,2024-11-27,2024-12-06,75788.0,0.0052382963002057,0.002572339493781328,76185.0,75982.9524655547,0.0,75788.0,202.0475344453007,40823.20617542497,1,1,2784
XGBoost,H1,334,2024-11-28,2024-11-29,75761.0,0.0095563680521639,0.00037085669464431703,76485.0,75789.09647404295,0.0,75761.0,695.9035259570519,484281.7174394572,1,1,2791
XGBoost,H2,334,2024-11-28,2024-12-02,75761.0,0.0007127677828961,0.0007486586109735072,75815.0,75817.71912502596,0.0,75761.0,2.7191250259638764,7.393640906823052,1,1,2790
XGBoost,H3,334,2024-11-28,2024-12-03,75761.0,0.0022834967859453,0.0011300798505544662,75934.0,75846.61597955786,0.0,75761.0,87.38402044214308,7635.96702863288,1,1,2789
XGBoost,H4,334,2024-11-28,2024-12-04,75761.0,0.0036298359314159,0.00151068193372339,76036.0,75875.45077398082,0.0,75761.0,160.54922601918224,25776.053975358464,1,1,2788
XGBoost,H5,334,2024-11-28,2024-12-05,75761.0,0.0078140468050844,0.0018907106714323163,76353.0,75904.24213117838,0.0,75761.0,448.7578688216163,201383.62482931896,1,1,2787
XGBoost,H6,334,2024-11-28,2024-12-06,75761.0,0.0055965470360739,0.0022263394203037024,76185.0,75929.66970082163,0.0,75761.0,255.3302991783712,65193.56167851655,1,1,2786
XGBoost,H7,334,2024-11-28,2024-12-09,75761.0,0.0163408613930651,0.002572371857240796,76999.0,75955.88546427642,0.0,75761.0,1043.11453572358,1088087.9346378199,1,1,2785
XGBoost,H1,335,2024-11-29,2024-12-02,76485.0,-0.0087598875596521,0.00040341189014725387,75815.0,76515.85495841791,0.0,76485.0,700.8549584179127,491197.67273897416,-1,1,2792
XGBoost,H2,335,2024-11-29,2024-12-03,76485.0,-0.0072040269333856,0.000762958312407136,75934.0,76543.35486652446,0.0,76485.0,609.3548665244598,371313.3533570422,-1,1,2791
XGBoost,H3,335,2024-11-29,2024-12-04,76485.0,-0.0058704321108714,0.0011505752336233854,76036.0,76573.00174674368,0.0,76485.0,537.0017467436846,288370.8760057684,-1,1,2790
XGBoost,H4,335,2024-11-29,2024-12-05,76485.0,-0.0017258285938419,0.00151304982136935,76353.0,76600.72561558743,0.0,76485.0,247.72561558743473,61367.98061817348,-1,1,2789
XGBoost,H5,335,2024-11-29,2024-12-06,76485.0,-0.0039223377132771,0.0018879829440265894,76185.0,76629.40237547387,0.0,76485.0,444.4023754738737,197493.4713268218,-1,1,2788
XGBoost,H6,335,2024-11-29,2024-12-09,76485.0,0.006720271948748,0.0022249859757721424,76999.0,76655.17805235693,0.0,76485.0,343.8219476430677,118213.53168107237,1,1,2787
XGBoost,H7,335,2024-11-29,2024-12-10,76485.0,0.0164738183957637,0.002588828792795539,77745.0,76683.00657021697,0.0,76485.0,1061.9934297830332,1127830.0449023303,1,1,2786
XGBoost,H1,336,2024-12-02,2024-12-03,75815.0,0.0015696102354414,0.00037749865441583097,75934.0,75843.62006048454,0.0,75815.0,90.37993951546378,8168.533466818891,1,1,2793
XGBoost,H2,336,2024-12-02,2024-12-04,75815.0,0.0029149904372485,0.0007592214387841523,76036.0,75872.56037338142,0.0,75815.0,163.4396266185795,26712.51154922068,1,1,2792
XGBoost,H3,336,2024-12-02,2024-12-05,75815.0,0.0070962210644331,0.0011503465939313173,76353.0,75902.2135270189,0.0,75815.0,450.7864729810972,203208.44422273745,1,1,2791
XGBoost,H4,336,2024-12-02,2024-12-06,75815.0,0.004880300732045,0.0015148071106523275,76185.0,75929.8451010941,0.0,75815.0,255.1548989058938,65104.02243567688,1,1,2790
XGBoost,H5,336,2024-12-02,2024-12-09,75815.0,0.0156169623425443,0.0019027957459911704,76999.0,75959.26045948232,0.0,75815.0,1039.7395405176794,1081058.3121159151,1,1,2789
XGBoost,H6,336,2024-12-02,2024-12-10,75815.0,0.0254567038185056,0.002237839624285698,77745.0,75984.66181111522,0.0,75815.0,1760.3381888847798,3098790.5392461466,1,1,2788
XGBoost,H7,336,2024-12-02,2024-12-11,75815.0,0.0326056848908526,0.002584606409072876,78287.0,76010.95193490386,0.0,75815.0,2276.04806509614,5180394.794627883,1,1,2787
XGBoost,H1,337,2024-12-03,2024-12-04,75934.0,0.0013432717886585,0.00041609504842199385,76036.0,75965.59576140688,0.0,75934.0,70.40423859312432,4956.756811877576,1,1,2794
XGBoost,H2,337,2024-12-03,2024-12-05,75934.0,0.0055179497985091,0.000757919973693788,76353.0,75991.55189528246,0.0,75934.0,361.4481047175359,130644.7324038988,1,1,2793
XGBoost,H3,337,2024-12-03,2024-12-06,75934.0,0.003305502146601,0.001159487059339881,76185.0,76022.04449036391,0.0,75934.0,162.95550963608548,26554.498120756347,1,1,2792
XGBoost,H4,337,2024-12-03,2024-12-09,75934.0,0.0140253377933468,0.0015146485529839993,76999.0,76049.01332322229,0.0,75934.0,949.986676777713,902474.6860551629,1,1,2791
XGBoost,H5,337,2024-12-03,2024-12-10,75934.0,0.0238496589143202,0.0019049368565902114,77745.0,76078.64947526832,0.0,75934.0,1666.350524731679,2776724.0712735415,1,1,2790
XGBoost,H6,337,2024-12-03,2024-12-11,75934.0,0.0309874364579767,0.002237489214166999,78287.0,76103.90150598856,0.0,75934.0,2183.098494011443,4765919.034555031,1,1,2789
XGBoost,H7,337,2024-12-03,2024-12-12,75934.0,0.0193062396291516,0.002634237753227353,77400.0,76134.02820955357,0.0,75934.0,1265.9717904464342,1602684.5742061501,1,1,2788
XGBoost,H1,338,2024-12-04,2024-12-05,76036.0,0.0041690778052501,0.00042263316572643816,76353.0,76068.13533538918,0.0,76036.0,284.86466461082455,81147.87714383756,1,1,2795
XGBoost,H2,338,2024-12-04,2024-12-06,76036.0,0.0019595980851174,0.000786841323133558,76185.0,76095.82826684578,0.0,76036.0,89.17173315421678,7951.597993726844,1,1,2794
XGBoost,H3,338,2024-12-04,2024-12-09,76036.0,0.0126650533957599,0.0011691906256601214,76999.0,76124.9005784127,0.0,76036.0,874.099421587307,764049.7988192646,1,1,2793
XGBoost,H4,338,2024-12-04,2024-12-10,76036.0,0.0224761954863486,0.0015155860455706716,77745.0,76151.23910056101,0.0,76036.0,1593.7608994389884,2540073.8045805735,1,1,2792
XGBoost,H5,338,2024-12-04,2024-12-11,76036.0,0.0296043979167761,0.001898942980915308,78287.0,76180.38802849688,0.0,76036.0,2106.6119715031236,4437813.998480277,1,1,2791
XGBoost,H6,338,2024-12-04,2024-12-12,76036.0,0.0179388710610763,0.002247118391096592,77400.0,76206.86189398542,0.0,76036.0,1193.1381060145795,1423578.540024058,1,1,2790
XGBoost,H7,338,2024-12-04,2024-12-13,76036.0,0.0073123257404388,0.0025716491509228945,76592.0,76231.53791483957,0.0,76036.0,360.4620851604268,129932.91483820278,1,1,2789
XGBoost,H1,339,2024-12-05,2024-12-06,76353.0,-0.0022003064712584,0.00041106066782958806,76185.0,76384.38571517079,0.0,76353.0,199.38571517079254,39754.66341416841,-1,1,2796
XGBoost,H2,339,2024-12-05,2024-12-09,76353.0,0.008460702264482,0.0007886557141318917,76999.0,76413.21622974111,0.0,76353.0,585.7837702588877,343142.6254987173,1,1,2795
XGBoost,H3,339,2024-12-05,2024-12-10,76353.0,0.018231110761856,0.0011703658383339643,77745.0,76442.36094285431,0.0,76353.0,1302.6390571456868,1696868.513201404,1,1,2794
XGBoost,H4,339,2024-12-05,2024-12-11,76353.0,0.0253297185441305,0.0015143558848649263,78287.0,76468.62561487709,0.0,76353.0,1818.3743851229083,3306485.4044711147,1,1,2793
XGBoost,H5,339,2024-12-05,2024-12-12,76353.0,0.0137126242583789,0.0018986889626830816,77400.0,76497.97059836774,0.0,76353.0,902.0294016322587,813657.0414090506,1,1,2792
XGBoost,H6,339,2024-12-05,2024-12-13,76353.0,0.0031301978966118,0.002248596865683794,76592.0,76524.68711648555,0.0,76353.0,67.31288351444528,4531.024287029279,1,1,2791
XGBoost,H7,339,2024-12-05,2024-12-16,76353.0,0.0017419092897463,0.0025758957490324974,76486.0,76549.67736812588,0.0,76353.0,63.677368125878274,4054.8072114386187,1,1,2790
XGBoost,H1,340,2024-12-06,2024-12-09,76185.0,0.0106845179497276,0.00038999810931272805,76999.0,76214.71200595799,0.0,76185.0,784.2879940420098,615107.6575984396,1,1,2797
XGBoost,H2,340,2024-12-06,2024-12-10,76185.0,0.0204764717464067,0.0007498845807276666,77745.0,76242.12995678274,0.0,76185.0,1502.8700432172627,2258618.366799857,1,1,2796
XGBoost,H3,340,2024-12-06,2024-12-11,76185.0,0.0275907330839404,0.0011362022487446666,78287.0,76271.56156832061,0.0,76185.0,2015.4384316793876,4061992.0718902694,1,1,2795
XGBoost,H4,340,2024-12-06,2024-12-12,76185.0,0.0159480212640283,0.0015155691653490067,77400.0,76300.46363686211,0.0,76185.0,1099.536363137886,1208980.213862489,1,1,2794
XGBoost,H5,340,2024-12-06,2024-12-13,76185.0,0.0053422589748637,0.001896464847959578,76592.0,76329.4821744418,0.0,76185.0,262.51782555819955,68915.60873580529,1,1,2793
XGBoost,H6,340,2024-12-06,2024-12-16,76185.0,0.0039509089715823,0.0022498667240142822,76486.0,76356.40609636903,0.0,76185.0,129.5939036309719,16794.579858313635,1,1,2792
XGBoost,H7,340,2024-12-06,2024-12-17,76185.0,0.0016932467021066,0.0026281452737748623,76314.0,76385.22524768254,0.0,76185.0,71.22524768253788,5073.035907438868,1,1,2791
XGBoost,H1,341,2024-12-09,2024-12-10,76999.0,0.0096884375121755,0.0003820854763034731,77745.0,77028.42019958989,0.0,76999.0,716.5798004101089,513486.61035579146,1,1,2798
XGBoost,H2,341,2024-12-09,2024-12-11,76999.0,0.0167274899674021,0.0007041422068141401,78287.0,77053.21824578248,0.0,76999.0,1233.781754217518,1522217.417040056,1,1,2797
XGBoost,H3,341,2024-12-09,2024-12-12,76999.0,0.0052078598423355,0.0011230367235839367,77400.0,77085.47270467924,0.0,76999.0,314.52729532076046,98927.41950179286,1,1,2796
XGBoost,H4,341,2024-12-09,2024-12-13,76999.0,-0.0052857829322459,0.001520104124210775,76592.0,77116.0464974601,0.0,76999.0,524.0464974601055,274624.7315002043,-1,1,2795
XGBoost,H5,341,2024-12-09,2024-12-16,76999.0,-0.006662424187327,0.0018827368039637804,76486.0,77143.9688511684,0.0,76999.0,657.9688511684071,432923.0091078735,-1,1,2794
XGBoost,H6,341,2024-12-09,2024-12-17,76999.0,-0.0088962194314211,0.0022301014978438616,76314.0,77170.71558523248,0.0,76999.0,856.7155852324795,733961.5939802298,-1,1,2793
XGBoost,H7,341,2024-12-09,2024-12-18,76999.0,-0.0114806685801114,0.0025728221517056227,76115.0,77197.10473285918,0.0,76999.0,1082.1047328591812,1170950.65287624,-1,1,2792
XGBoost,H1,342,2024-12-10,2024-12-11,77745.0,0.0069715094218276,0.00034318704274483025,78287.0,77771.6810766382,0.0,77745.0,515.3189233618032,265553.59277476795,1,1,2799
XGBoost,H2,342,2024-12-10,2024-12-12,77745.0,-0.004437584410573,0.0007461070781573653,77400.0,77803.00609479134,0.0,77745.0,403.00609479134437,162413.91243897003,-1,1,2798
XGBoost,H3,342,2024-12-10,2024-12-13,77745.0,-0.0148305357257702,0.0011465713614597917,76592.0,77834.14019049669,0.0,77745.0,1242.1401904966915,1542912.252847157,-1,1,2797
XGBoost,H4,342,2024-12-10,2024-12-16,77745.0,-0.0161939674577142,0.001527797314338386,76486.0,77863.77860220324,0.0,77745.0,1377.7786022032378,1898273.8766891079,-1,1,2796
XGBoost,H5,342,2024-12-10,2024-12-17,77745.0,-0.0184063283812463,0.0018992428667843342,76314.0,77892.65663667815,0.0,77745.0,1578.656636678148,2492156.776527962,-1,1,2795
XGBoost,H6,342,2024-12-10,2024-12-18,77745.0,-0.0209659785195189,0.002238607732579112,76115.0,77919.04055816936,0.0,77745.0,1804.040558169363,3254562.335520027,-1,1,2794
XGBoost,H7,342,2024-12-10,2024-12-19,77745.0,-0.0328509872017492,0.002577659673988819,75191.0,77945.40015135426,0.0,77745.0,2754.4001513542607,7586720.193780375,-1,1,2793
XGBoost,H1,343,2024-12-11,2024-12-12,78287.0,-0.0113301058924214,0.00034298512036912143,77400.0,78313.85127611834,0.0,78287.0,913.8512761183374,835124.1548631138,-1,1,2800
XGBoost,H2,343,2024-12-11,2024-12-13,78287.0,-0.0216511042701853,0.0006212167209014297,76592.0,78335.63319342921,0.0,78287.0,1743.6331934292102,3040256.7132281456,-1,1,2799
XGBoost,H3,343,2024-12-11,2024-12-16,78287.0,-0.0230050966316246,0.0009394878870807588,76486.0,78360.54968821589,0.0,78287.0,1874.5496882158914,3513936.5335902954,-1,1,2798
XGBoost,H4,343,2024-12-11,2024-12-17,78287.0,-0.0252021408407525,0.0012468205532059073,76314.0,78384.60984064883,0.0,78287.0,2070.609840648831,4287425.112191777,-1,1,2797
XGBoost,H5,343,2024-12-11,2024-12-18,78287.0,-0.0277440698966622,0.001710022916086018,76115.0,78420.87256403163,0.0,78287.0,2305.872564031626,5317048.281553785,-1,1,2796
XGBoost,H6,343,2024-12-11,2024-12-19,78287.0,-0.039546795764303,0.002222020411863923,75191.0,78460.95531198359,0.0,78287.0,3269.955311983591,10692607.742369704,-1,1,2795
XGBoost,H7,343,2024-12-11,2024-12-20,78287.0,-0.0319465556222616,0.0024371936451643705,75786.0,78477.80057889898,0.0,78287.0,2691.800578898983,7245790.356560901,-1,1,2794
XGBoost,H1,344,2024-12-12,2024-12-13,77400.0,-0.0104392764857881,0.0003274499031249434,76592.0,77425.34462250187,0.0,77400.0,833.3446225018706,694463.2598527853,-1,1,2801
XGBoost,H2,344,2024-12-12,2024-12-16,77400.0,-0.0118087855297157,0.0006093083648011088,76486.0,77447.1604674356,0.0,77400.0,961.1604674356058,923829.4441610323,-1,1,2800
XGBoost,H3,344,2024-12-12,2024-12-17,77400.0,-0.0140310077519379,0.0009420518763363361,76314.0,77472.91481522843,0.0,77400.0,1158.9148152284324,1343083.5489559516,-1,1,2799
XGBoost,H4,344,2024-12-12,2024-12-18,77400.0,-0.0166020671834625,0.0012523458572104573,76115.0,77496.93156934809,0.0,77400.0,1381.9315693480894,1909734.8623608733,-1,1,2798
XGBoost,H5,344,2024-12-12,2024-12-19,77400.0,-0.0285400516795865,0.0016914549050852656,75191.0,77530.9186096536,0.0,77400.0,2339.9186096535996,5475219.099803234,-1,1,2797
XGBoost,H6,344,2024-12-12,2024-12-20,77400.0,-0.0208527131782946,0.002230176003649831,75786.0,77572.6156226825,0.0,77400.0,1786.615622682497,3191995.383213166,-1,1,2796
XGBoost,H7,344,2024-12-12,2024-12-23,77400.0,-0.0244702842377261,0.002451561624184251,75506.0,77589.75086971186,0.0,77400.0,2083.750869711861,4342017.687024937,-1,1,2795
XGBoost,H1,345,2024-12-13,2024-12-16,76592.0,-0.0013839565489868,0.00035492811002768576,76486.0,76619.18465380324,0.0,76592.0,133.1846538032405,17738.152008689027,-1,1,2802
XGBoost,H2,345,2024-12-13,2024-12-17,76592.0,-0.0036296218926258,0.0007488752598874271,76314.0,76649.3578539053,0.0,76592.0,335.3578539052978,112464.89017596707,-1,1,2801
XGBoost,H3,345,2024-12-13,2024-12-18,76592.0,-0.0062278044704408,0.0011393900495022535,76115.0,76679.26816267148,0.0,76592.0,564.2681626714766,318398.559404644,-1,1,2800
XGBoost,H4,345,2024-12-13,2024-12-19,76592.0,-0.0182917275955712,0.0015392245259135962,75191.0,76709.89228488877,0.0,76592.0,1518.8922848887742,2307033.773094641,-1,1,2799
XGBoost,H5,345,2024-12-13,2024-12-20,76592.0,-0.0105232922498432,0.0019394481787458062,75786.0,76740.5462149065,0.0,76592.0,954.5462149064988,911158.4763923237,-1,1,2798
XGBoost,H6,345,2024-12-13,2024-12-23,76592.0,-0.0141790265301858,0.0022799319121986628,75506.0,76766.62454501912,0.0,76592.0,1260.62454501912,1589174.2435046632,-1,1,2797
XGBoost,H7,345,2024-12-13,2024-12-24,76592.0,-0.0134478796741174,0.0025415581185370684,75562.0,76786.66301941499,0.0,76592.0,1224.6630194149911,1499799.511122643,-1,1,2796
XGBoost,H1,346,2024-12-16,2024-12-17,76486.0,-0.0022487775540621,0.0003924588963855058,76314.0,76516.01761114894,0.0,76486.0,202.0176111489418,40811.11521432505,-1,1,2803
XGBoost,H2,346,2024-12-16,2024-12-18,76486.0,-0.0048505608869596,0.0007738924468867481,76115.0,76545.19193769258,0.0,76486.0,430.1919376925798,185065.10325569648,-1,1,2802
XGBoost,H3,346,2024-12-16,2024-12-19,76486.0,-0.0169312030959913,0.0011329626431688666,75191.0,76572.65578072541,0.0,76486.0,1381.655780725414,1908972.696411953,-1,1,2801
XGBoost,H4,346,2024-12-16,2024-12-20,76486.0,-0.0091520016735088,0.0015328703448176384,75786.0,76603.24312119372,0.0,76486.0,817.2431211937219,667886.3191384564,-1,1,2800
XGBoost,H5,346,2024-12-16,2024-12-23,76486.0,-0.0128128023429123,0.0019363724859431386,75506.0,76634.10538595985,0.0,76486.0,1128.105385959847,1272621.7618316151,-1,1,2799
XGBoost,H6,346,2024-12-16,2024-12-24,76486.0,-0.0120806422090317,0.0022799987345933914,75562.0,76660.38798321411,0.0,76486.0,1098.3879832141101,1206456.1616691602,-1,1,2798
XGBoost,H7,346,2024-12-16,2024-12-26,76486.0,-0.0048636351750647,0.0026646824553608894,76114.0,76689.81090228073,0.0,76486.0,575.810902280733,331558.1951853518,-1,1,2797
XGBoost,H1,347,2024-12-17,2024-12-18,76314.0,-0.002607647351731,0.0003896847483702004,76115.0,76343.73840188712,0.0,76314.0,228.73840188712347,52321.25649787521,-1,1,2804
XGBoost,H2,347,2024-12-17,2024-12-19,76314.0,-0.0147155174673061,0.0007539877551607788,75191.0,76371.53982154734,0.0,76314.0,1180.5398215473397,1393674.2702590246,-1,1,2803
XGBoost,H3,347,2024-12-17,2024-12-20,76314.0,-0.0069187829231858,0.0010613738559186459,75786.0,76394.99768444058,0.0,76314.0,608.9976844405755,370878.1796539828,-1,1,2802
XGBoost,H4,347,2024-12-17,2024-12-23,76314.0,-0.01058783447336,0.0015240081120282412,75506.0,76430.30315506132,0.0,76314.0,924.3031550613232,854336.3224563164,-1,1,2801
XGBoost,H5,347,2024-12-17,2024-12-24,76314.0,-0.0098540241633252,0.0019289667252451181,75562.0,76461.20716667036,0.0,76314.0,899.207166670356,808573.5285913293,-1,1,2800
XGBoost,H6,347,2024-12-17,2024-12-26,76314.0,-0.0026207511072673,0.002275963546708226,76114.0,76487.68788210349,0.0,76314.0,373.6878821034916,139642.63323099303,-1,1,2799
XGBoost,H7,347,2024-12-17,2024-12-27,76314.0,-0.0069580941897947,0.002691723871976137,75783.0,76519.41621556599,0.0,76314.0,736.4162155659869,542308.8425485301,-1,1,2798
XGBoost,H1,348,2024-12-18,2024-12-19,76115.0,-0.012139525717664,0.00038940098602324724,75191.0,76144.63925605116,0.0,76115.0,953.6392560511595,909427.8306818089,-1,1,2805
XGBoost,H2,348,2024-12-18,2024-12-20,76115.0,-0.0043224068843197,0.0007516824407503009,75786.0,76172.21430897771,0.0,76115.0,386.21430897770915,149161.4924591294,-1,1,2804
XGBoost,H3,348,2024-12-18,2024-12-23,76115.0,-0.0080010510411876,0.0011363864177837968,75506.0,76201.49605218961,0.0,76115.0,695.4960521896137,483714.75861133786,-1,1,2803
XGBoost,H4,348,2024-12-18,2024-12-24,76115.0,-0.0072653222098141,0.0015181524213403463,75562.0,76230.55417155032,0.0,76115.0,668.5541715503205,446964.6802973353,-1,1,2802
XGBoost,H5,348,2024-12-18,2024-12-26,76115.0,-1.3138014845925916e-05,0.001891094958409667,76114.0,76258.94069275935,0.0,76115.0,144.9406927593518,21007.804417560816,-1,1,2801
XGBoost,H6,348,2024-12-18,2024-12-27,76115.0,-0.0043618209288576,0.002245855052024126,75783.0,76285.94325728482,0.0,76115.0,502.94325728481635,252951.92004826097,-1,1,2800
XGBoost,H7,348,2024-12-18,2024-12-30,76115.0,-0.0078565328778821,0.0025993911549448967,75517.0,76312.85265775863,0.0,76115.0,795.8526577586308,633381.4528614763,-1,1,2799
XGBoost,H1,349,2024-12-19,2024-12-20,75191.0,0.0079131810988017,0.00036963901948183775,75786.0,75218.79352751386,0.0,75191.0,567.2064724861411,321723.1824301716,1,1,2806
XGBoost,H2,349,2024-12-19,2024-12-23,75191.0,0.0041893311699539,0.0007320863660424948,75506.0,75246.0463059491,0.0,75191.0,259.9536940508988,67575.92305070828,1,1,2805
XGBoost,H3,349,2024-12-19,2024-12-24,75191.0,0.0049341011557233,0.0011285165091976523,75562.0,75275.85428484308,0.0,75191.0,286.1457151569193,81879.37030266481,1,1,2804
XGBoost,H4,349,2024-12-19,2024-12-26,75191.0,0.0122754053011664,0.0015109279192984104,76114.0,75304.60818117997,0.0,75191.0,809.3918188200332,655115.1163728015,1,1,2803
XGBoost,H5,349,2024-12-19,2024-12-27,75191.0,0.0078732827067069,0.0019022348569706082,75783.0,75334.03094113048,0.0,75191.0,448.969058869523,201573.21582218522,1,1,2802
XGBoost,H6,349,2024-12-19,2024-12-30,75191.0,0.0043356252743014,0.002246445743367076,75517.0,75359.91250188951,0.0,75191.0,157.0874981104862,24676.482062612005,1,1,2801
XGBoost,H7,349,2024-12-19,2024-12-31,75191.0,0.013844742056895,0.0026739665772765875,76232.0,75392.058220912,0.0,75191.0,839.9417790879961,705502.192257508,1,1,2800
XGBoost,H1,350,2024-12-20,2024-12-23,75786.0,-0.0036946137809094,0.0003753912169486284,75506.0,75814.44939876767,0.0,75786.0,308.44939876766875,95141.03160013634,-1,1,2807
XGBoost,H2,350,2024-12-20,2024-12-24,75786.0,-0.0029556910247274,0.0007709638448432088,75562.0,75844.42826594529,0.0,75786.0,282.4282659452874,79765.725404862,-1,1,2806
XGBoost,H3,350,2024-12-20,2024-12-26,75786.0,0.004327976143351,0.0011083032004535198,76114.0,75869.99386634957,0.0,75786.0,244.00613365042955,59538.99325903129,1,1,2805
XGBoost,H4,350,2024-12-20,2024-12-27,75786.0,-3.958514765256549e-05,0.0015069267246872187,75783.0,75900.20394875715,0.0,75786.0,117.20394875714555,13736.7656042676,-1,1,2804
XGBoost,H5,350,2024-12-20,2024-12-30,75786.0,-0.0035494682395165,0.0018975440179929137,75517.0,75929.80727094761,0.0,75786.0,412.80727094761096,170409.8429472143,-1,1,2803
XGBoost,H6,350,2024-12-20,2024-12-31,75786.0,0.0058849919510199,0.002238524379208684,76232.0,75955.64880860271,0.0,75786.0,276.3511913972907,76369.98098670198,1,1,2802
XGBoost,H7,350,2024-12-20,2025-01-01,75786.0,0.0056474810651043,0.0025670044124126434,76214.0,75980.5429963991,0.0,75786.0,233.4570036008954,54502.17253030849,1,1,2801
XGBoost,H1,351,2024-12-23,2024-12-24,75506.0,0.0007416629142054,0.00038476273766718805,75562.0,75535.0518952703,0.0,75506.0,26.9481047297013,726.2003485229495,1,1,2808
XGBoost,H2,351,2024-12-23,2024-12-26,75506.0,0.0080523402113739,0.0007450467674061656,76114.0,75562.25550121977,0.0,75506.0,551.7444987802301,304421.9919342473,1,1,2807
XGBoost,H3,351,2024-12-23,2024-12-27,75506.0,0.0036685826291951,0.0011214560363441706,75783.0,75590.6766594802,0.0,75506.0,192.32334051979706,36988.267308693816,1,1,2806
XGBoost,H4,351,2024-12-23,2024-12-30,75506.0,0.0001456837867188,0.0015025001484900713,75517.0,75619.44777621189,0.0,75506.0,102.44777621189132,10495.546850761766,1,1,2805
XGBoost,H5,351,2024-12-23,2024-12-31,75506.0,0.0096151299234497,0.0018730669980868697,76232.0,75647.42779675755,0.0,75506.0,584.5722032424528,341724.66080373555,1,1,2804
XGBoost,H6,351,2024-12-23,2025-01-01,75506.0,0.0093767382724552,0.0022098643239587545,76214.0,75672.85801564483,0.0,75506.0,541.1419843551703,292834.64723185136,1,1,2803
XGBoost,H7,351,2024-12-23,2025-01-02,75506.0,0.0177866659603209,0.0025667587760835886,76849.0,75699.80568814697,0.0,75506.0,1149.1943118530326,1320647.566395365,1,1,2802
XGBoost,H1,352,2024-12-24,2024-12-26,75562.0,0.0073052592572986,0.0003832657530438155,76114.0,75590.9603268315,0.0,75562.0,523.0396731685032,273570.49970821466,1,1,2809
XGBoost,H2,352,2024-12-24,2024-12-27,75562.0,0.0029247505359837,0.0007470899727195501,75783.0,75618.45161251863,0.0,75562.0,164.54838748136535,27076.171822717555,1,1,2808
XGBoost,H3,352,2024-12-24,2024-12-30,75562.0,-0.0005955374394537,0.0011118565453216434,75517.0,75646.0141042776,0.0,75562.0,129.01410427759402,16644.639102549903,-1,1,2807
XGBoost,H4,352,2024-12-24,2024-12-31,75562.0,0.0088668907651994,0.001500533428043127,76232.0,75675.3833068898,0.0,75562.0,556.6166931102052,309822.1430489404,1,1,2806
XGBoost,H5,352,2024-12-24,2025-01-01,75562.0,0.008628675789418,0.001868520281277597,76214.0,75703.1891294939,0.0,75562.0,510.8108705061022,260927.74542720194,1,1,2805
XGBoost,H6,352,2024-12-24,2025-01-02,75562.0,0.0170323707683757,0.002204346936196089,76849.0,75728.56486319285,0.0,75562.0,1120.4351368071511,1255374.8957920596,1,1,2804
XGBoost,H7,352,2024-12-24,2025-01-03,75562.0,0.0165559408168127,0.0025530385319143534,76813.0,75754.91269754851,0.0,75562.0,1058.0873024514876,1119548.739609066,1,1,2803
XGBoost,H1,353,2024-12-26,2024-12-27,76114.0,-0.004348740047823,0.00038892688462510705,75783.0,76143.60278089636,0.0,76114.0,360.6027808963554,130034.3655901849,-1,1,2810
XGBoost,H2,353,2024-12-26,2024-12-30,76114.0,-0.0078434979110282,0.0007491294527426362,75517.0,76171.01923916605,0.0,76114.0,654.019239166053,427741.1651993428,-1,1,2809
XGBoost,H3,353,2024-12-26,2024-12-31,76114.0,0.0015503061197676,0.0011216795537620783,76232.0,76199.37551755505,0.0,76114.0,32.62448244495317,1064.3568548010578,1,1,2808
XGBoost,H4,353,2024-12-26,2025-01-01,76114.0,0.0013138187455659,0.0015044076135382056,76214.0,76228.50648109685,0.0,76114.0,14.506481096846983,210.43799381317885,1,1,2807
XGBoost,H5,353,2024-12-26,2025-01-02,76114.0,0.0096565677799089,0.0018681499641388655,76849.0,76256.19236637047,0.0,76114.0,592.8076336295344,351420.89048944827,1,1,2806
XGBoost,H6,353,2024-12-26,2025-01-03,76114.0,0.0091835930315054,0.0022029364481568336,76813.0,76281.67430481501,0.0,76114.0,531.3256951849908,282306.9943638137,1,1,2805
XGBoost,H7,353,2024-12-26,2025-01-06,76114.0,0.0135980240166067,0.0025501407217234373,77149.0,76308.10141089326,0.0,76114.0,840.8985891067423,707110.4371617098,1,1,2804
XGBoost,H1,354,2024-12-27,2024-12-30,75783.0,-0.0035100220366045,0.0003845489991363138,75517.0,75812.14227680155,0.0,75783.0,295.14227680154727,87108.96355560115,-1,1,2811
XGBoost,H2,354,2024-12-27,2024-12-31,75783.0,0.0059248116332157,0.0007543728570453823,76232.0,75840.16863822547,0.0,75783.0,391.8313617745298,153531.81607008245,1,1,2810
XGBoost,H3,354,2024-12-27,2025-01-01,75783.0,0.0056872913450245,0.001122965943068266,76214.0,75868.10172806354,0.0,75783.0,345.8982719364576,119645.61452862757,1,1,2809
XGBoost,H4,354,2024-12-27,2025-01-02,75783.0,0.0140664792895504,0.0015037894481793046,76849.0,75896.96167575137,0.0,75783.0,952.0383242486278,906376.9708381353,1,1,2808
XGBoost,H5,354,2024-12-27,2025-01-03,75783.0,0.0135914387131679,0.0018700873479247093,76813.0,75924.72082948778,0.0,75783.0,888.2791705122218,789039.8847658808,1,1,2807
XGBoost,H6,354,2024-12-27,2025-01-06,75783.0,0.0180251507594051,0.0022012118715792894,77149.0,75949.8144392639,0.0,75783.0,1199.1855607361067,1438046.0090779706,1,1,2806
XGBoost,H7,354,2024-12-27,2025-01-07,75783.0,0.0228415343810617,0.0025471856351941824,77514.0,75976.03336899192,0.0,75783.0,1537.9666310080793,2365341.3580943416,1,1,2805
XGBoost,H1,355,2024-12-30,2024-12-31,75517.0,0.0094680667929074,0.0003831163630820811,76232.0,75545.93179839087,0.0,75517.0,686.0682016091305,470689.57725918654,1,1,2812
XGBoost,H2,355,2024-12-30,2025-01-01,75517.0,0.0092297098666525,0.0007506220135837793,76214.0,75573.6847225998,0.0,75517.0,640.3152774001937,410003.65447208704,1,1,2811
XGBoost,H3,355,2024-12-30,2025-01-02,75517.0,0.0176384125428712,0.001122345682233572,76849.0,75601.75617888523,0.0,75517.0,1247.2438211147673,1555617.1493089658,1,1,2810
XGBoost,H4,355,2024-12-30,2025-01-03,75517.0,0.0171616986903611,0.0015084311598911881,76813.0,75630.9121959015,0.0,75517.0,1182.0878040984971,1397331.576598407,1,1,2809
XGBoost,H5,355,2024-12-30,2025-01-06,75517.0,0.0216110279804546,0.0018653605366125703,77149.0,75657.86643164337,0.0,75517.0,1491.1335683566285,2223479.318679972,1,1,2808
XGBoost,H6,355,2024-12-30,2025-01-07,75517.0,0.0264443767628481,0.0022011364344507456,77514.0,75683.22322012042,0.0,75517.0,1830.776779879583,3351743.6177462554,1,1,2807
XGBoost,H7,355,2024-12-30,2025-01-08,75517.0,0.0293973542381185,0.002543332986533642,77737.0,75709.06487714406,0.0,75517.0,2027.935122855939,4112520.8625127324,1,1,2806
XGBoost,H1,356,2024-12-31,2025-01-01,76232.0,-0.0002361213138839,0.0004159807867836207,76214.0,76263.71104733809,0.0,76232.0,49.711047338088974,2471.188227449723,-1,1,2813
XGBoost,H2,356,2024-12-31,2025-01-02,76232.0,0.0080937139259102,0.0007616287330165505,76849.0,76290.06048157532,0.0,76232.0,558.9395184246823,312413.38525681576,1,1,2812
XGBoost,H3,356,2024-12-31,2025-01-03,76232.0,0.0076214712981426,0.0011412280146032572,76813.0,76318.99809400924,0.0,76232.0,494.0019059907645,244037.88312250812,1,1,2811
XGBoost,H4,356,2024-12-31,2025-01-06,76232.0,0.0120290691573092,0.0015110503882169724,77149.0,76347.19039319456,0.0,76232.0,801.8096068054438,642898.6455655004,1,1,2810
XGBoost,H5,356,2024-12-31,2025-01-07,76232.0,0.0168170846888446,0.0018683044472709298,77514.0,76374.42458462436,0.0,76232.0,1139.5754153756425,1298632.1273285681,1,1,2809
XGBoost,H6,356,2024-12-31,2025-01-08,76232.0,0.019742365410851,0.0022023175843060017,77737.0,76399.88707408682,0.0,76232.0,1337.1129259131849,1787870.9766441183,1,1,2808
XGBoost,H7,356,2024-12-31,2025-01-09,76232.0,0.0240843740161611,0.0025473383720964193,78068.0,76426.18869878165,0.0,76232.0,1641.8113012183458,2695544.348808278,1,1,2807
XGBoost,H1,357,2025-01-01,2025-01-02,76214.0,0.0083318025559608,0.0004157323273830116,76849.0,76245.68462359917,0.0,76214.0,603.3153764008312,363989.4434016766,1,1,2814
XGBoost,H2,357,2025-01-01,2025-01-03,76214.0,0.007859448395308,0.0007649969775229692,76813.0,76272.30347964494,0.0,76214.0,540.6965203550644,292352.7271240746,1,1,2813
XGBoost,H3,357,2025-01-01,2025-01-06,76214.0,0.0122680872280682,0.0011797496117651463,77149.0,76303.91343691107,0.0,76214.0,845.0865630889311,714171.299113462,1,1,2812
XGBoost,H4,357,2025-01-01,2025-01-07,76214.0,0.0170572335791323,0.001510976697318256,77514.0,76329.15757800941,0.0,76214.0,1184.8424219905864,1403851.564948519,1,1,2811
XGBoost,H5,357,2025-01-01,2025-01-08,76214.0,0.0199832051853989,0.0018707335693761706,77737.0,76356.57608825644,0.0,76214.0,1380.4239117435645,1905570.1761134043,1,1,2810
XGBoost,H6,357,2025-01-01,2025-01-09,76214.0,0.0243262392736243,0.0022050742991268635,78068.0,76382.05753263365,0.0,76214.0,1685.9424673663452,2842402.00326932,1,1,2809
XGBoost,H7,357,2025-01-01,2025-01-10,76214.0,0.0286561524129425,0.0025482019409537315,78398.0,76408.20866272785,0.0,76214.0,1989.7913372721523,3959269.5658833003,1,1,2808
XGBoost,H1,358,2025-01-02,2025-01-03,76849.0,-0.000468451118427,0.00038608943577855825,76813.0,76878.67058705015,0.0,76849.0,65.67058705014642,4312.626003510859,-1,1,2815
XGBoost,H2,358,2025-01-02,2025-01-06,76849.0,0.0039037593202253,0.0007942343363538384,77149.0,76910.03611451446,0.0,76849.0,238.96388548554387,57103.738566348125,1,1,2814
XGBoost,H3,358,2025-01-02,2025-01-07,76849.0,0.0086533331598328,0.0012028339551761746,77514.0,76941.43658662133,0.0,76849.0,572.5634133786662,327828.8623398293,1,1,2813
XGBoost,H4,358,2025-01-02,2025-01-08,76849.0,0.0115551275878671,0.0014123677974566817,77737.0,76957.53905286675,0.0,76849.0,779.4609471332515,607559.3681058654,1,1,2812
XGBoost,H5,358,2025-01-02,2025-01-09,76849.0,0.0158622753711823,0.0017452928004786372,78068.0,76983.12400642398,0.0,76849.0,1084.8759935760172,1176955.9214375506,1,1,2811
XGBoost,H6,358,2025-01-02,2025-01-10,76849.0,0.0201564106234304,0.002064930507913232,78398.0,77007.68784460262,0.0,76849.0,1390.312155397376,1932967.8894456974,1,1,2810
XGBoost,H7,358,2025-01-02,2025-01-13,76849.0,0.0170464156983174,0.0024036583490669727,78159.0,77033.71874046745,0.0,76849.0,1125.2812595325522,1266257.913055167,1,1,2809
XGBoost,H1,359,2025-01-03,2025-01-06,76813.0,0.0043742595654381,0.00038260334986262023,77149.0,76842.388911113,0.0,76813.0,306.61108888700255,94010.35982847337,1,1,2816
XGBoost,H2,359,2025-01-03,2025-01-07,76813.0,0.0091260593909885,0.0007933537708595395,77514.0,76873.93988320103,0.0,76813.0,640.0601167989662,409676.9531167062,1,1,2815
XGBoost,H3,359,2025-01-03,2025-01-08,76813.0,0.0120292138049549,0.001204990898258984,77737.0,76905.55896586797,0.0,76813.0,831.4410341320327,691294.1932385439,1,1,2814
XGBoost,H4,359,2025-01-03,2025-01-09,76813.0,0.0163383802220977,0.0014179495628923178,78068.0,76921.91695977445,0.0,76813.0,1146.0830402255524,1313506.3350926451,1,1,2813
XGBoost,H5,359,2025-01-03,2025-01-10,76813.0,0.0206345280095816,0.0017492648912593722,78398.0,76947.3662840923,0.0,76813.0,1450.6337159076938,2104338.177728164,1,1,2812
XGBoost,H6,359,2025-01-03,2025-01-13,76813.0,0.0175230755210706,0.0018741550156846642,78159.0,76956.95946921979,0.0,76813.0,1202.0405307802139,1444901.4376383782,1,1,2811
XGBoost,H7,359,2025-01-03,2025-01-14,76813.0,0.0174189264837982,0.002195005537942052,78151.0,76981.60496038594,0.0,76813.0,1169.3950396140572,1367484.7586739624,1,1,2810
XGBoost,H1,360,2025-01-06,2025-01-07,77149.0,0.0047311047453628,0.00031036321888677776,77514.0,77172.9442119739,0.0,77149.0,341.055788026104,116319.05054610677,1,1,2817
XGBoost,H2,360,2025-01-06,2025-01-08,77149.0,0.0076216153158175,0.0005434025661088526,77737.0,77190.92296457273,0.0,77149.0,546.0770354272681,298200.12862103386,1,1,2816
XGBoost,H3,360,2025-01-06,2025-01-09,77149.0,0.011912014413667,0.000901011866517365,78068.0,77218.51216448995,0.0,77149.0,849.4878355100518,721629.5826795528,1,1,2815
XGBoost,H4,360,2025-01-06,2025-01-10,77149.0,0.0161894515807075,0.0011249131057411432,78398.0,77235.78592119482,0.0,77149.0,1162.2140788051765,1350741.564972965,1,1,2814
XGBoost,H5,360,2025-01-06,2025-01-13,77149.0,0.0130915501173054,0.0015212269499897957,78159.0,77266.36113796476,0.0,77149.0,892.6388620352373,796804.1380155634,1,1,2813
XGBoost,H6,360,2025-01-06,2025-01-14,77149.0,0.0129878546708317,0.002046054694801569,78151.0,77306.85107364925,0.0,77149.0,844.1489263507538,712587.4098591303,1,1,2812
XGBoost,H7,360,2025-01-06,2025-01-15,77149.0,0.0195595535911028,0.002413257025182247,78658.0,77335.18036623579,0.0,77149.0,1322.8196337642148,1749851.7834720914,1,1,2811
XGBoost,H1,361,2025-01-07,2025-01-08,77514.0,0.0028768996568362,0.00039309985004365444,77737.0,77544.47074177628,0.0,77514.0,192.52925822371617,37067.51527217438,1,1,2818
XGBoost,H2,361,2025-01-07,2025-01-09,77514.0,0.0071470960084629,0.0007571934838779271,78068.0,77572.69309570931,0.0,77514.0,495.30690429068636,245328.92943802313,1,1,2817
XGBoost,H3,361,2025-01-07,2025-01-10,77514.0,0.0114043914647676,0.001146145979873836,78398.0,77602.84235948394,0.0,77514.0,795.1576405160595,632275.6732710669,1,1,2816
XGBoost,H4,361,2025-01-07,2025-01-13,77514.0,0.0083210774827773,0.001427315641194582,78159.0,77624.63694461156,0.0,77514.0,534.3630553884432,285543.87496407237,1,1,2815
XGBoost,H5,361,2025-01-07,2025-01-14,77514.0,0.0082178703202002,0.0017619276186451316,78151.0,77650.57405743166,0.0,77514.0,500.42594256834127,250426.12399541278,1,1,2814
XGBoost,H6,361,2025-01-07,2025-01-15,77514.0,0.0147586242485229,0.0020827208645641804,78658.0,77675.44002509583,0.0,77514.0,982.5599749041721,965424.1042836873,1,1,2813
XGBoost,H7,361,2025-01-07,2025-01-16,77514.0,0.0212348737002348,0.002420500386506319,79160.0,77701.62266695965,0.0,77514.0,1458.3773330403492,2126864.4455258814,1,1,2812
XGBoost,H1,362,2025-01-08,2025-01-09,77737.0,0.0042579466663237,0.0003940178139600903,78068.0,77767.62976280382,0.0,77737.0,300.37023719618446,90222.27939329212,1,1,2819
XGBoost,H2,362,2025-01-08,2025-01-10,77737.0,0.0085030294454377,0.0006547512020915747,78398.0,77787.898394197,0.0,77737.0,610.1016058030073,372223.96940340806,1,1,2818
XGBoost,H3,362,2025-01-08,2025-01-13,77737.0,0.0054285604023824,0.0009319375967606902,78159.0,77809.44603295939,0.0,77737.0,349.5539670406142,122187.97587383082,1,1,2817
XGBoost,H4,362,2025-01-08,2025-01-14,77737.0,0.0053256493047069,0.0013235065853223205,78151.0,77839.8854314232,0.0,77737.0,311.1145685767988,96792.27478072763,1,1,2816
XGBoost,H5,362,2025-01-08,2025-01-15,77737.0,0.0118476401198914,0.0017158749978989363,78658.0,77870.38697471167,0.0,77737.0,787.6130252883304,620334.2776038361,1,1,2815
XGBoost,H6,362,2025-01-08,2025-01-16,77737.0,0.0183053114990288,0.0020613642409443855,79160.0,77897.2442719983,0.0,77737.0,1262.7557280017063,1594552.0286011193,1,1,2814
XGBoost,H7,362,2025-01-08,2025-01-17,77737.0,0.0162856812071472,0.0024302012752741575,79003.0,77925.91655653599,0.0,77737.0,1077.0834434640128,1160108.7441842952,1,1,2813
XGBoost,H1,363,2025-01-09,2025-01-10,78068.0,0.0042270840805451,0.0003954515850637108,78398.0,78098.87211434275,0.0,78068.0,299.1278856572462,89477.49197777457,1,1,2820
XGBoost,H2,363,2025-01-09,2025-01-13,78068.0,0.0011656504585746,0.0007885465165600181,78159.0,78129.56024945481,0.0,78068.0,29.43975054519251,866.6989121631627,1,1,2819
XGBoost,H3,363,2025-01-09,2025-01-14,78068.0,0.0010631756929855,0.0009928044164553285,78151.0,78145.50625518383,0.0,78068.0,5.493744816165417,30.181232105144396,1,1,2818
XGBoost,H4,363,2025-01-09,2025-01-15,78068.0,0.0075575139621868,0.0014499652897939086,78658.0,78181.19589024363,0.0,78068.0,476.80410975636914,227342.15908056372,1,1,2817
XGBoost,H5,363,2025-01-09,2025-01-16,78068.0,0.0139878055028948,0.0019017512677237391,79160.0,78216.46591796866,0.0,78068.0,943.5340820313431,890256.5639547294,1,1,2816
XGBoost,H6,363,2025-01-09,2025-01-17,78068.0,0.0119767382282112,0.0020966804586350918,79003.0,78231.68365004472,0.0,78068.0,771.3163499552757,594928.9117083292,1,1,2815
XGBoost,H7,363,2025-01-09,2025-01-20,78068.0,0.0059179177127632,0.0024377566296607256,78530.0,78258.31078456435,0.0,78068.0,271.6892154356465,73815.02978403712,1,1,2814
XGBoost,H1,364,2025-01-10,2025-01-13,78398.0,-0.0030485471568152,0.0003162747889291495,78159.0,78422.79531090247,0.0,78398.0,263.79531090246746,69587.96605412947,-1,1,2821
XGBoost,H2,364,2025-01-10,2025-01-14,78398.0,-0.0031505905762901,0.0005553558585233986,78151.0,78441.53878859652,0.0,78398.0,290.5387885965174,84412.78767913183,-1,1,2820
XGBoost,H3,364,2025-01-10,2025-01-15,78398.0,0.0033164111329371,0.00062640814576298,78658.0,78447.10914581153,0.0,78398.0,210.8908541884739,44474.952380344155,1,1,2819
XGBoost,H4,364,2025-01-10,2025-01-16,78398.0,0.0097196357049924,0.0009070886299014091,79160.0,78469.11393440701,0.0,78398.0,690.8860655929893,477323.5556305603,1,1,2818
XGBoost,H5,364,2025-01-10,2025-01-17,78398.0,0.0077170335977958,0.001094272593036294,79003.0,78483.78878274886,0.0,78398.0,519.2112172511406,269580.28811941115,1,1,2817
XGBoost,H6,364,2025-01-10,2025-01-20,78398.0,0.0016837164213372,0.0012411767384037375,78530.0,78495.30577393738,0.0,78398.0,34.694226062623784,1203.6893220844433,1,1,2816
XGBoost,H7,364,2025-01-10,2025-01-21,78398.0,0.0099619888262456,0.0018851130735129118,79179.0,78545.78909473727,0.0,78398.0,633.2109052627347,400956.05054365203,1,1,2815
XGBoost,H1,365,2025-01-13,2025-01-14,78159.0,-0.000102355454906,0.0003956506843678653,78151.0,78189.92366183951,0.0,78159.0,38.923661839507986,1515.0514509963702,-1,1,2822
XGBoost,H2,365,2025-01-13,2025-01-15,78159.0,0.0063844214997632,0.0007795861456543207,78658.0,78219.9316735582,0.0,78159.0,438.06832644180395,191903.85863152292,1,1,2821
XGBoost,H3,365,2025-01-13,2025-01-16,78159.0,0.0128072262951164,0.0009607484098523855,79160.0,78234.09113496565,0.0,78159.0,925.9088650343474,857307.2263491934,1,1,2820
XGBoost,H4,365,2025-01-13,2025-01-17,78159.0,0.0107985004925856,0.001336045446805656,79003.0,78263.42397607688,0.0,78159.0,739.5760239231167,546972.6951619266,1,1,2819
XGBoost,H5,365,2025-01-13,2025-01-20,78159.0,0.0047467342212668,0.0012144604697823524,78530.0,78253.92101585772,0.0,78159.0,276.0789841422811,76219.60548503391,1,1,2818
XGBoost,H6,365,2025-01-13,2025-01-21,78159.0,0.0130503205005181,0.0011472926707938313,79179.0,78248.67124785658,0.0,78159.0,930.3287521434249,865511.5870647422,1,1,2817
XGBoost,H7,365,2025-01-13,2025-01-22,78159.0,0.0176051382438362,0.0012220025528222322,79535.0,78254.51049752603,0.0,78159.0,1280.4895024739671,1639653.365946028,1,1,2816
XGBoost,H1,366,2025-01-14,2025-01-15,78151.0,0.006487440979642,0.00039610746898688376,78658.0,78181.9561948088,0.0,78151.0,476.04380519120605,226617.70446092292,1,1,2823
XGBoost,H2,366,2025-01-14,2025-01-16,78151.0,0.0129109032513978,0.0007864053477533162,79160.0,78212.45836433227,0.0,78151.0,947.5416356677306,897835.1513238783,1,1,2822
XGBoost,H3,366,2025-01-14,2025-01-17,78151.0,0.010901971823777,0.0009376202360726893,79003.0,78224.27595906932,0.0,78151.0,778.7240409306833,606411.1319234124,1,1,2821
XGBoost,H4,366,2025-01-14,2025-01-20,78151.0,0.0048495860577599,0.0013157580979168415,78530.0,78253.8278111103,0.0,78151.0,276.1721888897009,76271.07791612865,1,1,2820
XGBoost,H5,366,2025-01-14,2025-01-21,78151.0,0.0131540223413648,0.0012339373352006078,79179.0,78247.43343668326,0.0,78151.0,931.5665633167373,867816.2618897568,1,1,2819
XGBoost,H6,366,2025-01-14,2025-01-22,78151.0,0.017709306342849,0.0011511497432366014,79535.0,78240.96350358368,0.0,78151.0,1294.0364964163164,1674530.4540574152,1,1,2818
XGBoost,H7,366,2025-01-14,2025-01-23,78151.0,0.0184642550959039,0.0012272120220586658,79594.0,78246.9078467359,0.0,78151.0,1347.0921532640932,1814657.2693856913,1,1,2817
XGBoost,H1,367,2025-01-15,2025-01-16,78658.0,0.0063820590404026,0.00039930190541781485,79160.0,78689.40828927635,0.0,78658.0,470.5917107236455,221456.55820180726,1,1,2824
XGBoost,H2,367,2025-01-15,2025-01-17,78658.0,0.0043860764321492,0.0007795867859385908,79003.0,78719.32073740836,0.0,78658.0,283.6792625916423,80473.92402453796,1,1,2823
XGBoost,H3,367,2025-01-15,2025-01-20,78658.0,-0.0016272979226524,0.0009837853722274303,78530.0,78735.38258980867,0.0,78658.0,205.38258980866522,42182.008196514435,-1,1,2822
XGBoost,H4,367,2025-01-15,2025-01-21,78658.0,0.0066236110757964,0.0013178378576412797,79179.0,78761.65849020635,0.0,78658.0,417.3415097936522,174173.93579684512,1,1,2821
XGBoost,H5,367,2025-01-15,2025-01-22,78658.0,0.0111495334231737,0.001237615360878408,79535.0,78755.34834905597,0.0,78658.0,779.6516509440262,607856.6968197457,1,1,2820
XGBoost,H6,367,2025-01-15,2025-01-23,78658.0,0.0118996160593962,0.001464302302338183,79594.0,78773.17909049732,0.0,78658.0,820.8209095026832,673746.9654768121,1,1,2819
XGBoost,H7,367,2025-01-15,2025-01-24,78658.0,0.0163492588166493,0.001234784023836255,79944.0,78755.12564174691,0.0,78658.0,1188.8743582530878,1413422.2397116914,1,1,2818
XGBoost,H1,368,2025-01-16,2025-01-17,79160.0,-0.0019833249115714,0.00040149991400539875,79003.0,79191.78273319267,0.0,79160.0,188.78273319266737,35638.920351693836,-1,1,2825
XGBoost,H2,368,2025-01-16,2025-01-20,79160.0,-0.0079585649317837,0.0007905670790933073,78530.0,79222.58128998103,0.0,79160.0,692.5812899810262,479668.8432317823,-1,1,2824
XGBoost,H3,368,2025-01-16,2025-01-21,79160.0,0.0002400202122283,0.0010859996546059847,79179.0,79245.96773265861,0.0,79160.0,66.96773265860975,4484.677217435026,1,1,2823
XGBoost,H4,368,2025-01-16,2025-01-22,79160.0,0.0047372410308237,0.0014378005871549249,79535.0,79273.81629447918,0.0,79160.0,261.18370552081615,68216.92802958441,1,1,2822
XGBoost,H5,368,2025-01-16,2025-01-23,79160.0,0.0054825669530065,0.0012417281977832317,79594.0,79258.29520413652,0.0,79160.0,335.7047958634794,112697.70996574036,1,1,2821
XGBoost,H6,368,2025-01-16,2025-01-24,79160.0,0.0099039919151087,0.0014706207439303398,79944.0,79276.41433808953,0.0,79160.0,667.5856619104743,445670.6159884461,1,1,2820
XGBoost,H7,368,2025-01-16,2025-01-27,79160.0,0.0044214249621019,0.00174627429805696,79510.0,79298.23507343419,0.0,79160.0,211.76492656581104,44844.38412342334,1,1,2819
XGBoost,H1,369,2025-01-17,2025-01-20,79003.0,-0.0059871144133767,0.0003990588884335011,78530.0,79034.52684936291,0.0,79003.0,504.5268493629119,254547.34172806639,-1,1,2826
XGBoost,H2,369,2025-01-17,2025-01-21,79003.0,0.0022277635026517,0.0008021888206712902,79179.0,79066.3753233995,0.0,79003.0,112.62467660050606,12684.317779368577,1,1,2825
XGBoost,H3,369,2025-01-17,2025-01-22,79003.0,0.0067339214966519,0.001083678682334721,79535.0,79088.61386694049,0.0,79003.0,446.38613305951003,199260.5797878226,1,1,2824
XGBoost,H4,369,2025-01-17,2025-01-23,79003.0,0.0074807285799274,0.0015528284711763263,79594.0,79125.67810770834,0.0,79003.0,468.3218922916567,219325.3947996381,1,1,2823
XGBoost,H5,369,2025-01-17,2025-01-24,79003.0,0.0119109400908825,0.001441525062546134,79944.0,79116.88480451633,0.0,79003.0,827.1151954836678,684119.5465999859,1,1,2822
XGBoost,H6,369,2025-01-17,2025-01-27,79003.0,0.006417477817298,0.0014741438208147883,79510.0,79119.46178427583,0.0,79003.0,390.5382157241693,152520.09794101777,1,1,2821
XGBoost,H7,369,2025-01-17,2025-01-28,79003.0,0.0146829867220232,0.0017517011146992445,80163.0,79141.38964316458,0.0,79003.0,1021.6103568354156,1043687.7211933852,1,1,2820
XGBoost,H1,370,2025-01-20,2025-01-21,78530.0,0.0082643575703553,0.0003599822230171412,79179.0,78558.26940397354,0.0,78530.0,620.7305960264639,385306.4728433691,1,1,2827
XGBoost,H2,370,2025-01-20,2025-01-22,78530.0,0.0127976569463899,0.0007939173374325037,79535.0,78592.34632850857,0.0,78530.0,942.6536714914255,888595.9443762643,1,1,2826
XGBoost,H3,370,2025-01-20,2025-01-23,78530.0,0.0135489621800586,0.0010826240759342909,79594.0,78615.01846868312,0.0,78530.0,978.9815313168801,958404.8386595435,1,1,2825
XGBoost,H4,370,2025-01-20,2025-01-24,78530.0,0.0180058576340251,0.0014289970276877284,79944.0,78642.21913658432,0.0,78530.0,1301.7808634156827,1694633.4163552802,1,1,2824
XGBoost,H5,370,2025-01-20,2025-01-27,78530.0,0.0124793072711066,0.0016435165889561176,79510.0,78659.06535773072,0.0,78530.0,850.9346422692761,724089.7654139409,1,1,2823
XGBoost,H6,370,2025-01-20,2025-01-28,78530.0,0.0207946007895072,0.0014535901136696339,80163.0,78644.15043162648,0.0,78530.0,1518.8495683735237,2306904.011348439,1,1,2822
XGBoost,H7,370,2025-01-20,2025-01-29,78530.0,0.022666496880173,0.0017727985978126526,80310.0,78669.21787388623,0.0,78530.0,1640.7821261137724,2692165.985374431,1,1,2821
XGBoost,H1,371,2025-01-21,2025-01-22,79179.0,0.0044961416537212,0.00040038180304691195,79535.0,79210.70183078345,0.0,79179.0,324.29816921654856,105169.30255720517,1,1,2828
XGBoost,H2,371,2025-01-21,2025-01-23,79179.0,0.0052412887255459,0.0007830624817870557,79594.0,79241.00210424542,0.0,79179.0,352.9978957545827,124607.51440716324,1,1,2827
XGBoost,H3,371,2025-01-21,2025-01-24,79179.0,0.0096616527109461,0.0010742582380771637,79944.0,79264.05869303271,0.0,79179.0,679.9413069672883,462320.1809203841,1,1,2826
XGBoost,H4,371,2025-01-21,2025-01-27,79179.0,0.0041804013690498,0.0014310290571302176,79510.0,79292.30744971451,0.0,79179.0,217.6925502854865,47390.04644979907,1,1,2825
XGBoost,H5,371,2025-01-21,2025-01-28,79179.0,0.0124275376046678,0.0014991220086812973,80163.0,79297.69898152538,0.0,79179.0,865.3010184746236,748745.8525732209,1,1,2824
XGBoost,H6,371,2025-01-21,2025-01-29,79179.0,0.0142840904785359,0.0015620694030076265,80310.0,79302.68309326074,0.0,79179.0,1007.3169067392591,1014687.3506027493,1,1,2823
XGBoost,H7,371,2025-01-21,2025-01-30,79179.0,0.0298058828729839,0.0018162678461521864,81539.0,79322.81027179048,0.0,79179.0,2216.189728209516,4911496.911421369,1,1,2822
XGBoost,H1,372,2025-01-22,2025-01-23,79535.0,0.0007418117809769,0.0004018361505586654,79594.0,79566.96003823468,0.0,79535.0,27.039961765316548,731.1595322697808,1,1,2829
XGBoost,H2,372,2025-01-22,2025-01-24,79535.0,0.0051423901427045,0.0008024434791877866,79944.0,79598.8223421172,0.0,79535.0,345.1776578827994,119147.6155014549,1,1,2828
XGBoost,H3,372,2025-01-22,2025-01-27,79535.0,-0.0003143270258376,0.0010960823856294155,79510.0,79622.17691254104,0.0,79535.0,112.17691254103556,12583.659707239141,-1,1,2827
XGBoost,H4,372,2025-01-22,2025-01-28,79535.0,0.0078958948890426,0.0015593755524605513,80163.0,79659.02493456495,0.0,79535.0,503.97506543505006,253990.86658026298,1,1,2826
XGBoost,H5,372,2025-01-22,2025-01-29,79535.0,0.0097441378009681,0.0017807960975915194,80310.0,79676.63561762194,0.0,79535.0,633.3643823780585,401150.44086513954,1,1,2825
XGBoost,H6,372,2025-01-22,2025-01-30,79535.0,0.0251964543911484,0.0016734402161091566,81539.0,79668.09706758824,0.0,79535.0,1870.9029324117582,3500277.782506916,1,1,2824
XGBoost,H7,372,2025-01-22,2025-01-31,79535.0,0.0289306594581002,0.002172849141061306,81836.0,79707.81755643431,0.0,79535.0,2128.182443565689,4529160.513101228,1,1,2823
XGBoost,H1,373,2025-01-23,2025-01-24,79594.0,0.0043973163806316,0.00040184392128139734,79944.0,79625.98436507047,0.0,79594.0,318.01563492952846,101133.94405963112,1,1,2830
XGBoost,H2,373,2025-01-23,2025-01-27,79594.0,-0.0010553559313516,0.0008049292955547571,79510.0,79658.06754235039,0.0,79594.0,148.06754235038534,21923.997097683157,-1,1,2829
XGBoost,H3,373,2025-01-23,2025-01-28,79594.0,0.0071487800587983,0.0011659169103950262,80163.0,79686.79999056598,0.0,79594.0,476.2000094340183,226766.4489849591,1,1,2828
XGBoost,H4,373,2025-01-23,2025-01-29,79594.0,0.0089956529386636,0.0015615381998941302,80310.0,79718.28907148237,0.0,79594.0,591.7109285176266,350121.8229271918,1,1,2827
XGBoost,H5,373,2025-01-23,2025-01-30,79594.0,0.0244365153152248,0.0018028175691142678,81539.0,79737.49346159608,0.0,79594.0,1801.506538403919,3245425.807912071,1,1,2826
XGBoost,H6,373,2025-01-23,2025-01-31,79594.0,0.0281679523582178,0.0019685078877955675,81836.0,79750.6814168212,0.0,79594.0,2085.3185831787996,4348553.593350836,1,1,2825
XGBoost,H7,373,2025-01-23,2025-02-01,79594.0,0.0259944216900771,0.00199516792781651,81663.0,79752.80339604663,0.0,79594.0,1910.1966039533727,3648851.065754998,1,1,2824
XGBoost,H1,374,2025-01-24,2025-01-27,79944.0,-0.005428800160112,0.0004032978031318635,79510.0,79976.24123957357,0.0,79944.0,466.2412395735737,217380.89347910255,-1,1,2831
XGBoost,H2,374,2025-01-24,2025-01-28,79944.0,0.0027394175923145,0.0008054128265939653,80163.0,80008.38792300923,0.0,79944.0,154.61207699077204,23904.89435140042,1,1,2830
XGBoost,H3,374,2025-01-24,2025-01-29,79944.0,0.0045782047433202,0.0011684836354106665,80310.0,80037.41325574927,0.0,79944.0,272.5867442507297,74303.53314121271,1,1,2829
XGBoost,H4,374,2025-01-24,2025-01-30,79944.0,0.0199514660262183,0.0015649411361664534,81539.0,80069.10765418969,0.0,79944.0,1469.892345810309,2160583.5082717333,1,1,2828
XGBoost,H5,374,2025-01-24,2025-01-31,79944.0,0.0236665665966175,0.0018232516013085842,81836.0,80089.75802601501,0.0,79944.0,1746.2419739849865,3049361.0317069823,1,1,2827
XGBoost,H6,374,2025-01-24,2025-02-01,79944.0,0.0215025517862503,0.0018753120675683022,81663.0,80093.91994792968,0.0,79944.0,1569.0800520703197,2462012.209804997,1,1,2826
XGBoost,H7,374,2025-01-24,2025-02-03,79944.0,0.0335359751826278,0.00246118800714612,82625.0,80140.75721404329,0.0,79944.0,2484.2427859567106,6171462.219577959,1,1,2825
XGBoost,H1,375,2025-01-27,2025-01-28,79510.0,0.0082128034209534,0.0004011784621980041,80163.0,79541.89769952936,0.0,79510.0,621.1023004706367,385768.06764991704,1,1,2832
XGBoost,H2,375,2025-01-27,2025-01-29,79510.0,0.010061627468243,0.0007910234853625298,80310.0,79572.89427732117,0.0,79510.0,737.1057226788253,543324.8464058733,1,1,2831
XGBoost,H3,375,2025-01-27,2025-01-30,79510.0,0.0255188026663313,0.0011680206516757607,81539.0,79602.86932201474,0.0,79510.0,1936.1306779852603,3748602.0022356636,1,1,2830
XGBoost,H4,375,2025-01-27,2025-01-31,79510.0,0.0292541818639164,0.0015658463817089796,81836.0,79634.50044580968,0.0,79510.0,2201.499554190319,4846600.2871001735,1,1,2829
XGBoost,H5,375,2025-01-27,2025-02-01,79510.0,0.0270783549239088,0.0018262931844219565,81663.0,79655.20857109339,0.0,79510.0,2007.7914289066102,4031226.4219908477,1,1,2828
XGBoost,H6,375,2025-01-27,2025-02-03,79510.0,0.0391774619544711,0.00174517126288265,82625.0,79648.7585671118,0.0,79510.0,2976.2414328882005,8858013.066840408,1,1,2827
XGBoost,H7,375,2025-01-27,2025-02-04,79510.0,0.0459313293925292,0.002510526217520237,83162.0,79709.61193955503,0.0,79510.0,3452.388060444966,11918983.319902955,1,1,2826
XGBoost,H1,376,2025-01-28,2025-01-29,80163.0,0.001833763706448,0.0004040398634970188,80310.0,80195.38904757751,0.0,80163.0,114.61095242248848,13135.670415189918,1,1,2833
XGBoost,H2,376,2025-01-28,2025-01-30,80163.0,0.0171650262589972,0.0007920744246803224,81539.0,80226.49506210565,0.0,80163.0,1312.5049378943513,1722669.211997055,1,1,2832
XGBoost,H3,376,2025-01-28,2025-01-31,80163.0,0.0208699774210046,0.0011549628106877208,81836.0,80255.58528379316,0.0,80163.0,1580.4147162068402,2497710.6752031473,1,1,2831
XGBoost,H4,376,2025-01-28,2025-02-01,80163.0,0.0187118745555929,0.0015694175381213427,81663.0,80288.80921810842,0.0,80163.0,1374.1907818915788,1888400.3050357888,1,1,2830
XGBoost,H5,376,2025-01-28,2025-02-03,80163.0,0.0307124234372466,0.001949171768501401,82625.0,80319.25145647838,0.0,80163.0,2305.748543521622,5316476.345952082,1,1,2829
XGBoost,H6,376,2025-01-28,2025-02-04,80163.0,0.0374112745281489,0.0018968441290780902,83162.0,80315.05671591929,0.0,80163.0,2846.943284080713,8105086.062772276,1,1,2828
XGBoost,H7,376,2025-01-28,2025-02-05,80163.0,0.0475655851203173,0.002524987095966935,83976.0,80365.410540574,0.0,80163.0,3610.5894594260026,13036356.244518153,1,1,2827
XGBoost,H1,377,2025-01-29,2025-01-30,80310.0,0.015303200099614,0.0004062320222146809,81539.0,80342.62449370406,0.0,80310.0,1196.375506295939,1431314.3520648642,1,1,2834
XGBoost,H2,377,2025-01-29,2025-01-31,80310.0,0.0190013696924418,0.0008053315104916692,81836.0,80374.67617360759,0.0,80310.0,1461.323826392414,2135467.325582166,1,1,2833
XGBoost,H3,377,2025-01-29,2025-02-01,80310.0,0.0168472170339932,0.0011723791249096394,81663.0,80404.1537675215,0.0,80310.0,1258.8462324785069,1584693.8370253309,1,1,2832
XGBoost,H4,377,2025-01-29,2025-02-03,80310.0,0.0288258000249035,0.0015720713417977095,82625.0,80436.25304945977,0.0,80310.0,2188.746950540226,4790613.213499138,1,1,2831
XGBoost,H5,377,2025-01-29,2025-02-04,80310.0,0.0355123894907234,0.0019518764456734061,83162.0,80466.75519735203,0.0,80310.0,2695.2448026479688,7264344.546200888,1,1,2830
XGBoost,H6,377,2025-01-29,2025-02-05,80310.0,0.0456481135599551,0.0023026650305837393,83976.0,80494.92702860618,0.0,80310.0,3481.07297139382,12117869.032168599,1,1,2829
XGBoost,H7,377,2025-01-29,2025-02-06,80310.0,0.044153903623459,0.0025336032267659903,83856.0,80513.47367514158,0.0,80310.0,3342.5263248584233,11172482.232371558,1,1,2828
XGBoost,H1,378,2025-01-30,2025-01-31,81539.0,0.0036424287764136,0.00043831407674588263,81836.0,81574.73969150378,0.0,81539.0,261.2603084962175,68256.94879553873,1,1,2835
XGBoost,H2,378,2025-01-30,2025-02-01,81539.0,0.0015207446743277,0.0008268974488601089,81663.0,81606.4243910826,0.0,81539.0,56.575608917395584,3200.7995243740907,1,1,2834
XGBoost,H3,378,2025-01-30,2025-02-03,81539.0,0.0133187799703209,0.0011959008406847715,82625.0,81636.5125586486,0.0,81539.0,988.4874413514044,977107.4217094462,1,1,2833
XGBoost,H4,378,2025-01-30,2025-02-04,81539.0,0.0199045855357558,0.0015787830343469977,83162.0,81667.73238983762,0.0,81539.0,1494.2676101623802,2232835.690780391,1,1,2832
XGBoost,H5,378,2025-01-30,2025-02-05,81539.0,0.0298875384785195,0.001960317837074399,83976.0,81698.84235611721,0.0,81539.0,2277.1576438827906,5185446.935093822,1,1,2831
XGBoost,H6,378,2025-01-30,2025-02-06,81539.0,0.0284158500840088,0.002307102782651782,83856.0,81727.11885379464,0.0,81539.0,2128.8811462053563,4532134.934668632,1,1,2830
XGBoost,H7,378,2025-01-30,2025-02-07,81539.0,0.0348176946001299,0.002541718538850546,84378.0,81746.24918793933,0.0,81539.0,2631.7508120606653,6926112.336781971,1,1,2829
XGBoost,H1,379,2025-01-31,2025-02-01,81836.0,-0.0021139840656924,0.00043940969044342637,81663.0,81871.95953142713,0.0,81836.0,208.95953142712824,43664.085774244995,-1,1,2836
XGBoost,H2,379,2025-01-31,2025-02-03,81836.0,0.009641233686886,0.0008343145018443465,82625.0,81904.27696157293,0.0,81836.0,720.7230384270661,519441.69811954215,1,1,2835
XGBoost,H3,379,2025-01-31,2025-02-04,81836.0,0.0162031379832836,0.0012050176737830043,83162.0,81934.6138263517,0.0,81836.0,1227.386173648294,1506476.8192630003,1,1,2834
XGBoost,H4,379,2025-01-31,2025-02-05,81836.0,0.0261498606970038,0.0015889288624748588,83976.0,81966.03158238949,0.0,81836.0,2009.9684176105075,4039973.0397916874,1,1,2833
XGBoost,H5,379,2025-01-31,2025-02-06,81836.0,0.0246835133681997,0.001968630123883486,83856.0,81997.10481481813,0.0,81836.0,1858.895185181871,3455491.3094923426,1,1,2832
XGBoost,H6,379,2025-01-31,2025-02-07,81836.0,0.0310621242484969,0.0023169515188783407,84378.0,82025.61004449893,0.0,81836.0,2352.389955501072,5533738.502742336,1,1,2831
XGBoost,H7,379,2025-01-31,2025-02-10,81836.0,0.0424263160467275,0.0026933925691992044,85308.0,82056.41647429299,0.0,81836.0,3251.583525707014,10572795.424649255,1,1,2830
XGBoost,H1,380,2025-02-01,2025-02-03,81663.0,0.0117801207401149,0.0004099637153558433,82625.0,81696.4788668871,0.0,81663.0,928.5211331128958,862151.4946372559,1,1,2837
XGBoost,H2,380,2025-02-01,2025-02-04,81663.0,0.018355926184441,0.0008232296677306294,83162.0,81730.22740435589,0.0,81663.0,1431.7725956441136,2049972.7656374825,1,1,2836
XGBoost,H3,380,2025-02-01,2025-02-05,81663.0,0.0283237206568458,0.0011959078256040812,83976.0,81760.6614207623,0.0,81663.0,2215.338579237694,4907725.020658884,1,1,2835
XGBoost,H4,380,2025-02-01,2025-02-06,81663.0,0.0268542669262701,0.0015976174036040902,83856.0,81793.46623003052,0.0,81663.0,2062.533769969479,4254045.5522645125,1,1,2834
XGBoost,H5,380,2025-02-01,2025-02-07,81663.0,0.0332463906542743,0.001977859064936638,84378.0,81824.51790481992,0.0,81663.0,2553.4820951800793,6520270.810405248,1,1,2833
XGBoost,H6,380,2025-02-01,2025-02-10,81663.0,0.0446346570662357,0.0023240284062922,85308.0,81852.78713174304,0.0,81663.0,3455.21286825696,11938495.96496849,1,1,2832
XGBoost,H7,380,2025-02-01,2025-02-11,81663.0,0.0422467947540501,0.0027019137050956488,85113.0,81883.64637889923,0.0,81663.0,3229.353621100774,10428724.810116682,1,1,2831
XGBoost,H1,381,2025-02-03,2025-02-04,82625.0,0.0064992435703479,0.000332439347403124,83162.0,82652.46780107918,0.0,82625.0,509.5321989208169,259623.0617370829,1,1,2838
XGBoost,H2,381,2025-02-03,2025-02-05,82625.0,0.0163509833585475,0.0005582794547080994,83976.0,82671.12783994526,0.0,82625.0,1304.8721600547433,1702691.3540859316,1,1,2837
XGBoost,H3,381,2025-02-03,2025-02-06,82625.0,0.0148986384266263,0.000923805870115757,83856.0,82701.32946001831,0.0,82625.0,1154.6705399816856,1333264.0559015973,1,1,2836
XGBoost,H4,381,2025-02-03,2025-02-07,82625.0,0.021216338880484,0.0012895071413367987,84378.0,82731.54552755295,0.0,82625.0,1646.454472447047,2710812.329840884,1,1,2835
XGBoost,H5,381,2025-02-03,2025-02-10,82625.0,0.0324720121028745,0.001729973591864109,85308.0,82767.93906802777,0.0,82625.0,2540.060931972228,6451909.5381316235,1,1,2834
XGBoost,H6,381,2025-02-03,2025-02-11,82625.0,0.0301119515885022,0.0023138385731726885,85113.0,82816.1809121084,0.0,82625.0,2296.8190878916066,5275377.922503232,1,1,2833
XGBoost,H7,381,2025-02-03,2025-02-12,82625.0,0.029034795763994,0.0027131037786602974,85024.0,82849.1701997118,0.0,82625.0,2174.829800288193,4729884.660221581,1,1,2832
XGBoost,H1,382,2025-02-04,2025-02-05,83162.0,0.0097881243837329,0.00041584897553548217,83976.0,83196.58283250348,0.0,83162.0,779.4171674965182,607491.1209882955,1,1,2839
XGBoost,H2,382,2025-02-04,2025-02-06,83162.0,0.0083451576441162,0.000814776576589793,83856.0,83229.75844966236,0.0,83162.0,626.2415503376396,392178.47936929046,1,1,2838
XGBoost,H3,382,2025-02-04,2025-02-07,83162.0,0.0146220629614486,0.001205073087476194,84378.0,83262.2162881007,0.0,83162.0,1115.7837118993048,1244973.2917397907,1,1,2837
XGBoost,H4,382,2025-02-04,2025-02-10,83162.0,0.0258050551934778,0.0016133481403812766,85308.0,83296.16925805039,0.0,83162.0,2011.8307419496123,4047462.9342535273,1,1,2836
XGBoost,H5,382,2025-02-04,2025-02-11,83162.0,0.0234602342416008,0.0020012983586639166,85113.0,83328.43197410321,0.0,83162.0,1784.5680258967914,3184683.039053171,1,1,2835
XGBoost,H6,382,2025-02-04,2025-02-12,83162.0,0.0223900339097182,0.002353531774133444,85024.0,83357.72440940049,0.0,83162.0,1666.2755905995145,2776474.343827761,1,1,2834
XGBoost,H7,382,2025-02-04,2025-02-13,83162.0,0.026526538563286,0.002729616826400161,85368.0,83389.00039451709,0.0,83162.0,1978.9996054829098,3916439.4385015126,1,1,2833
XGBoost,H1,383,2025-02-05,2025-02-06,83976.0,-0.001428979708488,0.00033852015621960163,83856.0,84004.4275686387,0.0,83976.0,148.42756863869727,22030.743131995187,-1,1,2840
XGBoost,H2,383,2025-02-05,2025-02-07,83976.0,0.0047870820234352,0.0005705427611246705,84378.0,84023.9118989082,0.0,83976.0,354.08810109179467,125378.383334793,1,1,2839
XGBoost,H3,383,2025-02-05,2025-02-10,83976.0,0.0158616747642184,0.0009575061849318445,85308.0,84056.40753938584,0.0,83976.0,1251.5924606141634,1566483.6874662163,1,1,2838
XGBoost,H4,383,2025-02-05,2025-02-11,83976.0,0.0135395827379252,0.001303384779021144,85113.0,84085.45304020308,0.0,83976.0,1027.5469597969204,1055852.754587894,1,1,2837
XGBoost,H5,383,2025-02-05,2025-02-12,83976.0,0.0124797561207963,0.0017546031158417463,85024.0,84123.34455125593,0.0,83976.0,900.6554487440735,811180.2373523884,1,1,2836
XGBoost,H6,383,2025-02-05,2025-02-13,83976.0,0.0165761646184623,0.002341962419450283,85368.0,84172.66863613576,0.0,83976.0,1195.331363864243,1428817.0694375513,1,1,2835
XGBoost,H7,383,2025-02-05,2025-02-14,83976.0,0.0042273983042773,0.0027562370523810387,84331.0,84207.45776271075,0.0,83976.0,123.5422372892499,15262.684394433329,1,1,2834
XGBoost,H1,384,2025-02-06,2025-02-07,83856.0,0.0062249570692616,0.0003379085101187229,84378.0,83884.33565602452,0.0,83856.0,493.66434397548437,243704.48451274534,1,1,2841
XGBoost,H2,384,2025-02-06,2025-02-10,83856.0,0.0173153978248425,0.0005799118662253022,85308.0,83904.62908945419,0.0,83856.0,1403.370910545811,1969449.9125661787,1,1,2840
XGBoost,H3,384,2025-02-06,2025-02-11,83856.0,0.0149899828277046,0.0009786093141883612,85113.0,83938.06226265058,0.0,83856.0,1174.9377373494208,1380478.6866477765,1,1,2839
XGBoost,H4,384,2025-02-06,2025-02-12,83856.0,0.0139286395726005,0.0013108962448313832,85024.0,83965.92651550658,0.0,83856.0,1058.0734844934195,1119519.4985880465,1,1,2838
XGBoost,H5,384,2025-02-06,2025-02-13,83856.0,0.0180309101316542,0.0017645710613578558,85368.0,84003.96987092122,0.0,83856.0,1364.0301290787756,1860578.1930346612,1,1,2837
XGBoost,H6,384,2025-02-06,2025-02-14,83856.0,0.0056644724289258,0.002351233270019293,84331.0,84053.16501709074,0.0,83856.0,277.8349829092622,77192.27772819,1,1,2836
XGBoost,H7,384,2025-02-06,2025-02-17,83856.0,0.0107684602175157,0.0027719270437955856,84759.0,84088.44271418452,0.0,83856.0,670.5572858154774,449647.0735602198,1,1,2835
XGBoost,H1,385,2025-02-07,2025-02-10,84378.0,0.0110218303349214,0.00034172102459706366,85308.0,84406.83373661345,0.0,84378.0,901.166263386549,812100.634266075,1,1,2842
XGBoost,H2,385,2025-02-07,2025-02-11,84378.0,0.0087108013937282,0.000608179543633014,85113.0,84429.31697353267,0.0,84378.0,683.6830264673335,467422.4806795327,1,1,2841
XGBoost,H3,385,2025-02-07,2025-02-12,84378.0,0.0076560240821066,0.000965175568126142,85024.0,84459.43958408735,0.0,84378.0,564.5604159126524,318728.46321546705,1,1,2840
XGBoost,H4,385,2025-02-07,2025-02-13,84378.0,0.0117329161629808,0.001320647425018251,85368.0,84489.43358842819,0.0,84378.0,878.56641157181,771878.9395421671,1,1,2839
XGBoost,H5,385,2025-02-07,2025-02-14,84378.0,-0.0005570172319798,0.001774907112121582,84331.0,84527.7631123066,0.0,84378.0,196.76311230659485,38715.722364577654,-1,1,2838
XGBoost,H6,385,2025-02-07,2025-02-17,84378.0,0.0045153950081775,0.0023620028514415026,84759.0,84577.30107659893,0.0,84378.0,181.6989234010689,33014.4987651075,1,1,2837
XGBoost,H7,385,2025-02-07,2025-02-18,84378.0,0.0161653511578847,0.0027869229670614004,85742.0,84613.1549861147,0.0,84378.0,1128.8450138852932,1274291.0653736878,1,1,2836
XGBoost,H1,386,2025-02-10,2025-02-11,85308.0,-0.0022858348572232,0.0003783814609050751,85113.0,85340.27896566689,0.0,85308.0,227.27896566689014,51655.72823461143,-1,1,2843
XGBoost,H2,386,2025-02-10,2025-02-12,85308.0,-0.0033291133305199,0.0006325891590677202,85024.0,85361.96491598175,0.0,85308.0,337.9649159817491,114220.2844345507,-1,1,2842
XGBoost,H3,386,2025-02-10,2025-02-13,85308.0,0.0007033338022224,0.000996533315628767,85368.0,85393.01226408966,0.0,85308.0,25.012264089658856,625.613354890838,1,1,2841
XGBoost,H4,386,2025-02-10,2025-02-14,85308.0,-0.0114526187461903,0.001328713959082961,84331.0,85421.34993042145,0.0,85308.0,1090.3499304214492,1188862.9707700592,-1,1,2840
XGBoost,H5,386,2025-02-10,2025-02-17,85308.0,-0.0064355042903362,0.0017868895083665848,84759.0,85460.43597017974,0.0,85308.0,701.4359701797366,492012.42026198836,-1,1,2839
XGBoost,H6,386,2025-02-10,2025-02-18,85308.0,0.0050874478360762,0.002780601382255554,85742.0,85545.20754271746,0.0,85308.0,196.79245728254318,38727.271243301584,1,1,2838
XGBoost,H7,386,2025-02-10,2025-02-19,85308.0,0.0048178365452242,0.0028019424062222242,85719.0,85547.02810279,0.0,85308.0,171.9718972099945,29574.333430004914,1,1,2837
XGBoost,H1,387,2025-02-11,2025-02-12,85113.0,-0.0010456686992585,0.00036191928666085005,85024.0,85143.80403624556,0.0,85113.0,119.80403624556493,14353.007100728635,-1,1,2844
XGBoost,H2,387,2025-02-11,2025-02-13,85113.0,0.0029960170596736,0.0006133475690148771,85368.0,85165.20385164156,0.0,85113.0,202.79614835843677,41126.2777890171,1,1,2843
XGBoost,H3,387,2025-02-11,2025-02-14,85113.0,-0.0091877856496657,0.001018836977891624,84331.0,85199.71627169929,0.0,85113.0,868.7162716992898,754667.9607151143,-1,1,2842
XGBoost,H4,387,2025-02-11,2025-02-17,85113.0,-0.0041591766240174,0.00135795958340168,84759.0,85228.58001402207,0.0,85113.0,469.5800140220672,220505.3895689648,-1,1,2841
XGBoost,H5,387,2025-02-11,2025-02-18,85113.0,0.0073901754138616,0.0019493649015203118,85742.0,85278.9162948631,0.0,85113.0,463.0837051369017,214446.51796332092,1,1,2840
XGBoost,H6,387,2025-02-11,2025-02-19,85113.0,0.0071199464241655,0.0029481053352355957,85719.0,85363.9220893979,0.0,85113.0,355.07791060209274,126080.32259754777,1,1,2839
XGBoost,H7,387,2025-02-11,2025-02-20,85113.0,0.0084240950266116,0.0034125896636396646,85830.0,85403.45574404136,0.0,85113.0,426.5442559586372,181940.00229130744,1,1,2838
XGBoost,H1,388,2025-02-12,2025-02-13,85024.0,0.0040459164471207,0.00035384538932703435,85368.0,85054.08535038214,0.0,85024.0,313.91464961785823,98542.4072447027,1,1,2845
XGBoost,H2,388,2025-02-12,2025-02-14,85024.0,-0.0081506398193451,0.0006177607574500144,84331.0,85076.52449064143,0.0,85024.0,745.52449064143,555806.7661461637,-1,1,2844
XGBoost,H3,388,2025-02-12,2025-02-17,85024.0,-0.0031167670304854,0.0010186107829213142,84759.0,85110.6063632071,0.0,85024.0,351.6063632071018,123627.0346477244,-1,1,2843
XGBoost,H4,388,2025-02-12,2025-02-18,85024.0,0.0084446744448625,0.0013641426339745522,85742.0,85139.98486331105,0.0,85024.0,602.0151366889477,362422.2248026123,1,1,2842
XGBoost,H5,388,2025-02-12,2025-02-19,85024.0,0.0081741625893865,0.002089520450681448,85719.0,85201.65938679874,0.0,85024.0,517.3406132012606,267641.3100674563,1,1,2841
XGBoost,H6,388,2025-02-12,2025-02-20,85024.0,0.0094796763266842,0.002958310069516301,85830.0,85275.52735535055,0.0,85024.0,554.472644649446,307439.9136645508,1,1,2840
XGBoost,H7,388,2025-02-12,2025-02-21,85024.0,0.0090680278509598,0.003632397623732686,85795.0,85332.84097556025,0.0,85024.0,462.1590244397521,213590.9638711034,1,1,2839
XGBoost,H1,389,2025-02-13,2025-02-14,85368.0,-0.0121474088651485,0.00042495501111261547,84331.0,85404.27755938866,0.0,85368.0,1073.2775593886618,1151924.7194872824,-1,1,2846
XGBoost,H2,389,2025-02-13,2025-02-17,85368.0,-0.0071338206353668,0.0008364503737539053,84759.0,85439.40609550662,0.0,85368.0,680.4060955066234,462952.4548025683,-1,1,2845
XGBoost,H3,389,2025-02-13,2025-02-18,85368.0,0.0043810327054634,0.0012349485186859965,85742.0,85473.42508514319,0.0,85368.0,268.57491485681385,72132.48489034481,1,1,2844
XGBoost,H4,389,2025-02-13,2025-02-19,85368.0,0.0041116109080685,0.0016562903765588999,85719.0,85509.39419686608,0.0,85368.0,209.60580313391984,43934.592707415555,1,1,2843
XGBoost,H5,389,2025-02-13,2025-02-20,85368.0,0.0054118639302782,0.002290240954607725,85830.0,85563.51328981295,0.0,85368.0,266.4867101870477,71015.16670631556,1,1,2842
XGBoost,H6,389,2025-02-13,2025-02-21,85368.0,0.0050018742385906,0.003170407610014081,85795.0,85638.65135685168,0.0,85368.0,156.34864314831793,24444.898214320063,1,1,2841
XGBoost,H7,389,2025-02-13,2025-02-24,85368.0,0.007754662168494,0.003956289496272802,86030.0,85705.74052171782,0.0,85368.0,324.2594782821834,105144.20925583378,1,1,2840
XGBoost,H1,390,2025-02-14,2025-02-17,84331.0,0.0050752392358681,0.0003400454588700086,84759.0,84359.67637359197,0.0,84331.0,399.3236264080333,159459.35860766255,1,1,2847
XGBoost,H2,390,2025-02-14,2025-02-18,84331.0,0.0167316882285279,0.0005989808705635369,85742.0,84381.5126557955,0.0,84331.0,1360.4873442045064,1850925.813740631,1,1,2846
XGBoost,H3,390,2025-02-14,2025-02-19,84331.0,0.0164589534097781,0.0009970793034881353,85719.0,84415.08469474246,0.0,84331.0,1303.915305257542,1700195.1232848691,1,1,2845
XGBoost,H4,390,2025-02-14,2025-02-20,84331.0,0.0177751953611364,0.0013437707675620914,85830.0,84444.32153259928,0.0,84331.0,1385.6784674007213,1920104.8150180117,1,1,2844
XGBoost,H5,390,2025-02-14,2025-02-21,84331.0,0.0173601641152125,0.001954464241862297,85795.0,84495.82192398049,0.0,84331.0,1299.1780760195106,1687863.6732097573,1,1,2843
XGBoost,H6,390,2025-02-14,2025-02-24,84331.0,0.0201468024807009,0.0030833217315375805,86030.0,84591.0196049423,0.0,84331.0,1438.9803950577043,2070664.5773604268,1,1,2842
XGBoost,H7,390,2025-02-14,2025-02-25,84331.0,0.0149174087820611,0.0034741682466119528,85589.0,84623.98008240503,0.0,84331.0,965.0199175949674,931263.4413549977,1,1,2841
XGBoost,H1,391,2025-02-17,2025-02-18,84759.0,0.011597588456683,0.0004184803110547364,85742.0,84794.46997268469,0.0,84759.0,947.5300273153116,897813.1526641551,1,1,2848
XGBoost,H2,391,2025-02-17,2025-02-19,84759.0,0.0113262308427424,0.0008292924612760544,85719.0,84829.2899997253,0.0,84759.0,889.7100002747029,791583.8845888119,1,1,2847
XGBoost,H3,391,2025-02-17,2025-02-20,84759.0,0.0126358262839345,0.00121526257134974,85830.0,84862.00444028503,0.0,84759.0,967.9955597149674,937015.403627893,1,1,2846
XGBoost,H4,391,2025-02-17,2025-02-21,84759.0,0.0122228907844594,0.0016543911769986153,85795.0,84899.22454177123,0.0,84759.0,895.7754582287744,802413.6715649707,1,1,2845
XGBoost,H5,391,2025-02-17,2025-02-24,84759.0,0.0149954577095057,0.0020583621226251125,86030.0,84933.46471515158,0.0,84759.0,1096.535284848418,1202389.6309176013,1,1,2844
XGBoost,H6,391,2025-02-17,2025-02-25,84759.0,0.0097924704161209,0.0028249265160411596,85589.0,84998.43794657313,0.0,84759.0,590.5620534268674,348763.53894775815,1,1,2843
XGBoost,H7,391,2025-02-17,2025-02-26,84759.0,0.0127184133838293,0.0035381782799959183,85837.0,85058.89245283417,0.0,84759.0,778.107547165826,605451.354956418,1,1,2842
XGBoost,H1,392,2025-02-18,2025-02-19,85742.0,-0.0002682466002659,0.0004267177719157189,85719.0,85778.5876351996,0.0,85742.0,59.58763519959757,3550.6862686803192,-1,1,2849
XGBoost,H2,392,2025-02-18,2025-02-20,85742.0,0.0010263348184087,0.0008009482407942414,85830.0,85810.67490406218,0.0,85742.0,19.32509593782015,373.45933300595294,1,1,2848
XGBoost,H3,392,2025-02-18,2025-02-21,85742.0,0.000618133470178,0.001229656976647675,85795.0,85847.43324849172,0.0,85742.0,52.43324849172495,2749.245547394977,1,1,2847
XGBoost,H4,392,2025-02-18,2025-02-24,85742.0,0.0033589139511558,0.0016520597273483872,86030.0,85883.6509051423,0.0,85742.0,146.34909485769458,21418.057565666488,1,1,2846
XGBoost,H5,392,2025-02-18,2025-02-25,85742.0,-0.0017844230365514,0.002060400089249015,85589.0,85918.66282445239,0.0,85742.0,329.66282445238903,108677.57782592667,-1,1,2845
XGBoost,H6,392,2025-02-18,2025-02-26,85742.0,0.0011079750880549,0.002747469348832965,85837.0,85977.57351690764,0.0,85742.0,140.57351690763608,19760.913655781445,1,1,2844
XGBoost,H7,392,2025-02-18,2025-02-27,85742.0,-0.0072193324158521,0.003500062506645918,85123.0,86042.10235944483,0.0,85742.0,919.1023594448343,844749.1471370613,-1,1,2843
XGBoost,H1,393,2025-02-19,2025-02-20,85719.0,0.0012949287789172,0.0003587972023524344,85830.0,85749.75573738845,0.0,85719.0,80.24426261155168,6439.14168207167,1,1,2850
XGBoost,H2,393,2025-02-19,2025-02-21,85719.0,0.000886617902682,0.0006196215399540961,85795.0,85772.11333878333,0.0,85719.0,22.886661216674838,523.7992616468482,1,1,2849
XGBoost,H3,393,2025-02-19,2025-02-24,85719.0,0.0036281337859751,0.0010246977908536792,86030.0,85806.83606993419,0.0,85719.0,223.16393006581347,49802.139682419285,1,1,2848
XGBoost,H4,393,2025-02-19,2025-02-25,85719.0,-0.0015165832545877,0.001364599447697401,85589.0,85835.97210005717,0.0,85719.0,246.97210005717352,60995.21820665053,-1,1,2847
XGBoost,H5,393,2025-02-19,2025-02-26,85719.0,0.001376590954164,0.001815041177906096,85837.0,85874.58351472893,0.0,85719.0,37.58351472893264,1412.5205793798968,1,1,2846
XGBoost,H6,393,2025-02-19,2025-02-27,85719.0,-0.0069529509210326,0.0026382666546851397,85123.0,85945.14957937296,0.0,85719.0,822.1495793729555,675929.9308631276,-1,1,2845
XGBoost,H7,393,2025-02-19,2025-02-28,85719.0,-0.01691573630117,0.003202933119609952,84269.0,85993.55222407985,0.0,85719.0,1724.5522240798455,2974080.3735787417,-1,1,2844
XGBoost,H1,394,2025-02-20,2025-02-21,85830.0,-0.0004077828265175,0.0004272104415576905,85795.0,85866.6674721989,0.0,85830.0,71.66747219889658,5136.226571379613,-1,1,2851
XGBoost,H2,394,2025-02-20,2025-02-24,85830.0,0.0023301875801002,0.000801059533841908,86030.0,85898.75493978965,0.0,85830.0,131.24506021034904,17225.265829618143,1,1,2850
XGBoost,H3,394,2025-02-20,2025-02-25,85830.0,-0.0028078760340207,0.00124354416038841,85589.0,85936.73339528614,0.0,85830.0,347.73339528613724,120918.51419722497,-1,1,2849
XGBoost,H4,394,2025-02-20,2025-02-26,85830.0,8.155656530339783e-05,0.0016583985416218638,85837.0,85972.3403468274,0.0,85830.0,135.34034682740457,18317.009479362157,1,1,2848
XGBoost,H5,394,2025-02-20,2025-02-27,85830.0,-0.0082372130956541,0.0020632080268114805,85123.0,86007.08514494123,0.0,85830.0,884.0851449412294,781606.5435057546,-1,1,2847
XGBoost,H6,394,2025-02-20,2025-02-28,85830.0,-0.018187114062682,0.002619747305288911,84269.0,86054.85291121295,0.0,85830.0,1785.8529112129472,3189270.620487759,-1,1,2846
XGBoost,H7,394,2025-02-20,2025-03-03,85830.0,-0.0055341955027379,0.0032038346398621798,85355.0,86104.98512713937,0.0,85830.0,749.9851271393709,562477.6909302584,-1,1,2845
XGBoost,H1,395,2025-02-21,2025-02-24,85795.0,0.0027390873594033,0.0004268829943612218,86030.0,85831.62442650122,0.0,85795.0,198.37557349877898,39352.86816096946,1,1,2852
XGBoost,H2,395,2025-02-21,2025-02-25,85795.0,-0.002401072323562,0.0008317270549014211,85589.0,85866.35802267527,0.0,85795.0,277.3580226752674,76927.47274233415,-1,1,2851
XGBoost,H3,395,2025-02-21,2025-02-26,85795.0,0.0004895390174253,0.001241425285115838,85837.0,85901.50808233651,0.0,85795.0,64.50808233651333,4161.292686734382,1,1,2850
XGBoost,H4,395,2025-02-21,2025-02-27,85795.0,-0.0078326242788041,0.0016622188268229365,85123.0,85937.61006424727,0.0,85795.0,814.6100642472738,663589.5567729477,-1,1,2849
XGBoost,H5,395,2025-02-21,2025-02-28,85795.0,-0.0177865842997844,0.002068596426397562,84269.0,85972.47523040278,0.0,85795.0,1703.4752304027788,2901827.8605958004,-1,1,2848
XGBoost,H6,395,2025-02-21,2025-03-03,85795.0,-0.005128503992074,0.002521489281207323,85355.0,86011.33117288118,0.0,85795.0,656.3311728811823,430770.6084955884,-1,1,2847
XGBoost,H7,395,2025-02-21,2025-03-04,85795.0,0.0024710064689084,0.0030768129508942366,86007.0,86058.97516712197,0.0,85795.0,51.975167121971026,2701.417997356818,1,1,2846
XGBoost,H1,396,2025-02-24,2025-02-25,86030.0,-0.0051261187957689,0.00042771935113705695,85589.0,86066.79669577832,0.0,86030.0,477.796695778321,228289.68249668143,-1,1,2853
XGBoost,H2,396,2025-02-24,2025-02-26,86030.0,-0.0022434034639079,0.0007680784328840673,85837.0,86096.07778758102,0.0,86030.0,259.0777875810163,67121.30001787421,-1,1,2852
XGBoost,H3,396,2025-02-24,2025-02-27,86030.0,-0.0105428338951528,0.0012274225009605289,85123.0,86135.59515775763,0.0,86030.0,1012.5951577576343,1025348.9535142083,-1,1,2851
XGBoost,H4,396,2025-02-24,2025-02-28,86030.0,-0.0204696036266418,0.0016372848767787218,84269.0,86170.85561794927,0.0,86030.0,1901.8556179492734,3617054.7915252126,-1,1,2850
XGBoost,H5,396,2025-02-24,2025-03-03,86030.0,-0.0078461001976054,0.0019644100684672594,85355.0,86198.99819819024,0.0,86030.0,843.9981981902383,712332.9585483688,-1,1,2849
XGBoost,H6,396,2025-02-24,2025-03-04,86030.0,-0.0002673485993258,0.0025661226827651262,86007.0,86250.76353439828,0.0,86030.0,243.7635343982838,59420.660702343295,-1,1,2848
XGBoost,H7,396,2025-02-24,2025-03-05,86030.0,-0.0021155410903173,0.003073610831052065,85848.0,86294.42273979541,0.0,86030.0,446.42273979540914,199293.2626064396,-1,1,2847
XGBoost,H1,397,2025-02-25,2025-02-26,85589.0,0.002897568612789,0.00037349274498410523,85837.0,85620.96687055044,0.0,85589.0,216.03312944955542,46670.31301976837,1,1,2854
XGBoost,H2,397,2025-02-25,2025-02-27,85589.0,-0.0054446248933858,0.0006661607185378671,85123.0,85646.01602973894,0.0,85589.0,523.0160297389375,273545.76736388117,-1,1,2853
XGBoost,H3,397,2025-02-25,2025-02-28,85589.0,-0.0154225426164577,0.0011023646220564842,84269.0,85683.35028563719,0.0,85589.0,1414.3502856371924,2000386.7304820078,-1,1,2852
XGBoost,H4,397,2025-02-25,2025-03-03,85589.0,-0.0027339961910993,0.0016365043120458722,85355.0,85729.0667675637,0.0,85589.0,374.06676756369416,139925.94659555078,-1,1,2851
XGBoost,H5,397,2025-02-25,2025-03-04,85589.0,0.0048838051618782,0.0018572123954072595,86007.0,85747.95695171051,0.0,85589.0,259.04304828948807,67103.30086711005,1,1,2850
XGBoost,H6,397,2025-02-25,2025-03-05,85589.0,0.0030260898012595,0.0025984623935073614,85848.0,85811.3997977979,0.0,85589.0,36.600202202098444,1339.5748012344918,1,1,2849
XGBoost,H7,397,2025-02-25,2025-03-06,85589.0,0.0048253864398462,0.0030762599781155586,86002.0,85852.29401526693,0.0,85589.0,149.70598473306745,22411.881864897427,1,1,2848
XGBoost,H1,398,2025-02-26,2025-02-27,85837.0,-0.0083180912660041,0.00042693570139817894,85123.0,85873.64687980092,0.0,85837.0,750.6468798009155,563470.7381548501,-1,1,2855
XGBoost,H2,398,2025-02-26,2025-02-28,85837.0,-0.0182671808194601,0.0008415784104727209,84269.0,85909.23856601975,0.0,85837.0,1640.238566019747,2690382.5534585156,-1,1,2854
XGBoost,H3,398,2025-02-26,2025-03-03,85837.0,-0.0056152941039412,0.001231773872859776,85355.0,85942.73177392466,0.0,85837.0,587.7317739246646,345428.63808063307,-1,1,2853
XGBoost,H4,398,2025-02-26,2025-03-04,85837.0,0.0019804979204771,0.001661078305914998,86007.0,85979.58197854483,0.0,85837.0,27.418021455174312,751.7479005163989,1,1,2852
XGBoost,H5,398,2025-02-26,2025-03-05,85837.0,0.0001281498654426,0.002071022056043148,85848.0,86014.77032022458,0.0,85837.0,166.7703202245757,27812.33970780752,1,1,2851
XGBoost,H6,398,2025-02-26,2025-03-06,85837.0,0.0019222479816396,0.0026432201266288757,86002.0,86063.88608600944,0.0,85837.0,61.886086009442806,3829.8876415681525,1,1,2850
XGBoost,H7,398,2025-02-26,2025-03-07,85837.0,0.0006873492782832,0.003177950158715248,85896.0,86109.78570777364,0.0,85837.0,213.78570777364075,45704.32884827652,1,1,2849
XGBoost,H1,399,2025-02-27,2025-02-28,85123.0,-0.0100325411463412,0.00041932606836780906,84269.0,85158.69429291767,0.0,85123.0,889.694292917673,791555.9348502782,-1,1,2856
XGBoost,H2,399,2025-02-27,2025-03-03,85123.0,0.0027254678524017,0.0008528909529559314,85355.0,85195.60063658847,0.0,85123.0,159.39936341153225,25408.157056001724,1,1,2855
XGBoost,H3,399,2025-02-27,2025-03-04,85123.0,0.0103849723341518,0.0012409783666953444,86007.0,85228.63580150821,0.0,85123.0,778.3641984917922,605850.8254937701,1,1,2854
XGBoost,H4,399,2025-02-27,2025-03-05,85123.0,0.0085170870387556,0.0016576501075178385,85848.0,85264.10415010224,0.0,85123.0,583.895849897759,340934.3635278263,1,1,2853
XGBoost,H5,399,2025-02-27,2025-03-06,85123.0,0.01032623380285,0.00206712051294744,86002.0,85298.95949942362,0.0,85123.0,703.040500576375,494265.94545068004,1,1,2852
XGBoost,H6,399,2025-02-27,2025-03-07,85123.0,0.0090809769392525,0.002536793239414692,85896.0,85338.9394509187,0.0,85123.0,557.0605490813032,310316.455342763,1,1,2851
XGBoost,H7,399,2025-02-27,2025-03-10,85123.0,0.0039589770097387,0.003195333993062377,85460.0,85394.99641549145,0.0,85123.0,65.00358450855128,4225.465998960369,1,1,2850
XGBoost,H1,400,2025-02-28,2025-03-03,84269.0,0.0128873013801042,0.00036541270674206316,85355.0,84299.79296338445,0.0,84269.0,1055.207036615553,1113461.890122977,1,1,2857
XGBoost,H2,400,2025-02-28,2025-03-04,84269.0,0.0206244289121741,0.0006119076861068606,86007.0,84320.56484880054,0.0,84269.0,1686.435151199461,2844063.5192011488,1,1,2856
XGBoost,H3,400,2025-02-28,2025-03-05,84269.0,0.0187376140692305,0.0009932075627148151,85848.0,84352.69660810241,0.0,84269.0,1495.3033918975852,2235932.2338204235,1,1,2855
XGBoost,H4,400,2025-02-28,2025-03-06,84269.0,0.0205650951120814,0.0013638063101097941,86002.0,84383.92659394664,0.0,84269.0,1618.0734060533578,2618161.547377114,1,1,2854
XGBoost,H5,400,2025-02-28,2025-03-07,84269.0,0.0193072185501193,0.0018209433183073997,85896.0,84422.44907249045,0.0,84269.0,1473.5509275095537,2171352.335964266,1,1,2853
XGBoost,H6,400,2025-02-28,2025-03-10,84269.0,0.0141333111820478,0.0024149292148649693,85460.0,84472.50367000746,0.0,84269.0,987.4963299925439,975149.0017487431,1,1,2852
XGBoost,H7,400,2025-02-28,2025-03-11,84269.0,0.0218823054741363,0.002866748021915555,86113.0,84510.5779890588,0.0,84269.0,1602.422010941198,2567756.3011488332,1,1,2851
XGBoost,H1,401,2025-03-03,2025-03-04,85355.0,0.0076386854900123,0.00041595863876864314,86007.0,85390.5041496121,0.0,85355.0,616.4958503879025,380067.133545503,1,1,2858
XGBoost,H2,401,2025-03-03,2025-03-05,85355.0,0.0057758772186748,0.0007472524885088205,85848.0,85418.78173615667,0.0,85355.0,429.2182638433296,184228.3180166821,1,1,2857
XGBoost,H3,401,2025-03-03,2025-03-06,85355.0,0.0075801066135552,0.001179367653094232,86002.0,85455.66492602986,0.0,85355.0,546.3350739701418,298482.0130499603,1,1,2856
XGBoost,H4,401,2025-03-03,2025-03-07,85355.0,0.0063382344326636,0.0016483358340337873,85896.0,85495.69370511395,0.0,85355.0,400.3062948860461,160245.1297253941,1,1,2855
XGBoost,H5,401,2025-03-03,2025-03-10,85355.0,0.0012301564056,0.0020118779502809048,85460.0,85526.72384244623,0.0,85355.0,66.72384244622663,4452.071150788874,1,1,2854
XGBoost,H6,401,2025-03-03,2025-03-11,85355.0,0.0088805576709039,0.002411536406725645,86113.0,85560.83668999607,0.0,85355.0,552.1633100039326,304884.32091449894,1,1,2853
XGBoost,H7,401,2025-03-03,2025-03-12,85355.0,0.0153008025306073,0.0028644995763897896,86661.0,85599.49936134275,0.0,85355.0,1061.5006386572495,1126783.6058697486,1,1,2852
XGBoost,H1,402,2025-03-04,2025-03-05,86007.0,-0.0018486867348006,0.00038249074714258313,85848.0,86039.89688168949,0.0,86007.0,191.89688168949215,36824.41320215094,-1,1,2859
XGBoost,H2,402,2025-03-04,2025-03-06,86007.0,-5.813480298111351e-05,0.0006911867531016469,86002.0,86066.44689907401,0.0,86007.0,64.44689907401334,4153.402800256062,-1,1,2858
XGBoost,H3,402,2025-03-04,2025-03-07,86007.0,-0.0012905926261815,0.001009700819849968,85896.0,86093.84133841284,0.0,86007.0,197.8413384128362,39141.195184982374,-1,1,2857
XGBoost,H4,402,2025-03-04,2025-03-10,86007.0,-0.0063599474461381,0.0013624071143567562,85460.0,86124.17654868448,0.0,86007.0,664.1765486844815,441130.48782242945,-1,1,2856
XGBoost,H5,402,2025-03-04,2025-03-11,86007.0,0.0012324578232003,0.0018163913628086448,86113.0,86163.22237194108,0.0,86007.0,50.22237194108311,2522.286643388492,1,1,2855
XGBoost,H6,402,2025-03-04,2025-03-12,86007.0,0.0076040322299346,0.0024109892547130585,86661.0,86214.3619528301,0.0,86007.0,446.638047169894,199485.54517973645,1,1,2854
XGBoost,H7,402,2025-03-04,2025-03-13,86007.0,0.0196146825258409,0.002864037174731493,87694.0,86253.32724528713,0.0,86007.0,1440.6727547128685,2075537.986171965,1,1,2853
XGBoost,H1,403,2025-03-05,2025-03-06,85848.0,0.0017938682322244,0.00038169720210134983,86002.0,85880.767941406,0.0,85848.0,121.23205859400332,14697.212030939854,1,1,2860
XGBoost,H2,403,2025-03-05,2025-03-07,85848.0,0.0005591277606933,0.000677259755320847,85896.0,85906.14139547478,0.0,85848.0,10.141395474784076,102.84790217597094,1,1,2859
XGBoost,H3,403,2025-03-05,2025-03-10,85848.0,-0.0045196160656043,0.0010388419032096863,85460.0,85937.18249970675,0.0,85848.0,477.18249970674515,227703.13802637783,-1,1,2858
XGBoost,H4,403,2025-03-05,2025-03-11,85848.0,0.0030868511788277,0.0013646536972373724,86113.0,85965.15279060043,0.0,85848.0,147.84720939956605,21858.797327239132,1,1,2857
XGBoost,H5,403,2025-03-05,2025-03-12,85848.0,0.009470226446743,0.0018164262874051929,86661.0,86003.93656392116,0.0,85848.0,657.063436078839,431732.35903173056,1,1,2856
XGBoost,H6,403,2025-03-05,2025-03-13,85848.0,0.0215031217966639,0.0024113324470818043,87694.0,86055.00806791708,0.0,85848.0,1638.9919320829213,2686294.553432907,1,1,2855
XGBoost,H7,403,2025-03-05,2025-03-14,85848.0,0.024182275649986,0.0028499490581452847,87924.0,86092.66242674366,0.0,85848.0,1831.3375732563436,3353797.307220434,1,1,2854
XGBoost,H1,404,2025-03-06,2025-03-07,86002.0,-0.0012325294760586,0.00038221004069782794,85896.0,86034.8708279201,0.0,86002.0,138.8708279200946,19285.106847212526,-1,1,2861
XGBoost,H2,404,2025-03-06,2025-03-10,86002.0,-0.0063021790190925,0.0006944342167116702,85460.0,86061.72273150564,0.0,86002.0,601.7227315056371,362070.245610605,-1,1,2860
XGBoost,H3,404,2025-03-06,2025-03-11,86002.0,0.0012906676588917,0.0010451646521687508,86113.0,86091.88625041582,0.0,86002.0,21.113749584183097,445.7904215035919,1,1,2859
XGBoost,H4,404,2025-03-06,2025-03-12,86002.0,0.0076626124973837,0.0013742705341428518,86661.0,86120.19001447735,0.0,86002.0,540.8099855226465,292475.44044100505,1,1,2858
XGBoost,H5,404,2025-03-06,2025-03-13,86002.0,0.0196739610706728,0.0018191734561696649,87694.0,86158.4525555775,0.0,86002.0,1535.5474444224965,2357905.95407246,1,1,2857
XGBoost,H6,404,2025-03-06,2025-03-14,86002.0,0.0223483174809888,0.0024110630620270967,87924.0,86209.35624546045,0.0,86002.0,1714.6437545395456,2940003.2049814695,1,1,2856
XGBoost,H7,404,2025-03-06,2025-03-17,86002.0,0.0229529545824516,0.0028615074697881937,87976.0,86248.09536541672,0.0,86002.0,1727.9046345832758,2985654.426214364,1,1,2855
XGBoost,H1,405,2025-03-07,2025-03-10,85896.0,-0.005075905746484,0.0003711276513058692,85460.0,85927.87838073657,0.0,85896.0,467.87838073656894,218910.17916067375,-1,1,2862
XGBoost,H2,405,2025-03-07,2025-03-11,85896.0,0.002526310887585,0.0006867115152999759,86113.0,85954.9857723182,0.0,85896.0,158.01422768179327,24968.496149873605,1,1,2861
XGBoost,H3,405,2025-03-07,2025-03-12,85896.0,0.0089061190276613,0.0010201948462054133,86661.0,85983.63065650966,0.0,85896.0,677.3693434903398,458829.227500534,1,1,2860
XGBoost,H4,405,2025-03-07,2025-03-13,85896.0,0.0209322902114184,0.0013779931468889117,87694.0,86014.36409934517,0.0,85896.0,1679.63590065483,2821176.758768562,1,1,2859
XGBoost,H5,405,2025-03-07,2025-03-14,85896.0,0.0236099469125454,0.0018266650149598718,87924.0,86052.903218125,0.0,85896.0,1871.0967818750069,3501003.167143007,1,1,2858
XGBoost,H6,405,2025-03-07,2025-03-17,85896.0,0.0242153301667131,0.0024133753031492233,87976.0,86103.2992850393,0.0,85896.0,1872.7007149606943,3507007.9678142956,1,1,2857
XGBoost,H7,405,2025-03-07,2025-03-18,85896.0,0.0321784483561515,0.002860703505575657,88660.0,86141.72298831493,0.0,85896.0,2518.2770116850734,6341719.107581503,1,1,2856
XGBoost,H1,406,2025-03-10,2025-03-11,85460.0,0.0076410016381933,0.00038243108429014683,86113.0,85492.68256046344,0.0,85460.0,620.317439536564,384793.7257931988,1,1,2863
XGBoost,H2,406,2025-03-10,2025-03-12,85460.0,0.0140533582962789,0.0007261789869517088,86661.0,85522.0592562249,0.0,85460.0,1138.940743775107,1297186.0178309937,1,1,2862
XGBoost,H3,406,2025-03-10,2025-03-13,85460.0,0.0261408846243855,0.0010824883356690407,87694.0,85552.50945316628,0.0,85460.0,2141.490546833724,4585981.762178201,1,1,2861
XGBoost,H4,406,2025-03-10,2025-03-14,85460.0,0.0288322021998594,0.0015114250127226114,87924.0,85589.16638158727,0.0,85460.0,2334.8336184127256,5451448.025670261,1,1,2860
XGBoost,H5,406,2025-03-10,2025-03-17,85460.0,0.0294406739995318,0.0019661097321659327,87976.0,85628.0237377109,0.0,85460.0,2347.9762622890994,5512992.52827309,1,1,2859
XGBoost,H6,406,2025-03-10,2025-03-18,85460.0,0.037444418441376,0.00241784262470901,88660.0,85666.62883070763,0.0,85460.0,2993.371169292368,8960270.95715076,1,1,2858
XGBoost,H7,406,2025-03-10,2025-03-19,85460.0,0.0363210858881348,0.00286106183193624,88564.0,85704.50634415727,0.0,85460.0,2859.493655842729,8176703.967804815,1,1,2857
XGBoost,H1,407,2025-03-11,2025-03-12,86113.0,0.006363731376215,0.0004150989407207817,86661.0,86148.74541508229,0.0,86113.0,512.2545849177113,262404.7597692167,1,1,2864
XGBoost,H2,407,2025-03-11,2025-03-13,86113.0,0.0183595972733501,0.0008202669559977949,87694.0,86183.63564838184,0.0,86113.0,1510.364351618162,2281200.4746389505,1,1,2863
XGBoost,H3,407,2025-03-11,2025-03-14,86113.0,0.0210305064276008,0.0012286939891055226,87924.0,86218.80652548384,0.0,86113.0,1705.1934745161561,2907684.7855324806,1,1,2862
XGBoost,H4,407,2025-03-11,2025-03-17,86113.0,0.0216343641494316,0.001657675253227353,87976.0,86255.74738908117,0.0,86113.0,1720.252610918833,2959269.0453730617,1,1,2861
XGBoost,H5,407,2025-03-11,2025-03-18,86113.0,0.0295774157212034,0.002066147280856967,88660.0,86290.92214079644,0.0,86113.0,2369.077859203564,5612529.902968542,1,1,2860
XGBoost,H6,407,2025-03-11,2025-03-19,86113.0,0.0284626014655162,0.0024460279382765293,88564.0,86323.6348038488,0.0,86113.0,2240.3651961511932,5019236.212125574,1,1,2859
XGBoost,H7,407,2025-03-11,2025-03-20,86113.0,0.029414838642249,0.0028680283576250076,88646.0,86359.97452596016,0.0,86113.0,2286.0254740398377,5225912.467959065,1,1,2858
XGBoost,H1,408,2025-03-12,2025-03-13,86661.0,0.01192001015451,0.00038329424569383264,87694.0,86694.21666262607,0.0,86661.0,999.7833373739268,999566.7216905471,1,1,2865
XGBoost,H2,408,2025-03-12,2025-03-14,86661.0,0.0145740298404126,0.0007402852061204612,87924.0,86725.1538562476,0.0,86661.0,1198.8461437523947,1437232.0763899875,1,1,2864
XGBoost,H3,408,2025-03-12,2025-03-17,86661.0,0.0151740690737471,0.0010737787233665586,87976.0,86754.05473794567,0.0,86661.0,1221.9452620543307,1493150.2234570268,1,1,2863
XGBoost,H4,408,2025-03-12,2025-03-18,86661.0,0.0230668928353008,0.0013802896719425917,88660.0,86780.61728326022,0.0,86661.0,1879.382716739783,3532079.3959802077,1,1,2862
XGBoost,H5,408,2025-03-12,2025-03-19,86661.0,0.0219591280968372,0.0018544947961345315,88564.0,86821.71237352781,0.0,86661.0,1742.2876264721854,3035566.1733580814,1,1,2861
XGBoost,H6,408,2025-03-12,2025-03-20,86661.0,0.0229053438109414,0.0024222400970757008,88646.0,86870.91374905268,0.0,86661.0,1775.0862509473227,3150931.1983022215,1,1,2860
XGBoost,H7,408,2025-03-12,2025-03-21,86661.0,0.0129700788128455,0.0028721382841467857,87785.0,86909.90237584244,0.0,86661.0,875.0976241575554,765795.8518061981,1,1,2859
XGBoost,H1,409,2025-03-13,2025-03-14,87694.0,0.0026227564029466,0.00037906644865870476,87924.0,87727.24185314868,0.0,87694.0,196.75814685132354,38713.768352367,1,1,2866
XGBoost,H2,409,2025-03-13,2025-03-17,87694.0,0.0032157274157866,0.0007463397923856974,87976.0,87759.44952175347,0.0,87694.0,216.55047824652866,46894.10962880028,1,1,2865
XGBoost,H3,409,2025-03-13,2025-03-18,87694.0,0.0110155768923758,0.0010830381652340293,88660.0,87788.97594886203,0.0,87694.0,871.024051137967,758682.8976607958,1,1,2864
XGBoost,H4,409,2025-03-13,2025-03-19,87694.0,0.0099208611763632,0.0013945442624390125,88564.0,87816.29316455033,0.0,87694.0,747.7068354496732,559065.5117781648,1,1,2863
XGBoost,H5,409,2025-03-13,2025-03-20,87694.0,0.0108559308504572,0.0018624383956193924,88646.0,87857.32467266545,0.0,87694.0,788.675327334553,622008.7719462643,1,1,2862
XGBoost,H6,409,2025-03-13,2025-03-21,87694.0,0.0010376992724701,0.0024392784107476473,87785.0,87907.9100809521,0.0,87694.0,122.91008095210418,15106.887999652803,1,1,2861
XGBoost,H7,409,2025-03-13,2025-03-24,87694.0,-0.0043446529979246,0.002878159284591675,87313.0,87946.39730030298,0.0,87694.0,633.3973003029823,401192.14003110636,-1,1,2860
XGBoost,H1,410,2025-03-14,2025-03-17,87924.0,0.0005914198626086,0.000434831774327904,87976.0,87962.232148926,0.0,87924.0,13.76785107399337,189.55372319566038,1,1,2867
XGBoost,H2,410,2025-03-14,2025-03-18,87924.0,0.008370865747691,0.0008437279029749334,88660.0,87998.18393214117,0.0,87924.0,661.816067858832,438000.5076761261,1,1,2866
XGBoost,H3,410,2025-03-14,2025-03-19,87924.0,0.0072790136936444,0.001259460812434554,88564.0,88034.7368324725,0.0,87924.0,529.2631675275043,280119.50050124706,1,1,2865
XGBoost,H4,410,2025-03-14,2025-03-20,87924.0,0.0082116373231426,0.0016752583906054497,88646.0,88071.2954187356,0.0,87924.0,574.7045812644064,330285.3557262967,1,1,2864
XGBoost,H5,410,2025-03-14,2025-03-21,87924.0,-0.0015809107865883,0.0020823036320507526,87785.0,88107.08446454443,0.0,87924.0,322.0844645444304,103738.40230087243,-1,1,2863
XGBoost,H6,410,2025-03-14,2025-03-24,87924.0,-0.0069491833856512,0.0024719678331166506,87313.0,88141.34529975895,0.0,87924.0,828.3452997589484,686155.935632742,-1,1,2862
XGBoost,H7,410,2025-03-14,2025-03-25,87924.0,-0.0040716982848824,0.002896913792937994,87566.0,88178.70824833028,0.0,87924.0,612.7082483302802,375411.3975719603,-1,1,2861
XGBoost,H1,411,2025-03-17,2025-03-18,87976.0,0.0077748476857324,0.00043488608207553625,88660.0,88014.25953795668,0.0,87976.0,645.7404620433226,416980.7443199238,1,1,2868
XGBoost,H2,411,2025-03-17,2025-03-19,87976.0,0.006683640992998,0.0008450204040855169,88564.0,88050.34151506983,0.0,87976.0,513.6584849301726,263845.0391407603,1,1,2867
XGBoost,H3,411,2025-03-17,2025-03-20,87976.0,0.0076157133763754,0.0012641658540815115,88646.0,88087.21625517868,0.0,87976.0,558.783744821325,312239.2734765436,1,1,2866
XGBoost,H4,411,2025-03-17,2025-03-21,87976.0,-0.002171046649086,0.0016822555335238576,87785.0,88123.9981128173,0.0,87976.0,338.9981128172949,114919.7204936874,-1,1,2865
XGBoost,H5,411,2025-03-17,2025-03-24,87976.0,-0.0075361462216968,0.0020912711042910814,87313.0,88159.98166667111,0.0,87976.0,846.9816666711122,717377.943676975,-1,1,2864
XGBoost,H6,411,2025-03-17,2025-03-25,87976.0,-0.0046603619168864,0.0025514941662549973,87566.0,88200.47025077045,0.0,87976.0,634.4702507704496,402552.4991127172,-1,1,2863
XGBoost,H7,411,2025-03-17,2025-03-26,87976.0,-0.0053423660998453,0.0029042153619229794,87506.0,88231.50125068054,0.0,87976.0,725.501250680536,526352.0647390219,-1,1,2862
XGBoost,H1,412,2025-03-18,2025-03-19,88660.0,-0.0010827881795624,0.00043588405242189765,88564.0,88698.64548008773,0.0,88660.0,134.64548008772545,18129.40530805407,-1,1,2869
XGBoost,H2,412,2025-03-18,2025-03-20,88660.0,-0.0001579066095195,0.0007910708081908524,88646.0,88730.1363378542,0.0,88660.0,84.13633785420097,7078.923347516252,-1,1,2868
XGBoost,H3,412,2025-03-18,2025-03-21,88660.0,-0.0098691630949695,0.0012652864679694176,87785.0,88772.18029825017,0.0,88660.0,987.1802982501686,974524.9412532918,-1,1,2867
XGBoost,H4,412,2025-03-18,2025-03-24,88660.0,-0.0151928716444845,0.0016249503241851926,87313.0,88804.06809574226,0.0,88660.0,1491.0680957422592,2223284.066140447,-1,1,2866
XGBoost,H5,412,2025-03-18,2025-03-25,88660.0,-0.0123392736295961,0.0020529611501842737,87566.0,88842.01553557534,0.0,88660.0,1276.0155355753377,1628215.647029616,-1,1,2865
XGBoost,H6,412,2025-03-18,2025-03-26,88660.0,-0.0130160162418226,0.002522432478144765,87506.0,88883.63886351231,0.0,88660.0,1377.6388635123149,1897888.8382595025,-1,1,2864
XGBoost,H7,412,2025-03-18,2025-03-27,88660.0,-0.0050417324610873,0.0030651225242763758,88213.0,88931.75376300234,0.0,88660.0,718.7537630023435,516606.9718300289,-1,1,2863
XGBoost,H1,413,2025-03-19,2025-03-20,88564.0,0.0009258841064088,0.0004352985415607691,88646.0,88602.55178003479,0.0,88564.0,43.44821996521205,1887.7478181454508,1,1,2870
XGBoost,H2,413,2025-03-19,2025-03-21,88564.0,-0.0087958990108847,0.0008416491909883916,87785.0,88638.5398189507,0.0,88564.0,853.5398189506959,728530.2225343868,-1,1,2869
XGBoost,H3,413,2025-03-19,2025-03-24,88564.0,-0.0141253782575312,0.0012661331566050649,87313.0,88676.13381688157,0.0,88564.0,1363.133816881571,1858133.8027261202,-1,1,2868
XGBoost,H4,413,2025-03-19,2025-03-25,88564.0,-0.011268687051172,0.0016928385011851788,87566.0,88713.92454901896,0.0,88564.0,1147.9245490189642,1317730.7702403923,-1,1,2867
XGBoost,H5,413,2025-03-19,2025-03-26,88564.0,-0.0119461632265931,0.0021036402322351933,87506.0,88750.30679352768,0.0,88564.0,1244.3067935276777,1548299.3964191307,-1,1,2866
XGBoost,H6,413,2025-03-19,2025-03-27,88564.0,-0.0039632356262138,0.0027339535299688578,88213.0,88806.12986042816,0.0,88564.0,593.1298604281619,351803.03133153083,-1,1,2865
XGBoost,H7,413,2025-03-19,2025-03-28,88564.0,0.0022017975701187,0.003023250726982951,88759.0,88831.75117738452,0.0,88564.0,72.75117738451809,5292.733810833616,1,1,2864
XGBoost,H1,414,2025-03-20,2025-03-21,88646.0,-0.0097127901992193,0.0004310982476454228,87785.0,88684.21513526078,0.0,88646.0,899.2151352607762,808587.859482056,-1,1,2871
XGBoost,H2,414,2025-03-20,2025-03-24,88646.0,-0.0150373395302664,0.000841346278320998,87313.0,88720.58198218804,0.0,88646.0,1407.5819821880432,1981287.0365804208,-1,1,2870
XGBoost,H3,414,2025-03-20,2025-03-25,88646.0,-0.0121832908422263,0.0012678994098678231,87566.0,88758.39421108714,0.0,88646.0,1192.394211087143,1421803.9546341302,-1,1,2869
XGBoost,H4,414,2025-03-20,2025-03-26,88646.0,-0.0128601403334611,0.0016945220995694399,87506.0,88796.21260603843,0.0,88646.0,1290.2126060384326,1664648.5687804837,-1,1,2868
XGBoost,H5,414,2025-03-20,2025-03-27,88646.0,-0.0048845971617444,0.0021064633037894964,88213.0,88832.72954602772,0.0,88646.0,619.7295460277237,384064.7102197285,-1,1,2867
XGBoost,H6,414,2025-03-20,2025-03-28,88646.0,0.0012747332084921,0.002662964863702655,88759.0,88882.06118330779,0.0,88646.0,123.06118330778554,15144.054837112395,1,1,2866
XGBoost,H7,414,2025-03-20,2025-03-31,88646.0,0.0168309906820387,0.00312275649048388,90138.0,88922.81987185543,0.0,88646.0,1215.180128144566,1476662.7438374439,1,1,2865
XGBoost,H1,415,2025-03-21,2025-03-24,87785.0,-0.0053767727971749,0.0003684121766127646,87313.0,87817.34106292395,0.0,87785.0,504.34106292395154,254359.90775126126,-1,1,2872
XGBoost,H2,415,2025-03-21,2025-03-25,87785.0,-0.0024947314461468,0.0007589726010337472,87566.0,87851.62640978175,0.0,87785.0,285.6264097817475,81582.44596481074,-1,1,2871
XGBoost,H3,415,2025-03-21,2025-03-26,87785.0,-0.0031782195135843,0.0011217482388019562,87506.0,87883.47266914323,0.0,87785.0,377.4726691432297,142485.61595011418,-1,1,2870
XGBoost,H4,415,2025-03-21,2025-03-27,87785.0,0.0048755482143874,0.0014865660341456532,88213.0,87915.49819930748,0.0,87785.0,297.50180069252383,88507.32141529417,1,1,2869
XGBoost,H5,415,2025-03-21,2025-03-28,87785.0,0.0110952896280684,0.0019457568414509296,88759.0,87955.80826432677,0.0,87785.0,803.1917356732301,645116.964253776,1,1,2868
XGBoost,H6,415,2025-03-21,2025-03-31,87785.0,0.0268041237113401,0.002607388887554407,90138.0,88013.88963349396,0.0,87785.0,2124.1103665060364,4511844.849098409,1,1,2867
XGBoost,H7,415,2025-03-21,2025-04-01,87785.0,0.0298912114825995,0.0031288869213312864,90409.0,88059.66933838907,0.0,87785.0,2349.330661610933,5519354.557585265,1,1,2866
XGBoost,H1,416,2025-03-24,2025-03-25,87313.0,0.0028976212018829,0.00043264497071504593,87566.0,87350.77553032804,0.0,87313.0,215.2244696719572,46321.57234557522,1,1,2873
XGBoost,H2,416,2025-03-24,2025-03-26,87313.0,0.0022104383081558,0.0008215033449232578,87506.0,87384.72792155528,0.0,87313.0,121.27207844471559,14706.917010301251,1,1,2872
XGBoost,H3,416,2025-03-24,2025-03-27,87313.0,0.0103077434059075,0.0012086384231224656,88213.0,87418.52984663809,0.0,87313.0,794.4701533619082,631182.8245828939,1,1,2871
XGBoost,H4,416,2025-03-24,2025-03-28,87313.0,0.0165611077388248,0.0016894934233278036,88759.0,87460.51473927102,0.0,87313.0,1298.4852607289795,1686063.9723304058,1,1,2870
XGBoost,H5,416,2025-03-24,2025-03-31,87313.0,0.0323548612463207,0.0021016299724578857,90138.0,87496.49961778522,0.0,87313.0,2641.5003822147846,6977524.269240853,1,1,2869
XGBoost,H6,416,2025-03-24,2025-04-01,87313.0,0.0354586373163217,0.0025887577794492245,90409.0,87539.03220799705,0.0,87313.0,2869.96779200295,8236715.127134288,1,1,2868
XGBoost,H7,416,2025-03-24,2025-04-02,87313.0,0.0349432501460262,0.00303825456649065,90364.0,87578.279120964,0.0,87313.0,2785.720879036002,7760240.815897115,1,1,2867
XGBoost,H1,417,2025-03-25,2025-03-26,87566.0,-0.0006851974510654,0.0004309976939111948,87506.0,87603.74074406503,0.0,87566.0,97.74074406502768,9553.253050385245,-1,1,2874
XGBoost,H2,417,2025-03-25,2025-03-27,87566.0,0.0073887125139895,0.0008249236270785332,88213.0,87638.23526232876,0.0,87566.0,574.7647376712412,330354.5036702907,1,1,2873
XGBoost,H3,417,2025-03-25,2025-03-28,87566.0,0.0136240093186852,0.0012218569172546268,88759.0,87672.99312281632,0.0,87566.0,1086.0068771836814,1179410.9372902515,1,1,2872
XGBoost,H4,417,2025-03-25,2025-03-31,87566.0,0.0293721307356735,0.0016849817475304008,90138.0,87713.54711170425,0.0,87566.0,2424.452888295753,5877971.807565618,1,1,2871
XGBoost,H5,417,2025-03-25,2025-04-01,87566.0,0.0324669392229861,0.002096610376611352,90409.0,87749.59178423835,0.0,87566.0,2659.4082157616504,7072452.058060565,1,1,2870
XGBoost,H6,417,2025-03-25,2025-04-02,87566.0,0.0319530411346868,0.002526643220335245,90364.0,87787.24804023188,0.0,87566.0,2576.751959768124,6639650.662168867,1,1,2869
XGBoost,H7,417,2025-03-25,2025-04-03,87566.0,0.0250896466665144,0.0030203417409211397,89763.0,87830.4792448855,0.0,87566.0,1932.5207551144995,3734636.4689483154,1,1,2868
XGBoost,H1,418,2025-03-26,2025-03-27,87506.0,0.008079445980847,0.00043048657244071364,88213.0,87543.670158008,0.0,87506.0,669.3298419920029,448002.4373810396,1,1,2875
XGBoost,H2,418,2025-03-26,2025-03-28,87506.0,0.0143190181244714,0.0008368727285414934,88759.0,87579.23138498375,0.0,87506.0,1179.768615016248,1391853.9849773562,1,1,2874
XGBoost,H3,418,2025-03-26,2025-03-31,87506.0,0.0300779375128563,0.0012483122991397977,90138.0,87615.23481604853,0.0,87506.0,2522.765183951473,6364344.173357708,1,1,2873
XGBoost,H4,418,2025-03-26,2025-04-01,87506.0,0.0331748680090508,0.0016797271091490984,90409.0,87652.9862004132,0.0,87506.0,2756.013799586799,7595612.0635128645,1,1,2872
XGBoost,H5,418,2025-03-26,2025-04-02,87506.0,0.0326606175576531,0.002091536531224847,90364.0,87689.02199570136,0.0,87506.0,2674.9780042986386,7155507.323481527,1,1,2871
XGBoost,H6,418,2025-03-26,2025-04-03,87506.0,0.0257925170845427,0.0025201202370226383,89763.0,87726.5256414609,0.0,87506.0,2036.474358539097,4147227.8129872265,1,1,2870
XGBoost,H7,418,2025-03-26,2025-04-04,87506.0,0.0049596599090349,0.0029733660630881786,87940.0,87766.1873707166,0.0,87506.0,173.81262928340584,30210.830098410668,1,1,2869
XGBoost,H1,419,2025-03-27,2025-03-28,88213.0,0.0061895638964777,0.000433232489740476,88759.0,88251.21673761748,0.0,88213.0,507.7832623825234,257843.8415558386,1,1,2876
XGBoost,H2,419,2025-03-27,2025-03-31,88213.0,0.0218221804042488,0.0008098615217022598,90138.0,88284.44031441392,0.0,88213.0,1853.5596855860786,3435683.5080299624,1,1,2875
XGBoost,H3,419,2025-03-27,2025-04-01,88213.0,0.0248942899572626,0.0012508380459621549,90409.0,88323.34017654846,0.0,88213.0,2085.6598234515404,4349976.899159911,1,1,2874
XGBoost,H4,419,2025-03-27,2025-04-02,88213.0,0.0243841610646957,0.0016779034631326795,90364.0,88361.01289819332,0.0,88213.0,2002.987101806677,4011957.330003911,1,1,2873
XGBoost,H5,419,2025-03-27,2025-04-03,88213.0,0.0175711062995249,0.002089062472805381,89763.0,88397.28246791358,0.0,88213.0,1365.717532086419,1865184.3774482186,1,1,2872
XGBoost,H6,419,2025-03-27,2025-04-04,88213.0,-0.0030947819482388,0.0025182191748172045,87940.0,88435.13966806815,0.0,88213.0,495.13966806815006,245163.29089463782,-1,1,2871
XGBoost,H7,419,2025-03-27,2025-04-07,88213.0,-0.0158026594719599,0.002936914097517729,86819.0,88472.07400328433,0.0,88213.0,1653.0740032843314,2732653.6603344856,-1,1,2870
XGBoost,H1,420,2025-03-28,2025-03-31,88759.0,0.0155364526414223,0.0004353730764705688,90138.0,88797.64327889445,0.0,88759.0,1340.3567211055488,1796556.1398128178,1,1,2877
XGBoost,H2,420,2025-03-28,2025-04-01,88759.0,0.0185896641467344,0.0008525048615410924,90409.0,88834.66747900553,0.0,88759.0,1574.3325209944742,2478522.8866608166,1,1,2876
XGBoost,H3,420,2025-03-28,2025-04-02,88759.0,0.018082673306369,0.0012570142280310392,90364.0,88870.5713258658,0.0,88759.0,1493.428674134193,2230329.2047262136,1,1,2875
XGBoost,H4,420,2025-03-28,2025-04-03,88759.0,0.0113115289717098,0.001682989881373942,89763.0,88908.38049888087,0.0,88759.0,854.6195011191303,730374.4916931111,1,1,2874
XGBoost,H5,420,2025-03-28,2025-04-04,88759.0,-0.0092272332946518,0.0020965097937732935,87940.0,88945.08411278552,0.0,88759.0,1005.0841127855238,1010194.0737738635,-1,1,2873
XGBoost,H6,420,2025-03-28,2025-04-07,88759.0,-0.0218569384513119,0.0025174852926284075,86819.0,88982.4494770884,0.0,88759.0,2163.449477088405,4680513.639914093,-1,1,2872
XGBoost,H7,420,2025-03-28,2025-04-08,88759.0,-0.0147590666861951,0.002936628647148609,87449.0,89019.65222209226,0.0,88759.0,1570.6522220922634,2466948.402763365,-1,1,2871
XGBoost,H1,421,2025-03-31,2025-04-01,90138.0,0.0030065011426922,0.00045128745841793716,90409.0,90178.67814892688,0.0,90138.0,230.32185107312398,53048.1550817503,1,1,2878
XGBoost,H2,421,2025-03-31,2025-04-02,90138.0,0.0025072666356031,0.0008575785323046148,90364.0,90215.30041374487,0.0,90138.0,148.69958625512663,22111.566952445846,1,1,2877
XGBoost,H3,421,2025-03-31,2025-04-03,90138.0,-0.004160287559076,0.0012793942587450147,89763.0,90253.32203969476,0.0,90138.0,490.32203969475813,240415.70261042798,-1,1,2876
XGBoost,H4,421,2025-03-31,2025-04-04,90138.0,-0.0243848321462646,0.001693077152594924,87940.0,90290.6105883806,0.0,90138.0,2350.6105883806013,5525370.138206996,-1,1,2875
XGBoost,H5,421,2025-03-31,2025-04-07,90138.0,-0.0368213184228627,0.0021023002918809652,86819.0,90327.49714370957,0.0,90138.0,3508.4971437095664,12309552.207418187,-1,1,2874
XGBoost,H6,421,2025-03-31,2025-04-08,90138.0,-0.0298320353236148,0.002515553031116724,87449.0,90364.7469191188,0.0,90138.0,2915.7469191187993,8501580.09635077,-1,1,2873
XGBoost,H7,421,2025-03-31,2025-04-09,90138.0,-0.0072000710022409,0.0029418026097118855,89489.0,90403.16820363421,0.0,90138.0,914.1682036342099,835703.5045357983,-1,1,2872
XGBoost,H1,422,2025-04-01,2025-04-02,90409.0,-0.0004977380570518,0.00040846504271030426,90364.0,90445.9289160464,0.0,90409.0,81.9289160463959,6712.347284537387,-1,1,2879
XGBoost,H2,422,2025-04-01,2025-04-03,90409.0,-0.007145306330122,0.0007718367269262671,89763.0,90478.78098664468,0.0,90409.0,715.7809866446769,512342.4208420271,-1,1,2878
XGBoost,H3,422,2025-04-01,2025-04-04,90409.0,-0.0273092280635777,0.0010907246032729745,87940.0,90507.6113206573,0.0,90409.0,2567.6113206573064,6592627.893967557,-1,1,2877
XGBoost,H4,422,2025-04-01,2025-04-07,90409.0,-0.0397084361070247,0.0014612172963097692,86819.0,90541.10719454207,0.0,90409.0,3722.10719454207,13854081.967661839,-1,1,2876
XGBoost,H5,422,2025-04-01,2025-04-08,90409.0,-0.0327401033082989,0.001955248648300767,87449.0,90585.77207504422,0.0,90409.0,3136.772075044224,9839339.050777247,-1,1,2875
XGBoost,H6,422,2025-04-01,2025-04-09,90409.0,-0.0101759780552821,0.0025985140819102526,89489.0,90643.92905963142,0.0,90409.0,1154.929059631424,1333861.1327811254,-1,1,2874
XGBoost,H7,422,2025-04-01,2025-04-10,90409.0,0.0136822661460696,0.002950777532532811,91646.0,90675.77684593876,0.0,90409.0,970.2231540612411,941332.9686765427,1,1,2873
XGBoost,H1,423,2025-04-02,2025-04-03,90364.0,-0.0066508786684963,0.00040740519762039185,89763.0,90400.81476327777,0.0,90364.0,637.8147632777691,406807.67225507664,-1,1,2880
XGBoost,H2,423,2025-04-02,2025-04-04,90364.0,-0.0268248417511398,0.0007585349376313388,87940.0,90432.54425110412,0.0,90364.0,2492.5442511041183,6212776.84371219,-1,1,2879
XGBoost,H3,423,2025-04-02,2025-04-07,90364.0,-0.0392302244256562,0.0011394135653972626,86819.0,90466.96196742356,0.0,90364.0,3647.9619674235582,13307626.515768757,-1,1,2878
XGBoost,H4,423,2025-04-02,2025-04-08,90364.0,-0.0322584214952856,0.0014693792909383774,87449.0,90496.77899024636,0.0,90364.0,3047.7789902463555,9288956.773387095,-1,1,2877
XGBoost,H5,423,2025-04-02,2025-04-09,90364.0,-0.0096830596255146,0.002020317828282714,89489.0,90546.56400023494,0.0,90364.0,1057.5640002349392,1118441.6145929263,-1,1,2876
XGBoost,H6,423,2025-04-02,2025-04-10,90364.0,0.0141870656456111,0.0026203158777207136,91646.0,90600.78222397435,0.0,90364.0,1045.2177760256454,1092480.1993199964,1,1,2875
XGBoost,H7,423,2025-04-02,2025-04-11,90364.0,0.0322694878491434,0.003063297364860773,93280.0,90640.81180307828,0.0,90364.0,2639.188196921721,6965314.338770925,1,1,2874
XGBoost,H1,424,2025-04-03,2025-04-04,89763.0,-0.0203090360170671,0.00022759560670237988,87940.0,89783.42966444443,0.0,89763.0,1843.4296644444257,3398232.927753688,-1,1,2881
XGBoost,H2,424,2025-04-03,2025-04-07,89763.0,-0.032797477802658,0.00017753637803252786,86819.0,89778.93619790133,0.0,89763.0,2959.936197901334,8761222.295646604,-1,1,2880
XGBoost,H3,424,2025-04-03,2025-04-08,89763.0,-0.0257789958000512,0.0009488467476330698,87449.0,89848.17133060779,0.0,89763.0,2399.1713306077872,5756023.07361034,-1,1,2879
XGBoost,H4,424,2025-04-03,2025-04-09,89763.0,-0.0030524826487527,0.001139060128480196,89489.0,89865.24545431277,0.0,89763.0,376.24545431276783,141560.64189102108,-1,1,2878
XGBoost,H5,424,2025-04-03,2025-04-10,89763.0,0.0209774628744583,0.0017357849283143878,91646.0,89918.80926252028,0.0,89763.0,1727.1907374797156,2983187.843635724,1,1,2877
XGBoost,H6,424,2025-04-03,2025-04-11,89763.0,0.0391809542907433,0.002630918985232711,93280.0,89999.15918087144,0.0,89763.0,3280.840819128556,10763916.480460135,1,1,2876
XGBoost,H7,424,2025-04-03,2025-04-14,89763.0,0.0342234550984259,0.0030556335113942623,92835.0,90037.28283088328,0.0,89763.0,2797.717169116717,7827221.358370456,1,1,2875
XGBoost,H1,425,2025-04-04,2025-04-07,87940.0,-0.0127473277234477,0.0002497265231795609,86819.0,87961.96095044841,0.0,87940.0,1142.9609504484106,1306359.734249934,-1,1,2882
XGBoost,H2,425,2025-04-04,2025-04-08,87940.0,-0.0055833522856493,0.00019297354447189718,87449.0,87956.97009350086,0.0,87940.0,507.97009350085864,258033.61589127107,-1,1,2881
XGBoost,H3,425,2025-04-04,2025-04-09,87940.0,0.0176142824653171,0.0009200103813782334,89489.0,88020.9057129384,0.0,87940.0,1468.0942870615982,2155300.835702902,1,1,2880
XGBoost,H4,425,2025-04-04,2025-04-10,87940.0,0.0421423697975893,0.0011334290029481053,91646.0,88039.67374651926,0.0,87940.0,3606.3262534807436,13005589.046544457,1,1,2879
XGBoost,H5,425,2025-04-04,2025-04-11,87940.0,0.06072322037753,0.0017322446219623089,93280.0,88092.33359205537,0.0,87940.0,5187.666407944635,26911882.760117188,1,1,2878
XGBoost,H6,425,2025-04-04,2025-04-14,87940.0,0.0556629520127358,0.0026255722623318434,92835.0,88170.89282474946,0.0,87940.0,4664.107175250538,21753895.74222355,1,1,2877
XGBoost,H7,425,2025-04-04,2025-04-15,87940.0,0.0583465999545145,0.0030549983493983746,93071.0,88208.6565548461,0.0,87940.0,4862.343445153907,23642383.778631166,1,1,2876
XGBoost,H1,426,2025-04-07,2025-04-08,86819.0,0.0072564761169791,0.0002507108438294381,87449.0,86840.76646475043,0.0,86819.0,608.233535249572,369948.03340219235,1,1,2883
XGBoost,H2,426,2025-04-07,2025-04-09,86819.0,0.0307536368767205,-0.00033024235744960606,89489.0,86790.32868876858,0.0,86819.0,2698.6713112314173,7282826.8460634975,1,-1,2882
XGBoost,H3,426,2025-04-07,2025-04-10,86819.0,0.0555984289153295,0.0008806346450001001,91646.0,86895.45581924426,0.0,86819.0,4750.544180755736,22567670.01331219,1,1,2881
XGBoost,H4,426,2025-04-07,2025-04-11,86819.0,0.0744191939552401,0.0012589417165145278,93280.0,86928.30006088607,0.0,86819.0,6351.699939113925,40344092.11653984,1,1,2880
XGBoost,H5,426,2025-04-07,2025-04-14,86819.0,0.0692935878091201,0.0018311162712052464,92835.0,86977.97568354977,0.0,86819.0,5857.024316450232,34304733.843489304,1,1,2879
XGBoost,H6,426,2025-04-07,2025-04-15,86819.0,0.0720118867989725,0.0026166136376559734,93071.0,87046.17177940765,0.0,86819.0,6024.828220592346,36298555.08764593,1,1,2878
XGBoost,H7,426,2025-04-07,2025-04-16,86819.0,0.0961079947937664,0.0029750613030046225,95163.0,87077.29184726556,0.0,86819.0,8085.708152734442,65378676.33119622,1,1,2877
XGBoost,H1,427,2025-04-08,2025-04-09,87449.0,0.0233278825372502,0.00035264616599306464,89489.0,87479.83855456993,0.0,87449.0,2009.1614454300725,4036729.713802658,1,1,2884
XGBoost,H2,427,2025-04-08,2025-04-10,87449.0,0.0479936877494311,0.0007212753407657146,91646.0,87512.07480727462,0.0,87449.0,4133.925192725379,17089337.499049563,1,1,2883
XGBoost,H3,427,2025-04-08,2025-04-11,87449.0,0.066678864252307,0.001002877950668335,93280.0,87536.700673908,0.0,87449.0,5743.299326092005,32985487.149088874,1,1,2882
XGBoost,H4,427,2025-04-08,2025-04-14,87449.0,0.0615901839929557,0.0014046354917809367,92835.0,87571.83396912075,0.0,87449.0,5263.166030879249,27700916.668601226,1,1,2881
XGBoost,H5,427,2025-04-08,2025-04-15,87449.0,0.0642888998158925,0.001939586247317493,93071.0,87618.61487774167,0.0,87449.0,5452.385122258333,29728503.52142401,1,1,2880
XGBoost,H6,427,2025-04-08,2025-04-16,87449.0,0.0882114146531121,0.0025400740560144186,95163.0,87671.1269361244,0.0,87449.0,7491.873063875595,56128162.0052247,1,1,2879
XGBoost,H7,427,2025-04-08,2025-04-17,87449.0,0.0838774600052603,0.0029689939692616463,94784.0,87708.63555361796,0.0,87449.0,7075.364446382038,50060782.049127005,1,1,2878
XGBoost,H1,428,2025-04-09,2025-04-10,89489.0,0.0241035211031523,0.0002777382032945752,91646.0,89513.85451407463,0.0,89489.0,2132.1454859253718,4546044.373151939,1,1,2885
XGBoost,H2,428,2025-04-09,2025-04-11,89489.0,0.0423627484942283,0.00011457919754320756,93280.0,89499.25357780894,0.0,89489.0,3780.746422191063,14294043.508910526,1,1,2884
XGBoost,H3,428,2025-04-09,2025-04-14,89489.0,0.0373900702879683,0.0010048887925222516,92835.0,89578.92649315402,0.0,89489.0,3256.073506845976,10602014.681984253,1,1,2883
XGBoost,H4,428,2025-04-09,2025-04-15,89489.0,0.040027265920951,0.001151346368715167,93071.0,89592.03283518995,0.0,89489.0,3478.9671648100484,12103212.533826467,1,1,2882
XGBoost,H5,428,2025-04-09,2025-04-16,89489.0,0.0634044407692566,0.001513748662546277,95163.0,89624.4638540626,0.0,89489.0,5538.536145937396,30675382.63985507,1,1,2881
XGBoost,H6,428,2025-04-09,2025-04-17,89489.0,0.0591692833756103,0.0025820638984441757,94784.0,89720.06631620787,0.0,89489.0,5063.933683792129,25643424.353844523,1,1,2880
XGBoost,H7,428,2025-04-09,2025-04-21,89489.0,0.0816971918336331,0.0029537249356508255,96800.0,89753.32589076646,0.0,89489.0,7046.674109233543,49655616.00174235,1,1,2879
XGBoost,H1,429,2025-04-10,2025-04-11,91646.0,0.0178294742814744,0.00040980352787300944,93280.0,91683.55685411545,0.0,91646.0,1596.4431458845502,2548630.718041759,1,1,2886
XGBoost,H2,429,2025-04-10,2025-04-14,91646.0,0.012973834100779,0.0007569443550892174,92835.0,91715.3709223665,0.0,91646.0,1119.6290776334936,1253569.2714824276,1,1,2885
XGBoost,H3,429,2025-04-10,2025-04-15,91646.0,0.0155489601291927,0.0009167189127765596,93071.0,91730.01362148032,0.0,91646.0,1340.9863785196794,1798244.467375325,1,1,2884
XGBoost,H4,429,2025-04-10,2025-04-16,91646.0,0.0383759247539445,0.0014067550655454397,95163.0,91774.92347473698,0.0,91646.0,3388.0765252630226,11479062.541038357,1,1,2883
XGBoost,H5,429,2025-04-10,2025-04-17,91646.0,0.0342404469371275,0.0018984857015311718,94784.0,91819.98862060253,0.0,91646.0,2964.0113793974742,8785363.457197718,1,1,2882
XGBoost,H6,429,2025-04-10,2025-04-21,91646.0,0.0562381336883224,0.0026143111754208803,96800.0,91885.59116198262,0.0,91646.0,4914.408838017378,24151414.227183316,1,1,2881
XGBoost,H7,429,2025-04-10,2025-04-22,91646.0,0.059042402287061,0.002941804938018322,97057.0,91915.60465534963,0.0,91646.0,5141.395344650373,26433946.089992527,1,1,2880
XGBoost,H1,430,2025-04-11,2025-04-14,93280.0,-0.0047705831903944,0.00044078793143853545,92835.0,93321.11669824459,0.0,93280.0,486.1166982445866,236309.44431221846,-1,1,2887
XGBoost,H2,430,2025-04-11,2025-04-15,93280.0,-0.0022405660377358,0.0006435423856601119,93071.0,93340.02963373438,0.0,93280.0,269.02963373437524,72376.9438272521,-1,1,2886
XGBoost,H3,430,2025-04-11,2025-04-16,93280.0,0.0201865351629502,0.001144798588939011,95163.0,93386.78681237623,0.0,93280.0,1776.213187623769,3154933.2878885907,1,1,2885
XGBoost,H4,430,2025-04-11,2025-04-17,93280.0,0.0161234991423671,0.001626382814720273,94784.0,93431.7089889571,0.0,93280.0,1352.291011042893,1828690.9785474096,1,1,2884
XGBoost,H5,430,2025-04-11,2025-04-21,93280.0,0.0377358490566037,0.0020626052282750607,96800.0,93472.3998156935,0.0,93280.0,3327.6001843065023,11072922.986596668,1,1,2883
XGBoost,H6,430,2025-04-11,2025-04-22,93280.0,0.0404909948542024,0.0026107337325811386,97057.0,93523.52924257517,0.0,93280.0,3533.4707574248314,12485415.59357641,1,1,2882
XGBoost,H7,430,2025-04-11,2025-04-23,93280.0,0.0134005145797597,0.003019329160451889,94530.0,93561.64302408695,0.0,93280.0,968.3569759130478,937715.232799463,1,1,2881
XGBoost,H1,431,2025-04-14,2025-04-15,92835.0,0.0025421446652662,0.00038657820550724864,93071.0,92870.88798770827,0.0,92835.0,200.11201229173457,40044.817463447325,1,1,2888
XGBoost,H2,431,2025-04-14,2025-04-16,92835.0,0.0250767490709322,0.0009650440770201385,95163.0,92924.58986689016,0.0,92835.0,2238.4101331098354,5010479.924008791,1,1,2887
XGBoost,H3,431,2025-04-14,2025-04-17,92835.0,0.0209942370873055,0.0012979283928871155,94784.0,92955.49318235368,0.0,92835.0,1828.5068176463246,3343437.1821790896,1,1,2886
XGBoost,H4,431,2025-04-14,2025-04-21,92835.0,0.0427101847363602,0.0018132510595023632,96800.0,93003.3331621089,0.0,92835.0,3796.666837891098,14414679.07794199,1,1,2885
XGBoost,H5,431,2025-04-14,2025-04-22,92835.0,0.0454785371896375,0.0022076277527958155,97057.0,93039.9451224308,0.0,92835.0,4017.0548775692005,16136729.889402505,1,1,2884
XGBoost,H6,431,2025-04-14,2025-04-23,92835.0,0.0182582000323154,0.0026888400316238403,94530.0,93084.6184643358,0.0,92835.0,1445.3815356642008,2089127.7836390033,1,1,2883
XGBoost,H7,431,2025-04-14,2025-04-24,92835.0,0.0320137879032691,0.0030682124197483063,95807.0,93119.83749998733,0.0,92835.0,2687.162500012666,7220842.301474321,1,1,2882
XGBoost,H1,432,2025-04-15,2025-04-16,93071.0,0.0224774634418885,0.0004372398543637246,95163.0,93111.69435048549,0.0,93071.0,2051.305649514514,4207854.867730161,1,1,2889
XGBoost,H2,432,2025-04-15,2025-04-17,93071.0,0.0184053034779898,0.0009786620503291488,94784.0,93162.08505568618,0.0,93071.0,1621.9149443138158,2630608.086588488,1,1,2888
XGBoost,H3,432,2025-04-15,2025-04-21,93071.0,0.0400661860300199,0.0014141692081466317,96800.0,93202.61814237142,0.0,93071.0,3597.381857628585,12941156.229595289,1,1,2887
XGBoost,H4,432,2025-04-15,2025-04-22,93071.0,0.0428275187759881,0.002187955193221569,97057.0,93274.63517778832,0.0,93071.0,3782.3648222116753,14306283.648304358,1,1,2886
XGBoost,H5,432,2025-04-15,2025-04-23,93071.0,0.0156762041882003,0.0025426193606108427,94530.0,93307.64412651141,0.0,93071.0,1222.3558734885883,1494153.8814520496,1,1,2885
XGBoost,H6,432,2025-04-15,2025-04-24,93071.0,0.029396912034898,0.0028356804978102446,95807.0,93334.9196196117,0.0,93071.0,2472.0803803883027,6111181.407100775,1,1,2884
XGBoost,H7,432,2025-04-15,2025-04-25,93071.0,0.0214889707857441,0.0031596708577126265,95071.0,93365.07372639817,0.0,93071.0,1705.9262736018281,2910184.4509650194,1,1,2883
XGBoost,H1,433,2025-04-16,2025-04-17,95163.0,-0.0039826403118858,0.0003134318394586444,94784.0,95192.8271141384,0.0,95163.0,408.827114138403,167139.60925473477,-1,1,2890
XGBoost,H2,433,2025-04-16,2025-04-21,95163.0,0.0172020638273278,0.0010939720086753368,96800.0,95267.10565826157,0.0,95163.0,1532.894341738429,2349765.0629336913,1,1,2889
XGBoost,H3,433,2025-04-16,2025-04-22,95163.0,0.0199026932736463,0.0017513807397335768,97057.0,95329.66664533527,0.0,95163.0,1727.3333546647336,2983680.5181373223,1,1,2888
XGBoost,H4,433,2025-04-16,2025-04-23,95163.0,-0.0066517449008542,0.0021905102767050266,94530.0,95371.45552946208,0.0,95163.0,841.4555294620804,708047.4080623102,-1,1,2887
XGBoost,H5,433,2025-04-16,2025-04-24,95163.0,0.0067673360444711,0.003042583353817463,95807.0,95452.54135969933,0.0,95163.0,354.4586403006688,125640.92768379889,1,1,2886
XGBoost,H6,433,2025-04-16,2025-04-25,95163.0,-0.0009667622920672,0.0036273710429668427,95071.0,95508.19151056185,0.0,95163.0,437.19151056185365,191136.4169073554,-1,1,2885
XGBoost,H7,433,2025-04-16,2025-04-28,95163.0,0.0104662526402068,0.003482736647129059,96159.0,95494.42766755074,0.0,95163.0,664.5723324492574,441656.38505704625,1,1,2884
XGBoost,H1,434,2025-04-17,2025-04-21,94784.0,0.0212694125590817,0.00034756428794935346,96800.0,94816.94353346899,0.0,94784.0,1983.0564665310085,3932512.9494504486,1,1,2891
XGBoost,H2,434,2025-04-17,2025-04-22,94784.0,0.0239808406482107,0.0007896613096818328,97057.0,94858.84725757688,0.0,94784.0,2198.152742423117,4831875.479022271,1,1,2890
XGBoost,H3,434,2025-04-17,2025-04-23,94784.0,-0.0026797771775827,0.0016571375308558345,94530.0,94941.07012372464,0.0,94784.0,411.0701237246394,168978.64661899034,-1,1,2889
XGBoost,H4,434,2025-04-17,2025-04-24,94784.0,0.0107929608372721,0.0023203599266707897,95807.0,95003.93299528956,0.0,94784.0,803.0670047104359,644916.6140545913,1,1,2888
XGBoost,H5,434,2025-04-17,2025-04-25,94784.0,0.0030279372045916,0.0031429606024175882,95071.0,95081.90237773955,0.0,94784.0,10.902377739548683,118.86184037580665,1,1,2887
XGBoost,H6,434,2025-04-17,2025-04-28,94784.0,0.0145066677920324,0.0041161468252539635,96159.0,95174.14486068487,0.0,94784.0,984.8551393151283,969939.6454354208,1,1,2886
XGBoost,H7,434,2025-04-17,2025-04-29,94784.0,0.0081764854827819,0.004427751991897821,95559.0,95203.68004480004,0.0,94784.0,355.3199551999569,126252.27056329937,1,1,2885
XGBoost,H1,435,2025-04-21,2025-04-22,96800.0,0.002654958677686,0.0005792260053567588,97057.0,96856.06907731853,0.0,96800.0,200.93092268146574,40373.235689625166,1,1,2892
XGBoost,H2,435,2025-04-21,2025-04-23,96800.0,-0.0234504132231404,0.0010680475970730186,94530.0,96903.38700739667,0.0,96800.0,2373.387007396668,5632965.886879312,-1,1,2891
XGBoost,H3,435,2025-04-21,2025-04-24,96800.0,-0.0102582644628098,0.002137304050847888,95807.0,97006.89103212208,0.0,96800.0,1199.8910321220756,1439738.4889669798,-1,1,2890
XGBoost,H4,435,2025-04-21,2025-04-25,96800.0,-0.0178615702479338,0.002826977288350463,95071.0,97073.65140151232,0.0,96800.0,2002.6514015123248,4010612.635979279,-1,1,2889
XGBoost,H5,435,2025-04-21,2025-04-28,96800.0,-0.0066219008264463,0.0038170248735696077,96159.0,97169.48800776154,0.0,96800.0,1010.488007761538,1021086.0138298821,-1,1,2888
XGBoost,H6,435,2025-04-21,2025-04-29,96800.0,-0.0128202479338842,0.004891581833362579,95559.0,97273.5051214695,0.0,96800.0,1714.5051214694977,2939527.811545137,-1,1,2887
XGBoost,H7,435,2025-04-21,2025-04-30,96800.0,-0.0215082644628099,0.005270651541650295,94718.0,97310.19906923175,0.0,96800.0,2592.1990692317486,6719496.014525943,-1,1,2886
XGBoost,H1,436,2025-04-22,2025-04-23,97057.0,-0.0260362467416054,0.0005485310102812946,94530.0,97110.23877426487,0.0,97057.0,2580.2387742648716,6657632.132219887,-1,1,2893
XGBoost,H2,436,2025-04-22,2025-04-24,97057.0,-0.0128790298484395,0.0009577743476256728,95807.0,97149.9587048575,0.0,97057.0,1342.958704857505,1803538.0829525471,-1,1,2892
XGBoost,H3,436,2025-04-22,2025-04-25,97057.0,-0.0204622026232007,0.002270638709887862,95071.0,97277.38138126559,0.0,97057.0,2206.3813812655862,4868118.799595436,-1,1,2891
XGBoost,H4,436,2025-04-22,2025-04-28,97057.0,-0.0092522950431189,0.003081635804846883,96159.0,97356.09432631102,0.0,97057.0,1197.094326311024,1433034.826086044,-1,1,2890
XGBoost,H5,436,2025-04-22,2025-04-29,97057.0,-0.0154342293703699,0.0040131863206624985,95559.0,97446.50782472454,0.0,97057.0,1887.5078247245401,3562685.7883963655,-1,1,2889
XGBoost,H6,436,2025-04-22,2025-04-30,97057.0,-0.0240992406524001,0.0053626773878932,94718.0,97577.48537923675,0.0,97057.0,2859.4853792367503,8176656.634068741,-1,1,2888
XGBoost,H7,436,2025-04-22,2025-05-01,97057.0,-0.0481675716331639,0.007214581128209829,92382.0,97757.22560056066,0.0,97057.0,5375.225600560661,28893050.256922722,-1,1,2887
XGBoost,H1,437,2025-04-23,2025-04-24,94530.0,0.0135089389611764,0.0005156491533853114,95807.0,94578.74431446951,0.0,94530.0,1228.2556855304865,1508612.0290379655,1,1,2894
XGBoost,H2,437,2025-04-23,2025-04-25,94530.0,0.0057230508833174,0.0008699399186298251,95071.0,94612.23542050808,0.0,94530.0,458.76457949192263,210464.9393964006,1,1,2893
XGBoost,H3,437,2025-04-23,2025-04-28,94530.0,0.0172326245636305,0.0020085719879716635,96159.0,94719.87031002296,0.0,94530.0,1439.1296899770387,2071094.2645734074,1,1,2892
XGBoost,H4,437,2025-04-23,2025-04-29,94530.0,0.0108854331958108,0.0029171654023230076,95559.0,94805.7596454816,0.0,94530.0,753.2403545184061,567371.0316750141,1,1,2891
XGBoost,H5,437,2025-04-23,2025-04-30,94530.0,0.0019887866285834,0.003905034624040127,94718.0,94899.14292301051,0.0,94530.0,181.1429230105132,32812.75855679271,1,1,2890
XGBoost,H6,437,2025-04-23,2025-05-01,94530.0,-0.0227229450967946,0.005315368063747883,92382.0,95032.46174306609,0.0,94530.0,2650.4617430660874,7024947.451456922,-1,1,2889
XGBoost,H7,437,2025-04-23,2025-05-02,94530.0,-0.0194435628900877,0.006627644412219524,92692.0,95156.51122628711,0.0,94530.0,2464.5112262871116,6073815.584495203,-1,1,2888
XGBoost,H1,438,2025-04-24,2025-04-25,95807.0,-0.0076821109104763,0.0005750296986661851,95071.0,95862.09187034011,0.0,95807.0,791.0918703401112,625826.3473182153,-1,1,2895
XGBoost,H2,438,2025-04-24,2025-04-28,95807.0,0.0036740530441408,0.0011873311595991254,96159.0,95920.75463640771,0.0,95807.0,238.2453635922866,56760.85327322084,1,1,2894
XGBoost,H3,438,2025-04-24,2025-04-29,95807.0,-0.0025885373720082,0.002273890422657132,95559.0,96024.85461972351,0.0,95807.0,465.85461972351186,217020.52671773784,-1,1,2893
XGBoost,H4,438,2025-04-24,2025-04-30,95807.0,-0.0113666016053106,0.0031948904506862164,94718.0,96113.0928694089,0.0,95807.0,1395.0928694088943,1946284.1142755423,-1,1,2892
XGBoost,H5,438,2025-04-24,2025-05-01,95807.0,-0.035748953625518,0.004035556688904762,92382.0,96193.6345796939,0.0,95807.0,3811.6345796938986,14528558.169118283,-1,1,2891
XGBoost,H6,438,2025-04-24,2025-05-02,95807.0,-0.0325132819105076,0.0052970885299146175,92692.0,96314.49816078553,0.0,95807.0,3622.4981607855298,13122492.924894545,-1,1,2890
XGBoost,H7,438,2025-04-24,2025-05-05,95807.0,-0.0118989217906833,0.00713719055056572,94667.0,96490.79281507805,0.0,95807.0,1823.79281507805,3326220.232330318,-1,1,2889
XGBoost,H1,439,2025-04-25,2025-04-28,95071.0,0.0114440786359668,0.0006828067707829177,96159.0,95135.9151225051,0.0,95071.0,1023.0848774948972,1046702.6665587488,1,1,2896
XGBoost,H2,439,2025-04-25,2025-04-29,95071.0,0.0051330058587792,0.0016968648415058851,95559.0,95232.3226373468,0.0,95071.0,326.677362653194,106718.09927004643,1,1,2895
XGBoost,H3,439,2025-04-25,2025-04-30,95071.0,-0.003713014483912,0.002419564640149474,94718.0,95301.03042990365,0.0,95071.0,583.0304299036507,339924.4821936357,-1,1,2894
XGBoost,H4,439,2025-04-25,2025-05-01,95071.0,-0.028284124496429,0.0037110846024006605,92382.0,95423.81652423483,0.0,95071.0,3041.816524234833,9252647.76710808,-1,1,2893
XGBoost,H5,439,2025-04-25,2025-05-02,95071.0,-0.0250234035615487,0.00442701019346714,92692.0,95491.88028610311,0.0,95071.0,2799.8802861031145,7839329.616508858,-1,1,2892
XGBoost,H6,439,2025-04-25,2025-05-05,95071.0,-0.0042494556699729,0.005104340147227049,94667.0,95556.27472213702,0.0,95071.0,889.2747221370228,790809.531431879,-1,1,2891
XGBoost,H7,439,2025-04-25,2025-05-06,95071.0,0.0251285881078351,0.007085500750690699,97460.0,95744.62564186892,0.0,95071.0,1715.3743581310846,2942509.1885336307,1,1,2890
XGBoost,H1,440,2025-04-28,2025-04-29,96159.0,-0.0062396655539262,0.0006533837295137346,95559.0,96221.82872604631,0.0,96159.0,662.8287260463112,439341.92007217585,-1,1,2897
XGBoost,H2,440,2025-04-28,2025-04-30,96159.0,-0.014985596772013,0.0017653589602559805,94718.0,96328.75515225925,0.0,96159.0,1610.7551522592548,2594532.160529735,-1,1,2896
XGBoost,H3,440,2025-04-28,2025-05-01,96159.0,-0.039278694661966,0.0029670437797904015,92382.0,96444.30796282087,0.0,96159.0,4062.307962820865,16502345.984797807,-1,1,2895
XGBoost,H4,440,2025-04-28,2025-05-02,96159.0,-0.0360548674591042,0.0036626490764319897,92692.0,96511.19667254062,0.0,96159.0,3819.1966725406237,14586263.223545372,-1,1,2894
XGBoost,H5,440,2025-04-28,2025-05-05,96159.0,-0.0155159683440967,0.005148390308022499,94667.0,96654.06406362914,0.0,96159.0,1987.0640636291355,3948423.592966333,-1,1,2893
XGBoost,H6,440,2025-04-28,2025-05-06,96159.0,0.0135296748094302,0.005730973556637764,97460.0,96710.08468623273,0.0,96159.0,749.9153137672693,562372.9778226619,1,1,2892
XGBoost,H7,440,2025-04-28,2025-05-07,96159.0,0.0094218949864286,0.006613861303776503,97065.0,96794.98228910984,0.0,96159.0,270.0177108901553,72909.56419435948,1,1,2891
XGBoost,H1,441,2025-04-29,2025-04-30,95559.0,-0.0088008455509162,0.0005971118225716054,94718.0,95616.05940865312,0.0,95559.0,898.05940865312,806510.7014703917,-1,1,2898
XGBoost,H2,441,2025-04-29,2025-05-01,95559.0,-0.033246475999121,0.0013063284568488598,92382.0,95683.83144100802,0.0,95559.0,3301.83144100802,10902090.864829099,-1,1,2897
XGBoost,H3,441,2025-04-29,2025-05-02,95559.0,-0.0300024068899842,0.002657592063769698,92692.0,95812.95684002177,0.0,95559.0,3120.9568400217686,9740371.597278664,-1,1,2896
XGBoost,H4,441,2025-04-29,2025-05-05,95559.0,-0.0093345472430644,0.003845921019092202,94667.0,95926.51236666343,0.0,95559.0,1259.5123666634317,1586371.401778119,-1,1,2895
XGBoost,H5,441,2025-04-29,2025-05-06,95559.0,0.0198934689563514,0.0044640726409852505,97460.0,95985.58231749991,0.0,95559.0,1474.4176825000905,2173907.5024689375,1,1,2894
XGBoost,H6,441,2025-04-29,2025-05-07,95559.0,0.0157598970269676,0.005901287775486708,97065.0,96122.92115853773,0.0,95559.0,942.0788414622657,887512.5435308848,1,1,2893
XGBoost,H7,441,2025-04-29,2025-05-08,95559.0,0.0062160550026684,0.007019082549959421,96153.0,96229.73650939157,0.0,95559.0,76.73650939157233,5888.491873602868,1,1,2892
XGBoost,H1,442,2025-04-30,2025-05-01,94718.0,-0.024662682911379,0.00047004345105960965,92382.0,94762.52157559746,0.0,94718.0,2380.521575597464,5666882.971885033,-1,1,2899
XGBoost,H2,442,2025-04-30,2025-05-02,94718.0,-0.0213898097510505,0.0008930314797908068,92692.0,94802.58615570283,0.0,94718.0,2110.5861557028256,4454573.920644432,-1,1,2898
XGBoost,H3,442,2025-04-30,2025-05-05,94718.0,-0.0005384404231508,0.0016973220044746995,94667.0,94878.76694561983,0.0,94718.0,211.7669456198346,44845.23925715398,-1,1,2897
XGBoost,H4,442,2025-04-30,2025-05-06,94718.0,0.0289490909858738,0.0031696311198174953,97460.0,95018.22112040687,0.0,94718.0,2441.7788795931265,5962284.096827064,1,1,2896
XGBoost,H5,442,2025-04-30,2025-05-07,94718.0,0.0247788171202938,0.004119837656617165,97065.0,95108.22278315946,0.0,94718.0,1956.7772168405354,3828977.0763461916,1,1,2895
XGBoost,H6,442,2025-04-30,2025-05-08,94718.0,0.0151502354357144,0.004769578110426664,96153.0,95169.7648994634,0.0,94718.0,983.2351005366072,966751.2629272321,1,1,2894
XGBoost,H7,442,2025-04-30,2025-05-09,94718.0,0.0187081652906522,0.005691396072506905,96490.0,95257.07765319571,0.0,94718.0,1232.922346804291,1520097.5132494005,1,1,2893
XGBoost,H1,443,2025-05-01,2025-05-02,92382.0,0.0033556320495333,0.00042727382970042527,92692.0,92421.47241093538,0.0,92382.0,270.5275890646153,73185.17644511336,1,1,2900
XGBoost,H2,443,2025-05-01,2025-05-05,92382.0,0.024734255590916,0.0008323477813974023,94667.0,92458.89395274105,0.0,92382.0,2208.106047258945,4875732.315941523,1,1,2899
XGBoost,H3,443,2025-05-01,2025-05-06,92382.0,0.054967417895261,0.0014046680880710483,97460.0,92511.76604731218,0.0,92382.0,4948.23395268782,24485019.25053253,1,1,2898
XGBoost,H4,443,2025-05-01,2025-05-07,92382.0,0.0506916931869845,0.002220007125288248,97065.0,92587.08869824838,0.0,92382.0,4477.911301751621,20051689.6263549,1,1,2897
XGBoost,H5,443,2025-05-01,2025-05-08,92382.0,0.0408196401896472,0.002916014054790139,96153.0,92651.38721040962,0.0,92382.0,3501.6127895903774,12261292.128222905,1,1,2896
XGBoost,H6,443,2025-05-01,2025-05-09,92382.0,0.0444675369660756,0.003762270789593458,96490.0,92729.56610008422,0.0,92382.0,3760.433899915777,14140863.11563578,1,1,2895
XGBoost,H7,443,2025-05-01,2025-05-12,92382.0,0.0061267346452771,0.004326482303440571,92948.0,92781.68908815645,0.0,92382.0,166.31091184355319,27659.319398234118,1,1,2894
XGBoost,H1,444,2025-05-02,2025-05-05,92692.0,0.0213071246709533,0.00033857044763863087,94667.0,92723.38277193252,0.0,92692.0,1943.61722806748,3777647.9292407148,1,1,2901
XGBoost,H2,444,2025-05-02,2025-05-06,92692.0,0.0514391749018254,0.00039867241866886616,97460.0,92728.95374383125,0.0,92692.0,4731.0462561687455,22382798.678008303,1,1,2900
XGBoost,H3,444,2025-05-02,2025-05-07,92692.0,0.0471777499676346,0.001203657127916813,97065.0,92803.56938650087,0.0,92692.0,4261.430613499135,18159790.873667613,1,1,2899
XGBoost,H4,444,2025-05-02,2025-05-08,92692.0,0.0373387131575539,0.001929168589413166,96153.0,92870.81849488989,0.0,92692.0,3282.181505110115,10772715.4324869,1,1,2898
XGBoost,H5,444,2025-05-02,2025-05-09,92692.0,0.0409744098735598,0.0028134798631072044,96490.0,92952.78707547113,0.0,92692.0,3537.212924528867,12511875.27345406,1,1,2897
XGBoost,H6,444,2025-05-02,2025-05-12,92692.0,0.0027618348940576,0.003387694014236331,92948.0,93006.0121335676,0.0,92692.0,58.01213356759399,3365.4076410643656,1,1,2896
XGBoost,H7,444,2025-05-02,2025-05-13,92692.0,0.0104323997756008,0.0041648573242127895,93659.0,93078.04895509593,0.0,92692.0,580.9510449040681,337504.1165751286,1,1,2895
XGBoost,H1,445,2025-05-05,2025-05-06,94667.0,0.0295034172414885,0.0004303784226067364,97460.0,94707.74263413291,0.0,94667.0,2752.257365867088,7574920.607969643,1,1,2902
XGBoost,H2,445,2025-05-05,2025-05-07,94667.0,0.0253308967221945,0.0008724439539946616,97065.0,94749.59165179281,0.0,94667.0,2315.4083482071874,5361115.818947536,1,1,2901
XGBoost,H3,445,2025-05-05,2025-05-08,94667.0,0.0156971278270146,0.001244630548171699,96153.0,94784.82544010377,0.0,94667.0,1368.1745598962298,1871901.626347242,1,1,2900
XGBoost,H4,445,2025-05-05,2025-05-09,94667.0,0.019256974447273,0.0017266389913856983,96490.0,94830.45573339751,0.0,94667.0,1659.54426660249,2754087.1728131967,1,1,2899
XGBoost,H5,445,2025-05-05,2025-05-12,94667.0,-0.0181583867662438,0.0026893438771367073,92948.0,94921.5921168169,0.0,94667.0,1973.5921168169007,3895065.843561815,-1,1,2898
XGBoost,H6,445,2025-05-05,2025-05-13,94667.0,-0.0106478498315146,0.003259507939219475,93659.0,94975.56783808209,0.0,94667.0,1316.56783808209,1733350.8722721485,-1,1,2897
XGBoost,H7,445,2025-05-05,2025-05-14,94667.0,-0.0249506163710691,0.003994661383330822,92305.0,95045.16260917578,0.0,94667.0,2740.162609175779,7508491.124725012,-1,1,2896
XGBoost,H1,446,2025-05-06,2025-05-07,97460.0,-0.0040529447978657,-0.0016935535240918398,97065.0,97294.94627354201,0.0,97460.0,229.9462735420093,52875.288715856565,-1,-1,2903
XGBoost,H2,446,2025-05-06,2025-05-08,97460.0,-0.0134106300020521,-0.00021239575289655477,96153.0,97439.2999099227,0.0,97460.0,1286.2999099227018,1654567.4582671507,-1,-1,2902
XGBoost,H3,446,2025-05-06,2025-05-09,97460.0,-0.0099528011491893,-0.00010482627840247005,96490.0,97449.7836309069,0.0,97460.0,959.7836309068953,921184.6181568233,-1,-1,2901
XGBoost,H4,446,2025-05-06,2025-05-12,97460.0,-0.0462959162733429,-0.0005932886269874871,92948.0,97402.1780904138,0.0,97460.0,4454.1780904137995,19839702.461122323,-1,-1,2900
XGBoost,H5,446,2025-05-06,2025-05-13,97460.0,-0.0390006156371844,0.0008921459084376693,93659.0,97546.94854023634,0.0,97460.0,3887.9485402363352,15116143.85152585,-1,1,2899
XGBoost,H6,446,2025-05-06,2025-05-14,97460.0,-0.0528934947670839,0.0029726927168667316,92305.0,97749.71863218583,0.0,97460.0,5444.718632185832,29644960.983671553,-1,1,2898
XGBoost,H7,446,2025-05-06,2025-05-15,97460.0,-0.0441719679868664,0.00385387078858912,93155.0,97835.5982470559,0.0,97460.0,4680.598247055896,21907999.950342722,-1,1,2897
XGBoost,H1,447,2025-05-07,2025-05-08,97065.0,-0.0093957657239993,0.0005161879817023873,96153.0,97115.10378644394,0.0,97065.0,962.1037864439422,925643.6958897708,-1,1,2904
XGBoost,H2,447,2025-05-07,2025-05-09,97065.0,-0.0059238654509864,0.0010297289118170738,96490.0,97164.95063682552,0.0,97065.0,674.9506368255243,455558.36215118074,-1,1,2903
XGBoost,H3,447,2025-05-07,2025-05-12,97065.0,-0.0424148766290629,0.0017137810355052352,92948.0,97231.34815621132,0.0,97065.0,4283.348156211316,18347071.42731888,-1,1,2902
XGBoost,H4,447,2025-05-07,2025-05-13,97065.0,-0.0350898882192345,0.0020262133330106735,93659.0,97261.67439716868,0.0,97065.0,3602.674397168681,12979262.81201472,-1,1,2901
XGBoost,H5,447,2025-05-07,2025-05-14,97065.0,-0.0490393035594705,0.0026942575350403786,92305.0,97326.5181076387,0.0,97065.0,5021.518107638694,25215644.105343293,-1,1,2900
XGBoost,H6,447,2025-05-07,2025-05-15,97065.0,-0.0402822850667078,0.003290102118626237,93155.0,97384.35376214446,0.0,97065.0,4229.353762144456,17887433.24536546,-1,1,2899
XGBoost,H7,447,2025-05-07,2025-05-16,97065.0,-0.0476175758512337,0.003962054383009672,92443.0,97449.57680868683,0.0,97065.0,5006.576808686834,25065811.34128084,-1,1,2898
XGBoost,H1,448,2025-05-08,2025-05-09,96153.0,0.0035048308425114,1.181524567073211e-06,96490.0,96153.1136071317,0.0,96153.0,336.88639286829857,113492.44169981361,1,1,2905
XGBoost,H2,448,2025-05-08,2025-05-12,96153.0,-0.0333322933241813,0.0003194734454154968,92948.0,96183.71833019704,0.0,96153.0,3235.7183301970363,10469873.112373097,-1,1,2904
XGBoost,H3,448,2025-05-08,2025-05-13,96153.0,-0.0259378282528885,0.0018497691489756107,93659.0,96330.86085298145,0.0,96153.0,2671.860852981452,7138840.417694772,-1,1,2903
XGBoost,H4,448,2025-05-08,2025-05-14,96153.0,-0.0400195521720591,0.002189630176872015,92305.0,96363.53951039677,0.0,96153.0,4058.539510396775,16471742.957451694,-1,1,2902
XGBoost,H5,448,2025-05-08,2025-05-15,96153.0,-0.0311794743793745,0.0027210041880607605,93155.0,96414.6327156946,0.0,96153.0,3259.6327156946063,10625205.441226594,-1,1,2901
XGBoost,H6,448,2025-05-08,2025-05-16,96153.0,-0.0385843395421879,0.003327906597405672,92443.0,96472.98820306035,0.0,96153.0,4029.9882030603476,16240804.91680557,-1,1,2900
XGBoost,H7,448,2025-05-08,2025-05-19,96153.0,-0.0295258598275665,0.003930233418941498,93314.0,96530.90373393148,0.0,96153.0,3216.903733931482,10348469.63338231,-1,1,2899
XGBoost,H1,449,2025-05-09,2025-05-12,96490.0,-0.0367084671986734,0.0003803467843681574,92948.0,96526.69966122368,0.0,96490.0,3578.6996612236835,12807091.265242508,-1,1,2906
XGBoost,H2,449,2025-05-09,2025-05-13,96490.0,-0.0293398279614467,0.0009613452129997313,93659.0,96582.76019960234,0.0,96490.0,2923.760199602344,8548373.704778738,-1,1,2905
XGBoost,H3,449,2025-05-09,2025-05-14,96490.0,-0.0433723701938024,0.0016482970677316189,92305.0,96649.04418406542,0.0,96490.0,4344.044184065424,18870719.873112634,-1,1,2904
XGBoost,H4,449,2025-05-09,2025-05-15,96490.0,-0.0345631671675821,0.0021282192319631577,93155.0,96695.35187369213,0.0,96490.0,3540.351873692125,12534091.38955534,-1,1,2903
XGBoost,H5,449,2025-05-09,2025-05-16,96490.0,-0.0419421701730748,0.0028776898980140686,92443.0,96767.66829825938,0.0,96490.0,4324.6682982593775,18702755.889969658,-1,1,2902
XGBoost,H6,449,2025-05-09,2025-05-19,96490.0,-0.0329153280132655,0.003458179999142885,93314.0,96823.6797881173,0.0,96490.0,3509.679788117297,12317852.215119075,-1,1,2901
XGBoost,H7,449,2025-05-09,2025-05-20,96490.0,-0.0179189553321588,0.003965548239648342,94761.0,96872.63574964367,0.0,96490.0,2111.6357496436685,4459005.539173178,-1,1,2900
XGBoost,H1,450,2025-05-12,2025-05-13,92948.0,0.007649438395662,0.00024133350234478712,93659.0,92970.43146637594,0.0,92948.0,688.5685336240567,474126.62549718376,1,1,2907
XGBoost,H2,450,2025-05-12,2025-05-14,92948.0,-0.0069178465378491,0.0006330769974738359,92305.0,93006.8432407612,0.0,92948.0,701.8432407611981,492583.9346021811,-1,1,2906
XGBoost,H3,450,2025-05-12,2025-05-15,92948.0,0.002227051684813,0.0013825887581333518,93155.0,93076.50885989098,0.0,92948.0,78.49114010902122,6160.859075613999,1,1,2905
XGBoost,H4,450,2025-05-12,2025-05-16,92948.0,-0.0054331454146404,0.0019017625600099564,92443.0,93124.7650264278,0.0,92948.0,681.7650264278054,464803.5512601062,-1,1,2904
XGBoost,H5,450,2025-05-12,2025-05-19,92948.0,0.0039376855876402,0.0027609458193182945,93314.0,93204.624392014,0.0,92948.0,109.37560798600316,11963.02362230784,1,1,2903
XGBoost,H6,450,2025-05-12,2025-05-20,92948.0,0.0195055299737487,0.0033601094037294388,94761.0,93260.31544885784,0.0,92948.0,1500.6845511421561,2252054.1220367346,1,1,2902
XGBoost,H7,450,2025-05-12,2025-05-21,92948.0,0.0271657270732021,0.003910274710506201,95473.0,93311.45221379213,0.0,92948.0,2161.5477862078696,4672288.832060142,1,1,2901
XGBoost,H1,451,2025-05-13,2025-05-14,93659.0,-0.0144566993027899,0.0003366193559486419,92305.0,93690.5274322588,0.0,93659.0,1385.5274322587939,1919686.2655416466,-1,1,2908
XGBoost,H2,451,2025-05-13,2025-05-15,93659.0,-0.0053812233741551,0.0009123494382947683,93155.0,93744.44973604125,0.0,93659.0,589.4497360412497,347450.991319099,-1,1,2907
XGBoost,H3,451,2025-05-13,2025-05-16,93659.0,-0.0129832690931998,0.0012553660199046135,92443.0,93776.57632605825,0.0,93659.0,1333.5763260582462,1778425.8174230098,-1,1,2906
XGBoost,H4,451,2025-05-13,2025-05-19,93659.0,-0.0036835755239752,0.0018993199337273836,93314.0,93836.88840567297,0.0,93659.0,522.888405672973,273412.2847872236,-1,1,2905
XGBoost,H5,451,2025-05-13,2025-05-20,93659.0,0.0117660876157124,0.0024498647544533014,94761.0,93888.45188303734,0.0,93659.0,872.5481169626582,761340.2164150807,1,1,2904
XGBoost,H6,451,2025-05-13,2025-05-21,93659.0,0.0193681333347568,0.0034031872637569904,95473.0,93977.73911593622,0.0,93659.0,1495.260884063784,2235805.111411209,1,1,2903
XGBoost,H7,451,2025-05-13,2025-05-22,93659.0,0.0192400089687057,0.0038364867214113474,95461.0,94018.32150984067,0.0,93659.0,1442.6784901593346,2081321.2259684172,1,1,2902
XGBoost,H1,452,2025-05-14,2025-05-15,92305.0,0.0092086019175559,0.00039183165063150227,93155.0,92341.16802051154,0.0,92305.0,813.8319794884592,662322.4908381038,1,1,2909
XGBoost,H2,452,2025-05-14,2025-05-16,92305.0,0.0014950436054383,0.0006319892127066851,92443.0,92363.33576427889,0.0,92305.0,79.66423572110943,6346.390453028488,1,1,2908
XGBoost,H3,452,2025-05-14,2025-05-19,92305.0,0.0109311521586046,0.0011377587215974927,93314.0,92410.02081879706,0.0,92305.0,903.9791812029434,817178.360048344,1,1,2907
XGBoost,H4,452,2025-05-14,2025-05-20,92305.0,0.0266074427170792,0.0017231900710612535,94761.0,92464.05905950931,0.0,92305.0,2296.940940490691,5275937.6841022605,1,1,2906
XGBoost,H5,452,2025-05-14,2025-05-21,92305.0,0.0343210010291967,0.0023164383601397276,95473.0,92518.8188428327,0.0,92305.0,2954.1811571673024,8727186.309362343,1,1,2905
XGBoost,H6,452,2025-05-14,2025-05-22,92305.0,0.0341909972374194,0.002992579247802496,95461.0,92581.23002746841,0.0,92305.0,2879.7699725315906,8293075.094694599,1,1,2904
XGBoost,H7,452,2025-05-14,2025-05-23,92305.0,0.0423054005741834,0.003807321423664689,96210.0,92656.43480401137,0.0,92305.0,3553.565195988631,12627825.602141717,1,1,2903
XGBoost,H1,453,2025-05-15,2025-05-16,93155.0,-0.0076431753529064,0.00039819919038563967,92443.0,93192.09424558037,0.0,93155.0,749.0942455803743,561142.1887616301,-1,1,2910
XGBoost,H2,453,2025-05-15,2025-05-19,93155.0,0.0017068326981912,0.0005719315377064049,93314.0,93208.27828239504,0.0,93155.0,105.72171760495985,11177.081573342877,1,1,2909
XGBoost,H3,453,2025-05-15,2025-05-20,93155.0,0.0172400837314152,0.001260116114281118,94761.0,93272.38611662586,0.0,93155.0,1488.6138833741425,2215971.293774245,1,1,2908
XGBoost,H4,453,2025-05-15,2025-05-21,93155.0,0.0248832590843217,0.0016458138125017285,95473.0,93308.3157857036,0.0,93155.0,2164.6842142964015,4685857.747624029,1,1,2907
XGBoost,H5,453,2025-05-15,2025-05-22,93155.0,0.024754441522194,0.0022677395027130842,95461.0,93366.25127337524,0.0,93155.0,2094.7487266247626,4387972.227696065,1,1,2906
XGBoost,H6,453,2025-05-15,2025-05-23,93155.0,0.0327948043583274,0.0028969079721719027,96210.0,93424.86146214767,0.0,93155.0,2785.1385378523264,7756996.675030194,1,1,2905
XGBoost,H7,453,2025-05-15,2025-05-26,93155.0,0.0285438248081155,0.003546080319210887,95814.0,93485.33511213609,0.0,93155.0,2328.66488786391,5422680.159970236,1,1,2904
XGBoost,H1,454,2025-05-16,2025-05-19,92443.0,0.0094220222190972,0.0003885006590280682,93314.0,92478.91416642253,0.0,92443.0,835.0858335774683,697368.3494417751,1,1,2911
XGBoost,H2,454,2025-05-16,2025-05-20,92443.0,0.025074911026254,0.0005806678673252463,94761.0,92496.67867965915,0.0,92443.0,2264.3213203408523,5127151.0417501405,1,1,2910
XGBoost,H3,454,2025-05-16,2025-05-21,92443.0,0.0327769544476055,0.0012551280669867992,95473.0,92559.02780389646,0.0,92443.0,2913.9721961035393,8491233.959664484,1,1,2909
XGBoost,H4,454,2025-05-16,2025-05-22,92443.0,0.0326471447270209,0.001641947659663856,95461.0,92594.7865675023,0.0,92443.0,2866.213432497694,8215179.440630214,1,1,2908
XGBoost,H5,454,2025-05-16,2025-05-23,92443.0,0.0407494347868415,0.002167387632653117,96210.0,92643.35981492535,0.0,92443.0,3566.640185074648,12720922.209789319,1,1,2907
XGBoost,H6,454,2025-05-16,2025-05-26,92443.0,0.0364657140075506,0.0028498561587184668,95814.0,92706.44925288041,0.0,92443.0,3107.550747119589,9656871.645923514,1,1,2906
XGBoost,H7,454,2025-05-16,2025-05-27,92443.0,0.028255249180576,0.0034846761263906956,95055.0,92765.13391515194,0.0,92443.0,2289.866084848065,5243486.6865374055,1,1,2905
XGBoost,H1,455,2025-05-19,2025-05-20,93314.0,0.0155067835480207,0.0004299760621506721,94761.0,93354.12278626353,0.0,93314.0,1406.8772137364722,1979303.4945308992,1,1,2912
XGBoost,H2,455,2025-05-19,2025-05-21,93314.0,0.0231369355080695,0.0007867813110351562,95473.0,93387.41771125793,0.0,93314.0,2085.5822887420654,4349653.483114592,1,1,2911
XGBoost,H3,455,2025-05-19,2025-05-22,93314.0,0.0230083374413272,0.0012587429955601692,95461.0,93431.4583438877,0.0,93314.0,2029.5416561122984,4119039.333895051,1,1,2910
XGBoost,H4,455,2025-05-19,2025-05-23,93314.0,0.031035000107165,0.0016391252866014838,96210.0,93466.95333699393,0.0,93314.0,2743.046663006069,7524304.995428732,1,1,2909
XGBoost,H5,455,2025-05-19,2025-05-26,93314.0,0.0267912639046659,0.0021787500008940697,95814.0,93517.30787758343,0.0,93314.0,2296.692122416571,5274794.705170332,1,1,2908
XGBoost,H6,455,2025-05-19,2025-05-27,93314.0,0.0186574361832094,0.0027104979380965233,95055.0,93566.92740459554,0.0,93314.0,1488.072595404461,2214360.0491937688,1,1,2907
XGBoost,H7,455,2025-05-19,2025-05-28,93314.0,0.019964849861757,0.0034035590942949057,95177.0,93631.59971332503,0.0,93314.0,1545.4002866749652,2388262.0460550645,1,1,2906
XGBoost,H1,456,2025-05-20,2025-05-21,94761.0,0.0075136395774633,0.00031024363124743104,95473.0,94790.39899674064,0.0,94761.0,682.6010032593622,465944.1296506878,1,1,2913
XGBoost,H2,456,2025-05-20,2025-05-22,94761.0,0.0073870052025621,0.0005066869198344648,95461.0,94809.01415921043,0.0,94761.0,651.9858407895663,425085.5365900777,1,1,2912
XGBoost,H3,456,2025-05-20,2025-05-23,94761.0,0.0152911007693037,0.0007575709605589509,96210.0,94832.78818179353,0.0,94761.0,1377.2118182064733,1896712.39220758,1,1,2911
XGBoost,H4,456,2025-05-20,2025-05-26,94761.0,0.0111121663975686,0.0013903880026191473,95814.0,94892.7545575162,0.0,94761.0,921.245442483807,848693.1652971853,1,1,2910
XGBoost,H5,456,2025-05-20,2025-05-27,94761.0,0.0031025421850761,0.002182106953114271,95055.0,94967.77863698406,0.0,94761.0,87.22136301593855,7607.566166358133,1,1,2909
XGBoost,H6,456,2025-05-20,2025-05-28,94761.0,0.004389991663237,0.0027170772664248943,95177.0,95018.47295884369,0.0,94761.0,158.5270411563106,25130.822777774592,1,1,2908
XGBoost,H7,456,2025-05-20,2025-05-29,94761.0,0.0056352296830974,0.003255905583500862,95295.0,95069.53286899813,0.0,94761.0,225.4671310018748,50835.427162216576,1,1,2907
XGBoost,H1,457,2025-05-21,2025-05-22,95473.0,-0.0001256899856504,0.00034379513817839324,95461.0,95505.8231532273,0.0,95473.0,44.82315322730574,2009.1150652385288,-1,1,2914
XGBoost,H2,457,2025-05-21,2025-05-23,95473.0,0.0077194599520282,0.00032280830782838166,96210.0,95503.8194775733,0.0,95473.0,706.1805224267009,498690.93025484827,1,1,2913
XGBoost,H3,457,2025-05-21,2025-05-26,95473.0,0.0035716904255653,-3.348019527038559e-05,95814.0,95469.80354531694,0.0,95473.0,344.1964546830568,118471.19941638557,1,-1,2912
XGBoost,H4,457,2025-05-21,2025-05-27,95473.0,-0.004378201166822,0.000961446959991008,95055.0,95564.79222561122,0.0,95473.0,509.7922256112215,259888.1132936426,-1,1,2911
XGBoost,H5,457,2025-05-21,2025-05-28,95473.0,-0.0031003529793763,0.0021111497189849615,95177.0,95674.55779712065,0.0,95473.0,497.55779712065123,247563.76147555513,-1,1,2910
XGBoost,H6,457,2025-05-21,2025-05-29,95473.0,-0.0018644014538141,0.00272138649597764,95295.0,95732.81893293047,0.0,95473.0,437.81893293047324,191685.41803237822,-1,1,2909
XGBoost,H7,457,2025-05-21,2025-05-30,95473.0,-0.0079708399233291,0.0033283948432654142,94712.0,95790.77184087108,0.0,95473.0,1078.771840871079,1163748.6846563763,-1,1,2908
XGBoost,H1,458,2025-05-22,2025-05-23,95461.0,0.0078461361184147,0.0001707278424873948,96210.0,95477.29785057169,0.0,95461.0,732.7021494283108,536852.4397768667,1,1,2915
XGBoost,H2,458,2025-05-22,2025-05-26,95461.0,0.0036978451933249,0.0004183318524155766,95814.0,95500.93437696344,0.0,95461.0,313.06562303655664,98010.08432726738,1,1,2914
XGBoost,H3,458,2025-05-22,2025-05-27,95461.0,-0.0042530457464304,-0.00016471650451421738,95055.0,95445.27599776257,0.0,95461.0,390.2759977625683,152315.35442956822,-1,-1,2913
XGBoost,H4,458,2025-05-22,2025-05-28,95461.0,-0.0029750369260744,0.0009730224264785647,95177.0,95553.88569385407,0.0,95461.0,376.88569385407027,142042.826231864,-1,1,2912
XGBoost,H5,458,2025-05-22,2025-05-29,95461.0,-0.0017389300342548,0.0021211886778473854,95295.0,95663.49079237599,0.0,95461.0,368.49079237598926,135785.46406588441,-1,1,2911
XGBoost,H6,458,2025-05-22,2025-05-30,95461.0,-0.0078461361184148,0.0027360152453184128,94712.0,95722.18275133334,0.0,95461.0,1010.182751333341,1020469.1910913987,-1,1,2910
XGBoost,H7,458,2025-05-22,2025-06-02,95461.0,0.020238631483014,0.0033455437514930964,97393.0,95780.36895206128,0.0,95461.0,1612.6310479387175,2600578.8967759265,1,1,2909
XGBoost,H1,459,2025-05-23,2025-05-26,96210.0,-0.0041159962581852,0.0003286877181380987,95814.0,96241.62304536207,0.0,96210.0,427.6230453620665,182861.46892472796,-1,1,2916
XGBoost,H2,459,2025-05-23,2025-05-27,96210.0,-0.0120049890863735,0.0005042075063101947,95055.0,96258.5098041821,0.0,96210.0,1203.5098041821038,1448435.8487624459,-1,1,2915
XGBoost,H3,459,2025-05-23,2025-05-28,96210.0,-0.0107369296330942,-4.2449388274690136e-05,95177.0,96205.91594435408,0.0,96210.0,1028.9159443540848,1058668.0205460582,-1,-1,2914
XGBoost,H4,459,2025-05-23,2025-05-29,96210.0,-0.0095104458995946,0.000929978268686682,95295.0,96299.47320923035,0.0,96210.0,1004.4732092303457,1008966.4280615099,-1,1,2913
XGBoost,H5,459,2025-05-23,2025-05-30,96210.0,-0.0155701070574784,0.002236494328826666,94712.0,96425.17311937641,0.0,96210.0,1713.1731193764135,2934962.1369539113,-1,1,2912
XGBoost,H6,459,2025-05-23,2025-06-02,96210.0,0.0122960191248311,0.002807065611705184,97393.0,96480.06778250216,0.0,96210.0,912.9322174978442,833445.2337455312,1,1,2911
XGBoost,H7,459,2025-05-23,2025-06-03,96210.0,0.0103731420850223,0.0033408566378057003,97208.0,96531.42381712329,0.0,96210.0,676.5761828767136,457755.33123602415,1,1,2910
XGBoost,H1,460,2025-05-26,2025-05-27,95814.0,-0.0079215980963116,2.996330840687733e-05,95055.0,95816.8709044317,0.0,95814.0,761.8709044316929,580447.2750195657,-1,1,2917
XGBoost,H2,460,2025-05-26,2025-05-28,95814.0,-0.0066482977435448,0.00029574622749350965,95177.0,95842.33662904106,0.0,95814.0,665.3366290410631,442672.82994372526,-1,1,2916
XGBoost,H3,460,2025-05-26,2025-05-29,95814.0,-0.0054167449433276,-4.738000643556006e-05,95295.0,95809.46033206338,0.0,95814.0,514.460332063376,264669.4332667591,-1,-1,2915
XGBoost,H4,460,2025-05-26,2025-05-30,95814.0,-0.0115014507274511,0.0007971485028974712,94712.0,95890.37798665662,0.0,95814.0,1178.3779866566183,1388574.6794369053,-1,1,2914
XGBoost,H5,460,2025-05-26,2025-06-02,95814.0,0.0164798463690065,0.002243694383651018,97393.0,96028.97733367514,0.0,95814.0,1364.0226663248613,1860557.834247984,1,1,2913
XGBoost,H6,460,2025-05-26,2025-06-03,95814.0,0.0145490220635815,0.0028863612096756697,97208.0,96090.55381294386,0.0,95814.0,1117.4461870561354,1248685.9809662956,1,1,2912
XGBoost,H7,460,2025-05-26,2025-06-04,95814.0,0.0225332414887178,0.0034850086085498333,97973.0,96147.9126148196,0.0,95814.0,1825.0873851804063,3330943.963544653,1,1,2911
XGBoost,H1,461,2025-05-27,2025-05-28,95055.0,0.0012834674662036,0.0003965265059377998,95177.0,95092.69182702192,0.0,95055.0,84.30817297808244,7107.86803090227,1,1,2918
XGBoost,H2,461,2025-05-27,2025-05-29,95055.0,0.0025248540318763,0.00027142540784552693,95295.0,95080.80034214276,0.0,95055.0,214.19965785724344,45881.49342616015,1,1,2917
XGBoost,H3,461,2025-05-27,2025-05-30,95055.0,-0.0036084372205564,0.0005195307894609869,94712.0,95104.38399919221,0.0,95055.0,392.3839991922141,153965.2028220755,-1,1,2916
XGBoost,H4,461,2025-05-27,2025-06-02,95055.0,0.024596286360528,0.0007525733090005815,97393.0,95126.53585588705,0.0,95055.0,2266.4641441129497,5136859.716549646,1,1,2915
XGBoost,H5,461,2025-05-27,2025-06-03,95055.0,0.0226500447109567,0.0022410370875149965,97208.0,95268.02178035374,0.0,95055.0,1939.978219646262,3763515.49270188,1,1,2914
XGBoost,H6,461,2025-05-27,2025-06-04,95055.0,0.0306980169375623,0.002955198986455798,97973.0,95335.90643965756,0.0,95055.0,2637.093560342444,6954262.445999588,1,1,2913
XGBoost,H7,461,2025-05-27,2025-06-05,95055.0,0.0248277313134501,0.003496673423796892,97415.0,95387.37629229901,0.0,95055.0,2027.6237077009864,4111257.9000310954,1,1,2912
XGBoost,H1,462,2025-05-28,2025-05-29,95177.0,0.0012397953287033,0.00041890895226970315,95295.0,95216.87049735017,0.0,95177.0,78.12950264982646,6104.2191843092405,1,1,2919
XGBoost,H2,462,2025-05-28,2025-05-30,95177.0,-0.0048856341342971,0.0007373607950285077,94712.0,95247.17978838843,0.0,95177.0,535.1797883884283,286417.4058994829,-1,1,2918
XGBoost,H3,462,2025-05-28,2025-06-02,95177.0,0.0232829360034461,0.00036519559216685593,97393.0,95211.75822087566,0.0,95177.0,2181.241779124335,4757815.698997495,1,1,2917
XGBoost,H4,462,2025-05-28,2025-06-03,95177.0,0.0213391890898011,0.0008165927138179541,97208.0,95254.72084472305,0.0,95177.0,1953.2791552769486,3815299.4584394298,1,1,2916
XGBoost,H5,462,2025-05-28,2025-06-04,95177.0,0.0293768452462255,0.002089291112497449,97973.0,95375.85246021417,0.0,95177.0,2597.1475397858303,6745175.343415591,1,1,2915
XGBoost,H6,462,2025-05-28,2025-06-05,95177.0,0.0235140842850689,0.0028912569396197796,97415.0,95452.18116174219,0.0,95177.0,1962.8188382578082,3852657.791819732,1,1,2914
XGBoost,H7,462,2025-05-28,2025-06-06,95177.0,0.0154238944282756,0.0035046772100031376,96645.0,95510.56466281647,0.0,95177.0,1134.4353371835314,1286943.5342507125,1,1,2913
XGBoost,H1,463,2025-05-29,2025-05-30,95295.0,-0.0061178445878588,0.0004461660282686353,94712.0,95337.51739166386,0.0,95295.0,625.5173916638596,391272.00727395836,-1,1,2920
XGBoost,H2,463,2025-05-29,2025-06-02,95295.0,0.0220158455322945,0.0008865971467457712,97393.0,95379.48827509914,0.0,95295.0,2013.5117249008617,4054229.4663132434,1,1,2919
XGBoost,H3,463,2025-05-29,2025-06-03,95295.0,0.0200745054829738,0.0009968796512112021,97208.0,95389.99764636217,0.0,95295.0,1818.0023536378285,3305132.557832684,1,1,2918
XGBoost,H4,463,2025-05-29,2025-06-04,95295.0,0.0281022089301641,0.0010000602342188358,97973.0,95390.30074001988,0.0,95295.0,2582.699259980116,6670335.467501839,1,1,2917
XGBoost,H5,463,2025-05-29,2025-06-05,95295.0,0.0222467075922137,0.0022920938208699226,97415.0,95513.4250806598,0.0,95295.0,1901.5749193402007,3615987.173863691,1,1,2916
XGBoost,H6,463,2025-05-29,2025-06-06,95295.0,0.0141665354950417,0.0028843567706644535,96645.0,95569.86477846047,0.0,95295.0,1075.135221539531,1155915.7445948562,1,1,2915
XGBoost,H7,463,2025-05-29,2025-06-09,95295.0,0.0147751718348287,0.00350220687687397,96703.0,95628.7428043317,0.0,95295.0,1074.257195668295,1154028.5224451094,1,1,2914
XGBoost,H1,464,2025-05-30,2025-06-02,94712.0,0.0283068671340485,0.00046514900168403983,97393.0,94756.0551922475,0.0,94712.0,2636.944807752501,6953477.919132875,1,1,2921
XGBoost,H2,464,2025-05-30,2025-06-03,94712.0,0.0263535771602332,0.0009430662612430751,97208.0,94801.31969173485,0.0,94712.0,2406.680308265146,5792110.106191218,1,1,2920
XGBoost,H3,464,2025-05-30,2025-06-04,94712.0,0.0344306951600641,0.0010488623520359397,97973.0,94811.33985108603,0.0,94712.0,3161.660148913972,9996094.89723072,1,1,2919
XGBoost,H4,464,2025-05-30,2025-06-05,94712.0,0.0285391502660696,0.0013247675960883498,97415.0,94837.47138856072,0.0,94712.0,2577.52861143928,6643653.742788104,1,1,2918
XGBoost,H5,464,2025-05-30,2025-06-06,94712.0,0.0204092406453246,0.0023330645635724068,96645.0,94932.96921094507,0.0,94712.0,1712.0307890549302,2931049.422672047,1,1,2917
XGBoost,H6,464,2025-05-30,2025-06-09,94712.0,0.0210216234479263,0.00281588570214808,96703.0,94978.69816662185,0.0,94712.0,1724.301833378151,2973216.812591253,1,1,2916
XGBoost,H7,464,2025-05-30,2025-06-10,94712.0,0.0182659008362193,0.0034888265654444695,96442.0,95042.43374166638,0.0,94712.0,1399.5662583336234,1958785.7114659788,1,1,2915
XGBoost,H1,465,2025-06-02,2025-06-03,97393.0,-0.0018995204994198,8.08023614808917e-05,97208.0,97400.86958439171,0.0,97393.0,192.86958439170849,37198.67658343036,-1,1,2922
XGBoost,H2,465,2025-06-02,2025-06-04,97393.0,0.0059552534576405,0.00016432306438218802,97973.0,97409.00391620937,0.0,97393.0,563.9960837906256,318091.5825311623,1,1,2921
XGBoost,H3,465,2025-06-02,2025-06-05,97393.0,0.0002258889242552,-0.00013673689682036638,97415.0,97379.68278340797,0.0,97393.0,35.31721659202594,1247.3057878080726,1,-1,2920
XGBoost,H4,465,2025-06-02,2025-06-06,97393.0,-0.0076802234246814,0.0010338184656575322,96645.0,97493.68668182578,0.0,97393.0,848.686681825784,720269.0839084596,-1,1,2919
XGBoost,H5,465,2025-06-02,2025-06-09,97393.0,-0.0070846980789174,0.001811273512430489,96703.0,97569.40536119614,0.0,97393.0,866.4053611961426,750658.2499094184,-1,1,2918
XGBoost,H6,465,2025-06-02,2025-06-10,97393.0,-0.0097645621348556,0.0028230976313352585,96442.0,97667.94994760863,0.0,97393.0,1225.9499476086348,1502953.2740416145,-1,1,2917
XGBoost,H7,465,2025-06-02,2025-06-11,97393.0,-0.0115614058505231,0.0034638624638319016,96267.0,97730.35595693998,0.0,97393.0,1463.3559569399804,2141410.6567117255,-1,1,2916
XGBoost,H1,466,2025-06-03,2025-06-04,97208.0,0.0078697226565713,0.00011518051178427413,97973.0,97219.19646718953,0.0,97208.0,753.8035328104743,568219.7660775518,1,1,2923
XGBoost,H2,466,2025-06-03,2025-06-05,97208.0,0.0021294543658958,0.00023525294091086835,97415.0,97230.86846788006,0.0,97208.0,184.1315321199363,33904.42112083513,1,1,2922
XGBoost,H3,466,2025-06-03,2025-06-06,97208.0,-0.0057917043864702,-0.00012948352377861738,96645.0,97195.41316562053,0.0,97208.0,550.4131656205282,302954.65288841096,-1,-1,2921
XGBoost,H4,466,2025-06-03,2025-06-09,97208.0,-0.005195045675253,0.0011978852562606335,96703.0,97324.44402999058,0.0,97208.0,621.4440299905837,386192.68241093744,-1,1,2920
XGBoost,H5,466,2025-06-03,2025-06-10,97208.0,-0.0078800098757303,0.002202504314482212,96442.0,97422.10103940219,0.0,97208.0,980.1010394021869,960598.047437247,-1,1,2919
XGBoost,H6,466,2025-06-03,2025-06-11,97208.0,-0.0096802732285408,0.002956896089017391,96267.0,97495.4339550212,0.0,97208.0,1228.4339550212026,1509049.9818490339,-1,1,2918
XGBoost,H7,466,2025-06-03,2025-06-12,97208.0,0.0059460126738539,0.003562763798981905,97786.0,97554.32914337143,0.0,97208.0,231.67085662856698,53671.385811014035,1,1,2917
XGBoost,H1,467,2025-06-04,2025-06-05,97973.0,-0.0056954467047043,0.00015089265070855618,97415.0,97987.78340566787,0.0,97973.0,572.7834056678694,328080.829808483,-1,1,2924
XGBoost,H2,467,2025-06-04,2025-06-06,97973.0,-0.0135547548814469,0.00016803911421447992,96645.0,97989.46329613694,0.0,97973.0,1344.4632961369352,1807581.5546593925,-1,1,2923
XGBoost,H3,467,2025-06-04,2025-06-09,97973.0,-0.0129627550447571,-0.00018702899978961796,96703.0,97954.67620780361,0.0,97973.0,1251.6762078036118,1566693.3291816304,-1,-1,2922
XGBoost,H4,467,2025-06-04,2025-06-10,97973.0,-0.0156267543098609,0.0012813055654987693,96442.0,98098.53335016861,0.0,97973.0,1656.533350168611,2744102.740220842,-1,1,2921
XGBoost,H5,467,2025-06-04,2025-06-11,97973.0,-0.017412960713666,0.0022451570257544518,96267.0,98192.96476928424,0.0,97973.0,1925.964769284241,3709340.2925240993,-1,1,2920
XGBoost,H6,467,2025-06-04,2025-06-12,97973.0,-0.0019086891286375,0.0030447212047874928,97786.0,98271.30047059665,0.0,97973.0,485.300470596645,235516.54676132512,-1,1,2919
XGBoost,H7,467,2025-06-04,2025-06-13,97973.0,0.0161473058903984,0.00364496442489326,99555.0,98330.10809960007,0.0,97973.0,1224.8919003999326,1500360.1676653584,1,1,2918
XGBoost,H1,468,2025-06-05,2025-06-06,97415.0,-0.0079043268490478,0.00015983298362698406,96645.0,97430.57013010002,0.0,97415.0,785.5701301000227,617120.4293053665,-1,1,2925
XGBoost,H2,468,2025-06-05,2025-06-09,97415.0,-0.0073089359954832,3.9126996853156015e-05,96703.0,97418.81155639845,0.0,97415.0,715.8115563984466,512386.1842735664,-1,1,2924
XGBoost,H3,468,2025-06-05,2025-06-10,97415.0,-0.0099881948365241,-0.00011947139137191698,96442.0,97403.36169440951,0.0,97415.0,961.361694409512,924216.3074779279,-1,-1,2923
XGBoost,H4,468,2025-06-05,2025-06-11,97415.0,-0.0117846327567623,0.001376111526042223,96267.0,97549.0539043094,0.0,97415.0,1282.0539043094032,1643662.2135549842,-1,1,2922
XGBoost,H5,468,2025-06-05,2025-06-12,97415.0,0.0038084483909048,0.00225399830378592,97786.0,97634.5732447633,0.0,97415.0,151.4267552366946,22930.06220151381,1,1,2921
XGBoost,H6,468,2025-06-05,2025-06-13,97415.0,0.0219678694246265,0.003112345701083541,99555.0,97718.18915647105,0.0,97415.0,1836.8108435289469,3373874.0749055212,1,1,2920
XGBoost,H7,468,2025-06-05,2025-06-16,97415.0,0.012102858902633,0.003638610476627946,98594.0,97769.45523958071,0.0,97415.0,824.5447604192887,679874.0619349021,1,1,2919
XGBoost,H1,469,2025-06-06,2025-06-09,96645.0,0.000600134512908,0.00013356099952943623,96703.0,96657.90800279952,0.0,96645.0,45.091997200477635,2033.2882115278828,1,1,2926
XGBoost,H2,469,2025-06-06,2025-06-10,96645.0,-0.0021004707951782,0.0004919319762848318,96442.0,96692.54276584805,0.0,96645.0,250.54276584804757,62771.67751878959,-1,1,2925
XGBoost,H3,469,2025-06-06,2025-06-11,96645.0,-0.0039112214806766,-0.00016133913595695049,96267.0,96629.40737920544,0.0,96645.0,362.4073792054405,131339.10850255596,-1,-1,2924
XGBoost,H4,469,2025-06-06,2025-06-12,96645.0,0.01180609446945,0.0012894331011921167,97786.0,96769.61726206471,0.0,96645.0,1016.3827379352879,1033033.869972832,1,1,2923
XGBoost,H5,469,2025-06-06,2025-06-13,96645.0,0.0301101971131461,0.0022596155758947134,99555.0,96863.38054733234,0.0,96645.0,2691.6194526676554,7244815.277978929,1,1,2922
XGBoost,H6,469,2025-06-06,2025-06-16,96645.0,0.0201665890630657,0.0031154481694102287,98594.0,96946.09248833265,0.0,96645.0,1647.9075116673484,2715599.167009672,1,1,2921
XGBoost,H7,469,2025-06-06,2025-06-17,96645.0,0.0234466345905117,0.003677494591102004,98911.0,97000.41146475705,0.0,96645.0,1910.5885352429468,3650348.551001789,1,1,2920
XGBoost,H1,470,2025-06-09,2025-06-10,96703.0,-0.0026989855537056,0.0001920289359986782,96442.0,96721.56977419788,0.0,96703.0,279.5697741978802,78159.2586450537,-1,1,2927
XGBoost,H2,470,2025-06-09,2025-06-11,96703.0,-0.0045086501969948,0.0003789873735513538,96267.0,96739.64921598454,0.0,96703.0,472.64921598453657,223397.2813707971,-1,1,2926
XGBoost,H3,470,2025-06-09,2025-06-12,96703.0,0.0111992389067556,9.27132714423351e-05,97786.0,96711.96565148828,0.0,96703.0,1074.0343485117191,1153549.7817829929,1,1,2925
XGBoost,H4,470,2025-06-09,2025-06-13,96703.0,0.0294923632152053,0.001181683037430048,99555.0,96817.2722947686,0.0,96703.0,2737.727705231402,7495152.987991598,1,1,2924
XGBoost,H5,470,2025-06-09,2025-06-16,96703.0,0.0195547190883427,0.002264303620904684,98594.0,96921.96495305235,0.0,96703.0,1672.0350469476543,2795701.198221245,1,1,2923
XGBoost,H6,470,2025-06-09,2025-06-17,96703.0,0.022832797327901,0.003152744611725211,98911.0,97007.87986218766,0.0,96703.0,1903.120137812337,3621866.258946848,1,1,2922
XGBoost,H7,470,2025-06-09,2025-06-18,96703.0,0.0242184833976195,0.0036799104418605566,99045.0,97058.85837945924,0.0,96703.0,1986.1416205407586,3944758.536844271,1,1,2921
XGBoost,H1,471,2025-06-10,2025-06-11,96442.0,-0.0018145621202381,0.00028416485292837024,96267.0,96469.40542674612,0.0,96442.0,202.40542674611788,40967.95677627809,-1,1,2928
XGBoost,H2,471,2025-06-10,2025-06-12,96442.0,0.0139358370834283,0.0004904282977804542,97786.0,96489.29788589454,0.0,96442.0,1296.7021141054574,1681436.3727255627,1,1,2927
XGBoost,H3,471,2025-06-10,2025-06-13,96442.0,0.0322784678874348,-0.00010967373964376748,99555.0,96431.42284520128,0.0,96442.0,3123.577154798724,9756734.241980493,1,-1,2926
XGBoost,H4,471,2025-06-10,2025-06-16,96442.0,0.0223139296157275,0.0006443670717999339,98594.0,96504.14404913853,0.0,96442.0,2089.855950861471,4367497.895351103,1,1,2925
XGBoost,H5,471,2025-06-10,2025-06-17,96442.0,0.0256008792849589,0.0021807835437357426,98911.0,96652.31912652496,0.0,96442.0,2258.6808734750375,5101639.288201959,1,1,2924
XGBoost,H6,471,2025-06-10,2025-06-18,96442.0,0.0269903154227411,0.0030812029726803303,99045.0,96739.15737709124,0.0,96442.0,2305.8426229087636,5316910.201622766,1,1,2923
XGBoost,H7,471,2025-06-10,2025-06-19,96442.0,0.0251550154497004,0.003764837048947811,98868.0,96805.08841467462,0.0,96442.0,2062.911585325375,4255604.208869653,1,1,2922
XGBoost,H1,472,2025-06-11,2025-06-12,96267.0,0.0157790312360415,0.00016975462494883686,97786.0,96283.34176847995,0.0,96267.0,1502.6582315200503,2257981.7607549652,1,1,2929
XGBoost,H2,472,2025-06-11,2025-06-13,96267.0,0.0341550063884821,0.0005989085184410214,99555.0,96324.65512634476,0.0,96267.0,3230.344873655238,10435128.002750676,1,1,2928
XGBoost,H3,472,2025-06-11,2025-06-16,96267.0,0.0241723539738436,-1.4404818102775607e-06,98594.0,96266.86132913757,0.0,96267.0,2327.138670862434,5415574.393423377,1,-1,2927
XGBoost,H4,472,2025-06-11,2025-06-17,96267.0,0.0274652788598377,0.0008305914234369993,98911.0,96346.95854456001,0.0,96267.0,2564.0414554399904,6574308.585214824,1,1,2926
XGBoost,H5,472,2025-06-11,2025-06-18,96267.0,0.0288572407990277,0.0019439338939264417,99045.0,96454.13668416662,0.0,96267.0,2590.8633158333832,6712572.721331153,1,1,2925
XGBoost,H6,472,2025-06-11,2025-06-19,96267.0,0.027018604506217,0.0029710049275308847,98868.0,96553.00973135862,0.0,96267.0,2314.9902686413843,5359179.943904309,1,1,2924
XGBoost,H7,472,2025-06-11,2025-06-20,96267.0,0.0239645984605316,0.003615449881181121,98574.0,96615.04851371166,0.0,96267.0,1958.951486288337,3837490.9256312847,1,1,2923
XGBoost,H1,473,2025-06-12,2025-06-13,97786.0,0.018090524205919,0.0003503524058032781,99555.0,97820.25956035388,0.0,97786.0,1734.7404396461206,3009324.392943616,1,1,2930
XGBoost,H2,473,2025-06-12,2025-06-16,97786.0,0.0082629415253716,0.0006875871913507581,98594.0,97853.23640109343,0.0,97786.0,740.7635989065748,548730.7094650208,1,1,2929
XGBoost,H3,473,2025-06-12,2025-06-17,97786.0,0.0115047143762911,0.0006996128358878195,98911.0,97854.41234077013,0.0,97786.0,1056.5876592298737,1116377.4816368637,1,1,2928
XGBoost,H4,473,2025-06-12,2025-06-18,97786.0,0.012875053688667,0.0009371544583700597,99045.0,97877.64058586617,0.0,97786.0,1167.3594141338253,1362728.001766868,1,1,2927
XGBoost,H5,473,2025-06-12,2025-06-19,97786.0,0.0110649786267973,0.0022661969996988773,98868.0,98007.60233981255,0.0,97786.0,860.3976601874456,740284.1336560311,1,1,2926
XGBoost,H6,473,2025-06-12,2025-06-20,97786.0,0.0080584132697931,0.0029720915481448174,98574.0,98076.62894412689,0.0,97786.0,497.3710558731109,247377.9672203332,1,1,2925
XGBoost,H7,473,2025-06-12,2025-06-23,97786.0,0.0109013560223345,0.0035503553226590157,98852.0,98133.17504558153,0.0,97786.0,718.8249544184655,516709.315094709,1,1,2924
XGBoost,H1,474,2025-06-13,2025-06-16,99555.0,-0.0096529556526543,0.00042599247535690665,98594.0,99597.40968088416,0.0,99555.0,1003.4096808841568,1006830.9876920455,-1,1,2931
XGBoost,H2,474,2025-06-13,2025-06-17,99555.0,-0.0064687860981367,0.0008633172255940735,98911.0,99640.94754639402,0.0,99555.0,729.947546394018,532823.420486647,-1,1,2930
XGBoost,H3,474,2025-06-13,2025-06-18,99555.0,-0.0051227964441765,0.0013281807769089937,99045.0,99687.22703724517,0.0,99555.0,642.2270372451749,412455.56736871524,-1,1,2929
XGBoost,H4,474,2025-06-13,2025-06-19,99555.0,-0.0069007081512731,0.0016733977245166898,98868.0,99721.59511046426,0.0,99555.0,853.595110464259,728624.6126084906,-1,1,2928
XGBoost,H5,474,2025-06-13,2025-06-20,99555.0,-0.0098538496308573,0.0022751830983906984,98574.0,99781.50585336029,0.0,99555.0,1207.505853360286,1458070.3858993524,-1,1,2927
XGBoost,H6,474,2025-06-13,2025-06-23,99555.0,-0.0070614233338355,0.0029723788611590862,98852.0,99850.9151775227,0.0,99555.0,998.9151775226928,997831.531885193,-1,1,2926
XGBoost,H7,474,2025-06-13,2025-06-24,99555.0,-0.0304756164933955,0.003589379135519266,96521.0,99912.34063983662,0.0,99555.0,3391.3406398366205,11501191.335407458,-1,1,2925
XGBoost,H1,475,2025-06-16,2025-06-17,98594.0,0.003215205793456,0.00038160276017151773,98911.0,98631.62374253635,0.0,98594.0,279.3762574636494,78051.0932343953,1,1,2932
XGBoost,H2,475,2025-06-16,2025-06-18,98594.0,0.0045743148670305,0.0009696404449641705,99045.0,98689.6007300308,0.0,98594.0,355.3992699692026,126308.64109464214,1,1,2931
XGBoost,H3,475,2025-06-16,2025-06-19,98594.0,0.002779073777309,0.001271803048439324,98868.0,98719.39214975783,0.0,98594.0,148.6078502421733,22084.293153600207,1,1,2930
XGBoost,H4,475,2025-06-16,2025-06-20,98594.0,-0.0002028521005335,0.00198949221521616,98574.0,98790.15199546702,0.0,98594.0,216.15199546702206,46721.68514437552,-1,1,2929
XGBoost,H5,475,2025-06-16,2025-06-23,98594.0,0.0026167920968822,0.002446637023240328,98852.0,98835.22373066936,0.0,98594.0,16.776269330643117,281.44321265427686,1,1,2928
XGBoost,H6,475,2025-06-16,2025-06-24,98594.0,-0.0210256202202974,0.0029853228479623795,96521.0,98888.334920872,0.0,98594.0,2367.334920872003,5604274.627580052,-1,1,2927
XGBoost,H7,475,2025-06-16,2025-06-25,98594.0,-0.018601537618922,0.003589698811993003,96760.0,98947.92276466964,0.0,98594.0,2187.922764669638,4787006.024159633,-1,1,2926
XGBoost,H1,476,2025-06-17,2025-06-18,98911.0,0.0013547532630344,0.00043704704148694873,99045.0,98954.22875992052,0.0,98911.0,90.77124007948441,8239.418025567398,1,1,2933
XGBoost,H2,476,2025-06-17,2025-06-19,98911.0,-0.0004347342560483,0.0009146059164777398,98868.0,99001.46458580473,0.0,98911.0,133.46458580472972,17812.79566402806,-1,1,2932
XGBoost,H3,476,2025-06-17,2025-06-20,98911.0,-0.0034071033555418,0.001331937499344349,98574.0,99042.74326999765,0.0,98911.0,468.7432699976489,219720.25316808876,-1,1,2931
XGBoost,H4,476,2025-06-17,2025-06-23,98911.0,-0.0005964958396942,0.0020977300591766834,98852.0,99118.48857788322,0.0,98911.0,266.48857788322493,71016.16214222363,-1,1,2930
XGBoost,H5,476,2025-06-17,2025-06-24,98911.0,-0.0241631365571068,0.0025310921482741833,96521.0,99161.35285547795,0.0,98911.0,2640.3528554779477,6971463.201430553,-1,1,2929
XGBoost,H6,476,2025-06-17,2025-06-25,98911.0,-0.0217468229013961,0.003071908140555024,96760.0,99214.84550609044,0.0,98911.0,2454.845506090438,6026266.458772419,-1,1,2928
XGBoost,H7,476,2025-06-17,2025-06-26,98911.0,-0.0248607333865799,0.00363521627150476,96452.0,99270.56287663081,0.0,98911.0,2818.5628766308073,7944296.689521331,-1,1,2927
XGBoost,H1,477,2025-06-18,2025-06-19,99045.0,-0.001787066484931,0.000438679096987471,98868.0,99088.44897116112,0.0,99045.0,220.44897116112406,48597.74888599811,-1,1,2934
XGBoost,H2,477,2025-06-18,2025-06-20,99045.0,-0.004755414205664,0.0009382945136167109,98574.0,99137.93338010117,0.0,99045.0,563.9333801011671,318020.85719232744,-1,1,2933
XGBoost,H3,477,2025-06-18,2025-06-23,99045.0,-0.0019486092180321,0.001384330098517239,98852.0,99182.11097460764,0.0,99045.0,330.11097460763995,108973.2555564059,-1,1,2932
XGBoost,H4,477,2025-06-18,2025-06-24,99045.0,-0.0254833661467009,0.0020951400510966778,96521.0,99252.51314636087,0.0,99045.0,2731.5131463608705,7461164.068742262,-1,1,2931
XGBoost,H5,477,2025-06-18,2025-06-25,99045.0,-0.023070321571003,0.002596066566184163,96760.0,99302.12741304771,0.0,99045.0,2542.1274130477104,6462411.784168645,-1,1,2930
XGBoost,H6,477,2025-06-18,2025-06-26,99045.0,-0.0261800191831995,0.0031442551407963037,96452.0,99356.42275042017,0.0,99045.0,2904.42275042017,8435671.513158264,-1,1,2929
XGBoost,H7,477,2025-06-18,2025-06-27,99045.0,-0.0417688929274572,0.0037314025685191154,94908.0,99414.57676739898,0.0,99045.0,4506.576767398976,20309234.160460204,-1,1,2928
XGBoost,H1,478,2025-06-19,2025-06-20,98868.0,-0.0029736618521665,0.00040964188519865274,98574.0,98908.50047390582,0.0,98868.0,334.5004739058204,111890.56704321843,-1,1,2935
XGBoost,H2,478,2025-06-19,2025-06-23,98868.0,-0.0001618319375328,0.000953496724832803,98852.0,98962.27031419077,0.0,98868.0,110.27031419076957,12159.542191731036,-1,1,2934
XGBoost,H3,478,2025-06-19,2025-06-24,98868.0,-0.0237387223368531,0.0012713588075712323,96521.0,98993.69670258695,0.0,98868.0,2472.6967025869526,6114228.982984388,-1,1,2933
XGBoost,H4,478,2025-06-19,2025-06-25,98868.0,-0.0213213577699559,0.0020350234117358923,96760.0,99069.1986946715,0.0,98868.0,2309.198694671504,5332398.611472579,-1,1,2932
XGBoost,H5,478,2025-06-19,2025-06-26,98868.0,-0.0244366225674637,0.0025982942897826433,96452.0,99124.88815984223,0.0,98868.0,2672.8881598422304,7144331.115024785,-1,1,2931
XGBoost,H6,478,2025-06-19,2025-06-27,98868.0,-0.0400534045393858,0.003177426988258958,94908.0,99182.14585147519,0.0,98868.0,4274.145851475187,18268322.759682547,-1,1,2930
XGBoost,H7,478,2025-06-19,2025-06-30,98868.0,-0.0322652425456163,0.003751007840037346,95678.0,99238.85464312881,0.0,98868.0,3560.8546431288123,12679685.78949202,-1,1,2929
XGBoost,H1,479,2025-06-20,2025-06-23,98574.0,0.0028202162842128,0.000453928456408903,98852.0,98618.74554366205,0.0,98574.0,233.2544563379488,54407.64140151206,1,1,2936
XGBoost,H2,479,2025-06-20,2025-06-24,98574.0,-0.0208269929190253,0.0009021994192153215,96521.0,98662.93340554973,0.0,98574.0,2141.933405549731,4587878.713809869,-1,1,2935
XGBoost,H3,479,2025-06-20,2025-06-25,98574.0,-0.0184024184876336,0.0012725997949019074,96760.0,98699.44525218266,0.0,98574.0,1939.4452521826606,3761447.886213864,-1,1,2934
XGBoost,H4,479,2025-06-20,2025-06-26,98574.0,-0.021526974658632,0.0020307714585214853,96452.0,98774.1812657523,0.0,98574.0,2322.181265752297,5392525.83101094,-1,1,2933
XGBoost,H5,479,2025-06-20,2025-06-27,98574.0,-0.0371903341651956,0.0025876781437546015,94908.0,98829.07778534247,0.0,98574.0,3921.077785342466,15374850.998706179,-1,1,2932
XGBoost,H6,479,2025-06-20,2025-06-30,98574.0,-0.0293789437376995,0.0032266704365611076,95678.0,98892.06581161357,0.0,98574.0,3214.0658116135746,10330219.041383225,-1,1,2931
XGBoost,H7,479,2025-06-20,2025-07-01,98574.0,-0.0135431249619575,0.003872034139931202,97239.0,98955.68189330958,0.0,98574.0,1716.6818933095783,2946996.7228169586,-1,1,2930
XGBoost,H1,480,2025-06-23,2025-06-24,98852.0,-0.0235807065107432,0.00047756655840203166,96521.0,98899.20840943116,0.0,98852.0,2378.2084094311576,5655875.238689077,-1,1,2937
XGBoost,H2,480,2025-06-23,2025-06-25,98852.0,-0.0211629506737345,0.0008990080677904189,96760.0,98940.86874551722,0.0,98852.0,2180.8687455172185,4756188.485173847,-1,1,2936
XGBoost,H3,480,2025-06-23,2025-06-26,98852.0,-0.0242787197021809,0.0012725158594548702,96452.0,98977.79073773883,0.0,98852.0,2525.790737738833,6379618.850847278,-1,1,2935
XGBoost,H4,480,2025-06-23,2025-06-27,98852.0,-0.0398980293772508,0.002008923562243581,94908.0,99050.5861119749,0.0,98852.0,4142.586111974902,17161019.69512734,-1,1,2934
XGBoost,H5,480,2025-06-23,2025-06-30,98852.0,-0.0321086068061344,0.002579755149781704,95678.0,99107.01395606622,0.0,98852.0,3429.013956066221,11758136.710896915,-1,1,2933
XGBoost,H6,480,2025-06-23,2025-07-01,98852.0,-0.0163173228665075,0.0031638650689274073,97239.0,99164.75438979361,0.0,98852.0,1925.754389793612,3708529.9698093673,-1,1,2932
XGBoost,H7,480,2025-06-23,2025-07-02,98852.0,-0.0151843159470723,0.003869393141940236,97351.0,99234.49725086708,0.0,98852.0,1883.4972508670762,3547561.894023834,-1,1,2931
XGBoost,H1,481,2025-06-24,2025-06-25,96521.0,0.0024761450875974,0.00040663423715159297,96760.0,96560.24874320411,0.0,96521.0,199.7512567958911,39900.56459153803,1,1,2938
XGBoost,H2,481,2025-06-24,2025-06-26,96521.0,-0.0007148703390972,0.0008488974999636412,96452.0,96602.93643559399,0.0,96521.0,150.9364355939906,22781.807589818876,-1,1,2937
XGBoost,H3,481,2025-06-24,2025-06-27,96521.0,-0.0167113892313589,0.0012713699834421277,94908.0,96643.71390217182,0.0,96521.0,1735.7139021718176,3012702.750192518,-1,1,2936
XGBoost,H4,481,2025-06-24,2025-06-30,96521.0,-0.0087338506646221,0.001820049830712378,95678.0,96696.67302971019,0.0,96521.0,1018.6730297101894,1037694.7414589365,-1,1,2935
XGBoost,H5,481,2025-06-24,2025-07-01,96521.0,0.0074387957024895,0.0024526112247258425,97239.0,96757.72848802176,0.0,96521.0,481.27151197823696,231622.26824181827,1,1,2934
XGBoost,H6,481,2025-06-24,2025-07-02,96521.0,0.0085991649485603,0.0030852120835334063,97351.0,96818.78775551473,0.0,96521.0,532.2122444852721,283249.87318005104,1,1,2933
XGBoost,H7,481,2025-06-24,2025-07-03,96521.0,0.002900923115177,0.0037278099916875362,96801.0,96880.81194820767,0.0,96521.0,79.81194820767269,6369.947076704228,1,1,2932
XGBoost,H1,482,2025-06-25,2025-06-26,96760.0,-0.0031831335262505,0.000382292055292055,96452.0,96796.99057927006,0.0,96760.0,344.99057927005924,119018.49978509103,-1,1,2939
XGBoost,H2,482,2025-06-25,2025-06-27,96760.0,-0.0191401405539478,0.0005924623692408204,94908.0,96817.32665884774,0.0,96760.0,1909.3266588477418,3645528.290186681,-1,1,2938
XGBoost,H3,482,2025-06-25,2025-06-30,96760.0,-0.0111823067383216,0.0012194416485726833,95678.0,96877.9931739159,0.0,96760.0,1199.9931739158928,1439983.6174447383,-1,1,2937
XGBoost,H4,482,2025-06-25,2025-07-01,96760.0,0.0049503927242662,0.0017710390966385603,97239.0,96931.36574299075,0.0,96760.0,307.6342570092529,94638.83608563508,1,1,2936
XGBoost,H5,482,2025-06-25,2025-07-02,96760.0,0.0061078958247209,0.0023934177588671446,97351.0,96991.58710234798,0.0,96760.0,359.4128976520151,129177.63099861787,1,1,2935
XGBoost,H6,482,2025-06-25,2025-07-03,96760.0,0.0004237288135593,0.0030660275369882584,96801.0,97056.66882447898,0.0,96760.0,255.66882447898388,65366.54781046547,1,1,2934
XGBoost,H7,482,2025-06-25,2025-07-04,96760.0,0.002139313766019,0.0036594087723642588,96967.0,97114.08439281397,0.0,96760.0,147.08439281396568,21633.81860945296,1,1,2933
XGBoost,H1,483,2025-06-26,2025-06-27,96452.0,-0.0160079625098494,0.00045066914753988385,94908.0,96495.46794061852,0.0,96452.0,1587.4679406185169,2520054.462491595,-1,1,2940
XGBoost,H2,483,2025-06-26,2025-06-30,96452.0,-0.0080247169576577,0.0008704338106326759,95678.0,96535.95508190314,0.0,96452.0,857.9550819031429,736086.9225634285,-1,1,2939
XGBoost,H3,483,2025-06-26,2025-07-01,96452.0,0.0081594990254219,0.001205125474371016,97239.0,96568.23676225403,0.0,96452.0,670.7632377459668,449923.32111145236,1,1,2938
XGBoost,H4,483,2025-06-26,2025-07-02,96452.0,0.0093206983784679,0.0018459601560607553,97351.0,96630.04654897237,0.0,96452.0,720.953451027628,519773.87854864646,1,1,2937
XGBoost,H5,483,2025-06-26,2025-07-03,96452.0,0.0036183801269025,0.0022518218029290438,96801.0,96669.19271653611,0.0,96452.0,131.80728346388787,17373.15997412969,1,1,2936
XGBoost,H6,483,2025-06-26,2025-07-04,96452.0,0.0053394434537386,0.0029557151719927788,96967.0,96737.08463976905,0.0,96452.0,229.9153602309525,52861.07287012866,1,1,2935
XGBoost,H7,483,2025-06-26,2025-07-07,96452.0,0.0080765562144902,0.003491542534902692,97231.0,96788.76626057643,0.0,96452.0,442.23373942356557,195570.6802845501,1,1,2934
XGBoost,H1,484,2025-06-27,2025-06-30,94908.0,0.008113120074177,0.00038900336949154735,95678.0,94944.9195317917,0.0,94908.0,733.0804682082962,537406.9728684948,1,1,2941
XGBoost,H2,484,2025-06-27,2025-07-01,94908.0,0.0245606271336451,0.0007167066796682775,97239.0,94976.02119755396,0.0,94908.0,2262.978802446043,5121073.060320128,1,1,2940
XGBoost,H3,484,2025-06-27,2025-07-02,94908.0,0.0257407173262527,0.0011146145407110453,97351.0,95013.7858368298,0.0,94908.0,2337.214163170196,5462570.04452336,1,1,2939
XGBoost,H4,484,2025-06-27,2025-07-03,94908.0,0.0199456315589834,0.0017354381270706654,96801.0,95072.70696176402,0.0,94908.0,1728.2930382359773,2986996.8260149453,1,1,2938
XGBoost,H5,484,2025-06-27,2025-07-04,94908.0,0.021694693808741,0.002299526473507285,96967.0,95126.24345854763,0.0,94908.0,1840.7565414523706,3388384.644899693,1,1,2937
XGBoost,H6,484,2025-06-27,2025-07-07,94908.0,0.0244763349770302,0.0028256517834961414,97231.0,95176.17695946805,0.0,94908.0,2054.823040531948,4222297.7279009605,1,1,2936
XGBoost,H7,484,2025-06-27,2025-07-08,94908.0,0.0166160913726978,0.0033476795069873333,96485.0,95225.72156664915,0.0,94908.0,1259.2784333508462,1585782.1727025616,1,1,2935
XGBoost,H1,485,2025-06-30,2025-07-01,95678.0,0.0163151403666463,0.0004464563971851021,97239.0,95720.71605516988,0.0,95678.0,1518.2839448301238,2305186.1371289226,1,1,2942
XGBoost,H2,485,2025-06-30,2025-07-02,95678.0,0.0174857333974371,0.0007735515828244388,97351.0,95752.01186834148,0.0,95678.0,1598.9881316585233,2556763.0451848153,1,1,2941
XGBoost,H3,485,2025-06-30,2025-07-03,95678.0,0.0117372854783754,0.0012751300819218159,96801.0,95800.00189597812,0.0,95678.0,1000.9981040218845,1001997.2042554076,1,1,2940
XGBoost,H4,485,2025-06-30,2025-07-04,95678.0,0.0134722715775832,0.0018229647539556026,96967.0,95852.41762172896,0.0,95678.0,1114.5823782710359,1242293.8779523184,1,1,2939
XGBoost,H5,485,2025-06-30,2025-07-07,95678.0,0.0162315265787327,0.002313754055649042,97231.0,95899.37536053639,0.0,95678.0,1331.624639463611,1773224.1804265918,1,1,2938
XGBoost,H6,485,2025-06-30,2025-07-08,95678.0,0.008434540855787,0.0028162109665572643,96485.0,95947.44943285827,0.0,95678.0,537.5505671417341,288960.61223439995,1,1,2937
XGBoost,H7,485,2025-06-30,2025-07-09,95678.0,0.0080791822571542,0.003222227096557617,96451.0,95986.29624414444,0.0,95678.0,464.7037558555603,215949.58070626418,1,1,2936
XGBoost,H1,486,2025-07-01,2025-07-02,97239.0,0.0011518012320159,0.00038584222784265876,97351.0,97276.51891239319,0.0,97239.0,74.4810876068077,5547.432411092965,1,1,2943
XGBoost,H2,486,2025-07-01,2025-07-03,97239.0,-0.0045043655323481,0.0007909559062682092,96801.0,97315.91176136961,0.0,97239.0,514.9117613696144,265134.12199675874,-1,1,2942
XGBoost,H3,486,2025-07-01,2025-07-04,97239.0,-0.0027972315634673,0.001178937847726047,96967.0,97353.63873737503,0.0,97239.0,386.6387373750331,149489.5132389598,-1,1,2941
XGBoost,H4,486,2025-07-01,2025-07-07,97239.0,-8.227151657258513e-05,0.00173731439281255,97231.0,97407.9347142427,0.0,97239.0,176.93471424269956,31305.89310414575,-1,1,2940
XGBoost,H5,486,2025-07-01,2025-07-08,97239.0,-0.0077540904369646,0.002265295712277293,96485.0,97459.27508976613,0.0,97239.0,974.2750897661317,949211.950538804,-1,1,2939
XGBoost,H6,486,2025-07-01,2025-07-09,97239.0,-0.008103744382398,0.0028012944385409355,96451.0,97511.39506990928,0.0,97239.0,1060.395069909282,1124437.704287911,-1,1,2938
XGBoost,H7,486,2025-07-01,2025-07-10,97239.0,-0.0057692900996513,0.003183648455888033,96678.0,97548.5747922021,0.0,97239.0,870.5747922020964,757900.4688177233,-1,1,2937
XGBoost,H1,487,2025-07-02,2025-07-03,97351.0,-0.005649659479615,0.00038092766772024333,96801.0,97388.08368938023,0.0,97351.0,587.0836893802334,344667.2583363064,-1,1,2944
XGBoost,H2,487,2025-07-02,2025-07-04,97351.0,-0.0039444895275857,0.0007963539683260024,96967.0,97428.5258551705,0.0,97351.0,461.52585517050466,213006.11499086564,-1,1,2943
XGBoost,H3,487,2025-07-02,2025-07-07,97351.0,-0.0012326529773705,0.0012118574231863022,97231.0,97468.97553200461,0.0,97351.0,237.9755320046097,56632.353832877016,-1,1,2942
XGBoost,H4,487,2025-07-02,2025-07-08,97351.0,-0.0088956456533574,0.0017156898975372314,96485.0,97518.02412721515,0.0,97351.0,1033.024127215147,1067138.8474086162,-1,1,2941
XGBoost,H5,487,2025-07-02,2025-07-09,97351.0,-0.0092448973302791,0.00215666345320642,96451.0,97560.9533438331,0.0,97351.0,1109.9533438330982,1231996.425486276,-1,1,2940
XGBoost,H6,487,2025-07-02,2025-07-10,97351.0,-0.0069131287814198,0.0028028818778693676,96678.0,97623.86335369246,0.0,97351.0,945.8633536924608,894657.4838583492,-1,1,2939
XGBoost,H7,487,2025-07-02,2025-07-11,97351.0,0.0041910201230599,0.003177476581186056,97759.0,97660.33052265504,0.0,97351.0,98.66947734495625,9735.665759526835,1,1,2938
XGBoost,H1,488,2025-07-03,2025-07-04,96801.0,0.0017148583175794,0.0004035363672301173,96967.0,96840.06272388424,0.0,96801.0,126.93727611575741,16113.072067688037,1,1,2945
XGBoost,H2,488,2025-07-03,2025-07-07,96801.0,0.0044421028708381,0.0006904300535097718,97231.0,96867.8343196098,0.0,96801.0,363.1656803902006,131889.31141327732,1,1,2944
XGBoost,H3,488,2025-07-03,2025-07-08,96801.0,-0.0032644290864763,0.0012153082061558962,96485.0,96918.6430496641,0.0,96801.0,433.6430496640969,188046.29452197842,-1,1,2943
XGBoost,H4,488,2025-07-03,2025-07-09,96801.0,-0.0036156651274263,0.0017366890097036958,96451.0,96969.11323282833,0.0,96801.0,518.1132328283275,268441.32203182066,-1,1,2942
XGBoost,H5,488,2025-07-03,2025-07-10,96801.0,-0.0012706480304955,0.002269079675897956,96678.0,97020.6491817066,0.0,96801.0,342.64918170659803,117408.46172420123,-1,1,2941
XGBoost,H6,488,2025-07-03,2025-07-11,96801.0,0.0098965919773557,0.002754244254902005,97759.0,97067.61359811877,0.0,96801.0,691.386401881231,478015.15670627507,1,1,2940
XGBoost,H7,488,2025-07-03,2025-07-14,96801.0,0.009793287259429,0.0031772179063409567,97749.0,97108.55787055171,0.0,96801.0,640.442129448289,410166.12117225904,1,1,2939
XGBoost,H1,489,2025-07-04,2025-07-07,96967.0,0.0027225757216373,0.00043782423017546535,97231.0,97009.45450212742,0.0,96967.0,221.54549787257565,49082.40762760742,1,1,2946
XGBoost,H2,489,2025-07-04,2025-07-08,96967.0,-0.0049707632493528,0.0008886835421435535,96485.0,97053.17297703103,0.0,96967.0,568.172977031034,322820.53182830784,-1,1,2945
XGBoost,H3,489,2025-07-04,2025-07-09,96967.0,-0.0053213980013818,0.0013366732746362686,96451.0,97096.61319742166,0.0,96967.0,645.6131974216551,416816.4006850129,-1,1,2944
XGBoost,H4,489,2025-07-04,2025-07-10,96967.0,-0.0029803953922468,0.0018965889466926455,96678.0,97150.90654039395,0.0,96967.0,472.90654039394576,223640.59594737066,-1,1,2943
XGBoost,H5,489,2025-07-04,2025-07-11,96967.0,0.0081677271649118,0.0022137940395623446,97759.0,97181.66496663424,0.0,96967.0,577.3350333657581,333315.74075144104,1,1,2942
XGBoost,H6,489,2025-07-04,2025-07-14,96967.0,0.0080645992966679,0.0028105878736823797,97749.0,97239.53427434736,0.0,96967.0,509.4657256526407,259555.32561477175,1,1,2941
XGBoost,H7,489,2025-07-04,2025-07-15,96967.0,0.0025472583456227,0.0031772044021636248,97214.0,97275.0839792646,0.0,96967.0,61.0839792646002,3731.2525227981073,1,1,2940
XGBoost,H1,490,2025-07-07,2025-07-08,97231.0,-0.0076724501445012,0.00041812731069512665,96485.0,97271.6549365462,0.0,97231.0,786.6549365461979,618825.9891925026,-1,1,2947
XGBoost,H2,490,2025-07-07,2025-07-09,97231.0,-0.0080221328588618,0.000812480051536113,96451.0,97309.99824789091,0.0,97231.0,858.9982478909078,737877.9898796495,-1,1,2946
XGBoost,H3,490,2025-07-07,2025-07-10,97231.0,-0.0056874865012187,0.0009948760271072388,96678.0,97327.73279099166,0.0,97231.0,649.7327909916639,422152.69968981727,-1,1,2945
XGBoost,H4,490,2025-07-07,2025-07-11,97231.0,0.0054303668583064,0.0018028687918558717,97759.0,97406.29473550094,0.0,97231.0,352.70526449906174,124401.00360535311,1,1,2944
XGBoost,H5,490,2025-07-07,2025-07-14,97231.0,0.0053275190011417,0.0022824041079729795,97749.0,97452.92043382232,0.0,97231.0,296.0795661776792,87663.10950796273,1,1,2943
XGBoost,H6,490,2025-07-07,2025-07-15,97231.0,-0.0001748413571803,0.0028195700142532587,97214.0,97505.14961205586,0.0,97231.0,291.1496120558586,84768.09660027696,-1,1,2942
XGBoost,H7,490,2025-07-07,2025-07-16,97231.0,0.00542008207259,0.0031766563188284636,97758.0,97539.86947053601,0.0,97231.0,218.13052946398966,47580.92788424046,1,1,2941
XGBoost,H1,491,2025-07-08,2025-07-09,96485.0,-0.0003523863813027,0.0004318537248764187,96451.0,96526.6674066447,0.0,96485.0,75.66740664470126,5725.55642833458,-1,1,2948
XGBoost,H2,491,2025-07-08,2025-07-10,96485.0,0.0020003109291599,0.000823879090603441,96678.0,96564.49197405687,0.0,96485.0,113.508025943127,12884.07195350559,1,1,2947
XGBoost,H3,491,2025-07-08,2025-07-11,96485.0,0.0132041249935224,0.0010825027711689472,97759.0,96589.44527987624,0.0,96485.0,1169.5547201237641,1367858.2433637762,1,1,2946
XGBoost,H4,491,2025-07-08,2025-07-14,96485.0,0.0131004819401978,0.0016834525158628821,97749.0,96647.42791599303,0.0,96485.0,1101.5720840069698,1213461.0562634587,1,1,2945
XGBoost,H5,491,2025-07-08,2025-07-15,96485.0,0.0075555785873451,0.002279000822454691,97214.0,96704.88939435454,0.0,96485.0,509.11060564545915,259193.60878068622,1,1,2944
XGBoost,H6,491,2025-07-08,2025-07-16,96485.0,0.0131937606881897,0.0028206692077219486,97758.0,96757.15226850705,0.0,96485.0,1000.8477314929478,1001696.1816345797,1,1,2943
XGBoost,H7,491,2025-07-08,2025-07-17,96485.0,0.0100430118671295,0.0032278094440698624,97454.0,96796.43519421108,0.0,96485.0,657.5648057889193,432391.4738122192,1,1,2942
XGBoost,H1,492,2025-07-09,2025-07-10,96451.0,0.0023535266612062,0.00040079731843434274,96678.0,96489.65730216031,0.0,96451.0,188.3426978396892,35472.97182953247,1,1,2949
XGBoost,H2,492,2025-07-09,2025-07-11,96451.0,0.0135612901888004,0.0007053628796711564,97759.0,96519.03295510716,0.0,96451.0,1239.9670448928373,1537518.2724202755,1,1,2948
XGBoost,H3,492,2025-07-09,2025-07-14,96451.0,0.0134576106002011,0.0010808618972077966,97749.0,96555.25021084759,0.0,96451.0,1193.7497891524108,1425038.5591014253,1,1,2947
XGBoost,H4,492,2025-07-09,2025-07-15,96451.0,0.0079107526101336,0.0016325261676684022,97214.0,96608.45878139779,0.0,96451.0,605.5412186022149,366680.1674262555,1,1,2946
XGBoost,H5,492,2025-07-09,2025-07-16,96451.0,0.0135509222299405,0.0022560402285307646,97758.0,96668.59733608202,0.0,96451.0,1089.4026639179792,1186798.1641515896,1,1,2945
XGBoost,H6,492,2025-07-09,2025-07-17,96451.0,0.0103990627365191,0.0027627074159681797,97454.0,96717.46589297755,0.0,96451.0,736.5341070224531,542482.4908073624,1,1,2944
XGBoost,H7,492,2025-07-09,2025-07-18,96451.0,0.0156970897139481,0.00317362230271101,97965.0,96757.09904471878,0.0,96451.0,1207.9009552812204,1459024.7177692847,1,1,2943
XGBoost,H1,493,2025-07-10,2025-07-11,96678.0,0.0111814476923395,0.0004336913407314569,97759.0,96719.92841143924,0.0,96678.0,1039.0715885607642,1079669.76615419,1,1,2950
XGBoost,H2,493,2025-07-10,2025-07-14,96678.0,0.0110780115434743,0.0007675527594983578,97749.0,96752.20546568278,0.0,96678.0,996.7945343172178,993599.3436446791,1,1,2949
XGBoost,H3,493,2025-07-10,2025-07-15,96678.0,0.0055441775791804,0.0009579113102518022,97214.0,96770.60894965252,0.0,96678.0,443.39105034747627,196595.62352823824,1,1,2948
XGBoost,H4,493,2025-07-10,2025-07-16,96678.0,0.0111711040774529,0.001548132160678506,97758.0,96827.67032103008,0.0,96678.0,930.3296789699234,865513.3115722807,1,1,2947
XGBoost,H5,493,2025-07-10,2025-07-17,96678.0,0.0080266451519477,0.0021358446683734655,97454.0,96884.48919084901,0.0,96678.0,569.5108091509901,324342.56173981546,1,1,2946
XGBoost,H6,493,2025-07-10,2025-07-18,96678.0,0.0133122323589647,0.002760522998869419,97965.0,96944.8818424847,0.0,96678.0,1020.1181575153023,1040641.0552924151,1,1,2945
XGBoost,H7,493,2025-07-10,2025-07-21,96678.0,0.0262624381969009,0.0031792158260941505,99217.0,96985.36022763513,0.0,96678.0,2231.6397723648697,4980216.073600727,1,1,2944
XGBoost,H1,494,2025-07-11,2025-07-14,97759.0,-0.0001022923720578,0.0004349967639427632,97749.0,97801.52484864628,0.0,97759.0,52.52484864628059,2758.8597253146836,-1,1,2951
XGBoost,H2,494,2025-07-11,2025-07-15,97759.0,-0.0055749342771509,0.0007859831093810499,97214.0,97835.83692278998,0.0,97759.0,621.836922789982,386681.1585449141,-1,1,2950
XGBoost,H3,494,2025-07-11,2025-07-16,97759.0,-1.022923720572777e-05,0.001134710619226098,97758.0,97869.92817542492,0.0,97759.0,111.92817542492412,12527.916453952588,-1,1,2949
XGBoost,H4,494,2025-07-11,2025-07-17,97759.0,-0.0031199173477634,0.001585460500791669,97454.0,97913.9930330969,0.0,97759.0,459.99303309689276,211593.59049767908,-1,1,2948
XGBoost,H5,494,2025-07-11,2025-07-18,97759.0,0.002107222864391,0.0022253035567700863,97965.0,97976.54345040629,0.0,97759.0,11.543450406286865,133.2512472824044,1,1,2947
XGBoost,H6,494,2025-07-11,2025-07-21,97759.0,0.0149142278460294,0.002775622298941016,99217.0,98030.34206032217,0.0,97759.0,1186.6579396778252,1408157.065800421,1,1,2946
XGBoost,H7,494,2025-07-11,2025-07-22,97759.0,0.0246422324287278,0.003245085943490267,100168.0,98076.23635674966,0.0,97759.0,2091.763643250335,4375475.139223915,1,1,2945
XGBoost,H1,495,2025-07-14,2025-07-15,97749.0,-0.0054732017718851,0.00043477327562868595,97214.0,97791.49865291943,0.0,97749.0,577.4986529194284,333504.69412375445,-1,1,2952
XGBoost,H2,495,2025-07-14,2025-07-16,97749.0,9.207255317189578e-05,0.0007899448391981423,97758.0,97826.21631808678,0.0,97749.0,68.21631808677921,4653.466053316641,1,1,2951
XGBoost,H3,495,2025-07-14,2025-07-17,97749.0,-0.0030179336873011,0.0012108918745070696,97454.0,97867.36346984119,0.0,97749.0,413.36346984119155,170869.35819914966,-1,1,2950
XGBoost,H4,495,2025-07-14,2025-07-18,97749.0,0.0022097412761254,0.001585430814884603,97965.0,97903.97427672416,0.0,97749.0,61.02572327584494,3724.1389013400026,1,1,2949
XGBoost,H5,495,2025-07-14,2025-07-21,97749.0,0.0150180564507054,0.0022789384238421917,99217.0,97971.76395199215,0.0,97749.0,1245.2360480078496,1550612.8152582075,1,1,2948
XGBoost,H6,495,2025-07-14,2025-07-22,97749.0,0.0247470562358693,0.002775664208456874,100168.0,98020.31840071245,0.0,97749.0,2147.681599287549,4612536.251918324,1,1,2947
XGBoost,H7,495,2025-07-14,2025-07-23,97749.0,0.0159080911313671,0.0032123043201863766,99304.0,98062.9995349939,0.0,97749.0,1241.0004650061019,1540082.1541453612,1,1,2946
XGBoost,H1,496,2025-07-15,2025-07-16,97214.0,0.0055959018248399,0.00043208361603319645,97758.0,97256.00457664905,0.0,97214.0,501.99542335094884,251999.40506529834,1,1,2953
XGBoost,H2,496,2025-07-15,2025-07-17,97214.0,0.0024687802168412,0.0007879864424467087,97454.0,97290.60331401601,0.0,97214.0,163.39668598398566,26698.476990549218,1,1,2952
XGBoost,H3,496,2025-07-15,2025-07-18,97214.0,0.0077252247618655,0.0012195402523502707,97965.0,97332.55638609198,0.0,97214.0,632.4436139080208,399984.92477303767,1,1,2951
XGBoost,H4,496,2025-07-15,2025-07-21,97214.0,0.020604028226387,0.001583794946782291,99217.0,97367.9670419565,0.0,97214.0,1849.0329580435064,3418922.8799311193,1,1,2950
XGBoost,H5,496,2025-07-15,2025-07-22,97214.0,0.0303865698356204,0.0022258160170167685,100168.0,97430.38047827827,0.0,97214.0,2737.619521721732,7494560.645711924,1,1,2949
XGBoost,H6,496,2025-07-15,2025-07-23,97214.0,0.021498961054992,0.0027734714094549417,99304.0,97483.62024959875,0.0,97214.0,1820.3797504012473,3313782.4356709076,1,1,2948
XGBoost,H7,496,2025-07-15,2025-07-24,97214.0,0.0149566934803628,0.0032119799870997667,98668.0,97526.24942246592,0.0,97214.0,1141.7505775340833,1303594.3812994128,1,1,2947
XGBoost,H1,497,2025-07-16,2025-07-17,97758.0,-0.0031097199206202,0.000434231391409412,97454.0,97800.4495923614,0.0,97758.0,346.4495923614013,120027.32004738113,-1,1,2954
XGBoost,H2,497,2025-07-16,2025-07-18,97758.0,0.0021174737617382,0.0008166666375473142,97965.0,97837.83569715335,0.0,97758.0,127.16430284664966,16170.75991847443,1,1,2953
XGBoost,H3,497,2025-07-16,2025-07-21,97758.0,0.0149246097506086,0.001214045798406005,99217.0,97876.68268916057,0.0,97758.0,1340.3173108394258,1796450.4937358298,1,1,2952
XGBoost,H4,497,2025-07-16,2025-07-22,97758.0,0.0246527138443912,0.0016219905810430646,100168.0,97916.56255522161,0.0,97758.0,2251.437444778392,5068970.567750256,1,1,2951
XGBoost,H5,497,2025-07-16,2025-07-23,97758.0,0.0158145624910492,0.0022606307175010443,99304.0,97978.99473768147,0.0,97758.0,1325.005262318533,1755638.9451718042,1,1,2950
XGBoost,H6,497,2025-07-16,2025-07-24,97758.0,0.0093087010781727,0.0027775627095252275,98668.0,98029.52897535777,0.0,97758.0,638.4710246422328,407645.24930770264,1,1,2949
XGBoost,H7,497,2025-07-16,2025-07-25,97758.0,0.0008592647149081,0.003212877782061696,97842.0,98072.08450621879,0.0,97758.0,230.08450621878728,52938.880001943166,1,1,2948
XGBoost,H1,498,2025-07-17,2025-07-18,97454.0,0.0052434994971986,0.0004418732423800975,97965.0,97497.06231496291,0.0,97454.0,467.93768503709,218965.67707787082,1,1,2955
XGBoost,H2,498,2025-07-17,2025-07-21,97454.0,0.0180905863279086,0.0008162636659108102,99217.0,97533.54815929767,0.0,97454.0,1683.451840702328,2834010.099964056,1,1,2954
XGBoost,H3,498,2025-07-17,2025-07-22,97454.0,0.0278490364684877,0.0011484787100926042,100168.0,97565.92384421336,0.0,97454.0,2602.0761557866354,6770800.320513355,1,1,2953
XGBoost,H4,498,2025-07-17,2025-07-23,97454.0,0.0189833152051224,0.001659740344621241,99304.0,97615.74833554472,0.0,97454.0,1688.2516644552816,2850193.682536029,1,1,2952
XGBoost,H5,498,2025-07-17,2025-07-24,97454.0,0.0124571592751452,0.002287426497787237,98668.0,97676.91886191536,0.0,97454.0,991.0811380846426,982241.8222671504,1,1,2951
XGBoost,H6,498,2025-07-17,2025-07-25,97454.0,0.0039813655673446,0.0027799024246633053,97842.0,97724.91261089314,0.0,97454.0,117.08738910686225,13709.456687861764,1,1,2950
XGBoost,H7,498,2025-07-17,2025-07-28,97454.0,0.0005233238245736,0.0031844100449234247,97505.0,97764.33349651797,0.0,97454.0,259.33349651796743,67253.86241623462,1,1,2949
XGBoost,H1,499,2025-07-18,2025-07-21,97965.0,0.0127800745164088,0.0004427417879924178,99217.0,98008.37319926068,0.0,97965.0,1208.6268007393228,1460778.7434653707,1,1,2956
XGBoost,H2,499,2025-07-18,2025-07-22,97965.0,0.0224876231307098,0.0008179882424883544,100168.0,98045.13421817537,0.0,97965.0,2122.8657818246284,4506559.12764189,1,1,2955
XGBoost,H3,499,2025-07-18,2025-07-23,97965.0,0.0136681467871178,0.0011856621131300926,99304.0,98081.15338891279,0.0,97965.0,1222.8466110872105,1495353.8342474755,1,1,2954
XGBoost,H4,499,2025-07-18,2025-07-24,97965.0,0.007176032256418,0.0016350088408216834,98668.0,98125.1736410911,0.0,97965.0,542.8263589089038,294660.45592629805,1,1,2953
XGBoost,H5,499,2025-07-18,2025-07-25,97965.0,-0.0012555504516919,0.002287657931447029,97842.0,98189.11040925421,0.0,97965.0,347.1104092542082,120485.63621262391,-1,1,2952
XGBoost,H6,499,2025-07-18,2025-07-28,97965.0,-0.0046955545347828,0.0027816789224743843,97505.0,98237.5071756402,0.0,97965.0,732.5071756402031,536566.7623643873,-1,1,2951
XGBoost,H7,499,2025-07-18,2025-07-29,97965.0,0.0016332363599245,0.0032187059987336397,98125.0,98280.32053316594,0.0,97965.0,155.32053316594101,24124.468022952184,1,1,2950
XGBoost,H1,500,2025-07-21,2025-07-22,99217.0,0.0095850509489301,0.0004410080728121102,100168.0,99260.7554979602,0.0,99217.0,907.2445020398009,823092.5864814463,1,1,2957
XGBoost,H2,500,2025-07-21,2025-07-23,99217.0,0.0008768658596813,0.0008237765287049115,99304.0,99298.73263584852,0.0,99217.0,5.267364151484799,27.745125104347174,1,1,2956
XGBoost,H3,500,2025-07-21,2025-07-24,99217.0,-0.0055333259421268,0.0012745338026434183,98668.0,99343.45542029687,0.0,99217.0,675.455420296872,456240.02480842406,-1,1,2955
XGBoost,H4,500,2025-07-21,2025-07-25,99217.0,-0.0138585121501355,0.00182462262455374,97842.0,99398.03358294035,0.0,99217.0,1556.0335829403484,2421240.5112381782,-1,1,2954
XGBoost,H5,500,2025-07-21,2025-07-28,99217.0,-0.0172551074916597,0.0023129878100007772,97505.0,99446.48771154485,0.0,99217.0,1941.4877115448471,3769374.5340796476,-1,1,2953
XGBoost,H6,500,2025-07-21,2025-07-29,99217.0,-0.0110061783766894,0.002777911489829421,98125.0,99492.6160442864,0.0,99217.0,1367.6160442864057,1870373.644589596,-1,1,2952
XGBoost,H7,500,2025-07-21,2025-07-30,99217.0,-0.0122358063638288,0.003223271341994405,98003.0,99536.80331273866,0.0,99217.0,1533.8033127386589,2352552.602168084,-1,1,2951
XGBoost,H1,501,2025-07-22,2025-07-23,100168.0,-0.008625509144637,0.0004463433870114386,99304.0,100212.70932439016,0.0,100168.0,908.7093243901618,825752.6362336243,-1,1,2958
XGBoost,H2,501,2025-07-22,2025-07-24,100168.0,-0.0149748422649947,0.0008556013344787061,98668.0,100253.70387447206,0.0,100168.0,1585.703874472063,2514456.777515712,-1,1,2957
XGBoost,H3,501,2025-07-22,2025-07-25,100168.0,-0.0232209887389186,0.0012850738130509853,97842.0,100296.72327370569,0.0,100168.0,2454.723273705691,6025666.350472385,-1,1,2956
XGBoost,H4,501,2025-07-22,2025-07-28,100168.0,-0.0265853366344541,0.0018765388522297144,97505.0,100355.96914375015,0.0,100168.0,2850.969143750146,8128025.0586154405,-1,1,2955
XGBoost,H5,501,2025-07-22,2025-07-29,100168.0,-0.0203957351649228,0.002359416801482439,98125.0,100404.3380621709,0.0,100168.0,2279.338062170893,5195382.001660962,-1,1,2954
XGBoost,H6,501,2025-07-22,2025-07-30,100168.0,-0.0216136890024758,0.0028395222034305334,98003.0,100452.42926007323,0.0,100168.0,2449.4292600732297,5999703.700102889,-1,1,2953
XGBoost,H7,501,2025-07-22,2025-07-31,100168.0,-0.0180696429997604,0.003309271764010191,98358.0,100499.48313405737,0.0,100168.0,2141.483134057373,4585950.013452188,-1,1,2952
XGBoost,H1,502,2025-07-23,2025-07-24,99304.0,-0.0064045758479014,0.0004425605875439942,98668.0,99347.94803658547,0.0,99304.0,679.9480365854688,462329.33245643403,-1,1,2959
XGBoost,H2,502,2025-07-23,2025-07-25,99304.0,-0.0147224683799243,0.00086499925237149,97842.0,99389.8978857575,0.0,99304.0,1547.8978857574984,2395987.8647325337,-1,1,2958
XGBoost,H3,502,2025-07-23,2025-07-28,99304.0,-0.0181160879722871,0.001290608081035316,97505.0,99432.16254487913,0.0,99304.0,1927.162544879131,3713955.4743850087,-1,1,2957
XGBoost,H4,502,2025-07-23,2025-07-29,99304.0,-0.0118726335293644,0.0019417612347751856,98125.0,99496.82465765812,0.0,99304.0,1371.824657658115,1881902.8913588044,-1,1,2956
XGBoost,H5,502,2025-07-23,2025-07-30,99304.0,-0.0131011842423266,0.0023648831993341446,98003.0,99538.84236122668,0.0,99304.0,1535.842361226678,2358811.7585383374,-1,1,2955
XGBoost,H6,502,2025-07-23,2025-07-31,99304.0,-0.0095263030693627,0.0028475753497332335,98358.0,99586.77562252991,0.0,99304.0,1228.775622529909,1509889.5305237654,-1,1,2954
XGBoost,H7,502,2025-07-23,2025-08-01,99304.0,-0.0006444856199145,0.0032874385360628366,99240.0,99630.45579638518,0.0,99304.0,390.45579638518393,152455.7289307882,-1,1,2953
XGBoost,H1,503,2025-07-24,2025-07-25,98668.0,-0.0083715084931285,0.000440103467553854,97842.0,98711.4241289366,0.0,98668.0,869.4241289366037,755898.315977172,-1,1,2960
XGBoost,H2,503,2025-07-24,2025-07-28,98668.0,-0.0117870028783394,0.0008140379213728011,97505.0,98748.31949362601,0.0,98668.0,1243.3194936260115,1545843.3632304417,-1,1,2959
XGBoost,H3,503,2025-07-24,2025-07-29,98668.0,-0.0055033040094052,0.0013019545003771782,98125.0,98796.46124664322,0.0,98668.0,671.4612466432154,450860.205743661,-1,1,2958
XGBoost,H4,503,2025-07-24,2025-07-30,98668.0,-0.0067397737868407,0.0019440097967162728,98003.0,98859.8115586224,0.0,98668.0,856.8115586224012,734126.0469889485,-1,1,2957
XGBoost,H5,503,2025-07-24,2025-07-31,98668.0,-0.003141849434467,0.0023663598112761974,98358.0,98901.483989859,0.0,98668.0,543.4839898589998,295374.84723305743,-1,1,2956
XGBoost,H6,503,2025-07-24,2025-08-01,98668.0,0.0057972189565005,0.0028564059175550938,99240.0,98949.83585907333,0.0,98668.0,290.164140926674,84195.22867971474,1,1,2955
XGBoost,H7,503,2025-07-24,2025-08-04,98668.0,0.0196517614626829,0.003328030463308096,100607.0,98996.37010975368,0.0,98668.0,1610.6298902463168,2594128.6433548625,1,1,2954
XGBoost,H1,504,2025-07-25,2025-07-28,97842.0,-0.0034443286114347,0.00044579117093235254,97505.0,97885.61709974636,0.0,97842.0,380.61709974636324,144869.37661933302,-1,1,2961
XGBoost,H2,504,2025-07-25,2025-07-29,97842.0,0.002892418388831,0.000819076260086149,98125.0,97922.14005943935,0.0,97842.0,202.859940560651,41152.155484270865,1,1,2960
XGBoost,H3,504,2025-07-25,2025-07-30,97842.0,0.0016455101081336,0.0012751483591273427,98003.0,97966.76306575374,0.0,97842.0,36.236934246262535,1313.1154035679544,1,1,2959
XGBoost,H4,504,2025-07-25,2025-07-31,97842.0,0.0052738087937695,0.001902178511954844,98358.0,98028.11294996669,0.0,97842.0,329.88705003331415,108825.46577968232,1,1,2958
XGBoost,H5,504,2025-07-25,2025-08-01,97842.0,0.0142883424296313,0.0023468141444027424,99240.0,98071.61698951665,0.0,97842.0,1168.3830104833469,1365118.8591861287,1,1,2957
XGBoost,H6,504,2025-07-25,2025-08-04,97842.0,0.0282598475092497,0.0028549744747579098,100607.0,98121.33641255926,0.0,97842.0,2485.6635874407366,6178523.469928753,1,1,2956
XGBoost,H7,504,2025-07-25,2025-08-05,97842.0,0.0298746959383495,0.003318923292681575,100765.0,98166.73009280255,0.0,97842.0,2598.2699071974494,6751006.510647842,1,1,2955
XGBoost,H1,505,2025-07-28,2025-07-29,97505.0,0.0063586482744475,0.00047500745858997107,98125.0,97551.31560224982,0.0,97505.0,573.6843977501849,329113.7882219923,1,1,2962
XGBoost,H2,505,2025-07-28,2025-07-30,97505.0,0.0051074303881852,0.0008512708591297269,98003.0,97588.00316511944,0.0,97505.0,414.996834880556,172222.37296087944,1,1,2961
XGBoost,H3,505,2025-07-28,2025-07-31,97505.0,0.0087482693195219,0.0013612947659566998,98358.0,97637.73304615461,0.0,97505.0,720.266953845392,518784.48480172,1,1,2960
XGBoost,H4,505,2025-07-28,2025-08-01,97505.0,0.0177939592841391,0.0019220911199226975,99240.0,97692.41349464806,0.0,97505.0,1547.5865053519374,2395023.991547422,1,1,2959
XGBoost,H5,505,2025-07-28,2025-08-04,97505.0,0.0318137531408646,0.0023834954481571913,100607.0,97737.40272367257,0.0,97505.0,2869.597276327433,8234588.528305822,1,1,2958
XGBoost,H6,505,2025-07-28,2025-08-05,97505.0,0.0334341828624173,0.0028175802435725927,100765.0,97779.72816164955,0.0,97505.0,2985.2718383504543,8911847.948848302,1,1,2957
XGBoost,H7,505,2025-07-28,2025-08-06,97505.0,0.0326342238859544,0.0033170937094837427,100687.0,97828.43322214321,0.0,97505.0,2858.5667778567877,8171404.023466538,1,1,2956
XGBoost,H1,506,2025-07-29,2025-07-30,98125.0,-0.0012433121019108,0.00046786063467152417,98003.0,98170.90882477714,0.0,98125.0,167.9088247771433,28193.373438041413,-1,1,2963
XGBoost,H2,506,2025-07-29,2025-07-31,98125.0,0.0023745222929936,0.0009113222477026284,98358.0,98214.42349555582,0.0,98125.0,143.5765044441796,20614.21262840952,1,1,2962
XGBoost,H3,506,2025-07-29,2025-08-01,98125.0,0.0113630573248406,0.0013955282047390938,99240.0,98261.93620509002,0.0,98125.0,978.0637949099764,956608.7869137045,1,1,2961
XGBoost,H4,506,2025-07-29,2025-08-04,98125.0,0.0252942675159235,0.0018611553823575377,100607.0,98307.62587189383,0.0,98125.0,2299.3741281061666,5287121.381003994,1,1,2960
XGBoost,H5,506,2025-07-29,2025-08-05,98125.0,0.0269044585987261,0.002336646895855665,100765.0,98354.28347665584,0.0,98125.0,2410.716523344163,5811554.155924568,1,1,2959
XGBoost,H6,506,2025-07-29,2025-08-06,98125.0,0.0261095541401272,0.002812392544001341,100687.0,98400.96601838013,0.0,98125.0,2286.0339816198684,5225951.365120789,1,1,2958
XGBoost,H7,506,2025-07-29,2025-08-07,98125.0,0.0276178343949045,0.0033143535256385803,100835.0,98450.22093970329,0.0,98125.0,2384.7790602967143,5687171.16642968,1,1,2957
XGBoost,H1,507,2025-07-30,2025-07-31,98003.0,0.0036223380916911,0.0004129546578042209,98358.0,98043.47079532879,0.0,98003.0,314.52920467121294,98928.62059110576,1,1,2964
XGBoost,H2,507,2025-07-30,2025-08-01,98003.0,0.0126220625899207,0.0009012930677272379,99240.0,98091.32942451647,0.0,98003.0,1148.6705754835275,1319444.0909816583,1,1,2963
XGBoost,H3,507,2025-07-30,2025-08-04,98003.0,0.0265706151852493,0.0013935628812760115,100607.0,98139.5733430537,0.0,98003.0,2467.426656946307,6088194.307409229,1,1,2962
XGBoost,H4,507,2025-07-30,2025-08-05,98003.0,0.0281828107302837,0.0018410412594676018,100765.0,98183.4275665516,0.0,98003.0,2581.5724334483966,6664516.229140677,1,1,2961
XGBoost,H5,507,2025-07-30,2025-08-06,98003.0,0.027386916727039,0.002331411698833108,100687.0,98231.48534072074,0.0,98003.0,2455.514659279259,6029552.241935335,1,1,2960
XGBoost,H6,507,2025-07-30,2025-08-07,98003.0,0.0288970745793495,0.0027718280907720327,100835.0,98274.64746837993,0.0,98003.0,2560.3525316200685,6555405.086173294,1,1,2959
XGBoost,H7,507,2025-07-30,2025-08-08,98003.0,0.0327438955950327,0.0032620395068079233,101212.0,98322.6896577857,0.0,98003.0,2889.310342214303,8348114.253626533,1,1,2958
XGBoost,H1,508,2025-07-31,2025-08-01,98358.0,0.0089672421155371,0.00043484478374011815,99240.0,98400.77046323911,0.0,98358.0,839.2295367608895,704306.2153718971,1,1,2965
XGBoost,H2,508,2025-07-31,2025-08-04,98358.0,0.0228654507005021,0.0008155103423632681,100607.0,98438.21196625417,0.0,98358.0,2168.7880337458337,4703641.53531912,1,1,2964
XGBoost,H3,508,2025-07-31,2025-08-05,98358.0,0.0244718274060067,0.0012726562563329935,100765.0,98483.1759240604,0.0,98358.0,2281.8240759395994,5206721.113537607,1,1,2963
XGBoost,H4,508,2025-07-31,2025-08-06,98358.0,0.0236788059944286,0.0017396436305716634,100687.0,98529.10786821577,0.0,98358.0,2157.8921317842323,4656498.452416299,1,1,2962
XGBoost,H5,508,2025-07-31,2025-08-07,98358.0,0.0251835132881921,0.0022580320946872234,100835.0,98580.09552076925,0.0,98358.0,2254.904479230754,5084594.210454918,1,1,2961
XGBoost,H6,508,2025-07-31,2025-08-08,98358.0,0.0290164501108196,0.002764832228422165,101212.0,98629.94336832315,0.0,98358.0,2582.0566316768527,6667016.4491864145,1,1,2960
XGBoost,H7,508,2025-07-31,2025-08-11,98358.0,0.0145082250554098,0.003251390065997839,99785.0,98677.80022411142,0.0,98358.0,1107.1997758885846,1225891.3437277318,1,1,2959
XGBoost,H1,509,2025-08-01,2025-08-04,99240.0,0.0137746876259572,0.00043847295455634594,100607.0,99283.51405601017,0.0,99240.0,1323.4859439898282,1751615.0439386468,1,1,2966
XGBoost,H2,509,2025-08-01,2025-08-05,99240.0,0.0153667875856509,0.0008206833153963089,100765.0,99321.44461221993,0.0,99240.0,1443.5553877800703,2083852.157588869,1,1,2965
XGBoost,H3,509,2025-08-01,2025-08-06,99240.0,0.0145808141878274,0.0012675130274146795,100687.0,99365.78799284063,0.0,99240.0,1321.2120071593672,1745601.1678620838,1,1,2964
XGBoost,H4,509,2025-08-01,2025-08-07,99240.0,0.0160721483272874,0.0017321028281003237,100835.0,99411.89388466068,0.0,99240.0,1423.1061153393239,2025231.015516181,1,1,2963
XGBoost,H5,509,2025-08-01,2025-08-08,99240.0,0.0198710197501008,0.002262793481349945,101212.0,99464.55962508917,0.0,99240.0,1747.4403749108315,3053547.863868507,1,1,2962
XGBoost,H6,509,2025-08-01,2025-08-11,99240.0,0.0054917372027407,0.0027663877699524164,99785.0,99514.53632229008,0.0,99240.0,270.4636777099222,73150.60096037666,1,1,2961
XGBoost,H7,509,2025-08-01,2025-08-12,99240.0,0.0038291011688835,0.0032510734163224697,99620.0,99562.63652583584,0.0,99240.0,57.363474164158106,3290.5681681820347,1,1,2960
XGBoost,H1,510,2025-08-04,2025-08-05,100607.0,0.0015704672637093,0.0004468740080483258,100765.0,100651.95865332772,0.0,100607.0,113.04134667228209,12778.34605748306,1,1,2967
XGBoost,H2,510,2025-08-04,2025-08-06,100607.0,0.0007951732980806,0.0008283140487037599,100687.0,100690.33419149794,0.0,100607.0,3.334191497939173,11.116832944929866,1,1,2966
XGBoost,H3,510,2025-08-04,2025-08-07,100607.0,0.0022662438995297,0.0012679616920650005,100835.0,100734.56582195358,0.0,100607.0,100.43417804641649,10087.024119859288,1,1,2965
XGBoost,H4,510,2025-08-04,2025-08-08,100607.0,0.006013498066735,0.0017647230997681618,101212.0,100784.54349689838,0.0,100607.0,427.45650310162455,182719.06204386917,1,1,2964
XGBoost,H5,510,2025-08-04,2025-08-11,100607.0,-0.0081704056377787,0.002271845005452633,99785.0,100835.56351046357,0.0,100607.0,1050.563510463573,1103683.689517546,-1,1,2963
XGBoost,H6,510,2025-08-04,2025-08-12,100607.0,-0.00981045056507,0.002776763867586851,99620.0,100886.36188242631,0.0,100607.0,1266.3618824263103,1603672.4172623083,-1,1,2962
XGBoost,H7,510,2025-08-04,2025-08-13,100607.0,-0.0094526225809337,0.00327017973177135,99656.0,100936.00297227432,0.0,100607.0,1280.0029722743202,1638407.6090310942,-1,1,2961
XGBoost,H1,511,2025-08-05,2025-08-06,100765.0,-0.0007740783009974,0.00045515995589084923,100687.0,100810.86419295534,0.0,100765.0,123.86419295534142,15342.338296478052,-1,1,2968
XGBoost,H2,511,2025-08-05,2025-08-07,100765.0,0.0006946856547411,0.0008379833307117224,100835.0,100849.43939031917,0.0,100765.0,14.439390319166705,208.49599278924515,1,1,2967
XGBoost,H3,511,2025-08-05,2025-08-08,100765.0,0.0044360641095617,0.0013031776761636138,101212.0,100896.31469853863,0.0,100765.0,315.68530146137346,99657.20955875824,1,1,2966
XGBoost,H4,511,2025-08-05,2025-08-11,100765.0,-0.0097255991663771,0.0018442543223500252,99785.0,100950.8362867916,0.0,100765.0,1165.8362867916003,1359174.2476000264,-1,1,2965
XGBoost,H5,511,2025-08-05,2025-08-12,100765.0,-0.0113630724954101,0.0023388660047203302,99620.0,101000.67583296564,0.0,100765.0,1380.675832965644,1906265.755735375,-1,1,2964
XGBoost,H6,511,2025-08-05,2025-08-13,100765.0,-0.0110058055872575,0.0027890147175639868,99656.0,101046.03506801534,0.0,100765.0,1390.0350680153351,1932197.4903123972,-1,1,2963
XGBoost,H7,511,2025-08-05,2025-08-14,100765.0,-0.0139234853371706,0.003278653370216489,99362.0,101095.37350684986,0.0,100765.0,1733.3735068498645,3004583.714248997,-1,1,2962
XGBoost,H1,512,2025-08-06,2025-08-07,100687.0,0.0014699017748069,0.00044686460751108825,100835.0,100731.99345673647,0.0,100687.0,103.00654326353106,10610.347955101695,1,1,2969
XGBoost,H2,512,2025-08-06,2025-08-08,100687.0,0.0052141785930657,0.0008463613339699805,101212.0,100772.21758363344,0.0,100687.0,439.7824163665646,193408.57374521435,1,1,2968
XGBoost,H3,512,2025-08-06,2025-08-11,100687.0,-0.0089584554113242,0.0013086090330034494,99785.0,100818.75991770602,0.0,100687.0,1033.7599177060183,1068659.5674555537,-1,1,2967
XGBoost,H4,512,2025-08-06,2025-08-12,100687.0,-0.010597197254859,0.0018960279412567616,99620.0,100877.90536532132,0.0,100687.0,1257.9053653213196,1582325.9081041624,-1,1,2966
XGBoost,H5,512,2025-08-06,2025-08-13,100687.0,-0.010239653579906,0.002397454110905528,99656.0,100928.39246206474,0.0,100687.0,1272.392462064745,1618982.5775191833,-1,1,2965
XGBoost,H6,512,2025-08-06,2025-08-14,100687.0,-0.0131595935920227,0.0027991337701678276,99362.0,100968.83638191689,0.0,100687.0,1606.836381916888,2581923.1582517554,-1,1,2964
XGBoost,H7,512,2025-08-06,2025-08-18,100687.0,-0.0165562585040769,0.0032903070095926523,99020.0,101018.29114187486,0.0,100687.0,1998.2911418748554,3993167.4876955133,-1,1,2963
XGBoost,H1,513,2025-08-07,2025-08-08,100835.0,0.0037387811771705,0.0004550906305667013,101212.0,100880.8890637332,0.0,100835.0,331.1109362668067,109634.45211548131,1,1,2970
XGBoost,H2,513,2025-08-07,2025-08-11,100835.0,-0.01041305102395,0.0007556088967248797,99785.0,100911.19182310125,0.0,100835.0,1126.1918231012532,1268308.0224201244,-1,1,2969
XGBoost,H3,513,2025-08-07,2025-08-12,100835.0,-0.0120493876134278,0.001309295417740941,99620.0,100967.02280344791,0.0,100835.0,1347.0228034479078,1814470.4330086608,-1,1,2968
XGBoost,H4,513,2025-08-07,2025-08-13,100835.0,-0.0116923687211781,0.0019049749244004488,99656.0,101027.08814650192,0.0,100835.0,1371.0881465019193,1879882.7054780684,-1,1,2967
XGBoost,H5,513,2025-08-07,2025-08-14,100835.0,-0.0146080230078842,0.0024093021638691425,99362.0,101077.94198369374,0.0,100835.0,1715.941983693745,2944456.891402825,-1,1,2966
XGBoost,H6,513,2025-08-07,2025-08-18,100835.0,-0.0179997024842564,0.002895790385082364,99020.0,101126.99702347978,0.0,100835.0,2106.99702347978,4439436.456952654,-1,1,2965
XGBoost,H7,513,2025-08-07,2025-08-19,100835.0,-0.0245549660336192,0.0032996884547173977,98359.0,101167.72408533143,0.0,100835.0,2808.724085331429,7888930.987520872,-1,1,2964
XGBoost,H1,514,2025-08-08,2025-08-11,101212.0,-0.0140991186815793,0.00045782275265082717,99785.0,101258.3371564413,0.0,101212.0,1473.3371564412955,2170722.3765505226,-1,1,2971
XGBoost,H2,514,2025-08-08,2025-08-12,101212.0,-0.0157293601549223,0.0008713179850019515,99620.0,101300.18783589802,0.0,101212.0,1680.1878358980175,2823031.1638996634,-1,1,2970
XGBoost,H3,514,2025-08-08,2025-08-13,101212.0,-0.0153736711061929,0.0013287008041515946,99656.0,101346.48046578979,0.0,101212.0,1690.4804657897912,2857724.2052168692,-1,1,2969
XGBoost,H4,514,2025-08-08,2025-08-14,101212.0,-0.0182784650041497,0.001942646922543645,99362.0,101408.61918032449,0.0,101212.0,2046.6191803244874,4188650.0692720767,-1,1,2968
XGBoost,H5,514,2025-08-08,2025-08-18,101212.0,-0.021657510967079,0.0024252517614513636,99020.0,101457.46458128002,0.0,101212.0,2437.4645812800154,5941233.584994561,-1,1,2967
XGBoost,H6,514,2025-08-08,2025-08-19,101212.0,-0.0281883571118048,0.002908158814534545,98359.0,101506.34056993667,0.0,101212.0,3147.3405699366704,9905752.663169285,-1,1,2966
XGBoost,H7,514,2025-08-08,2025-08-20,101212.0,-0.0228135003754496,0.00335873244330287,98903.0,101551.94402805157,0.0,101212.0,2648.94402805157,7016904.463750077,-1,1,2965
XGBoost,H1,515,2025-08-11,2025-08-12,99785.0,-0.0016535551435586,0.0004409759130794555,99620.0,99829.00278148663,0.0,99785.0,209.00278148663347,43682.16266914946,-1,1,2972
XGBoost,H2,515,2025-08-11,2025-08-13,99785.0,-0.0012927794758731,0.0008482886478304863,99656.0,99869.64648272377,0.0,99785.0,213.64648272376508,45644.81958023605,-1,1,2971
XGBoost,H3,515,2025-08-11,2025-08-14,99785.0,-0.0042391140953048,0.0012927793432027102,99362.0,99913.99998676148,0.0,99785.0,551.9999867614824,304703.9853846768,-1,1,2970
XGBoost,H4,515,2025-08-11,2025-08-18,99785.0,-0.0076664829383173,0.0018880361458286643,99020.0,99973.39768681151,0.0,99785.0,953.3976868115133,908967.1492175444,-1,1,2969
XGBoost,H5,515,2025-08-11,2025-08-19,99785.0,-0.0142907250588766,0.002418376272544265,98359.0,100026.31767635583,0.0,99785.0,1667.3176763558295,2779948.2338886023,-1,1,2968
XGBoost,H6,515,2025-08-11,2025-08-20,99785.0,-0.0088390038582952,0.002880118554458022,98903.0,100072.3926299566,0.0,99785.0,1169.3926299565937,1367479.122996799,-1,1,2967
XGBoost,H7,515,2025-08-11,2025-08-21,99785.0,-0.0075161597434484,0.003386429976671934,99035.0,100122.91491522221,0.0,99785.0,1087.914915222209,1183558.8627629462,-1,1,2966
XGBoost,H1,516,2025-08-12,2025-08-13,99620.0,0.0003613732182292,0.0004407916567288339,99656.0,99663.91166484333,0.0,99620.0,7.9116648433264345,62.594440593127494,1,1,2973
XGBoost,H2,516,2025-08-12,2025-08-14,99620.0,-0.0025898413973097,0.0008184749167412519,99362.0,99701.53647120576,0.0,99620.0,339.5364712057635,115285.01527886228,-1,1,2972
XGBoost,H3,516,2025-08-12,2025-08-18,99620.0,-0.0060228869704878,0.0012870016507804394,99020.0,99748.21110445075,0.0,99620.0,728.2111044507474,530291.4126453773,-1,1,2971
XGBoost,H4,516,2025-08-12,2025-08-19,99620.0,-0.0126581007829753,0.0018822710262611508,98359.0,99807.51183963614,0.0,99620.0,1448.5118396361358,2098186.5495660626,-1,1,2970
XGBoost,H5,516,2025-08-12,2025-08-20,99620.0,-0.0071973499297329,0.0023723477497696877,98903.0,99856.33328283206,0.0,99620.0,953.3332828320563,908844.3481553454,-1,1,2969
XGBoost,H6,516,2025-08-12,2025-08-21,99620.0,-0.0058723147962256,0.0029073990881443024,99035.0,99909.63509716094,0.0,99620.0,874.6350971609354,764986.553185719,-1,1,2968
XGBoost,H7,516,2025-08-12,2025-08-22,99620.0,0.0023790403533427,0.0033856546506285667,99857.0,99957.27891629562,0.0,99620.0,100.27891629561782,10055.861053423525,1,1,2967
XGBoost,H1,517,2025-08-13,2025-08-14,99656.0,-0.0029501485108773,0.00044055416947230697,99362.0,99699.90386631293,0.0,99656.0,337.9038663129322,114179.02286922798,-1,1,2974
XGBoost,H2,517,2025-08-13,2025-08-18,99656.0,-0.0063819539214898,0.0008266328368335962,99020.0,99738.37892198749,0.0,99656.0,718.3789219874889,516068.27555590664,-1,1,2973
XGBoost,H3,517,2025-08-13,2025-08-19,99656.0,-0.0130147708115918,0.001279038260690868,98359.0,99783.46383690741,0.0,99656.0,1424.4638369074091,2029097.2226569778,-1,1,2972
XGBoost,H4,517,2025-08-13,2025-08-20,99656.0,-0.0075559926145941,0.0018473579548299313,98903.0,99840.10030434653,0.0,99656.0,937.1003043465316,878156.9804063622,-1,1,2971
XGBoost,H5,517,2025-08-13,2025-08-21,99656.0,-0.0062314361403227,0.00236016558483243,99035.0,99891.20466152206,0.0,99656.0,856.2046615220606,733086.4224121064,-1,1,2970
XGBoost,H6,517,2025-08-13,2025-08-22,99656.0,0.0020169382676407,0.002860060427337885,99857.0,99941.02218194678,0.0,99656.0,84.02218194678426,7059.727059098518,1,1,2969
XGBoost,H7,517,2025-08-13,2025-08-25,99656.0,0.0046359476599502,0.003351618070155382,100118.0,99990.0088503994,0.0,99656.0,127.99114960059524,16381.73437608195,1,1,2968
XGBoost,H1,518,2025-08-14,2025-08-18,99362.0,-0.0034419597029045,0.00043926978833042085,99020.0,99405.64672470809,0.0,99362.0,385.6467247080873,148723.39627807526,-1,1,2975
XGBoost,H2,518,2025-08-14,2025-08-19,99362.0,-0.0100944022865884,0.0008370155119337142,98359.0,99445.16753529676,0.0,99362.0,1086.1675352967577,1179759.9147326334,-1,1,2974
XGBoost,H3,518,2025-08-14,2025-08-20,99362.0,-0.0046194722328455,0.0012593066785484552,98903.0,99487.12723019393,0.0,99362.0,584.1272301939316,341204.6210540344,-1,1,2973
XGBoost,H4,518,2025-08-14,2025-08-21,99362.0,-0.0032909965580403,0.001807633088901639,99035.0,99541.61003897944,0.0,99362.0,506.61003897944465,256653.73159475444,-1,1,2972
XGBoost,H5,518,2025-08-14,2025-08-22,99362.0,0.0049817837805197,0.002275998704135418,99857.0,99588.1477832403,0.0,99362.0,268.8522167596966,72281.51445660289,1,1,2971
XGBoost,H6,518,2025-08-14,2025-08-25,99362.0,0.0076085425011573,0.0028047654777765274,100118.0,99640.68710740283,0.0,99362.0,477.3128925971687,227827.5974394763,1,1,2970
XGBoost,H7,518,2025-08-14,2025-08-26,99362.0,0.0117650610897526,0.0033420342952013016,100531.0,99694.07121163979,0.0,99362.0,836.9287883602083,700449.7967860863,1,1,2969
XGBoost,H1,519,2025-08-18,2025-08-19,99020.0,-0.0066754191072511,0.00046549568651244044,98359.0,99066.09338287846,0.0,99020.0,707.0933828784619,499981.05211050704,-1,1,2976
XGBoost,H2,519,2025-08-18,2025-08-20,99020.0,-0.0011815794788931,0.0009076615679077804,98903.0,99109.87664845423,0.0,99020.0,206.87664845422842,42797.94767565441,-1,1,2975
XGBoost,H3,519,2025-08-18,2025-08-21,99020.0,0.0001514845485759,0.0014046754222363234,99035.0,99159.09096030984,0.0,99020.0,124.09096030984074,15398.56643061847,1,1,2974
XGBoost,H4,519,2025-08-18,2025-08-22,99020.0,0.0084528378105432,0.0018545823404565454,99857.0,99203.640743352,0.0,99020.0,653.3592566479929,426878.3182476178,1,1,2973
XGBoost,H5,519,2025-08-18,2025-08-25,99020.0,0.0110886689557665,0.0023178851697593927,100118.0,99249.51698950958,0.0,99020.0,868.4830104904249,754262.7395105115,1,1,2972
XGBoost,H6,519,2025-08-18,2025-08-26,99020.0,0.0152595435265603,0.002753089414909482,100531.0,99292.61091386434,0.0,99020.0,1238.389086135663,1533607.5286599228,1,1,2971
XGBoost,H7,519,2025-08-18,2025-08-27,99020.0,0.0196626944051707,0.00326597411185503,100967.0,99343.39675655589,0.0,99020.0,1623.603243444115,2636087.4921222497,1,1,2970
XGBoost,H1,520,2025-08-19,2025-08-20,98359.0,0.0055307597677893,0.00043310620822012424,98903.0,98401.59989353432,0.0,98359.0,501.4001064656768,251402.06676379204,1,1,2977
XGBoost,H2,520,2025-08-19,2025-08-21,98359.0,0.006872782358503,0.0008207789505831897,99035.0,98439.73099680041,0.0,98359.0,595.269003199588,354345.18617023114,1,1,2976
XGBoost,H3,520,2025-08-19,2025-08-22,98359.0,0.0152299230370378,0.0012435755925253034,99857.0,98481.3168517052,0.0,98359.0,1375.6831482948037,1892504.1245023028,1,1,2975
XGBoost,H4,520,2025-08-19,2025-08-25,98359.0,0.0178834677050396,0.0017605266766622663,100118.0,98532.16364338982,0.0,98359.0,1585.8363566101762,2514876.9499466377,1,1,2974
XGBoost,H5,520,2025-08-19,2025-08-26,98359.0,0.0220823717199238,0.0022628409788012505,100531.0,98581.57077583391,0.0,98359.0,1949.4292241660878,3800274.300032795,1,1,2973
XGBoost,H6,520,2025-08-19,2025-08-27,98359.0,0.0265151130044023,0.0027418076060712337,100967.0,98628.68145432556,0.0,98359.0,2338.3185456744395,5467733.621045026,1,1,2972
XGBoost,H7,520,2025-08-19,2025-08-28,98359.0,0.0317408676379384,0.0032550159376114607,101481.0,98679.16011260753,0.0,98359.0,2801.8398873924743,7850306.754583473,1,1,2971
XGBoost,H1,521,2025-08-20,2025-08-21,98903.0,0.0013346410119006,0.00045468920143321157,99035.0,98947.97012608935,0.0,98903.0,87.02987391065108,7574.198952903825,1,1,2978
XGBoost,H2,521,2025-08-20,2025-08-22,98903.0,0.0096458145860085,0.0008092977222986519,99857.0,98983.0419726285,0.0,98903.0,873.9580273714964,763802.6336070773,1,1,2977
XGBoost,H3,521,2025-08-20,2025-08-25,98903.0,0.0122847638595391,0.0013709772611036897,100118.0,99038.59376405494,0.0,98903.0,1079.4062359450618,1165117.8221970864,1,1,2976
XGBoost,H4,521,2025-08-20,2025-08-26,98903.0,0.0164605724801067,0.0018148599192500114,100531.0,99082.49509059358,0.0,98903.0,1448.5049094064161,2098166.4725744897,1,1,2975
XGBoost,H5,521,2025-08-20,2025-08-27,98903.0,0.0208689321860813,0.0022839175071567297,100967.0,99128.88629321032,0.0,98903.0,1838.113706789678,3378661.9990880904,1,1,2974
XGBoost,H6,521,2025-08-20,2025-08-28,98903.0,0.0260659433990879,0.0027358424849808216,101481.0,99173.58302929206,0.0,98903.0,2307.416970707942,5324173.076711015,1,1,2973
XGBoost,H7,521,2025-08-20,2025-08-29,98903.0,0.04308261630082,0.003237118711695075,103164.0,99223.16075194278,0.0,98903.0,3940.839248057222,15530213.97902821,1,1,2972
XGBoost,H1,522,2025-08-21,2025-08-22,99035.0,0.0083000959256829,0.0004459704796317965,99857.0,99079.16668645033,0.0,99035.0,777.833313549665,605024.6636676515,1,1,2979
XGBoost,H2,522,2025-08-21,2025-08-25,99035.0,0.0109355278436915,0.000822504865936935,100118.0,99116.45676939806,0.0,99035.0,1001.5432306019356,1003088.842764562,1,1,2978
XGBoost,H3,522,2025-08-21,2025-08-26,99035.0,0.0151057706871307,0.0012245876714587212,100531.0,99156.27704004291,0.0,99035.0,1374.7229599570855,1889863.2166331706,1,1,2977
XGBoost,H4,522,2025-08-21,2025-08-27,99035.0,0.0195082546574443,0.001729578711092472,100967.0,99206.28882765304,0.0,99035.0,1760.711172346957,3100103.832427396,1,1,2976
XGBoost,H5,522,2025-08-21,2025-08-28,99035.0,0.0246983389710708,0.0022306048776954412,101481.0,99255.90795406257,0.0,99035.0,2225.092045937432,4951034.612894027,1,1,2975
XGBoost,H6,522,2025-08-21,2025-08-29,99035.0,0.041692330994093,0.002732023596763611,103164.0,99305.56595690548,0.0,99035.0,3858.434043094516,14887513.264910692,1,1,2974
XGBoost,H7,522,2025-08-21,2025-09-01,99035.0,0.0491644368152672,0.0032033217139542103,103904.0,99352.24096594146,0.0,99035.0,4551.759034058545,20718510.304133575,1,1,2973
XGBoost,H1,523,2025-08-22,2025-08-25,99857.0,0.002613737644832,0.0004377227451186627,100118.0,99900.70968015931,0.0,99857.0,217.2903198406857,47215.08309646749,1,1,2980
XGBoost,H2,523,2025-08-22,2025-08-26,99857.0,0.0067496520023633,0.0008246641373261809,100531.0,99939.34848676098,0.0,99857.0,591.6515132390196,350051.5131180217,1,1,2979
XGBoost,H3,523,2025-08-22,2025-08-27,99857.0,0.0111158957308952,0.001232947688549757,100967.0,99980.11845733551,0.0,99857.0,986.8815426644869,973935.1792518375,1,1,2978
XGBoost,H4,523,2025-08-22,2025-08-28,99857.0,0.0162632564567331,0.0017312564887106419,101481.0,100029.87807919318,0.0,99857.0,1451.1219208068214,2105754.829046079,1,1,2977
XGBoost,H5,523,2025-08-22,2025-08-29,99857.0,0.033117357821685,0.0022308100014925003,103164.0,100079.76199431904,0.0,99857.0,3084.2380056809634,9512524.075686887,1,1,2976
XGBoost,H6,523,2025-08-22,2025-09-01,99857.0,0.0405279549756152,0.0027310610748827457,103904.0,100129.71556575457,0.0,99857.0,3774.2844342454337,14245222.990587372,1,1,2975
XGBoost,H7,523,2025-08-22,2025-09-02,99857.0,0.0584636029522216,0.0032031568698585033,105695.0,100176.85763555346,0.0,99857.0,5518.142364446539,30449895.154299647,1,1,2974
XGBoost,H1,524,2025-08-25,2025-08-26,100118.0,0.0041251323438342,0.0004705960163846612,100531.0,100165.1151319684,0.0,100118.0,365.8848680316005,133871.7366545017,1,1,2981
XGBoost,H2,524,2025-08-25,2025-08-27,100118.0,0.008479993607543,0.0008854341576807201,100967.0,100206.64789699868,0.0,100118.0,760.3521030013217,578135.3205385325,1,1,2980
XGBoost,H3,524,2025-08-25,2025-08-28,100118.0,0.0136139355560438,0.0013894804287701845,101481.0,100257.11200156761,0.0,100118.0,1223.8879984323867,1497901.8327068337,1,1,2979
XGBoost,H4,524,2025-08-25,2025-08-29,100118.0,0.0304240995625162,0.0018432054203003645,103164.0,100302.53804026963,0.0,100118.0,2861.461959730368,8187964.546983959,1,1,2978
XGBoost,H5,524,2025-08-25,2025-09-01,100118.0,0.0378153778541321,0.002258908934891224,103904.0,100344.15744474344,0.0,100118.0,3559.8425552565604,12672479.018215558,1,1,2977
XGBoost,H6,524,2025-08-25,2025-09-02,100118.0,0.0557042689626241,0.0027325968258082867,105695.0,100391.58212900627,0.0,100118.0,5303.417870993726,28126241.114375625,1,1,2976
XGBoost,H7,524,2025-08-25,2025-09-03,100118.0,0.0695379452246349,0.0032113208435475826,107080.0,100439.5110202143,0.0,100118.0,6640.488979785703,44096093.89065537,1,1,2975
XGBoost,H1,525,2025-08-26,2025-08-27,100531.0,0.004336970685659,0.00047191782505251467,100967.0,100578.44237087035,0.0,100531.0,388.55762912964565,150977.03115485125,1,1,2982
XGBoost,H2,525,2025-08-26,2025-08-28,100531.0,0.0094498214481104,0.0008808052516542375,101481.0,100619.54823275405,0.0,100531.0,861.4517672459478,742099.1472911667,1,1,2981
XGBoost,H3,525,2025-08-26,2025-08-29,100531.0,0.0261909261819737,0.0014087797608226538,103164.0,100672.62603813526,0.0,100531.0,2491.373961864738,6206944.2178576,1,1,2980
XGBoost,H4,525,2025-08-26,2025-09-01,100531.0,0.0335518397310281,0.0019012106349691749,103904.0,100722.13060634409,0.0,100531.0,3181.869393655914,10124292.838284252,1,1,2979
XGBoost,H5,525,2025-08-26,2025-09-02,100531.0,0.0513672399558344,0.0022654200438410044,105695.0,100758.74494242738,0.0,100531.0,4936.25505757262,24366613.99341127,1,1,2978
XGBoost,H6,525,2025-08-26,2025-09-03,100531.0,0.0651440849091324,0.0027370373718440533,107080.0,100806.15710402885,0.0,100531.0,6273.8428959711455,39361104.68332761,1,1,2977
XGBoost,H7,525,2025-08-26,2025-09-04,100531.0,0.057484755945927,0.003205187153071165,106310.0,100853.2206696854,0.0,100531.0,5456.779330314603,29776440.659748685,1,1,2976
XGBoost,H1,526,2025-08-27,2025-08-28,100967.0,0.0050907722325115,0.00047327883657999337,101481.0,101014.78554429297,0.0,100967.0,466.2144557070278,217355.9187102002,1,1,2983
XGBoost,H2,526,2025-08-27,2025-08-29,100967.0,0.0217595848148404,0.0009125259821303189,103164.0,101059.13501083775,0.0,100967.0,2104.864989162248,4430456.62260099,1,1,2982
XGBoost,H3,526,2025-08-27,2025-09-01,100967.0,0.0290887121534759,0.0014096421655267477,103904.0,101109.32734052674,0.0,100967.0,2794.672659473261,7810195.273607349,1,1,2981
XGBoost,H4,526,2025-08-27,2025-09-02,100967.0,0.0468271811582001,0.0019084730884060264,105695.0,101159.69280231709,0.0,100967.0,4535.307197682909,20569011.3773544,1,1,2980
XGBoost,H5,526,2025-08-27,2025-09-03,100967.0,0.0605445343528083,0.00231930217705667,107080.0,101201.17298291088,0.0,100967.0,5878.827017089119,34560607.09685695,1,1,2979
XGBoost,H6,526,2025-08-27,2025-09-04,100967.0,0.0529182802301742,0.002746809972450137,106310.0,101244.33716248837,0.0,100967.0,5065.662837511627,25660939.983346347,1,1,2978
XGBoost,H7,526,2025-08-27,2025-09-05,100967.0,0.065744253072786,0.0032113760244101286,107605.0,101291.24300305662,0.0,100967.0,6313.756996943383,39863527.41645152,1,1,2977
XGBoost,H1,527,2025-08-28,2025-08-29,101481.0,0.0165843852543825,0.0004835684085264802,103164.0,101530.07300566568,0.0,101481.0,1633.9269943343243,2669717.422814399,1,1,2984
XGBoost,H2,527,2025-08-28,2025-09-01,101481.0,0.0238763906544081,0.000927980407141149,103904.0,101575.17237969709,0.0,101481.0,2328.827620302909,5423438.0850857105,1,1,2983
XGBoost,H3,527,2025-08-28,2025-09-02,101481.0,0.0415250145347405,0.001416594604961574,105695.0,101624.7574371061,0.0,101481.0,4070.2425628938945,16566874.520793058,1,1,2982
XGBoost,H4,527,2025-08-28,2025-09-03,101481.0,0.05517288950641,0.0018909027567133307,107080.0,101672.89070265403,0.0,101481.0,5407.1092973459745,29236830.953445278,1,1,2981
XGBoost,H5,527,2025-08-28,2025-09-04,101481.0,0.0475852622658428,0.002358105732128024,106310.0,101720.30292780208,0.0,101481.0,4589.697072197916,21065319.21454212,1,1,2980
XGBoost,H6,527,2025-08-28,2025-09-05,101481.0,0.0603462717158878,0.0027558403089642525,107605.0,101760.665430394,0.0,101481.0,5844.334569605999,34156246.561491735,1,1,2979
XGBoost,H7,527,2025-08-28,2025-09-08,101481.0,0.0681112720607799,0.003229715395718813,108393.0,101808.75474807294,0.0,101481.0,6584.245251927059,43352285.53752402,1,1,2978
XGBoost,H1,528,2025-08-29,2025-09-01,103164.0,0.0071730448606102,0.0004327395581640303,103904.0,103208.64314377843,0.0,103164.0,695.356856221566,483521.15749433957,1,1,2985
XGBoost,H2,528,2025-08-29,2025-09-02,103164.0,0.0245337520840602,0.0008630238007754087,105695.0,103253.0329873832,0.0,103164.0,2441.9670126168057,5963202.890708647,1,1,2984
XGBoost,H3,528,2025-08-29,2025-09-03,103164.0,0.0379589779380404,0.0012810803018510342,107080.0,103296.16136826016,0.0,103164.0,3783.83863173984,14317434.791046824,1,1,2983
XGBoost,H4,528,2025-08-29,2025-09-04,103164.0,0.0304951339614594,0.0018461140571162105,106310.0,103354.45251058834,0.0,103164.0,2955.5474894116633,8735260.962167585,1,1,2982
XGBoost,H5,528,2025-08-29,2025-09-05,103164.0,0.0430479624675275,0.0023229841608554125,107605.0,103403.64833797049,0.0,103164.0,4201.351662029512,17651355.788038146,1,1,2981
XGBoost,H6,528,2025-08-29,2025-09-08,103164.0,0.0506862859136907,0.002811170881614089,108393.0,103454.01163283084,0.0,103164.0,4938.988367169164,24393606.091032326,1,1,2980
XGBoost,H7,528,2025-08-29,2025-09-09,103164.0,0.0556686441006553,0.0032759392634034157,108907.0,103501.95899816975,0.0,103164.0,5405.04100183025,29214468.23146615,1,1,2979
XGBoost,H1,529,2025-09-01,2025-09-02,103904.0,0.0172370649830613,0.00048219828750006855,105695.0,103954.1023308644,0.0,103904.0,1740.8976691355929,3030724.69440174,1,1,2986
XGBoost,H2,529,2025-09-01,2025-09-03,103904.0,0.0305666769325532,0.0009435476385988295,107080.0,104002.03837384097,0.0,103904.0,3077.961626159027,9473847.772107523,1,1,2985
XGBoost,H3,529,2025-09-01,2025-09-04,103904.0,0.0231559901447488,0.0014386425027623773,106310.0,104053.48071060702,0.0,103904.0,2256.519289392978,5091879.303402591,1,1,2984
XGBoost,H4,529,2025-09-01,2025-09-05,103904.0,0.0356194179242377,0.0019683740101754665,107605.0,104108.52193315327,0.0,103904.0,3496.4780668467283,12225358.871940235,1,1,2983
XGBoost,H5,529,2025-09-01,2025-09-08,103904.0,0.0432033415460424,0.0024108304642140865,108393.0,104154.4949285537,0.0,103904.0,4238.5050714463,17964925.240676,1,1,2982
XGBoost,H6,529,2025-09-01,2025-09-09,103904.0,0.0481502155836155,0.002854309743270278,108907.0,104200.57419956475,0.0,103904.0,4706.425800435245,22150443.81500254,1,1,2981
XGBoost,H7,529,2025-09-01,2025-09-10,103904.0,0.047928857406837,0.00333416392095387,108884.0,104250.43296804279,0.0,103904.0,4633.567031957209,21469943.43964074,1,1,2980
XGBoost,H1,530,2025-09-02,2025-09-03,105695.0,0.0131037418988599,0.0004713155794888735,107080.0,105744.81570017408,0.0,105695.0,1335.1842998259235,1782717.1145016416,1,1,2987
XGBoost,H2,530,2025-09-02,2025-09-04,105695.0,0.005818629074223,0.0008808216080069542,106310.0,105788.0984398583,0.0,105695.0,521.901560141705,272381.2384783457,1,1,2986
XGBoost,H3,530,2025-09-02,2025-09-05,105695.0,0.0180708642792941,0.0013062413781881332,107605.0,105833.0631824676,0.0,105695.0,1771.9368175324053,3139760.0853268686,1,1,2985
XGBoost,H4,530,2025-09-02,2025-09-08,105695.0,0.0255262784426888,0.00198365468531847,108393.0,105904.66238196474,0.0,105695.0,2488.3376180352643,6191824.101329413,1,1,2984
XGBoost,H5,530,2025-09-02,2025-09-09,105695.0,0.0303893277827711,0.00244499440304935,108907.0,105953.4236834303,0.0,105695.0,2953.576316569699,8723613.057801431,1,1,2983
XGBoost,H6,530,2025-09-02,2025-09-10,105695.0,0.0301717205165807,0.0028855379205197096,108884.0,105999.98693050933,0.0,105695.0,2884.0130694906693,8317531.3849929925,1,1,2982
XGBoost,H7,530,2025-09-02,2025-09-11,105695.0,0.030039263919769,0.003438302082940936,108870.0,106058.41133865644,0.0,105695.0,2811.5886613435578,7905030.800595659,1,1,2981
XGBoost,H1,531,2025-09-03,2025-09-04,107080.0,-0.0071908853193873,0.0004774543922394514,106310.0,107131.125816321,0.0,107080.0,821.1258163210005,674247.6062288294,-1,1,2988
XGBoost,H2,531,2025-09-03,2025-09-05,107080.0,0.0049028763541276,0.0009132442646659911,107605.0,107177.79019586043,0.0,107080.0,427.2098041395657,182508.21675296608,1,1,2987
XGBoost,H3,531,2025-09-03,2025-09-08,107080.0,0.0122618602913708,0.0014198129065334797,108393.0,107232.0335660316,0.0,107080.0,1160.966433968395,1347843.0608012916,1,1,2986
XGBoost,H4,531,2025-09-03,2025-09-09,107080.0,0.0170620097123646,0.0021532855462282896,108907.0,107310.57381629013,0.0,107080.0,1596.4261837098747,2548576.560034475,1,1,2985
XGBoost,H5,531,2025-09-03,2025-09-10,107080.0,0.0168472170339932,0.0025187856517732143,108884.0,107349.71156759188,0.0,107080.0,1534.2884324081242,2354040.9938213793,1,1,2984
XGBoost,H6,531,2025-09-03,2025-09-11,107080.0,0.0167164736645499,0.003016154980286956,108870.0,107402.96987528913,0.0,107080.0,1467.0301247108728,2152177.386809199,1,1,2983
XGBoost,H7,531,2025-09-03,2025-09-12,107080.0,0.0201438177063877,0.0035443860106170177,109237.0,107459.53285401687,0.0,107080.0,1777.4671459831297,3159389.455049413,1,1,2982
XGBoost,H1,532,2025-09-04,2025-09-05,106310.0,0.0121813564104975,0.00047900318168103695,107605.0,106360.92282824451,0.0,106310.0,1244.077171755489,1547728.0092831363,1,1,2989
XGBoost,H2,532,2025-09-04,2025-09-08,106310.0,0.0195936412378892,0.0009163945796899498,108393.0,106407.42190776684,0.0,106310.0,1985.5780922331614,3942520.360356281,1,1,2988
XGBoost,H3,532,2025-09-04,2025-09-09,106310.0,0.0244285579907816,0.0014222851023077965,108907.0,106461.20312922634,0.0,106310.0,2445.796870773658,5981922.333086219,1,1,2987
XGBoost,H4,532,2025-09-04,2025-09-10,106310.0,0.024212209575769,0.002299841493368149,108884.0,106554.49614915997,0.0,106310.0,2329.503850840032,5426588.191078538,1,1,2986
XGBoost,H5,532,2025-09-04,2025-09-11,106310.0,0.0240805192361961,0.0025428978260606527,108870.0,106580.33546788851,0.0,106310.0,2289.664532111492,5242563.669609338,1,1,2985
XGBoost,H6,532,2025-09-04,2025-09-12,106310.0,0.0275326874235726,0.003086318261921406,109237.0,106638.10649442486,0.0,106310.0,2598.8935055751354,6754247.453320616,1,1,2984
XGBoost,H7,532,2025-09-04,2025-09-15,106310.0,0.0351331013074969,0.0035694176331162453,110045.0,106689.46478857659,0.0,106310.0,3355.535211423412,11259616.555102361,1,1,2983
XGBoost,H1,533,2025-09-05,2025-09-08,107605.0,0.0073230797825378,0.0004711790825240314,108393.0,107655.701225175,0.0,107605.0,737.2987748250016,543609.4833584484,1,1,2990
XGBoost,H2,533,2025-09-05,2025-09-09,107605.0,0.0120998094884066,0.0009895797120407224,108907.0,107711.48372491414,0.0,107605.0,1195.516275085858,1429259.1639951651,1,1,2989
XGBoost,H3,533,2025-09-05,2025-09-10,107605.0,0.0118860647739418,0.001739863189868629,108884.0,107792.21797854581,0.0,107605.0,1091.7820214541862,1191987.9823705892,1,1,2988
XGBoost,H4,533,2025-09-05,2025-09-11,107605.0,0.0117559592955718,0.0023340857587754726,108870.0,107856.15929807303,0.0,107605.0,1013.8407019269653,1027872.9688837617,1,1,2987
XGBoost,H5,533,2025-09-05,2025-09-12,107605.0,0.0151665814785557,0.0030337756033986807,109237.0,107931.44942380372,0.0,107605.0,1305.550576196285,1704462.3070064518,1,1,2986
XGBoost,H6,533,2025-09-05,2025-09-15,107605.0,0.0226755262301938,0.003456024220213294,110045.0,107976.88548621605,0.0,107605.0,2068.1145137839485,4277097.6421238175,1,1,2985
XGBoost,H7,533,2025-09-05,2025-09-16,107605.0,0.0226290599879188,0.0036576236598193645,110040.0,107998.57859391486,0.0,107605.0,2041.4214060851373,4167401.357222619,1,1,2984
XGBoost,H1,534,2025-09-08,2025-09-09,108393.0,0.004742003634921,0.00047268427442759275,108907.0,108444.23566655803,0.0,108393.0,462.76433344196994,214150.82830599073,1,1,2991
XGBoost,H2,534,2025-09-08,2025-09-10,108393.0,0.0045298128107904,0.0011600699508562684,108884.0,108518.74346218316,0.0,108393.0,365.2565378168365,133412.3384179421,1,1,2990
XGBoost,H3,534,2025-09-08,2025-09-11,108393.0,0.0044006531787108,0.0018871345091611147,108870.0,108597.5521708515,0.0,108393.0,272.4478291484993,74227.81960772986,1,1,2989
XGBoost,H4,534,2025-09-08,2025-09-12,108393.0,0.0077864806767964,0.003242422128096223,109237.0,108744.45586173073,0.0,108393.0,492.5441382692661,242599.72814341393,1,1,2988
XGBoost,H5,534,2025-09-08,2025-09-15,108393.0,0.0152408365853884,0.0035040464717894793,110045.0,108772.81410921668,0.0,108393.0,1272.185890783323,1618456.940708157,1,1,2987
XGBoost,H6,534,2025-09-08,2025-09-16,108393.0,0.0151947081453598,0.004081604536622763,110040.0,108835.41736053815,0.0,108393.0,1204.5826394618489,1451019.3352928746,1,1,2986
XGBoost,H7,534,2025-09-08,2025-09-17,108393.0,0.0119841687193822,0.004004972986876965,109692.0,108827.11103696655,0.0,108393.0,864.8889630334452,748032.9183770681,1,1,2985
XGBoost,H1,535,2025-09-09,2025-09-10,108907.0,-0.0002111893634018,0.0004846428637392819,108884.0,108959.78100036125,0.0,108907.0,75.78100036125397,5742.760015752375,-1,1,2992
XGBoost,H2,535,2025-09-09,2025-09-11,108907.0,-0.0003397394106898,0.0011887536384165287,108870.0,109036.46359249903,0.0,108907.0,166.4635924990289,27710.12762768275,-1,1,2991
XGBoost,H3,535,2025-09-09,2025-09-12,108907.0,0.0030301082575041,0.0027634527068585157,109237.0,109207.95934394584,0.0,108907.0,29.040656054159626,843.3597040559981,1,1,2990
XGBoost,H4,535,2025-09-09,2025-09-15,108907.0,0.0104492824152717,0.0033964437898248434,110045.0,109276.89650381845,0.0,108907.0,768.1034961815458,589982.9808463139,1,1,2989
XGBoost,H5,535,2025-09-09,2025-09-16,108907.0,0.0104033716840974,0.0046072714030742645,110040.0,109408.76410669461,0.0,108907.0,631.2358933053911,398458.75299705507,1,1,2988
XGBoost,H6,535,2025-09-09,2025-09-17,108907.0,0.0072079847943657,0.00482706306502223,109692.0,109432.70095722238,0.0,108907.0,259.299042777624,67235.99358539208,1,1,2987
XGBoost,H7,535,2025-09-09,2025-09-18,108907.0,0.0004040144343337,0.005459315609186888,108951.0,109501.55768504972,0.0,108907.0,550.5576850497164,303113.7645673027,1,1,2986
XGBoost,H1,536,2025-09-10,2025-09-11,108884.0,-0.0001285772014253,0.00046552292769774795,108870.0,108934.68799845944,0.0,108884.0,64.68799845944159,4184.5371446887175,-1,1,2993
XGBoost,H2,536,2025-09-10,2025-09-12,108884.0,0.0032419822930824,0.0011168328346684575,109237.0,109005.60522637004,0.0,108884.0,231.39477362995967,53543.54126326028,1,1,2992
XGBoost,H3,536,2025-09-10,2025-09-15,108884.0,0.0106627236324896,0.0028118996415287256,110045.0,109190.17088056821,0.0,108884.0,854.8291194317862,730732.823428523,1,1,2991
XGBoost,H4,536,2025-09-10,2025-09-16,108884.0,0.010616803203409,0.0035760209430009127,110040.0,109273.37146435771,0.0,108884.0,766.6285356422886,587719.3116610398,1,1,2990
XGBoost,H5,536,2025-09-10,2025-09-17,108884.0,0.0074207413394071,0.004946890752762556,109692.0,109422.6372527238,0.0,108884.0,269.36274727620184,72556.28962018299,1,1,2989
XGBoost,H6,536,2025-09-10,2025-09-18,108884.0,0.0006153337496785,0.005645312834531069,108951.0,109498.68424267508,0.0,108884.0,547.6842426750809,299958.0296745769,1,1,2988
XGBoost,H7,536,2025-09-10,2025-09-19,108884.0,0.0076319753131772,0.0062110451981425285,109715.0,109560.28344535455,0.0,108884.0,154.71655464544892,23937.212281358185,1,1,2987
XGBoost,H1,537,2025-09-11,2025-09-12,108870.0,0.0033709929273444,0.00047672647633589804,109237.0,108921.90121147869,0.0,108870.0,315.0987885213108,99287.24652759773,1,1,2994
XGBoost,H2,537,2025-09-11,2025-09-15,108870.0,0.0107926885276017,0.0009835702367126942,110045.0,108977.08129167091,0.0,108870.0,1067.918708329089,1140450.3675992698,1,1,2993
XGBoost,H3,537,2025-09-11,2025-09-16,108870.0,0.0107467621934416,0.002425222657620907,110040.0,109134.03399073519,0.0,108870.0,905.9660092648119,820774.4099432091,1,1,2992
XGBoost,H4,537,2025-09-11,2025-09-17,108870.0,0.0075502893359051,0.003464183071628213,109692.0,109247.14561100816,0.0,108870.0,444.85438899183646,197895.42740530014,1,1,2991
XGBoost,H5,537,2025-09-11,2025-09-18,108870.0,0.0007440066133921,0.005079986527562141,108951.0,109423.05813325569,0.0,108870.0,472.05813325569034,222838.8811728471,1,1,2990
XGBoost,H6,537,2025-09-11,2025-09-19,108870.0,0.0077615504730412,0.005924770142883062,109715.0,109515.02972545568,0.0,108870.0,199.970274544321,39988.11070133111,1,1,2989
XGBoost,H7,537,2025-09-11,2025-09-22,108870.0,0.0293928538624046,0.006944724358618259,112070.0,109626.07214092277,0.0,108870.0,2443.92785907723,5972783.380373813,1,1,2988
XGBoost,H1,538,2025-09-12,2025-09-15,109237.0,0.0073967611706655,0.00047806272050365806,110045.0,109289.22213739966,0.0,109237.0,755.7778626003419,571200.1775967412,1,1,2995
XGBoost,H2,538,2025-09-12,2025-09-16,109237.0,0.0073509891337184,0.0009750674944370985,110040.0,109343.51344788983,0.0,109237.0,696.4865521101747,485093.51727031905,1,1,2994
XGBoost,H3,538,2025-09-12,2025-09-17,109237.0,0.004165255362194,0.002062882762402296,109692.0,109462.34312431654,0.0,109237.0,229.65687568346038,52742.28054868838,1,1,2993
XGBoost,H4,538,2025-09-12,2025-09-18,109237.0,-0.0026181605133791,0.003430114360526204,108951.0,109611.6954024008,0.0,109237.0,660.695402400801,436518.4147535563,-1,1,2992
XGBoost,H5,538,2025-09-12,2025-09-19,109237.0,0.0043758067321511,0.0049206772819161415,109715.0,109774.52002424467,0.0,109237.0,59.52002424467355,3542.6332860865273,1,1,2991
XGBoost,H6,538,2025-09-12,2025-09-22,109237.0,0.0259344361342768,0.006166503299027681,112070.0,109910.61032087589,0.0,109237.0,2159.389679124113,4662963.78630774,1,1,2990
XGBoost,H7,538,2025-09-12,2025-09-23,109237.0,0.0409934362899018,0.007430169731378555,113715.0,110048.6494509466,0.0,109237.0,3666.3505490534008,13442126.348544173,1,1,2989
XGBoost,H1,539,2025-09-15,2025-09-16,110045.0,-4.543595801720368e-05,0.00047168086166493595,110040.0,110096.90612042192,0.0,110045.0,56.906120421917876,3238.306541473819,-1,1,2996
XGBoost,H2,539,2025-09-15,2025-09-17,110045.0,-0.0032077786360125,0.0010459229815751314,109692.0,110160.09859450744,0.0,110045.0,468.09859450743534,219116.29417983638,-1,1,2995
XGBoost,H3,539,2025-09-15,2025-09-18,110045.0,-0.0099413876141578,0.002006912836804986,108951.0,110265.8507231262,0.0,110045.0,1314.8507231262047,1728832.4241055034,-1,1,2994
XGBoost,H4,539,2025-09-15,2025-09-19,110045.0,-0.0029987732291335,0.003174314508214593,109715.0,110394.31744005647,0.0,110045.0,679.3174400564749,461472.18436488236,-1,1,2993
XGBoost,H5,539,2025-09-15,2025-09-22,110045.0,0.0184015629969558,0.0047519332729279995,112070.0,110567.92649701936,0.0,110045.0,1502.0735029806383,2256224.8083565254,1,1,2992
XGBoost,H6,539,2025-09-15,2025-09-23,110045.0,0.0333499931846064,0.006268923636525869,113715.0,110734.86370158149,0.0,110045.0,2980.1362984185107,8881212.357151583,1,1,2991
XGBoost,H7,539,2025-09-15,2025-09-24,110045.0,0.022081875596347,0.007557928562164307,112475.0,110876.71224862337,0.0,110045.0,1598.2877513766289,2554523.736200561,1,1,2990
XGBoost,H1,540,2025-09-16,2025-09-17,110040.0,-0.0031624863685932,0.0004813857958652079,109692.0,110092.97169297701,0.0,110040.0,400.9716929770075,160778.29856884756,-1,1,2997
XGBoost,H2,540,2025-09-16,2025-09-18,110040.0,-0.009896401308615,0.0009772570338100195,108951.0,110147.53736400045,0.0,110040.0,1196.5373640004545,1431701.6634491563,-1,1,2996
XGBoost,H3,540,2025-09-16,2025-09-19,110040.0,-0.0029534714649218,0.0022767933551222086,109715.0,110290.53834079765,0.0,110040.0,575.5383407976478,331244.38172810944,-1,1,2995
XGBoost,H4,540,2025-09-16,2025-09-22,110040.0,0.0184478371501273,0.003138441126793623,112070.0,110385.35406159237,0.0,110040.0,1684.6459384076297,2838031.9377933233,1,1,2994
XGBoost,H5,540,2025-09-16,2025-09-23,110040.0,0.0333969465648855,0.004139239899814129,113715.0,110495.48195857555,0.0,110040.0,3219.5180414244533,10365296.419057548,1,1,2993
XGBoost,H6,540,2025-09-16,2025-09-24,110040.0,0.0221283169756452,0.005870047491043806,112475.0,110685.94002591446,0.0,110040.0,1789.0599740855396,3200735.5908749513,1,1,2992
XGBoost,H7,540,2025-09-16,2025-09-25,110040.0,0.0233187931661214,0.0071939039044082165,112606.0,110831.61718564108,0.0,110040.0,1774.3828143589199,3148434.371892281,1,1,2991
XGBoost,H1,541,2025-09-17,2025-09-18,109692.0,-0.0067552784159282,0.0004806790966540575,108951.0,109744.72665147018,0.0,109692.0,793.7266514701769,630001.9972540597,-1,1,2998
XGBoost,H2,541,2025-09-17,2025-09-19,109692.0,0.000209678007512,0.0009917415445670485,109715.0,109800.78611350665,0.0,109692.0,85.78611350664869,7359.257270575613,1,1,2997
XGBoost,H3,541,2025-09-17,2025-09-22,109692.0,0.0216788826897129,0.0019207228906452656,112070.0,109902.68793532066,0.0,109692.0,2167.3120646793395,4697241.585704622,1,1,2996
XGBoost,H4,541,2025-09-17,2025-09-23,109692.0,0.0366754184443716,0.0025464012287557125,113715.0,109971.31984358467,0.0,109692.0,3743.6801564153284,14015141.113537898,1,1,2995
XGBoost,H5,541,2025-09-17,2025-09-24,109692.0,0.0253710389089449,0.003490137169137597,112475.0,110074.84012635704,0.0,109692.0,2400.1598736429587,5760767.419045784,1,1,2994
XGBoost,H6,541,2025-09-17,2025-09-25,109692.0,0.0265652919082521,0.0046747648157179356,112606.0,110204.78430216573,0.0,109692.0,2401.215697834268,5765836.827525712,1,1,2993
XGBoost,H7,541,2025-09-17,2025-09-26,109692.0,0.0362104802538014,0.006500327028334141,113664.0,110405.03387239203,0.0,109692.0,3258.9661276079714,10620860.220896097,1,1,2992
XGBoost,H1,542,2025-09-18,2025-09-19,108951.0,0.0070123266422519,0.00047838702448643744,109715.0,109003.12074470482,0.0,108951.0,711.8792552951782,506772.0741196174,1,1,2999
XGBoost,H2,542,2025-09-18,2025-09-22,108951.0,0.0286275481638533,0.0009647331316955388,112070.0,109056.10863943136,0.0,108951.0,3013.8913605686394,9083541.133310284,1,1,2998
XGBoost,H3,542,2025-09-18,2025-09-23,108951.0,0.0437260786959274,0.001623510499484837,113715.0,109127.88309242937,0.0,108951.0,4587.1169075706275,21041641.523720317,1,1,2997
XGBoost,H4,542,2025-09-18,2025-09-24,108951.0,0.032344815559288,0.0023926584981381893,112475.0,109211.68253603065,0.0,108951.0,3263.317463969346,10649240.870647324,1,1,2996
XGBoost,H5,542,2025-09-18,2025-09-25,108951.0,0.0335471909390459,0.0033015317749232054,112606.0,109310.70518840966,0.0,108951.0,3295.294811590342,10858967.895294227,1,1,2995
XGBoost,H6,542,2025-09-18,2025-09-26,108951.0,0.0432579783572431,0.003939615096896887,113664.0,109380.22500442201,0.0,108951.0,4283.774995577987,18350728.212739184,1,1,2994
XGBoost,H7,542,2025-09-18,2025-09-29,108951.0,0.0622573450450203,0.0052059185691177845,115734.0,109518.19003402395,0.0,108951.0,6215.809965976048,38636293.53312716,1,1,2993
XGBoost,H1,543,2025-09-19,2025-09-22,109715.0,0.0214647040058333,0.0004803623887710273,112070.0,109767.70295948401,0.0,109715.0,2302.2970405159867,5300571.662768671,1,1,3000
XGBoost,H2,543,2025-09-19,2025-09-23,109715.0,0.0364580959759377,0.0009492478566244245,113715.0,109819.14672858955,0.0,109715.0,3895.8532714104513,15177672.712359516,1,1,2999
XGBoost,H3,543,2025-09-19,2025-09-24,109715.0,0.025156086223397,0.001584516605362296,112475.0,109888.84523935732,0.0,109715.0,2586.1547606426757,6688196.445994775,1,1,2998
XGBoost,H4,543,2025-09-19,2025-09-25,109715.0,0.0263500888666088,0.002340280218049884,112606.0,109971.76384412334,0.0,109715.0,2634.236155876657,6939200.124927827,1,1,2997
XGBoost,H5,543,2025-09-19,2025-09-26,109715.0,0.0359932552522443,0.0029927478171885014,113664.0,110043.34932676284,0.0,109715.0,3620.6506732371636,13109111.297612727,1,1,2996
XGBoost,H6,543,2025-09-19,2025-09-29,109715.0,0.0548603199197921,0.00354551593773067,115734.0,110103.99628110812,0.0,109715.0,5630.0037188918795,31696941.874736395,1,1,2995
XGBoost,H7,543,2025-09-19,2025-09-30,109715.0,0.062507405550745,0.004588372074067593,116573.0,110218.41324210633,0.0,109715.0,6354.586757893674,40380772.86359764,1,1,2994
XGBoost,H1,544,2025-09-22,2025-09-23,112070.0,0.0146783260462211,0.0004887756076641381,113715.0,112124.77708235092,0.0,112070.0,1590.22291764908,2528808.927816353,1,1,3001
XGBoost,H2,544,2025-09-22,2025-09-24,112070.0,0.0036138127955742,0.0009493735269643366,112475.0,112176.3962911669,0.0,112070.0,298.6037088331068,89164.17492888682,1,1,3000
XGBoost,H3,544,2025-09-22,2025-09-25,112070.0,0.0047827250825376,0.0017248872900381684,112606.0,112263.30811859458,0.0,112070.0,342.69188140542246,117437.72558118813,1,1,2999
XGBoost,H4,544,2025-09-22,2025-09-26,112070.0,0.0142232533238155,0.002450966974720359,113664.0,112344.67986885691,0.0,112070.0,1319.3201311430894,1740605.6084394185,1,1,2998
XGBoost,H5,544,2025-09-22,2025-09-29,112070.0,0.0326938520567503,0.0030543911270797253,115734.0,112412.30561361182,0.0,112070.0,3321.694386388175,11033653.596562715,1,1,2997
XGBoost,H6,544,2025-09-22,2025-09-30,112070.0,0.0401802444900507,0.0036173274274915457,116573.0,112475.39388479898,0.0,112070.0,4097.6061152010225,16790375.875332814,1,1,2996
XGBoost,H7,544,2025-09-22,2025-10-01,112070.0,0.0437048273400553,0.004530124831944704,116968.0,112577.69108991604,0.0,112070.0,4390.308910083957,19274812.32596258,1,1,2995
XGBoost,H1,545,2025-09-23,2025-09-24,113715.0,-0.0109044541177505,0.00045168297947384417,112475.0,113766.36313001087,0.0,113715.0,1291.3631300108682,1667618.7335514664,-1,1,3002
XGBoost,H2,545,2025-09-23,2025-09-25,113715.0,-0.0097524513036978,0.0010617619846016169,112606.0,113835.73826407897,0.0,113715.0,1229.7382640789729,1512256.1981399655,-1,1,3001
XGBoost,H3,545,2025-09-23,2025-09-26,113715.0,-0.0004484896451655,0.0022373246029019356,113664.0,113969.417367219,0.0,113715.0,305.4173672189936,93279.76819898159,-1,1,3000
XGBoost,H4,545,2025-09-23,2025-09-29,113715.0,0.0177549135997889,0.002649137517437339,115734.0,114016.24667279539,0.0,113715.0,1717.753327204613,2950676.4931225185,1,1,2999
XGBoost,H5,545,2025-09-23,2025-09-30,113715.0,0.0251330079584928,0.0034138064365833998,116573.0,114103.20099893608,0.0,113715.0,2469.7990010639187,6099907.1056563305,1,1,2998
XGBoost,H6,545,2025-09-23,2025-10-01,113715.0,0.0286066042298729,0.0038543969858437777,116968.0,114153.30275324523,0.0,113715.0,2814.697246754775,7922520.59088891,1,1,2997
XGBoost,H7,545,2025-09-23,2025-10-03,113715.0,0.0321417579035308,0.004795731510967016,117370.0,114260.34660876961,0.0,113715.0,3109.6533912303858,9669944.213590639,1,1,2996
XGBoost,H1,546,2025-09-24,2025-09-25,112475.0,0.0011647032673927,0.000503981951624155,112606.0,112531.68537000893,0.0,112475.0,74.31462999107316,5522.66423071011,1,1,3003
XGBoost,H2,546,2025-09-24,2025-09-26,112475.0,0.0105712380529006,0.0011367148254066706,113664.0,112602.85199998762,0.0,112475.0,1061.1480000123847,1126035.077930284,1,1,3002
XGBoost,H3,546,2025-09-24,2025-09-29,112475.0,0.0289753278506335,0.0025167858693748713,115734.0,112758.07549065794,0.0,112475.0,2975.9245093420614,8856126.685302788,1,1,3001
XGBoost,H4,546,2025-09-24,2025-09-30,112475.0,0.0364347632807291,0.003219498321413994,116573.0,112837.11307370104,0.0,112475.0,3735.886926298961,13956851.126091499,1,1,3000
XGBoost,H5,546,2025-09-24,2025-10-01,112475.0,0.0399466548121805,0.0035780889447778463,116968.0,112877.44555406389,0.0,112475.0,4090.5544459361117,16732635.675167691,1,1,2999
XGBoost,H6,546,2025-09-24,2025-10-03,112475.0,0.0435207823960879,0.004144761245697737,117370.0,112941.18202110985,0.0,112475.0,4428.817978890147,19614428.69014061,1,1,2998
XGBoost,H7,546,2025-09-24,2025-10-06,112475.0,0.0626717048232941,0.00510479835793376,119524.0,113049.1621953086,0.0,112475.0,6474.8378046914,41923524.597060956,1,1,2997
XGBoost,H1,547,2025-09-25,2025-09-26,112606.0,0.009395591709145,0.0005048904567956924,113664.0,112662.85369477794,0.0,112606.0,1001.1463052220643,1002293.9244597907,1,1,3004
XGBoost,H2,547,2025-09-25,2025-09-29,112606.0,0.0277782711400813,0.001114178216084838,115734.0,112731.46315220045,0.0,112606.0,3002.5368477995507,9015227.522394063,1,1,3003
XGBoost,H3,547,2025-09-25,2025-09-30,112606.0,0.0352290286485621,0.0024849469773471355,116573.0,112885.81993933115,0.0,112606.0,3687.1800606688485,13595296.799793933,1,1,3002
XGBoost,H4,547,2025-09-25,2025-10-01,112606.0,0.0387368346269292,0.0034231923054903746,116968.0,112991.47199275205,0.0,112606.0,3976.528007247951,15812774.992427358,1,1,3001
XGBoost,H5,547,2025-09-25,2025-10-03,112606.0,0.0423068042555458,0.004254087805747986,117370.0,113085.03581145406,0.0,112606.0,4284.964188545942,18360918.097121187,1,1,3000
XGBoost,H6,547,2025-09-25,2025-10-06,112606.0,0.0614354474894764,0.004516824148595333,119524.0,113114.62150007673,0.0,112606.0,6409.378499923274,41080132.755278714,1,1,2999
XGBoost,H7,547,2025-09-25,2025-10-07,112606.0,0.0688062803047795,0.005109349265694618,120354.0,113181.34338341281,0.0,112606.0,7172.656616587192,51447002.93947202,1,1,2998
XGBoost,H1,548,2025-09-26,2025-09-29,113664.0,0.018211570945946,0.0005271578556858003,115734.0,113723.91887050867,0.0,113664.0,2010.0811294913292,4040426.1471371376,1,1,3005
XGBoost,H2,548,2025-09-26,2025-09-30,113664.0,0.0255929757882882,0.0011728006647899747,116573.0,113797.30521476269,0.0,113664.0,2775.6947852373123,7704481.54079361,1,1,3004
XGBoost,H3,548,2025-09-26,2025-10-01,113664.0,0.0290681306306306,0.0023166958708316088,116968.0,113927.3249194622,0.0,113664.0,3040.675080537796,9245704.945403533,1,1,3003
XGBoost,H4,548,2025-09-26,2025-10-03,113664.0,0.0326048704954955,0.0034548710100352764,117370.0,114056.69445848465,0.0,113664.0,3313.3055415153503,10977993.61143633,1,1,3002
XGBoost,H5,548,2025-09-26,2025-10-06,113664.0,0.0515554617117117,0.00467367097735405,119524.0,114195.22813796997,0.0,113664.0,5328.771862030029,28395809.557562985,1,1,3001
XGBoost,H6,548,2025-09-26,2025-10-07,113664.0,0.0588576858108107,0.005291706882417202,120354.0,114265.47657108307,0.0,113664.0,6088.523428916931,37070117.544470385,1,1,3000
XGBoost,H7,548,2025-09-26,2025-10-08,113664.0,0.0781074042792793,0.005586788058280945,122542.0,114299.01667785645,0.0,113664.0,8242.983322143555,67946774.04913679,1,1,2999
XGBoost,H1,549,2025-09-29,2025-09-30,115734.0,0.0072493822040196,0.0005266359075903893,116573.0,115794.94968012907,0.0,115734.0,778.0503198709339,605362.3002512625,1,1,3006
XGBoost,H2,549,2025-09-29,2025-10-01,115734.0,0.010662380977068,0.001219890546053648,116968.0,115875.18281245697,0.0,115734.0,1092.817187543027,1194249.4053894517,1,1,3005
XGBoost,H3,549,2025-09-29,2025-10-03,115734.0,0.0141358632726769,0.002663304330781102,117370.0,116042.23486341862,0.0,115734.0,1327.76513658138,1762960.2579209704,1,1,3004
XGBoost,H4,549,2025-09-29,2025-10-06,115734.0,0.0327475072148202,0.003475374076515436,119524.0,116136.21894337144,0.0,115734.0,3387.7810566285625,11477060.487651339,1,1,3003
XGBoost,H5,549,2025-09-29,2025-10-07,115734.0,0.0399191248898336,0.0051063732244074345,120354.0,116324.98099875357,0.0,115734.0,4029.01900124643,16232994.11240478,1,1,3002
XGBoost,H6,549,2025-09-29,2025-10-08,115734.0,0.0588245459415557,0.0056990678422153,122542.0,116393.57591765095,0.0,115734.0,6148.4240823490545,37803118.696409814,1,1,3001
XGBoost,H7,549,2025-09-29,2025-10-09,115734.0,0.0357284808267233,0.006458616815507412,119869.0,116481.48155852593,0.0,115734.0,3387.518441474065,11475281.191326879,1,1,3000
XGBoost,H1,550,2025-09-30,2025-10-01,116573.0,0.0033884347147281,0.0003281027020420879,116968.0,116611.24791628515,0.0,116573.0,356.7520837148477,127272.0492348857,1,1,3007
XGBoost,H2,550,2025-09-30,2025-10-03,116573.0,0.0068369176395906,0.0008704804349690676,117370.0,116674.47451574565,0.0,116573.0,695.5254842543509,483755.6992472493,1,1,3006
XGBoost,H3,550,2025-09-30,2025-10-06,116573.0,0.0253146097295255,0.0029221612494438887,119524.0,116913.64510333142,0.0,116573.0,2610.3548966685776,6813952.68656162,1,1,3005
XGBoost,H4,550,2025-09-30,2025-10-07,116573.0,0.0324346117883214,0.0038472150918096304,120354.0,117021.48140489752,0.0,116573.0,3332.518595102476,11105680.18670378,1,1,3004
XGBoost,H5,550,2025-09-30,2025-10-08,116573.0,0.0512039666131951,0.00517686503008008,122542.0,117176.48268715153,0.0,116573.0,5365.517312848475,28788776.03447672,1,1,3003
XGBoost,H6,550,2025-09-30,2025-10-09,116573.0,0.0282741286575793,0.006121811456978321,119869.0,117286.63792697433,0.0,116573.0,2582.362073025666,6668593.876201416,1,1,3002
XGBoost,H7,550,2025-09-30,2025-10-10,116573.0,0.0356343235569127,0.007411958649754524,120727.0,117437.03425567783,0.0,116573.0,3289.965744322166,10823874.598813303,1,1,3001
XGBoost,H1,551,2025-10-01,2025-10-03,116968.0,0.0034368374256206,0.0005028780433349311,117370.0,117026.8206389728,0.0,116968.0,343.1793610271998,117772.07383503712,1,1,3008
XGBoost,H2,551,2025-10-01,2025-10-06,116968.0,0.0218521304972301,0.0015158916357904673,119524.0,117145.31081285514,0.0,116968.0,2378.6891871448606,5658162.249039878,1,1,3007
XGBoost,H3,551,2025-10-01,2025-10-07,116968.0,0.0289480883660488,0.0031933446880429983,120354.0,117341.51914147101,0.0,116968.0,3012.4808585289866,9075040.92300354,1,1,3006
XGBoost,H4,551,2025-10-01,2025-10-08,116968.0,0.0476540592298748,0.003981521353125572,122542.0,117433.71058963239,0.0,116968.0,5108.289410367608,26094620.700073846,1,1,3005
XGBoost,H5,551,2025-10-01,2025-10-09,116968.0,0.0248016551535463,0.005378004629164934,119869.0,117597.05444546416,0.0,116968.0,2271.945554535836,5161736.602775147,1,1,3004
XGBoost,H6,551,2025-10-01,2025-10-10,116968.0,0.0321369947336023,0.006232040002942085,120727.0,117696.94925506413,0.0,116968.0,3030.05074493587,9181207.516886422,1,1,3003
XGBoost,H7,551,2025-10-01,2025-10-13,116968.0,0.0598112304219957,0.007978562265634537,123964.0,117901.23647108674,0.0,116968.0,6062.7635289132595,36757101.60752076,1,1,3002
XGBoost,H1,552,2025-10-03,2025-10-06,117370.0,0.0183522194768679,0.0005560233257710934,119524.0,117435.26045774575,0.0,117370.0,2088.7395422542468,4362832.875376481,1,1,3009
XGBoost,H2,552,2025-10-03,2025-10-07,117370.0,0.0254238732214364,0.00158886075951159,120354.0,117556.48458734388,0.0,117370.0,2797.5154126561247,7826092.484048568,1,1,3008
XGBoost,H3,552,2025-10-03,2025-10-08,117370.0,0.0440657748998891,0.00345341837964952,122542.0,117775.32771521946,0.0,117370.0,4766.672284780536,22721164.670494895,1,1,3007
XGBoost,H4,552,2025-10-03,2025-10-09,117370.0,0.0212916418164779,0.004260565619915724,119869.0,117870.06258680951,0.0,117370.0,1998.9374131904915,3995750.7818526938,1,1,3006
XGBoost,H5,552,2025-10-03,2025-10-10,117370.0,0.028601857374116,0.0054329680278897285,120727.0,118007.66745743342,0.0,117370.0,2719.3325425665826,7394769.477061635,1,1,3005
XGBoost,H6,552,2025-10-03,2025-10-13,117370.0,0.0561813069779331,0.006572033278644085,123964.0,118141.35954591446,0.0,117370.0,5822.640454085544,33903141.857553504,1,1,3004
XGBoost,H7,552,2025-10-03,2025-10-14,117370.0,0.0714237028201414,0.008056854829192162,125753.0,118315.63305130228,0.0,117370.0,7437.366948697716,55314427.129581176,1,1,3003
XGBoost,H1,553,2025-10-06,2025-10-07,119524.0,0.0069442120410962,0.0005904250429011881,120354.0,119594.56996282772,0.0,119524.0,759.4300371722784,576733.9813594881,1,1,3010
XGBoost,H2,553,2025-10-06,2025-10-08,119524.0,0.02525015896389,0.0017000226071104407,122542.0,119727.19350209227,0.0,119524.0,2814.8064979077317,7923135.620663589,1,1,3009
XGBoost,H3,553,2025-10-06,2025-10-09,119524.0,0.0028864495833473,0.0033374871127307415,119869.0,119922.90980966203,0.0,119524.0,53.90980966202915,2906.2675777962113,1,1,3008
XGBoost,H4,553,2025-10-06,2025-10-10,119524.0,0.010064924199324,0.004660819657146931,120727.0,120081.07980870083,0.0,119524.0,645.9201912991703,417212.8935279567,1,1,3007
XGBoost,H5,553,2025-10-06,2025-10-13,119524.0,0.0371473511595996,0.005862903781235218,123964.0,120224.75771154836,0.0,119524.0,3739.242288451642,13981932.891745072,1,1,3006
XGBoost,H6,553,2025-10-06,2025-10-14,119524.0,0.0521150563903483,0.006573369726538658,125753.0,120309.6754431948,0.0,119524.0,5443.324556805193,29629782.230718456,1,1,3005
XGBoost,H7,553,2025-10-06,2025-10-15,119524.0,0.0595445266222682,0.008213913068175316,126641.0,120505.75974556059,0.0,119524.0,6135.240254439414,37641172.9796938,1,1,3004
XGBoost,H1,554,2025-10-07,2025-10-08,120354.0,0.018179703208867,0.0003831931098829955,122542.0,120400.11882354686,0.0,120354.0,2141.881176453142,4587654.974044295,1,1,3011
XGBoost,H2,554,2025-10-07,2025-10-09,120354.0,-0.0040297788191501,0.0017926804721355438,119869.0,120569.7562655434,0.0,120354.0,700.7562655434012,491059.3436983339,-1,1,3010
XGBoost,H3,554,2025-10-07,2025-10-10,120354.0,0.0030991907207071,0.003523136954754591,120727.0,120778.02362505253,0.0,120354.0,51.023625052534044,2603.41031350158,1,1,3009
XGBoost,H4,554,2025-10-07,2025-10-13,120354.0,0.0299948485301693,0.004458463750779629,123964.0,120890.59394626133,0.0,120354.0,3073.4060537386686,9445824.771157496,1,1,3008
XGBoost,H5,554,2025-10-07,2025-10-14,120354.0,0.0448593316383336,0.006610155571252108,125753.0,121149.55866362248,0.0,120354.0,4603.441336377524,21191672.137469284,1,1,3007
XGBoost,H6,554,2025-10-07,2025-10-15,120354.0,0.0522375658474167,0.007315446622669697,126641.0,121234.44326282479,0.0,120354.0,5406.556737175211,29230855.752294667,1,1,3006
XGBoost,H7,554,2025-10-07,2025-10-16,120354.0,0.0696362397593766,0.00875742919743061,128735.0,121407.99163362756,0.0,120354.0,7327.008366372436,53685051.60089168,1,1,3005
XGBoost,H1,555,2025-10-08,2025-10-09,122542.0,-0.0218129294445985,0.0007632657652720809,119869.0,122635.53211340797,0.0,122542.0,2766.5321134079713,7653699.934517576,-1,1,3012
XGBoost,H2,555,2025-10-08,2025-10-10,122542.0,-0.0148112483883077,0.0024710572324693203,120727.0,122844.80829538126,0.0,122542.0,2117.8082953812554,4485111.975985659,-1,1,3011
XGBoost,H3,555,2025-10-08,2025-10-13,122542.0,0.0116041846876988,0.004131837747991085,123964.0,123048.32366131432,0.0,122542.0,915.6763386856765,838463.1572288057,1,1,3010
XGBoost,H4,555,2025-10-08,2025-10-14,122542.0,0.0262032609227855,0.004809465259313583,125753.0,123131.3614918068,0.0,122542.0,2621.638508193195,6872988.46764144,1,1,3009
XGBoost,H5,555,2025-10-08,2025-10-15,122542.0,0.0334497560020237,0.006060392130166292,126641.0,123284.65257241484,0.0,122542.0,3356.347427585162,11265068.054657536,1,1,3008
XGBoost,H6,555,2025-10-08,2025-10-16,122542.0,0.0505377748037407,0.007565824780613184,128735.0,123469.1313002659,0.0,122542.0,5265.868699734099,27729373.162839293,1,1,3007
XGBoost,H7,555,2025-10-08,2025-10-17,122542.0,0.0278190334742374,0.009496649727225304,125951.0,123705.73845087364,0.0,122542.0,2245.261549126357,5041199.423985288,1,1,3006
XGBoost,H1,556,2025-10-09,2025-10-10,119869.0,0.0071578139468919,0.0004070690192747861,120727.0,119917.79495627145,0.0,119869.0,809.2050437285507,654812.8027957256,1,1,3013
XGBoost,H2,556,2025-10-09,2025-10-13,119869.0,0.0341622938374392,0.0023751126136630774,123964.0,120153.70237388718,0.0,119869.0,3810.2976261128206,14518367.999560995,1,1,3012
XGBoost,H3,556,2025-10-09,2025-10-14,119869.0,0.0490869198875438,0.004310859367251396,125753.0,120385.73840149306,0.0,119869.0,5367.261598506942,28807497.0668073,1,1,3011
XGBoost,H4,556,2025-10-09,2025-10-15,119869.0,0.0564950070493621,0.004718664567917585,126641.0,120434.62160309171,0.0,119869.0,6206.378396908287,38519132.805609874,1,1,3010
XGBoost,H5,556,2025-10-09,2025-10-16,119869.0,0.0739640774512175,0.006286596413701773,128735.0,120622.56802551402,0.0,119869.0,8112.431974485982,65811552.540662535,1,1,3009
XGBoost,H6,556,2025-10-09,2025-10-17,119869.0,0.0507387231060574,0.007501047570258379,125951.0,120768.1430711993,0.0,119869.0,5182.856928800698,26862005.944417406,1,1,3008
XGBoost,H7,556,2025-10-09,2025-10-20,119869.0,0.0802876473483553,0.009388210251927376,129493.0,120994.35537468828,0.0,119869.0,8498.644625311717,72226960.46733974,1,1,3007
XGBoost,H1,557,2025-10-10,2025-10-13,120727.0,0.0268125605705433,0.0006165722152218223,123964.0,120801.43691382708,0.0,120727.0,3162.563086172915,10001805.274023553,1,1,3014
XGBoost,H2,557,2025-10-10,2025-10-14,120727.0,0.0416311181425861,0.0019890309777110815,125753.0,120967.12974284613,0.0,120727.0,4785.870257153874,22904554.11831009,1,1,3013
XGBoost,H3,557,2025-10-10,2025-10-15,120727.0,0.048986556445534,0.004300592467188835,126641.0,121246.1976267863,0.0,120727.0,5394.8023732136935,29103892.6460321,1,1,3012
XGBoost,H4,557,2025-10-10,2025-10-16,120727.0,0.0663314751464048,0.005037696100771427,128735.0,121335.18593715783,0.0,120727.0,7399.814062842168,54757248.16463671,1,1,3011
XGBoost,H5,557,2025-10-10,2025-10-17,120727.0,0.0432711820885136,0.006254052743315697,125951.0,121482.03302554227,0.0,120727.0,4468.966974457726,19971665.81879384,1,1,3010
XGBoost,H6,557,2025-10-10,2025-10-20,120727.0,0.072610103787885,0.007635193876922131,129493.0,121648.77405117918,0.0,120727.0,7844.225948820822,61531880.73615392,1,1,3009
XGBoost,H7,557,2025-10-10,2025-10-21,120727.0,0.0549835579447846,0.009079285897314548,127365.0,121823.1149485251,0.0,120727.0,5541.8850514749065,30712489.92376103,1,1,3008
XGBoost,H1,558,2025-10-13,2025-10-14,123964.0,0.0144316091768577,0.0008553400402888656,125753.0,124070.03137275437,0.0,123964.0,1682.968627245631,2832383.400293044,1,1,3015
XGBoost,H2,558,2025-10-13,2025-10-15,123964.0,0.021594979187506,0.0026868386194109917,126641.0,124297.07126261666,0.0,123964.0,2343.928737383336,5494001.925931439,1,1,3014
XGBoost,H3,558,2025-10-13,2025-10-16,123964.0,0.0384869800909941,0.004372293595224619,128735.0,124506.00700323842,0.0,123964.0,4228.992996761575,17884381.76665845,1,1,3013
XGBoost,H4,558,2025-10-13,2025-10-17,123964.0,0.0160288470846374,0.00526473019272089,125951.0,124616.63701361045,0.0,123964.0,1334.3629863895476,1780524.579446432,1,1,3012
XGBoost,H5,558,2025-10-13,2025-10-20,123964.0,0.0446016585460296,0.006804884411394596,129493.0,124807.56069117412,0.0,123964.0,4685.43930882588,21953341.516690742,1,1,3011
XGBoost,H6,558,2025-10-13,2025-10-21,123964.0,0.0274353844664581,0.008366435766220093,127365.0,125001.13684332371,0.0,123964.0,2363.8631566762924,5587849.023491606,1,1,3010
XGBoost,H7,558,2025-10-13,2025-10-22,123964.0,-0.0233535542576877,0.009837687015533447,121069.0,125183.51903319359,0.0,123964.0,4114.519033193588,16929266.8745123,-1,1,3009
XGBoost,H1,559,2025-10-14,2025-10-15,125753.0,0.0070614617543915,0.0007923395605757833,126641.0,125852.63907676109,0.0,125753.0,788.3609232389135,621512.945290112,1,1,3016
XGBoost,H2,559,2025-10-14,2025-10-16,125753.0,0.0237131519725175,0.0031028154771775007,128735.0,126143.1883547015,0.0,125753.0,2591.8116452984978,6717487.604704906,1,1,3015
XGBoost,H3,559,2025-10-14,2025-10-17,125753.0,0.0015745151209116,0.0050944979302585125,125951.0,126393.6483982238,0.0,125753.0,442.6483982237987,195937.6044500947,1,1,3014
XGBoost,H4,559,2025-10-14,2025-10-20,125753.0,0.0297408411727753,0.0054391250014305115,129493.0,126436.98628630489,0.0,125753.0,3056.013713695109,9339219.818292571,1,1,3013
XGBoost,H5,559,2025-10-14,2025-10-21,125753.0,0.0128187796712604,0.0073199402540922165,127365.0,126673.50444677286,0.0,125753.0,691.4955532271415,478166.1001329105,1,1,3012
XGBoost,H6,559,2025-10-14,2025-10-22,125753.0,-0.0372476203351013,0.009273539297282696,121069.0,126919.17538725119,0.0,125753.0,5850.175387251191,34224552.06159962,-1,1,3011
XGBoost,H7,559,2025-10-14,2025-10-23,125753.0,-0.0194667324039983,0.010546387173235416,123305.0,127079.23982619587,0.0,125753.0,3774.2398261958733,14244886.265643056,-1,1,3010
XGBoost,H1,560,2025-10-15,2025-10-16,126641.0,0.0165349294462298,0.001004340942017734,128735.0,126768.19074123807,0.0,126641.0,1966.8092587619321,3868338.660351661,1,1,3017
XGBoost,H2,560,2025-10-15,2025-10-17,126641.0,-0.0054484724536287,0.0033972072415053844,125951.0,127071.22572227148,0.0,126641.0,1120.2257222714834,1254905.6688386668,-1,1,3016
XGBoost,H3,560,2025-10-15,2025-10-20,126641.0,0.0225203528083322,0.005471975542604923,129493.0,127333.97645469103,0.0,126641.0,2159.02354530897,4661382.669198514,1,1,3015
XGBoost,H4,560,2025-10-15,2025-10-21,126641.0,0.0057169479078655,0.006121654529124498,127365.0,127416.25245122286,0.0,126641.0,51.2524512228556,2626.8137563511923,1,1,3014
XGBoost,H5,560,2025-10-15,2025-10-22,126641.0,-0.0439983891472746,0.007556602358818054,121069.0,127597.97567932308,0.0,126641.0,6528.975679323077,42627523.421192236,-1,1,3013
XGBoost,H6,560,2025-10-15,2025-10-23,126641.0,-0.0263421798627616,0.009622187353670597,123305.0,127859.5634286562,0.0,126641.0,4554.563428656198,20744048.0256525,-1,1,3012
XGBoost,H7,560,2025-10-15,2025-10-24,126641.0,-0.0323118105510853,0.01101317536085844,122549.0,128035.71954087447,0.0,126641.0,5486.719540874474,30104091.320213795,-1,1,3011
XGBoost,H1,561,2025-10-16,2025-10-17,128735.0,-0.0216258204839399,0.0010681141866371036,125951.0,128872.50367981673,0.0,128735.0,2921.5036798167275,8535183.75118268,-1,1,3018
XGBoost,H2,561,2025-10-16,2025-10-20,128735.0,0.0058880646288888,0.003993999678641558,129493.0,129249.16754862992,0.0,128735.0,243.83245137007907,59454.26434114198,1,1,3017
XGBoost,H3,561,2025-10-16,2025-10-21,128735.0,-0.0106420165456169,0.005977193359285593,127365.0,129504.47398710763,0.0,128735.0,2139.473987107631,4577348.941510223,-1,1,3016
XGBoost,H4,561,2025-10-16,2025-10-22,128735.0,-0.0595486852837223,0.006832230370491743,121069.0,129614.54717674525,0.0,128735.0,8545.547176745255,73026376.5499788,-1,1,3015
XGBoost,H5,561,2025-10-16,2025-10-23,128735.0,-0.0421796714180292,0.008352960459887981,123305.0,129810.31836480368,0.0,128735.0,6505.318364803679,42319167.027452014,-1,1,3014
XGBoost,H6,561,2025-10-16,2025-10-24,128735.0,-0.0480522002563404,0.009921553544700146,122549.0,130012.25119557697,0.0,128735.0,7463.251195576973,55700118.40828112,-1,1,3013
XGBoost,H7,561,2025-10-16,2025-10-27,128735.0,-0.0678370295568415,0.011691274121403694,120002.0,130240.0761740189,0.0,128735.0,10238.076174018905,104818203.74501356,-1,1,3012
XGBoost,H1,562,2025-10-17,2025-10-20,125951.0,0.0281220474629022,0.0009029501234181225,129493.0,126064.72747099464,0.0,125951.0,3428.272529005364,11753052.533132834,1,1,3019
XGBoost,H2,562,2025-10-17,2025-10-21,125951.0,0.0112265881176012,0.00318509666249156,127365.0,126352.16610973747,0.0,125951.0,1012.8338902625255,1025832.4892643216,1,1,3018
XGBoost,H3,562,2025-10-17,2025-10-22,125951.0,-0.0387611055092853,0.005477660335600376,121069.0,126640.9167969292,0.0,125951.0,5571.916796929203,31046256.79190179,-1,1,3017
XGBoost,H4,562,2025-10-17,2025-10-23,125951.0,-0.0210081698438281,0.006691812537610531,123305.0,126793.84048092458,0.0,125951.0,3488.840480924584,12172007.901338082,-1,1,3016
XGBoost,H5,562,2025-10-17,2025-10-24,125951.0,-0.0270105040849218,0.008495129644870758,122549.0,127020.97007390112,0.0,125951.0,4471.970073901117,19998516.34186716,-1,1,3015
XGBoost,H6,562,2025-10-17,2025-10-27,125951.0,-0.0472326539686068,0.009878844954073429,120002.0,127195.2504008105,0.0,125951.0,7193.2504008105025,51742851.32876045,-1,1,3014
XGBoost,H7,562,2025-10-17,2025-10-28,125951.0,-0.0575779469793809,0.011064098216593266,118699.0,127344.53423447814,0.0,125951.0,8645.534234478138,74745262.19953349,-1,1,3013
XGBoost,H1,563,2025-10-20,2025-10-21,129493.0,-0.0164333207200388,0.0011643670732155442,127365.0,129643.7773854119,0.0,129493.0,2278.7773854119005,5192826.372264697,-1,1,3020
XGBoost,H2,563,2025-10-20,2025-10-22,129493.0,-0.065053709466921,0.003157541388645768,121069.0,129901.8795070399,0.0,129493.0,8832.879507039906,78019760.38588554,-1,1,3019
XGBoost,H3,563,2025-10-20,2025-10-23,129493.0,-0.0477863668306395,0.00550874276086688,123305.0,130206.34362633293,0.0,129493.0,6901.343626332935,47628543.84872623,-1,1,3018
XGBoost,H4,563,2025-10-20,2025-10-24,129493.0,-0.0536245202443375,0.00667673721909523,122549.0,130357.5907327123,0.0,129493.0,7808.590732712299,60974089.23100039,-1,1,3017
XGBoost,H5,563,2025-10-20,2025-10-27,129493.0,-0.0732935371023916,0.008750181645154953,120002.0,130626.08727177605,0.0,129493.0,10624.08727177605,112871230.35831387,-1,1,3016
XGBoost,H6,563,2025-10-20,2025-10-28,129493.0,-0.0833558570733553,0.010513060726225376,118699.0,130854.3677726211,0.0,129493.0,12155.367772621103,147752965.6876757,-1,1,3015
XGBoost,H7,563,2025-10-20,2025-10-29,129493.0,-0.0777570988393194,0.01207260973751545,119424.0,131056.31845274009,0.0,129493.0,11632.318452740088,135310832.58595756,-1,1,3014
XGBoost,H1,564,2025-10-21,2025-10-22,127365.0,-0.0494327326973658,0.0009486928465776145,121069.0,127485.83026440436,0.0,127365.0,6416.830264404358,41175710.642175704,-1,1,3021
XGBoost,H2,564,2025-10-21,2025-10-23,127365.0,-0.0318768892552898,0.0032212312798947096,123305.0,127775.27212196379,0.0,127365.0,4470.27212196379,19983332.844406642,-1,1,3020
XGBoost,H3,564,2025-10-21,2025-10-24,127365.0,-0.0378125858752405,0.005136468913406134,122549.0,128019.20636315597,0.0,127365.0,5470.206363155972,29923157.655512087,-1,1,3019
XGBoost,H4,564,2025-10-21,2025-10-27,127365.0,-0.0578102304400738,0.006464814767241478,120002.0,128188.39113282971,0.0,127365.0,8186.391132829711,67016999.77967291,-1,1,3018
XGBoost,H5,564,2025-10-21,2025-10-28,127365.0,-0.0680406705138774,0.008569397032260895,118699.0,128456.44125301391,0.0,127365.0,9757.441253013909,95207659.80601764,-1,1,3017
XGBoost,H6,564,2025-10-21,2025-10-29,127365.0,-0.0623483688611471,0.010089504532516003,119424.0,128650.0497447839,0.0,127365.0,9226.0497447839,85119993.89322709,-1,1,3016
XGBoost,H7,564,2025-10-21,2025-10-30,127365.0,-0.0558552192517567,0.011956602334976196,120251.0,128887.85265639424,0.0,127365.0,8636.852656394243,74595223.8082643,-1,1,3015
XGBoost,H1,565,2025-10-22,2025-10-23,121069.0,0.0184688070439171,0.0005343365482985973,123305.0,121133.69159156596,0.0,121069.0,2171.308408434037,4714580.204536351,1,1,3022
XGBoost,H2,565,2025-10-22,2025-10-24,121069.0,0.012224434000446,0.0018601188203319907,122549.0,121294.20272545877,0.0,121069.0,1254.7972745412262,1574516.2001960895,1,1,3021
XGBoost,H3,565,2025-10-22,2025-10-27,121069.0,-0.0088131561341053,0.004326084163039923,120002.0,121592.75468353508,0.0,121069.0,1590.7546835350804,2530500.463188794,-1,1,3020
XGBoost,H4,565,2025-10-22,2025-10-28,121069.0,-0.0195756139061196,0.005631130654364824,118699.0,121750.7553571933,0.0,121069.0,3051.755357193295,9313210.760157974,-1,1,3019
XGBoost,H5,565,2025-10-22,2025-10-29,121069.0,-0.0135872931964416,0.00801535788923502,119424.0,122039.4113642918,0.0,121069.0,2615.4113642917946,6840376.6044666665,-1,1,3018
XGBoost,H6,565,2025-10-22,2025-10-30,121069.0,-0.0067564777110573,0.009706069715321064,120251.0,122244.1041543642,0.0,121069.0,1993.104154364206,3972464.170143856,-1,1,3017
XGBoost,H7,565,2025-10-22,2025-10-31,121069.0,0.0011563653784205,0.011150073260068893,121209.0,122418.92821952328,0.0,121069.0,1209.9282195232809,1463926.2963987766,1,1,3016
XGBoost,H1,566,2025-10-23,2025-10-24,123305.0,-0.0061311382344593,0.0005673596169799566,122549.0,123374.95827757171,0.0,123305.0,825.9582775717136,682207.0762892318,-1,1,3023
XGBoost,H2,566,2025-10-23,2025-10-27,123305.0,-0.026787234905316,0.0017834858736023307,120002.0,123524.91272564454,0.0,123305.0,3522.9127256445354,12410914.07250821,-1,1,3022
XGBoost,H3,566,2025-10-23,2025-10-28,123305.0,-0.0373545273914277,0.0037117470055818558,118699.0,123762.67696452327,0.0,123305.0,5063.676964523271,25640824.401043605,-1,1,3021
XGBoost,H4,566,2025-10-23,2025-10-29,123305.0,-0.0314747982644662,0.005101574119180441,119424.0,123934.04959676554,0.0,123305.0,4510.049596765544,20340547.36528505,-1,1,3020
XGBoost,H5,566,2025-10-23,2025-10-30,123305.0,-0.0247678520741251,0.007058393210172653,120251.0,124175.33517478034,0.0,123305.0,3924.335174780339,15400406.564018235,-1,1,3019
XGBoost,H6,566,2025-10-23,2025-10-31,123305.0,-0.0169984996553261,0.009165017865598202,121209.0,124435.09252791759,0.0,123305.0,3226.0925279175863,10407672.998685682,-1,1,3018
XGBoost,H7,566,2025-10-23,2025-11-03,123305.0,-0.0153278455861481,0.010788350366055965,121415.0,124635.25754188653,0.0,123305.0,3220.257541886531,10370058.636077082,-1,1,3017
XGBoost,H1,567,2025-10-24,2025-10-27,122549.0,-0.0207835233253637,0.0005856804200448096,120002.0,122620.77454979607,0.0,122549.0,2618.7745497960714,6857980.142659617,-1,1,3024
XGBoost,H2,567,2025-10-24,2025-10-28,122549.0,-0.0314160050265608,0.001959055894985795,118699.0,122789.08034087461,0.0,122549.0,4090.080340874614,16728757.194809001,-1,1,3023
XGBoost,H3,567,2025-10-24,2025-10-29,122549.0,-0.0255000040800006,0.0030354431364685297,119424.0,122920.99052093108,0.0,122549.0,3496.990520931082,12228942.70348184,-1,1,3022
XGBoost,H4,567,2025-10-24,2025-10-30,122549.0,-0.0187516830002693,0.004377983510494232,120251.0,123085.51750122756,0.0,122549.0,2834.5175012275577,8034489.464765318,-1,1,3021
XGBoost,H5,567,2025-10-24,2025-10-31,122549.0,-0.0109344017495043,0.006210139021277428,121209.0,123310.04632691853,0.0,122549.0,2101.0463269185275,4414395.667857836,-1,1,3020
XGBoost,H6,567,2025-10-24,2025-11-03,122549.0,-0.0092534414805506,0.008443068712949753,121415.0,123583.68962770328,0.0,122549.0,2168.6896277032793,4703214.701307788,-1,1,3019
XGBoost,H7,567,2025-10-24,2025-11-04,122549.0,-0.0221870435499269,0.01035553589463234,119830.0,123818.0605683513,0.0,122549.0,3988.0605683512986,15904627.096838482,-1,1,3018
XGBoost,H1,568,2025-10-27,2025-10-28,120002.0,-0.0108581523641272,0.0005302345380187035,118699.0,120065.62920503132,0.0,120002.0,1366.6292050313205,1867675.384044539,-1,1,3025
XGBoost,H2,568,2025-10-27,2025-10-29,120002.0,-0.0048165863902268,0.0017101762350648642,119424.0,120207.22456856025,0.0,120002.0,783.2245685602538,613440.7247963957,-1,1,3024
XGBoost,H3,568,2025-10-27,2025-10-30,120002.0,0.0020749654172429,0.003360348753631115,120251.0,120405.24857113324,0.0,120002.0,154.24857113324106,23792.621696646525,1,1,3023
XGBoost,H4,568,2025-10-27,2025-10-31,120002.0,0.0100581656972382,0.0047449152916669846,121209.0,120571.39932483062,0.0,120002.0,637.6006751693785,406534.62097644736,1,1,3022
XGBoost,H5,568,2025-10-27,2025-11-03,120002.0,0.0117748037532707,0.007036758586764336,121415.0,120846.4251039289,0.0,120002.0,568.5748960711062,323277.4124422692,1,1,3021
XGBoost,H6,568,2025-10-27,2025-11-04,120002.0,-0.0014333094448425,0.008665517903864384,119830.0,121041.87947949953,0.0,120002.0,1211.8794794995338,1468651.8728320608,-1,1,3020
XGBoost,H7,568,2025-10-27,2025-11-05,120002.0,0.0040999316678056,0.009942958131432533,120494.0,121195.17486168817,0.0,120002.0,701.1748616881669,491646.18666341994,1,1,3019
XGBoost,H1,569,2025-10-28,2025-10-29,118699.0,0.0061078863343415,0.00044993526535108685,119424.0,118752.40686606191,0.0,118699.0,671.5931339380913,451037.3375527871,1,1,3026
XGBoost,H2,569,2025-10-28,2025-10-30,118699.0,0.0130750890908937,0.0014463828410953283,120251.0,118870.68419685517,0.0,118699.0,1380.3158031448256,1905271.716411345,1,1,3025
XGBoost,H3,569,2025-10-28,2025-10-31,118699.0,0.0211459237230304,0.002696279902011156,121209.0,119019.04572808882,0.0,118699.0,2189.954271911178,4795899.713062017,1,1,3024
XGBoost,H4,569,2025-10-28,2025-11-03,118699.0,0.022881405909064,0.0036152354441583157,121415.0,119128.12483198615,0.0,118699.0,2286.875168013852,5229798.034078384,1,1,3023
XGBoost,H5,569,2025-10-28,2025-11-04,118699.0,0.0095283026815726,0.004865505266934633,119830.0,119276.53060967987,0.0,118699.0,553.469390320126,306328.3660213319,1,1,3022
XGBoost,H6,569,2025-10-28,2025-11-05,118699.0,0.0151222840967488,0.006121676880866289,120494.0,119425.63692408195,0.0,118699.0,1068.3630759180523,1141399.661985082,1,1,3021
XGBoost,H7,569,2025-10-28,2025-11-06,118699.0,0.0159057784817058,0.008389856666326523,120587.0,119694.86759643629,0.0,118699.0,892.1324035637081,795900.2254883589,1,1,3020
XGBoost,H1,570,2025-10-29,2025-10-30,119424.0,0.0069249062165059,0.0005838584038428962,120251.0,119493.72670602053,0.0,119424.0,757.273293979466,573462.8417745107,1,1,3027
XGBoost,H2,570,2025-10-29,2025-10-31,119424.0,0.0149467443729902,0.00148971495218575,121209.0,119601.90771844983,0.0,119424.0,1607.092281550169,2582745.601418128,1,1,3026
XGBoost,H3,570,2025-10-29,2025-11-03,119424.0,0.0166716907824222,0.003007243387401104,121415.0,119783.13703429699,0.0,119424.0,1631.8629657030106,2662976.738833025,1,1,3025
XGBoost,H4,570,2025-10-29,2025-11-04,119424.0,0.0033996516613075,0.004763132426887751,119830.0,119992.83232694864,0.0,119424.0,162.83232694864273,26514.366699509683,1,1,3024
XGBoost,H5,570,2025-10-29,2025-11-05,119424.0,0.0089596730975347,0.007154510356485844,120494.0,120278.42024481297,0.0,119424.0,215.5797551870346,46474.63084650177,1,1,3023
XGBoost,H6,570,2025-10-29,2025-11-06,119424.0,0.009738411039657,0.008767690509557724,120587.0,120471.07267141342,0.0,119424.0,115.92732858657837,13439.14551322051,1,1,3022
XGBoost,H7,570,2025-10-29,2025-11-07,119424.0,0.0136655948553054,0.008783332072198391,121056.0,120472.94064939022,0.0,119424.0,583.0593506097794,339958.2063334976,1,1,3021
XGBoost,H1,571,2025-10-30,2025-10-31,120251.0,0.0079666697158442,0.0005888487794436514,121209.0,120321.80965457688,0.0,120251.0,887.1903454231215,787106.7090119976,1,1,3028
XGBoost,H2,571,2025-10-30,2025-11-03,120251.0,0.0096797531829257,0.001566717284731567,121415.0,120439.39932020626,0.0,120251.0,975.6006797937443,951796.6864140161,1,1,3027
XGBoost,H3,571,2025-10-30,2025-11-04,120251.0,-0.0035010103866079,0.0026297401636838913,119830.0,120567.22888442315,0.0,120251.0,737.2288844231516,543506.4280278046,-1,1,3026
XGBoost,H4,571,2025-10-30,2025-11-05,120251.0,0.0020207732160231,0.003376368433237076,120494.0,120657.01168046519,0.0,120251.0,163.0116804651916,26572.80796808573,1,1,3025
XGBoost,H5,571,2025-10-30,2025-11-06,120251.0,0.002794155557958,0.004643885884433985,120587.0,120809.43192148907,0.0,120251.0,222.4319214890711,49475.95969732029,1,1,3024
XGBoost,H6,571,2025-10-30,2025-11-07,120251.0,0.0066943310242741,0.005739865358918905,121056.0,120941.22454927536,0.0,120251.0,114.77545072464272,13173.40408904489,1,1,3023
XGBoost,H7,571,2025-10-30,2025-11-10,120251.0,0.0303199141795078,0.007031600922346115,123897.0,121096.55704251304,0.0,120251.0,2800.4429574869573,7842480.758138296,1,1,3022
XGBoost,H1,572,2025-10-31,2025-11-03,121209.0,0.0016995437632518,0.0005960093112662435,121415.0,121281.24169260927,0.0,121209.0,133.7583073907299,17891.28479603299,1,1,3029
XGBoost,H2,572,2025-10-31,2025-11-04,121209.0,-0.0113770429588562,0.0015510409139096737,119830.0,121397.00011813408,0.0,121209.0,1567.0001181340776,2455489.3702322133,-1,1,3028
XGBoost,H3,572,2025-10-31,2025-11-05,121209.0,-0.0058989018967238,0.002632260788232088,120494.0,121528.05369788082,0.0,121209.0,1034.0536978808232,1069267.0501010048,-1,1,3027
XGBoost,H4,572,2025-10-31,2025-11-06,121209.0,-0.0051316321395276,0.003300063544884324,120587.0,121608.99740221188,0.0,121209.0,1021.997402211884,1044478.6901278395,-1,1,3026
XGBoost,H5,572,2025-10-31,2025-11-07,121209.0,-0.0012622825037744,0.00423470139503479,121056.0,121722.28392139077,0.0,121209.0,666.2839213907719,443934.26390386425,-1,1,3025
XGBoost,H6,572,2025-10-31,2025-11-10,121209.0,0.0221765710467045,0.005456866230815649,123897.0,121870.42129897093,0.0,121209.0,2026.578701029066,4107021.2314646565,1,1,3024
XGBoost,H7,572,2025-10-31,2025-11-11,121209.0,0.0221765710467045,0.0070624747313559055,123897.0,122065.03549971292,0.0,121209.0,1831.964500287082,3356093.930312098,1,1,3023
XGBoost,H1,573,2025-11-03,2025-11-04,121415.0,-0.0130544001976691,0.0005912949563935399,119830.0,121486.79207713052,0.0,121415.0,1656.7920771305216,2744959.9868424684,-1,1,3030
XGBoost,H2,573,2025-11-03,2025-11-05,121415.0,-0.0075855536795288,0.001620180904865265,120494.0,121611.71426456422,0.0,121415.0,1117.7142645642161,1249285.1772103265,-1,1,3029
XGBoost,H3,573,2025-11-03,2025-11-06,121415.0,-0.0068195857184037,0.002725393045693636,120587.0,121745.9035966429,0.0,121415.0,1158.9035966428928,1343057.5463118327,-1,1,3028
XGBoost,H4,573,2025-11-03,2025-11-07,121415.0,-0.0029568010542354,0.0032513432670384645,121056.0,121809.76184276748,0.0,121415.0,753.7618427674752,568156.91561222,-1,1,3027
XGBoost,H5,573,2025-11-03,2025-11-10,121415.0,0.02044228472594,0.004029226489365101,123897.0,121904.20853420626,0.0,121415.0,1992.7914657937363,3971217.826140348,1,1,3026
XGBoost,H6,573,2025-11-03,2025-11-11,121415.0,0.02044228472594,0.005113859195262194,123897.0,122035.89921419276,0.0,121415.0,1861.1007858072408,3463696.134932329,1,1,3025
XGBoost,H7,573,2025-11-03,2025-11-12,121415.0,0.0407527900177078,0.007130234967917204,126363.0,122280.71747862967,0.0,121415.0,4082.2825213703327,16665030.584285721,1,1,3024
XGBoost,H1,574,2025-11-04,2025-11-05,119830.0,0.0055411833430694,0.000559495238121599,120494.0,119897.04431438411,0.0,119830.0,596.9556856158888,356356.0905891359,1,1,3031
XGBoost,H2,574,2025-11-04,2025-11-06,119830.0,0.0063172828173245,0.0015266924165189266,120587.0,120012.94355227146,0.0,119830.0,574.056447728537,329540.80517870653,1,1,3030
XGBoost,H3,574,2025-11-04,2025-11-07,119830.0,0.0102311608111491,0.0027021386194974184,121056.0,120153.79727077438,0.0,119830.0,902.2027292256244,813969.7646221652,1,1,3029
XGBoost,H4,574,2025-11-04,2025-11-10,119830.0,0.0339397479762997,0.003538204589858651,123897.0,120253.98305600276,0.0,119830.0,3643.016943997238,13271572.454250975,1,1,3028
XGBoost,H5,574,2025-11-04,2025-11-11,119830.0,0.0339397479762997,0.004078907426446676,123897.0,120318.7754769111,0.0,119830.0,3578.224523088895,12803690.737634748,1,1,3027
XGBoost,H6,574,2025-11-04,2025-11-12,119830.0,0.054518901777518,0.0055307429283857346,126363.0,120492.74892510846,0.0,119830.0,5870.251074891537,34459847.68226525,1,1,3026
XGBoost,H7,574,2025-11-04,2025-11-13,119830.0,0.0570641742468496,0.006780052557587624,126668.0,120642.45369797572,0.0,119830.0,6025.546302024275,36307208.23783842,1,1,3025
XGBoost,H1,575,2025-11-05,2025-11-06,120494.0,0.000771822663369,0.0005735603044740856,120587.0,120563.1105753273,0.0,120494.0,23.889424672699533,570.7046111925852,1,1,3032
XGBoost,H2,575,2025-11-05,2025-11-07,120494.0,0.004664132653908,0.0014744382351636887,121056.0,120671.66096070781,0.0,120494.0,384.3390392921865,147716.49712404088,1,1,3031
XGBoost,H3,575,2025-11-05,2025-11-10,120494.0,0.0282420701445715,0.002457492519170046,123897.0,120790.11310360488,0.0,120494.0,3106.8868963951245,9652746.186991729,1,1,3030
XGBoost,H4,575,2025-11-05,2025-11-11,120494.0,0.0282420701445715,0.0033203763887286186,123897.0,120894.08543258347,0.0,120494.0,3002.914567416534,9017495.899202429,1,1,3029
XGBoost,H5,575,2025-11-05,2025-11-12,120494.0,0.0487078194764885,0.004270137287676334,126363.0,121008.52592234127,0.0,120494.0,5354.474077658728,28670392.64831928,1,1,3028
XGBoost,H6,575,2025-11-05,2025-11-13,120494.0,0.0512390658456023,0.005008833948522806,126668.0,121097.5344377933,0.0,120494.0,5570.465562206693,31030086.579730727,1,1,3027
XGBoost,H7,575,2025-11-05,2025-11-14,120494.0,0.024565538533039,0.006876744795590639,123454.0,121322.6064873999,0.0,120494.0,2131.3935126001015,4542838.3055537995,1,1,3026
XGBoost,H1,576,2025-11-06,2025-11-07,120587.0,0.003889308134376,0.0005215429700911045,121056.0,120649.89130213438,0.0,120587.0,406.108697865624,164924.27448211267,1,1,3033
XGBoost,H2,576,2025-11-06,2025-11-10,120587.0,0.0274490616733147,0.001402345602400601,123897.0,120756.10464915668,0.0,120587.0,3140.8953508433187,9865223.604949174,1,1,3032
XGBoost,H3,576,2025-11-06,2025-11-11,120587.0,0.0274490616733147,0.002184321405366063,123897.0,120850.40076530888,0.0,120587.0,3046.5992346911225,9281766.896820534,1,1,3031
XGBoost,H4,576,2025-11-06,2025-11-12,120587.0,0.0478990272583279,0.00333369430154562,126363.0,120989.00019474048,0.0,120587.0,5373.999805259518,28879873.90692934,1,1,3030
XGBoost,H5,576,2025-11-06,2025-11-13,120587.0,0.050428321460854,0.003926098346710205,126668.0,121060.43642133474,0.0,120587.0,5607.5635786652565,31444769.288773097,1,1,3029
XGBoost,H6,576,2025-11-06,2025-11-14,120587.0,0.0237753655037442,0.005080081522464752,123454.0,121199.59179054946,0.0,120587.0,2254.408209450543,5082356.374838003,1,1,3028
XGBoost,H7,576,2025-11-06,2025-11-17,120587.0,0.0182606748654499,0.006576100829988718,122789.0,121379.99227078585,0.0,120587.0,1409.0077292141505,1985302.7809852168,1,1,3027
XGBoost,H1,577,2025-11-07,2025-11-10,121056.0,0.0234684773988897,0.0004755177069455385,123897.0,121113.564271532,0.0,121056.0,2783.435728468001,7747514.454512191,1,1,3034
XGBoost,H2,577,2025-11-07,2025-11-11,121056.0,0.0234684773988897,0.0013656301889568567,123897.0,121221.31772815436,0.0,121056.0,2675.6822718456388,7159275.619869038,1,1,3033
XGBoost,H3,577,2025-11-07,2025-11-12,121056.0,0.0438392149088024,0.0022883054334670305,126363.0,121333.01310255378,0.0,121056.0,5029.986897446215,25300768.1884806,1,1,3032
XGBoost,H4,577,2025-11-07,2025-11-13,121056.0,0.0463587100185038,0.002967576030641794,126668.0,121415.24288396537,0.0,121056.0,5252.757116034627,27591457.32005241,1,1,3031
XGBoost,H5,577,2025-11-07,2025-11-14,121056.0,0.0198090140100448,0.003760201158002019,123454.0,121511.19491138309,0.0,121056.0,1942.8050886169076,3774491.61235575,1,1,3030
XGBoost,H6,577,2025-11-07,2025-11-17,121056.0,0.0143156886069257,0.004580376204103231,122789.0,121610.48202176392,0.0,121056.0,1178.5179782360792,1388904.6250256556,1,1,3029
XGBoost,H7,577,2025-11-07,2025-11-18,121056.0,0.0126800819455459,0.006300297100096941,122591.0,121818.68876574934,0.0,121056.0,772.3112342506647,596464.6425497851,1,1,3028
XGBoost,H1,578,2025-11-10,2025-11-11,123897.0,0.0,0.0006116739241406322,123897.0,123972.78456417925,0.0,123897.0,75.7845641792519,5743.30016783915,0,1,3035
XGBoost,H2,578,2025-11-10,2025-11-12,123897.0,0.019903629627836,0.0010548149002715945,126363.0,124027.68840169895,0.0,123897.0,2335.3115983010503,5453680.261159406,1,1,3034
XGBoost,H3,578,2025-11-10,2025-11-13,123897.0,0.0223653518648554,0.0018636237364262342,126668.0,124127.897390072,0.0,123897.0,2540.102609927999,6452121.2689630315,1,1,3033
XGBoost,H4,578,2025-11-10,2025-11-14,123897.0,-0.0035755506590151,0.002778613241389394,123454.0,124241.26184476842,0.0,123897.0,787.2618447684217,619781.2122281785,-1,1,3032
XGBoost,H5,578,2025-11-10,2025-11-17,123897.0,-0.0089429122577624,0.003685804083943367,122789.0,124353.66006858833,0.0,123897.0,1564.6600685883313,2448161.1302348417,-1,1,3031
XGBoost,H6,578,2025-11-10,2025-11-18,123897.0,-0.0105410139067128,0.004792753141373396,122591.0,124490.80773595674,0.0,123897.0,1899.8077359567396,3609269.433601073,-1,1,3030
XGBoost,H7,578,2025-11-10,2025-11-19,123897.0,-0.0080147219060994,0.006235582288354635,122904.0,124669.56993878027,0.0,123897.0,1765.5699387802742,3117237.208724581,-1,1,3029
XGBoost,H1,579,2025-11-11,2025-11-12,123897.0,0.019903629627836,0.0005030031315982342,126363.0,123959.32057899563,0.0,123897.0,2403.6794210043736,5777674.75895992,1,1,3036
XGBoost,H2,579,2025-11-11,2025-11-13,123897.0,0.0223653518648554,0.001048796926625073,126668.0,124026.94279281807,0.0,123897.0,2641.0572071819333,6975183.171607633,1,1,3035
XGBoost,H3,579,2025-11-11,2025-11-14,123897.0,-0.0035755506590151,0.0020010662265121937,123454.0,124144.92610226618,0.0,123897.0,690.9261022661813,477378.87879273755,-1,1,3034
XGBoost,H4,579,2025-11-11,2025-11-17,123897.0,-0.0089429122577624,0.0027542177122086287,122789.0,124238.23931188951,0.0,123897.0,1449.2393118895125,2100294.5831259876,-1,1,3033
XGBoost,H5,579,2025-11-11,2025-11-18,123897.0,-0.0105410139067128,0.0035112621262669563,122591.0,124332.0348436581,0.0,123897.0,1741.034843658097,3031202.3268315746,-1,1,3032
XGBoost,H6,579,2025-11-11,2025-11-19,123897.0,-0.0080147219060994,0.004788760561496019,122904.0,124490.31306728767,0.0,123897.0,1586.3130672876723,2516389.1474476233,-1,1,3031
XGBoost,H7,579,2025-11-11,2025-11-20,123897.0,-0.010645939772553,0.006288116332143545,122578.0,124676.07874920359,0.0,123897.0,2098.078749203589,4401934.437859695,-1,1,3030
XGBoost,H1,580,2025-11-12,2025-11-13,126363.0,0.0024136812199773,0.000569779600482434,126668.0,126434.99905965576,0.0,126363.0,233.0009403442382,54289.43820129924,1,1,3037
XGBoost,H2,580,2025-11-12,2025-11-14,126363.0,-0.0230209792423414,0.001203915337100625,123454.0,126515.13035374205,0.0,126363.0,3061.1303537420463,9370519.042600906,-1,1,3036
XGBoost,H3,580,2025-11-12,2025-11-17,126363.0,-0.0282835956727839,0.0025353285018354654,122789.0,126683.37171547743,0.0,126363.0,3894.371715477435,15166131.05831066,-1,1,3035
XGBoost,H4,580,2025-11-12,2025-11-18,126363.0,-0.0298505100385397,0.0029291901737451553,122591.0,126733.14125792496,0.0,126363.0,4142.141257924959,17157334.200604163,-1,1,3034
XGBoost,H5,580,2025-11-12,2025-11-19,126363.0,-0.0273735191472187,0.004068812821060419,122904.0,126877.14739450766,0.0,126363.0,3973.1473945076577,15785900.21848299,-1,1,3033
XGBoost,H6,580,2025-11-12,2025-11-20,126363.0,-0.0299533882544732,0.004898304585367441,122578.0,126981.96446232079,0.0,126363.0,4403.964462320786,19394902.98538441,-1,1,3032
XGBoost,H7,580,2025-11-12,2025-11-21,126363.0,-0.0198950642197478,0.006305282935500145,123849.0,127159.7544675786,0.0,126363.0,3310.754467578605,10961095.144591691,-1,1,3031
XGBoost,H1,581,2025-11-13,2025-11-14,126668.0,-0.0253734171219249,0.000615240540355444,123454.0,126745.93128876574,0.0,126668.0,3291.9312887657434,10836811.609954888,-1,1,3038
XGBoost,H2,581,2025-11-13,2025-11-17,126668.0,-0.0306233618593488,0.001713123987428844,122789.0,126884.99798923964,0.0,126668.0,4095.997989239637,16777199.527855149,-1,1,3037
XGBoost,H3,581,2025-11-13,2025-11-18,126668.0,-0.0321865032999653,0.0027953560929745436,122591.0,127022.0821655849,0.0,126668.0,4431.0821655848995,19634489.15816456,-1,1,3036
XGBoost,H4,581,2025-11-13,2025-11-19,126668.0,-0.0297154766791928,0.003418268170207739,122904.0,127100.98519258387,0.0,126668.0,4196.985192583874,17614684.706768297,-1,1,3035
XGBoost,H5,581,2025-11-13,2025-11-20,126668.0,-0.0322891337985915,0.00440220395103097,122578.0,127225.61837006919,0.0,126668.0,4647.618370069191,21600356.513804603,-1,1,3034
XGBoost,H6,581,2025-11-13,2025-11-21,126668.0,-0.0222550288944326,0.005387366749346256,123849.0,127350.40697140619,0.0,126668.0,3501.4069714061916,12259850.779411878,-1,1,3033
XGBoost,H7,581,2025-11-13,2025-11-24,126668.0,-0.0241102725234471,0.006263169459998608,123614.0,127461.3431491591,0.0,126668.0,3847.3431491591036,14802049.307381488,-1,1,3032
XGBoost,H1,582,2025-11-14,2025-11-17,123454.0,-0.0053866217376512,0.0005294450093060732,122789.0,123519.36210417887,0.0,123454.0,730.362104178872,533428.8032205894,-1,1,3039
XGBoost,H2,582,2025-11-14,2025-11-18,123454.0,-0.0069904579843504,0.0010303591843694448,122591.0,123581.20196274715,0.0,123454.0,990.2019627471454,980499.9270282992,-1,1,3038
XGBoost,H3,582,2025-11-14,2025-11-19,123454.0,-0.0044551006852754,0.002730651292949915,122904.0,123791.10982471984,0.0,123454.0,887.1098247198388,786963.8411144632,-1,1,3037
XGBoost,H4,582,2025-11-14,2025-11-20,123454.0,-0.0070957603641842,0.0035349507816135883,122578.0,123890.40381379332,0.0,123454.0,1312.403813793324,1722403.7704592617,-1,1,3036
XGBoost,H5,582,2025-11-14,2025-11-21,123454.0,0.0031995723103341,0.004482413176447153,123849.0,124007.3718362851,0.0,123454.0,158.37183628510684,25081.638528316682,1,1,3035
XGBoost,H6,582,2025-11-14,2025-11-24,123454.0,0.0012960292902619,0.005648389458656311,123614.0,124151.31627222896,0.0,123454.0,537.3162722289562,288708.7764020218,1,1,3034
XGBoost,H7,582,2025-11-14,2025-11-25,123454.0,0.0118424676397685,0.006939636077731848,124916.0,124310.72583234031,0.0,123454.0,605.2741676596925,366356.8180361335,1,1,3033
XGBoost,H1,583,2025-11-17,2025-11-18,122789.0,-0.0016125222943422,0.0003703949332702905,122591.0,122834.48042346133,0.0,122789.0,243.4804234613257,59282.716608906485,-1,1,3040
XGBoost,H2,583,2025-11-17,2025-11-19,122789.0,0.0009365659790372,0.0003534889256116003,122904.0,122832.40455168692,0.0,122789.0,71.59544831307721,5125.90821915051,1,1,3039
XGBoost,H3,583,2025-11-17,2025-11-20,122789.0,-0.0017183949702335,0.0023028699215501547,122578.0,123071.76709479722,0.0,122789.0,493.76709479722194,243805.94390448875,-1,1,3038
XGBoost,H4,583,2025-11-17,2025-11-21,122789.0,0.0086326951111255,0.003335914108902216,123849.0,123198.613557518,0.0,122789.0,650.3864424820058,423002.52456439944,1,1,3037
XGBoost,H5,583,2025-11-17,2025-11-24,122789.0,0.0067188428930931,0.004058612510561943,123614.0,123287.35297155939,0.0,122789.0,326.6470284406096,106698.2811890804,1,1,3036
XGBoost,H6,583,2025-11-17,2025-11-25,122789.0,0.0173223985861925,0.005701790098100901,124916.0,123489.11710435571,0.0,122789.0,1426.8828956442885,2035994.7978822296,1,1,3035
XGBoost,H7,583,2025-11-17,2025-11-26,122789.0,0.0234955899958464,0.0070593771524727345,125674.0,123655.81386117497,0.0,122789.0,2018.1861388250254,4073075.2909454647,1,1,3034
XGBoost,H1,584,2025-11-18,2025-11-19,122591.0,0.0025532053739671,0.0003758466336876154,122904.0,122637.0754146704,0.0,122591.0,266.92458532960154,71248.73425337973,1,1,3041
XGBoost,H2,584,2025-11-18,2025-11-20,122591.0,-0.0001060436736791,-0.00010456659219926223,122578.0,122578.18107689571,0.0,122591.0,0.18107689570751972,0.032788842159071976,-1,-1,3040
XGBoost,H3,584,2025-11-18,2025-11-21,122591.0,0.0102617647298741,0.001584703684784472,123849.0,122785.27040942141,0.0,122591.0,1063.7295905785868,1131520.641872488,1,1,3039
XGBoost,H4,584,2025-11-18,2025-11-24,122591.0,0.0083448213979819,0.0031127070542424917,123614.0,122972.58987048664,0.0,122591.0,641.4101295133587,411406.9542423436,1,1,3038
XGBoost,H5,584,2025-11-18,2025-11-25,122591.0,0.0189655031772315,0.004286226816475391,124916.0,123116.45283165853,0.0,122591.0,1799.5471683414653,3238370.011085786,1,1,3037
XGBoost,H6,584,2025-11-18,2025-11-26,122591.0,0.0251486650732923,0.005401718430221081,125674.0,123253.20206407923,0.0,122591.0,2420.7979359207675,5860262.646558248,1,1,3036
XGBoost,H7,584,2025-11-18,2025-11-27,122591.0,0.0234438090887585,0.0072084637358784676,125465.0,123474.69277784508,0.0,122591.0,1990.3072221549228,3961322.8385620452,1,1,3035
XGBoost,H1,585,2025-11-19,2025-11-20,122904.0,-0.0026524767298053,0.0003868139465339482,122578.0,122951.54098128481,0.0,122904.0,373.54098128480837,139532.86469921755,-1,1,3042
XGBoost,H2,585,2025-11-19,2025-11-21,122904.0,0.007688927943761,0.0005477059166878462,123849.0,122971.3152479846,0.0,122904.0,877.684752015397,770330.5239203288,1,1,3041
XGBoost,H3,585,2025-11-19,2025-11-24,122904.0,0.0057768664974289,0.0012460912112146616,123614.0,123057.14959422313,0.0,122904.0,556.8504057768732,310082.37441386835,1,1,3040
XGBoost,H4,585,2025-11-19,2025-11-25,122904.0,0.0163705005532772,0.0018948721699416637,124916.0,123136.88736917451,0.0,122904.0,1779.1126308254898,3165241.753162795,1,1,3039
XGBoost,H5,585,2025-11-19,2025-11-26,122904.0,0.0225379157716592,0.0031409759540110826,125674.0,123290.03850865178,0.0,122904.0,2383.961491348222,5683272.392231238,1,1,3038
XGBoost,H6,585,2025-11-19,2025-11-27,122904.0,0.0208374015491765,0.005011220928281546,125465.0,123519.89909696952,0.0,122904.0,1945.100903030485,3783417.5229700077,1,1,3037
XGBoost,H7,585,2025-11-19,2025-11-28,122904.0,0.0328630475818525,0.006796151399612427,126943.0,123739.27419161797,0.0,122904.0,3203.7258083820343,10263859.055293119,1,1,3036
XGBoost,H1,586,2025-11-20,2025-11-21,122578.0,0.0103689079606454,0.00036504186573438346,123849.0,122622.74610181799,0.0,122578.0,1226.2538981820107,1503698.6228065772,1,1,3043
XGBoost,H2,586,2025-11-20,2025-11-24,122578.0,0.0084517613274812,0.0008446755236946046,123614.0,122681.53863634344,0.0,122578.0,932.4613636565628,869484.1947122565,1,1,3042
XGBoost,H3,586,2025-11-20,2025-11-25,122578.0,0.0190735694822887,0.0019429237581789494,124916.0,122816.15970843006,0.0,122578.0,2099.8402915699407,4409329.2501005335,1,1,3041
XGBoost,H4,586,2025-11-20,2025-11-26,122578.0,0.0252573871330907,0.001742241089232266,125674.0,122791.56042823591,0.0,122578.0,2882.4395717640873,8308457.884871535,1,1,3040
XGBoost,H5,586,2025-11-20,2025-11-27,122578.0,0.0235523503401915,0.001980411820113659,125465.0,122820.75492008589,0.0,122578.0,2644.245079914108,6992032.042649967,1,1,3039
XGBoost,H6,586,2025-11-20,2025-11-28,122578.0,0.0356099789521773,0.004318654537200928,126943.0,123107.37203586102,0.0,122578.0,3835.6279641389847,14712041.879284972,1,1,3038
XGBoost,H7,586,2025-11-20,2025-12-01,122578.0,0.0445104341725268,0.006682509556412697,128034.0,123397.12865640596,0.0,122578.0,4636.871343594044,21500575.85704364,1,1,3037
XGBoost,H1,587,2025-11-21,2025-11-24,123849.0,-0.0018974719214527,0.0005613340763375163,123614.0,123918.52066402033,0.0,123849.0,304.52066402032506,92732.8348153797,-1,1,3044
XGBoost,H2,587,2025-11-21,2025-11-25,123849.0,0.0086153299582556,0.0009998304303735495,124916.0,123972.82799897133,0.0,123849.0,943.1720010286663,889573.4235244185,1,1,3043
XGBoost,H3,587,2025-11-21,2025-11-26,123849.0,0.0147356861985159,0.0019841152243316174,125674.0,124094.73068641825,0.0,123849.0,1579.2693135817535,2494091.564820983,1,1,3042
XGBoost,H4,587,2025-11-21,2025-11-27,123849.0,0.0130481473407133,0.0025586155243217945,125465.0,124165.88197407173,0.0,123849.0,1299.11802592827,1687707.6452917655,1,1,3041
XGBoost,H5,587,2025-11-21,2025-11-28,123849.0,0.0249820345743607,0.0019816404674202204,126943.0,124094.42419024953,0.0,123849.0,2848.575809750473,8114384.143895564,1,1,3040
XGBoost,H6,587,2025-11-21,2025-12-01,123849.0,0.0337911488990625,0.003201141254976392,128034.0,124245.45814328757,0.0,123849.0,3788.541856712429,14353049.400062058,1,1,3039
XGBoost,H7,587,2025-11-21,2025-12-02,123849.0,0.03889413721548,0.005868471227586269,128666.0,124575.80429306533,0.0,123849.0,4090.195706934668,16729700.921026789,1,1,3038
XGBoost,H1,588,2025-11-24,2025-11-25,123614.0,0.0105327875483358,0.0005674330750480294,124916.0,123684.14267213899,0.0,123614.0,1231.857327861013,1517472.476204875,1,1,3045
XGBoost,H2,588,2025-11-24,2025-11-26,123614.0,0.0166647790703318,0.0012262891978025436,125674.0,123765.58651289716,0.0,123614.0,1908.4134871028364,3642042.0377560076,1,1,3044
XGBoost,H3,588,2025-11-24,2025-11-27,123614.0,0.014974032067565,0.002212285529822111,125465.0,123887.46946348343,0.0,123614.0,1577.5305365165696,2488602.5936422558,1,1,3043
XGBoost,H4,588,2025-11-24,2025-11-28,123614.0,0.0269306065655994,0.0028692116029560566,126943.0,123968.67472308781,0.0,123614.0,2974.32527691219,8846610.852878775,1,1,3042
XGBoost,H5,588,2025-11-24,2025-12-01,123614.0,0.0357564677140129,0.002983071142807603,128034.0,123982.74935624702,0.0,123614.0,4051.250643752981,16412631.778508943,1,1,3041
XGBoost,H6,588,2025-11-24,2025-12-02,123614.0,0.0408691572152022,0.0038518758956342936,128666.0,124090.14578696294,0.0,123614.0,4575.854213037062,20938441.778969035,1,1,3040
XGBoost,H7,588,2025-11-24,2025-12-03,123614.0,0.0460384746064361,0.005012156907469034,129305.0,124233.57276395988,0.0,123614.0,5071.427236040123,25719374.210449558,1,1,3039
XGBoost,H1,589,2025-11-25,2025-11-26,124916.0,0.0060680777482469,0.0005697811138816178,125674.0,124987.17477762164,0.0,124916.0,686.8252223783638,471728.8860950889,1,1,3046
XGBoost,H2,589,2025-11-25,2025-11-27,124916.0,0.0043949534086906,0.0008141153957694769,125465.0,125017.69603877794,0.0,124916.0,447.30396122206,200080.8337249462,1,1,3045
XGBoost,H3,589,2025-11-25,2025-11-28,124916.0,0.0162269044798104,0.0016119785141199827,126943.0,125117.36190806981,0.0,124916.0,1825.6380919301882,3332954.4427064983,1,1,3044
XGBoost,H4,589,2025-11-25,2025-12-01,124916.0,0.024960773639886,0.002213947707787156,128034.0,125192.55749186594,0.0,124916.0,2841.4425081340596,8073795.527031176,1,1,3043
XGBoost,H5,589,2025-11-25,2025-12-02,124916.0,0.0300201735566301,0.0021806180011481047,128666.0,125188.39407823142,0.0,124916.0,3477.6059217685834,12093742.947119918,1,1,3042
XGBoost,H6,589,2025-11-25,2025-12-03,124916.0,0.0351356111306797,0.0041602118872106075,129305.0,125435.6770281028,0.0,124916.0,3869.3229718971997,14971660.260851378,1,1,3041
XGBoost,H7,589,2025-11-25,2025-12-04,124916.0,0.0318454001088732,0.005147010087966919,128894.0,125558.94391214848,0.0,124916.0,3335.0560878515244,11122599.109115515,1,1,3040
XGBoost,H1,590,2025-11-26,2025-11-27,125674.0,-0.0016630329264605,0.0004623134445864707,125465.0,125732.10077983496,0.0,125674.0,267.1007798349601,71342.82658844384,-1,1,3047
XGBoost,H2,590,2025-11-26,2025-11-28,125674.0,0.0100975539888918,0.0008261546026915312,126943.0,125777.82615353866,0.0,125674.0,1165.1738464613445,1357630.092477525,1,1,3046
XGBoost,H3,590,2025-11-26,2025-12-01,125674.0,0.0187787450069227,0.001472590840421617,128034.0,125859.06638127915,0.0,125674.0,2174.9336187208537,4730336.245842188,1,1,3045
XGBoost,H4,590,2025-11-26,2025-12-02,125674.0,0.0238076292630138,0.002186559373512864,128666.0,125948.79366270686,0.0,125674.0,2717.2063372931443,7383210.279426024,1,1,3044
XGBoost,H5,590,2025-11-26,2025-12-03,125674.0,0.0288922131864983,0.0022984910756349564,129305.0,125962.86056743935,0.0,125674.0,3342.1394325606525,11169895.98667684,1,1,3043
XGBoost,H6,590,2025-11-26,2025-12-04,125674.0,0.0256218470009708,0.004273530095815659,128894.0,126211.07162126154,0.0,125674.0,2682.928378738463,7198104.685440198,1,1,3042
XGBoost,H7,590,2025-11-26,2025-12-05,125674.0,0.0281044607476486,0.005022939294576645,129206.0,126305.25287290663,0.0,125674.0,2900.7471270933747,8414333.895340467,1,1,3041
XGBoost,H1,591,2025-11-27,2025-11-28,125465.0,0.0117801777388115,0.0004744341713376343,126943.0,125524.52488330688,0.0,125465.0,1418.4751166931237,2012071.656677571,1,1,3048
XGBoost,H2,591,2025-11-27,2025-12-01,125465.0,0.0204758299127245,0.0008664531633257866,128034.0,125573.70954613667,0.0,125465.0,2460.29045386333,6053029.117371031,1,1,3047
XGBoost,H3,591,2025-11-27,2025-12-02,125465.0,0.0255130913003627,0.0016612665494903922,128666.0,125673.43080763181,0.0,125465.0,2992.569192368188,8955470.371111188,1,1,3046
XGBoost,H4,591,2025-11-27,2025-12-03,125465.0,0.0306061451400789,0.002234212588518858,129305.0,125745.31548241852,0.0,125465.0,3559.6845175814815,12671353.864709305,1,1,3045
XGBoost,H5,591,2025-11-27,2025-12-04,125465.0,0.0273303311680548,0.0023077765945345163,128894.0,125754.54519043327,0.0,125465.0,3139.454809566727,9856176.501311654,1,1,3044
XGBoost,H6,591,2025-11-27,2025-12-05,125465.0,0.0298170804606863,0.004213701467961073,129206.0,125993.67205467774,0.0,125465.0,3212.327945322264,10319050.828298358,1,1,3043
XGBoost,H7,591,2025-11-27,2025-12-08,125465.0,0.0260710158211452,0.005134135484695435,128736.0,126109.15430858731,0.0,125465.0,2626.8456914126873,6900318.286493399,1,1,3042
XGBoost,H1,592,2025-11-28,2025-12-01,126943.0,0.0085944085140574,0.00045395895722322166,128034.0,127000.62691190679,0.0,126943.0,1033.3730880932126,1067859.9391953025,1,1,3049
XGBoost,H2,592,2025-11-28,2025-12-02,126943.0,0.013573020962164,0.001142407301813364,128666.0,127088.0206101141,0.0,126943.0,1577.9793898859061,2490018.9549046964,1,1,3048
XGBoost,H3,592,2025-11-28,2025-12-03,126943.0,0.0186067762696642,0.0020371524151414633,129305.0,127201.6022390353,0.0,126943.0,2103.397760964697,4424282.140831302,1,1,3047
XGBoost,H4,592,2025-11-28,2025-12-04,126943.0,0.0153691026681266,0.0024949745275080204,128894.0,127259.71955144545,0.0,126943.0,1634.2804485545494,2670872.584527659,1,1,3046
XGBoost,H5,592,2025-11-28,2025-12-05,126943.0,0.0178268986868121,0.002653576899319887,129206.0,127279.85301233036,0.0,126943.0,1926.1469876696356,3710042.2181088114,1,1,3045
XGBoost,H6,592,2025-11-28,2025-12-08,126943.0,0.0141244495560999,0.004398118704557419,128736.0,127501.31038271263,0.0,126943.0,1234.6896172873676,1524458.4510372262,1,1,3044
XGBoost,H7,592,2025-11-28,2025-12-09,126943.0,0.0150461230631071,0.0051233405247330666,128853.0,127593.37221623119,0.0,126943.0,1259.6277837688103,1586662.1536423247,1,1,3043
XGBoost,H1,593,2025-12-01,2025-12-02,128034.0,0.0049361888248433,0.0004381569451652467,128666.0,128090.09898631729,0.0,128034.0,575.9010136827128,331661.97756077617,1,1,3050
XGBoost,H2,593,2025-12-01,2025-12-03,128034.0,0.0099270506271771,0.0010266087483614683,129305.0,128165.44082448771,0.0,128034.0,1139.5591755122878,1298595.114494245,1,1,3049
XGBoost,H3,593,2025-12-01,2025-12-04,128034.0,0.0067169658059578,0.0022631343454122543,128894.0,128323.75814278051,0.0,128034.0,570.2418572194874,325175.7757251303,1,1,3048
XGBoost,H4,593,2025-12-01,2025-12-05,128034.0,0.0091538185169564,0.002469447674229741,129206.0,128350.17326352233,0.0,128034.0,855.8267364776693,732439.402870018,1,1,3047
XGBoost,H5,593,2025-12-01,2025-12-08,128034.0,0.0054829185997469,0.0030246665701270103,128736.0,128421.26015963964,0.0,128034.0,314.73984036035836,99061.16711006386,1,1,3046
XGBoost,H6,593,2025-12-01,2025-12-09,128034.0,0.0063967383663714,0.004659346304833889,128853.0,128630.5547447931,0.0,128034.0,222.44525520689785,49481.891564061916,1,1,3045
XGBoost,H7,593,2025-12-01,2025-12-10,128034.0,0.0036396582157864,0.005455563310533762,128500.0,128732.49759290088,0.0,128034.0,232.49759290087968,54055.13070470318,1,1,3044
XGBoost,H1,594,2025-12-02,2025-12-03,128666.0,0.0049663469758911,0.00044302287278696895,129305.0,128723.00198095001,0.0,128666.0,581.9980190499919,338721.6941781147,1,1,3051
XGBoost,H2,594,2025-12-02,2025-12-04,128666.0,0.0017720299068906,0.0012295253109186888,128894.0,128824.19810365466,0.0,128666.0,69.80189634533599,4872.30473340503,1,1,3050
XGBoost,H3,594,2025-12-02,2025-12-05,128666.0,0.0041969129373726,0.0021025168243795633,129206.0,128936.52242972562,0.0,128666.0,269.4775702743791,72618.16088098293,1,1,3049
XGBoost,H4,594,2025-12-02,2025-12-08,128666.0,0.0005440442696593,0.0030885369051247835,128736.0,129063.38968943479,0.0,128666.0,327.3896894347854,107184.00874820523,1,1,3048
XGBoost,H5,594,2025-12-02,2025-12-09,128666.0,0.0014533754060901,0.0029402622021734715,128853.0,129044.31177650485,0.0,128666.0,191.31177650485188,36600.1958294424,1,1,3047
XGBoost,H6,594,2025-12-02,2025-12-10,128666.0,-0.0012901621251923,0.004781101830303669,128500.0,129281.16524809785,0.0,128666.0,781.1652480978519,610219.1448357785,-1,1,3046
XGBoost,H7,594,2025-12-02,2025-12-11,128666.0,0.0174016445681066,0.006097663193941116,130905.0,129450.56193251163,0.0,128666.0,1454.4380674883723,2115390.0921593113,1,1,3045
XGBoost,H1,595,2025-12-03,2025-12-04,129305.0,-0.003178531379297,0.0006028047646395862,128894.0,129382.94567009172,0.0,129305.0,488.9456700917217,239067.86830144274,-1,1,3052
XGBoost,H2,595,2025-12-03,2025-12-05,129305.0,-0.0007656316461079,0.0013929249253123999,129206.0,129485.11215746752,0.0,129305.0,279.11215746751986,77903.5964461736,-1,1,3051
XGBoost,H3,595,2025-12-03,2025-12-08,129305.0,-0.0044004485518734,0.0021346122957766056,128736.0,129581.0160429054,0.0,129305.0,845.016042905394,714052.1127674907,-1,1,3050
XGBoost,H4,595,2025-12-03,2025-12-09,129305.0,-0.0034956111519276,0.0029174808878451586,128853.0,129682.24486620282,0.0,129305.0,829.2448662028182,687647.0481237299,-1,1,3049
XGBoost,H5,595,2025-12-03,2025-12-10,129305.0,-0.0062255906577471,0.003748468589037657,128500.0,129789.69573090551,0.0,129305.0,1289.6957309055142,1663315.0783159086,-1,1,3048
XGBoost,H6,595,2025-12-03,2025-12-11,129305.0,0.0123738447855845,0.004763358738273382,130905.0,129920.92610165244,0.0,129305.0,984.0738983475603,968401.4374089645,1,1,3047
XGBoost,H7,595,2025-12-03,2025-12-12,129305.0,0.0180967479989173,0.00656383391469717,131645.0,130153.73654433992,0.0,129305.0,1491.2634556600824,2223866.6941872505,1,1,3046
XGBoost,H1,596,2025-12-04,2025-12-05,128894.0,0.0024205936661132,0.0005414187908172607,129206.0,128963.7856336236,0.0,128894.0,242.2143663764,58667.799279120925,1,1,3053
XGBoost,H2,596,2025-12-04,2025-12-08,128894.0,-0.0012258134591214,0.0014404833782464266,128736.0,129079.6696645557,0.0,128894.0,343.6696645556949,118108.83833582386,-1,1,3052
XGBoost,H3,596,2025-12-04,2025-12-09,128894.0,-0.0003180908343289,0.0023923933040350676,128853.0,129202.3651425303,0.0,128894.0,349.365142530296,122056.00281521404,-1,1,3051
XGBoost,H4,596,2025-12-04,2025-12-10,128894.0,-0.0030567753347712,0.002898621838539839,128500.0,129267.61496325675,0.0,128894.0,767.614963256754,589232.7318156678,-1,1,3050
XGBoost,H5,596,2025-12-04,2025-12-11,128894.0,0.0156019675081851,0.003898789407685399,130905.0,129396.5305619142,0.0,128894.0,1508.4694380857982,2275480.0456388835,1,1,3049
XGBoost,H6,596,2025-12-04,2025-12-12,128894.0,0.0213431191521715,0.0052877687849104404,131645.0,129575.56166976225,0.0,128894.0,2069.4383302377537,4282575.002657222,1,1,3048
XGBoost,H7,596,2025-12-04,2025-12-15,128894.0,0.0279066519775939,0.006767445709556341,132491.0,129766.28314728756,0.0,128894.0,2724.716852712445,7424081.927455211,1,1,3047
XGBoost,H1,597,2025-12-05,2025-12-08,129206.0,-0.0036376019689488,0.0005983512965030968,128736.0,129283.31057761598,0.0,129206.0,547.3105776159791,299548.8683703367,-1,1,3054
XGBoost,H2,597,2025-12-05,2025-12-09,129206.0,-0.0027320712660402,0.0013629959430545568,128853.0,129382.1072538183,0.0,129206.0,529.1072538183071,279954.4860431504,-1,1,3053
XGBoost,H3,597,2025-12-05,2025-12-10,129206.0,-0.0054641425320806,0.0026183186564594507,128500.0,129544.3024803265,0.0,129206.0,1044.3024803264998,1090567.6704160795,-1,1,3052
XGBoost,H4,597,2025-12-05,2025-12-11,129206.0,0.0131495441388171,0.002640145132318139,130905.0,129547.1225919663,0.0,129206.0,1357.8774080337025,1843831.0552483262,1,1,3051
XGBoost,H5,597,2025-12-05,2025-12-12,129206.0,0.018876832345247,0.003947914112359285,131645.0,129716.0941908015,0.0,129206.0,1928.9058091985062,3720677.6207597437,1,1,3050
XGBoost,H6,597,2025-12-05,2025-12-15,129206.0,0.0254245158893549,0.005614023189991713,132491.0,129931.36548028607,0.0,129206.0,2559.634519713931,6551728.874511166,1,1,3049
XGBoost,H7,597,2025-12-05,2025-12-16,129206.0,0.0264770985867528,0.007056159432977438,132627.0,130117.69813569728,0.0,129206.0,2509.301864302717,6296595.846193092,1,1,3048
XGBoost,H1,598,2025-12-08,2025-12-09,128736.0,0.0009088366890379,0.0005752169527113438,128853.0,128810.05112962425,0.0,128736.0,42.94887037575245,1844.6054665531863,1,1,3055
XGBoost,H2,598,2025-12-08,2025-12-10,128736.0,-0.0018332090479741,0.0014387870905920863,128500.0,128921.22369489446,0.0,128736.0,421.2236948944628,177429.40114054352,-1,1,3054
XGBoost,H3,598,2025-12-08,2025-12-11,128736.0,0.0168484340044743,0.002415622118860483,130905.0,129046.97752909362,0.0,128736.0,1858.0224709063768,3452247.502393038,1,1,3053
XGBoost,H4,598,2025-12-08,2025-12-12,128736.0,0.022596631866766,0.0030406061559915543,131645.0,129127.43547409773,0.0,128736.0,2517.5645259022713,6338131.142081528,1,1,3052
XGBoost,H5,598,2025-12-08,2025-12-15,128736.0,0.0291682202336565,0.0037297820672392845,132491.0,129216.15722420812,0.0,128736.0,3274.8427757918835,10724595.20615629,1,1,3051
XGBoost,H6,598,2025-12-08,2025-12-16,128736.0,0.0302246457867263,0.005637660622596741,132627.0,129461.76987791061,0.0,128736.0,3165.230122089386,10018681.72578199,1,1,3050
XGBoost,H7,598,2025-12-08,2025-12-17,128736.0,0.0340153492418593,0.006878458429127932,133115.0,129621.50522433221,0.0,128736.0,3493.4947756677866,12204505.747618118,1,1,3049
XGBoost,H1,599,2025-12-09,2025-12-10,128853.0,-0.002739555928073,0.0005093411891721189,128500.0,128918.6301402484,0.0,128853.0,418.63014024839504,175251.1943243909,-1,1,3056
XGBoost,H2,599,2025-12-09,2025-12-11,128853.0,0.0159251239784872,0.0013820221647620201,130905.0,129031.07770199608,0.0,128853.0,1873.9222980039194,3511584.7789562903,1,1,3055
XGBoost,H3,599,2025-12-09,2025-12-12,128853.0,0.0216681024112748,0.002586021088063717,131645.0,129186.21657526027,0.0,128853.0,2458.783424739726,6045615.929774815,1,1,3054
XGBoost,H4,599,2025-12-09,2025-12-15,128853.0,0.0282337237006511,0.0031939430627971888,132491.0,129264.5491454706,0.0,128853.0,3226.450854529394,10409985.116693456,1,1,3053
XGBoost,H5,599,2025-12-09,2025-12-16,128853.0,0.0292891900072176,0.0038318929728120565,132627.0,129346.75090522575,0.0,128853.0,3280.249094774248,10760034.123767274,1,1,3052
XGBoost,H6,599,2025-12-09,2025-12-17,128853.0,0.0330764514601911,0.005560772959142923,133115.0,129569.52227810444,0.0,128853.0,3545.477721895557,12570412.276457708,1,1,3051
XGBoost,H7,599,2025-12-09,2025-12-18,128853.0,0.0297315545621754,0.006861463654786348,132684.0,129737.12017631019,0.0,128853.0,2946.8798236898147,8684100.695270114,1,1,3050
XGBoost,H1,600,2025-12-10,2025-12-11,128500.0,0.018715953307393,0.0003928005462512374,130905.0,128550.47487019328,0.0,128500.0,2354.525129806716,5543788.586891333,1,1,3057
XGBoost,H2,600,2025-12-10,2025-12-12,128500.0,0.0244747081712062,0.00116931670345366,131645.0,128650.2571963938,0.0,128500.0,2994.7428036062047,8968484.459751152,1,1,3056
XGBoost,H3,600,2025-12-10,2025-12-15,128500.0,0.0310583657587548,0.0023199967108666897,132491.0,128798.11957734637,0.0,128500.0,3692.8804226536304,13637365.816018457,1,1,3055
XGBoost,H4,600,2025-12-10,2025-12-16,128500.0,0.0321167315175097,0.00291622756049037,132627.0,128874.73524152301,0.0,128500.0,3752.2647584769875,14079490.817708366,1,1,3054
XGBoost,H5,600,2025-12-10,2025-12-17,128500.0,0.0359143968871595,0.0033326612319797277,133115.0,128928.2469683094,0.0,128500.0,4186.753031690605,17528900.94837047,1,1,3053
XGBoost,H6,600,2025-12-10,2025-12-18,128500.0,0.0325603112840466,0.005445733200758696,132684.0,129199.77671629749,0.0,128500.0,3484.2232837025076,12139811.890694685,1,1,3052
XGBoost,H7,600,2025-12-10,2025-12-19,128500.0,0.0305603112840466,0.006918512750416994,132427.0,129389.02888842858,0.0,128500.0,3037.9711115714163,9229268.474742467,1,1,3051
XGBoost,H1,601,2025-12-11,2025-12-12,130905.0,0.0056529544326038,0.0004585474671330303,131645.0,130965.02615618505,0.0,130905.0,679.9738438149507,462364.4282724789,1,1,3058
XGBoost,H2,601,2025-12-11,2025-12-15,130905.0,0.0121156563920399,0.0013656249502673745,132491.0,131083.76713411475,0.0,130905.0,1407.2328658852493,1980304.338827612,1,1,3057
XGBoost,H3,601,2025-12-11,2025-12-16,130905.0,0.0131545777472212,0.0022505733650177717,132627.0,131199.61130634765,0.0,130905.0,1427.3886936523486,2037438.4827665582,1,1,3056
XGBoost,H4,601,2025-12-11,2025-12-17,130905.0,0.0168824720216951,0.0029223724268376827,133115.0,131287.5531625352,0.0,130905.0,1827.4468374648131,3339561.9437601473,1,1,3055
XGBoost,H5,601,2025-12-11,2025-12-18,130905.0,0.013590008021084,0.0039003503043204546,132684.0,131415.57535658707,0.0,130905.0,1268.424643412931,1608901.076017221,1,1,3054
XGBoost,H6,601,2025-12-11,2025-12-19,130905.0,0.0116267522248958,0.005326446611434221,132427.0,131602.2584936698,0.0,130905.0,824.7415063302033,680198.5522638127,1,1,3053
XGBoost,H7,601,2025-12-11,2025-12-22,130905.0,0.0285168633742025,0.006915179081261158,134638.0,131810.2315176325,0.0,130905.0,2827.768482367508,7996274.58987104,1,1,3052
XGBoost,H1,602,2025-12-12,2025-12-15,131645.0,0.0064263739602719,0.0006307676085270941,132491.0,131728.03740182455,0.0,131645.0,762.9625981754507,582111.9262146342,1,1,3059
XGBoost,H2,602,2025-12-12,2025-12-16,131645.0,0.0074594553534126,0.001535452320240438,132627.0,131847.13462069805,0.0,131645.0,779.8653793019475,608190.0098337705,1,1,3058
XGBoost,H3,602,2025-12-12,2025-12-17,131645.0,0.011166394469976,0.002626026514917612,133115.0,131990.70326055633,0.0,131645.0,1124.296739443671,1264043.1583236698,1,1,3057
XGBoost,H4,602,2025-12-12,2025-12-18,131645.0,0.007892437996126,0.0030909159686416388,132684.0,132051.90363269183,0.0,131645.0,632.0963673081715,399545.8175641868,1,1,3056
XGBoost,H5,602,2025-12-12,2025-12-19,131645.0,0.0059402180105587,0.004083453211933374,132427.0,132182.56619808497,0.0,131645.0,244.43380191503093,59747.883518636576,1,1,3055
XGBoost,H6,602,2025-12-12,2025-12-22,131645.0,0.0227353868358084,0.005612967070192099,134638.0,132383.91904995544,0.0,131645.0,2254.080950044561,5080880.929353791,1,1,3054
XGBoost,H7,602,2025-12-12,2025-12-23,131645.0,0.0315545596110753,0.006710586603730917,135799.0,132528.41517344816,0.0,131645.0,3270.5848265518434,10696725.107671151,1,1,3053
XGBoost,H1,603,2025-12-15,2025-12-16,132491.0,0.0010264848178367,0.0006412188522517681,132627.0,132575.9557269537,0.0,132491.0,51.04427304631099,2605.517810826351,1,1,3060
XGBoost,H2,603,2025-12-15,2025-12-17,132491.0,0.0047097538700742,0.0016988440183922648,133115.0,132716.0815428408,0.0,132491.0,398.91845715919044,159135.93546226886,1,1,3059
XGBoost,H3,603,2025-12-15,2025-12-18,132491.0,0.0014567027194301,0.0027249103877693415,132684.0,132852.02610218595,0.0,132491.0,168.02610218594782,28232.77101580258,1,1,3058
XGBoost,H4,603,2025-12-15,2025-12-19,132491.0,-0.0004830516789819,0.0034755764063447714,132427.0,132951.48259365303,0.0,132491.0,524.4825936530251,275081.9910450042,-1,1,3057
XGBoost,H5,603,2025-12-15,2025-12-22,132491.0,0.0162048742933482,0.004369240719825029,134638.0,133069.88507221034,0.0,132491.0,1568.114927789662,2458984.426756777,1,1,3056
XGBoost,H6,603,2025-12-15,2025-12-23,132491.0,0.0249677336573805,0.005629737861454487,135799.0,133236.88959900197,0.0,132491.0,2562.1104009980336,6564409.706902305,1,1,3055
XGBoost,H7,603,2025-12-15,2025-12-24,132491.0,0.0272697768150289,0.0067636920139193535,136104.0,133387.1283186162,0.0,132491.0,2716.871681383811,7381391.733105296,1,1,3054
XGBoost,H1,604,2025-12-16,2025-12-17,132627.0,0.0036794921094498,0.000640874495729804,133115.0,132711.99726174516,0.0,132627.0,403.0027382548433,162411.20704090173,1,1,3061
XGBoost,H2,604,2025-12-16,2025-12-18,132627.0,0.0004297767422922,0.001724018482491374,132684.0,132855.65139927738,0.0,132627.0,171.65139927738346,29464.202873883718,1,1,3060
XGBoost,H3,604,2025-12-16,2025-12-19,132627.0,-0.0015079885694466,0.0028434707783162594,132427.0,133004.12099891575,0.0,132627.0,577.1209989157505,333068.64738951373,-1,1,3059
XGBoost,H4,604,2025-12-16,2025-12-22,132627.0,0.015162825065786,0.0036056714598089457,134638.0,133105.20938870008,0.0,132627.0,1532.790611299919,2349447.0580891795,1,1,3058
XGBoost,H5,604,2025-12-16,2025-12-23,132627.0,0.0239166987114238,0.004577758256345987,135799.0,133234.1343442644,0.0,132627.0,2564.8656557356007,6578535.831972013,1,1,3057
XGBoost,H6,604,2025-12-16,2025-12-24,132627.0,0.0262163812798299,0.005688989534974098,136104.0,133381.513615055,0.0,132627.0,2722.4863849449903,7411932.116210842,1,1,3056
XGBoost,H7,604,2025-12-16,2025-12-26,132627.0,0.0389211849774178,0.006762037985026836,137789.0,133523.82881184015,0.0,132627.0,4265.171188159846,18191685.26430887,1,1,3055
XGBoost,H1,605,2025-12-17,2025-12-18,133115.0,-0.0032378019006122,0.0006504603661596775,132684.0,133201.58603164135,0.0,133115.0,517.5860316413455,267895.3001502359,-1,1,3062
XGBoost,H2,605,2025-12-17,2025-12-19,133115.0,-0.0051684633587499,0.0017481144750490785,132427.0,133347.70025834616,0.0,133115.0,920.7002583461581,847688.9657186823,-1,1,3061
XGBoost,H3,605,2025-12-17,2025-12-22,133115.0,0.0114412350223491,0.002865725429728627,134638.0,133496.47104057833,0.0,133115.0,1141.5289594216738,1303088.3651983293,1,1,3060
XGBoost,H4,605,2025-12-17,2025-12-23,133115.0,0.0201630169402395,0.0036862629931420088,135799.0,133605.6968983321,0.0,133115.0,2193.3031016679015,4810578.495786037,1,1,3059
XGBoost,H5,605,2025-12-17,2025-12-24,133115.0,0.0224542688652669,0.004731636494398117,136104.0,133744.8517919518,0.0,133115.0,2359.1482080481946,5565580.267537008,1,1,3058
XGBoost,H6,605,2025-12-17,2025-12-26,133115.0,0.0351124967133682,0.00584295392036438,137789.0,133892.7848111093,0.0,133115.0,3896.2151888906956,15180492.798142558,1,1,3057
XGBoost,H7,605,2025-12-17,2025-12-29,133115.0,-0.0039063967246365,0.006915033794939518,132595.0,134035.49472361337,0.0,133115.0,1440.494723613374,2075025.0487579706,-1,1,3056
XGBoost,H1,606,2025-12-18,2025-12-19,132684.0,-0.0019369328630429,0.0006297550280578434,132427.0,132767.55841614283,0.0,132684.0,340.5584161428269,115980.03480571086,-1,1,3063
XGBoost,H2,606,2025-12-18,2025-12-22,132684.0,0.0147267191221247,0.0017607196932658553,134638.0,132917.6193317813,0.0,132684.0,1720.3806682187133,2959709.6435806663,1,1,3062
XGBoost,H3,606,2025-12-18,2025-12-23,132684.0,0.023476832172681,0.00291139236651361,135799.0,133070.2951847585,0.0,132684.0,2728.704815241508,7445829.9687221935,1,1,3061
XGBoost,H4,606,2025-12-18,2025-12-24,132684.0,0.0257755268155919,0.0037218844518065453,136104.0,133177.8345166035,0.0,132684.0,2926.1654833965003,8562444.436221074,1,1,3060
XGBoost,H5,606,2025-12-18,2025-12-26,132684.0,0.0384748726297066,0.004811830352991819,137789.0,133322.45289855637,0.0,132684.0,4466.547101443633,19950043.009414524,1,1,3059
XGBoost,H6,606,2025-12-18,2025-12-29,132684.0,-0.0006707666335051,0.00598025880753994,132595.0,133477.48465961963,0.0,132684.0,882.4846596196294,778779.1744639731,-1,1,3058
XGBoost,H7,606,2025-12-18,2025-12-30,132684.0,0.0097223478339514,0.007074517197906971,133974.0,133622.6752398871,0.0,132684.0,351.32476011291146,123429.08706839479,1,1,3057
XGBoost,H1,607,2025-12-19,2025-12-22,132427.0,0.0166959909988144,0.0006097769364714622,134638.0,132507.7509303661,0.0,132427.0,2130.2490696338937,4537961.09867607,1,1,3064
XGBoost,H2,607,2025-12-19,2025-12-23,132427.0,0.0254630853224795,0.0017279403982684016,135799.0,132655.8259631215,0.0,132427.0,3143.1740368785104,9879543.026107151,1,1,3063
XGBoost,H3,607,2025-12-19,2025-12-24,132427.0,0.0277662410233563,0.002839122200384736,136104.0,132802.97643563035,0.0,132427.0,3301.0235643696506,10896756.572523713,1,1,3062
XGBoost,H4,607,2025-12-19,2025-12-26,132427.0,0.0404902323544291,0.003661924274638295,137789.0,132911.93764591753,0.0,132427.0,4877.0623540824745,23785737.205608487,1,1,3061
XGBoost,H5,607,2025-12-19,2025-12-29,132427.0,0.0012686234680239,0.004804711323231459,132595.0,133063.27350640157,0.0,132427.0,468.2735064015724,219280.07679762345,1,1,3060
XGBoost,H6,607,2025-12-19,2025-12-30,132427.0,0.0116819077680534,0.006048488896340132,133974.0,133227.98323907563,0.0,132427.0,746.0167609243654,556541.0075800817,1,1,3059
XGBoost,H7,607,2025-12-19,2025-12-31,132427.0,0.0228578764149305,0.007119612768292427,135454.0,133369.82896006666,0.0,132427.0,2084.1710399333388,4343768.923696815,1,1,3058
XGBoost,H1,608,2025-12-22,2025-12-23,134638.0,0.0086231227439503,0.0006542798946611583,135799.0,134726.0909364574,0.0,134638.0,1072.909063542611,1151133.8586318824,1,1,3065
XGBoost,H2,608,2025-12-22,2025-12-24,134638.0,0.0108884564536015,0.0017324060900136828,136104.0,134871.24769114726,0.0,134638.0,1232.7523088527378,1519678.2549817557,1,1,3064
XGBoost,H3,608,2025-12-22,2025-12-26,134638.0,0.0234034967839689,0.0028444344643503428,137789.0,135020.9689674112,0.0,134638.0,2768.0310325887986,7661995.797374611,1,1,3063
XGBoost,H4,608,2025-12-22,2025-12-29,134638.0,-0.015174022192843,0.0036655727308243513,132595.0,135131.52538133273,0.0,134638.0,2536.525381332729,6433961.010145146,-1,1,3062
XGBoost,H5,608,2025-12-22,2025-12-30,134638.0,-0.0049317428957649,0.004887762013822794,133974.0,135296.07850201707,0.0,134638.0,1322.0785020170733,1747891.5654957085,-1,1,3061
XGBoost,H6,608,2025-12-22,2025-12-31,134638.0,0.0060606960887714,0.006069904658943415,135454.0,135455.23982347082,0.0,134638.0,1.2398234708234668,1.5371622388047477,1,1,3060
XGBoost,H7,608,2025-12-22,2026-01-01,134638.0,0.0084151576820807,0.007351071573793888,135771.0,135627.73357455246,0.0,134638.0,143.2664254475385,20525.268660515107,1,1,3059
XGBoost,H1,609,2025-12-23,2025-12-24,135799.0,0.0022459664651433,0.0006526162615045905,136104.0,135887.62463569606,0.0,135799.0,216.3753643039381,46818.29827766194,1,1,3066
XGBoost,H2,609,2025-12-23,2025-12-26,135799.0,0.0146540107070007,0.0017790666315704584,137789.0,136040.59546950064,0.0,135799.0,1748.4045304993633,3056918.402270699,1,1,3065
XGBoost,H3,609,2025-12-23,2025-12-29,135799.0,-0.0235936936207188,0.0029316332656890154,132595.0,136197.1128658473,0.0,135799.0,3602.1128658473026,12975217.098302668,-1,1,3064
XGBoost,H4,609,2025-12-23,2025-12-30,135799.0,-0.0134389796684806,0.003645475720986724,133974.0,136294.05195743428,0.0,135799.0,2320.051957434276,5382641.085194617,-1,1,3063
XGBoost,H5,609,2025-12-23,2025-12-31,135799.0,-0.0025405194441785,0.004939661826938391,135454.0,136469.8011364364,0.0,135799.0,1015.8011364364065,1031851.948785495,-1,1,3062
XGBoost,H6,609,2025-12-23,2026-01-01,135799.0,-0.0002061870853246,0.006098808255046606,135771.0,136627.21206222707,0.0,135799.0,856.2120622270741,733099.095503139,-1,1,3061
XGBoost,H7,609,2025-12-23,2026-01-02,135799.0,-4.418294685526458e-05,0.007455154322087765,135793.0,136811.4025017852,0.0,135799.0,1018.4025017851964,1037143.6556423468,-1,1,3060
